rv,ri
4.06300000000002, 110.81034328605462
4.064000000000021, 110.77067757086786
4.065000000000022, 110.73395185764015
4.066000000000022, 110.70007541662359
4.0670000000000215, 110.66895751807024
4.068000000000023, 110.64050743223227
4.069000000000023, 110.6146344293617
4.070000000000023, 110.59124777971077
4.071000000000024, 110.57025675353155
4.072000000000024, 110.55157062107612
4.073000000000024, 110.53509865259662
4.074000000000025, 110.52075011834516
4.075000000000025, 110.50843428857385
4.076000000000025, 110.49806043353482
4.077000000000026, 110.48953782348016
4.078000000000026, 110.48277572866203
4.079000000000026, 110.4776834193325
4.080000000000027, 110.47417016574371
4.081000000000027, 110.47214523814777
4.082000000000027, 110.47151790679678
4.083000000000028, 110.47219744194287
4.084000000000028, 110.47409311383814
4.085000000000028, 110.47711419273475
4.086000000000029, 110.48116994888471
4.087000000000029, 110.48616965254028
4.088000000000029, 110.49202257395349
4.08900000000003, 110.49863798337643
4.090000000000031, 110.50592515106128
4.0910000000000295, 110.51379334726008
4.092000000000031, 110.52215184222504
4.09300000000003, 110.5309099062082
4.094000000000031, 110.53997680946172
4.095000000000032, 110.54926182223768
4.096000000000032, 110.55867421478825
4.097000000000032, 110.56812325736546
4.098000000000033, 110.57751822022148
4.099000000000033, 110.5867683736084
4.1000000000000325, 110.59578298777838
4.101000000000034, 110.6044713329835
4.102000000000034, 110.61274267947586
4.103000000000034, 110.62050629750762
4.104000000000035, 110.62767145733082
4.105000000000035, 110.63414742919767
4.106000000000035, 110.63984348336022
4.107000000000036, 110.64466889007059
4.108000000000036, 110.64853291958094
4.109000000000036, 110.65134484214332
4.110000000000037, 110.65301392800993
4.111000000000037, 110.65344944743279
4.112000000000037, 110.65256067066406
4.113000000000038, 110.65025686795587
4.114000000000038, 110.6464473095603
4.115000000000038, 110.64104126572948
4.116000000000039, 110.63394955775954
4.117000000000039, 110.62518942956947
4.1180000000000385, 110.61495125845028
4.11900000000004, 110.60344131353513
4.12000000000004, 110.59086586395709
4.12100000000004, 110.57743117884931
4.122000000000041, 110.56334352734488
4.123000000000041, 110.54880917857696
4.124000000000041, 110.53403440167861
4.125000000000042, 110.51922546578298
4.126000000000042, 110.50458864002321
4.127000000000042, 110.49033019353237
4.128000000000043, 110.47665639544361
4.129000000000043, 110.46377351489004
4.130000000000043, 110.45188782100476
4.131000000000044, 110.44120558292093
4.132000000000044, 110.43193306977163
4.133000000000044, 110.42427655068997
4.134000000000045, 110.4184422948091
4.135000000000044, 110.41463656863993
4.136000000000045, 110.41299479720404
4.137000000000046, 110.41339684616707
4.138000000000046, 110.41566497285856
4.139000000000046, 110.41962143460827
4.140000000000047, 110.42508848874566
4.141000000000047, 110.43188839260043
4.142000000000047, 110.43984340350215
4.143000000000048, 110.44877577878039
4.144000000000048, 110.45850777576483
4.145000000000048, 110.46886165178503
4.146000000000049, 110.47965966417064
4.147000000000049, 110.49072407025123
4.148000000000049, 110.50187712735642
4.14900000000005, 110.5129410928158
4.15000000000005, 110.52373822395904
4.151000000000051, 110.53409077811567
4.152000000000051, 110.54382101261534
4.15300000000005, 110.55275118478767
4.154000000000052, 110.56070355196222
4.155000000000052, 110.56751817639167
4.156000000000052, 110.57318819881336
4.157000000000052, 110.57778478495678
4.158000000000053, 110.58137972205938
4.159000000000053, 110.58404479735862
4.160000000000053, 110.58585179809184
4.161000000000054, 110.58687251149647
4.162000000000054, 110.58717872480997
4.163000000000054, 110.5868422252697
4.164000000000055, 110.58593480011314
4.165000000000055, 110.5845282365776
4.166000000000055, 110.58269432190055
4.167000000000056, 110.58050484331942
4.168000000000056, 110.57803158807157
4.169000000000056, 110.57534634339444
4.170000000000057, 110.57252089652548
4.171000000000057, 110.56962703470201
4.172000000000057, 110.56673654516153
4.173000000000058, 110.56392121514139
4.174000000000058, 110.56125136657877
4.175000000000058, 110.5587589087182
4.176000000000059, 110.55643452305776
4.177000000000059, 110.55426686190157
4.178000000000059, 110.55224457755365
4.17900000000006, 110.5503563223181
4.180000000000059, 110.54859074849907
4.1810000000000604, 110.54693650840058
4.182000000000061, 110.54538225432677
4.183000000000061, 110.54391663858166
4.1840000000000614, 110.5425283134694
4.185000000000062, 110.54120593129409
4.186000000000062, 110.53993814435977
4.1870000000000624, 110.53871360497055
4.188000000000063, 110.53752096543049
4.189000000000063, 110.53634887804373
4.1900000000000635, 110.53518599511435
4.191000000000064, 110.5340209689464
4.192000000000064, 110.53284245184398
4.1930000000000645, 110.53163909611116
4.194000000000065, 110.5303995540521
4.195000000000065, 110.52911247797083
4.1960000000000655, 110.52776652017147
4.197000000000066, 110.52635033295806
4.198000000000066, 110.52485256863473
4.1990000000000665, 110.52326187950558
4.200000000000067, 110.52156691787464
4.201000000000068, 110.51975633604602
4.202000000000068, 110.51781878632386
4.203000000000068, 110.5157429210122
4.204000000000068, 110.51351739241514
4.2050000000000685, 110.51113085283677
4.206000000000069, 110.50857195458116
4.207000000000069, 110.50582934995242
4.2080000000000695, 110.50289169125465
4.20900000000007, 110.4997476307919
4.21000000000007, 110.4963858208683
4.2110000000000705, 110.49279491378786
4.212000000000072, 110.48896356185479
4.213000000000071, 110.48488710756176
4.2140000000000715, 110.48059585304662
4.215000000000073, 110.47613148186565
4.216000000000072, 110.47153568374047
4.217000000000072, 110.4668501483929
4.218000000000073, 110.46211656554453
4.219000000000072, 110.45737662491717
4.2200000000000735, 110.45267201623246
4.221000000000074, 110.44804442921209
4.222000000000073, 110.44353555357783
4.2230000000000745, 110.43918707905135
4.224000000000075, 110.43504069535436
4.225000000000075, 110.43113809220854
4.2260000000000755, 110.42752095933562
4.227000000000076, 110.4242309864573
4.228000000000076, 110.42130986329532
4.2290000000000765, 110.41879927957132
4.230000000000077, 110.41674092500705
4.231000000000077, 110.4151764893242
4.2320000000000775, 110.41414496139252
4.233000000000078, 110.41364942734475
4.234000000000079, 110.41366747435188
4.235000000000078, 110.41417614616034
4.236000000000079, 110.41515248651648
4.237000000000079, 110.41657353916678
4.2380000000000795, 110.41841634785762
4.23900000000008, 110.4206579563354
4.24000000000008, 110.4232754083466
4.2410000000000805, 110.42624574763755
4.242000000000081, 110.42954601795472
4.243000000000082, 110.43315326304447
4.2440000000000815, 110.43704452665328
4.245000000000082, 110.44119685252751
4.246000000000082, 110.44558728441363
4.2470000000000825, 110.450192866058
4.248000000000083, 110.45499064120706
4.249000000000083, 110.4599576536072
4.2500000000000835, 110.46507094700486
4.251000000000084, 110.47030756514644
4.252000000000084, 110.47564455177839
4.2530000000000845, 110.48105895064704
4.254000000000085, 110.48652780549887
4.255000000000085, 110.49202816008031
4.2560000000000855, 110.49753705813765
4.257000000000086, 110.50303154341748
4.258000000000086, 110.50848865966611
4.2590000000000865, 110.51388545062996
4.260000000000086, 110.51919896005546
4.261000000000087, 110.52440623168901
4.2620000000000875, 110.52948430927705
4.263000000000088, 110.53441023656596
4.264000000000088, 110.5391610573022
4.2650000000000885, 110.54371381523211
4.266000000000089, 110.54804555410217
4.267000000000089, 110.55213331765877
4.2680000000000895, 110.5559541496483
4.26900000000009, 110.55948509381723
4.27000000000009, 110.5627031959081
4.2710000000000905, 110.56559293249965
4.272000000000091, 110.56816297341466
4.273000000000091, 110.5704269038492
4.2740000000000915, 110.57239830899941
4.275000000000092, 110.57409077406143
4.276000000000092, 110.5755178842314
4.2770000000000925, 110.5766932247055
4.278000000000093, 110.57763038067978
4.279000000000093, 110.57834293735047
4.280000000000094, 110.57884447991364
4.281000000000094, 110.57914859356544
4.282000000000094, 110.57926886350201
4.2830000000000945, 110.57921887491949
4.284000000000095, 110.57901221301402
4.285000000000096, 110.57866246298171
4.2860000000000955, 110.57818321001875
4.287000000000096, 110.57758803932123
4.288000000000096, 110.5768905360853
4.2890000000000965, 110.5761042855071
4.290000000000097, 110.57524287278275
4.291000000000097, 110.5743198831084
4.2920000000000975, 110.5733489016802
4.293000000000098, 110.57234351369428
4.294000000000098, 110.57131730434678
4.2950000000000985, 110.57028385883379
4.296000000000099, 110.5692567623515
4.297000000000099, 110.56824960009601
4.2980000000000995, 110.56727595726348
4.2990000000001, 110.56634941905004
4.3000000000001, 110.56548357065185
4.3010000000001005, 110.56469199726502
4.302000000000101, 110.56398828408567
4.303000000000101, 110.56338601630998
4.3040000000001015, 110.56289877913403
4.305000000000103, 110.56254015775403
4.306000000000102, 110.56232373736606
4.3070000000001025, 110.56226310316629
4.308000000000103, 110.5623718403508
4.309000000000103, 110.56266289177177
4.310000000000103, 110.56313492529246
4.311000000000104, 110.56377260558543
4.312000000000104, 110.56456000934502
4.3130000000001045, 110.56548121326574
4.314000000000105, 110.566520294042
4.315000000000106, 110.56766132836823
4.3160000000001055, 110.5688883929389
4.317000000000106, 110.5701855644484
4.318000000000106, 110.5715369195912
4.3190000000001065, 110.5729265350617
4.320000000000107, 110.57433848755436
4.321000000000107, 110.57575685376364
4.3220000000001075, 110.57716571038391
4.323000000000108, 110.57854913410966
4.324000000000108, 110.57989120163529
4.3250000000001085, 110.58117598965526
4.326000000000109, 110.582387574864
4.327000000000108, 110.58351003395595
4.3280000000001095, 110.58452744362552
4.32900000000011, 110.58542388056718
4.33000000000011, 110.58618342147531
4.3310000000001105, 110.58679014304442
4.332000000000111, 110.58722812196886
4.333000000000111, 110.58748143494317
4.3340000000001115, 110.58753415866168
4.335000000000112, 110.5873703698189
4.336000000000112, 110.58697414510922
4.3370000000001125, 110.58632956122707
4.338000000000113, 110.58542069486695
4.339000000000113, 110.58423162272325
4.3400000000001135, 110.58274642149038
4.341000000000114, 110.58094916786283
4.342000000000114, 110.57882393853498
4.3430000000001145, 110.57635481020131
4.344000000000115, 110.57352585955626
4.345000000000115, 110.57032116329418
4.3460000000001155, 110.56672479810962
4.347000000000116, 110.56272084069694
4.348000000000116, 110.55830584371532
4.3490000000001166, 110.55353509297466
4.350000000000117, 110.54848114199694
4.351000000000117, 110.54321654665344
4.3520000000001176, 110.53781386281534
4.353000000000118, 110.53234564635389
4.354000000000118, 110.52688445314033
4.3550000000001186, 110.52150283904585
4.356000000000119, 110.51627335994174
4.357000000000119, 110.51126857169915
4.35800000000012, 110.50656103018933
4.35900000000012, 110.50222329128354
4.36000000000012, 110.49832791085302
4.361000000000121, 110.49494744476891
4.362000000000121, 110.49215444890253
4.363000000000121, 110.49002147912506
4.364000000000122, 110.48862109130773
4.365000000000122, 110.48802584132181
4.366000000000122, 110.48830828503847
4.367000000000123, 110.48953217636351
4.368000000000123, 110.49165832523569
4.369000000000123, 110.49458083000546
4.370000000000124, 110.49819266378317
4.371000000000124, 110.50238679967926
4.372000000000124, 110.50705621080405
4.373000000000125, 110.51209387026803
4.374000000000125, 110.51739275118146
4.375000000000125, 110.52284582665487
4.376000000000126, 110.52834606979859
4.377000000000126, 110.53378645372301
4.378000000000126, 110.53905995153852
4.379000000000127, 110.54405953635552
4.380000000000127, 110.54867818128439
4.381000000000127, 110.55280885943553
4.382000000000128, 110.55634454391934
4.383000000000128, 110.55917820784623
4.384000000000128, 110.56120282432653
4.385000000000129, 110.56231136647072
4.386000000000129, 110.56239884161482
4.387000000000129, 110.56144724549537
4.38800000000013, 110.55955637520499
4.38900000000013, 110.55683440282456
4.39000000000013, 110.5533895004349
4.391000000000131, 110.54932984011701
4.392000000000131, 110.54476359395174
4.393000000000131, 110.53979893402001
4.394000000000132, 110.53454403240269
4.395000000000132, 110.52910706118067
4.396000000000132, 110.52359619243487
4.397000000000133, 110.51811959824619
4.398000000000133, 110.51278545069549
4.399000000000133, 110.5077019218637
4.400000000000134, 110.5029771838317
4.401000000000134, 110.49871940868037
4.402000000000134, 110.49503676849066
4.403000000000135, 110.49203743534342
4.404000000000135, 110.48982958131955
4.405000000000136, 110.48852134412388
4.406000000000136, 110.48817925007637
4.407000000000136, 110.48874741408696
4.408000000000136, 110.49014755432798
4.409000000000137, 110.49230138897171
4.410000000000137, 110.49513063619057
4.411000000000137, 110.49855701415682
4.412000000000137, 110.50250224104283
4.413000000000138, 110.50688803502094
4.414000000000138, 110.51163611426344
4.415000000000139, 110.51666819694269
4.416000000000138, 110.52190600123102
4.417000000000138, 110.52727124530075
4.41800000000014, 110.53268564732424
4.419000000000139, 110.5380709254738
4.42000000000014, 110.54334879792175
4.42100000000014, 110.54844098284045
4.422000000000141, 110.55326919840219
4.423000000000141, 110.55775516277936
4.424000000000142, 110.56182059414425
4.425000000000141, 110.56539627573889
4.426000000000142, 110.56847532464431
4.427000000000143, 110.57107707052465
4.428000000000143, 110.57322093390498
4.429000000000143, 110.57492633531031
4.430000000000144, 110.57621269526572
4.431000000000144, 110.57709943429626
4.432000000000144, 110.57760597292695
4.433000000000145, 110.57775173168282
4.434000000000145, 110.57755613108898
4.435000000000145, 110.57703859167043
4.436000000000146, 110.57621853395223
4.437000000000146, 110.57511537845939
4.438000000000146, 110.57374854571702
4.439000000000147, 110.57213745625012
4.440000000000147, 110.57030153058375
4.441000000000148, 110.56826018924296
4.442000000000148, 110.56603285275281
4.443000000000148, 110.56363894163832
4.444000000000148, 110.5610973774171
4.445000000000149, 110.55841758003714
4.446000000000149, 110.55560045089436
4.447000000000149, 110.55264658971628
4.44800000000015, 110.54955659623035
4.44900000000015, 110.54633107016407
4.45000000000015, 110.54297061124494
4.451000000000151, 110.53947581920045
4.452000000000151, 110.53584729375802
4.453000000000151, 110.53208563464523
4.454000000000152, 110.52819144158948
4.455000000000152, 110.5241653143183
4.456000000000152, 110.52000785255913
4.457000000000153, 110.51571965603951
4.458000000000153, 110.51130132448691
4.459000000000153, 110.50675345762878
4.460000000000154, 110.50207665519261
4.461000000000155, 110.49727151690593
4.462000000000154, 110.49233864249621
4.463000000000154, 110.48727874859156
4.464000000000155, 110.48210526159887
4.465000000000156, 110.4768555556315
4.466000000000156, 110.47156965615595
4.467000000000156, 110.46628758863889
4.468000000000156, 110.46104937854686
4.469000000000157, 110.45589505134646
4.470000000000157, 110.45086463250436
4.471000000000157, 110.44599814748706
4.472000000000158, 110.44133562176121
4.473000000000158, 110.43691708079339
4.474000000000157, 110.43278255005018
4.475000000000159, 110.42897205499821
4.476000000000159, 110.42552562110406
4.477000000000159, 110.42248327383433
4.47800000000016, 110.4198850386556
4.47900000000016, 110.41777094103446
4.48000000000016, 110.41618100643754
4.481000000000161, 110.4151552603314
4.482000000000161, 110.41473372818268
4.483000000000161, 110.41494434121213
4.484000000000162, 110.41576370217955
4.485000000000162, 110.41715479939285
4.486000000000162, 110.41908062106137
4.487000000000163, 110.42150415539439
4.488000000000163, 110.42438839060121
4.489000000000163, 110.42769631489107
4.490000000000164, 110.43139091647333
4.491000000000164, 110.43543518355723
4.492000000000164, 110.43979210435205
4.493000000000165, 110.44442466706712
4.494000000000165, 110.44929585991164
4.495000000000165, 110.45436867109503
4.496000000000166, 110.45960608882646
4.497000000000165, 110.4649711013153
4.498000000000166, 110.47042669677076
4.499000000000167, 110.47593586340217
4.500000000000167, 110.48146158941881
4.501000000000167, 110.48696686303003
4.502000000000168, 110.4924162713418
4.503000000000167, 110.49779093822565
4.504000000000168, 110.50308175719415
4.505000000000169, 110.50827974856843
4.506000000000169, 110.51337593266949
4.507000000000169, 110.51836132981843
4.50800000000017, 110.52322696033627
4.50900000000017, 110.52796384454406
4.51000000000017, 110.53256300276288
4.511000000000171, 110.53701545531376
4.512000000000171, 110.54131222251779
4.513000000000171, 110.54544432469598
4.514000000000172, 110.54940278216944
4.515000000000173, 110.55317861525916
4.516000000000172, 110.55676284428625
4.517000000000173, 110.56014648957172
4.518000000000173, 110.56332057143666
4.519000000000173, 110.56627611020214
4.520000000000174, 110.56900412618916
4.521000000000174, 110.57149563971882
4.522000000000174, 110.57374167111212
4.523000000000174, 110.5757332406902
4.524000000000175, 110.57746136877404
4.525000000000175, 110.57891707568474
4.526000000000176, 110.58009138174333
4.527000000000176, 110.58097530727089
4.528000000000176, 110.58155987258843
4.529000000000177, 110.58183609801705
4.530000000000177, 110.58179500387777
4.531000000000178, 110.58142761049167
4.532000000000178, 110.5807249381798
4.533000000000178, 110.57967800726323
4.534000000000178, 110.578277838063
4.535000000000179, 110.57651545090015
4.536000000000179, 110.57438186609573
4.5370000000001784, 110.57186810397083
4.53800000000018, 110.56896518484649
4.539000000000181, 110.56566412904375
4.5400000000001794, 110.56195598919841
4.541000000000181, 110.55784984615704
4.542000000000181, 110.5534027672318
4.543000000000181, 110.54867971610125
4.544000000000182, 110.54374565644397
4.545000000000182, 110.5386655519386
4.546000000000182, 110.53350436626368
4.547000000000183, 110.52832706309786
4.548000000000183, 110.52319860611965
4.549000000000183, 110.51818395900764
4.550000000000184, 110.51334808544048
4.551000000000184, 110.50875594909671
4.552000000000184, 110.50447251365492
4.553000000000185, 110.50056274279369
4.554000000000185, 110.49709160019161
4.555000000000185, 110.49412404952729
4.556000000000186, 110.4917250544793
4.557000000000186, 110.48995957872623
4.558000000000186, 110.48889258594664
4.559000000000187, 110.48858903981915
4.560000000000187, 110.48909952764699
4.561000000000187, 110.49038590578624
4.562000000000188, 110.49237621209522
4.563000000000187, 110.49499841781532
4.564000000000188, 110.49818049418788
4.565000000000189, 110.50185041245432
4.566000000000189, 110.50593614385602
4.567000000000189, 110.51036565963429
4.56800000000019, 110.51506693103056
4.56900000000019, 110.51996792928622
4.57000000000019, 110.52499662564263
4.571000000000191, 110.53008099134115
4.572000000000191, 110.5351489976232
4.573000000000191, 110.54012861573008
4.574000000000192, 110.54494781690326
4.575000000000192, 110.54953457238408
4.576000000000192, 110.5538168534139
4.577000000000194, 110.55772263123413
4.578000000000193, 110.56117987708609
4.579000000000193, 110.56411959742633
4.580000000000194, 110.56652276420833
4.581000000000195, 110.56841128132189
4.582000000000194, 110.569808258606
4.583000000000194, 110.5707368058997
4.584000000000195, 110.571220033042
4.585000000000195, 110.57128104987191
4.586000000000197, 110.57094296622846
4.587000000000196, 110.57022889195062
4.588000000000196, 110.56916193687748
4.589000000000196, 110.56776521084798
4.590000000000197, 110.5660618237012
4.591000000000197, 110.56407488527614
4.592000000000198, 110.56182750541183
4.593000000000198, 110.55934279394724
4.594000000000198, 110.55664386072144
4.5950000000002, 110.55375381557343
4.596000000000199, 110.5506957683422
4.597000000000199, 110.5474928288668
4.598000000000201, 110.54416810698623
4.5990000000002, 110.54074471253955
4.6000000000002, 110.53724575536572
4.601000000000201, 110.53369434530377
4.6020000000002, 110.53011359219273
4.603000000000201, 110.52652660587162
4.604000000000202, 110.52295649617945
4.605000000000202, 110.51942637295527
4.606000000000202, 110.51595934603803
4.607000000000203, 110.5125785252668
4.608000000000203, 110.50930702048055
4.609000000000204, 110.50616794151836
4.610000000000204, 110.50318439821922
4.611000000000204, 110.50037950042214
4.612000000000204, 110.49777635796613
4.613000000000205, 110.49539808069024
4.614000000000205, 110.49326777843343
4.615000000000205, 110.49140856103479
4.616000000000206, 110.4898435383333
4.617000000000206, 110.48859582014796
4.618000000000206, 110.48768199419314
4.619000000000206, 110.48709368782283
4.620000000000207, 110.48681655822303
4.621000000000208, 110.48683626257973
4.622000000000208, 110.48713845807893
4.623000000000208, 110.4877088019066
4.624000000000209, 110.48853295124877
4.625000000000209, 110.48959656329143
4.626000000000209, 110.49088529522056
4.627000000000209, 110.49238480422214
4.62800000000021, 110.49408074748216
4.62900000000021, 110.49595878218665
4.63000000000021, 110.49800456552158
4.631000000000211, 110.50020375467295
4.632000000000211, 110.50254200682673
4.633000000000211, 110.50500497916893
4.634000000000212, 110.50757832888557
4.635000000000212, 110.51024771316261
4.636000000000212, 110.51299878918606
4.637000000000213, 110.51581721414188
4.638000000000213, 110.51868864521609
4.6390000000002125, 110.5215987395947
4.640000000000214, 110.52453315446365
4.641000000000214, 110.52747754700898
4.642000000000214, 110.53041757441669
4.643000000000215, 110.53333889387274
4.644000000000215, 110.53622716256315
4.645000000000215, 110.53906803767386
4.646000000000216, 110.54184717639095
4.647000000000216, 110.54455023590032
4.648000000000216, 110.54716287338805
4.649000000000217, 110.54967074604006
4.650000000000217, 110.55205951104239
4.651000000000217, 110.55431482558102
4.652000000000218, 110.55642234684193
4.653000000000218, 110.55836773201113
4.654000000000218, 110.5601366382746
4.655000000000219, 110.56171472281835
4.656000000000219, 110.56308803798416
4.6570000000002185, 110.56425408582932
4.65800000000022, 110.5652233072808
4.659000000000219, 110.56600683764869
4.66000000000022, 110.56661581224299
4.661000000000221, 110.56706136637378
4.662000000000221, 110.56735463535108
4.6630000000002205, 110.56750675448498
4.664000000000222, 110.56752885908551
4.665000000000222, 110.56743208446272
4.666000000000222, 110.56722756592669
4.667000000000223, 110.56692643878746
4.668000000000223, 110.56653983835504
4.669000000000223, 110.56607889993953
4.670000000000223, 110.56555475885098
4.671000000000224, 110.56497855039942
4.672000000000224, 110.56436140989493
4.673000000000224, 110.56371447264752
4.674000000000225, 110.56304887396729
4.675000000000225, 110.56237574871541
4.676000000000226, 110.56170609232608
4.677000000000226, 110.56105056394458
4.678000000000226, 110.56041977303185
4.679000000000226, 110.55982432904894
4.680000000000227, 110.55927484145676
4.681000000000227, 110.55878191971635
4.682000000000228, 110.5583561732887
4.683000000000228, 110.55800821163476
4.684000000000228, 110.55774864421554
4.685000000000229, 110.557588080492
4.686000000000229, 110.55753712992515
4.687000000000229, 110.55760640197599
4.68800000000023, 110.55780650610546
4.689000000000231, 110.55814805177458
4.690000000000231, 110.55864164844432
4.691000000000231, 110.55929790557568
4.692000000000231, 110.56012743262961
4.693000000000231, 110.56114083906712
4.694000000000232, 110.5623487343492
4.695000000000232, 110.56375414657106
4.696000000000232, 110.56531802897554
4.697000000000233, 110.56698682204171
4.698000000000233, 110.56870695261554
4.699000000000233, 110.57042484754308
4.700000000000234, 110.57208693367029
4.701000000000234, 110.57363963784324
4.702000000000235, 110.57502938690787
4.703000000000236, 110.5762026077102
4.704000000000235, 110.57710572709627
4.705000000000235, 110.57768517191208
4.706000000000236, 110.57788736900359
4.707000000000236, 110.5776587452169
4.708000000000236, 110.5769457273979
4.709000000000237, 110.57569474239264
4.710000000000237, 110.57385221704719
4.7110000000002366, 110.57136457820751
4.712000000000237, 110.56817825271958
4.713000000000238, 110.56423966742945
4.714000000000238, 110.55950032170307
4.715000000000238, 110.55398446354774
4.716000000000239, 110.54777077382643
4.7170000000002394, 110.54093924589097
4.71800000000024, 110.5335698730932
4.719000000000241, 110.52574264878496
4.7200000000002404, 110.51753756631808
4.721000000000241, 110.50903461904437
4.722000000000241, 110.5003138003157
4.723000000000242, 110.4914551034839
4.724000000000242, 110.48253852190076
4.725000000000242, 110.47364404891816
4.7260000000002425, 110.46485167788792
4.727000000000243, 110.45624140216191
4.728000000000243, 110.44789321509187
4.7290000000002435, 110.43988711002969
4.730000000000244, 110.43230308032724
4.731000000000243, 110.42522111933629
4.7320000000002445, 110.4187212204087
4.733000000000245, 110.41288278384465
4.734000000000245, 110.40774875803247
4.7350000000002455, 110.40330508558623
4.736000000000246, 110.39953274585886
4.737000000000246, 110.39641271820335
4.7380000000002465, 110.39392598197266
4.739000000000248, 110.39205351651975
4.740000000000247, 110.39077630119759
4.7410000000002475, 110.39007531535913
4.742000000000248, 110.38993153835739
4.743000000000248, 110.39032594954529
4.7440000000002485, 110.3912395282758
4.745000000000249, 110.39265325390191
4.746000000000249, 110.39454810577658
4.7470000000002495, 110.39690506325277
4.74800000000025, 110.39970510568344
4.74900000000025, 110.40292921242158
4.7500000000002505, 110.40655836282014
4.751000000000251, 110.41057353623208
4.752000000000251, 110.41495571108211
4.7530000000002515, 110.41967687285829
4.754000000000252, 110.42467796076858
4.755000000000253, 110.42989321914764
4.7560000000002525, 110.43525689233022
4.757000000000254, 110.44070322465103
4.758000000000253, 110.44616646044477
4.7590000000002535, 110.4515808440462
4.760000000000254, 110.45688061979003
4.761000000000254, 110.46200003201096
4.762000000000255, 110.46687332504374
4.763000000000254, 110.47143474322303
4.764000000000255, 110.47561853088361
4.765000000000255, 110.4793589323602
4.766000000000256, 110.48259019198747
4.767000000000256, 110.48524655410019
4.7680000000002565, 110.48726226303303
4.769000000000257, 110.48857156312079
4.770000000000257, 110.4891086986981
4.7710000000002575, 110.48880791409975
4.772000000000258, 110.48761572443092
4.773000000000258, 110.48557912662996
4.7740000000002585, 110.48279429343823
4.775000000000259, 110.47935773345921
4.776000000000258, 110.47536595529628
4.7770000000002595, 110.47091546755291
4.77800000000026, 110.46610277883248
4.77900000000026, 110.46102439773841
4.7800000000002605, 110.4557768328742
4.781000000000262, 110.45045659284318
4.782000000000261, 110.4451601862488
4.7830000000002615, 110.43998412169447
4.784000000000262, 110.43502490778363
4.785000000000262, 110.43037905311971
4.7860000000002625, 110.42614306630611
4.787000000000263, 110.42241345594626
4.788000000000263, 110.41928673064359
4.789000000000264, 110.4168593990015
4.790000000000264, 110.41522796962342
4.791000000000264, 110.41448567724308
4.7920000000002645, 110.41464589777783
4.793000000000265, 110.41563952982673
4.794000000000265, 110.41739367424768
4.795000000000266, 110.4198354318985
4.796000000000266, 110.4228919036372
4.797000000000266, 110.42649019032163
4.7980000000002665, 110.43055739280965
4.799000000000268, 110.43502061195925
4.800000000000267, 110.43980694862827
4.8010000000002675, 110.44484350367462
4.802000000000268, 110.45005737795623
4.803000000000268, 110.45537567233096
4.8040000000002685, 110.46072548765673
4.805000000000269, 110.46603392479145
4.806000000000269, 110.47122808459306
4.80700000000027, 110.47623506791936
4.80800000000027, 110.48098197562834
4.80900000000027, 110.48539590857789
4.8100000000002705, 110.4894040892384
4.811000000000271, 110.49295740851915
4.812000000000271, 110.49605856276872
4.8130000000002715, 110.49871710524737
4.814000000000272, 110.50094258921531
4.815000000000272, 110.50274456793282
4.8160000000002725, 110.5041325946601
4.817000000000272, 110.50511622265742
4.818000000000274, 110.50570500518502
4.819000000000274, 110.5059084955031
4.820000000000273, 110.50573624687198
4.821000000000274, 110.50519781255181
4.8220000000002745, 110.50430274580289
4.823000000000275, 110.50306059988542
4.824000000000275, 110.50148092805966
4.825000000000275, 110.49957328358587
4.826000000000276, 110.49734721972426
4.827000000000276, 110.49481228973507
4.8280000000002765, 110.49197804687856
4.829000000000277, 110.48885404441496
4.830000000000278, 110.48545316219625
4.831000000000278, 110.48180490295667
4.832000000000278, 110.47794395110368
4.833000000000277, 110.47390499273845
4.8340000000002785, 110.46972271396208
4.835000000000279, 110.46543180087573
4.836000000000279, 110.46106693958053
4.8370000000002795, 110.45666281617761
4.83800000000028, 110.4522541167681
4.83900000000028, 110.44787552745325
4.8400000000002805, 110.44356173433401
4.841000000000281, 110.43934742351166
4.842000000000281, 110.43526728108726
4.8430000000002815, 110.431355993162
4.844000000000282, 110.42764824583699
4.845000000000282, 110.42417872521337
4.8460000000002825, 110.4209821173923
4.847000000000283, 110.41809310847488
4.848000000000283, 110.41554638456225
4.8490000000002835, 110.41337397670375
4.850000000000284, 110.4115745246136
4.851000000000284, 110.41012386156596
4.8520000000002845, 110.40899737969929
4.853000000000286, 110.40817047115186
4.854000000000285, 110.40761852806207
4.8550000000002855, 110.4073169425683
4.856000000000286, 110.40724110680887
4.857000000000286, 110.40736641292217
4.858000000000287, 110.40766825304655
4.859000000000287, 110.40812201932037
4.860000000000287, 110.408703103882
4.8610000000002875, 110.4093868988698
4.862000000000288, 110.41014879642213
4.863000000000288, 110.41096418867735
4.864000000000289, 110.41180846777382
4.865000000000289, 110.41265702584991
4.866000000000289, 110.41348525504398
4.8670000000002895, 110.41426854749439
4.86800000000029, 110.41498250925142
4.869000000000289, 110.415613114203
4.8700000000002905, 110.41616112875387
4.871000000000291, 110.41662845334787
4.872000000000291, 110.41701698842883
4.873000000000291, 110.41732863444058
4.874000000000292, 110.41756529182699
4.875000000000292, 110.41772886103188
4.8760000000002925, 110.41782124249907
4.877000000000293, 110.4178443366724
4.878000000000293, 110.41780004399577
4.8790000000002935, 110.41769026491295
4.880000000000294, 110.4175168998678
4.881000000000294, 110.41728184930415
4.882000000000295, 110.41698701366587
4.883000000000294, 110.41663429339678
4.884000000000295, 110.4162255889407
4.8850000000002956, 110.4157628007415
4.886000000000296, 110.415247829243
4.887000000000296, 110.41468257636456
4.8880000000002966, 110.41407214216518
4.889000000000297, 110.41343159576908
4.890000000000297, 110.41277794326251
4.891000000000298, 110.41212819073178
4.892000000000298, 110.41149934426312
4.893000000000298, 110.4109084099429
4.894000000000299, 110.41037239385736
4.895000000000299, 110.40990830209275
4.896000000000299, 110.40953314073539
4.8970000000003, 110.40926391587155
4.8980000000003, 110.40911763358753
4.8990000000003, 110.40911129996962
4.900000000000301, 110.40926192110409
4.901000000000301, 110.40958650307721
4.902000000000301, 110.41010205197527
4.903000000000302, 110.41082557388458
4.904000000000302, 110.4117740748914
4.905000000000301, 110.41296456108202
4.906000000000303, 110.41441403854272
4.907000000000304, 110.41613734935471
4.908000000000303, 110.4181334901553
4.909000000000304, 110.42039441307276
4.910000000000304, 110.4229120382197
4.911000000000304, 110.42567828570873
4.912000000000305, 110.42868507565247
4.913000000000305, 110.4319243281635
4.914000000000305, 110.43538796335443
4.9150000000003065, 110.43906790133784
4.916000000000306, 110.44295606222636
4.917000000000306, 110.44704436613262
4.918000000000307, 110.45132473316917
4.919000000000307, 110.45578908344864
4.920000000000307, 110.46042933708365
4.921000000000308, 110.46523741418676
4.922000000000308, 110.4702052348706
4.923000000000308, 110.47532471924777
4.924000000000309, 110.48058778743086
4.925000000000309, 110.48598635953249
4.926000000000309, 110.49151144356809
4.9270000000003105, 110.49713509647763
4.92800000000031, 110.50281148626958
4.92900000000031, 110.50849408150566
4.930000000000311, 110.51413635074765
4.931000000000311, 110.51969176255722
4.932000000000311, 110.52511378549615
4.933000000000311, 110.53035588812611
4.934000000000312, 110.53537153900885
4.935000000000312, 110.54011420670612
4.936000000000313, 110.5445373597796
4.937000000000313, 110.54859446679106
4.938000000000313, 110.55223899630224
4.939000000000314, 110.55542441687477
4.940000000000314, 110.55810419707049
4.941000000000314, 110.56023180545108
4.942000000000315, 110.56176071057823
4.943000000000314, 110.56264438101374
4.944000000000315, 110.56283628531928
4.945000000000316, 110.56229016619932
4.946000000000316, 110.56099598266434
4.947000000000316, 110.55901573152092
4.948000000000317, 110.55641992860627
4.949000000000317, 110.55327908975786
4.950000000000317, 110.54966373081297
4.951000000000317, 110.5456443676089
4.952000000000318, 110.541291515983
4.953000000000318, 110.53667569177266
4.954000000000319, 110.53186741081518
4.955000000000319, 110.52693718894791
4.956000000000319, 110.52195554200819
4.95700000000032, 110.51699298583333
4.95800000000032, 110.51212003626065
4.95900000000032, 110.50740720912755
4.960000000000321, 110.5029250202713
4.961000000000321, 110.4987439855293
4.962000000000321, 110.49493462073883
4.963000000000322, 110.49156744173727
4.964000000000322, 110.48871296436192
4.965000000000322, 110.48642781441788
4.966000000000323, 110.48470606632318
4.967000000000323, 110.48352419435464
4.968000000000323, 110.4828586718251
4.969000000000324, 110.48268597204735
4.970000000000325, 110.4829825683343
4.971000000000325, 110.48372493399877
4.972000000000325, 110.48488954235356
4.973000000000324, 110.48645286671159
4.974000000000325, 110.48839138038565
4.975000000000326, 110.49068155668857
4.976000000000326, 110.49329986893328
4.977000000000326, 110.49622279043255
4.978000000000327, 110.49942679449921
4.979000000000328, 110.50288835444618
4.980000000000327, 110.50658394358624
4.981000000000328, 110.51049003523227
4.982000000000328, 110.5145831026971
4.983000000000328, 110.51883961929353
4.984000000000329, 110.52323605833445
4.98500000000033, 110.52774889313272
4.986000000000328, 110.5323545970012
4.98700000000033, 110.53702964325264
4.98800000000033, 110.54175050519997
4.98900000000033, 110.54649365615599
4.990000000000331, 110.55123556943357
4.99100000000033, 110.55595271834555
4.992000000000331, 110.56062157620474
4.993000000000332, 110.56521861632402
4.994000000000332, 110.56972031201622
4.995000000000332, 110.57410313659422
4.996000000000333, 110.57834356337078
4.997000000000332, 110.58241806565881
4.998000000000333, 110.58630311677118
4.999000000000333, 110.58997519002065
5.000000000000334, 110.59341075872013
5.001000000000335, 110.59658629618244
5.002000000000335, 110.5994782757204
5.003000000000336, 110.60206317064691
5.004000000000335, 110.60431745427478
5.005000000000336, 110.60621759991685
5.006000000000336, 110.60774008088597
5.007000000000336, 110.60886137049499
5.008000000000337, 110.60955794205675
5.009000000000337, 110.60980626888409
5.010000000000337, 110.60958282428987
5.011000000000338, 110.60886408158689
5.012000000000338, 110.60762651408803
5.013000000000338, 110.60584659510613
5.014000000000339, 110.60350079795404
5.015000000000338, 110.60056559594457
5.016000000000339, 110.59701746239062
5.01700000000034, 110.59283287060502
5.01800000000034, 110.58798829390057
5.01900000000034, 110.58246020559015
5.0200000000003415, 110.57622507898657
5.021000000000341, 110.56925938740274
5.022000000000341, 110.56153964531916
5.023000000000342, 110.55307708919511
5.024000000000342, 110.54398080626987
5.025000000000342, 110.53437699643568
5.026000000000343, 110.524391859585
5.027000000000342, 110.5141515956101
5.028000000000343, 110.5037824044034
5.0290000000003445, 110.49341048585725
5.030000000000344, 110.48316203986397
5.031000000000345, 110.47316326631596
5.032000000000345, 110.46354036510556
5.033000000000345, 110.45441953612512
5.034000000000345, 110.445926979267
5.035000000000346, 110.43818889442358
5.036000000000346, 110.43133148148718
5.037000000000346, 110.42548094035018
5.038000000000347, 110.42076347090497
5.039000000000346, 110.41730527304384
5.040000000000347, 110.41523254665921
5.041000000000347, 110.41467149164339
5.042000000000348, 110.41572201339406
5.043000000000347, 110.41831141450118
5.044000000000349, 110.42229739015724
5.04500000000035, 110.42753744293036
5.046000000000349, 110.43388907538858
5.04700000000035, 110.44120979009993
5.04800000000035, 110.44935708963254
5.04900000000035, 110.45818847655445
5.050000000000351, 110.46756145343377
5.05100000000035, 110.47733352283855
5.05200000000035, 110.48736218733686
5.053000000000351, 110.49750494949677
5.054000000000352, 110.50761931188636
5.055000000000352, 110.51756277707372
5.056000000000353, 110.5271928476269
5.057000000000353, 110.53636702611401
5.058000000000353, 110.54494281510307
5.059000000000354, 110.55277771716219
5.060000000000354, 110.55972923485943
5.061000000000353, 110.56566105536804
5.062000000000355, 110.57054741010744
5.063000000000355, 110.57445789219875
5.064000000000355, 110.57746522206781
5.065000000000356, 110.57964212014058
5.066000000000356, 110.5810613068429
5.067000000000355, 110.58179550260066
5.068000000000357, 110.58191742783976
5.069000000000357, 110.58149980298606
5.070000000000357, 110.58061534846547
5.071000000000358, 110.5793367847039
5.072000000000358, 110.57773683212719
5.073000000000358, 110.57588821116121
5.074000000000359, 110.57386364223191
5.075000000000359, 110.57173584576513
5.076000000000359, 110.56957754218676
5.07700000000036, 110.56746145192268
5.07800000000036, 110.56546029539884
5.07900000000036, 110.56364679304103
5.080000000000361, 110.56209332469716
5.081000000000362, 110.56083991830066
5.082000000000361, 110.55986804625614
5.083000000000362, 110.55915301409517
5.084000000000361, 110.55867012734929
5.0850000000003615, 110.55839469155
5.086000000000363, 110.5583020122289
5.087000000000363, 110.55836739491748
5.088000000000363, 110.55856614514728
5.089000000000365, 110.55887356844983
5.090000000000364, 110.55926497035667
5.091000000000365, 110.55971565639938
5.092000000000365, 110.56020093210945
5.093000000000365, 110.56069610301844
5.094000000000365, 110.56117647465786
5.095000000000366, 110.5616173525593
5.096000000000366, 110.56199404225424
5.097000000000366, 110.56228184927427
5.098000000000367, 110.56245607915089
5.099000000000367, 110.56249203741565
5.100000000000367, 110.56237336205754
5.101000000000368, 110.56211752441193
5.102000000000368, 110.56175058192574
5.103000000000368, 110.56129859204687
5.10400000000037, 110.56078761222334
5.105000000000369, 110.56024369990308
5.106000000000369, 110.5596929125341
5.10700000000037, 110.55916130756434
5.10800000000037, 110.55867494244177
5.10900000000037, 110.55825987461435
5.110000000000371, 110.55794216153005
5.111000000000371, 110.55774786063678
5.112000000000371, 110.5577030293826
5.113000000000372, 110.55783372521543
5.114000000000372, 110.55816600558319
5.115000000000373, 110.5587259279339
5.116000000000373, 110.55953954971552
5.117000000000373, 110.56063292837598
5.118000000000373, 110.5620321213633
5.119000000000375, 110.5637567745396
5.120000000000373, 110.56576353046825
5.121000000000374, 110.5679732646086
5.122000000000375, 110.57030644163726
5.123000000000375, 110.57268352623083
5.124000000000375, 110.57502498306593
5.125000000000376, 110.57725127681914
5.126000000000376, 110.5792828721671
5.1270000000003755, 110.58104023378637
5.128000000000377, 110.58244382635357
5.129000000000377, 110.58341411454532
5.1300000000003765, 110.58387156303823
5.131000000000378, 110.58373663650889
5.132000000000378, 110.5829297996339
5.133000000000378, 110.58137151708988
5.134000000000379, 110.5789822535534
5.135000000000379, 110.57568247370114
5.1360000000003785, 110.57139264220964
5.13700000000038, 110.56603322375551
5.13800000000038, 110.55952804745753
5.139000000000381, 110.5519091872981
5.140000000000381, 110.54333752190118
5.141000000000382, 110.53398144530921
5.142000000000381, 110.52400935156466
5.143000000000381, 110.51358963471002
5.144000000000381, 110.5028906887877
5.145000000000382, 110.49208090784022
5.146000000000383, 110.48132868590997
5.147000000000384, 110.47080241703948
5.148000000000383, 110.46067049527119
5.149000000000385, 110.45110131464753
5.150000000000384, 110.442263269211
5.151000000000384, 110.43432475300402
5.152000000000385, 110.42745416006909
5.153000000000385, 110.42181988444867
5.154000000000385, 110.41759032018517
5.155000000000386, 110.41493386132112
5.156000000000386, 110.41401890189897
5.157000000000386, 110.41501360401735
5.158000000000388, 110.41798717141009
5.159000000000387, 110.42275631932243
5.160000000000387, 110.42909807631744
5.161000000000388, 110.43678947095809
5.162000000000388, 110.4456075318074
5.163000000000389, 110.4553292874284
5.164000000000389, 110.46573176638407
5.165000000000389, 110.47659199723742
5.166000000000389, 110.48768700855149
5.16700000000039, 110.49879382888929
5.16800000000039, 110.50968948681383
5.169000000000391, 110.5201510108881
5.170000000000391, 110.52995542967511
5.171000000000391, 110.53887977173792
5.172000000000391, 110.5467010656395
5.173000000000391, 110.55319633994287
5.174000000000392, 110.55814262321104
5.1750000000003915, 110.56131694400703
5.176000000000393, 110.56249633089386
5.177000000000393, 110.56150770311116
5.178000000000393, 110.55847217249395
5.179000000000394, 110.55361831307629
5.180000000000394, 110.547174857351
5.181000000000395, 110.53937053781101
5.182000000000395, 110.53043408694913
5.183000000000395, 110.52059423725831
5.184000000000395, 110.51007972123139
5.185000000000397, 110.4991192713612
5.186000000000396, 110.48794162014069
5.187000000000396, 110.4767755000627
5.188000000000397, 110.46584964362013
5.189000000000398, 110.45539278330578
5.190000000000397, 110.44563365161262
5.191000000000398, 110.43680098103349
5.192000000000398, 110.42912350406122
5.193000000000398, 110.42282995318874
5.194000000000399, 110.41814906090892
5.195000000000399, 110.4153095597146
5.196000000000399, 110.41452552418433
5.1970000000004, 110.4157837407199
5.1980000000004, 110.41889186494117
5.1990000000004, 110.42365269752628
5.200000000000401, 110.4298690391533
5.2010000000004, 110.43734369050034
5.202000000000401, 110.44587945224553
5.203000000000401, 110.45527912506694
5.204000000000402, 110.46534550964267
5.205000000000402, 110.47588140665086
5.206000000000403, 110.48668961676958
5.207000000000403, 110.49757294067697
5.208000000000403, 110.5083341790511
5.209000000000404, 110.51877613257011
5.210000000000404, 110.52870160191206
5.211000000000405, 110.53791338775508
5.212000000000405, 110.54621429077729
5.213000000000405, 110.55340711165672
5.214000000000405, 110.55929465107158
5.215000000000406, 110.56368132429071
5.216000000000406, 110.56648669008018
5.217000000000406, 110.56782016077004
5.218000000000407, 110.56780888684396
5.219000000000407, 110.56658001878561
5.220000000000407, 110.5642607070787
5.221000000000408, 110.56097810220685
5.222000000000408, 110.55685935465372
5.223000000000409, 110.55203161490306
5.224000000000409, 110.54662203343842
5.225000000000409, 110.54075776074357
5.226000000000409, 110.53456594730211
5.22700000000041, 110.52817374359776
5.22800000000041, 110.52170830011418
5.22900000000041, 110.51529676733502
5.230000000000411, 110.50906629574396
5.23100000000041, 110.50314403582469
5.232000000000411, 110.49765713806083
5.233000000000413, 110.4927327529361
5.234000000000412, 110.48849803018813
5.235000000000412, 110.48504833931753
5.236000000000414, 110.48236267708837
5.237000000000413, 110.48039341045008
5.238000000000413, 110.47909290635204
5.239000000000414, 110.47841353174368
5.240000000000415, 110.47830765357446
5.241000000000414, 110.47872763879374
5.242000000000415, 110.47962585435096
5.243000000000416, 110.48095466719552
5.244000000000415, 110.48266644427686
5.245000000000416, 110.48471355254438
5.246000000000416, 110.4870483589475
5.2470000000004156, 110.48962323043564
5.248000000000418, 110.4923905339582
5.249000000000417, 110.49530263646463
5.250000000000417, 110.49831190490431
5.251000000000418, 110.50137070622668
5.252000000000418, 110.50443140738113
5.2530000000004184, 110.5074463753171
5.25400000000042, 110.51036797698403
5.255000000000419, 110.51314857933129
5.2560000000004194, 110.5157405493083
5.25700000000042, 110.5180962538645
5.25800000000042, 110.52016805994928
5.2590000000004204, 110.52190833451209
5.260000000000422, 110.52326944450229
5.261000000000421, 110.52420375686937
5.2620000000004215, 110.5246636385627
5.263000000000422, 110.5246014565317
5.264000000000422, 110.52396957772578
5.2650000000004225, 110.52272036909437
5.266000000000423, 110.5208061975869
5.267000000000424, 110.51817943015274
5.268000000000424, 110.51479243374136
5.269000000000423, 110.51059757530214
5.270000000000425, 110.50554722178451
5.2710000000004245, 110.49959374013788
5.272000000000425, 110.4926894973117
5.273000000000425, 110.48478941147388
5.274000000000426, 110.47591697001891
5.275000000000426, 110.46617022118389
5.276000000000426, 110.45565096538482
5.2770000000004265, 110.44446100303745
5.278000000000427, 110.43270213455764
5.279000000000428, 110.4204761603613
5.2800000000004275, 110.40788488086426
5.281000000000429, 110.39503009648243
5.282000000000428, 110.38201360763162
5.2830000000004285, 110.3689372147277
5.284000000000429, 110.35590271818648
5.285000000000429, 110.34301191842398
5.2860000000004295, 110.33036661585591
5.287000000000431, 110.3180686108982
5.288000000000431, 110.30621970396668
5.289000000000431, 110.29492169547723
5.290000000000432, 110.28427638584571
5.291000000000431, 110.27438557548797
5.2920000000004315, 110.26535094834148
5.293000000000433, 110.25724490740244
5.294000000000432, 110.25007211497314
5.2950000000004325, 110.24382768189432
5.296000000000433, 110.23850671900666
5.297000000000433, 110.23410433715087
5.2980000000004335, 110.23061564716768
5.299000000000435, 110.22803575989778
5.300000000000434, 110.22635978618189
5.301000000000434, 110.22558283686067
5.302000000000436, 110.2257000227749
5.303000000000435, 110.2267064547653
5.3040000000004355, 110.22859724367251
5.305000000000436, 110.23136750033731
5.306000000000436, 110.23501233560035
5.307000000000437, 110.23952686030236
5.308000000000437, 110.24490618528404
5.309000000000438, 110.25114542138613
5.3100000000004375, 110.2582396794493
5.311000000000438, 110.26618407031432
5.312000000000437, 110.27496410690163
5.313000000000439, 110.28451437947139
5.314000000000439, 110.29475265484476
5.315000000000439, 110.30559668924305
5.316000000000439, 110.31696423888752
5.31700000000044, 110.32877305999948
5.31800000000044, 110.34094090880026
5.319000000000441, 110.35338554151113
5.32000000000044, 110.36602471435343
5.321000000000442, 110.3787761835484
5.3220000000004415, 110.39155770531738
5.323000000000442, 110.40428703588167
5.324000000000442, 110.41688193146254
5.325000000000443, 110.42926014828133
5.326000000000443, 110.44133944255931
5.327000000000443, 110.45303757051781
5.3280000000004435, 110.4642722883781
5.329000000000443, 110.47496135236146
5.330000000000444, 110.48502251868925
5.3310000000004445, 110.49437801025451
5.332000000000445, 110.50301056703177
5.333000000000445, 110.51094648172723
5.3340000000004455, 110.51821300533827
5.335000000000445, 110.52483738886224
5.336000000000446, 110.5308468832965
5.3370000000004465, 110.53626873963843
5.338000000000447, 110.54113020888539
5.339000000000447, 110.54545854203471
5.3400000000004475, 110.54928099008376
5.341000000000449, 110.55262480402995
5.342000000000448, 110.55551723487059
5.3430000000004485, 110.55798553360306
5.344000000000449, 110.56005695122471
5.345000000000448, 110.56175873873292
5.3460000000004495, 110.56311814712504
5.34700000000045, 110.56416242739847
5.34800000000045, 110.56491883055051
5.3490000000004505, 110.56541460757859
5.350000000000451, 110.56567700947998
5.351000000000451, 110.56573328725213
5.3520000000004515, 110.56561069189236
5.353000000000452, 110.56533647439807
5.354000000000452, 110.56493788576655
5.355000000000453, 110.56444217699523
5.356000000000453, 110.56387659908144
5.357000000000453, 110.56326840302256
5.3580000000004535, 110.56264483981593
5.359000000000454, 110.56203316045895
5.360000000000454, 110.56146061594895
5.3610000000004545, 110.56095445728327
5.362000000000456, 110.56054193545931
5.363000000000455, 110.56025030147444
5.3640000000004555, 110.56010680632599
5.365000000000456, 110.56013870101135
5.366000000000457, 110.56037323652787
5.3670000000004565, 110.5608376638729
5.368000000000457, 110.56155923404381
5.369000000000457, 110.56256519394822
5.3700000000004575, 110.56386397288065
5.371000000000458, 110.56540181998928
5.372000000000458, 110.56711215888228
5.373000000000458, 110.56892841316794
5.374000000000459, 110.57078400645446
5.375000000000459, 110.57261236235007
5.3760000000004595, 110.57434690446298
5.377000000000461, 110.57592105640148
5.378000000000461, 110.5772682417738
5.3790000000004605, 110.57832188418811
5.380000000000462, 110.57901540725268
5.38100000000046, 110.57928223457579
5.382000000000462, 110.57905578976555
5.383000000000462, 110.57826949643032
5.384000000000462, 110.57685677817827
5.385000000000462, 110.57475105861764
5.386000000000463, 110.57188576135668
5.387000000000462, 110.56819431000359
5.3880000000004635, 110.56361012816663
5.389000000000464, 110.5580809961265
5.390000000000465, 110.55166672965976
5.3910000000004645, 110.54447977757064
5.392000000000465, 110.53663289339453
5.393000000000465, 110.5282388306668
5.3940000000004655, 110.51941034292284
5.395000000000466, 110.51026018369811
5.396000000000466, 110.50090110652793
5.397000000000467, 110.49144586494778
5.398000000000468, 110.482007212493
5.399000000000468, 110.47269790269897
5.4000000000004675, 110.46363068910118
5.401000000000468, 110.45491832523493
5.402000000000468, 110.44667356463565
5.403000000000469, 110.43900916083875
5.40400000000047, 110.43203786737962
5.405000000000469, 110.42587243779367
5.4060000000004695, 110.42062562561625
5.40700000000047, 110.41641018438284
5.40800000000047, 110.41333489568028
5.409000000000471, 110.41141819540005
5.410000000000471, 110.4105887308292
5.41100000000047, 110.41077128872574
5.4120000000004715, 110.41189065584777
5.413000000000472, 110.41387161895332
5.414000000000472, 110.41663896480046
5.415000000000473, 110.42011748014727
5.416000000000473, 110.42423195175178
5.417000000000474, 110.42890716637208
5.4180000000004735, 110.43406791076622
5.419000000000474, 110.43963897169225
5.420000000000474, 110.44554513590829
5.421000000000475, 110.45171119017233
5.422000000000475, 110.45806192124248
5.423000000000476, 110.46452211587678
5.4240000000004756, 110.47101656083329
5.425000000000477, 110.4774700428701
5.426000000000476, 110.48380734874523
5.4270000000004766, 110.4899534062451
5.428000000000476, 110.49585620953621
5.429000000000478, 110.5015122090757
5.430000000000477, 110.50692396959118
5.431000000000479, 110.51209405581031
5.432000000000478, 110.51702503246067
5.4330000000004794, 110.52171946426994
5.434000000000479, 110.52617991596564
5.435000000000478, 110.53040895227552
5.43600000000048, 110.5344091379271
5.43700000000048, 110.53818303764805
5.43800000000048, 110.54173321616598
5.4390000000004814, 110.54506223820852
5.440000000000481, 110.5481726685033
5.441000000000481, 110.55106707177791
5.442000000000482, 110.55374801276
5.443000000000482, 110.55621805617716
5.444000000000482, 110.55847976675707
5.445000000000483, 110.56053570922728
5.446000000000482, 110.56238844831545
5.447000000000484, 110.56404138300725
5.448000000000484, 110.56550189939261
5.449000000000484, 110.56677857332153
5.450000000000484, 110.56787998085194
5.451000000000485, 110.56881469804179
5.452000000000485, 110.56959130094901
5.453000000000485, 110.5702183656316
5.454000000000486, 110.57070446814745
5.455000000000486, 110.57105818455457
5.456000000000486, 110.57128809091083
5.4570000000004875, 110.57140276327424
5.458000000000487, 110.57141077770272
5.459000000000488, 110.57132071025421
5.460000000000488, 110.57114113698668
5.461000000000488, 110.57088063395804
5.462000000000488, 110.57054777722628
5.463000000000489, 110.57015114284934
5.46400000000049, 110.56969930688513
5.465000000000489, 110.56920084539163
5.46600000000049, 110.56866433442681
5.46700000000049, 110.56809835004856
5.46800000000049, 110.56751146831485
5.469000000000491, 110.56691226528362
5.470000000000491, 110.56630931701287
5.471000000000492, 110.56571119956045
5.472000000000492, 110.56512648898439
5.473000000000493, 110.5645637613426
5.474000000000492, 110.56403159269301
5.475000000000493, 110.56353855909363
5.476000000000493, 110.56309323660236
5.477000000000493, 110.56270420127714
5.478000000000494, 110.56238002917596
5.479000000000494, 110.56212929635672
5.480000000000494, 110.56196057887739
5.481000000000495, 110.56188245279589
5.482000000000496, 110.56190349417021
5.483000000000495, 110.56203227905829
5.484000000000496, 110.56227738351805
5.485000000000496, 110.56264706499154
5.486000000000496, 110.56313552647919
5.487000000000497, 110.56371768537248
5.488000000000497, 110.56436706126591
5.489000000000497, 110.56505717375397
5.4900000000004985, 110.56576154243113
5.491000000000498, 110.56645368689193
5.492000000000498, 110.56710712673076
5.493000000000499, 110.5676953815422
5.494000000000499, 110.56819197092068
5.495000000000498, 110.56857041446068
5.4960000000005, 110.56880423175673
5.4970000000005, 110.56886694240328
5.4980000000005, 110.56873206599482
5.4990000000005, 110.56837312212585
5.500000000000501, 110.56776363039086
5.501000000000501, 110.5668771103843
5.502000000000502, 110.56568708170069
5.503000000000502, 110.56416706393452
5.504000000000502, 110.56229058566092
5.5050000000005035, 110.5600436225053
5.506000000000503, 110.55744930585873
5.507000000000503, 110.55453766975566
5.508000000000504, 110.55133874823056
5.509000000000504, 110.5478825753179
5.510000000000504, 110.54419918505211
5.511000000000505, 110.54031861146767
5.512000000000505, 110.53627088859906
5.513000000000505, 110.53208605048071
5.514000000000506, 110.52779413114706
5.515000000000506, 110.52342516463261
5.516000000000506, 110.51900918497184
5.5170000000005075, 110.51457622619913
5.518000000000507, 110.51015632234899
5.519000000000508, 110.5057795074559
5.520000000000508, 110.50147581555427
5.521000000000508, 110.4972752806786
5.522000000000508, 110.49320793686333
5.523000000000509, 110.48930381814289
5.52400000000051, 110.48558732438286
5.52500000000051, 110.48204349478269
5.52600000000051, 110.47864058102613
5.527000000000511, 110.47534677228253
5.52800000000051, 110.47213025772108
5.5290000000005115, 110.46895922651102
5.530000000000511, 110.46580186782167
5.531000000000511, 110.46262637082219
5.532000000000512, 110.45940092468193
5.533000000000512, 110.45609371857009
5.534000000000512, 110.45267294165592
5.535000000000513, 110.44910678310868
5.536000000000513, 110.44536343209765
5.537000000000514, 110.44141107779204
5.538000000000514, 110.43721790936112
5.539000000000515, 110.43275211597418
5.540000000000514, 110.42798188680041
5.541000000000515, 110.42287541100912
5.542000000000515, 110.41740087776951
5.543000000000514, 110.4115298032512
5.544000000000516, 110.40529844983809
5.545000000000517, 110.39880189040498
5.546000000000516, 110.39213733424046
5.5470000000005175, 110.38540199063304
5.548000000000518, 110.37869306887123
5.549000000000518, 110.37210777824355
5.550000000000518, 110.36574332803853
5.551000000000519, 110.35969692754475
5.552000000000519, 110.35406578605067
5.5530000000005195, 110.34894711284483
5.554000000000519, 110.3444381172158
5.555000000000519, 110.34063600845207
5.55600000000052, 110.33763799584217
5.55700000000052, 110.33554128867463
5.55800000000052, 110.33444309623798
5.559000000000521, 110.33444062782077
5.560000000000521, 110.3356310927115
5.561000000000522, 110.3381117001987
5.562000000000522, 110.34197890773973
5.563000000000523, 110.34724343501361
5.564000000000522, 110.35375222949027
5.565000000000523, 110.36133379955105
5.566000000000522, 110.36981665357733
5.567000000000524, 110.37902929995043
5.568000000000524, 110.38880024705179
5.569000000000524, 110.39895800326275
5.570000000000523, 110.40933107696466
5.571000000000525, 110.41974797653889
5.572000000000525, 110.43003721036682
5.573000000000525, 110.44002728682979
5.574000000000526, 110.4495467143092
5.575000000000526, 110.4584240011864
5.576000000000526, 110.46648765584277
5.577000000000527, 110.47356618665967
5.578000000000527, 110.47948810201842
5.579000000000527, 110.4840819103005
5.580000000000528, 110.48717611988718
5.581000000000529, 110.48859923915987
5.582000000000527, 110.4882303834182
5.583000000000529, 110.48616669318187
5.584000000000529, 110.48256401050027
5.585000000000529, 110.47757817824845
5.58600000000053, 110.4713650393013
5.58700000000053, 110.46408043653386
5.588000000000531, 110.45588021282106
5.589000000000531, 110.44692021103782
5.590000000000531, 110.43735627405918
5.591000000000531, 110.42734424476008
5.592000000000532, 110.41703996601548
5.593000000000532, 110.40659928070035
5.594000000000532, 110.3961780316896
5.595000000000533, 110.38593206185827
5.596000000000533, 110.37601721408134
5.597000000000534, 110.36658933123368
5.598000000000534, 110.3578042561903
5.599000000000534, 110.34981783182623
5.600000000000534, 110.34278590101633
5.601000000000535, 110.33685109567665
5.602000000000535, 110.33201699456757
5.603000000000536, 110.32820391206738
5.604000000000536, 110.32533103770432
5.605000000000536, 110.32331756100662
5.606000000000536, 110.32208267150251
5.607000000000537, 110.32154555872025
5.608000000000537, 110.32162541218803
5.609000000000537, 110.32224142143413
5.610000000000538, 110.32331277598675
5.611000000000538, 110.32475866537415
5.612000000000538, 110.32649827912452
5.613000000000538, 110.32845080676616
5.614000000000539, 110.33053543782724
5.615000000000539, 110.33267136183603
5.61600000000054, 110.33477776832078
5.617000000000541, 110.33677384680968
5.61800000000054, 110.33857878683098
5.619000000000542, 110.34011177791292
5.620000000000541, 110.34129347885857
5.621000000000541, 110.34209730499555
5.622000000000542, 110.34256278265813
5.623000000000542, 110.34273362105529
5.624000000000543, 110.34265352939596
5.625000000000543, 110.34236621688912
5.626000000000543, 110.34191539274369
5.627000000000543, 110.3413447661686
5.628000000000544, 110.34069804637281
5.629000000000544, 110.34001894256528
5.630000000000544, 110.33935116395492
5.631000000000544, 110.33873841975068
5.632000000000545, 110.33822441916153
5.633000000000545, 110.3378528713964
5.634000000000546, 110.33766748566421
5.635000000000546, 110.33771197117396
5.636000000000547, 110.33803003713454
5.637000000000547, 110.33866539275493
5.638000000000548, 110.33966174724407
5.639000000000548, 110.34106278012221
5.640000000000548, 110.34289389849614
5.641000000000549, 110.34513116699293
5.642000000000548, 110.34774240415017
5.64300000000055, 110.35069542850542
5.644000000000549, 110.35395805859625
5.645000000000549, 110.35749811296022
5.64600000000055, 110.36128341013492
5.64700000000055, 110.36528176865787
5.64800000000055, 110.36946100706666
5.649000000000551, 110.37378894389889
5.650000000000551, 110.37823339769207
5.651000000000551, 110.38276218698378
5.652000000000552, 110.38734313031162
5.653000000000553, 110.39194404621313
5.654000000000552, 110.39653275322586
5.655000000000554, 110.40107706988742
5.656000000000553, 110.40554481473534
5.657000000000554, 110.40990380630718
5.658000000000554, 110.41412186314056
5.659000000000554, 110.41816613436384
5.660000000000554, 110.4219995727924
5.661000000000556, 110.4255835087636
5.662000000000555, 110.42887926911507
5.663000000000556, 110.43184818068448
5.664000000000556, 110.43445157030945
5.665000000000556, 110.43665076482759
5.666000000000556, 110.43840709107658
5.667000000000557, 110.43968187589405
5.668000000000557, 110.44043644611763
5.669000000000557, 110.44063212858495
5.670000000000558, 110.44023025013364
5.671000000000559, 110.43919213760137
5.672000000000558, 110.43747911782572
5.67300000000056, 110.4350525176444
5.674000000000559, 110.431873663895
5.67500000000056, 110.42790388341517
5.67600000000056, 110.42310450304255
5.67700000000056, 110.41743684961477
5.67800000000056, 110.41086733788033
5.679000000000562, 110.40344788237326
5.680000000000561, 110.39530136295579
5.681000000000562, 110.38655280883827
5.682000000000562, 110.37732724923103
5.683000000000563, 110.36774971334434
5.684000000000562, 110.35794523038854
5.685000000000564, 110.34803882957391
5.686000000000563, 110.33815554011076
5.687000000000563, 110.32842039120942
5.688000000000564, 110.31895841208016
5.689000000000564, 110.30989463193333
5.690000000000564, 110.3013540799792
5.691000000000566, 110.29346178542812
5.692000000000565, 110.28634277749038
5.693000000000566, 110.28012208537625
5.694000000000566, 110.27492473829608
5.695000000000566, 110.27087576546016
5.696000000000566, 110.2681001960788
5.697000000000568, 110.26672217897863
5.698000000000567, 110.26679222220865
5.699000000000567, 110.26823277198774
5.700000000000567, 110.27095345404646
5.701000000000569, 110.27486389411541
5.702000000000568, 110.27987371792517
5.703000000000569, 110.28589255120636
5.704000000000569, 110.29283001968955
5.705000000000569, 110.30059574910533
5.706000000000571, 110.30909936518431
5.70700000000057, 110.31825049365713
5.70800000000057, 110.32795876025429
5.709000000000571, 110.33813379070642
5.710000000000571, 110.34868521074416
5.711000000000571, 110.35952264609806
5.712000000000572, 110.37055572249872
5.713000000000572, 110.38169406567675
5.714000000000572, 110.39284730136274
5.715000000000573, 110.40392505528726
5.716000000000573, 110.41483695319316
5.717000000000573, 110.4255062552943
5.718000000000574, 110.43590918932301
5.719000000000575, 110.44603484354029
5.720000000000575, 110.45587230620716
5.721000000000575, 110.46541066558461
5.722000000000575, 110.4746390099337
5.723000000000575, 110.48354642751538
5.724000000000576, 110.49212200659065
5.725000000000576, 110.50035483542058
5.726000000000576, 110.50823400226614
5.727000000000578, 110.51574859538832
5.728000000000577, 110.52288770304811
5.729000000000578, 110.5296404135066
5.730000000000578, 110.5359958150247
5.731000000000577, 110.5419429958635
5.732000000000578, 110.54747104428394
5.733000000000579, 110.55256904854706
5.734000000000579, 110.55722609691384
5.735000000000579, 110.56143127764531
5.736000000000581, 110.56517522066136
5.73700000000058, 110.56846295960055
5.738000000000581, 110.57130738406892
5.739000000000581, 110.57372146292987
5.740000000000581, 110.57571816504677
5.741000000000582, 110.57731045928311
5.742000000000583, 110.57851131450226
5.743000000000582, 110.57933369956758
5.744000000000582, 110.57979058334257
5.745000000000583, 110.57989493469056
5.746000000000583, 110.57965972247499
5.747000000000583, 110.57909791555925
5.748000000000584, 110.57822248280675
5.749000000000584, 110.5770463930809
5.750000000000584, 110.57558261524512
5.751000000000585, 110.57384411816281
5.752000000000585, 110.57184387069734
5.753000000000585, 110.56959484171216
5.754000000000586, 110.56711000007064
5.755000000000586, 110.56440231463625
5.756000000000586, 110.56148475427231
5.757000000000587, 110.55837028784231
5.758000000000587, 110.55507188420958
5.759000000000587, 110.55160251223757
5.760000000000588, 110.54797514078969
5.761000000000588, 110.54420273872933
5.762000000000589, 110.54029827491986
5.76300000000059, 110.53627471822477
5.764000000000589, 110.53214503750742
5.76500000000059, 110.52792220163121
5.76600000000059, 110.52361917945956
5.76700000000059, 110.51924893985587
5.76800000000059, 110.51482445168352
5.769000000000591, 110.51035868380599
5.770000000000591, 110.50586460508663
5.771000000000591, 110.50135518438881
5.772000000000592, 110.49684339057606
5.773000000000593, 110.49234219251164
5.774000000000593, 110.48786455276381
5.775000000000593, 110.48342132312081
5.776000000000593, 110.47901819152209
5.777000000000593, 110.47466007087577
5.778000000000594, 110.47035187408989
5.779000000000593, 110.46609851407256
5.780000000000594, 110.46190490373185
5.781000000000596, 110.45777595597588
5.782000000000595, 110.45371658371269
5.783000000000596, 110.4497316998504
5.784000000000595, 110.44582621729708
5.785000000000597, 110.44200504896087
5.786000000000596, 110.43827310774975
5.787000000000598, 110.43463530657189
5.788000000000597, 110.43109655833534
5.7890000000005974, 110.42766177594818
5.790000000000598, 110.42433587231854
5.791000000000598, 110.42112376035445
5.7920000000005984, 110.41803035296402
5.7930000000006, 110.41506056305538
5.794000000000599, 110.41222182090087
5.7950000000006, 110.40953574314884
5.796000000000601, 110.40702891149367
5.797000000000601, 110.4047279129
5.7980000000006005, 110.40265933433247
5.799000000000601, 110.40084976275573
5.800000000000601, 110.39932578513442
5.8010000000006015, 110.39811398843324
5.802000000000602, 110.39724095961674
5.803000000000602, 110.39673328564965
5.8040000000006025, 110.3966175534966
5.805000000000604, 110.3969203501222
5.806000000000603, 110.39766826249115
5.8070000000006035, 110.39888787756809
5.808000000000604, 110.4006057823176
5.809000000000604, 110.40284856370444
5.8100000000006045, 110.40564280869316
5.811000000000605, 110.40901510424848
5.812000000000605, 110.412992037335
5.8130000000006055, 110.41759508727166
5.814000000000606, 110.42277103408702
5.815000000000606, 110.4284100244286
5.8160000000006065, 110.43440079752963
5.817000000000608, 110.44063209262356
5.818000000000607, 110.44699264894359
5.8190000000006075, 110.45337120572312
5.820000000000608, 110.45965650219546
5.821000000000609, 110.46573727759392
5.8220000000006085, 110.47150227115179
5.823000000000609, 110.47684022210245
5.824000000000609, 110.48163986967924
5.8250000000006095, 110.4857899531154
5.82600000000061, 110.48917921164431
5.827000000000611, 110.4916963844993
5.828000000000611, 110.49323021091365
5.829000000000611, 110.49366943012072
5.830000000000611, 110.49290278135382
5.831000000000611, 110.49081900384624
5.832000000000612, 110.48730845223345
5.833000000000611, 110.4823644826875
5.8340000000006125, 110.47614369993208
5.835000000000614, 110.46881718046293
5.836000000000614, 110.46055600077578
5.8370000000006135, 110.45153123736644
5.838000000000614, 110.4419139667306
5.839000000000614, 110.43187526536406
5.8400000000006145, 110.42158620976254
5.841000000000615, 110.4112178764218
5.842000000000615, 110.40094134183764
5.843000000000616, 110.39092768250573
5.844000000000616, 110.38134797492191
5.845000000000616, 110.37237329558188
5.8460000000006165, 110.36417472098141
5.847000000000617, 110.35692332761624
5.848000000000617, 110.35079019198214
5.8490000000006175, 110.34594639057487
5.850000000000618, 110.34256299989015
5.851000000000617, 110.34081109194068
5.8520000000006185, 110.3408027002473
5.853000000000619, 110.34244298165207
5.854000000000619, 110.34559180524975
5.8550000000006195, 110.35010904013504
5.85600000000062, 110.35585455540256
5.857000000000619, 110.36268822014709
5.8580000000006205, 110.37046990346334
5.859000000000621, 110.37905947444597
5.860000000000621, 110.38831680218969
5.8610000000006215, 110.3981017557892
5.862000000000622, 110.4082742043392
5.863000000000621, 110.41869401693441
5.864000000000623, 110.42922106266954
5.865000000000622, 110.43971521063924
5.866000000000623, 110.45003632993824
5.8670000000006235, 110.46004428966125
5.868000000000624, 110.46959895890299
5.869000000000624, 110.47856020675812
5.8700000000006245, 110.48678790232134
5.871000000000625, 110.49415366907344
5.872000000000625, 110.50062698088374
5.873000000000625, 110.5062258656755
5.874000000000626, 110.51096870116466
5.875000000000626, 110.51487386506719
5.8760000000006265, 110.51795973509908
5.877000000000628, 110.52024468897632
5.878000000000627, 110.5217471044149
5.879000000000627, 110.52248535913074
5.880000000000628, 110.5224778308399
5.881000000000629, 110.5217428972583
5.8820000000006285, 110.52029893610197
5.88300000000063, 110.51816432508681
5.884000000000629, 110.51535744192887
5.88500000000063, 110.5118966643441
5.886000000000631, 110.50780037004849
5.887000000000631, 110.50308693675801
5.88800000000063, 110.49777474218867
5.889000000000632, 110.49188216405638
5.890000000000631, 110.48542848400477
5.8910000000006315, 110.47845557270362
5.892000000000632, 110.47102893675157
5.893000000000632, 110.46321519618994
5.8940000000006325, 110.45508097106013
5.895000000000634, 110.44669288140352
5.896000000000633, 110.43811754726151
5.8970000000006335, 110.42942158867545
5.898000000000635, 110.42067162568678
5.899000000000633, 110.41193427833683
5.9000000000006345, 110.40327616666701
5.901000000000635, 110.39476391071864
5.902000000000635, 110.38646413053318
5.903000000000636, 110.378443446152
5.904000000000636, 110.37076847761648
5.905000000000637, 110.36350584496796
5.9060000000006365, 110.35672216824787
5.907000000000638, 110.35048406749755
5.908000000000637, 110.34485816275844
5.909000000000638, 110.33991093139599
5.910000000000638, 110.33567930261879
5.911000000000639, 110.33213461986871
5.9120000000006385, 110.32923940487053
5.91300000000064, 110.32695617934905
5.914000000000639, 110.32524746502907
5.9150000000006395, 110.32407578363535
5.91600000000064, 110.32340365689274
5.91700000000064, 110.32319360652603
5.9180000000006405, 110.32340815426001
5.919000000000641, 110.32400982181946
5.920000000000641, 110.32496113092922
5.9210000000006415, 110.32622460331405
5.922000000000642, 110.32776276069877
5.923000000000643, 110.3295381248082
5.9240000000006425, 110.3315132173671
5.925000000000643, 110.33365056010028
5.926000000000644, 110.33591267473254
5.9270000000006435, 110.33826208298869
5.928000000000644, 110.34066130659353
5.929000000000645, 110.34308054119244
5.9300000000006445, 110.34552891397824
5.931000000000646, 110.34802786827697
5.932000000000645, 110.35059885224649
5.9330000000006455, 110.35326331404461
5.934000000000646, 110.35604270182915
5.935000000000646, 110.35895846375804
5.9360000000006465, 110.36203204798903
5.937000000000647, 110.36528490268002
5.938000000000648, 110.36873847598883
5.9390000000006475, 110.37241421607337
5.940000000000648, 110.37633357109138
5.941000000000648, 110.38051798920074
5.942000000000649, 110.38498891855933
5.943000000000649, 110.38976780732496
5.944000000000649, 110.39487610365546
5.9450000000006495, 110.40033525570875
5.946000000000651, 110.4061667116426
5.94700000000065, 110.41239191961488
5.9480000000006505, 110.41902927599969
5.949000000000651, 110.42605807285105
5.950000000000652, 110.43343053708104
5.9510000000006515, 110.44109835433349
5.952000000000653, 110.44901321025219
5.953000000000652, 110.45712679048098
5.9540000000006525, 110.46539078066372
5.955000000000653, 110.4737568664442
5.956000000000654, 110.48217673346625
5.9570000000006536, 110.49060206737367
5.958000000000654, 110.49898455381035
5.959000000000654, 110.50727587842003
5.960000000000655, 110.51542772684661
5.961000000000655, 110.52339178473386
5.962000000000655, 110.53111973772565
5.9630000000006556, 110.53856327146576
5.964000000000656, 110.54567407159803
5.965000000000655, 110.55240382376631
5.966000000000657, 110.55870421361439
5.967000000000657, 110.56452719457974
5.968000000000657, 110.56983813336296
5.969000000000657, 110.57462178960773
5.970000000000658, 110.57886443787618
5.971000000000658, 110.58255235273046
5.972000000000659, 110.58567180873266
5.973000000000659, 110.58820908044493
5.974000000000659, 110.59015044242942
5.97500000000066, 110.59148216924822
5.97600000000066, 110.59219053546347
5.97700000000066, 110.59226181563731
5.978000000000661, 110.59168228433187
5.979000000000661, 110.59043821610925
5.980000000000661, 110.58851588553159
5.9810000000006625, 110.58590156716105
5.982000000000663, 110.58258153555965
5.983000000000662, 110.57854206528968
5.984000000000663, 110.57376943091316
5.985000000000662, 110.56824990699224
5.986000000000663, 110.56196977758505
5.987000000000664, 110.55493975149952
5.988000000000665, 110.54724780298511
5.989000000000664, 110.5389971481495
5.990000000000665, 110.53029100310039
5.991000000000664, 110.52123258394535
5.992000000000665, 110.51192510679213
5.993000000000666, 110.50247178774839
5.994000000000666, 110.49297584292174
5.995000000000665, 110.48354048841989
5.996000000000667, 110.47426894035048
5.997000000000667, 110.46526441482119
5.998000000000667, 110.4566301279397
5.9990000000006685, 110.44846929581362
6.000000000000668, 110.44088513455071
6.001000000000668, 110.43398086025853
6.002000000000669, 110.4278596890448
6.00300000000067, 110.4226248370172
6.004000000000669, 110.41837952028334
6.0050000000006705, 110.41522695495092
6.00600000000067, 110.41325400618885
6.007000000000671, 110.41242587673197
6.008000000000671, 110.41265291780584
6.009000000000671, 110.4138452149256
6.010000000000671, 110.41591285360634
6.0110000000006725, 110.41876591936317
6.012000000000672, 110.42231449771114
6.013000000000673, 110.42646867416536
6.014000000000673, 110.431138534241
6.015000000000674, 110.4362341634531
6.016000000000674, 110.44166564731677
6.017000000000674, 110.44734307134705
6.018000000000674, 110.4531765210591
6.019000000000675, 110.45907608196802
6.020000000000675, 110.4649518395889
6.021000000000676, 110.4707138794368
6.022000000000675, 110.47627228702686
6.0230000000006765, 110.48153714787418
6.024000000000676, 110.4864185474938
6.025000000000675, 110.49082885241565
6.026000000000677, 110.49472890639035
6.027000000000678, 110.49812591414255
6.028000000000677, 110.50102893789787
6.0290000000006785, 110.50344703988198
6.030000000000678, 110.5053892823205
6.031000000000678, 110.50686472743907
6.032000000000679, 110.50788243746331
6.033000000000679, 110.50845147461888
6.034000000000679, 110.5085809011314
6.03500000000068, 110.50827977922651
6.03600000000068, 110.50755717112986
6.037000000000681, 110.50642213906708
6.038000000000681, 110.5048837452638
6.039000000000682, 110.50295105194569
6.040000000000681, 110.5006331213383
6.041000000000682, 110.49793901566737
6.042000000000682, 110.49487779715851
6.043000000000682, 110.49145852803733
6.044000000000683, 110.48769036863993
6.045000000000684, 110.48359613466761
6.046000000000683, 110.47922618076298
6.047000000000683, 110.47463417250844
6.048000000000684, 110.46987377548633
6.049000000000685, 110.46499865527903
6.050000000000685, 110.46006247746885
6.051000000000684, 110.45511890763818
6.052000000000685, 110.45022161136937
6.053000000000686, 110.44542425424473
6.054000000000686, 110.4407805018467
6.055000000000687, 110.43634401975753
6.056000000000687, 110.43216847355963
6.057000000000688, 110.42830752883536
6.058000000000687, 110.42481485116707
6.0590000000006885, 110.42174410613707
6.060000000000688, 110.41914895932779
6.061000000000689, 110.41708307632152
6.062000000000689, 110.41560012270062
6.06300000000069, 110.41475376404748
6.064000000000689, 110.41458430962591
6.0650000000006905, 110.41507100935607
6.06600000000069, 110.41617567473399
6.067000000000689, 110.41786011590929
6.068000000000691, 110.42008614303171
6.069000000000692, 110.42281556625093
6.070000000000691, 110.42601019571657
6.0710000000006925, 110.42963184157836
6.072000000000692, 110.43364231398598
6.073000000000692, 110.43800342308906
6.074000000000693, 110.44267697903734
6.075000000000694, 110.44762479198046
6.076000000000693, 110.45280867206813
6.077000000000693, 110.45819042944999
6.078000000000694, 110.46373187427577
6.079000000000693, 110.46939481669509
6.080000000000695, 110.47514106685767
6.081000000000694, 110.4809324349132
6.082000000000695, 110.48673073101132
6.083000000000696, 110.49249846129088
6.084000000000696, 110.49820599020877
6.085000000000697, 110.50382864381915
6.086000000000697, 110.50934182613778
6.087000000000697, 110.51472094118047
6.088000000000697, 110.51994139296298
6.089000000000698, 110.52497858550103
6.090000000000698, 110.52980792281049
6.091000000000697, 110.53440480890707
6.092000000000699, 110.53874464780655
6.093000000000698, 110.54280284352473
6.094000000000699, 110.54655480007736
6.0950000000007, 110.54997592148021
6.0960000000007, 110.5530416117491
6.097000000000701, 110.55572727489975
6.0980000000007015, 110.55800831494798
6.099000000000702, 110.55986013590953
6.100000000000701, 110.56125814180018
6.1010000000007025, 110.56217773663573
6.102000000000702, 110.56259481317929
6.103000000000701, 110.56250496128763
6.104000000000703, 110.5619297687538
6.105000000000703, 110.56089260279516
6.106000000000703, 110.55941683062922
6.1070000000007045, 110.55752581947341
6.108000000000704, 110.55524293654516
6.109000000000703, 110.55259154906194
6.110000000000705, 110.54959502424116
6.111000000000705, 110.54627672930032
6.112000000000705, 110.54266003145683
6.113000000000706, 110.53876829792816
6.114000000000706, 110.53462489593171
6.115000000000707, 110.53025319268502
6.116000000000707, 110.52567655540545
6.117000000000708, 110.5209183513105
6.118000000000707, 110.51600194761761
6.119000000000707, 110.5109507115442
6.120000000000708, 110.50578801030774
6.121000000000709, 110.50053721112566
6.122000000000709, 110.49522168121544
6.12300000000071, 110.48986478779449
6.124000000000709, 110.4844898980803
6.1250000000007105, 110.47912037929026
6.12600000000071, 110.4737795986419
6.12700000000071, 110.46849092335259
6.128000000000711, 110.46327772063978
6.129000000000711, 110.45816335772099
6.130000000000711, 110.45317120181363
6.1310000000007125, 110.44832462013514
6.132000000000712, 110.44364697990294
6.133000000000712, 110.43916164833452
6.134000000000713, 110.43489199264731
6.135000000000713, 110.43086138005876
6.136000000000713, 110.42709317778633
6.1370000000007146, 110.42361075304748
6.138000000000714, 110.4204374730596
6.139000000000714, 110.4175967050402
6.140000000000715, 110.41511181620668
6.141000000000716, 110.41300166503676
6.142000000000715, 110.4112550451539
6.143000000000716, 110.40984845189718
6.144000000000716, 110.40875834378116
6.145000000000717, 110.40796117932027
6.146000000000717, 110.407433417029
6.147000000000717, 110.40715151542184
6.148000000000717, 110.40709193301323
6.149000000000718, 110.40723112831768
6.150000000000718, 110.40754555984967
6.151000000000718, 110.40801168612367
6.152000000000719, 110.40860596565415
6.15300000000072, 110.4093048569556
6.154000000000719, 110.41008481854249
6.155000000000721, 110.41092230892932
6.15600000000072, 110.41179378663053
6.157000000000721, 110.41267571016061
6.158000000000721, 110.41354453803406
6.159000000000722, 110.41437672876532
6.160000000000721, 110.41514935653075
6.161000000000723, 110.41585073646117
6.162000000000722, 110.41647900835343
6.163000000000722, 110.41703264279721
6.164000000000723, 110.41751011038218
6.165000000000724, 110.41790988169808
6.166000000000723, 110.41823042733455
6.167000000000724, 110.41847021788125
6.168000000000724, 110.41862772392791
6.1690000000007235, 110.41870141606421
6.170000000000725, 110.41868976487982
6.171000000000726, 110.41859124096439
6.172000000000725, 110.41840431490765
6.173000000000727, 110.41812745729926
6.174000000000726, 110.41775913872894
6.175000000000727, 110.41729782978634
6.176000000000728, 110.41674200106114
6.177000000000727, 110.41609012314304
6.178000000000727, 110.41534066662172
6.179000000000729, 110.41449212753373
6.180000000000729, 110.41354553006038
6.181000000000729, 110.41250653690622
6.18200000000073, 110.41138130767827
6.18300000000073, 110.4101760019836
6.184000000000729, 110.40889677942923
6.185000000000731, 110.40754979962222
6.18600000000073, 110.40614122216955
6.187000000000731, 110.40467720667831
6.188000000000731, 110.40316391275553
6.189000000000731, 110.40160750000824
6.190000000000731, 110.40001412804347
6.191000000000732, 110.39838995646826
6.192000000000732, 110.39674114488965
6.193000000000733, 110.39507385291469
6.194000000000733, 110.39339424015037
6.195000000000734, 110.3917084662038
6.196000000000733, 110.39002269068195
6.197000000000734, 110.38834307319186
6.198000000000734, 110.38667577334064
6.199000000000734, 110.38502695073527
6.200000000000735, 110.38340276498278
6.201000000000736, 110.38180937569021
6.202000000000735, 110.38025294246464
6.203000000000736, 110.37873962491305
6.204000000000736, 110.37727558264251
6.205000000000736, 110.37586697526007
6.206000000000737, 110.37451996237269
6.207000000000737, 110.37324070358753
6.208000000000737, 110.37203535851152
6.209000000000738, 110.37091008675176
6.210000000000738, 110.36987104791527
6.211000000000738, 110.36892440160906
6.212000000000739, 110.36807630744019
6.213000000000739, 110.36733292501572
6.214000000000739, 110.36670041394262
6.215000000000739, 110.366184933828
6.21600000000074, 110.36579264427886
6.217000000000741, 110.36552970490224
6.218000000000741, 110.36540174857493
6.219000000000742, 110.36540914208162
6.220000000000741, 110.3655492218913
6.221000000000741, 110.36581928816742
6.222000000000742, 110.3662166410734
6.223000000000742, 110.3667385807727
6.224000000000743, 110.36738240742879
6.225000000000743, 110.36814542120509
6.226000000000745, 110.36902492226503
6.227000000000744, 110.37001821077212
6.228000000000744, 110.37112258688974
6.229000000000745, 110.37233535078137
6.230000000000746, 110.37365380261045
6.231000000000746, 110.37507524254042
6.232000000000745, 110.37659697073475
6.233000000000746, 110.37821628735686
6.234000000000746, 110.3799304925702
6.235000000000747, 110.38173688653825
6.236000000000747, 110.38363276942438
6.237000000000747, 110.38561544139212
6.238000000000747, 110.38768220260486
6.239000000000747, 110.3898303532261
6.240000000000748, 110.39205719341923
6.241000000000749, 110.39436002334773
6.242000000000748, 110.39673614317506
6.243000000000749, 110.3991828530646
6.244000000000749, 110.40169745317986
6.24500000000075, 110.40427724368428
6.24600000000075, 110.4069195247413
6.247000000000751, 110.40962159651433
6.248000000000751, 110.41238075916685
6.249000000000751, 110.41519431286233
6.250000000000751, 110.41805955776417
6.251000000000753, 110.42097379403585
6.252000000000752, 110.4239343218408
6.253000000000752, 110.42693844134244
6.254000000000753, 110.42998345270429
6.255000000000753, 110.43306665608975
6.256000000000753, 110.43618535166226
6.257000000000754, 110.43933683958524
6.258000000000754, 110.44251842002221
6.259000000000755, 110.4457273931366
6.260000000000755, 110.4489610590918
6.261000000000755, 110.4522167180513
6.262000000000756, 110.45549167017853
6.263000000000755, 110.45878321563696
6.264000000000756, 110.46208865458999
6.265000000000756, 110.46540528720115
6.266000000000757, 110.4687304136338
6.267000000000757, 110.47206133405142
6.268000000000757, 110.47539534861748
6.269000000000758, 110.47872975749539
6.270000000000758, 110.4820618608486
6.2710000000007575, 110.48538895884059
6.272000000000759, 110.48870835163476
6.273000000000759, 110.49201733939461
6.274000000000759, 110.49531322228353
6.275000000000761, 110.498593300465
6.27600000000076, 110.50185487410249
6.277000000000761, 110.50509524335938
6.278000000000761, 110.50831170839915
6.279000000000762, 110.51150156938527
6.280000000000761, 110.51466212648116
6.281000000000762, 110.51779067985026
6.282000000000762, 110.52088452965604
6.2830000000007615, 110.52394097606197
6.284000000000763, 110.52695731923141
6.285000000000762, 110.52993085932786
6.286000000000763, 110.53285889651478
6.287000000000765, 110.53573873095559
6.288000000000764, 110.53856766281379
6.289000000000764, 110.54134299225275
6.290000000000765, 110.54406201943597
6.291000000000765, 110.54672204452686
6.292000000000765, 110.54932036768889
6.293000000000767, 110.5518542890855
6.294000000000766, 110.55432110888012
6.295000000000766, 110.55671812723625
6.296000000000767, 110.55904264431727
6.297000000000768, 110.56129196028668
6.298000000000768, 110.56346337530789
6.299000000000767, 110.56555418954436
6.300000000000768, 110.56756170315953
6.3010000000007675, 110.56948321631688
6.302000000000769, 110.5713160291798
6.303000000000769, 110.57305744191179
6.304000000000769, 110.57470475467626
6.305000000000771, 110.57625526763667
6.30600000000077, 110.57770628095645
6.307000000000771, 110.57905509479909
6.308000000000772, 110.58029900932799
6.309000000000772, 110.58143532470662
6.310000000000772, 110.58246134109841
6.311000000000772, 110.58337435866684
6.312000000000773, 110.58417167757534
6.313000000000773, 110.58485059798733
6.314000000000773, 110.58540842006626
6.315000000000774, 110.58584244397564
6.316000000000773, 110.58614996987885
6.317000000000774, 110.58632829793935
6.318000000000774, 110.5863747283206
6.3190000000007736, 110.58628656118603
6.320000000000775, 110.58606109669913
6.321000000000775, 110.58569563502328
6.322000000000775, 110.58518747632198
6.323000000000775, 110.58453392075866
6.324000000000776, 110.58373226849673
6.325000000000777, 110.5827798196997
6.326000000000777, 110.58167387453098
6.327000000000777, 110.58041173315402
6.3280000000007774, 110.57899069573227
6.329000000000779, 110.57740806242916
6.330000000000778, 110.57566113340818
6.3310000000007784, 110.57374720883274
6.332000000000779, 110.57166358886629
6.333000000000779, 110.5694075736723
6.3340000000007795, 110.56697646341415
6.335000000000781, 110.56436755825538
6.33600000000078, 110.56157815835937
6.3370000000007805, 110.55860556388961
6.338000000000781, 110.55544707500951
6.33900000000078, 110.55209999188251
6.3400000000007815, 110.54856161467211
6.341000000000783, 110.54482924354173
6.342000000000782, 110.54090017865478
6.3430000000007825, 110.53677172017476
6.344000000000783, 110.53244116826507
6.345000000000783, 110.5279058230892
6.3460000000007835, 110.52316298481055
6.347000000000784, 110.51820995359263
6.348000000000784, 110.51304402959883
6.3490000000007845, 110.50766251299261
6.350000000000785, 110.50206270393744
6.351000000000786, 110.49624190259674
6.3520000000007855, 110.49019740913397
6.353000000000785, 110.48393176820521
6.354000000000786, 110.4774941449749
6.3550000000007865, 110.47095812842433
6.356000000000787, 110.46439752223594
6.357000000000788, 110.45788613009205
6.3580000000007875, 110.45149775567504
6.359000000000788, 110.44530620266723
6.360000000000788, 110.43938527475102
6.3610000000007885, 110.43380877560875
6.362000000000789, 110.42865050892286
6.36300000000079, 110.42398427837563
6.3640000000007895, 110.41988388764945
6.365000000000791, 110.41642314042667
6.36600000000079, 110.4136758403897
6.367000000000791, 110.41171579122086
6.368000000000791, 110.41061679660253
6.369000000000791, 110.41045266021705
6.3700000000007915, 110.41129718574683
6.371000000000792, 110.41322417687418
6.372000000000792, 110.41630435218777
6.373000000000793, 110.42052339454317
6.374000000000793, 110.42577330584209
6.375000000000793, 110.43194126876526
6.3760000000007935, 110.43891446599358
6.377000000000795, 110.44658008020781
6.378000000000794, 110.4548252940888
6.3790000000007945, 110.4635372903174
6.380000000000795, 110.47260325157434
6.381000000000795, 110.48191036054052
6.3820000000007955, 110.4913457998967
6.383000000000797, 110.50079675232377
6.384000000000796, 110.51015040050248
6.385000000000797, 110.5192939271137
6.386000000000797, 110.5281145148382
6.387000000000798, 110.53649934635683
6.3880000000007975, 110.54433560435041
6.389000000000798, 110.55151047149975
6.390000000000798, 110.55791113048565
6.391000000000799, 110.56342492528374
6.392000000000799, 110.56798267051387
6.393000000000799, 110.57161717747648
6.3940000000007995, 110.57437586935659
6.395000000000799, 110.57630616933919
6.3960000000008, 110.57745550060935
6.3970000000008005, 110.57787128635205
6.398000000000802, 110.57760094975234
6.399000000000802, 110.57669191399523
6.4000000000008015, 110.57519160226579
6.401000000000803, 110.57314743774896
6.402000000000802, 110.57060684362982
6.403000000000803, 110.56761724309337
6.404000000000803, 110.56422605932467
6.405000000000804, 110.5604807155087
6.4060000000008035, 110.55642863483051
6.407000000000805, 110.5521172404751
6.408000000000804, 110.5475939556275
6.409000000000805, 110.54290620347277
6.410000000000805, 110.53810140719588
6.411000000000806, 110.5332269899819
6.412000000000806, 110.52833037501581
6.413000000000805, 110.52345898548268
6.414000000000806, 110.51866024456749
6.415000000000807, 110.51398157545526
6.416000000000807, 110.50947040133109
6.417000000000807, 110.5051741453799
6.418000000000808, 110.50114023078677
6.419000000000807, 110.49741608073674
6.420000000000808, 110.49404911841478
6.421000000000809, 110.49108676700595
6.422000000000809, 110.48857644969526
6.42300000000081, 110.48656558966775
6.4240000000008095, 110.48510161010842
6.425000000000809, 110.48423193420231
6.42600000000081, 110.48400398513445
6.42700000000081, 110.48446518608984
6.428000000000811, 110.48566296025352
6.42900000000081, 110.4876447308105
6.4300000000008115, 110.49045149112781
6.431000000000813, 110.49403543406652
6.432000000000812, 110.49828399511088
6.4330000000008125, 110.5030831393361
6.434000000000813, 110.50831883181749
6.435000000000813, 110.51387703763024
6.4360000000008135, 110.51964372184966
6.437000000000814, 110.52550484955097
6.438000000000814, 110.53134638580947
6.439000000000815, 110.53705429570036
6.440000000000815, 110.54251454429892
6.441000000000814, 110.54761309668044
6.4420000000008155, 110.55223591792011
6.443000000000816, 110.55626897309324
6.444000000000816, 110.55959822727506
6.445000000000816, 110.56210964554081
6.446000000000817, 110.56368919296577
6.447000000000817, 110.56422283462518
6.4480000000008175, 110.56359653559434
6.449000000000819, 110.56169779256297
6.450000000000818, 110.55850189770078
6.4510000000008185, 110.55411791884319
6.452000000000819, 110.54866616589766
6.453000000000819, 110.54226694877171
6.4540000000008195, 110.53504057737288
6.455000000000819, 110.5271073616087
6.45600000000082, 110.51858761138669
6.4570000000008205, 110.50960163661435
6.458000000000821, 110.50026974719924
6.459000000000821, 110.49071225304884
6.4600000000008215, 110.48104946407071
6.461000000000822, 110.47140169017237
6.462000000000822, 110.46188924126133
6.463000000000823, 110.45263242724509
6.464000000000823, 110.44375155803121
6.465000000000823, 110.43536694352719
6.4660000000008235, 110.42759889364055
6.467000000000823, 110.42056771827883
6.468000000000824, 110.41439372126162
6.4690000000008245, 110.40916194457218
6.470000000000825, 110.40483917147724
6.471000000000825, 110.40136742177931
6.4720000000008255, 110.39868871528097
6.473000000000827, 110.39674507178474
6.474000000000826, 110.39547851109315
6.4750000000008265, 110.39483105300873
6.476000000000827, 110.39474471733405
6.477000000000826, 110.39516152387164
6.4780000000008275, 110.39602349242404
6.479000000000828, 110.39727264279377
6.480000000000828, 110.39885099478337
6.481000000000829, 110.40070056819542
6.482000000000829, 110.40276338283243
6.483000000000829, 110.40498145849693
6.4840000000008295, 110.40729681499147
6.485000000000831, 110.40965147211861
6.48600000000083, 110.41198744968088
6.4870000000008305, 110.41424676748078
6.488000000000832, 110.41637620153257
6.489000000000831, 110.41836025284034
6.4900000000008315, 110.42020139319644
6.491000000000832, 110.42190220458636
6.492000000000832, 110.42346526899567
6.4930000000008326, 110.42489316840988
6.494000000000833, 110.42618848481456
6.495000000000833, 110.42735380019528
6.4960000000008336, 110.42839169653753
6.497000000000834, 110.42930475582686
6.498000000000834, 110.43009556004887
6.499000000000834, 110.43076669118906
6.500000000000835, 110.43132073123299
6.501000000000835, 110.43176026216616
6.5020000000008356, 110.4320878659742
6.503000000000836, 110.43230612464258
6.504000000000837, 110.43241762015688
6.5050000000008374, 110.43242493450262
6.506000000000837, 110.43233064966536
6.507000000000836, 110.43213734763066
6.508000000000838, 110.43184761038403
6.509000000000839, 110.43146401991106
6.510000000000838, 110.43098915819726
6.511000000000838, 110.43042560722816
6.512000000000839, 110.42977594898935
6.513000000000838, 110.4290427654663
6.51400000000084, 110.42822863864465
6.515000000000839, 110.4273361505099
6.51600000000084, 110.42636788304759
6.51700000000084, 110.42532641824323
6.518000000000841, 110.42421433808246
6.51900000000084, 110.42303422455072
6.5200000000008425, 110.42178865963363
6.521000000000843, 110.42048022531671
6.522000000000842, 110.41911150358546
6.523000000000842, 110.4176850764255
6.524000000000843, 110.41620352582233
6.525000000000842, 110.4146694337615
6.526000000000844, 110.41308538222854
6.527000000000845, 110.41145395320903
6.528000000000845, 110.40977772868851
6.529000000000845, 110.40805929065252
6.530000000000845, 110.40630122108655
6.531000000000844, 110.40450610197621
6.532000000000846, 110.40267651530702
6.533000000000845, 110.40081504306453
6.534000000000846, 110.39892426723426
6.535000000000846, 110.3970067698018
6.536000000000847, 110.39506513275268
6.537000000000846, 110.39310193807242
6.538000000000848, 110.39111976774659
6.539000000000849, 110.38912120376074
6.540000000000848, 110.38710882810037
6.5410000000008495, 110.38508522275106
6.542000000000849, 110.38305296969833
6.54300000000085, 110.38101465092777
6.54400000000085, 110.37897284842488
6.545000000000851, 110.37693014417523
6.54600000000085, 110.37488912016437
6.5470000000008515, 110.3728523583778
6.548000000000851, 110.3708224408011
6.549000000000851, 110.36880194941982
6.550000000000852, 110.36679346621949
6.551000000000851, 110.36479957318565
6.552000000000852, 110.36282285230385
6.553000000000853, 110.36086588555965
6.554000000000853, 110.35893125493857
6.555000000000853, 110.35702154242617
6.556000000000854, 110.35513933000797
6.557000000000854, 110.35328719966955
6.558000000000854, 110.35146773339642
6.559000000000855, 110.34968351317418
6.560000000000855, 110.3479371209883
6.561000000000855, 110.34623113882438
6.562000000000856, 110.34456814866793
6.563000000000856, 110.34295073250453
6.564000000000856, 110.34138147231971
6.565000000000857, 110.33986360698054
6.566000000000857, 110.33840834405959
6.567000000000857, 110.33703219462717
6.568000000000858, 110.33575176573625
6.569000000000858, 110.33458366443985
6.570000000000858, 110.333544497791
6.5710000000008595, 110.33265087284266
6.572000000000859, 110.33191939664789
6.573000000000859, 110.33136667625966
6.57400000000086, 110.33100931873099
6.57500000000086, 110.33086393111488
6.57600000000086, 110.33094712046434
6.57700000000086, 110.33127549383236
6.578000000000861, 110.33186565827197
6.579000000000861, 110.33273422083617
6.580000000000862, 110.33389778857794
6.581000000000862, 110.33537296855032
6.582000000000862, 110.33717636780631
6.583000000000863, 110.3393245933989
6.584000000000863, 110.34183378193447
6.585000000000863, 110.34469865426766
6.586000000000864, 110.34788415364737
6.587000000000864, 110.35135302333366
6.588000000000864, 110.35506800658672
6.589000000000865, 110.3589918466666
6.590000000000865, 110.36308728683343
6.591000000000866, 110.36731707034731
6.592000000000866, 110.37164394046837
6.593000000000866, 110.37603064045668
6.594000000000866, 110.38043991357237
6.595000000000866, 110.38483450307554
6.596000000000867, 110.38917715222632
6.597000000000867, 110.39343060428479
6.598000000000868, 110.39755760251107
6.599000000000868, 110.40152089016527
6.600000000000868, 110.40528321050748
6.601000000000869, 110.40880730679783
6.60200000000087, 110.4120559222964
6.60300000000087, 110.4149918065134
6.60400000000087, 110.41758770355894
6.605000000000869, 110.41984663279743
6.60600000000087, 110.4217773243324
6.607000000000871, 110.42338850826717
6.608000000000871, 110.42468891470523
6.609000000000871, 110.4256872737499
6.610000000000872, 110.42639231550467
6.611000000000872, 110.4268127700729
6.612000000000872, 110.42695736755805
6.613000000000872, 110.42683483806344
6.614000000000873, 110.42645391169256
6.615000000000873, 110.42582331854878
6.616000000000874, 110.42495178873554
6.617000000000875, 110.42384805235622
6.618000000000874, 110.42252083951423
6.619000000000875, 110.42097888031302
6.620000000000875, 110.41923090485594
6.621000000000874, 110.41728564324643
6.622000000000876, 110.41515182558791
6.623000000000875, 110.41284314159897
6.624000000000876, 110.41040848415966
6.625000000000876, 110.40791197371023
6.626000000000877, 110.40541779147856
6.627000000000877, 110.40299011869246
6.628000000000878, 110.40069313657978
6.629000000000877, 110.39859102636832
6.630000000000878, 110.39674796928594
6.631000000000879, 110.39522814656046
6.632000000000879, 110.39409573941971
6.633000000000878, 110.39341492909153
6.63400000000088, 110.39324989680377
6.635000000000879, 110.39366482378423
6.63600000000088, 110.39472389126077
6.63700000000088, 110.39649128046118
6.638000000000881, 110.39903117261333
6.639000000000881, 110.40240774894505
6.640000000000882, 110.40668519068417
6.641000000000881, 110.41192767905851
6.642000000000882, 110.41819423157003
6.643000000000883, 110.42544113936185
6.644000000000883, 110.43353015903683
6.645000000000884, 110.4423195253834
6.6460000000008845, 110.45166747318994
6.647000000000884, 110.46143223724489
6.648000000000884, 110.47147205233662
6.6490000000008855, 110.48164515325365
6.650000000000885, 110.49180977478431
6.651000000000886, 110.50182415171702
6.652000000000886, 110.51154651884019
6.653000000000887, 110.5208351109423
6.654000000000886, 110.52954816281165
6.655000000000887, 110.53754390923676
6.656000000000887, 110.544680585006
6.657000000000888, 110.5508164249078
6.658000000000888, 110.55580966373054
6.659000000000888, 110.55951853626269
6.660000000000888, 110.56180127729262
6.6610000000008895, 110.5625168431244
6.662000000000889, 110.56161058472351
6.663000000000889, 110.55919515778466
6.66400000000089, 110.55540237251691
6.665000000000891, 110.55036403912932
6.66600000000089, 110.54421196783093
6.667000000000891, 110.53707796883076
6.668000000000891, 110.5290938523379
6.669000000000891, 110.52039142856137
6.670000000000892, 110.5111025077102
6.671000000000893, 110.50135889999348
6.672000000000892, 110.49129241562025
6.6730000000008936, 110.48103486479954
6.674000000000893, 110.47071805774036
6.675000000000893, 110.4604738046518
6.676000000000894, 110.45043391574292
6.677000000000895, 110.44073020122276
6.678000000000894, 110.43149447130031
6.679000000000895, 110.42285853618466
6.680000000000895, 110.41495420608489
6.681000000000896, 110.40789103146413
6.682000000000896, 110.40168121250112
6.683000000000896, 110.39631034362114
6.684000000000896, 110.39176401860908
6.685000000000898, 110.38802783124983
6.686000000000897, 110.38508737532823
6.687000000000898, 110.38292824462911
6.688000000000898, 110.38153603293738
6.689000000000898, 110.38089633403791
6.690000000000898, 110.3809947417155
6.691000000000899, 110.38181684975505
6.692000000000899, 110.38334825194144
6.693000000000899, 110.38557454205952
6.6940000000009, 110.38848131389412
6.6950000000009, 110.39205416123015
6.6960000000009, 110.39627867785245
6.697000000000902, 110.40114045754588
6.698000000000901, 110.40662509409532
6.699000000000901, 110.41271818128558
6.700000000000902, 110.41940204731728
6.701000000000902, 110.42662403680788
6.702000000000902, 110.43431026272216
6.703000000000903, 110.44238653971169
6.704000000000903, 110.45077868242794
6.705000000000903, 110.45941250552235
6.706000000000904, 110.46821382364654
6.707000000000904, 110.47710845145195
6.708000000000904, 110.48602220359011
6.709000000000906, 110.49488089471247
6.710000000000905, 110.50361033947057
6.711000000000905, 110.51213635251592
6.712000000000906, 110.52038474850006
6.713000000000906, 110.52828134207444
6.714000000000906, 110.53575194789059
6.715000000000906, 110.54272238059998
6.716000000000907, 110.54911845485415
6.717000000000907, 110.55486598530462
6.718000000000908, 110.55989078660284
6.719000000000908, 110.56412024289793
6.720000000000908, 110.56753973305769
6.721000000000909, 110.57020827142259
6.722000000000909, 110.57218962599548
6.7230000000009085, 110.57354756477916
6.72400000000091, 110.57434585577641
6.725000000000909, 110.57464826699007
6.72600000000091, 110.57451856642294
6.727000000000911, 110.57402052207786
6.728000000000911, 110.57321790195759
6.729000000000912, 110.572174474065
6.730000000000912, 110.57095400640284
6.731000000000912, 110.56962026697397
6.732000000000912, 110.5682370237812
6.733000000000913, 110.56686804482729
6.734000000000913, 110.56557709811506
6.7350000000009125, 110.56442795164742
6.736000000000914, 110.56348437342707
6.737000000000915, 110.56281013145686
6.738000000000914, 110.56246895155854
6.739000000000915, 110.56249580020163
6.740000000000915, 110.56284685285785
6.741000000000915, 110.56346491266756
6.742000000000916, 110.56429278277119
6.743000000000915, 110.56527326630916
6.744000000000916, 110.56634916642186
6.745000000000918, 110.56746328624965
6.746000000000917, 110.56855842893297
6.747000000000918, 110.56957739761225
6.748000000000918, 110.57046299542785
6.749000000000918, 110.57115802552019
6.750000000000918, 110.57160529102967
6.751000000000918, 110.5717475950967
6.75200000000092, 110.57152774086171
6.7530000000009185, 110.57088853146504
6.754000000000919, 110.56977277004714
6.755000000000919, 110.56812325974838
6.75600000000092, 110.56588280370919
6.75700000000092, 110.56299420506997
6.758000000000921, 110.55941024906777
6.7590000000009205, 110.55514727824591
6.760000000000922, 110.55024656355069
6.761000000000921, 110.54474943461449
6.762000000000922, 110.53869722106975
6.763000000000924, 110.53213125254891
6.764000000000923, 110.52509285868435
6.765000000000923, 110.51762336910852
6.766000000000924, 110.50976411345384
6.767000000000925, 110.50155642135272
6.768000000000924, 110.4930416224376
6.769000000000925, 110.48426104634088
6.770000000000925, 110.47525602269499
6.771000000000926, 110.46606788113235
6.772000000000926, 110.45673795128538
6.773000000000926, 110.4473075627865
6.774000000000926, 110.43781804526814
6.775000000000928, 110.4283107283627
6.776000000000927, 110.41882694170266
6.777000000000927, 110.40940910722576
6.778000000000928, 110.40011838757066
6.779000000000929, 110.39103170524652
6.780000000000928, 110.38222647328793
6.781000000000929, 110.37378010472958
6.782000000000929, 110.36577001260609
6.78300000000093, 110.3582736099521
6.78400000000093, 110.35136830980227
6.78500000000093, 110.3451315251912
6.78600000000093, 110.33964066915362
6.78700000000093, 110.33497315472408
6.788000000000931, 110.33120639493727
6.789000000000931, 110.32841780282783
6.790000000000932, 110.3266847914304
6.791000000000932, 110.3260847737796
6.792000000000932, 110.32669516291011
6.793000000000933, 110.32859337185656
6.794000000000932, 110.33185681365359
6.795000000000933, 110.33656290133581
6.796000000000934, 110.34278810568608
6.797000000000934, 110.35052667547728
6.7980000000009335, 110.35962792594847
6.799000000000936, 110.36992641003343
6.800000000000935, 110.38125668066581
6.801000000000935, 110.39345329077945
6.802000000000936, 110.40635079330804
6.803000000000935, 110.4197837411853
6.804000000000936, 110.433586687345
6.805000000000938, 110.44759418472087
6.806000000000937, 110.46164078624662
6.807000000000937, 110.47556104485602
6.808000000000938, 110.48918951348281
6.809000000000938, 110.50236074506074
6.810000000000938, 110.51490929252351
6.811000000000939, 110.52666970880486
6.812000000000939, 110.53747654683858
6.813000000000939, 110.54716435955834
6.81400000000094, 110.55556769989794
6.81500000000094, 110.5625211207956
6.81600000000094, 110.56790229331997
6.817000000000941, 110.57175892487372
6.818000000000941, 110.5741806314746
6.819000000000941, 110.57525702914043
6.820000000000942, 110.57507773388897
6.821000000000942, 110.57373236173804
6.822000000000942, 110.5713105287054
6.823000000000943, 110.56790185080887
6.824000000000943, 110.56359594406617
6.825000000000943, 110.55848242449517
6.826000000000944, 110.5526509081136
6.827000000000944, 110.5461910109393
6.828000000000944, 110.53919234899001
6.829000000000945, 110.53174453828355
6.830000000000945, 110.52393719483769
6.831000000000945, 110.51585993467023
6.832000000000946, 110.50760237379893
6.833000000000946, 110.49925412824163
6.834000000000946, 110.49090481401606
6.835000000000947, 110.48263944963571
6.836000000000947, 110.47449936134655
6.837000000000948, 110.46650171861863
6.838000000000948, 110.45866343603794
6.839000000000948, 110.45100142819047
6.840000000000948, 110.44353260966224
6.841000000000948, 110.43627389503924
6.842000000000949, 110.4292421989075
6.843000000000949, 110.422454435853
6.84400000000095, 110.41592752046175
6.84500000000095, 110.40967836731977
6.84600000000095, 110.40372389101304
6.847000000000951, 110.39808100612761
6.848000000000951, 110.39276662724944
6.849000000000951, 110.38779766896454
6.850000000000952, 110.38319104585892
6.851000000000952, 110.3789636725186
6.852000000000952, 110.37513246352957
6.853000000000953, 110.37171433347784
6.854000000000953, 110.36872619694941
6.8550000000009526, 110.3661849685303
6.856000000000954, 110.3641075628065
6.857000000000954, 110.36251089436401
6.858000000000954, 110.36141187778883
6.859000000000955, 110.360827427667
6.860000000000955, 110.3607744585845
6.861000000000956, 110.36126988512734
6.862000000000956, 110.3623306218815
6.863000000000956, 110.36397358343301
6.8640000000009564, 110.36621568436787
6.865000000000956, 110.36907383927213
6.866000000000957, 110.3725649627317
6.867000000000957, 110.37670596933265
6.868000000000958, 110.38151377366097
6.869000000000957, 110.38700529030268
6.8700000000009585, 110.39319743384377
6.87100000000096, 110.40010711887024
6.872000000000959, 110.40775125996807
6.87300000000096, 110.41614666328029
6.87400000000096, 110.42527078626526
6.87500000000096, 110.43500344377559
6.87600000000096, 110.44520956373658
6.87700000000096, 110.45575407407358
6.878000000000961, 110.46650190271187
6.8790000000009615, 110.47731797757682
6.880000000000962, 110.48806722659367
6.881000000000963, 110.49861457768779
6.8820000000009625, 110.50882495878447
6.883000000000963, 110.51856329780911
6.884000000000963, 110.52769452268691
6.885000000000964, 110.53608356134325
6.886000000000964, 110.54359534170342
6.887000000000964, 110.5500947916928
6.8880000000009645, 110.55544683923664
6.889000000000966, 110.55951641226028
6.890000000000965, 110.56216843868903
6.8910000000009655, 110.56326784644824
6.892000000000966, 110.56267956346318
6.893000000000967, 110.5603056104012
6.8940000000009665, 110.55626027242634
6.895000000000966, 110.55073321196446
6.896000000000967, 110.54391418133422
6.897000000000967, 110.53599293285426
6.898000000000968, 110.52715921884328
6.899000000000969, 110.51760279161996
6.9000000000009685, 110.50751340350298
6.901000000000968, 110.49708080681103
6.902000000000969, 110.48649475386271
6.9030000000009695, 110.47594499697678
6.90400000000097, 110.46562128847185
6.90500000000097, 110.45571338066665
6.9060000000009705, 110.4464110258798
6.907000000000971, 110.43790397643002
6.908000000000971, 110.430381984636
6.9090000000009715, 110.42403480281635
6.910000000000972, 110.41905218328972
6.911000000000972, 110.41562387837493
6.9120000000009725, 110.41392811320759
6.913000000000973, 110.4139711739148
6.914000000000973, 110.41562726419207
6.9150000000009735, 110.41876720605198
6.916000000000973, 110.42326182150714
6.917000000000974, 110.42898193257017
6.9180000000009745, 110.4357983612536
6.919000000000975, 110.44358192957013
6.920000000000975, 110.45220345953229
6.921000000000975, 110.4615337731527
6.922000000000976, 110.47144369244396
6.923000000000976, 110.48180403941869
6.924000000000977, 110.49248563608944
6.925000000000977, 110.50335930446886
6.926000000000977, 110.51429586656953
6.927000000000978, 110.52516614440404
6.928000000000978, 110.535840959985
6.929000000000977, 110.54619113532502
6.9300000000009785, 110.55608749243669
6.93100000000098, 110.5654013179421
6.932000000000979, 110.5740346494543
6.93300000000098, 110.5819389192737
6.93400000000098, 110.58907001762176
6.935000000000981, 110.59538383472
6.9360000000009805, 110.60083626078979
6.937000000000982, 110.60538318605266
6.938000000000981, 110.60898050073007
6.939000000000982, 110.61158409504347
6.940000000000982, 110.61314985921432
6.941000000000982, 110.61363368346406
6.9420000000009825, 110.61299145801419
6.943000000000983, 110.61117907308616
6.944000000000983, 110.60815241890145
6.945000000000983, 110.60386738568153
6.946000000000984, 110.59827986364779
6.947000000000985, 110.59134574302178
6.9480000000009845, 110.5830209140249
6.949000000000984, 110.57326126687865
6.950000000000985, 110.56202269407653
6.9510000000009855, 110.54930336008691
6.952000000000986, 110.53525177995782
6.953000000000986, 110.52004988098766
6.9540000000009865, 110.50387959047478
6.955000000000987, 110.4869228357176
6.956000000000987, 110.46936154401456
6.9570000000009875, 110.451377642664
6.958000000000988, 110.43315305896431
6.959000000000988, 110.41486972021394
6.9600000000009885, 110.39670955371123
6.961000000000988, 110.37885448675459
6.962000000000989, 110.36148644664242
6.9630000000009895, 110.3447873606731
6.96400000000099, 110.32893915614503
6.96500000000099, 110.31412376035662
6.9660000000009905, 110.30052310060627
6.967000000000991, 110.28831910419228
6.968000000000992, 110.27769369841317
6.969000000000991, 110.26882881056731
6.970000000000992, 110.26188390643918
6.971000000000992, 110.2568283538896
6.9720000000009925, 110.25353588346626
6.973000000000993, 110.25187949986827
6.974000000000993, 110.25173220779484
6.975000000000993, 110.25296701194515
6.976000000000994, 110.2554569170182
6.977000000000993, 110.25907492771333
6.9780000000009945, 110.26369404872959
6.979000000000994, 110.26918728476612
6.980000000000995, 110.27542764052218
6.981000000000995, 110.28228812069682
6.982000000000996, 110.2896417299892
6.983000000000995, 110.29736147309855
6.9840000000009965, 110.30532035472396
6.985000000000997, 110.31339137956459
6.986000000000997, 110.32144755231964
6.987000000000998, 110.3293618776882
6.988000000000998, 110.33700736036948
6.989000000000997, 110.34425961708217
6.990000000000998, 110.35106115315952
6.991000000000998, 110.35742538135912
6.992000000001, 110.36336913107816
6.993000000001, 110.3689092317137
6.994000000001, 110.37406251266289
6.995000000000999, 110.37884580332279
6.9960000000010005, 110.38327593309049
6.997000000001001, 110.38736973136315
6.998000000001001, 110.39114402753786
6.999000000001002, 110.39461565101168
7.000000000001002, 110.39780143118178
7.001000000001003, 110.40071819744519
7.0020000000010025, 110.40338277919908
7.003000000001004, 110.40581200584052
7.004000000001003, 110.40802270676663
7.0050000000010035, 110.41003171137451
7.006000000001004, 110.41185584906125
7.007000000001005, 110.41351194922397
7.0080000000010045, 110.4150168259852
7.009000000001005, 110.4163839214
7.010000000001004, 110.41761908717176
7.011000000001006, 110.41872713754255
7.012000000001006, 110.41971288675454
7.013000000001006, 110.42058114904982
7.0140000000010065, 110.42133673867056
7.015000000001008, 110.4219844698589
7.016000000001007, 110.42252915685691
7.017000000001008, 110.42297561390679
7.018000000001008, 110.42332865525061
7.019000000001009, 110.42359309513051
7.0200000000010085, 110.42377374778862
7.021000000001009, 110.4238754274671
7.022000000001008, 110.42390294840803
7.0230000000010095, 110.42386112485357
7.02400000000101, 110.42375477104584
7.02500000000101, 110.42358870122696
7.0260000000010105, 110.42336772963907
7.027000000001011, 110.4230966705243
7.028000000001011, 110.42278033812477
7.029000000001012, 110.4224235466826
7.030000000001012, 110.42203111043993
7.031000000001012, 110.4216078436389
7.0320000000010126, 110.4211585605216
7.033000000001014, 110.42068807533022
7.034000000001013, 110.42020120230683
7.035000000001014, 110.41970275569358
7.036000000001014, 110.41919754973259
7.037000000001014, 110.41869039866602
7.0380000000010146, 110.41818611673594
7.039000000001014, 110.41768951818453
7.040000000001015, 110.41720541725391
7.041000000001015, 110.4167386281862
7.042000000001016, 110.4162939652235
7.043000000001016, 110.41587624260798
7.044000000001017, 110.41549027458176
7.045000000001017, 110.41514087538695
7.046000000001016, 110.4148328592657
7.047000000001018, 110.41457070114342
7.048000000001018, 110.41435444559124
7.049000000001018, 110.41418102990949
7.050000000001018, 110.41404732718136
7.051000000001019, 110.41395021049011
7.052000000001019, 110.41388655291888
7.053000000001019, 110.41385322755087
7.05400000000102, 110.41384710746928
7.055000000001021, 110.41386506575725
7.056000000001021, 110.41390397549802
7.057000000001022, 110.41396070977477
7.058000000001021, 110.4140321416707
7.059000000001022, 110.41411514426898
7.060000000001022, 110.4142065906528
7.061000000001023, 110.41430335390537
7.062000000001023, 110.41440230710987
7.063000000001023, 110.41450032334949
7.064000000001023, 110.41459427570742
7.065000000001024, 110.41468103726685
7.066000000001025, 110.41475750960996
7.067000000001025, 110.41482207023807
7.068000000001025, 110.4148752590425
7.069000000001025, 110.41491778801708
7.070000000001025, 110.41495036915565
7.071000000001026, 110.41497371445205
7.072000000001026, 110.41498853590012
7.073000000001026, 110.41499554549365
7.074000000001027, 110.41499545522657
7.075000000001027, 110.41498897709259
7.076000000001027, 110.41497682308562
7.077000000001028, 110.4149597051995
7.078000000001028, 110.41493833542802
7.079000000001029, 110.41491342576504
7.080000000001029, 110.41488568820438
7.081000000001029, 110.41485583473988
7.08200000000103, 110.4148245773654
7.08300000000103, 110.41479262807472
7.08400000000103, 110.41476069886173
7.08500000000103, 110.41472950169133
7.086000000001031, 110.41469965930817
7.08700000000103, 110.41467150802023
7.088000000001031, 110.41464532676898
7.089000000001032, 110.41462139449587
7.090000000001034, 110.41459999014238
7.091000000001031, 110.41458139265002
7.092000000001033, 110.41456588096024
7.093000000001032, 110.41455373401452
7.094000000001034, 110.41454523075434
7.095000000001033, 110.41454065012117
7.096000000001034, 110.4145402710565
7.097000000001033, 110.4145443725018
7.098000000001035, 110.41455323339852
7.099000000001034, 110.41456713268818
7.100000000001035, 110.4145863493122
7.101000000001035, 110.41461116221208
7.102000000001036, 110.41464185032933
7.103000000001037, 110.4146786926054
7.104000000001037, 110.41472196798176
7.105000000001038, 110.4147717803718
7.106000000001037, 110.41482691022185
7.107000000001038, 110.41488553289098
7.108000000001037, 110.41494582061944
7.109000000001039, 110.41500594564755
7.110000000001039, 110.41506408021553
7.11100000000104, 110.41511839656364
7.112000000001038, 110.41516706693217
7.1130000000010405, 110.41520826356135
7.11400000000104, 110.41524015869146
7.115000000001041, 110.41526092456279
7.116000000001041, 110.41526873341556
7.117000000001042, 110.41526175749006
7.118000000001041, 110.41523816902654
7.119000000001042, 110.41519614026528
7.120000000001042, 110.41513384344654
7.121000000001043, 110.41504945081056
7.122000000001043, 110.41494113459763
7.123000000001043, 110.414807067048
7.124000000001042, 110.41464552545688
7.1250000000010445, 110.41445707132515
7.126000000001044, 110.41424447931729
7.127000000001045, 110.41401061493981
7.128000000001045, 110.41375834369924
7.129000000001044, 110.41349053110208
7.130000000001045, 110.41321004265488
7.131000000001046, 110.41291974386414
7.132000000001046, 110.41262250023637
7.133000000001047, 110.4123211772781
7.134000000001047, 110.41201864049584
7.135000000001047, 110.41171775539615
7.136000000001047, 110.41142138748548
7.137000000001048, 110.41113240227038
7.138000000001048, 110.41085366525735
7.139000000001048, 110.41058804195295
7.140000000001048, 110.41033839786367
7.141000000001049, 110.41010759849604
7.142000000001049, 110.40989850935654
7.14300000000105, 110.40971399595175
7.14400000000105, 110.40955692378813
7.145000000001051, 110.40943015837223
7.146000000001051, 110.40933656521055
7.147000000001052, 110.40927900980964
7.148000000001051, 110.40926035767598
7.149000000001052, 110.40928347431613
7.150000000001052, 110.40935122523655
7.151000000001052, 110.4094664759438
7.152000000001053, 110.4096320919444
7.153000000001053, 110.40985093874485
7.154000000001053, 110.41012588185167
7.155000000001054, 110.41045978677138
7.156000000001053, 110.41085551901051
7.157000000001054, 110.41131594407558
7.158000000001055, 110.41184392747307
7.159000000001055, 110.41244233470954
7.160000000001055, 110.41311403129149
7.161000000001055, 110.41386188272544
7.162000000001056, 110.4146887545179
7.163000000001056, 110.41559326206173
7.164000000001057, 110.41655429640487
7.165000000001057, 110.41754503084098
7.166000000001057, 110.41853863806456
7.167000000001057, 110.41950829077021
7.168000000001058, 110.42042716165246
7.169000000001058, 110.42126842340585
7.170000000001059, 110.422005248725
7.171000000001059, 110.42261081030442
7.172000000001059, 110.42305828083865
7.17300000000106, 110.42332083302227
7.17400000000106, 110.42337163954986
7.175000000001061, 110.42318387311593
7.176000000001061, 110.42273070641507
7.177000000001061, 110.42198531214181
7.178000000001061, 110.42092086299074
7.179000000001062, 110.41951053165639
7.180000000001062, 110.41772749083333
7.181000000001063, 110.4155449132161
7.182000000001063, 110.41293965624553
7.183000000001062, 110.4099309378683
7.184000000001063, 110.40656508167382
7.185000000001063, 110.40288885306674
7.186000000001064, 110.39894901745163
7.187000000001064, 110.3947923402332
7.188000000001065, 110.390465586816
7.189000000001066, 110.38601552260471
7.190000000001065, 110.38148891300398
7.1910000000010665, 110.37693252341839
7.192000000001066, 110.3723931192526
7.193000000001067, 110.36791746591122
7.194000000001067, 110.36355232879889
7.195000000001068, 110.35934447332028
7.196000000001067, 110.35534066487993
7.197000000001067, 110.35158766888257
7.198000000001068, 110.34813225073276
7.199000000001068, 110.34502117583516
7.2000000000010695, 110.34230120959441
7.201000000001069, 110.3400184670538
7.202000000001069, 110.33819204878154
7.20300000000107, 110.33680492656487
7.20400000000107, 110.33583755053705
7.205000000001071, 110.3352703708312
7.206000000001071, 110.33508383758057
7.20700000000107, 110.33525840091833
7.208000000001071, 110.3357745109777
7.209000000001072, 110.33661261789189
7.210000000001072, 110.33775317179408
7.211000000001071, 110.33917662281749
7.212000000001073, 110.34086342109529
7.213000000001074, 110.34279401676072
7.214000000001073, 110.34494885994692
7.215000000001073, 110.34730840078714
7.216000000001074, 110.34985308941455
7.217000000001074, 110.35256337596239
7.218000000001075, 110.35541971056382
7.219000000001076, 110.35840254335206
7.220000000001075, 110.3614923244603
7.221000000001076, 110.36466950402175
7.222000000001076, 110.3679145321696
7.2230000000010754, 110.37120785903706
7.224000000001077, 110.3745299347573
7.225000000001076, 110.37786120946356
7.226000000001077, 110.38118213328903
7.227000000001077, 110.38447315636688
7.228000000001078, 110.38771472883036
7.229000000001078, 110.39088730081262
7.230000000001078, 110.3939713224469
7.231000000001078, 110.39694724386635
7.23200000000108, 110.39979551520423
7.23300000000108, 110.4024965865937
7.23400000000108, 110.40503090816797
7.235000000001081, 110.40737893006025
7.236000000001081, 110.40952110240372
7.237000000001081, 110.41143787533159
7.238000000001081, 110.41310969897707
7.239000000001083, 110.41451702347334
7.240000000001082, 110.41564450839918
7.241000000001082, 110.41650532805316
7.242000000001083, 110.41712448766282
7.243000000001084, 110.41752703068838
7.244000000001083, 110.41773800059008
7.245000000001084, 110.41778244082812
7.246000000001084, 110.41768539486274
7.247000000001085, 110.41747190615412
7.248000000001085, 110.41716701816252
7.249000000001086, 110.41679577434813
7.2500000000010845, 110.41638321817118
7.251000000001087, 110.41595439309188
7.252000000001086, 110.41553434257047
7.253000000001086, 110.41514811006715
7.254000000001087, 110.41482073904211
7.255000000001087, 110.4145772729556
7.256000000001087, 110.41444275526786
7.257000000001088, 110.41444222943908
7.258000000001088, 110.41460073892947
7.259000000001089, 110.41494167200835
7.260000000001089, 110.415457540722
7.261000000001089, 110.41611351620442
7.262000000001089, 110.41687382474
7.263000000001089, 110.41770269261309
7.26400000000109, 110.41856434610808
7.265000000001091, 110.41942301150938
7.26600000000109, 110.42024291510133
7.26700000000109, 110.42098828316837
7.268000000001091, 110.42162334199483
7.269000000001092, 110.42211231786511
7.270000000001092, 110.42241943706358
7.271000000001092, 110.42250892587464
7.272000000001093, 110.42234501058267
7.273000000001094, 110.42189191747205
7.274000000001093, 110.42111387282714
7.275000000001094, 110.41997510293234
7.276000000001094, 110.41843983407203
7.277000000001094, 110.41647229253059
7.278000000001094, 110.41403699245572
7.279000000001094, 110.41112838748298
7.280000000001095, 110.40779661683064
7.281000000001097, 110.40409788699932
7.282000000001096, 110.40008840448974
7.283000000001096, 110.39582437580252
7.284000000001097, 110.39136200743839
7.285000000001097, 110.38675750589799
7.286000000001097, 110.38206707768207
7.287000000001099, 110.37734692929122
7.288000000001098, 110.37265326722617
7.2890000000010975, 110.36804229798756
7.290000000001099, 110.36357022807613
7.2910000000011, 110.35929326399248
7.292000000001099, 110.35526761223737
7.2930000000011, 110.35154947931144
7.2940000000011, 110.34819507171535
7.2950000000011, 110.34526059594978
7.296000000001101, 110.34280225851543
7.297000000001101, 110.34087626591297
7.298000000001101, 110.33952931169745
7.299000000001101, 110.33876828669487
7.300000000001102, 110.33858967335645
7.3010000000011015, 110.33898995409979
7.302000000001103, 110.33996561134254
7.303000000001103, 110.34151312750235
7.304000000001103, 110.34362898499681
7.305000000001104, 110.34630966624361
7.306000000001105, 110.34955165366037
7.307000000001104, 110.35335142966471
7.308000000001105, 110.35770547667428
7.309000000001105, 110.36261027710674
7.310000000001105, 110.36806231337965
7.311000000001105, 110.37405806791074
7.312000000001106, 110.3805940231176
7.313000000001106, 110.38766666141784
7.314000000001108, 110.39527246522917
7.315000000001107, 110.40340791696917
7.316000000001108, 110.41206949905548
7.317000000001108, 110.42124784632914
7.318000000001108, 110.43087410742999
7.319000000001108, 110.44084473457468
7.320000000001109, 110.45105574669043
7.321000000001109, 110.46140316270439
7.322000000001109, 110.47178300154377
7.32300000000111, 110.4820912821358
7.32400000000111, 110.49222402340762
7.32500000000111, 110.50207724428648
7.326000000001111, 110.51154696369956
7.327000000001112, 110.52052920057407
7.328000000001111, 110.52891997383719
7.329000000001111, 110.53661530241615
7.330000000001112, 110.54351120523812
7.3310000000011115, 110.5495037012303
7.332000000001113, 110.5544888093199
7.333000000001112, 110.55836254843413
7.334000000001113, 110.56102093750015
7.335000000001113, 110.56235999544518
7.336000000001114, 110.56227845139688
7.3370000000011135, 110.56076715423328
7.338000000001115, 110.55792947862126
7.339000000001116, 110.5538756419265
7.340000000001115, 110.5487158615147
7.341000000001115, 110.5425603547515
7.342000000001117, 110.53551933900263
7.343000000001116, 110.52770303163379
7.344000000001116, 110.5192216500106
7.345000000001116, 110.51018541149878
7.346000000001117, 110.50070453346402
7.347000000001118, 110.49088923327199
7.348000000001118, 110.48084972828836
7.349000000001119, 110.47069623587885
7.350000000001119, 110.46053897340911
7.351000000001119, 110.45048815824487
7.3520000000011185, 110.44065400775176
7.353000000001121, 110.43114673929549
7.35400000000112, 110.42207657024173
7.35500000000112, 110.41355365126662
7.35600000000112, 110.40565411673401
7.357000000001122, 110.39836478537586
7.358000000001121, 110.39165799331012
7.359000000001121, 110.38550607665469
7.360000000001122, 110.3798813715276
7.3610000000011215, 110.37475621404674
7.362000000001123, 110.37010294033009
7.363000000001124, 110.36589388649558
7.364000000001123, 110.3621013886612
7.365000000001125, 110.35869778294486
7.366000000001124, 110.35565540546453
7.367000000001124, 110.35294659233817
7.368000000001125, 110.35054367968371
7.369000000001126, 110.34841900361913
7.370000000001125, 110.34654490026234
7.371000000001126, 110.34489370573134
7.372000000001126, 110.34343775614404
7.373000000001126, 110.3421493876184
7.374000000001127, 110.3410009362724
7.375000000001128, 110.33996773655268
7.376000000001127, 110.33904335829911
7.377000000001128, 110.33822822732456
7.378000000001128, 110.33752278179155
7.379000000001128, 110.33692745986257
7.380000000001128, 110.33644269970014
7.381000000001129, 110.33606893946677
7.382000000001129, 110.33580661732495
7.383000000001129, 110.33565617143724
7.38400000000113, 110.33561803996614
7.385000000001131, 110.3356926610741
7.386000000001131, 110.3358804729237
7.387000000001132, 110.33618191367744
7.388000000001131, 110.3365974214978
7.389000000001132, 110.33712743454731
7.390000000001134, 110.3377723909885
7.391000000001132, 110.33853272898385
7.392000000001133, 110.33940888669589
7.393000000001133, 110.34040130228712
7.394000000001133, 110.34151124681563
7.395000000001134, 110.34275343907098
7.396000000001134, 110.34415347811682
7.397000000001134, 110.34573727518517
7.398000000001135, 110.347530741508
7.399000000001135, 110.34955978831734
7.4000000000011354, 110.35185032684517
7.401000000001137, 110.35442826832353
7.402000000001136, 110.35731952398439
7.403000000001137, 110.36055000505978
7.404000000001137, 110.36414562278169
7.405000000001137, 110.36813228838213
7.4060000000011375, 110.37253591309312
7.407000000001138, 110.37738240814662
7.408000000001138, 110.38269768477464
7.4090000000011385, 110.38850765420922
7.410000000001139, 110.39483822768234
7.411000000001139, 110.40171531642602
7.4120000000011395, 110.40916483167226
7.41300000000114, 110.41721209810076
7.41400000000114, 110.42583715740506
7.41500000000114, 110.4349433492574
7.416000000001142, 110.44442659056723
7.417000000001141, 110.45418279824406
7.4180000000011415, 110.46410788919727
7.419000000001141, 110.47409778033648
7.420000000001142, 110.48404838857104
7.4210000000011425, 110.49385563081046
7.422000000001143, 110.50341542396428
7.423000000001143, 110.51262368494187
7.4240000000011435, 110.52137633065276
7.425000000001145, 110.5295692780064
7.426000000001144, 110.5370984439123
7.427000000001144, 110.54385974527989
7.428000000001145, 110.54974909901867
7.429000000001145, 110.5546624220381
7.4300000000011455, 110.55849563124767
7.431000000001146, 110.56114464355684
7.432000000001146, 110.56250537610336
7.433000000001147, 110.56250646507512
7.434000000001147, 110.56119999684475
7.435000000001146, 110.55866716803453
7.4360000000011475, 110.55498917526663
7.437000000001147, 110.5502472151633
7.438000000001148, 110.54452248434671
7.439000000001148, 110.53789617943913
7.440000000001148, 110.53044949706273
7.441000000001149, 110.52226363383977
7.4420000000011495, 110.51341978639246
7.44300000000115, 110.50399915134297
7.44400000000115, 110.49408292531356
7.445000000001151, 110.48375230492643
7.446000000001151, 110.4730884868038
7.44700000000115, 110.46217266756793
7.4480000000011515, 110.45108604384096
7.449000000001151, 110.43990981224513
7.450000000001152, 110.4287251694027
7.451000000001152, 110.41761331193582
7.452000000001153, 110.40664991713241
7.453000000001154, 110.39586076723202
7.4540000000011535, 110.38524514511028
7.455000000001155, 110.37480208932007
7.456000000001154, 110.36453063841417
7.4570000000011545, 110.35442983094538
7.458000000001155, 110.34449870546655
7.459000000001154, 110.33473630053047
7.4600000000011555, 110.32514165468994
7.461000000001155, 110.31571380649784
7.462000000001156, 110.30645179450696
7.463000000001156, 110.29735465727009
7.464000000001157, 110.28842143334006
7.465000000001157, 110.27965116126968
7.4660000000011575, 110.2710428796118
7.467000000001157, 110.2625956269192
7.468000000001158, 110.25430844174471
7.4690000000011585, 110.24618036264116
7.470000000001159, 110.23821042816131
7.47100000000116, 110.23039767685808
7.47200000000116, 110.22274114728418
7.47300000000116, 110.21523987799247
7.47400000000116, 110.20789290753578
7.475000000001161, 110.20069927446694
7.476000000001161, 110.19365801733873
7.477000000001162, 110.18676817470396
7.4780000000011615, 110.1800287851155
7.479000000001161, 110.17343888712611
7.480000000001162, 110.16699751928861
7.4810000000011625, 110.16070372015585
7.482000000001163, 110.15455652828062
7.483000000001164, 110.14855498221577
7.4840000000011635, 110.14269812051408
7.485000000001164, 110.13698498172838
7.486000000001164, 110.1314146044115
7.487000000001165, 110.12598602711624
7.488000000001165, 110.1206982883954
7.489000000001166, 110.11555042680185
7.4900000000011655, 110.11054148088836
7.491000000001165, 110.10567048920777
7.492000000001166, 110.10093649031285
7.493000000001167, 110.09633852275648
7.494000000001167, 110.09187562509145
7.495000000001167, 110.08754683587057
7.4960000000011675, 110.08335119364668
7.497000000001168, 110.07928773697255
7.498000000001168, 110.07535550440105
7.4990000000011685, 110.07155353448495
7.500000000001169, 110.06788086577711
7.501000000001168, 110.06433653683031
7.5020000000011695, 110.0609195861974
7.50300000000117, 110.05762905243118
7.50400000000117, 110.05446397408447
7.5050000000011705, 110.05142338971007
7.50600000000117, 110.04850633786079
7.507000000001172, 110.04571185708949
7.5080000000011715, 110.04303898594893
7.509000000001172, 110.040486762992
7.510000000001172, 110.03805422677148
7.5110000000011725, 110.03574041584012
7.512000000001173, 110.03354436875084
7.513000000001172, 110.03146512405641
7.514000000001173, 110.02950172030967
7.515000000001174, 110.02765319606337
7.516000000001174, 110.02591858987041
7.5170000000011745, 110.02429694028356
7.518000000001176, 110.02278728585566
7.519000000001176, 110.02138866513951
7.5200000000011755, 110.02010011668791
7.521000000001175, 110.01892067905369
7.522000000001175, 110.0178493907897
7.5230000000011765, 110.01688529044873
7.524000000001177, 110.0160274165836
7.525000000001177, 110.01527480774709
7.526000000001178, 110.01462650249209
7.527000000001177, 110.01408153937133
7.528000000001178, 110.01363895693771
7.5290000000011785, 110.01329779374402
7.530000000001179, 110.01305708834305
7.531000000001179, 110.01291587928763
7.5320000000011795, 110.01287320513056
7.533000000001179, 110.0129281044247
7.53400000000118, 110.01307961572284
7.5350000000011805, 110.01332677757777
7.536000000001181, 110.01366862854238
7.537000000001181, 110.01410420716941
7.5380000000011815, 110.0146325520117
7.539000000001182, 110.01525270162209
7.540000000001182, 110.01596369455338
7.5410000000011825, 110.0167645693584
7.542000000001183, 110.01765436458996
7.543000000001182, 110.01863211880084
7.5440000000011835, 110.01969687054391
7.545000000001183, 110.02084765837196
7.546000000001184, 110.02208352083781
7.547000000001184, 110.02340349649428
7.548000000001185, 110.02480662389416
7.549000000001185, 110.02629194159032
7.5500000000011855, 110.02785848813551
7.551000000001185, 110.02950530208263
7.552000000001186, 110.03123142198442
7.553000000001186, 110.03303588639375
7.554000000001188, 110.03491773386338
7.555000000001187, 110.0368760029462
7.5560000000011875, 110.03890973219492
7.557000000001188, 110.04101796016249
7.558000000001188, 110.04319972540164
7.559000000001188, 110.04545406646521
7.560000000001189, 110.047780021906
7.561000000001189, 110.05017663027684
7.5620000000011895, 110.05264293013053
7.563000000001191, 110.05517796001993
7.56400000000119, 110.05778075849781
7.565000000001191, 110.06045036411702
7.566000000001191, 110.06318581543033
7.567000000001192, 110.06598615099064
7.5680000000011916, 110.06885040935069
7.569000000001193, 110.0717776290633
7.570000000001192, 110.07476684868134
7.571000000001192, 110.07781710675758
7.572000000001193, 110.08092744184488
7.573000000001192, 110.08409689249598
7.5740000000011936, 110.08732449726375
7.575000000001195, 110.09060929470103
7.576000000001194, 110.09395032336057
7.577000000001194, 110.09734662179525
7.578000000001196, 110.10079722855785
7.579000000001195, 110.1043011822012
7.580000000001195, 110.10785752127812
7.581000000001195, 110.11146528434142
7.582000000001196, 110.11512350994391
7.5830000000011974, 110.11883123663841
7.584000000001197, 110.12258750297775
7.585000000001196, 110.12639134751473
7.586000000001198, 110.13024180880215
7.587000000001198, 110.13413792539289
7.588000000001198, 110.13807873583971
7.5890000000011995, 110.14206327869542
7.590000000001198, 110.14609059251289
7.591000000001198, 110.15015971584491
7.5920000000012, 110.15426968724424
7.593000000001201, 110.15841954526381
7.5940000000012, 110.16260832845634
7.595000000001201, 110.16683507537469
7.5960000000012, 110.17109882457169
7.5970000000012, 110.1753986146001
7.598000000001202, 110.17973348401276
7.599000000001202, 110.18410247136254
7.600000000001202, 110.18850461520219
7.6010000000012035, 110.19293895408457
7.602000000001203, 110.19740452656245
7.603000000001203, 110.20190037118871
7.604000000001204, 110.20642552651609
7.605000000001205, 110.21097903109745
7.606000000001204, 110.21555992348564
7.607000000001205, 110.22016724223342
7.608000000001205, 110.22480002589363
7.609000000001204, 110.22945731301908
7.610000000001206, 110.23413814216259
7.611000000001206, 110.23884155187696
7.612000000001206, 110.24356658071505
7.613000000001206, 110.24831226722964
7.614000000001207, 110.25307764997356
7.615000000001207, 110.2578617674996
7.616000000001208, 110.26266365836065
7.617000000001209, 110.26748236110944
7.618000000001208, 110.27231691429881
7.619000000001208, 110.27716635648162
7.620000000001208, 110.28202972621062
7.621000000001209, 110.2869060620387
7.62200000000121, 110.29179440251862
7.623000000001211, 110.29669378620322
7.62400000000121, 110.3016032516453
7.6250000000012115, 110.3065218373977
7.626000000001211, 110.31144858201323
7.627000000001212, 110.31638252404466
7.628000000001212, 110.32132270204488
7.629000000001213, 110.32626815456668
7.630000000001212, 110.33121792016287
7.631000000001212, 110.33617103738626
7.632000000001213, 110.34112654478966
7.633000000001214, 110.34608348092591
7.634000000001214, 110.35104088434784
7.635000000001214, 110.35599779360822
7.636000000001214, 110.3609532472599
7.637000000001214, 110.3659062838557
7.638000000001215, 110.3708559419484
7.639000000001215, 110.37580126009084
7.640000000001216, 110.38074127683583
7.641000000001216, 110.38567503073622
7.642000000001216, 110.39060156034479
7.643000000001217, 110.39551990421435
7.644000000001217, 110.40042910089775
7.645000000001217, 110.4053281889478
7.646000000001218, 110.41021620691728
7.647000000001219, 110.41509219335904
7.648000000001218, 110.4199551868259
7.649000000001219, 110.42480422587064
7.650000000001219, 110.42963834904613
7.651000000001218, 110.43445659490514
7.65200000000122, 110.43925800200051
7.65300000000122, 110.44404160888507
7.65400000000122, 110.44880645411158
7.655000000001221, 110.45355157623294
7.656000000001221, 110.45827601380188
7.65700000000122, 110.46297880537128
7.658000000001222, 110.46765898949393
7.659000000001222, 110.47231560472267
7.660000000001222, 110.47694768961026
7.661000000001222, 110.48155428270958
7.662000000001223, 110.4861344225734
7.663000000001223, 110.49068714775456
7.664000000001224, 110.49521149680591
7.665000000001225, 110.4997065082802
7.666000000001224, 110.50417122073029
7.667000000001225, 110.50860467270894
7.668000000001226, 110.51300590276905
7.669000000001224, 110.51737394946339
7.670000000001226, 110.5217078513448
7.671000000001225, 110.52600664696607
7.672000000001227, 110.53026937487999
7.673000000001227, 110.53449507363946
7.674000000001227, 110.53868278179723
7.675000000001227, 110.54283153790614
7.676000000001228, 110.546940380519
7.677000000001228, 110.55100834818863
7.678000000001228, 110.55503447946782
7.6790000000012295, 110.55901781290945
7.68000000000123, 110.56295738706628
7.681000000001229, 110.56685224049116
7.68200000000123, 110.57070141173688
7.683000000001231, 110.57450393935628
7.68400000000123, 110.57825886190214
7.685000000001231, 110.5819652179273
7.686000000001231, 110.58562204598459
7.687000000001232, 110.58922838462684
7.6880000000012325, 110.59278327240682
7.689000000001233, 110.59628574787735
7.690000000001232, 110.59973484959127
7.691000000001232, 110.60312961610141
7.692000000001234, 110.60646908596055
7.693000000001234, 110.60975229772156
7.694000000001234, 110.61297828993717
7.695000000001233, 110.61614610116027
7.696000000001235, 110.61925476994364
7.6970000000012355, 110.62230333484011
7.698000000001235, 110.62529083440252
7.699000000001234, 110.62821630718366
7.700000000001236, 110.63107879173634
7.701000000001237, 110.63387732661337
7.702000000001236, 110.63661095375086
7.7030000000012375, 110.63928501056539
7.704000000001237, 110.64192418648997
7.705000000001236, 110.64455687721411
7.706000000001238, 110.64721147842755
7.707000000001239, 110.64991638581992
7.708000000001239, 110.6526999950808
7.709000000001239, 110.65559070189984
7.710000000001239, 110.65861690196675
7.71100000000124, 110.66180699097104
7.71200000000124, 110.66518936460244
7.71300000000124, 110.66879241855055
7.71400000000124, 110.67264454850502
7.7150000000012415, 110.67677415015548
7.716000000001241, 110.68120961919155
7.717000000001241, 110.6859793513029
7.718000000001242, 110.69111174217915
7.719000000001243, 110.69663518750993
7.720000000001242, 110.70257808298487
7.721000000001243, 110.7089688242936
7.722000000001243, 110.71582807564819
7.723000000001244, 110.72312074171631
7.724000000001244, 110.73078726588132
7.725000000001244, 110.7387679870627
7.726000000001243, 110.74700324417988
7.727000000001244, 110.75543337615233
7.728000000001245, 110.7639987218995
7.729000000001246, 110.77263962034085
7.730000000001246, 110.78129641039588
7.731000000001246, 110.78990943098395
7.732000000001245, 110.79841902102461
7.733000000001247, 110.80676551943732
7.734000000001247, 110.81488926514149
7.735000000001246, 110.82273059705656
7.736000000001248, 110.83022985410209
7.737000000001247, 110.83732737519743
7.738000000001248, 110.8439634992621
7.7390000000012495, 110.85007856521551
7.740000000001249, 110.8556129119772
7.741000000001249, 110.86051044227078
7.74200000000125, 110.8647875484252
7.743000000001249, 110.86852820787497
7.74400000000125, 110.8718189794495
7.745000000001251, 110.87474642197816
7.746000000001251, 110.8773970942903
7.747000000001252, 110.87985755521534
7.748000000001252, 110.88221436358255
7.749000000001252, 110.88455407822143
7.750000000001252, 110.8869632579613
7.751000000001253, 110.88952846163153
7.752000000001255, 110.89233624806153
7.753000000001254, 110.89547317608063
7.754000000001254, 110.89902580451823
7.755000000001255, 110.90308069220372
7.756000000001254, 110.90772439796645
7.757000000001256, 110.91304348063578
7.758000000001255, 110.91912449904115
7.759000000001256, 110.92605401201187
7.760000000001256, 110.93391811257817
7.761000000001256, 110.94274426548324
7.762000000001257, 110.95244483070243
7.763000000001257, 110.9629187687035
7.764000000001257, 110.97406503995421
7.765000000001257, 110.98578260492236
7.766000000001259, 110.9979704240757
7.767000000001257, 111.01052745788199
7.768000000001258, 111.02335266680902
7.769000000001259, 111.03634501132456
7.77000000000126, 111.04940345189635
7.7710000000012585, 111.0624269489922
7.77200000000126, 111.07531446307986
7.773000000001261, 111.08796495462708
7.774000000001262, 111.10027738410167
7.77500000000126, 111.11215071197135
7.776000000001261, 111.12348389870397
7.777000000001262, 111.13417590476723
7.778000000001262, 111.14412569062891
7.779000000001263, 111.15323221675679
7.780000000001262, 111.16142011500779
7.781000000001262, 111.16872798707648
7.782000000001264, 111.17522605146041
7.783000000001263, 111.18098452785289
7.784000000001264, 111.18607363594705
7.785000000001265, 111.19056359543623
7.786000000001264, 111.19452462601365
7.787000000001266, 111.19802694737248
7.788000000001265, 111.201140779206
7.789000000001265, 111.20393634120745
7.790000000001266, 111.20648385307007
7.791000000001266, 111.20885353448708
7.792000000001266, 111.21111560515175
7.793000000001268, 111.2133402847573
7.794000000001267, 111.21559779299695
7.795000000001267, 111.21795834956396
7.796000000001268, 111.22049217415156
7.797000000001269, 111.22326948645298
7.798000000001269, 111.22636050616146
7.79900000000127, 111.22982869877804
7.800000000001269, 111.2336638793968
7.8010000000012685, 111.23781056013738
7.80200000000127, 111.24221259156224
7.803000000001271, 111.24681382423381
7.80400000000127, 111.25155810871453
7.805000000001272, 111.25638929556679
7.806000000001271, 111.26125123535309
7.807000000001271, 111.26608777863585
7.808000000001272, 111.27084277597747
7.809000000001271, 111.27546007794041
7.810000000001272, 111.27988353508712
7.811000000001274, 111.28405699797996
7.812000000001272, 111.28792431718146
7.813000000001274, 111.29142934325401
7.814000000001274, 111.29451592676001
7.815000000001275, 111.29712791826198
7.816000000001274, 111.29920916832229
7.817000000001274, 111.30070352750336
7.818000000001276, 111.30155647662816
7.819000000001276, 111.30177551225626
7.820000000001276, 111.30144791315266
7.821000000001277, 111.30066621247278
7.822000000001277, 111.29952294337205
7.823000000001278, 111.29811063900597
7.824000000001278, 111.29652183252996
7.825000000001278, 111.29484905709948
7.826000000001278, 111.29318484586999
7.827000000001278, 111.29162173199688
7.828000000001278, 111.29025224863567
7.829000000001278, 111.28916892894173
7.830000000001281, 111.28846430607061
7.83100000000128, 111.28823091317769
7.83200000000128, 111.28856128341843
7.833000000001281, 111.28954794994827
7.83400000000128, 111.29128344592267
7.835000000001282, 111.29386030449709
7.83600000000128, 111.29737105882697
7.837000000001282, 111.30190819495563
7.838000000001282, 111.30752845526447
7.839000000001283, 111.31418922879936
7.8400000000012815, 111.32183078073604
7.841000000001284, 111.33039337625021
7.842000000001283, 111.33981728051769
7.843000000001284, 111.35004275871424
7.844000000001283, 111.36101007601553
7.845000000001283, 111.3726594975974
7.846000000001286, 111.38493128863558
7.847000000001284, 111.39776571430585
7.848000000001286, 111.41110303978392
7.849000000001285, 111.42488353024561
7.850000000001286, 111.43904745086664
7.851000000001287, 111.45353506682277
7.8520000000012855, 111.46828664328973
7.853000000001287, 111.48324244544331
7.854000000001289, 111.4983427384593
7.8550000000012865, 111.51352778751341
7.856000000001288, 111.52873785778142
7.857000000001288, 111.54391321443907
7.858000000001288, 111.55899412266214
7.85900000000129, 111.57392084762635
7.860000000001289, 111.58863365450748
7.86100000000129, 111.60307280848133
7.8620000000012915, 111.6171785747236
7.863000000001289, 111.63089121841001
7.86400000000129, 111.64415100471642
7.865000000001292, 111.65689819881854
7.866000000001291, 111.6690730658921
7.867000000001291, 111.68061587111292
7.868000000001292, 111.6914668796567
7.869000000001293, 111.70156635669923
7.870000000001292, 111.71085456741625
7.871000000001293, 111.71927177698355
7.872000000001293, 111.72675825057681
7.873000000001293, 111.73325425337188
7.874000000001294, 111.73870005054448
7.875000000001294, 111.74303590727037
7.876000000001294, 111.74620779200146
7.877000000001296, 111.74826159389143
7.878000000001295, 111.74932833641401
7.8790000000012945, 111.74954176524669
7.880000000001296, 111.74903562606703
7.881000000001296, 111.7479436645525
7.882000000001296, 111.74639962638064
7.883000000001298, 111.74453725722898
7.884000000001299, 111.74249030277497
7.885000000001298, 111.74039250869617
7.886000000001298, 111.7383776206701
7.887000000001298, 111.73657938437425
7.888000000001298, 111.73513154548615
7.889000000001299, 111.73416784968332
7.890000000001299, 111.73382204264323
7.8910000000013, 111.73422787004343
7.8920000000013015, 111.73551907756145
7.8930000000013, 111.73782941087478
7.8940000000013, 111.7412926156609
7.895000000001301, 111.74604173071789
7.896000000001301, 111.75214539223958
7.897000000001302, 111.7595571633252
7.898000000001302, 111.76821868305375
7.899000000001301, 111.77807159050427
7.900000000001303, 111.78905752475588
7.901000000001302, 111.80111812488755
7.902000000001304, 111.81419502997839
7.903000000001303, 111.82822987910743
7.904000000001304, 111.84316431135375
7.905000000001305, 111.85893996579634
7.906000000001304, 111.87549848151427
7.907000000001306, 111.89278149758663
7.908000000001305, 111.91073065309243
7.9090000000013045, 111.92928758711075
7.910000000001306, 111.94839393872061
7.911000000001307, 111.96799134700106
7.912000000001307, 111.98802145103119
7.913000000001306, 112.00842588989
7.914000000001307, 112.0291463026566
7.915000000001308, 112.05012432840998
7.916000000001308, 112.07130160622923
7.917000000001309, 112.09261977519338
7.918000000001308, 112.11402047438149
7.919000000001308, 112.13544534287261
7.92000000000131, 112.1568360197458
7.92100000000131, 112.17813414408009
7.92200000000131, 112.19928135495454
7.923000000001311, 112.22021929144819
7.924000000001311, 112.24088959264012
7.925000000001311, 112.26123389760936
7.926000000001311, 112.28119384543494
7.9270000000013106, 112.30071107519598
7.928000000001313, 112.31972722597143
7.929000000001313, 112.33818393684042
7.930000000001312, 112.35602284688197
7.931000000001314, 112.37318559517516
7.932000000001313, 112.38961382079897
7.9330000000013134, 112.40524916283253
7.934000000001314, 112.42003792487228
7.935000000001313, 112.43397150468942
7.9360000000013144, 112.44706657287267
7.937000000001315, 112.45934007864294
7.938000000001315, 112.47080897122119
7.939000000001316, 112.48149019982833
7.940000000001316, 112.49140071368532
7.941000000001317, 112.50055746201318
7.9420000000013165, 112.50897739403273
7.943000000001318, 112.51667745896496
7.944000000001318, 112.52367460603085
7.945000000001317, 112.5299857844513
7.946000000001318, 112.53562794344725
7.947000000001319, 112.54061803223964
7.9480000000013185, 112.54497300004944
7.94900000000132, 112.5487097960976
7.950000000001319, 112.55184536960503
7.95100000000132, 112.55439666979268
7.95200000000132, 112.5563806458815
7.953000000001321, 112.55781573975631
7.954000000001321, 112.5587672032873
7.955000000001322, 112.5593553020709
7.956000000001321, 112.5597034485399
7.957000000001322, 112.55993505512714
7.958000000001322, 112.56017353426547
7.959000000001323, 112.56054229838769
7.9600000000013225, 112.56116475992668
7.961000000001324, 112.56216433131526
7.962000000001323, 112.56366442498619
7.963000000001324, 112.56578845337238
7.964000000001324, 112.56865982890665
7.965000000001325, 112.57240196402182
7.9660000000013245, 112.57713827115076
7.967000000001326, 112.58299216272621
7.968000000001325, 112.5900870511811
7.969000000001326, 112.59854634894823
7.970000000001325, 112.60849346846042
7.971000000001327, 112.62005182215051
7.972000000001328, 112.63334465163777
7.973000000001327, 112.64842794081002
7.974000000001327, 112.66518837878392
7.9750000000013275, 112.68348643601661
7.976000000001328, 112.70318258296533
7.977000000001327, 112.72413729008719
7.9780000000013285, 112.74621102783942
7.97900000000133, 112.76926426667924
7.980000000001329, 112.79315747706382
7.9810000000013295, 112.81775112945033
7.98200000000133, 112.84290569429601
7.98300000000133, 112.86848164205793
7.984000000001332, 112.89433944319342
7.985000000001332, 112.92033956815959
7.986000000001332, 112.94634248741366
7.987000000001332, 112.97220867141279
7.988000000001332, 112.99779859061418
7.989000000001332, 113.02297271547502
7.9900000000013325, 113.04759151645253
7.991000000001334, 113.07151546400385
7.992000000001333, 113.09462089356376
7.9930000000013335, 113.11687633491816
7.994000000001334, 113.13828353522078
7.995000000001335, 113.15884428589898
7.9960000000013345, 113.17856037838017
7.997000000001336, 113.19743360409167
7.998000000001337, 113.21546575446092
7.999000000001336, 113.23265862091526
8.000000000001336, 113.24901399488205
8.001000000001337, 113.26453366778867
8.002000000001335, 113.27921943106249
8.003000000001336, 113.2930730761309
8.004000000001334, 113.30609639442126
8.005000000001333, 113.31829117736095
8.006000000001332, 113.32965921637734
8.007000000001332, 113.34020230289778
8.008000000001331, 113.34992222834968
8.009000000001333, 113.3588207841604
8.01000000000133, 113.36689976175731
8.011000000001332, 113.37416337512508
8.01200000000133, 113.38065269721479
8.013000000001329, 113.38643749051165
8.014000000001328, 113.39158827394743
8.015000000001328, 113.39617556645388
8.016000000001327, 113.40026988696273
8.017000000001326, 113.40394175440571
8.018000000001326, 113.40726168771458
8.019000000001327, 113.41030020582107
8.020000000001325, 113.41312782765696
8.021000000001324, 113.41581507215396
8.022000000001324, 113.41843245824381
8.023000000001325, 113.42105050485826
8.024000000001323, 113.42373973092906
8.025000000001322, 113.42657065538796
8.026000000001323, 113.42961379716667
8.027000000001323, 113.43293967519696
8.02800000000132, 113.4366188084106
8.02900000000132, 113.44072171573927
8.03000000000132, 113.44531868083723
8.03100000000132, 113.4504638124593
8.032000000001318, 113.45618488717903
8.033000000001318, 113.46250726234996
8.034000000001317, 113.46945629532566
8.035000000001316, 113.47705734345959
8.036000000001316, 113.4853357641054
8.037000000001315, 113.49431691461652
8.038000000001315, 113.50402615234655
8.039000000001314, 113.51448883464901
8.040000000001314, 113.52573031887746
8.041000000001315, 113.53777596238544
8.042000000001313, 113.55065112252645
8.043000000001312, 113.56438115665406
8.044000000001311, 113.57899142212179
8.045000000001313, 113.59450727628318
8.04600000000131, 113.61095407649182
8.047000000001312, 113.62835718010119
8.04800000000131, 113.64674194446485
8.04900000000131, 113.6661337260318
8.050000000001308, 113.68653291026041
8.051000000001308, 113.70784973130439
8.052000000001307, 113.72997408571932
8.053000000001308, 113.75279587006095
8.054000000001306, 113.77620498088496
8.055000000001305, 113.80009131474698
8.056000000001305, 113.8243447682027
8.057000000001306, 113.84885523780787
8.058000000001304, 113.87351262011806
8.059000000001303, 113.89820681168901
8.060000000001303, 113.92282770907636
8.061000000001302, 113.94726520883583
8.062000000001301, 113.9714092075231
8.063000000001303, 113.99514960169378
8.0640000000013, 114.01837628790362
8.0650000000013, 114.04097916270824
8.0660000000013, 114.06284812266337
8.067000000001299, 114.08387306432464
8.068000000001298, 114.10394388424774
8.0690000000013, 114.12296587112141
8.070000000001297, 114.14097676075421
8.071000000001298, 114.1580818455506
8.072000000001296, 114.17438695742642
8.073000000001295, 114.18999792829754
8.074000000001295, 114.20502059007985
8.075000000001294, 114.21956077468923
8.076000000001294, 114.23372431404151
8.077000000001295, 114.24761704005257
8.078000000001293, 114.26134478463828
8.079000000001294, 114.27501337971451
8.080000000001291, 114.28872865719714
8.081000000001293, 114.30259644900202
8.08200000000129, 114.316722587045
8.083000000001292, 114.33121290324202
8.08400000000129, 114.34617322950888
8.085000000001287, 114.36170939776147
8.086000000001288, 114.37792723991565
8.087000000001288, 114.39493258788731
8.088000000001287, 114.41282716432319
8.089000000001288, 114.43160483083747
8.090000000001286, 114.45114360611515
8.091000000001285, 114.4713158006418
8.092000000001285, 114.49199372490301
8.093000000001284, 114.51304968938437
8.094000000001284, 114.5343560045714
8.095000000001285, 114.55578498094974
8.096000000001283, 114.57720892900497
8.097000000001282, 114.59850015922265
8.098000000001282, 114.61953098208835
8.099000000001283, 114.64017370808766
8.10000000000128, 114.6603006477062
8.101000000001282, 114.6797841114295
8.10200000000128, 114.69849640974314
8.103000000001277, 114.71630985313274
8.104000000001278, 114.73309675208385
8.10500000000128, 114.74872941708207
8.106000000001277, 114.76308015861295
8.107000000001278, 114.77602162285075
8.108000000001276, 114.78750559871683
8.109000000001277, 114.79766454107761
8.110000000001275, 114.8066559964686
8.111000000001274, 114.81463751142526
8.112000000001274, 114.82176663248313
8.113000000001275, 114.82820090617771
8.114000000001273, 114.8340978790445
8.115000000001274, 114.83961509761899
8.116000000001272, 114.8449101084367
8.117000000001273, 114.85014045803311
8.11800000000127, 114.85546369294377
8.11900000000127, 114.8610373597041
8.12000000000127, 114.8670190048497
8.12100000000127, 114.87356617491601
8.122000000001268, 114.88083641643854
8.123000000001268, 114.88898727595283
8.124000000001267, 114.89817629999433
8.125000000001267, 114.90856103509859
8.126000000001266, 114.92029902780108
8.127000000001265, 114.93351140392078
8.128000000001265, 114.94812882431725
8.129000000001264, 114.96401989565632
8.130000000001264, 114.98105319071988
8.131000000001263, 114.99909728228977
8.132000000001263, 115.01802074314787
8.133000000001262, 115.03769214607604
8.134000000001262, 115.05798006385618
8.135000000001263, 115.0787530692701
8.13600000000126, 115.09987973509978
8.137000000001262, 115.12122863412698
8.13800000000126, 115.14266833913359
8.139000000001259, 115.1640674229015
8.140000000001258, 115.18529445821255
8.141000000001258, 115.20621801784868
8.142000000001257, 115.2267066745917
8.143000000001258, 115.24662900122348
8.144000000001256, 115.26585357052588
8.145000000001254, 115.28424895528082
8.146000000001257, 115.30169425255531
8.147000000001256, 115.31820859594868
8.148000000001254, 115.33391064366546
8.149000000001253, 115.34892117843644
8.150000000001253, 115.36336098299229
8.151000000001254, 115.37735084006374
8.152000000001252, 115.39101153238147
8.153000000001251, 115.40446384267622
8.15400000000125, 115.41782855367873
8.15500000000125, 115.43122644811966
8.15600000000125, 115.44477830872975
8.157000000001249, 115.45860491823976
8.158000000001248, 115.47282705938035
8.159000000001248, 115.4875655148822
8.160000000001247, 115.50294106747612
8.161000000001248, 115.51907449989274
8.162000000001246, 115.53608659486281
8.163000000001245, 115.55409813511706
8.164000000001245, 115.57322990338616
8.165000000001244, 115.59360064099289
8.166000000001244, 115.61521972230099
8.167000000001245, 115.63793414379205
8.168000000001243, 115.66157773646609
8.169000000001242, 115.68598433132306
8.170000000001242, 115.71098775936301
8.171000000001241, 115.73642185158589
8.17200000000124, 115.76212043899174
8.17300000000124, 115.78791735258059
8.17400000000124, 115.81364642335244
8.17500000000124, 115.83914148230724
8.176000000001238, 115.86423636044505
8.17700000000124, 115.88876488876586
8.178000000001237, 115.91256089826963
8.179000000001237, 115.93545821995647
8.180000000001236, 115.95729068482626
8.181000000001236, 115.9778921238791
8.182000000001235, 115.99709636811495
8.183000000001234, 116.01473724853382
8.184000000001234, 116.03064861444864
8.185000000001233, 116.0447332018698
8.186000000001233, 116.05711819741941
8.18700000000123, 116.06797642495724
8.188000000001232, 116.07748070834309
8.189000000001233, 116.08580387143677
8.19000000000123, 116.09311873809811
8.19100000000123, 116.09959813218687
8.19200000000123, 116.10541487756291
8.193000000001229, 116.11074179808595
8.194000000001228, 116.11575171761591
8.19500000000123, 116.12061746001251
8.196000000001227, 116.12551184913559
8.197000000001227, 116.1306077088449
8.198000000001226, 116.13607786300035
8.199000000001227, 116.14209513546166
8.200000000001225, 116.14883235008868
8.201000000001224, 116.15646233074116
8.202000000001224, 116.165157901279
8.203000000001225, 116.17509188556188
8.204000000001223, 116.18641550161355
8.205000000001224, 116.19911393514171
8.206000000001222, 116.21309539548179
8.207000000001223, 116.22826767050552
8.20800000000122, 116.24453854808482
8.20900000000122, 116.26181581609146
8.21000000000122, 116.2800072623972
8.211000000001219, 116.29902067487396
8.212000000001218, 116.31876384139345
8.213000000001218, 116.33914454982755
8.214000000001217, 116.36007058804805
8.215000000001218, 116.38144974392672
8.216000000001216, 116.40318980533542
8.217000000001216, 116.42519856014596
8.218000000001215, 116.44738379623016
8.219000000001214, 116.4696533014598
8.220000000001214, 116.49191486370671
8.221000000001215, 116.5140762708427
8.222000000001213, 116.53604531073958
8.22300000000121, 116.5577320035171
8.224000000001212, 116.57909603596976
8.225000000001213, 116.60014584844231
8.22600000000121, 116.62089193088302
8.22700000000121, 116.64134477324009
8.228000000001208, 116.66151486546175
8.22900000000121, 116.68141269749617
8.230000000001208, 116.70104875929162
8.231000000001208, 116.72043354079625
8.232000000001207, 116.73957753195836
8.233000000001208, 116.75849122272612
8.234000000001206, 116.77718510304774
8.235000000001207, 116.79566966287146
8.236000000001205, 116.81395539214547
8.237000000001204, 116.83205278081802
8.238000000001204, 116.84997231883726
8.239000000001203, 116.86772449615151
8.240000000001203, 116.88531980270892
8.241000000001202, 116.90276872845767
8.242000000001202, 116.92008172067955
8.243000000001201, 116.93726260977935
8.2440000000012, 116.95430150760546
8.2450000000012, 116.97118682159157
8.2460000000012, 116.98790695917145
8.247000000001199, 117.00445032777887
8.248000000001198, 117.02080533484748
8.2490000000012, 117.03696038781109
8.250000000001197, 117.05290389410352
8.251000000001198, 117.06862426115839
8.252000000001196, 117.08410989640952
8.253000000001196, 117.0993492072906
8.254000000001195, 117.11433060123547
8.255000000001196, 117.12904248567777
8.256000000001194, 117.14347326805132
8.257000000001192, 117.15761135578984
8.258000000001193, 117.1714451563271
8.259000000001192, 117.18496307709682
8.260000000001192, 117.19815352553273
8.261000000001191, 117.2110049090686
8.26200000000119, 117.2235123235977
8.263000000001192, 117.23570237660772
8.26400000000119, 117.24761094713713
8.265000000001187, 117.25927391550267
8.266000000001188, 117.27072716202119
8.267000000001188, 117.28200656700943
8.268000000001187, 117.29314801078425
8.269000000001189, 117.3041873736624
8.270000000001186, 117.3151605359607
8.271000000001187, 117.32610337799593
8.272000000001185, 117.33705178008492
8.273000000001186, 117.34804162254446
8.274000000001184, 117.35910878569132
8.275000000001183, 117.3702891498423
8.276000000001183, 117.38161859531422
8.277000000001182, 117.39313300242388
8.278000000001182, 117.40486825148807
8.279000000001181, 117.41686022282356
8.28000000000118, 117.42914479674718
8.281000000001182, 117.44175569363753
8.28200000000118, 117.45470134865356
8.283000000001179, 117.46797379997611
8.284000000001178, 117.48156480870745
8.285000000001178, 117.49546613594975
8.286000000001177, 117.50966954280534
8.287000000001179, 117.52416679037634
8.288000000001176, 117.53894963976498
8.289000000001177, 117.5540098520735
8.290000000001175, 117.56933918840411
8.291000000001176, 117.58492940985899
8.292000000001174, 117.60077227754041
8.293000000001175, 117.61685955255055
8.294000000001173, 117.63318299599165
8.295000000001172, 117.64973436896591
8.296000000001172, 117.66650543257556
8.297000000001173, 117.68348794792283
8.29800000000117, 117.7006736761099
8.29900000000117, 117.71805437823897
8.30000000000117, 117.73562186554568
8.30100000000117, 117.75337009647538
8.302000000001168, 117.77129593923061
8.30300000000117, 117.78939646908574
8.304000000001167, 117.80766876131511
8.305000000001169, 117.826109891193
8.306000000001166, 117.84471693399381
8.307000000001166, 117.86348696499185
8.308000000001165, 117.88241705946146
8.309000000001165, 117.90150429267693
8.310000000001164, 117.92074573991266
8.311000000001163, 117.94013847644295
8.312000000001163, 117.95967957754218
8.313000000001162, 117.97936611848459
8.314000000001164, 117.99919517454462
8.315000000001163, 118.01916382099654
8.31600000000116, 118.03926913311471
8.31700000000116, 118.0595081861735
8.31800000000116, 118.07987805544717
8.319000000001159, 118.10037580907621
8.320000000001158, 118.12098982126557
8.321000000001158, 118.1416828714656
8.322000000001157, 118.1624130525751
8.323000000001157, 118.18313845749302
8.324000000001156, 118.20381717911816
8.325000000001157, 118.22440731034939
8.326000000001157, 118.2448669440856
8.327000000001153, 118.26515417322561
8.328000000001154, 118.28522709066834
8.329000000001153, 118.30504378931263
8.330000000001153, 118.32456236205732
8.331000000001152, 118.34374090180134
8.332000000001152, 118.36253750144348
8.333000000001153, 118.38091025388265
8.33400000000115, 118.39881725201771
8.33500000000115, 118.4162165887475
8.33600000000115, 118.4330663569709
8.337000000001149, 118.4493246495868
8.338000000001148, 118.46494955949399
8.33900000000115, 118.47990740825065
8.340000000001147, 118.49422114571917
8.341000000001149, 118.5079375523144
8.342000000001146, 118.52110349136338
8.343000000001146, 118.53376582619316
8.344000000001145, 118.5459714201308
8.345000000001146, 118.55776713650336
8.346000000001144, 118.56919983863787
8.347000000001145, 118.58031638986137
8.348000000001143, 118.59116365350101
8.349000000001144, 118.60178849288371
8.350000000001142, 118.6122377713366
8.35100000000114, 118.62255835218672
8.35200000000114, 118.63279709876113
8.353000000001142, 118.64300087438684
8.35400000000114, 118.65321654239096
8.355000000001139, 118.66349096610054
8.356000000001139, 118.67387100884258
8.35700000000114, 118.68440353394416
8.358000000001137, 118.69513358530406
8.359000000001137, 118.70607152464456
8.360000000001136, 118.71719659888024
8.361000000001136, 118.72848695160722
8.362000000001135, 118.73992072642156
8.363000000001136, 118.75147606691934
8.364000000001134, 118.76313111669661
8.365000000001134, 118.7748640193495
8.366000000001133, 118.78665291847405
8.367000000001132, 118.79847595766631
8.368000000001132, 118.81031128052244
8.369000000001131, 118.82213703063843
8.37000000000113, 118.83393135161045
8.37100000000113, 118.84567238703451
8.37200000000113, 118.85733828050667
8.373000000001129, 118.86890717562304
8.374000000001129, 118.8803572159797
8.37500000000113, 118.89166654517274
8.376000000001127, 118.90281330679821
8.377000000001125, 118.91377582898521
8.378000000001126, 118.92455255141692
8.379000000001128, 118.93517983440614
8.380000000001125, 118.94569824024154
8.381000000001123, 118.95614833121171
8.382000000001124, 118.96657066960529
8.383000000001125, 118.97700581771097
8.384000000001123, 118.98749433781735
8.385000000001124, 118.9980767922131
8.386000000001122, 119.0087937431868
8.387000000001123, 119.01968575302712
8.38800000000112, 119.0307933840227
8.38900000000112, 119.04215719846222
8.39000000000112, 119.05381775863425
8.391000000001121, 119.06581562682746
8.392000000001119, 119.0781913653305
8.39300000000112, 119.09098553643197
8.394000000001117, 119.10423870242053
8.395000000001117, 119.11799142558485
8.396000000001116, 119.13228426821352
8.397000000001116, 119.14714601359445
8.398000000001115, 119.1625554160475
8.399000000001115, 119.17847794994327
8.400000000001114, 119.19487908955219
8.401000000001115, 119.21172430914484
8.402000000001113, 119.22897908299173
8.403000000001112, 119.24660888536341
8.404000000001112, 119.26457919053037
8.405000000001113, 119.28285547276315
8.40600000000111, 119.30140320633227
8.407000000001112, 119.3201878655083
8.40800000000111, 119.33917492456165
8.409000000001107, 119.35832985776295
8.410000000001109, 119.37761813938272
8.411000000001108, 119.39700524369141
8.412000000001107, 119.41645664495967
8.413000000001109, 119.43593781745787
8.414000000001106, 119.45541423545667
8.415000000001106, 119.4748513732265
8.416000000001105, 119.49421470503793
8.417000000001106, 119.5134697051615
8.418000000001104, 119.53258184786769
8.419000000001105, 119.55151660742706
8.420000000001103, 119.57023945811014
8.421000000001102, 119.58871587418741
8.422000000001102, 119.60691132992943
8.423000000001101, 119.62479129960673
8.4240000000011, 119.64232125748981
8.4250000000011, 119.65946667784925
8.4260000000011, 119.67619303495545
8.427000000001101, 119.6924658030791
8.428000000001099, 119.70825045649062
8.4290000000011, 119.72351246946054
8.430000000001098, 119.73821731625941
8.431000000001097, 119.75233047115775
8.432000000001096, 119.7658174084261
8.433000000001096, 119.77864360233495
8.434000000001095, 119.79077452715484
8.435000000001095, 119.80217677853457
8.436000000001094, 119.81285614926418
8.437000000001094, 119.82286694386244
8.438000000001093, 119.83226647772919
8.439000000001094, 119.84111206626423
8.440000000001092, 119.84946102486738
8.441000000001091, 119.85737066893842
8.44200000000109, 119.8648983138772
8.44300000000109, 119.87210127508347
8.44400000000109, 119.87903686795704
8.445000000001087, 119.88576240789779
8.446000000001089, 119.89233521030542
8.44700000000109, 119.89881259057981
8.448000000001088, 119.90525186412071
8.449000000001087, 119.91171034632795
8.450000000001086, 119.91824535260133
8.451000000001088, 119.92491419834069
8.452000000001085, 119.93177419894577
8.453000000001087, 119.93888266981645
8.454000000001084, 119.94629689652231
8.455000000001084, 119.95405744025946
8.456000000001083, 119.9621603134113
8.457000000001084, 119.97059419185929
8.458000000001082, 119.97934775148471
8.459000000001083, 119.98840966816906
8.46000000000108, 119.99776861779375
8.461000000001079, 120.00741327624007
8.46200000000108, 120.0173323193895
8.46300000000108, 120.02751442312345
8.464000000001079, 120.03794826332329
8.46500000000108, 120.04862251587038
8.466000000001078, 120.05952585664619
8.467000000001079, 120.07064696153206
8.468000000001076, 120.08197450640947
8.469000000001074, 120.09349716715973
8.470000000001075, 120.10520361966425
8.471000000001077, 120.1170825398045
8.472000000001074, 120.12912260346181
8.473000000001074, 120.14131248651759
8.474000000001073, 120.15364086485327
8.475000000001074, 120.16609641435022
8.476000000001072, 120.17866781088986
8.477000000001073, 120.19134373035358
8.478000000001071, 120.20411284862277
8.47900000000107, 120.21696384157885
8.48000000000107, 120.22988538510319
8.48100000000107, 120.2428661550772
8.482000000001069, 120.25589482738224
8.483000000001068, 120.26896007789982
8.484000000001068, 120.28205058251123
8.485000000001069, 120.29515501709791
8.486000000001066, 120.30826205754126
8.487000000001066, 120.32136037972269
8.488000000001065, 120.33443865952357
8.489000000001065, 120.34748557282533
8.490000000001064, 120.36048979550935
8.491000000001065, 120.37344000345702
8.492000000001063, 120.38632487254975
8.493000000001063, 120.39913307866894
8.494000000001062, 120.41185329769601
8.495000000001061, 120.4244742055123
8.496000000001061, 120.43698447799927
8.49700000000106, 120.44937279103829
8.49800000000106, 120.46162782051076
8.499000000001061, 120.47373824229808
8.500000000001059, 120.48569273228165
8.501000000001058, 120.49747996634291
8.502000000001058, 120.50908862036319
8.503000000001057, 120.5205073702239
8.504000000001056, 120.53172489180645
8.505000000001056, 120.54272986099228
8.506000000001055, 120.55351095366275
8.507000000001053, 120.56405684569924
8.508000000001054, 120.5743562129832
8.509000000001054, 120.58439773139598
8.510000000001053, 120.59417007681901
8.511000000001053, 120.60366192513368
8.512000000001052, 120.61286209875692
8.513000000001053, 120.62177120370717
8.514000000001051, 120.63041007666678
8.51500000000105, 120.63880154656769
8.51600000000105, 120.64696844234169
8.51700000000105, 120.65493359292068
8.518000000001049, 120.66271982723656
8.51900000000105, 120.6703499742211
8.520000000001048, 120.67784686280622
8.521000000001049, 120.68523332192379
8.522000000001047, 120.69253218050564
8.523000000001048, 120.69976626748365
8.524000000001045, 120.70695841178966
8.525000000001047, 120.71413144235558
8.526000000001044, 120.7213081881132
8.527000000001042, 120.72851147799446
8.528000000001043, 120.7357641409312
8.529000000001043, 120.7430890058552
8.530000000001042, 120.75050890169845
8.531000000001042, 120.7580466573706
8.532000000001041, 120.76571750130213
8.53300000000104, 120.77350755225734
8.53400000000104, 120.7813959610273
8.53500000000104, 120.78936187840314
8.536000000001039, 120.79738445517592
8.53700000000104, 120.80544284213683
8.538000000001038, 120.81351619007694
8.539000000001035, 120.8215836497874
8.540000000001037, 120.82962437205929
8.541000000001038, 120.83761750768375
8.542000000001035, 120.84554220745184
8.543000000001033, 120.85337762215477
8.544000000001034, 120.86110290258355
8.545000000001034, 120.86869719952941
8.546000000001033, 120.87613966378336
8.547000000001033, 120.88340944613654
8.548000000001032, 120.89048569738011
8.549000000001033, 120.89734756830516
8.550000000001031, 120.9039742097028
8.551000000001032, 120.91035013165018
8.55200000000103, 120.91650911706847
8.553000000001028, 120.9225114775818
8.554000000001029, 120.92841778109383
8.555000000001028, 120.93428859550826
8.556000000001028, 120.94018448872876
8.557000000001025, 120.94616602865901
8.558000000001027, 120.95229378320266
8.559000000001028, 120.95862832026344
8.560000000001025, 120.96523020774504
8.561000000001025, 120.97216001355106
8.562000000001024, 120.97947830558525
8.563000000001026, 120.98724565175125
8.564000000001023, 120.99552261995277
8.565000000001024, 121.00436977809349
8.566000000001024, 121.01384769407706
8.567000000001023, 121.02401693580718
8.568000000001021, 121.03493807118753
8.56900000000102, 121.04667166812177
8.57000000000102, 121.05927584349143
8.571000000001021, 121.07273760101953
8.572000000001019, 121.08696352849948
8.57300000000102, 121.10185589332855
8.574000000001018, 121.11731696290411
8.575000000001017, 121.13324900462351
8.576000000001017, 121.149554285884
8.577000000001016, 121.1661350740829
8.578000000001015, 121.1828936366176
8.579000000001015, 121.1997322408854
8.580000000001014, 121.2165531542836
8.581000000001016, 121.23325864420949
8.582000000001013, 121.24975097806046
8.583000000001011, 121.26593242323378
8.584000000001012, 121.28170524712681
8.585000000001012, 121.29697171713683
8.586000000001011, 121.3116341006612
8.58700000000101, 121.32559466509721
8.58800000000101, 121.33875567784222
8.589000000001011, 121.35101951302873
8.590000000001009, 121.36232182874508
8.591000000001008, 121.37267862011768
8.592000000001008, 121.38211776108417
8.593000000001007, 121.39066712558233
8.594000000001007, 121.3983545875498
8.595000000001008, 121.40520802092438
8.596000000001006, 121.41125529964371
8.597000000001005, 121.41652429764557
8.598000000001004, 121.42104288886762
8.599000000001004, 121.4248389472476
8.600000000001003, 121.4279403467232
8.601000000001005, 121.43037496123218
8.602000000001002, 121.4321706647122
8.603000000001, 121.43335533110101
8.604000000001001, 121.43395683433631
8.605000000000999, 121.43400304835586
8.606000000001, 121.43352184709728
8.607000000001001, 121.43254110449834
8.608000000000999, 121.43108869449676
8.609000000001, 121.42919249103024
8.610000000000998, 121.4268803680365
8.611000000000999, 121.4241801994533
8.612000000000997, 121.42111985921825
8.613000000000996, 121.41772722126913
8.614000000000996, 121.41403015954364
8.615000000000995, 121.41005654797952
8.616000000000994, 121.40583426051445
8.617000000000994, 121.40139117108615
8.618000000000993, 121.39675515363234
8.619000000000993, 121.39195408209073
8.620000000000992, 121.38701583039906
8.621000000000992, 121.38196827249502
8.622000000000991, 121.37683928231631
8.62300000000099, 121.37165673380068
8.62400000000099, 121.36644850088581
8.625000000000991, 121.36124245750943
8.626000000000989, 121.35606647760925
8.627000000000988, 121.350948435123
8.628000000000988, 121.34591766424259
8.629000000000987, 121.34102446262506
8.630000000000987, 121.33633482404687
8.631000000000988, 121.33191512133988
8.632000000000986, 121.3278317273359
8.633000000000985, 121.32415101486684
8.634000000000984, 121.32093935676448
8.635000000000984, 121.31826312586071
8.636000000000983, 121.31618869498735
8.637000000000985, 121.31478243697623
8.638000000000982, 121.31411072465924
8.639000000000982, 121.31423993086821
8.640000000000981, 121.31523642843499
8.64100000000098, 121.3171665901914
8.64200000000098, 121.32009678896932
8.64300000000098, 121.32409339760056
8.644000000000979, 121.329222788917
8.64500000000098, 121.33555133575045
8.646000000000978, 121.3431454109328
8.647000000000979, 121.35207030606566
8.648000000000978, 121.36232473097184
8.649000000000978, 121.37380319947
8.650000000000976, 121.3863911450612
8.651000000000975, 121.39997400124648
8.652000000000974, 121.41443720152691
8.653000000000974, 121.42966617940358
8.654000000000973, 121.44554636837756
8.655000000000973, 121.46196320194993
8.656000000000972, 121.47880211362171
8.65700000000097, 121.49594853689402
8.658000000000971, 121.51328790526793
8.65900000000097, 121.53070565224448
8.66000000000097, 121.54808721132481
8.66100000000097, 121.56531801600991
8.662000000000969, 121.5822834998009
8.663000000000968, 121.59886909619881
8.664000000000968, 121.61496023870473
8.665000000000967, 121.63044236081976
8.666000000000967, 121.64520089869252
8.667000000000968, 121.65914732189916
8.668000000000966, 121.67228304363874
8.669000000000965, 121.68462888766575
8.670000000000964, 121.69620567773455
8.671000000000966, 121.70703423759959
8.672000000000963, 121.71713539101523
8.673000000000963, 121.72652996173592
8.674000000000962, 121.73523877351604
8.675000000000962, 121.74328265011005
8.676000000000961, 121.7506824152723
8.677000000000959, 121.7574588927572
8.67800000000096, 121.76363290631924
8.67900000000096, 121.76922527971276
8.680000000000959, 121.77425683669217
8.681000000000958, 121.77874840101192
8.682000000000958, 121.78272079642639
8.683000000000957, 121.78619484669
8.684000000000957, 121.78919137555712
8.685000000000958, 121.79173120678222
8.686000000000956, 121.79383595341004
8.687000000000955, 121.79553369719616
8.688000000000956, 121.79685568792497
8.689000000000954, 121.79783319707772
8.690000000000953, 121.79849749613574
8.691000000000955, 121.79887985658021
8.692000000000952, 121.79901154989261
8.693000000000954, 121.79892384755405
8.694000000000951, 121.79864802104592
8.695000000000949, 121.79821534184947
8.69600000000095, 121.79765708144598
8.697000000000951, 121.79700451131677
8.698000000000949, 121.79628890294313
8.69900000000095, 121.79554152780632
8.700000000000948, 121.79479365738764
8.701000000000947, 121.7940765631684
8.702000000000947, 121.79342151662985
8.703000000000946, 121.7928597892533
8.704000000000946, 121.79242265252003
8.705000000000947, 121.79214034579695
8.706000000000945, 121.79201790126112
8.707000000000944, 121.79203429998978
8.708000000000943, 121.79216732210661
8.709000000000945, 121.79239474773513
8.710000000000942, 121.79269435699896
8.711000000000944, 121.7930439300217
8.712000000000941, 121.79342124692693
8.71300000000094, 121.79380408783821
8.71400000000094, 121.79417023287917
8.71500000000094, 121.79449746217338
8.716000000000939, 121.79476355584438
8.717000000000937, 121.79494629401586
8.718000000000938, 121.79502345681131
8.719000000000939, 121.7949728243544
8.720000000000937, 121.79477217676863
8.721000000000938, 121.79439929417765
8.722000000000936, 121.79383195670505
8.723000000000935, 121.7930479444744
8.724000000000935, 121.79202515491436
8.725000000000934, 121.79076438738645
8.726000000000933, 121.78931660483454
8.727000000000935, 121.78773941528306
8.728000000000932, 121.78609042675632
8.72900000000093, 121.7844272472787
8.730000000000931, 121.78280748487457
8.73100000000093, 121.7812887475682
8.73200000000093, 121.77992864338407
8.73300000000093, 121.77878478034648
8.734000000000929, 121.77791476647984
8.735000000000927, 121.77737620980844
8.736000000000928, 121.77722671835664
8.73700000000093, 121.77752390014886
8.738000000000927, 121.7783253632094
8.739000000000928, 121.77968871556263
8.740000000000926, 121.78167156523298
8.741000000000927, 121.78433152024468
8.742000000000925, 121.78772618862222
8.743000000000926, 121.79191317838988
8.744000000000923, 121.7969313007278
8.745000000000923, 121.80272536671009
8.746000000000922, 121.80921086359677
8.747000000000922, 121.81630326896988
8.748000000000921, 121.82391806041166
8.74900000000092, 121.83197071550413
8.75000000000092, 121.84037671182949
8.75100000000092, 121.84905152696987
8.752000000000919, 121.85791063850735
8.75300000000092, 121.8668695240241
8.754000000000918, 121.87584366110222
8.755000000000917, 121.88474852732386
8.756000000000917, 121.89349960027116
8.757000000000916, 121.9020123575262
8.758000000000916, 121.91020227667116
8.759000000000915, 121.91798483528815
8.760000000000915, 121.9252755109593
8.761000000000914, 121.93198978126674
8.762000000000914, 121.93804312379258
8.763000000000913, 121.94335627681684
8.764000000000912, 121.94791620303664
8.765000000000914, 121.95175512749393
8.766000000000911, 121.95490615222954
8.767000000000913, 121.95740237928418
8.768000000000912, 121.95927691069879
8.76900000000091, 121.9605628485141
8.770000000000909, 121.961293294771
8.771000000000909, 121.96150135151026
8.772000000000908, 121.96122012077271
8.773000000000907, 121.96048270459917
8.774000000000907, 121.95932220503047
8.775000000000905, 121.95777172410739
8.776000000000906, 121.95586436387077
8.777000000000905, 121.95363322636146
8.778000000000905, 121.95111141362023
8.779000000000904, 121.94833202768788
8.780000000000904, 121.94532817060532
8.781000000000903, 121.94213294441329
8.782000000000902, 121.93877929700199
8.783000000000904, 121.93529269242089
8.784000000000901, 121.93168790975842
8.7850000000009, 121.9279789081708
8.7860000000009, 121.92417964681414
8.7870000000009, 121.92030408484467
8.788000000000899, 121.91636618141852
8.789000000000897, 121.91237989569194
8.790000000000898, 121.90835918682104
8.791000000000897, 121.90431801396203
8.792000000000897, 121.90027033627106
8.793000000000896, 121.89623011290433
8.794000000000896, 121.89221130301803
8.795000000000897, 121.88822786576831
8.796000000000895, 121.88429376031135
8.797000000000892, 121.88042294580335
8.798000000000895, 121.87662938140045
8.799000000000895, 121.87292702625886
8.800000000000892, 121.86932983953476
8.801000000000892, 121.86585177862924
8.802000000000891, 121.86250296438939
8.80300000000089, 121.85928154955081
8.80400000000089, 121.85618335967013
8.80500000000089, 121.85320422030408
8.80600000000089, 121.85033995700934
8.807000000000889, 121.84758639534263
8.808000000000888, 121.8449393608606
8.80900000000089, 121.84239467911996
8.810000000000887, 121.83994817567742
8.811000000000888, 121.8375956760896
8.812000000000886, 121.8353330059133
8.813000000000887, 121.83315599070518
8.814000000000885, 121.8310604560219
8.815000000000884, 121.82904222742016
8.816000000000884, 121.82709713045668
8.817000000000885, 121.82522099068817
8.818000000000882, 121.82340963367126
8.819000000000884, 121.82165888496266
8.820000000000881, 121.81996457011911
8.821000000000883, 121.81832251469729
8.82200000000088, 121.81672854425386
8.823000000000881, 121.81517848434552
8.824000000000881, 121.81366816052898
8.82500000000088, 121.81219339836095
8.826000000000878, 121.81075002339809
8.827000000000877, 121.80933386119709
8.828000000000877, 121.80794073731465
8.829000000000875, 121.80656647730751
8.830000000000876, 121.80520690673231
8.831000000000877, 121.80385785114574
8.832000000000875, 121.80251513610452
8.833000000000876, 121.80117458716535
8.834000000000874, 121.79983202988493
8.835000000000875, 121.79848328981988
8.836000000000872, 121.79712419252698
8.837000000000872, 121.79575056356288
8.838000000000871, 121.7943582284843
8.839000000000869, 121.7929430128479
8.84000000000087, 121.7915014992027
8.841000000000868, 121.79004601661998
8.84200000000087, 121.78860376808404
8.843000000000867, 121.78720253887178
8.844000000000868, 121.78587011426004
8.845000000000868, 121.78463427952578
8.846000000000867, 121.7835228199458
8.847000000000866, 121.78256352079708
8.848000000000866, 121.78178416735645
8.849000000000865, 121.78121254490077
8.850000000000865, 121.78087643870697
8.851000000000866, 121.78080363405195
8.852000000000864, 121.78102191621261
8.853000000000863, 121.78155907046579
8.854000000000863, 121.78244288208836
8.855000000000862, 121.78370113635728
8.856000000000861, 121.78536161854939
8.85700000000086, 121.78745211394158
8.858000000000862, 121.79000040781078
8.859000000000862, 121.79303391731705
8.86000000000086, 121.79653129998641
8.861000000000857, 121.8003741572093
8.862000000000858, 121.80443260300089
8.863000000000858, 121.8085767513763
8.864000000000857, 121.81267671635058
8.865000000000858, 121.81660261193889
8.866000000000856, 121.82022455215633
8.867000000000855, 121.82341265101799
8.868000000000855, 121.82603702253903
8.869000000000856, 121.82796778073455
8.870000000000854, 121.82907503961962
8.871000000000853, 121.82922891320939
8.872000000000853, 121.82829951551895
8.87300000000085, 121.82615696056344
8.874000000000851, 121.82267136235794
8.87500000000085, 121.81771283491759
8.87600000000085, 121.81115149225752
8.877000000000852, 121.80285744839279
8.87800000000085, 121.79270081733856
8.879000000000849, 121.78060694769273
8.880000000000848, 121.7667501191126
8.881000000000848, 121.75137470674328
8.882000000000847, 121.73472508964115
8.883000000000848, 121.71704564686252
8.884000000000846, 121.69858075746382
8.885000000000847, 121.6795748005013
8.886000000000845, 121.66027215503141
8.887000000000846, 121.64091720011047
8.888000000000844, 121.62175431479484
8.889000000000841, 121.60302787814086
8.890000000000843, 121.58498226920491
8.891000000000842, 121.56786186704335
8.892000000000841, 121.5519110507125
8.893000000000841, 121.53737419926874
8.89400000000084, 121.52449569176844
8.895000000000842, 121.5135199072679
8.89600000000084, 121.50469122482355
8.897000000000839, 121.4982540234917
8.898000000000838, 121.49442792183237
8.899000000000838, 121.49315768451949
8.900000000000837, 121.49421672916023
8.901000000000838, 121.49737587452984
8.902000000000836, 121.50240593940353
8.903000000000834, 121.50907774255657
8.904000000000835, 121.51716210276419
8.905000000000834, 121.52642983880155
8.906000000000834, 121.53665176944398
8.907000000000833, 121.54759871346667
8.908000000000833, 121.55904148964486
8.909000000000832, 121.57075091675377
8.910000000000831, 121.58249781356861
8.91100000000083, 121.59405299886471
8.91200000000083, 121.6051872914172
8.91300000000083, 121.61567151000139
8.91400000000083, 121.6252764733924
8.91500000000083, 121.6337730003656
8.916000000000828, 121.64093190969614
8.91700000000083, 121.64652766339884
8.918000000000827, 121.65047745401714
8.919000000000828, 121.65288452474985
8.920000000000826, 121.65386461732557
8.921000000000825, 121.65353347347269
8.922000000000825, 121.65200683491982
8.923000000000822, 121.64940044339545
8.924000000000824, 121.64583004062811
8.925000000000825, 121.6414113683463
8.926000000000823, 121.6362601682786
8.927000000000822, 121.63049218215343
8.928000000000822, 121.62422315169941
8.929000000000823, 121.617568818645
8.93000000000082, 121.61064492471877
8.93100000000082, 121.60356721164919
8.93200000000082, 121.5964514211648
8.933000000000819, 121.58941329499416
8.934000000000818, 121.58256857486572
8.935000000000816, 121.57603300250805
8.936000000000817, 121.56992227485173
8.937000000000817, 121.5643140835553
8.938000000000816, 121.55917893712424
8.939000000000815, 121.55446858457401
8.940000000000815, 121.55013477491998
8.941000000000816, 121.54612925717757
8.942000000000814, 121.5424037803622
8.943000000000813, 121.53891009348928
8.944000000000813, 121.53559994557423
8.945000000000812, 121.5324250856325
8.946000000000812, 121.52933726267943
8.94700000000081, 121.52628822573051
8.948000000000812, 121.52322972380108
8.94900000000081, 121.52011350590658
8.950000000000808, 121.51689132106245
8.951000000000809, 121.5135149182841
8.952000000000808, 121.50993604658692
8.953000000000808, 121.50610645498635
8.954000000000807, 121.50197789249779
8.955000000000807, 121.49750210813666
8.956000000000806, 121.49263707573358
8.957000000000804, 121.48738166299492
8.958000000000805, 121.48175124137043
8.959000000000804, 121.4757612281684
8.960000000000804, 121.46942704069701
8.961000000000803, 121.46276409626458
8.962000000000803, 121.4557878121793
8.963000000000804, 121.44851360574944
8.964000000000802, 121.44095689428323
8.965000000000801, 121.43313309508892
8.9660000000008, 121.42505762547479
8.9670000000008, 121.41674590274906
8.9680000000008, 121.40821334421996
8.969000000000797, 121.39947536719575
8.970000000000798, 121.39054738898469
8.971000000000798, 121.381444826895
8.972000000000795, 121.37218309823494
8.973000000000797, 121.36277762031277
8.974000000000796, 121.35324381043674
8.975000000000795, 121.34359803317983
8.976000000000795, 121.33387360299542
8.977000000000794, 121.32411846605086
8.978000000000794, 121.31438104899935
8.979000000000795, 121.30470977849409
8.980000000000793, 121.29515308118825
8.981000000000792, 121.28575938373501
8.982000000000792, 121.27657711278752
8.983000000000791, 121.26765469499897
8.98400000000079, 121.25904055702256
8.985000000000792, 121.25078312551145
8.98600000000079, 121.24293082711883
8.987000000000789, 121.23553208849788
8.988000000000788, 121.22863533630174
8.989000000000786, 121.22228899718363
8.990000000000787, 121.21654149779671
8.991000000000787, 121.21144126479419
8.992000000000786, 121.2070367248292
8.993000000000784, 121.20337630455494
8.994000000000785, 121.2005079639275
8.995000000000784, 121.19843522981898
8.996000000000784, 121.19708115118586
8.997000000000781, 121.19636029391042
8.998000000000784, 121.1961872238747
8.999000000000782, 121.19647650696106
9.000000000000782, 121.19714270905165
9.001000000000783, 121.19810039602862
9.00200000000078, 121.19926413377421
9.00300000000078, 121.20054848817055
9.00400000000078, 121.20186802509991
9.005000000000779, 121.20313731044449
9.006000000000778, 121.20427091008638
9.007000000000776, 121.2051833899079
9.008000000000777, 121.20578931579118
9.009000000000777, 121.20600325361838
9.010000000000776, 121.20573976927179
9.011000000000776, 121.20491342863356
9.012000000000775, 121.20343879758587
9.013000000000774, 121.20123044201092
9.014000000000774, 121.19822447857027
9.015000000000773, 121.1944445965286
9.016000000000771, 121.18993672609456
9.017000000000772, 121.18474679747985
9.018000000000772, 121.17892074089617
9.019000000000771, 121.17250448655528
9.02000000000077, 121.1655439646689
9.02100000000077, 121.15808510544878
9.02200000000077, 121.15017383910669
9.02300000000077, 121.14185609585428
9.024000000000768, 121.13317780590336
9.025000000000768, 121.12418489946562
9.026000000000767, 121.11492330675284
9.027000000000767, 121.10543895797672
9.028000000000766, 121.09577778334899
9.029000000000764, 121.08598571308139
9.030000000000765, 121.07610867738566
9.031000000000764, 121.06619260647358
9.032000000000764, 121.05628343055682
9.033000000000763, 121.04642452353508
9.034000000000763, 121.03663411759084
9.035000000000762, 121.02691616199735
9.036000000000762, 121.01727444163089
9.037000000000761, 121.00771274136775
9.03800000000076, 120.99823484608422
9.03900000000076, 120.98884454065656
9.04000000000076, 120.9795456099611
9.041000000000757, 120.9703418388741
9.042000000000758, 120.96123701227188
9.043000000000758, 120.95223491503072
9.044000000000757, 120.94333933202691
9.045000000000755, 120.9345540481367
9.046000000000756, 120.92588284823643
9.047000000000756, 120.91732951720238
9.048000000000755, 120.90889783991082
9.049000000000753, 120.90059160123806
9.050000000000754, 120.89241458606038
9.051000000000752, 120.88437057925408
9.052000000000753, 120.87646336569544
9.05300000000075, 120.86869673026075
9.054000000000752, 120.8610744578263
9.055000000000751, 120.85360033326839
9.05600000000075, 120.8462781414633
9.05700000000075, 120.83911166728731
9.05800000000075, 120.83210469561669
9.059000000000749, 120.82526101132784
9.060000000000748, 120.81858439929692
9.061000000000746, 120.81207864440027
9.062000000000747, 120.80574753151419
9.063000000000745, 120.79959484551495
9.064000000000746, 120.7936243712789
9.065000000000746, 120.78783989368222
9.066000000000745, 120.78224519760124
9.067000000000743, 120.77684406791235
9.068000000000744, 120.77164028949171
9.069000000000743, 120.76663764721567
9.070000000000743, 120.76183992596052
9.071000000000742, 120.75725089543663
9.072000000000742, 120.75286782627771
9.073000000000741, 120.7486713948218
9.07400000000074, 120.74463966699585
9.07500000000074, 120.74075070872678
9.07600000000074, 120.73698258594155
9.077000000000739, 120.73331336456714
9.078000000000738, 120.72972111053045
9.079000000000738, 120.72618388975842
9.080000000000739, 120.72267976817801
9.081000000000735, 120.71918681171617
9.082000000000736, 120.71568308629986
9.083000000000737, 120.71214665785595
9.084000000000735, 120.70855559231148
9.085000000000733, 120.70488795559329
9.086000000000734, 120.70112181362843
9.087000000000733, 120.69723523234376
9.088000000000733, 120.69320627766626
9.089000000000734, 120.6890130155229
9.090000000000732, 120.68463351184056
9.091000000000731, 120.68004625341865
9.092000000000729, 120.67523221079423
9.09300000000073, 120.67017326243189
9.09400000000073, 120.6648512881421
9.095000000000729, 120.65924816773537
9.096000000000728, 120.65334578102224
9.097000000000728, 120.64712600781317
9.098000000000727, 120.64057072791874
9.099000000000727, 120.6336618211494
9.100000000000726, 120.6263811673157
9.101000000000726, 120.61871064622811
9.102000000000725, 120.61063213769718
9.103000000000726, 120.60212752153342
9.104000000000724, 120.5931786775473
9.105000000000725, 120.58376748554937
9.106000000000723, 120.57387582535014
9.107000000000722, 120.56348557676007
9.10800000000072, 120.55257861958972
9.10900000000072, 120.5411368336496
9.11000000000072, 120.52914596647507
9.11100000000072, 120.51665180085175
9.11200000000072, 120.50374746648174
9.113000000000719, 120.49052737819612
9.114000000000717, 120.47708595082585
9.115000000000718, 120.46351759920199
9.116000000000717, 120.4499167381555
9.117000000000717, 120.43637778251743
9.118000000000716, 120.4229951471188
9.119000000000716, 120.40986324679064
9.120000000000713, 120.3970764963639
9.121000000000716, 120.38472931066963
9.122000000000714, 120.37291610453889
9.123000000000715, 120.36173129280262
9.124000000000713, 120.3512692902919
9.125000000000712, 120.3416245118377
9.126000000000712, 120.33289137227104
9.12700000000071, 120.32516428642296
9.12800000000071, 120.31853766912448
9.129000000000708, 120.3131049094361
9.13000000000071, 120.30888609815594
9.131000000000709, 120.30578038554441
9.132000000000708, 120.30367561207322
9.133000000000708, 120.30245961821416
9.134000000000707, 120.30202024443892
9.135000000000707, 120.30224533121918
9.136000000000706, 120.30302271902679
9.137000000000704, 120.30424024833346
9.138000000000705, 120.30578575961087
9.139000000000705, 120.3075470933308
9.140000000000704, 120.30941208996495
9.141000000000703, 120.31126858998516
9.142000000000703, 120.31300443386306
9.143000000000704, 120.31450746207037
9.144000000000702, 120.31566551507893
9.145000000000701, 120.31636643336039
9.146000000000699, 120.31649805738654
9.1470000000007, 120.3159482276291
9.1480000000007, 120.31460478518673
9.149000000000697, 120.3123829673869
9.150000000000698, 120.30929840777765
9.151000000000696, 120.30538973145303
9.152000000000697, 120.30069556350708
9.153000000000699, 120.29525452903381
9.154000000000696, 120.28910525312732
9.155000000000696, 120.28228636088159
9.156000000000695, 120.27483647739064
9.157000000000693, 120.26679422774856
9.158000000000694, 120.25819823704941
9.159000000000693, 120.24908713038715
9.160000000000693, 120.23949953285586
9.161000000000694, 120.22947406954955
9.162000000000692, 120.21904936556231
9.163000000000693, 120.20826404598813
9.16400000000069, 120.19715673592108
9.165000000000692, 120.18576606045522
9.16600000000069, 120.17413064468454
9.16700000000069, 120.16228911370305
9.168000000000688, 120.15028009260486
9.169000000000686, 120.13814220648396
9.170000000000687, 120.12591408043441
9.171000000000687, 120.11363433955023
9.172000000000686, 120.1013416089255
9.173000000000684, 120.08907451365423
9.174000000000685, 120.0768716788304
9.175000000000686, 120.06477172954816
9.176000000000684, 120.05281329090147
9.177000000000682, 120.0410349879844
9.178000000000683, 120.02947544589098
9.179000000000682, 120.01817328971521
9.180000000000682, 120.0071671445512
9.181000000000683, 119.99649563549292
9.18200000000068, 119.98619738763446
9.183000000000682, 119.97631102606982
9.18400000000068, 119.96687517589308
9.185000000000679, 119.95792846219821
9.186000000000679, 119.94950951007934
9.187000000000676, 119.94165583098855
9.188000000000677, 119.93437496650034
9.189000000000677, 119.92764184774472
9.190000000000676, 119.92142976291586
9.191000000000678, 119.915712000208
9.192000000000675, 119.91046184781533
9.193000000000675, 119.90565259393199
9.194000000000676, 119.90125752675218
9.195000000000674, 119.89724993447018
9.196000000000671, 119.8936031052801
9.197000000000672, 119.89029032737614
9.198000000000672, 119.88728488895251
9.19900000000067, 119.88456007820342
9.20000000000067, 119.88208918332302
9.201000000000668, 119.87984549250552
9.20200000000067, 119.87780229394514
9.20300000000067, 119.87593287583604
9.204000000000669, 119.8742105263724
9.205000000000668, 119.87260853374846
9.206000000000667, 119.8711002040761
9.207000000000667, 119.86966336357604
9.208000000000666, 119.86828630316936
9.209000000000664, 119.86695879050615
9.210000000000665, 119.86567059323656
9.211000000000665, 119.86441147901061
9.212000000000664, 119.86317121547847
9.213000000000664, 119.86193957029022
9.214000000000663, 119.86070631109595
9.215000000000662, 119.85946120554581
9.216000000000662, 119.85819402128983
9.21700000000066, 119.85689452597819
9.21800000000066, 119.85555248726095
9.21900000000066, 119.85415767278818
9.22000000000066, 119.85269985021006
9.221000000000661, 119.85116878717665
9.222000000000659, 119.84955425133805
9.223000000000658, 119.84784601034436
9.224000000000657, 119.84603383184569
9.225000000000659, 119.84410748349217
9.226000000000656, 119.84205673293387
9.227000000000656, 119.83987134782089
9.228000000000655, 119.83754109580336
9.229000000000655, 119.83505574453133
9.230000000000654, 119.832405061655
9.231000000000652, 119.82957881482437
9.232000000000653, 119.82656677168961
9.233000000000652, 119.82335869990078
9.234000000000652, 119.81994436710801
9.235000000000651, 119.81631354096139
9.23600000000065, 119.81245598911104
9.23700000000065, 119.80836147920702
9.23800000000065, 119.80401977889949
9.239000000000651, 119.79942065583852
9.240000000000649, 119.79455387767422
9.24100000000065, 119.78940921205665
9.242000000000647, 119.78397642663603
9.243000000000645, 119.77824528906234
9.244000000000646, 119.77220556698572
9.245000000000648, 119.7658470280563
9.246000000000645, 119.75915943992416
9.247000000000643, 119.75213257023941
9.248000000000644, 119.74475618665215
9.249000000000644, 119.73702005681251
9.250000000000643, 119.72891394837053
9.251000000000642, 119.72042762897635
9.252000000000642, 119.71155086628009
9.253000000000641, 119.70227342793184
9.254000000000643, 119.69258508158168
9.25500000000064, 119.68247559487975
9.25600000000064, 119.67193473547613
9.25700000000064, 119.66095227102093
9.258000000000639, 119.64951796916422
9.259000000000638, 119.63762159755618
9.260000000000637, 119.6252529238468
9.261000000000637, 119.6124017156863
9.262000000000636, 119.59905774072472
9.263000000000638, 119.58521076661216
9.264000000000635, 119.57085108440344
9.265000000000635, 119.55599800862205
9.266000000000634, 119.54071452212118
9.267000000000635, 119.5250672142345
9.268000000000633, 119.50912267429555
9.26900000000063, 119.492947491638
9.270000000000634, 119.47660825559541
9.271000000000631, 119.4601715555014
9.27200000000063, 119.4437039806896
9.27300000000063, 119.42727212049363
9.27400000000063, 119.41094256424705
9.27500000000063, 119.39478190128357
9.276000000000629, 119.37885672093668
9.277000000000628, 119.36323361254009
9.278000000000626, 119.34797916542732
9.279000000000627, 119.33315996893205
9.280000000000626, 119.3188426123879
9.281000000000626, 119.30509368512838
9.282000000000625, 119.29197977648721
9.283000000000627, 119.27956747088636
9.284000000000624, 119.26790049643715
9.285000000000625, 119.25694699846709
9.286000000000623, 119.24665952022134
9.287000000000623, 119.23699060494513
9.288000000000622, 119.22789279588372
9.289000000000621, 119.21931863628225
9.29000000000062, 119.21122066938595
9.291000000000622, 119.20355143844009
9.29200000000062, 119.19626348668979
9.29300000000062, 119.18930935738035
9.294000000000619, 119.18264159375693
9.295000000000618, 119.17621273906477
9.296000000000618, 119.16997533654907
9.297000000000617, 119.16388192945502
9.298000000000616, 119.15788506102786
9.299000000000618, 119.15193727451279
9.300000000000615, 119.14599111315508
9.301000000000617, 119.13999912019986
9.302000000000614, 119.1339138388924
9.303000000000614, 119.12769268718296
9.304000000000613, 119.12133115551828
9.305000000000614, 119.11484263312335
9.306000000000612, 119.10824061316114
9.30700000000061, 119.10153858879463
9.308000000000611, 119.09475005318669
9.30900000000061, 119.08788849950032
9.31000000000061, 119.08096742089842
9.31100000000061, 119.07400031054397
9.312000000000609, 119.06700066159985
9.313000000000608, 119.05998196722905
9.314000000000608, 119.05295772059446
9.315000000000607, 119.04594141485907
9.316000000000606, 119.0389465431858
9.317000000000606, 119.03198659873757
9.318000000000605, 119.02507507467737
9.319000000000605, 119.0182254641681
9.320000000000604, 119.01145126037271
9.321000000000605, 119.00476595645414
9.322000000000601, 118.99818304557532
9.323000000000604, 118.99171602089919
9.324000000000602, 118.9853783755887
9.325000000000601, 118.97918360280681
9.326000000000601, 118.97314519571643
9.3270000000006, 118.96727664748045
9.3280000000006, 118.96159145126197
9.329000000000597, 118.95610310022374
9.330000000000599, 118.95082508752884
9.331000000000596, 118.9457709063401
9.332000000000598, 118.94095404982055
9.333000000000599, 118.93638801113309
9.334000000000596, 118.93208628344064
9.335000000000596, 118.92806235990619
9.336000000000595, 118.92432973369266
9.337000000000595, 118.92090189796298
9.338000000000592, 118.91779234588007
9.339000000000592, 118.9150145706069
9.340000000000593, 118.91258206530642
9.34100000000059, 118.9105082524483
9.342000000000592, 118.90879495835725
9.343000000000593, 118.90741963163683
9.344000000000591, 118.90635664231391
9.345000000000589, 118.90558036041551
9.34600000000059, 118.90506515596863
9.347000000000591, 118.90478539900019
9.348000000000589, 118.90471545953717
9.349000000000588, 118.90482970760652
9.350000000000588, 118.90510251323528
9.351000000000585, 118.90550824645032
9.352000000000587, 118.90602127727865
9.353000000000586, 118.90661597574724
9.354000000000585, 118.90726671188307
9.355000000000585, 118.90794785571308
9.356000000000584, 118.90863377726427
9.357000000000584, 118.90929884656357
9.358000000000583, 118.90991743363797
9.359000000000584, 118.91046390851443
9.360000000000582, 118.91091264121994
9.361000000000583, 118.91124054442034
9.362000000000581, 118.91143669200648
9.36300000000058, 118.91149378956214
9.36400000000058, 118.91140454331384
9.36500000000058, 118.91116165948779
9.366000000000579, 118.91075784431044
9.367000000000576, 118.91018580400822
9.368000000000578, 118.90943824480742
9.369000000000577, 118.9085078729345
9.370000000000577, 118.9073873946158
9.371000000000576, 118.90606951607774
9.372000000000575, 118.90454694354665
9.373000000000577, 118.90281238324896
9.374000000000574, 118.90085854141103
9.375000000000574, 118.89867812425922
9.376000000000573, 118.89626383801995
9.377000000000573, 118.89360838891959
9.378000000000572, 118.89070448318452
9.37900000000057, 118.88754482704107
9.380000000000571, 118.88412212671571
9.38100000000057, 118.8804290884348
9.38200000000057, 118.87645841842468
9.383000000000571, 118.87220282291173
9.384000000000569, 118.8676550081224
9.385000000000568, 118.862807680283
9.386000000000568, 118.85765354561995
9.387000000000567, 118.85218531035964
9.388000000000567, 118.8463956807284
9.389000000000568, 118.84027736295268
9.390000000000565, 118.8338230632588
9.391000000000565, 118.82702548787321
9.392000000000564, 118.81987734302221
9.393000000000564, 118.81237133493225
9.394000000000563, 118.80450016982968
9.395000000000563, 118.7962565539409
9.396000000000562, 118.78763319349224
9.397000000000562, 118.77862279471012
9.398000000000561, 118.76921806382097
9.39900000000056, 118.75941210629298
9.40000000000056, 118.74921566675148
9.40100000000056, 118.73866371077128
9.402000000000559, 118.72779296116002
9.403000000000558, 118.71664014072536
9.404000000000558, 118.7052419722749
9.405000000000559, 118.69363517861638
9.406000000000557, 118.68185648255732
9.407000000000556, 118.66994260690541
9.408000000000555, 118.65793027446828
9.409000000000555, 118.64585620805359
9.410000000000554, 118.63375713046894
9.411000000000552, 118.62166976452201
9.412000000000553, 118.60963083302038
9.413000000000553, 118.59767705877175
9.414000000000552, 118.5858451645837
9.415000000000552, 118.57417187326395
9.416000000000551, 118.56269390762006
9.41700000000055, 118.5514479904597
9.418000000000552, 118.54047083952918
9.41900000000055, 118.52979210745946
9.420000000000549, 118.5194203409509
9.421000000000546, 118.5093601626704
9.422000000000548, 118.49961619528489
9.423000000000547, 118.49019306146124
9.424000000000547, 118.48109538386635
9.425000000000546, 118.4723277851671
9.426000000000545, 118.46389488803038
9.427000000000543, 118.45580131512314
9.428000000000544, 118.44805168911222
9.429000000000544, 118.44065063266453
9.430000000000543, 118.433602768447
9.431000000000545, 118.4269127191265
9.432000000000542, 118.42058510736992
9.433000000000542, 118.41462455584414
9.434000000000541, 118.40903568721608
9.43500000000054, 118.40382312415265
9.43600000000054, 118.39899148932071
9.43700000000054, 118.39454540538716
9.438000000000539, 118.39048749384165
9.439000000000538, 118.38680638445817
9.440000000000538, 118.38348473516095
9.441000000000537, 118.38050518155532
9.442000000000537, 118.37785035924671
9.443000000000538, 118.37550290384041
9.444000000000536, 118.37344545094183
9.445000000000535, 118.37166063615635
9.446000000000534, 118.37013109508928
9.447000000000534, 118.36883946334603
9.448000000000533, 118.36776837653196
9.449000000000531, 118.36690047025238
9.450000000000532, 118.36621838011271
9.451000000000532, 118.36570474171833
9.452000000000531, 118.36534219067454
9.45300000000053, 118.36511336258675
9.45400000000053, 118.36500089306031
9.45500000000053, 118.36498741770058
9.456000000000529, 118.36505557211291
9.457000000000528, 118.36518799190273
9.458000000000528, 118.36536731267532
9.459000000000527, 118.36557617003609
9.460000000000527, 118.36579719959039
9.461000000000526, 118.36601303694363
9.462000000000526, 118.36620631770109
9.463000000000525, 118.36635967746821
9.464000000000524, 118.36645575185028
9.465000000000526, 118.36647717645273
9.466000000000523, 118.36640658688091
9.467000000000523, 118.36622661874017
9.468000000000522, 118.36591990763587
9.469000000000522, 118.36546908917339
9.470000000000521, 118.36485679895807
9.471000000000522, 118.3640656725953
9.472000000000522, 118.36307834569044
9.47300000000052, 118.36187745384888
9.474000000000519, 118.36044563267589
9.475000000000518, 118.35876551777696
9.476000000000518, 118.35681974475733
9.477000000000517, 118.35459094922248
9.478000000000517, 118.35206176677767
9.479000000000516, 118.34921483302836
9.480000000000516, 118.34603278357983
9.481000000000517, 118.34249825403752
9.482000000000514, 118.33859388000673
9.483000000000514, 118.33430229709285
9.484000000000515, 118.32960614090125
9.485000000000513, 118.3244880470373
9.486000000000512, 118.31893065110634
9.48700000000051, 118.31291658871375
9.488000000000511, 118.30642849546487
9.48900000000051, 118.29944900696512
9.49000000000051, 118.29196075881981
9.49100000000051, 118.28394638663434
9.492000000000509, 118.27538852601404
9.493000000000508, 118.2662698125643
9.494000000000508, 118.25657288189046
9.495000000000505, 118.24628036959791
9.496000000000507, 118.23539013330117
9.497000000000506, 118.22396566064339
9.498000000000506, 118.2120881231657
9.499000000000505, 118.19983869266557
9.500000000000504, 118.18729854094039
9.501000000000504, 118.17454883978763
9.502000000000503, 118.16167076100467
9.503000000000505, 118.14874547638905
9.504000000000502, 118.13585415773812
9.505000000000502, 118.12307797684934
9.506000000000501, 118.11049810552014
9.5070000000005, 118.09819571554796
9.5080000000005, 118.08625197873025
9.509000000000498, 118.0747480668644
9.510000000000499, 118.0637651517479
9.511000000000498, 118.05338440517816
9.512000000000498, 118.04368699895261
9.513000000000497, 118.03475410486868
9.514000000000497, 118.02666689472382
9.515000000000496, 118.01949692336783
9.516000000000496, 118.01321443040328
9.517000000000493, 118.00772894651034
9.518000000000495, 118.00294918056485
9.519000000000494, 117.9987838414425
9.520000000000493, 117.995141638019
9.521000000000493, 117.99193127917009
9.522000000000492, 117.9890614737715
9.523000000000492, 117.98644093069899
9.524000000000491, 117.98397835882824
9.525000000000492, 117.98158246703501
9.52600000000049, 117.979161964195
9.52700000000049, 117.97662555918397
9.528000000000489, 117.97388196087766
9.529000000000488, 117.97083987815176
9.530000000000488, 117.96740801988207
9.531000000000486, 117.96349509494422
9.532000000000487, 117.95900981221399
9.533000000000488, 117.95386088056712
9.534000000000486, 117.94795924367901
9.535000000000485, 117.94129620626876
9.536000000000485, 117.93396384391463
9.537000000000484, 117.92606061461146
9.538000000000483, 117.91768497635417
9.539000000000483, 117.90893538713775
9.540000000000482, 117.89991030495707
9.541000000000484, 117.89070818780698
9.542000000000481, 117.88142749368254
9.543000000000479, 117.87216668057854
9.544000000000482, 117.86302420649
9.54500000000048, 117.85409852941173
9.546000000000479, 117.84548810733872
9.547000000000477, 117.8372913982659
9.548000000000478, 117.82960686018811
9.549000000000476, 117.8225329511003
9.550000000000477, 117.81616812899742
9.551000000000478, 117.81061085187434
9.552000000000476, 117.80595957772604
9.553000000000475, 117.8023126807432
9.554000000000475, 117.79971669063106
9.555000000000474, 117.79807803376588
9.556000000000473, 117.79727970399694
9.557000000000473, 117.79720469517358
9.558000000000472, 117.79773600114518
9.559000000000472, 117.79875661576102
9.560000000000471, 117.80014953287045
9.56100000000047, 117.80179774632288
9.56200000000047, 117.80358424996751
9.563000000000471, 117.80539203765376
9.564000000000469, 117.80710410323096
9.565000000000468, 117.80860344054844
9.566000000000468, 117.80977304345551
9.567000000000467, 117.81049590580153
9.568000000000467, 117.81065502143584
9.569000000000464, 117.81013338420775
9.570000000000466, 117.80881398796664
9.571000000000465, 117.8065798265618
9.572000000000465, 117.80331389384259
9.573000000000464, 117.79892382648902
9.574000000000463, 117.79347186241057
9.575000000000463, 117.78708005898594
9.576000000000464, 117.77987060321661
9.577000000000462, 117.771965682104
9.57800000000046, 117.76348748264951
9.57900000000046, 117.75455819185461
9.58000000000046, 117.74529999672075
9.58100000000046, 117.73583508424935
9.582000000000459, 117.72628564144182
9.583000000000458, 117.71677385529958
9.584000000000458, 117.70742191282417
9.58500000000046, 117.6983520010169
9.586000000000457, 117.68968630687925
9.587000000000456, 117.6815470174127
9.588000000000456, 117.67405631961866
9.589000000000455, 117.6673364004985
9.590000000000455, 117.66150944705373
9.591000000000452, 117.65669764628576
9.592000000000453, 117.6530155326758
9.593000000000453, 117.65044890769697
9.594000000000452, 117.64887665199629
9.595000000000452, 117.64817440332496
9.596000000000451, 117.64821779943424
9.597000000000453, 117.64888247807536
9.59800000000045, 117.6500440769995
9.59900000000045, 117.65157823395796
9.600000000000449, 117.65336058670196
9.601000000000449, 117.65526677298271
9.602000000000448, 117.65717243055144
9.603000000000447, 117.65895319715939
9.604000000000447, 117.66048471055782
9.605000000000448, 117.66164260849791
9.606000000000446, 117.66230252873092
9.607000000000447, 117.66234010900807
9.608000000000445, 117.66163098708066
9.609000000000444, 117.6600508006998
9.610000000000444, 117.6574751876168
9.611000000000443, 117.6537808138196
9.612000000000442, 117.64893053823954
9.613000000000442, 117.64303721379441
9.614000000000441, 117.63622872287152
9.61500000000044, 117.62863294785821
9.61600000000044, 117.62037777114182
9.61700000000044, 117.61159107510969
9.618000000000439, 117.60240074214911
9.619000000000439, 117.59293465464745
9.620000000000438, 117.58332069499204
9.621000000000437, 117.57368674557019
9.622000000000437, 117.56416068876919
9.623000000000438, 117.55487040697645
9.624000000000436, 117.54594378257923
9.625000000000435, 117.53750869796492
9.626000000000435, 117.52969303552082
9.627000000000434, 117.52262467763423
9.628000000000434, 117.51643150669251
9.629000000000435, 117.51124140508301
9.630000000000432, 117.50718225515497
9.631000000000432, 117.50433604634611
9.63200000000043, 117.50260634533545
9.63300000000043, 117.50185336442873
9.63400000000043, 117.50193731593173
9.63500000000043, 117.50271841215019
9.636000000000429, 117.50405686538988
9.637000000000429, 117.50581288795655
9.638000000000426, 117.50784669215597
9.639000000000427, 117.51001849029387
9.640000000000427, 117.51218849467602
9.641000000000426, 117.51421691760822
9.642000000000426, 117.51596397139619
9.643000000000425, 117.51728986834564
9.644000000000425, 117.51805482076242
9.645000000000426, 117.51811904095224
9.646000000000424, 117.51734274122089
9.647000000000423, 117.51558613387408
9.64800000000042, 117.51270943121756
9.649000000000422, 117.50857284555715
9.650000000000421, 117.50305347445129
9.651000000000419, 117.49618631168576
9.65200000000042, 117.48809252968587
9.65300000000042, 117.47889417233333
9.65400000000042, 117.46871328350997
9.655000000000419, 117.45767190709748
9.656000000000418, 117.44589208697762
9.657000000000417, 117.4334958670322
9.658000000000417, 117.42060529114298
9.659000000000415, 117.40734240319159
9.660000000000414, 117.39382924705987
9.661000000000415, 117.3801878666296
9.662000000000415, 117.3665403057825
9.663000000000414, 117.35300860840036
9.664000000000415, 117.33971481836488
9.665000000000413, 117.32678097955787
9.666000000000412, 117.31432913586103
9.667000000000414, 117.30248133115616
9.668000000000411, 117.291359609325
9.66900000000041, 117.28108359994705
9.67000000000041, 117.27170103424164
9.67100000000041, 117.26317727029576
9.67200000000041, 117.2554731447845
9.67300000000041, 117.24854949438301
9.674000000000408, 117.24236715576643
9.675000000000407, 117.23688696560974
9.676000000000407, 117.23206976058813
9.677000000000406, 117.22787637737673
9.678000000000406, 117.22426765265061
9.679000000000404, 117.22120442308486
9.680000000000405, 117.21864752535458
9.681000000000404, 117.21655779613495
9.682000000000404, 117.21489607210103
9.683000000000405, 117.2136231899279
9.684000000000403, 117.21269998629069
9.6850000000004, 117.21208729786451
9.686000000000401, 117.21174596132445
9.6870000000004, 117.21163681334563
9.6880000000004, 117.21172069988137
9.689000000000398, 117.2119615902478
9.6900000000004, 117.21233110037265
9.691000000000399, 117.21280199477219
9.692000000000398, 117.21334703796268
9.693000000000396, 117.21393899446036
9.694000000000397, 117.21455062878144
9.695000000000395, 117.21515470544219
9.696000000000396, 117.21572398895886
9.697000000000395, 117.21623124384767
9.698000000000395, 117.21664923462487
9.699000000000396, 117.21695072580673
9.700000000000394, 117.21710848190946
9.701000000000395, 117.21709526744931
9.702000000000393, 117.21688384694255
9.70300000000039, 117.21644698490537
9.70400000000039, 117.21575744585405
9.705000000000393, 117.21478799430486
9.70600000000039, 117.213511394774
9.70700000000039, 117.21190041177775
9.70800000000039, 117.20993380371152
9.709000000000389, 117.20762413344741
9.710000000000388, 117.2049958037975
9.711000000000386, 117.20207323021859
9.712000000000387, 117.19888082816742
9.713000000000385, 117.19544301310077
9.714000000000386, 117.1917842004754
9.715000000000385, 117.1879288057481
9.716000000000385, 117.18390124437559
9.717000000000384, 117.17972593181469
9.718000000000384, 117.1754272835221
9.719000000000383, 117.17102971495464
9.72000000000038, 117.16655764156906
9.721000000000382, 117.16203547882212
9.722000000000381, 117.1574876421706
9.72300000000038, 117.15293854707124
9.72400000000038, 117.14841260898083
9.72500000000038, 117.14393424335614
9.72600000000038, 117.13952786565392
9.72700000000038, 117.13521667025194
9.728000000000378, 117.13100597529322
9.72900000000038, 117.12688753688826
9.730000000000377, 117.12285277359533
9.731000000000376, 117.11889310397268
9.732000000000376, 117.11499994657856
9.733000000000374, 117.1111647199713
9.734000000000375, 117.10737884270911
9.735000000000374, 117.1036337333503
9.736000000000374, 117.09992081045313
9.737000000000373, 117.09623149257582
9.738000000000373, 117.09255719827672
9.739000000000372, 117.08888934611404
9.740000000000371, 117.08521935464609
9.741000000000371, 117.08153864243111
9.74200000000037, 117.07783862802737
9.743000000000372, 117.07411072999315
9.74400000000037, 117.0703463668867
9.745000000000369, 117.06653695726632
9.746000000000368, 117.0626740252417
9.747000000000368, 117.05875583788057
9.748000000000367, 117.05479135658217
9.749000000000365, 117.0507904916567
9.750000000000366, 117.0467631534143
9.751000000000367, 117.04271925216511
9.752000000000365, 117.03866869821928
9.753000000000364, 117.03462140188702
9.754000000000364, 117.03058727347843
9.755000000000363, 117.02657622330376
9.756000000000363, 117.02259816167303
9.757000000000362, 117.0186629988965
9.758000000000361, 117.01478064528428
9.759000000000361, 117.01096101114656
9.76000000000036, 117.00721400679346
9.76100000000036, 117.0035495425352
9.76200000000036, 116.99997752868187
9.763000000000359, 116.99650787554368
9.764000000000358, 116.99315049343075
9.76500000000036, 116.98991529207325
9.766000000000357, 116.98680441452328
9.767000000000355, 116.98379276785381
9.768000000000356, 116.980849292266
9.769000000000355, 116.97794292796092
9.770000000000355, 116.97504261513969
9.771000000000353, 116.97211729400335
9.772000000000354, 116.96913590475306
9.773000000000355, 116.96606738758987
9.774000000000353, 116.96288068271494
9.77500000000035, 116.95954473032931
9.776000000000352, 116.95602847063412
9.777000000000351, 116.95230084383043
9.77800000000035, 116.9483307901194
9.77900000000035, 116.9440872497021
9.78000000000035, 116.9395391627796
9.78100000000035, 116.93465546955304
9.782000000000348, 116.92940511022348
9.783000000000348, 116.92375702499206
9.784000000000347, 116.91768015405985
9.785000000000347, 116.91114962668362
9.786000000000346, 116.90419213696289
9.787000000000347, 116.8968599839203
9.788000000000345, 116.88920565153973
9.789000000000344, 116.88128162380501
9.790000000000344, 116.87314038470006
9.791000000000343, 116.86483441820874
9.792000000000343, 116.8564162083149
9.79300000000034, 116.84793823900236
9.794000000000342, 116.83945299425507
9.795000000000341, 116.83101295805686
9.79600000000034, 116.82267061439158
9.79700000000034, 116.81447844724315
9.79800000000034, 116.80648894059539
9.799000000000337, 116.79875457843215
9.800000000000338, 116.79132784473737
9.801000000000338, 116.78426122349485
9.802000000000335, 116.77760719868849
9.803000000000338, 116.77141825430218
9.804000000000336, 116.76574552722032
9.805000000000335, 116.76060644856352
9.806000000000335, 116.75598315801547
9.807000000000336, 116.75185613081595
9.808000000000334, 116.74820584220457
9.809000000000335, 116.74501276742104
9.810000000000333, 116.742257381705
9.811000000000332, 116.73992016029621
9.812000000000332, 116.7379815784343
9.813000000000331, 116.73642211135893
9.81400000000033, 116.73522223430987
9.815000000000328, 116.73436242252671
9.81600000000033, 116.73382315124917
9.817000000000329, 116.73358489571696
9.818000000000328, 116.73362813116972
9.819000000000328, 116.73393333284716
9.820000000000327, 116.73448097598899
9.821000000000327, 116.7352515358348
9.822000000000326, 116.73622548762438
9.823000000000325, 116.73738330659734
9.824000000000325, 116.73870546799338
9.825000000000326, 116.7401724470522
9.826000000000324, 116.7417647190135
9.827000000000323, 116.74346275911691
9.828000000000323, 116.74524704260217
9.829000000000324, 116.7470980447089
9.830000000000322, 116.74899624067686
9.83100000000032, 116.75092210574564
9.83200000000032, 116.75285611515498
9.83300000000032, 116.75477874414463
9.834000000000318, 116.75667046795412
9.835000000000319, 116.75851176182324
9.836000000000318, 116.76028310099167
9.837000000000318, 116.76196496069905
9.838000000000317, 116.76353781618509
9.839000000000318, 116.76498214268948
9.840000000000316, 116.76627841545184
9.841000000000315, 116.76740710971195
9.842000000000315, 116.76834870070945
9.843000000000314, 116.76908868614292
9.844000000000314, 116.76963806356979
9.845000000000312, 116.77001590361036
9.846000000000313, 116.7702412800807
9.847000000000314, 116.77033326679705
9.848000000000312, 116.77031093757549
9.849000000000311, 116.77019336623218
9.85000000000031, 116.76999962658326
9.851000000000312, 116.76974879244493
9.85200000000031, 116.76945993763329
9.85300000000031, 116.76915213596449
9.85400000000031, 116.76884446125467
9.855000000000308, 116.76855598732
9.856000000000307, 116.76830578797664
9.857000000000307, 116.7681129370407
9.858000000000306, 116.76799650832832
9.859000000000304, 116.7679755756557
9.860000000000305, 116.76806921283894
9.861000000000304, 116.7682964936942
9.862000000000302, 116.7686743222053
9.863000000000305, 116.76919177231758
9.864000000000303, 116.76981864298415
9.865000000000302, 116.77052434702924
9.866000000000302, 116.77127829727698
9.867000000000303, 116.77204990655164
9.8680000000003, 116.77280858767745
9.869000000000298, 116.77352375347854
9.8700000000003, 116.77416481677918
9.871000000000299, 116.77470119040356
9.872000000000298, 116.77510228717587
9.873000000000298, 116.77533751992036
9.874000000000297, 116.7753763014612
9.875000000000297, 116.77518804462262
9.876000000000296, 116.77474216222882
9.877000000000296, 116.774008067104
9.878000000000295, 116.77295517207236
9.879000000000294, 116.77155288995813
9.880000000000294, 116.76977063358552
9.881000000000293, 116.76757837215862
9.882000000000293, 116.764973990204
9.883000000000292, 116.76199575973203
9.884000000000292, 116.75868511072814
9.885000000000293, 116.75508347317785
9.88600000000029, 116.75123227706648
9.88700000000029, 116.74717295237956
9.888000000000291, 116.74294692910256
9.88900000000029, 116.73859563722088
9.890000000000288, 116.73416050671996
9.891000000000286, 116.72968296758526
9.892000000000287, 116.72520444980222
9.893000000000285, 116.72076638335629
9.894000000000286, 116.71641019823294
9.895000000000286, 116.71217732441758
9.896000000000285, 116.70810919189569
9.897000000000286, 116.70424723065264
9.898000000000284, 116.70063287067399
9.899000000000283, 116.69730754194508
9.900000000000283, 116.69431266911512
9.901000000000282, 116.69167582613593
9.902000000000282, 116.68938073846232
9.903000000000283, 116.68740247500958
9.90400000000028, 116.68571610469314
9.90500000000028, 116.68429669642829
9.90600000000028, 116.68311931913047
9.90700000000028, 116.68215904171497
9.908000000000278, 116.68139093309718
9.90900000000028, 116.6807900621925
9.910000000000277, 116.6803314979162
9.911000000000277, 116.67999030918372
9.912000000000276, 116.67974156491036
9.913000000000274, 116.67956033401157
9.914000000000275, 116.67942168540262
9.915000000000274, 116.6793006879989
9.916000000000274, 116.6791724107158
9.917000000000273, 116.67901192246865
9.918000000000273, 116.67879429217282
9.919000000000272, 116.67849458874366
9.920000000000272, 116.67808788109656
9.92100000000027, 116.67754923814687
9.92200000000027, 116.67685372880995
9.923000000000272, 116.67597642200111
9.92400000000027, 116.6748923866358
9.925000000000269, 116.67357669162932
9.926000000000268, 116.67200440589707
9.927000000000268, 116.67015059835435
9.928000000000267, 116.66799033791656
9.929000000000265, 116.66549869349913
9.930000000000266, 116.66265073401728
9.931000000000266, 116.65942152838645
9.932000000000265, 116.65578614552203
9.933000000000265, 116.65171965433932
9.934000000000264, 116.64719712375371
9.935000000000263, 116.64219362268055
9.936000000000265, 116.63668422003524
9.937000000000262, 116.63064398473307
9.938000000000262, 116.62404798568946
9.939000000000261, 116.61687380291411
9.94000000000026, 116.60915244550509
9.94100000000026, 116.60096605336179
9.94200000000026, 116.59239881754196
9.943000000000259, 116.58353492910341
9.944000000000258, 116.57445857910393
9.94500000000026, 116.56525395860133
9.946000000000257, 116.5560052586534
9.947000000000257, 116.5467966703179
9.948000000000256, 116.53771238465264
9.949000000000256, 116.5288365927154
9.950000000000255, 116.52025348556397
9.951000000000253, 116.51204725425615
9.952000000000254, 116.50430208984974
9.953000000000253, 116.49710218340252
9.954000000000251, 116.49053172597225
9.955000000000252, 116.48467490861677
9.956000000000252, 116.47961592239386
9.957000000000251, 116.47543895836125
9.95800000000025, 116.47222777565464
9.95900000000025, 116.47000585412387
9.96000000000025, 116.46867502171045
9.961000000000249, 116.46812246809442
9.962000000000248, 116.46823538295575
9.963000000000248, 116.46890095597449
9.964000000000247, 116.47000637683061
9.965000000000247, 116.47143883520417
9.966000000000246, 116.47308552077516
9.967000000000247, 116.47483362322356
9.968000000000245, 116.47657033222941
9.969000000000245, 116.47818283747272
9.970000000000244, 116.47955832863349
9.971000000000242, 116.48058399539175
9.972000000000243, 116.48114702742748
9.973000000000244, 116.48113461442074
9.974000000000242, 116.48043394605145
9.975000000000241, 116.4789322119997
9.97600000000024, 116.47651660194549
9.977000000000238, 116.4730743055688
9.97800000000024, 116.46852628948841
9.979000000000239, 116.46294805296012
9.980000000000238, 116.45645926313304
9.981000000000238, 116.44917959062315
9.982000000000237, 116.44122870604625
9.983000000000239, 116.43272628001822
9.984000000000236, 116.4237919831549
9.985000000000236, 116.41454548607217
9.986000000000235, 116.40510645938593
9.987000000000233, 116.39559457371195
9.988000000000234, 116.38612949966617
9.989000000000232, 116.37683090786442
9.990000000000233, 116.36781846892256
9.991000000000232, 116.35921185345646
9.992000000000232, 116.35113073208201
9.993000000000231, 116.34369477541502
9.99400000000023, 116.33702365407134
9.99500000000023, 116.33123703866694
9.99600000000023, 116.32645459981757
9.997000000000229, 116.32278382834875
9.998000000000228, 116.32019456813484
9.999000000000228, 116.31856969574497
10.000000000000227, 116.31779071864196
10.001000000000227, 116.31773914428864
10.002000000000228, 116.3182964801479
10.003000000000226, 116.31934423368259
10.004000000000225, 116.32076391235552
10.005000000000226, 116.32243702362958
10.006000000000224, 116.32424507496758
10.007000000000223, 116.32606957383241
10.008000000000223, 116.32779202768691
10.009000000000224, 116.32929394399392
10.010000000000222, 116.33045683021629
10.01100000000022, 116.33116219381688
10.01200000000022, 116.3312915422585
10.01300000000022, 116.33072638300408
10.01400000000022, 116.32934822351639
10.015000000000219, 116.32703857125831
10.016000000000219, 116.32368122618325
10.017000000000218, 116.31925252045619
10.018000000000217, 116.31385100065135
10.019000000000217, 116.30758358669519
10.020000000000216, 116.30055719851416
10.021000000000216, 116.29287875603465
10.022000000000215, 116.28465517918316
10.023000000000215, 116.27599338788605
10.024000000000214, 116.26700030206979
10.025000000000212, 116.25778284166084
10.026000000000213, 116.24844792658558
10.027000000000214, 116.23910247677044
10.028000000000212, 116.22985341214188
10.02900000000021, 116.22080765262632
10.03000000000021, 116.21207211815023
10.03100000000021, 116.20375372863998
10.03200000000021, 116.19595940402205
10.033000000000207, 116.18879606422283
10.034000000000209, 116.1823706291688
10.035000000000208, 116.17678997831156
10.036000000000207, 116.17212239066522
10.037000000000207, 116.16832568972234
10.038000000000206, 116.1653380679206
10.039000000000206, 116.1630977176978
10.040000000000205, 116.16154283149159
10.041000000000203, 116.16061160173973
10.042000000000204, 116.16024222088002
10.043000000000204, 116.16037288135007
10.044000000000203, 116.16094177558767
10.045000000000202, 116.16188709603055
10.046000000000202, 116.16314703511645
10.047000000000201, 116.16465978528309
10.0480000000002, 116.16636353896816
10.049000000000198, 116.16819648860944
10.0500000000002, 116.17009682664461
10.051000000000199, 116.17200274551146
10.052000000000199, 116.17385243764768
10.053000000000198, 116.17558409549102
10.054000000000197, 116.1771359114792
10.055000000000197, 116.17845360939788
10.056000000000196, 116.1795331734871
10.057000000000196, 116.18039116241555
10.058000000000195, 116.1810441967028
10.059000000000196, 116.18150889686834
10.060000000000194, 116.18180188343158
10.061000000000194, 116.18193977691209
10.062000000000193, 116.18193919782942
10.063000000000194, 116.18181676670304
10.064000000000192, 116.18158910405232
10.065000000000193, 116.18127283039692
10.06600000000019, 116.18088456625625
10.06700000000019, 116.18044093214985
10.06800000000019, 116.1799585485972
10.06900000000019, 116.1794540361178
10.070000000000189, 116.17894401523112
10.071000000000186, 116.17844510645676
10.072000000000187, 116.17797393031408
10.073000000000187, 116.17754710732265
10.074000000000186, 116.17718066322382
10.075000000000186, 116.17687975222088
10.076000000000185, 116.17664002036369
10.077000000000185, 116.17645679313642
10.078000000000184, 116.17632539602343
10.079000000000184, 116.17624115450904
10.080000000000183, 116.1761993940774
10.08100000000018, 116.17619544021287
10.082000000000182, 116.17622461839969
10.083000000000181, 116.17628225412221
10.08400000000018, 116.17636367286462
10.085000000000178, 116.1764642001113
10.08600000000018, 116.17657916134641
10.087000000000181, 116.1767038820543
10.088000000000179, 116.1768336877193
10.089000000000176, 116.17696390382558
10.090000000000176, 116.1770898558575
10.091000000000179, 116.1772068692993
10.092000000000176, 116.17731026963524
10.093000000000174, 116.17739540463239
10.094000000000177, 116.17745984098929
10.095000000000175, 116.17750521943819
10.096000000000174, 116.17753361752253
10.097000000000172, 116.17754711278562
10.098000000000173, 116.17754778277089
10.099000000000173, 116.17753770502176
10.100000000000172, 116.17751895708152
10.101000000000173, 116.17749361649363
10.10200000000017, 116.17746376080146
10.10300000000017, 116.17743146754835
10.10400000000017, 116.17739881427772
10.10500000000017, 116.17736787853298
10.106000000000169, 116.17734073785748
10.107000000000168, 116.17731946979458
10.108000000000168, 116.17730615188772
10.109000000000165, 116.17730286168027
10.110000000000166, 116.17731167671559
10.111000000000164, 116.17733467453706
10.112000000000165, 116.1773739326881
10.113000000000165, 116.17743028486369
10.114000000000164, 116.17749943395745
10.115000000000162, 116.1775757601048
10.116000000000163, 116.17765364343984
10.117000000000163, 116.17772746409665
10.118000000000162, 116.17779160220923
10.119000000000161, 116.17784043791173
10.12000000000016, 116.17786835133816
10.12100000000016, 116.17786972262263
10.12200000000016, 116.17783893189919
10.12300000000016, 116.17777035930186
10.124000000000159, 116.17765838496476
10.12500000000016, 116.17749738902194
10.126000000000158, 116.1772817516075
10.127000000000157, 116.17700585285543
10.128000000000156, 116.17666407289985
10.129000000000156, 116.17625079187479
10.130000000000155, 116.17576038991437
10.131000000000153, 116.17518724715264
10.132000000000154, 116.17452574372365
10.133000000000154, 116.17377025976147
10.134000000000151, 116.17291517540015
10.135000000000153, 116.1719548707738
10.136000000000152, 116.17088372601647
10.137000000000151, 116.1696961212622
10.138000000000151, 116.16838643664508
10.13900000000015, 116.16694905229917
10.14000000000015, 116.1653783483585
10.141000000000151, 116.16366870495722
10.142000000000149, 116.16181450222932
10.14300000000015, 116.1598101203089
10.144000000000148, 116.15764993933006
10.145000000000145, 116.1553283394268
10.146000000000146, 116.15283970073324
10.147000000000148, 116.15017840338336
10.148000000000145, 116.14733882751133
10.149000000000145, 116.14431535325117
10.150000000000142, 116.14110236073698
10.151000000000144, 116.13769423010275
10.152000000000143, 116.13408534148262
10.15300000000014, 116.13027007501064
10.154000000000142, 116.12624281082084
10.155000000000141, 116.12199792904734
10.156000000000141, 116.11752980982416
10.15700000000014, 116.11283283328538
10.15800000000014, 116.10790137956509
10.15900000000014, 116.10272982879734
10.160000000000139, 116.09731256111621
10.161000000000136, 116.0916439566557
10.162000000000138, 116.08571839554996
10.163000000000137, 116.07953025793304
10.164000000000136, 116.07307392393896
10.165000000000136, 116.06634377370186
10.166000000000135, 116.05933418735572
10.167000000000133, 116.05203954503467
10.168000000000134, 116.04445422687276
10.169000000000135, 116.03657261300404
10.170000000000133, 116.02838911742606
10.171000000000133, 116.01991399728296
10.172000000000132, 116.01119854600583
10.173000000000133, 116.0023006137038
10.174000000000131, 115.99327805048586
10.175000000000129, 115.98418870646103
10.17600000000013, 115.97509043173837
10.17700000000013, 115.96604107642689
10.178000000000129, 115.95709849063566
10.179000000000126, 115.9483205244737
10.180000000000128, 115.93976502805006
10.181000000000127, 115.93148985147374
10.182000000000127, 115.92355284485382
10.183000000000128, 115.9160118582993
10.184000000000125, 115.90892474191922
10.185000000000127, 115.90234934582264
10.186000000000124, 115.89634352011856
10.187000000000124, 115.89096511491604
10.188000000000123, 115.88627198032412
10.189000000000123, 115.88232196645184
10.190000000000122, 115.87915904350075
10.19100000000012, 115.87674399633345
10.192000000000121, 115.87500675923481
10.19300000000012, 115.87387721584852
10.19400000000012, 115.87328524981808
10.19500000000012, 115.87316074478713
10.196000000000119, 115.8734335843992
10.197000000000116, 115.87403365229794
10.198000000000118, 115.87489083212684
10.199000000000117, 115.87593500752953
10.200000000000117, 115.87709606214958
10.201000000000116, 115.87830387963056
10.202000000000115, 115.8794883436161
10.203000000000115, 115.88057933774974
10.204000000000114, 115.881506745675
10.205000000000114, 115.88220045103557
10.206000000000113, 115.88259033747497
10.207000000000114, 115.88260628863675
10.208000000000112, 115.88217818816456
10.209000000000112, 115.88123951124874
10.210000000000111, 115.87978061565025
10.211000000000109, 115.87783731240575
10.21200000000011, 115.87544668212718
10.213000000000108, 115.87264580542637
10.214000000000109, 115.8694717629153
10.21500000000011, 115.86596163520588
10.216000000000108, 115.86215250291002
10.217000000000107, 115.85808144663967
10.218000000000107, 115.85378554700665
10.219000000000108, 115.84930188462303
10.220000000000107, 115.84466754010059
10.221000000000103, 115.8399195940513
10.222000000000104, 115.83509512708707
10.223000000000104, 115.83023121981984
10.224000000000103, 115.82536495286149
10.225000000000103, 115.82053340682397
10.226000000000102, 115.81577366231919
10.227000000000102, 115.81112279995904
10.228000000000101, 115.80661771061315
10.229000000000102, 115.80228118276636
10.2300000000001, 115.79811242115596
10.231000000000101, 115.79410838587205
10.232000000000099, 115.7902660370047
10.233000000000098, 115.78658233464402
10.234000000000098, 115.78305423888006
10.235000000000099, 115.7796787098029
10.236000000000097, 115.77645270750264
10.237000000000098, 115.77337319206937
10.238000000000095, 115.77043712359314
10.239000000000095, 115.76764146216404
10.240000000000094, 115.76498316787215
10.241000000000094, 115.76245920080757
10.242000000000093, 115.7600665210604
10.243000000000093, 115.75780208872067
10.244000000000092, 115.75566286387846
10.245000000000093, 115.7536458066239
10.246000000000091, 115.75174787704702
10.24700000000009, 115.74996603523795
10.24800000000009, 115.74829724128674
10.249000000000091, 115.74673845528348
10.250000000000089, 115.74528663731826
10.251000000000086, 115.74393874748114
10.252000000000088, 115.74269174586217
10.253000000000087, 115.74154259255154
10.254000000000087, 115.74048824763923
10.255000000000086, 115.73952567121538
10.256000000000085, 115.73865182337002
10.257000000000085, 115.73786366419327
10.258000000000084, 115.73715815377517
10.259000000000084, 115.73653225220586
10.260000000000083, 115.7359829195754
10.261000000000081, 115.73550711597385
10.262000000000082, 115.7351018014913
10.263000000000082, 115.73476393621785
10.264000000000081, 115.73449048024355
10.26500000000008, 115.73427839365847
10.26600000000008, 115.73412463655278
10.267000000000081, 115.73402591963381
10.268000000000079, 115.73397673483736
10.269000000000078, 115.73397041090118
10.270000000000078, 115.73400026631255
10.271000000000077, 115.73405961955875
10.272000000000077, 115.73414178912704
10.273000000000074, 115.7342400935047
10.274000000000077, 115.73434785117902
10.275000000000077, 115.73445838063724
10.276000000000074, 115.73456500036662
10.277000000000074, 115.73466102885448
10.278000000000073, 115.73473978458806
10.279000000000071, 115.73479458605463
10.280000000000072, 115.73481875174144
10.281000000000072, 115.73480560013583
10.282000000000071, 115.73474844972502
10.28300000000007, 115.73464061899627
10.28400000000007, 115.73447542643689
10.285000000000068, 115.73424619053411
10.286000000000069, 115.73394661144833
10.287000000000068, 115.73358092322556
10.288000000000068, 115.733164972492
10.289000000000069, 115.73271520392866
10.290000000000067, 115.73224806221667
10.291000000000066, 115.73177999203703
10.292000000000066, 115.73132743807095
10.293000000000065, 115.7309068449994
10.294000000000064, 115.73053465750357
10.295000000000062, 115.73022732026442
10.296000000000063, 115.73000127796311
10.297000000000063, 115.72987297528074
10.298000000000062, 115.72985885689832
10.299000000000063, 115.72997536749699
10.300000000000061, 115.73023895175783
10.30100000000006, 115.73066605436189
10.30200000000006, 115.73127311999028
10.30300000000006, 115.73207659332407
10.304000000000059, 115.73309291904434
10.30500000000006, 115.73433846611339
10.306000000000058, 115.73580912242929
10.307000000000057, 115.73745268570296
10.308000000000057, 115.73921005872265
10.309000000000056, 115.74102214427685
10.310000000000056, 115.74282984515395
10.311000000000053, 115.7445740641423
10.312000000000054, 115.74619570403033
10.313000000000054, 115.74763566760649
10.314000000000053, 115.74883485765906
10.315000000000055, 115.74973417697653
10.316000000000052, 115.7502745283473
10.317000000000053, 115.7503968145597
10.318000000000053, 115.7500419384022
10.31900000000005, 115.74915080266317
10.320000000000048, 115.74766431013099
10.32100000000005, 115.74552336359409
10.322000000000049, 115.74266886584081
10.323000000000048, 115.73904171965965
10.324000000000048, 115.73458282783893
10.325000000000049, 115.72925203542862
10.326000000000047, 115.72311130979448
10.327000000000048, 115.71625688022462
10.328000000000046, 115.70878500108127
10.329000000000043, 115.70079192672657
10.330000000000044, 115.69237391152272
10.331000000000044, 115.68362720983187
10.332000000000043, 115.67464807601617
10.333000000000041, 115.66553276443784
10.334000000000042, 115.65637752945902
10.335000000000042, 115.64727862544191
10.336000000000041, 115.63833230674861
10.33700000000004, 115.62963482774137
10.33800000000004, 115.62128244278233
10.339000000000038, 115.61337140623363
10.340000000000039, 115.60599797245749
10.341000000000038, 115.59925839581604
10.342000000000038, 115.59324893067149
10.343000000000039, 115.58806583138596
10.344000000000037, 115.58379839999155
10.345000000000036, 115.58043982714005
10.346000000000036, 115.57791316729224
10.347000000000037, 115.57613987981733
10.348000000000035, 115.57504142408459
10.349000000000036, 115.57453925946318
10.350000000000033, 115.5745548453224
10.351000000000033, 115.57500964103144
10.352000000000032, 115.57582510595951
10.353000000000032, 115.57692269947586
10.354000000000031, 115.57822388094972
10.355000000000029, 115.57965010975033
10.356000000000032, 115.58112284524688
10.357000000000031, 115.58256354680867
10.358000000000029, 115.58389367380482
10.359000000000027, 115.58503468560465
10.360000000000028, 115.58590804157733
10.361000000000026, 115.58643520109214
10.362000000000029, 115.58653762351825
10.363000000000026, 115.58613749149261
10.364000000000026, 115.58519852183669
10.365000000000027, 115.58374776100817
10.366000000000025, 115.58181758246324
10.367000000000022, 115.5794403596581
10.368000000000023, 115.57664846604894
10.369000000000025, 115.57347427509191
10.370000000000022, 115.56995016024324
10.37100000000002, 115.56610849495912
10.372000000000021, 115.56198165269569
10.37300000000002, 115.55760200690916
10.37400000000002, 115.55300193105575
10.37500000000002, 115.54821379859162
10.376000000000019, 115.54326998297296
10.377000000000017, 115.53820285765593
10.378000000000018, 115.53304479609682
10.379000000000017, 115.52782817175168
10.380000000000017, 115.52258535807681
10.381000000000016, 115.51734872852833
10.382000000000016, 115.51215065583844
10.383000000000015, 115.50701926716845
10.384000000000015, 115.50196844035135
10.385000000000014, 115.49700906709472
10.386000000000013, 115.4921520391062
10.387000000000015, 115.48740824809333
10.388000000000012, 115.48278858576376
10.389000000000014, 115.47830394382501
10.390000000000011, 115.47396521398477
10.39100000000001, 115.46978328795062
10.39200000000001, 115.46576905743008
10.393000000000008, 115.46193341413081
10.394000000000009, 115.4582872497604
10.395000000000007, 115.45484145602644
10.396000000000008, 115.45160692463655
10.397000000000007, 115.44859454729828
10.398000000000007, 115.44581521571926
10.399000000000008, 115.44327982160708
10.400000000000006, 115.44099925666933
10.401000000000005, 115.4389844126136
10.402000000000005, 115.43724422073784
10.403000000000004, 115.43577204991335
10.404000000000003, 115.43455385037694
10.405000000000003, 115.43357552674351
10.406000000000002, 115.43282298362811
10.407, 115.43228212564576
10.408000000000001, 115.4319388574114
10.409000000000002, 115.43177908354009
10.41, 115.43178870864683
10.411000000000001, 115.43195363734658
10.411999999999999, 115.43225977425439
10.412999999999998, 115.43269302398521
10.413999999999998, 115.43323929115408
10.414999999999996, 115.433884480376
10.415999999999997, 115.43461449626595
10.416999999999998, 115.43541524343897
10.417999999999996, 115.43627262650998
10.418999999999995, 115.4371725500941
10.419999999999995, 115.43810091880624
10.420999999999994, 115.4390435909943
10.421999999999993, 115.43998534631687
10.422999999999995, 115.4409098776005
10.423999999999992, 115.4418008297761
10.424999999999994, 115.44264184777438
10.425999999999991, 115.44341657652623
10.42699999999999, 115.44410866096243
10.42799999999999, 115.44470174601383
10.42899999999999, 115.44517947661123
10.429999999999989, 115.44552549768545
10.430999999999987, 115.44572345416731
10.431999999999988, 115.4457569909876
10.432999999999987, 115.44560975307719
10.433999999999987, 115.4452653853669
10.434999999999986, 115.4447075327875
10.435999999999986, 115.44391984026984
10.436999999999985, 115.44288595274475
10.437999999999985, 115.44158951514302
10.438999999999986, 115.4400141723955
10.439999999999982, 115.43814361165865
10.440999999999983, 115.43596885689654
10.441999999999982, 115.43349657158394
10.442999999999982, 115.43073542663952
10.443999999999981, 115.42769409298202
10.44499999999998, 115.42438124153011
10.44599999999998, 115.42080554320255
10.446999999999981, 115.41697566891796
10.447999999999979, 115.41290028959507
10.448999999999979, 115.4085880761526
10.449999999999978, 115.40404769950923
10.45099999999998, 115.39928783058372
10.451999999999977, 115.39431714029469
10.452999999999975, 115.38914429956088
10.453999999999978, 115.383777979301
10.454999999999975, 115.37822685043375
10.455999999999975, 115.37249958387781
10.456999999999974, 115.36660485055191
10.457999999999974, 115.36055132137473
10.458999999999971, 115.35434766726499
10.459999999999972, 115.34800255914139
10.460999999999972, 115.3415246679226
10.461999999999971, 115.33492266452738
10.46299999999997, 115.32820521987438
10.46399999999997, 115.3213810048823
10.46499999999997, 115.3144586904699
10.465999999999969, 115.30744694755585
10.466999999999969, 115.30035444705884
10.467999999999968, 115.29318985989757
10.468999999999966, 115.28596185699075
10.469999999999967, 115.2786791092571
10.470999999999966, 115.2713502876153
10.471999999999966, 115.26398406298405
10.472999999999965, 115.25658910628208
10.473999999999965, 115.24917408842806
10.474999999999962, 115.24174768034072
10.475999999999964, 115.23431855293875
10.476999999999963, 115.22689537714083
10.47799999999996, 115.21948682386568
10.478999999999962, 115.21210365351118
10.479999999999961, 115.20478199807224
10.48099999999996, 115.19757488688319
10.48199999999996, 115.19053565562936
10.48299999999996, 115.18371763999609
10.483999999999957, 115.17717417566868
10.48499999999996, 115.17095859833242
10.485999999999958, 115.16512424367262
10.486999999999957, 115.15972444737466
10.487999999999957, 115.15481254512379
10.488999999999956, 115.15044187260534
10.489999999999956, 115.14666576550462
10.490999999999953, 115.14353755950695
10.491999999999955, 115.14111059029766
10.492999999999954, 115.13943819356201
10.493999999999954, 115.13857370498539
10.494999999999953, 115.13857046025308
10.495999999999952, 115.13948179505036
10.496999999999954, 115.14136104506258
10.497999999999951, 115.144260302539
10.49899999999995, 115.14817496378309
10.49999999999995, 115.15302153866006
10.50099999999995, 115.15871070315458
10.50199999999995, 115.16515313325125
10.502999999999949, 115.17225950493477
10.503999999999948, 115.17994049418975
10.504999999999947, 115.18810677700081
10.505999999999947, 115.19666902935259
10.506999999999948, 115.20553792722977
10.507999999999946, 115.21462414661698
10.508999999999947, 115.22383836349886
10.509999999999945, 115.23309125385998
10.510999999999944, 115.24229349368508
10.511999999999944, 115.25135575895874
10.512999999999941, 115.26018872566561
10.513999999999944, 115.26870306979036
10.514999999999942, 115.27680946731758
10.515999999999941, 115.28441859423197
10.51699999999994, 115.29144113784902
10.51799999999994, 115.29780604224756
10.518999999999938, 115.30349759572763
10.51999999999994, 115.30851053415752
10.520999999999937, 115.31283959340544
10.521999999999936, 115.31647950933962
10.522999999999938, 115.31942501782831
10.523999999999937, 115.3216708547398
10.524999999999936, 115.32321175594228
10.525999999999936, 115.324042457304
10.526999999999935, 115.32415769469323
10.527999999999935, 115.32355220397817
10.528999999999936, 115.3222207210271
10.529999999999934, 115.32015798170826
10.530999999999933, 115.31735872188987
10.531999999999933, 115.3138176774402
10.532999999999934, 115.30952958422745
10.533999999999931, 115.30448917811992
10.534999999999929, 115.29869119498584
10.53599999999993, 115.29213037069341
10.53699999999993, 115.28481177474093
10.53799999999993, 115.27681388414274
10.538999999999929, 115.268246952147
10.539999999999928, 115.25922135929622
10.540999999999928, 115.24984748613275
10.541999999999927, 115.24023571319898
10.542999999999925, 115.23049642103732
10.543999999999926, 115.22073999019014
10.544999999999927, 115.2110768011998
10.545999999999925, 115.20161723460873
10.546999999999924, 115.1924716709593
10.547999999999924, 115.18375049079393
10.548999999999925, 115.17556407465494
10.549999999999923, 115.16802280308481
10.55099999999992, 115.16123705662585
10.551999999999921, 115.15531721582046
10.55299999999992, 115.15037366121105
10.55399999999992, 115.14651677334004
10.55499999999992, 115.14385693274971
10.55599999999992, 115.1424985758526
10.556999999999917, 115.14242775352204
10.557999999999918, 115.14352149882055
10.55899999999992, 115.1456527782181
10.559999999999917, 115.14869455818491
10.560999999999915, 115.15251980519098
10.561999999999916, 115.15700148570639
10.562999999999917, 115.16201256620127
10.563999999999915, 115.16742601314573
10.564999999999914, 115.17311479300979
10.565999999999914, 115.17895187226358
10.566999999999915, 115.18481021737716
10.567999999999913, 115.19056279482068
10.568999999999912, 115.19608257106415
10.569999999999911, 115.20124251257772
10.570999999999911, 115.20591558583146
10.57199999999991, 115.20997475729544
10.572999999999908, 115.21329299343974
10.57399999999991, 115.21574326073451
10.57499999999991, 115.21719909242827
10.575999999999906, 115.21760205986486
10.576999999999908, 115.21702558391844
10.577999999999907, 115.21555819365844
10.578999999999906, 115.21328841815415
10.579999999999906, 115.21030478647506
10.580999999999905, 115.20669582769048
10.581999999999905, 115.20255007086978
10.582999999999906, 115.19795604508234
10.583999999999904, 115.19300227939752
10.584999999999903, 115.18777730288474
10.585999999999904, 115.18236964461336
10.5869999999999, 115.17686783365275
10.587999999999901, 115.1713603990722
10.588999999999903, 115.16593586994122
10.5899999999999, 115.16068277532912
10.590999999999902, 115.15568964430527
10.5919999999999, 115.15104500593903
10.592999999999899, 115.1468373892998
10.593999999999898, 115.143155323457
10.594999999999896, 115.14006755042081
10.595999999999897, 115.13755620934687
10.596999999999897, 115.13557975277698
10.597999999999896, 115.13409663266825
10.598999999999895, 115.13306530097779
10.599999999999895, 115.13244420966284
10.600999999999894, 115.13219181068048
10.601999999999894, 115.13226655598788
10.602999999999893, 115.13262689754217
10.603999999999893, 115.1332312873005
10.604999999999892, 115.13403817722002
10.605999999999892, 115.13500601925787
10.606999999999891, 115.1360932653712
10.60799999999989, 115.13725836751713
10.60899999999989, 115.13845977765286
10.60999999999989, 115.13965594773548
10.61099999999989, 115.14080532972217
10.611999999999888, 115.14186637557003
10.612999999999888, 115.14279753723626
10.613999999999887, 115.14356014088969
10.614999999999887, 115.14414633146878
10.615999999999886, 115.14456697079984
10.616999999999885, 115.14483318421355
10.617999999999885, 115.14495609704039
10.618999999999884, 115.14494683461085
10.619999999999884, 115.14481652225548
10.620999999999885, 115.14457628530484
10.621999999999883, 115.14423724908944
10.622999999999882, 115.14381053893983
10.623999999999882, 115.14330728018652
10.624999999999881, 115.14273859816007
10.62599999999988, 115.14211561819099
10.626999999999882, 115.14144946560981
10.62799999999988, 115.14075126574708
10.628999999999877, 115.14003214393335
10.62999999999988, 115.1393032254991
10.630999999999878, 115.13857563577491
10.631999999999877, 115.13786050009126
10.632999999999875, 115.13716894377876
10.633999999999876, 115.13651209216789
10.634999999999875, 115.13590107058917
10.635999999999875, 115.13534700437319
10.636999999999873, 115.13486101885043
10.637999999999874, 115.13445423935144
10.638999999999873, 115.13413779120674
10.639999999999873, 115.1339227997469
10.64099999999987, 115.13382039030242
10.64199999999987, 115.13384168820383
10.642999999999871, 115.13399781878171
10.64399999999987, 115.13429990736651
10.644999999999868, 115.13475907928884
10.645999999999871, 115.1353864598792
10.646999999999869, 115.1361931744681
10.647999999999868, 115.13719034838614
10.64899999999987, 115.13838910696379
10.649999999999867, 115.13980057553158
10.650999999999867, 115.1414358794201
10.651999999999866, 115.14330611594266
10.652999999999865, 115.14540317744732
10.653999999999865, 115.14766630213873
10.654999999999863, 115.15002578475446
10.655999999999864, 115.15241192003201
10.656999999999863, 115.15475500270888
10.657999999999863, 115.15698532752265
10.658999999999862, 115.1590331892108
10.659999999999862, 115.16082888251087
10.660999999999861, 115.16230270216043
10.66199999999986, 115.16338494289695
10.66299999999986, 115.16400589945802
10.66399999999986, 115.1640958665811
10.664999999999859, 115.16358513900374
10.665999999999858, 115.16240401146351
10.66699999999986, 115.16048277869787
10.667999999999857, 115.1577517354444
10.668999999999858, 115.15414117644062
10.669999999999856, 115.14958139642403
10.670999999999857, 115.14400269013217
10.671999999999855, 115.1373574596065
10.672999999999853, 115.12973897946904
10.673999999999854, 115.12129581776163
10.674999999999853, 115.11217667327048
10.675999999999853, 115.10253024478169
10.67699999999985, 115.09250523108138
10.677999999999852, 115.08225033095576
10.67899999999985, 115.07191424319088
10.679999999999849, 115.06164566657294
10.68099999999985, 115.05159329988808
10.68199999999985, 115.04190584192239
10.682999999999849, 115.03273199146207
10.68399999999985, 115.02422044729319
10.684999999999846, 115.01651990820199
10.685999999999847, 115.00977907297451
10.686999999999848, 115.00414664039694
10.687999999999846, 114.99977130925538
10.688999999999844, 114.99680177833602
10.689999999999845, 114.99538674642494
10.690999999999844, 114.99566576090332
10.691999999999844, 114.99762119065645
10.692999999999842, 115.00110313773156
10.693999999999843, 115.00595758165608
10.69499999999984, 115.0120305019573
10.695999999999842, 115.01916787816265
10.696999999999841, 115.0272156897995
10.69799999999984, 115.03601991639523
10.69899999999984, 115.04542653747724
10.69999999999984, 115.05528153257288
10.70099999999984, 115.0654308812095
10.701999999999838, 115.07572056291453
10.70299999999984, 115.08599655721534
10.703999999999837, 115.09610484363927
10.704999999999835, 115.10589140171373
10.705999999999836, 115.11520221096612
10.706999999999834, 115.12388325092374
10.707999999999835, 115.13178050111408
10.708999999999836, 115.13873994106442
10.709999999999834, 115.14460851894285
10.710999999999835, 115.14931789283841
10.711999999999833, 115.15294914347126
10.712999999999832, 115.15559858453621
10.713999999999832, 115.15736252972825
10.71499999999983, 115.1583372927422
10.71599999999983, 115.15861918727296
10.71699999999983, 115.15830452701543
10.71799999999983, 115.15748962566451
10.718999999999829, 115.15627079691507
10.719999999999828, 115.15474435446201
10.720999999999826, 115.15300661200021
10.721999999999827, 115.15115388322457
10.722999999999827, 115.14928248182997
10.723999999999826, 115.14748872151131
10.724999999999826, 115.14586891596346
10.725999999999825, 115.14451937888133
10.726999999999824, 115.1435364239598
10.727999999999824, 115.14301636489375
10.728999999999823, 115.14305551537505
10.729999999999823, 115.14371575341731
10.73099999999982, 115.14492305566196
10.731999999999822, 115.14656987760523
10.732999999999821, 115.14854867474338
10.73399999999982, 115.15075190257261
10.73499999999982, 115.15307201658914
10.73599999999982, 115.15540147228913
10.736999999999817, 115.15763272516887
10.737999999999818, 115.15965823072456
10.738999999999818, 115.16137044445236
10.739999999999817, 115.16266182184862
10.740999999999818, 115.16342481840942
10.741999999999816, 115.16355188963104
10.742999999999816, 115.16293549100972
10.743999999999817, 115.16146807804162
10.744999999999814, 115.15904210622303
10.745999999999812, 115.15555003105011
10.746999999999812, 115.1508843080191
10.747999999999813, 115.14493739262623
10.748999999999812, 115.1376179042215
10.749999999999812, 115.12898820927342
10.750999999999811, 115.11919573783103
10.75199999999981, 115.1083888195098
10.752999999999808, 115.09671578392523
10.75399999999981, 115.08432496069285
10.754999999999809, 115.07136467942814
10.755999999999808, 115.05798326974669
10.756999999999808, 115.04432906126391
10.757999999999807, 115.03055038359535
10.758999999999808, 115.01679556635654
10.759999999999806, 115.00321293916288
10.760999999999806, 114.98995083162998
10.761999999999805, 114.97715757337338
10.762999999999805, 114.96498149400843
10.763999999999804, 114.95357092315076
10.764999999999803, 114.94307419041587
10.765999999999803, 114.93363962541922
10.7669999999998, 114.92541555777635
10.7679999999998, 114.91854650820463
10.7689999999998, 114.91306053592315
10.7699999999998, 114.90885051593217
10.770999999999798, 114.90580174368293
10.771999999999798, 114.90379951462667
10.772999999999797, 114.90272912421455
10.773999999999798, 114.90247586789779
10.7749999999998, 114.90292504112763
10.775999999999797, 114.90396193935531
10.776999999999797, 114.90547185803202
10.777999999999796, 114.90734009260895
10.778999999999796, 114.9094519385374
10.779999999999795, 114.91169269126848
10.780999999999796, 114.9139476462535
10.781999999999794, 114.91610209894364
10.782999999999793, 114.91804134479008
10.783999999999793, 114.9196506792441
10.784999999999792, 114.9208153977569
10.785999999999792, 114.92142079577965
10.786999999999791, 114.92135229503535
10.78799999999979, 114.92054132405548
10.78899999999979, 114.9190335592053
10.78999999999979, 114.91689210945816
10.79099999999979, 114.91418008378737
10.791999999999788, 114.91096059116626
10.792999999999786, 114.90729674056809
10.793999999999787, 114.90325164096623
10.794999999999787, 114.89888840133399
10.795999999999786, 114.89427013064468
10.796999999999784, 114.88945993787159
10.797999999999785, 114.88452093198813
10.798999999999785, 114.87951622196748
10.799999999999784, 114.87450891678307
10.800999999999783, 114.86956212540815
10.801999999999783, 114.86473895681608
10.802999999999782, 114.86010251998016
10.803999999999782, 114.85571592387369
10.804999999999783, 114.85164227747003
10.80599999999978, 114.84794468974243
10.806999999999782, 114.84467668649404
10.80799999999978, 114.84183691036385
10.808999999999779, 114.83940449993517
10.809999999999778, 114.83735857039566
10.810999999999778, 114.83567823693299
10.811999999999777, 114.83434261473477
10.812999999999775, 114.83333081898861
10.813999999999776, 114.83262196488218
10.814999999999776, 114.83219516760313
10.815999999999775, 114.83202954233909
10.816999999999775, 114.8321042042777
10.817999999999774, 114.83239826860658
10.818999999999773, 114.83289085051338
10.819999999999775, 114.83356106518576
10.820999999999772, 114.83438802781131
10.821999999999772, 114.83535085357772
10.822999999999771, 114.83642865767258
10.82399999999977, 114.83760055528359
10.824999999999772, 114.83884566159837
10.82599999999977, 114.8401430918045
10.826999999999769, 114.8414719610897
10.827999999999768, 114.84281138464152
10.82899999999977, 114.84414047764768
10.829999999999767, 114.84543835529578
10.830999999999769, 114.8466841327735
10.831999999999766, 114.84785692526842
10.832999999999767, 114.84893584796822
10.833999999999765, 114.8499000160605
10.834999999999763, 114.85072854473295
10.835999999999764, 114.85140054917316
10.836999999999763, 114.85189514456879
10.837999999999763, 114.8521914461075
10.838999999999762, 114.85226856897691
10.839999999999762, 114.85210562836461
10.840999999999761, 114.85168173945833
10.84199999999976, 114.85097601744566
10.84299999999976, 114.84996757751424
10.84399999999976, 114.8486355348517
10.84499999999976, 114.84695957553643
10.845999999999759, 114.84495724397193
10.846999999999758, 114.84270693735535
10.847999999999757, 114.84029254993541
10.848999999999757, 114.83779797596085
10.849999999999756, 114.83530710968033
10.850999999999758, 114.83290384534263
10.851999999999755, 114.83067207719643
10.852999999999755, 114.82869569949047
10.853999999999754, 114.82705860647344
10.854999999999752, 114.82584469239409
10.855999999999753, 114.8251378515011
10.85699999999975, 114.82502197804324
10.857999999999754, 114.82558096626919
10.858999999999751, 114.82689871042767
10.85999999999975, 114.82905910476742
10.86099999999975, 114.83214604353714
10.86199999999975, 114.83624342098554
10.862999999999749, 114.84143513136135
10.863999999999749, 114.84780506627132
10.864999999999748, 114.85538702455996
10.865999999999747, 114.86403650178296
10.866999999999749, 114.87356933883194
10.867999999999746, 114.88380137659864
10.868999999999746, 114.89454845597469
10.869999999999745, 114.90562641785175
10.870999999999745, 114.91685110312152
10.871999999999744, 114.92803835267566
10.872999999999742, 114.93900400740581
10.873999999999743, 114.94956390820373
10.874999999999742, 114.959533895961
10.875999999999742, 114.96872981156935
10.876999999999743, 114.9769674959204
10.87799999999974, 114.98406278990588
10.87899999999974, 114.98983153441743
10.87999999999974, 114.99408957034673
10.880999999999739, 114.99665273858545
10.881999999999739, 114.99733688002526
10.882999999999738, 114.99595783555782
10.883999999999737, 114.99236078992007
10.884999999999737, 114.98663948346359
10.885999999999736, 114.97901279182915
10.886999999999736, 114.96970054289027
10.887999999999735, 114.95892256452058
10.888999999999736, 114.9468986845935
10.889999999999734, 114.93384873098272
10.890999999999734, 114.91999253156172
10.891999999999733, 114.90554991420407
10.89299999999973, 114.89074070678333
10.893999999999732, 114.87578473717309
10.89499999999973, 114.86090183324688
10.89599999999973, 114.84631182287822
10.89699999999973, 114.83223453394072
10.89799999999973, 114.81888979430792
10.89899999999973, 114.80649743185336
10.899999999999729, 114.79527727445061
10.900999999999728, 114.78544914997323
10.90199999999973, 114.77723288629477
10.902999999999727, 114.77084181322738
10.903999999999726, 114.76632264871536
10.904999999999726, 114.76354537043937
10.905999999999725, 114.76237143012764
10.906999999999725, 114.7626622795085
10.907999999999724, 114.7642793703102
10.908999999999724, 114.76708415426114
10.909999999999723, 114.7709380830895
10.91099999999972, 114.77570260852366
10.911999999999722, 114.78123918229181
10.912999999999721, 114.7874092561224
10.91399999999972, 114.79407428174358
10.914999999999722, 114.80109571088371
10.91599999999972, 114.80833499527108
10.916999999999717, 114.81565358663397
10.917999999999719, 114.8229129367007
10.91899999999972, 114.82997449719953
10.919999999999717, 114.83669971985877
10.920999999999717, 114.84295005640674
10.921999999999716, 114.84858716585495
10.922999999999716, 114.85351861996695
10.923999999999715, 114.85775541203591
10.924999999999715, 114.86132268276722
10.925999999999714, 114.86424557286624
10.926999999999715, 114.86654922303836
10.927999999999713, 114.86825877398898
10.928999999999713, 114.86939936642348
10.929999999999712, 114.86999614104722
10.930999999999713, 114.8700742385656
10.93199999999971, 114.869658799684
10.932999999999709, 114.86877496510779
10.93399999999971, 114.86744787554235
10.93499999999971, 114.86570267169309
10.935999999999709, 114.86356449426535
10.936999999999708, 114.86105848396454
10.937999999999708, 114.85820978149602
10.938999999999707, 114.85504352756521
10.939999999999706, 114.85158486287744
10.940999999999706, 114.84785892813815
10.941999999999705, 114.84389250834667
10.942999999999705, 114.83972086443951
10.943999999999704, 114.83538198058903
10.944999999999704, 114.83091384224542
10.945999999999703, 114.82635443485883
10.946999999999703, 114.82174174387944
10.947999999999702, 114.81711375475746
10.948999999999703, 114.812508452943
10.9499999999997, 114.80796382388634
10.9509999999997, 114.8035178530376
10.951999999999702, 114.79920852584694
10.952999999999701, 114.7950738277646
10.953999999999699, 114.7911517442407
10.954999999999696, 114.78748026072543
10.955999999999698, 114.78409736266897
10.956999999999695, 114.78104103552155
10.957999999999696, 114.7783492647333
10.958999999999696, 114.77606003575438
10.959999999999695, 114.77421133403503
10.960999999999695, 114.77283724525743
10.961999999999694, 114.77192088783632
10.962999999999694, 114.77140960956638
10.963999999999693, 114.77125001774466
10.96499999999969, 114.77138871966822
10.965999999999692, 114.77177232263418
10.966999999999691, 114.7723474339395
10.96799999999969, 114.7730606608813
10.96899999999969, 114.7738586107566
10.96999999999969, 114.77468789086248
10.970999999999691, 114.77549510849596
10.971999999999689, 114.77622687095416
10.972999999999688, 114.7768297855341
10.973999999999688, 114.77725045953284
10.974999999999687, 114.77743550024742
10.975999999999686, 114.77733151497493
10.976999999999684, 114.77688511101239
10.977999999999685, 114.7760428956569
10.978999999999687, 114.77475147620547
10.979999999999684, 114.77295823989424
10.980999999999684, 114.7706510354551
10.981999999999683, 114.76787703264478
10.982999999999683, 114.76468812702174
10.983999999999682, 114.7611362141444
10.984999999999681, 114.75727318957118
10.985999999999681, 114.7531509488606
10.98699999999968, 114.74882138757104
10.98799999999968, 114.74433640126091
10.98899999999968, 114.7397478854887
10.989999999999679, 114.73510773581285
10.990999999999678, 114.73046784779177
10.991999999999678, 114.72588011698394
10.992999999999679, 114.72139643894776
10.993999999999676, 114.71706870924174
10.994999999999678, 114.71294882342423
10.995999999999675, 114.70908867705374
10.996999999999675, 114.70554016568867
10.997999999999674, 114.7023551848875
10.998999999999674, 114.69958562477052
10.999999999999673, 114.69726641175555
11.000999999999673, 114.69537797007642
11.001999999999672, 114.69388980000556
11.002999999999671, 114.69277140181524
11.003999999999671, 114.69199227577776
11.00499999999967, 114.69152192216552
11.00599999999967, 114.69132984125083
11.006999999999671, 114.69138553330602
11.007999999999669, 114.69165849860343
11.00899999999967, 114.6921182374154
11.009999999999668, 114.69273425001424
11.010999999999665, 114.69347603667232
11.011999999999666, 114.69431309766195
11.012999999999664, 114.69521493325544
11.013999999999665, 114.6961510437252
11.014999999999663, 114.69709092934347
11.015999999999664, 114.69800409038264
11.016999999999664, 114.69886002711505
11.017999999999661, 114.69962823981301
11.018999999999664, 114.70028144572318
11.019999999999662, 114.70081670719517
11.020999999999662, 114.70124222508812
11.021999999999661, 114.70156625785273
11.02299999999966, 114.7017970639396
11.02399999999966, 114.70194290179937
11.024999999999661, 114.70201202988272
11.025999999999659, 114.70201270664032
11.026999999999658, 114.70195319052273
11.027999999999658, 114.70184173998064
11.028999999999657, 114.70168661346473
11.029999999999657, 114.70149606942562
11.030999999999658, 114.70127836631391
11.031999999999655, 114.70104176258036
11.032999999999653, 114.70079451667551
11.033999999999654, 114.70054488705007
11.034999999999652, 114.70030113215465
11.035999999999653, 114.7000715104399
11.03699999999965, 114.69986428035651
11.037999999999652, 114.69968745913522
11.038999999999652, 114.69954381300967
11.03999999999965, 114.6994310171321
11.04099999999965, 114.69934653742754
11.04199999999965, 114.69928783982112
11.04299999999965, 114.69925239023789
11.043999999999649, 114.69923765460288
11.044999999999648, 114.69924109884127
11.045999999999648, 114.69926018887807
11.046999999999647, 114.69929239063838
11.047999999999647, 114.69933517004725
11.048999999999646, 114.69938599302982
11.049999999999645, 114.69944232551111
11.050999999999645, 114.69950163341622
11.051999999999644, 114.69956138267023
11.052999999999646, 114.69961903919824
11.053999999999643, 114.69967206892528
11.054999999999643, 114.69971793777647
11.055999999999642, 114.6997541116769
11.056999999999642, 114.69977806562316
11.057999999999641, 114.69978861021937
11.05899999999964, 114.69978728900831
11.05999999999964, 114.69977597983907
11.06099999999964, 114.6997565605606
11.061999999999639, 114.699730909022
11.062999999999638, 114.69970090307231
11.063999999999638, 114.69966842056056
11.064999999999637, 114.69963533933576
11.065999999999638, 114.69960353724697
11.066999999999636, 114.69957489214323
11.067999999999635, 114.69955128187357
11.068999999999637, 114.69953458428704
11.069999999999634, 114.69952667723267
11.070999999999636, 114.6995294385595
11.071999999999633, 114.69954474611656
11.072999999999634, 114.69957447775293
11.073999999999632, 114.69962051131759
11.07499999999963, 114.69968472465959
11.075999999999631, 114.69976899562798
11.07699999999963, 114.69987463298227
11.07799999999963, 114.70000030235835
11.078999999999631, 114.70014390261116
11.079999999999629, 114.7003033325141
11.08099999999963, 114.7004764908406
11.081999999999628, 114.70066127636406
11.082999999999627, 114.70085558785787
11.083999999999625, 114.70105732409546
11.084999999999626, 114.70126438385022
11.085999999999625, 114.70147466589557
11.086999999999625, 114.70168606900495
11.087999999999624, 114.70189649195169
11.088999999999622, 114.70210383350924
11.089999999999623, 114.70230599245104
11.090999999999624, 114.70250086755044
11.091999999999622, 114.70268635758089
11.092999999999622, 114.70286036131581
11.09399999999962, 114.70302077752862
11.094999999999622, 114.70316550499265
11.09599999999962, 114.70329244248136
11.096999999999621, 114.70339948876813
11.097999999999619, 114.70348454262643
11.098999999999617, 114.70354550282963
11.099999999999618, 114.70358026815109
11.100999999999617, 114.7035867373643
11.101999999999617, 114.70356280924263
11.102999999999616, 114.70350638255951
11.103999999999616, 114.70341535608831
11.104999999999613, 114.70328762860248
11.105999999999614, 114.70312109887541
11.106999999999614, 114.70291366568051
11.107999999999613, 114.70266322779116
11.108999999999613, 114.70236768398084
11.109999999999614, 114.70202493302288
11.110999999999612, 114.70163287369074
11.111999999999611, 114.70118940475781
11.112999999999612, 114.70069242499753
11.11399999999961, 114.70013983318321
11.11499999999961, 114.69952973593789
11.115999999999609, 114.69886888693009
11.116999999999608, 114.69817561207127
11.117999999999608, 114.69746904577832
11.118999999999609, 114.69676832246812
11.119999999999607, 114.69609257655752
11.120999999999606, 114.69546094246341
11.121999999999606, 114.6948925546027
11.122999999999605, 114.6944065473922
11.123999999999604, 114.69402205524884
11.124999999999604, 114.6937582125895
11.125999999999603, 114.69363415383103
11.126999999999603, 114.69366901339032
11.127999999999602, 114.69388192568424
11.128999999999603, 114.69429202512961
11.129999999999601, 114.69491844614342
11.1309999999996, 114.69578032314246
11.1319999999996, 114.69689679054366
11.132999999999601, 114.69828698276385
11.133999999999599, 114.69997001402244
11.134999999999597, 114.7019432194222
11.135999999999598, 114.7041406985457
11.136999999999597, 114.70648513885739
11.137999999999597, 114.70889922782172
11.138999999999596, 114.71130565290309
11.139999999999596, 114.71362710156603
11.140999999999595, 114.71578626127494
11.141999999999594, 114.71770581949426
11.142999999999596, 114.71930846368842
11.143999999999593, 114.72051688132193
11.144999999999595, 114.7212537598592
11.145999999999592, 114.72144178676464
11.14699999999959, 114.72100364950278
11.147999999999591, 114.719862035538
11.14899999999959, 114.71793963233478
11.14999999999959, 114.71515912735752
11.150999999999591, 114.71144320807075
11.151999999999589, 114.70671456193887
11.152999999999588, 114.70089587642627
11.153999999999588, 114.69393282566641
11.154999999999587, 114.68592692094944
11.155999999999587, 114.6770443782948
11.156999999999584, 114.66745162362457
11.157999999999586, 114.65731508286103
11.158999999999585, 114.64680118192632
11.159999999999584, 114.63607634674266
11.160999999999582, 114.62530700323215
11.161999999999583, 114.61465957731707
11.162999999999583, 114.60430049491954
11.163999999999582, 114.59439618196177
11.164999999999582, 114.58511306436593
11.165999999999581, 114.57661756805422
11.16699999999958, 114.56907611894879
11.16799999999958, 114.56265514297183
11.16899999999958, 114.55752106604558
11.169999999999579, 114.55384031409213
11.170999999999578, 114.55177931303375
11.171999999999578, 114.55150448879256
11.172999999999579, 114.55317183793579
11.173999999999577, 114.55674259126549
11.174999999999576, 114.56200539900384
11.175999999999576, 114.5687429394072
11.176999999999575, 114.57673789073176
11.177999999999574, 114.5857729312339
11.178999999999572, 114.59563073916985
11.179999999999575, 114.60609399279589
11.180999999999573, 114.6169453703684
11.181999999999572, 114.62796755014348
11.182999999999572, 114.63894321037753
11.183999999999571, 114.64965502932685
11.18499999999957, 114.65988568524766
11.18599999999957, 114.66941785639631
11.18699999999957, 114.67803422102901
11.187999999999569, 114.68551745740211
11.188999999999567, 114.69165024377182
11.189999999999568, 114.69621525839452
11.190999999999567, 114.69899517952639
11.191999999999567, 114.6997740129968
11.192999999999566, 114.69847416784486
11.193999999999566, 114.69527565438091
11.194999999999563, 114.69038657444489
11.195999999999565, 114.68401502987692
11.196999999999564, 114.67636912251707
11.197999999999563, 114.66765695420543
11.198999999999563, 114.65808662678202
11.199999999999562, 114.64786624208696
11.200999999999562, 114.63720390196028
11.201999999999561, 114.62630770824207
11.202999999999559, 114.61538576277239
11.203999999999558, 114.60464616739134
11.20499999999956, 114.5942970239389
11.205999999999559, 114.58454643425527
11.206999999999558, 114.57560250018042
11.20799999999956, 114.56767332355446
11.208999999999557, 114.56096700621744
11.209999999999557, 114.55569165000944
11.210999999999554, 114.55205535677055
11.211999999999556, 114.55021395653714
11.212999999999555, 114.55010440297858
11.213999999999555, 114.55160636988509
11.214999999999554, 114.55459953085266
11.215999999999553, 114.55896355947738
11.216999999999551, 114.56457812935533
11.217999999999552, 114.57132291408254
11.218999999999552, 114.57907758725503
11.21999999999955, 114.5877218224689
11.22099999999955, 114.59713529332018
11.22199999999955, 114.60719767340493
11.22299999999955, 114.61778863631919
11.223999999999549, 114.62878785565904
11.22499999999955, 114.6400750050205
11.225999999999548, 114.65152975799967
11.226999999999546, 114.66303178819253
11.227999999999547, 114.67446076919524
11.228999999999546, 114.68569637460374
11.229999999999546, 114.69661827801411
11.230999999999545, 114.70711346104153
11.231999999999545, 114.71714331457838
11.232999999999546, 114.72671266011479
11.233999999999543, 114.73582686264402
11.234999999999545, 114.7444912871594
11.235999999999542, 114.7527112986542
11.236999999999542, 114.76049226212174
11.237999999999541, 114.76783954255528
11.238999999999539, 114.7747585049481
11.23999999999954, 114.7812545142935
11.24099999999954, 114.7873329355848
11.241999999999539, 114.79299913381524
11.242999999999538, 114.79825847397814
11.243999999999538, 114.80311632106682
11.24499999999954, 114.80757804007449
11.245999999999539, 114.81164899599449
11.246999999999536, 114.81533455382015
11.247999999999536, 114.81864007854469
11.248999999999537, 114.82157093516146
11.249999999999535, 114.82413248866371
11.250999999999534, 114.82633010404473
11.251999999999533, 114.82816914629785
11.252999999999533, 114.82965498041631
11.253999999999532, 114.83079297139338
11.25499999999953, 114.83158848422244
11.255999999999531, 114.83204688389671
11.25699999999953, 114.83217353540952
11.25799999999953, 114.83197380375415
11.25899999999953, 114.83145305392387
11.259999999999529, 114.83061665091199
11.260999999999528, 114.82946995971182
11.261999999999528, 114.82801834531661
11.262999999999527, 114.82626717271965
11.263999999999527, 114.82422180691427
11.264999999999526, 114.8218876128937
11.265999999999526, 114.81926995565131
11.266999999999527, 114.81637420018032
11.267999999999525, 114.81320571147408
11.268999999999524, 114.80976985452583
11.269999999999524, 114.80607199432887
11.270999999999525, 114.8021174958765
11.271999999999522, 114.79791172416205
11.272999999999522, 114.79346004417874
11.273999999999521, 114.78876782091992
11.27499999999952, 114.7838404193788
11.27599999999952, 114.77868320454876
11.276999999999518, 114.77330154142304
11.277999999999519, 114.76770079499495
11.278999999999519, 114.76188633025777
11.279999999999518, 114.75586351220478
11.280999999999517, 114.74963770582934
11.281999999999517, 114.74321427612463
11.282999999999516, 114.73659858808404
11.283999999999516, 114.72979600670078
11.284999999999515, 114.7228118969682
11.285999999999515, 114.71565162387955
11.286999999999514, 114.70832055242815
11.287999999999514, 114.70082404760726
11.288999999999513, 114.69316943493479
11.289999999999512, 114.68537597301142
11.290999999999512, 114.67746741023456
11.291999999999511, 114.66946750312886
11.292999999999513, 114.66140000821906
11.29399999999951, 114.65328868202994
11.294999999999511, 114.64515728108623
11.295999999999507, 114.63702956191253
11.296999999999509, 114.6289292810336
11.297999999999508, 114.62088019497425
11.298999999999506, 114.6129060602591
11.299999999999507, 114.60503063341291
11.300999999999506, 114.5972776709604
11.301999999999506, 114.58967092942625
11.302999999999505, 114.58223416533522
11.303999999999505, 114.574991135212
11.304999999999502, 114.56796559558136
11.305999999999504, 114.56118130296797
11.306999999999503, 114.55466201389653
11.307999999999502, 114.54843053577663
11.308999999999504, 114.54249433584204
11.309999999999501, 114.53684846158075
11.3109999999995, 114.53148760362971
11.3119999999995, 114.52640645262603
11.3129999999995, 114.52159969920667
11.3139999999995, 114.5170620340087
11.314999999999497, 114.51278814766911
11.315999999999498, 114.50877273082496
11.3169999999995, 114.50501047411323
11.317999999999497, 114.50149606817101
11.318999999999496, 114.4982242036353
11.319999999999496, 114.49518957114307
11.320999999999495, 114.49238686133143
11.321999999999495, 114.48981076483736
11.322999999999494, 114.48745597229788
11.323999999999492, 114.48531717435009
11.324999999999493, 114.4833890616309
11.325999999999492, 114.48166632477741
11.326999999999492, 114.48014365442666
11.327999999999491, 114.47881574121563
11.328999999999489, 114.47767727578135
11.32999999999949, 114.47672294876087
11.330999999999491, 114.47594745079121
11.33199999999949, 114.47534547250939
11.332999999999489, 114.47491170455243
11.333999999999488, 114.47464083755737
11.334999999999487, 114.47452756216123
11.335999999999487, 114.47456656900106
11.336999999999488, 114.47475254871382
11.337999999999486, 114.4750801919366
11.338999999999483, 114.47554418930643
11.339999999999485, 114.4761392314603
11.340999999999484, 114.47686000903522
11.341999999999484, 114.47770121266825
11.342999999999483, 114.47865753299646
11.343999999999482, 114.47972366065677
11.344999999999482, 114.48089428628629
11.345999999999481, 114.48216410052201
11.34699999999948, 114.48352779400096
11.34799999999948, 114.48498005736018
11.34899999999948, 114.4865155812367
11.34999999999948, 114.48812905626751
11.350999999999479, 114.48981517308967
11.351999999999478, 114.4915686223402
11.35299999999948, 114.49338409465612
11.353999999999477, 114.49525628067447
11.354999999999476, 114.49717987103226
11.355999999999476, 114.49914955636649
11.356999999999474, 114.50116002731426
11.357999999999475, 114.50320597451253
11.358999999999472, 114.50528208859835
11.359999999999474, 114.50738306020875
11.360999999999473, 114.50950357998074
11.36199999999947, 114.51163833855139
11.362999999999472, 114.51378202655768
11.363999999999471, 114.51592933463664
11.364999999999473, 114.51807495342531
11.36599999999947, 114.5202135735607
11.36699999999947, 114.52233988567986
11.36799999999947, 114.5244485804198
11.36899999999947, 114.52653434841757
11.369999999999468, 114.52859188031016
11.370999999999468, 114.53061586673464
11.371999999999467, 114.53260099832798
11.372999999999466, 114.53454196572724
11.373999999999466, 114.53643345956945
11.374999999999464, 114.53827017049161
11.375999999999465, 114.5400467891308
11.376999999999464, 114.541758006124
11.377999999999462, 114.54339851210823
11.378999999999461, 114.54496299772052
11.379999999999463, 114.54644615359794
11.380999999999462, 114.54784267037749
11.381999999999463, 114.5491472386962
11.38299999999946, 114.55035454919104
11.38399999999946, 114.5514592924991
11.38499999999946, 114.55245630740842
11.38599999999946, 114.5533446272112
11.386999999999459, 114.55412796999865
11.38799999999946, 114.55481030044766
11.388999999999458, 114.55539558323524
11.389999999999457, 114.55588778303832
11.390999999999458, 114.55629086453385
11.391999999999456, 114.55660879239879
11.392999999999454, 114.55684553131013
11.393999999999455, 114.55700504594475
11.394999999999454, 114.55709130097968
11.395999999999454, 114.55710826109184
11.396999999999451, 114.55705989095816
11.397999999999453, 114.55695015525563
11.398999999999452, 114.55678301866119
11.399999999999451, 114.5565624458518
11.400999999999451, 114.55629240150441
11.40199999999945, 114.55597685029595
11.40299999999945, 114.55561975690341
11.40399999999945, 114.55522508600374
11.404999999999449, 114.55479680227388
11.405999999999448, 114.55433887039078
11.406999999999448, 114.55385525503141
11.407999999999447, 114.5533499208727
11.408999999999445, 114.55282683259163
11.409999999999446, 114.55228995486519
11.410999999999445, 114.55174325237024
11.411999999999445, 114.55119068978377
11.412999999999446, 114.55063623178276
11.413999999999444, 114.55008384304415
11.414999999999441, 114.54953748824491
11.415999999999443, 114.54900113206196
11.416999999999442, 114.54847873917227
11.417999999999441, 114.5479742742528
11.41899999999944, 114.5474917019805
11.41999999999944, 114.5470349870323
11.42099999999944, 114.54660809408523
11.42199999999944, 114.54621498781614
11.422999999999437, 114.54585963290208
11.423999999999438, 114.54554599401993
11.424999999999438, 114.54527803584668
11.425999999999437, 114.54505972305928
11.426999999999436, 114.54489502033465
11.427999999999436, 114.54478789234982
11.428999999999434, 114.54474230378167
11.429999999999435, 114.5447622193072
11.430999999999434, 114.54485160360332
11.431999999999434, 114.54501442134702
11.432999999999435, 114.54525463721527
11.433999999999433, 114.54557621588498
11.43499999999943, 114.5459831220331
11.435999999999432, 114.54647932033663
11.436999999999431, 114.5470687754725
11.43799999999943, 114.54775545211766
11.43899999999943, 114.54854331494906
11.43999999999943, 114.54943632864368
11.440999999999429, 114.55043845787844
11.441999999999428, 114.55155366733031
11.442999999999428, 114.55278581902975
11.443999999999427, 114.55413732833152
11.444999999999427, 114.55560954087349
11.445999999999426, 114.55720377719928
11.446999999999425, 114.55892135785241
11.447999999999425, 114.56076360337646
11.448999999999424, 114.56273183431492
11.449999999999424, 114.56482737121141
11.450999999999425, 114.56705153460945
11.451999999999423, 114.56940564505263
11.452999999999422, 114.57189102308442
11.453999999999422, 114.57450898924847
11.454999999999421, 114.57726086408826
11.45599999999942, 114.5801479681474
11.456999999999418, 114.58317162196943
11.45799999999942, 114.58633314609786
11.458999999999419, 114.58963386107627
11.459999999999418, 114.59307508744824
11.46099999999942, 114.59665814575727
11.461999999999417, 114.60038435654695
11.462999999999415, 114.60425504036081
11.463999999999416, 114.60827151774245
11.464999999999415, 114.6124351092354
11.465999999999415, 114.61674713538315
11.466999999999414, 114.62120891672933
11.467999999999414, 114.62582177381746
11.468999999999413, 114.63058702719113
11.469999999999413, 114.63550599739384
11.470999999999412, 114.64058000496917
11.471999999999412, 114.64581037046067
11.472999999999413, 114.65119841441191
11.47399999999941, 114.65674545736641
11.47499999999941, 114.66245281986774
11.47599999999941, 114.66832182245949
11.476999999999409, 114.67435378568511
11.477999999999408, 114.68055003008824
11.47899999999941, 114.68691187621243
11.479999999999407, 114.69344064460121
11.480999999999407, 114.70013765491808
11.481999999999406, 114.70699758086455
11.482999999999405, 114.71399245661162
11.483999999999405, 114.72108949986483
11.484999999999404, 114.72825592832973
11.485999999999404, 114.73545895971183
11.486999999999403, 114.74266581171675
11.487999999999403, 114.74984370205
11.488999999999404, 114.75695984841711
11.489999999999402, 114.76398146852365
11.490999999999401, 114.77087578007513
11.4919999999994, 114.77761000077717
11.4929999999994, 114.78415134833527
11.4939999999994, 114.79046704045498
11.494999999999397, 114.79652429484184
11.495999999999398, 114.80229032920143
11.496999999999398, 114.80773236123927
11.497999999999397, 114.81281760866092
11.498999999999397, 114.81751328917191
11.499999999999396, 114.82178662047784
11.500999999999395, 114.82560482028421
11.501999999999395, 114.82893510629657
11.502999999999394, 114.83174469622047
11.503999999999394, 114.83400080776148
11.504999999999393, 114.83567065862513
11.505999999999393, 114.83672146651699
11.50699999999939, 114.83712044914256
11.507999999999392, 114.83683482420743
11.508999999999391, 114.83583180941716
11.50999999999939, 114.83407862247725
11.510999999999392, 114.8315424810933
11.51199999999939, 114.82819060297078
11.512999999999389, 114.82399020581529
11.51399999999939, 114.81890850733241
11.514999999999388, 114.81291272522762
11.515999999999387, 114.80597007720654
11.516999999999385, 114.79804778097467
11.517999999999386, 114.78911305423756
11.518999999999384, 114.77913311470077
11.519999999999385, 114.76807907654057
11.520999999999384, 114.75601507835987
11.521999999999384, 114.74310021547107
11.522999999999383, 114.72949786616505
11.523999999999383, 114.71537140873274
11.524999999999382, 114.70088422146499
11.525999999999382, 114.6861996826527
11.526999999999381, 114.67148117058674
11.52799999999938, 114.65689206355799
11.52899999999938, 114.64259573985737
11.52999999999938, 114.62875557777576
11.530999999999379, 114.61553495560398
11.531999999999377, 114.60309725163296
11.53299999999938, 114.59160584415363
11.533999999999377, 114.58122411145683
11.534999999999377, 114.57211543183345
11.535999999999376, 114.56444318357437
11.536999999999376, 114.5583707449705
11.537999999999375, 114.55406149431269
11.538999999999376, 114.55167829016688
11.539999999999374, 114.55128819342016
11.540999999999375, 114.55275119353007
11.541999999999373, 114.55590026663286
11.542999999999374, 114.56056838886478
11.543999999999372, 114.56658853636209
11.54499999999937, 114.5737936852611
11.54599999999937, 114.58201681169801
11.546999999999368, 114.59109089180913
11.54799999999937, 114.6008489017307
11.548999999999369, 114.61112381759901
11.549999999999368, 114.62174861555032
11.550999999999368, 114.63255627172087
11.551999999999367, 114.64337976224694
11.552999999999367, 114.6540520632648
11.553999999999366, 114.66440615091071
11.554999999999367, 114.67427500132094
11.555999999999365, 114.68349159063172
11.556999999999364, 114.69188889497937
11.557999999999364, 114.69929989050013
11.558999999999362, 114.70558962615755
11.559999999999363, 114.71078125648933
11.560999999999362, 114.71494657100932
11.561999999999362, 114.71815737257049
11.562999999999361, 114.72048546402591
11.563999999999359, 114.72200264822854
11.564999999999362, 114.72278072803147
11.56599999999936, 114.72289150628767
11.566999999999357, 114.72240678585013
11.567999999999358, 114.72139836957192
11.568999999999358, 114.71993806030602
11.569999999999357, 114.7180976609055
11.570999999999358, 114.71594897422331
11.571999999999356, 114.71356380311254
11.572999999999354, 114.71101395042614
11.573999999999357, 114.70837121901715
11.574999999999354, 114.70570741173864
11.575999999999354, 114.70309433144358
11.576999999999352, 114.70060378098496
11.577999999999353, 114.69830393022315
11.578999999999352, 114.69621801358218
11.579999999999352, 114.69433893810711
11.580999999999351, 114.69265904178681
11.58199999999935, 114.69117066261029
11.58299999999935, 114.68986613856637
11.583999999999351, 114.68873780764409
11.584999999999349, 114.68777800783229
11.585999999999348, 114.68697907711996
11.586999999999348, 114.68633335349601
11.587999999999347, 114.68583317494935
11.588999999999347, 114.68547087946895
11.589999999999346, 114.68523880504372
11.590999999999346, 114.68512928966251
11.591999999999345, 114.68513467131442
11.592999999999346, 114.68524728798825
11.593999999999344, 114.68545947767296
11.594999999999343, 114.68576357835751
11.595999999999343, 114.6861519280308
11.596999999999342, 114.68661686468174
11.597999999999342, 114.68715072629928
11.59899999999934, 114.68774585087239
11.59999999999934, 114.68839457638992
11.600999999999338, 114.68908924084086
11.60199999999934, 114.6898221822141
11.602999999999339, 114.69058573849861
11.603999999999338, 114.69137224768329
11.604999999999338, 114.69217404775708
11.605999999999339, 114.69298347670893
11.606999999999335, 114.69379287252772
11.607999999999336, 114.69459457320241
11.608999999999337, 114.69538091672193
11.609999999999335, 114.69614424107522
11.610999999999335, 114.6968768842512
11.611999999999334, 114.6975711842388
11.612999999999333, 114.6982194790269
11.613999999999333, 114.6988141066045
11.61499999999933, 114.69934740496052
11.615999999999332, 114.69981171350959
11.616999999999333, 114.7002020459372
11.61799999999933, 114.70052164270092
11.61899999999933, 114.70077532105849
11.61999999999933, 114.7009678982675
11.620999999999327, 114.70110419158573
11.621999999999328, 114.7011890182708
11.62299999999933, 114.70122719558046
11.623999999999327, 114.7012235407723
11.624999999999327, 114.70118287110407
11.625999999999326, 114.70111000383349
11.626999999999324, 114.7010097562182
11.627999999999325, 114.70088694551589
11.628999999999325, 114.70074638898427
11.629999999999324, 114.70059290388103
11.630999999999325, 114.70043130746383
11.631999999999323, 114.70026641699035
11.632999999999322, 114.70010304971827
11.633999999999322, 114.69994602290534
11.634999999999321, 114.69980015380918
11.63599999999932, 114.69966976974536
11.636999999999318, 114.69955566166804
11.63799999999932, 114.69945706804
11.638999999999317, 114.69937322067139
11.639999999999318, 114.69930335137232
11.640999999999318, 114.69924669195285
11.641999999999317, 114.69920247422314
11.642999999999315, 114.69916992999332
11.643999999999316, 114.6991482910735
11.644999999999316, 114.69913678927378
11.645999999999315, 114.69913465640431
11.646999999999313, 114.69914112427516
11.647999999999314, 114.69915542469647
11.648999999999313, 114.69917678947837
11.649999999999313, 114.69920445043098
11.650999999999312, 114.69923763936441
11.651999999999312, 114.69927558808878
11.652999999999313, 114.6993175284142
11.65399999999931, 114.6993626921508
11.65499999999931, 114.69941031110868
11.65599999999931, 114.69945961709797
11.656999999999309, 114.69950984192877
11.657999999999308, 114.69956021741123
11.658999999999306, 114.69960997535549
11.65999999999931, 114.69965834757159
11.660999999999307, 114.69970456586967
11.661999999999304, 114.69974786205991
11.662999999999304, 114.69978746795235
11.663999999999305, 114.69982261535718
11.664999999999305, 114.69985253608445
11.665999999999304, 114.69987646194431
11.666999999999305, 114.69989362474689
11.667999999999303, 114.69990325630229
11.668999999999304, 114.69990458842064
11.669999999999302, 114.69989685291205
11.6709999999993, 114.69987928158662
11.6719999999993, 114.69985110625447
11.6729999999993, 114.69981155872577
11.6739999999993, 114.69975987980268
11.6749999999993, 114.69969644501145
11.675999999999298, 114.69962385924829
11.6769999999993, 114.69954498715431
11.677999999999297, 114.69946269337069
11.678999999999297, 114.69937984253852
11.679999999999296, 114.69929929929894
11.680999999999294, 114.6992239282931
11.681999999999295, 114.6991565941621
11.682999999999296, 114.69910016154711
11.683999999999294, 114.69905749508925
11.684999999999294, 114.69903145942965
11.685999999999293, 114.69902491920945
11.686999999999292, 114.69904073906976
11.687999999999292, 114.69908178365172
11.688999999999291, 114.6991509175965
11.68999999999929, 114.69925100554521
11.690999999999292, 114.69938491213897
11.69199999999929, 114.69955550201894
11.69299999999929, 114.69976563982624
11.693999999999289, 114.70001620869328
11.694999999999288, 114.70029928794256
11.695999999999287, 114.70060451272985
11.696999999999285, 114.70092151811663
11.697999999999286, 114.70123993916434
11.698999999999286, 114.70154941093445
11.699999999999285, 114.70183956848838
11.700999999999286, 114.70210004688752
11.701999999999284, 114.70232048119337
11.702999999999282, 114.70249050646738
11.703999999999283, 114.70259975777093
11.704999999999284, 114.70263787016552
11.705999999999282, 114.70259447871257
11.706999999999281, 114.7024592184735
11.70799999999928, 114.70222172450981
11.70899999999928, 114.70187163188291
11.70999999999928, 114.70139857565415
11.71099999999928, 114.70079219088512
11.711999999999279, 114.70004211263719
11.71299999999928, 114.69914058986046
11.713999999999277, 114.69810840034583
11.714999999999277, 114.69698388227073
11.715999999999276, 114.69580563074813
11.716999999999276, 114.69461224089125
11.717999999999275, 114.6934423078131
11.718999999999273, 114.69233442662687
11.719999999999274, 114.69132719244557
11.720999999999272, 114.69045920038238
11.721999999999271, 114.68976904555038
11.722999999999272, 114.68929532306265
11.723999999999272, 114.68907662803231
11.724999999999271, 114.68915155557245
11.72599999999927, 114.68955870079621
11.72699999999927, 114.69033665881666
11.72799999999927, 114.69152402474693
11.72899999999927, 114.69315939370009
11.729999999999269, 114.69528136078927
11.730999999999268, 114.69792852112755
11.73199999999927, 114.70113814818437
11.732999999999265, 114.70489716423518
11.733999999999266, 114.70912767198283
11.734999999999268, 114.7137475008151
11.735999999999265, 114.71867448011976
11.736999999999265, 114.72382643928444
11.737999999999264, 114.72912120769689
11.738999999999262, 114.73447661474485
11.739999999999263, 114.73981048981607
11.74099999999926, 114.74504066229822
11.741999999999262, 114.75008496157903
11.742999999999261, 114.75486121704625
11.74399999999926, 114.7592872580876
11.744999999999262, 114.76328091409079
11.74599999999926, 114.76676001444353
11.74699999999926, 114.76964238853361
11.747999999999259, 114.77184586574867
11.748999999999256, 114.77328827547645
11.749999999999256, 114.77388744710474
11.750999999999259, 114.7735612674337
11.75199999999926, 114.7722714263386
11.752999999999256, 114.77010145939853
11.753999999999255, 114.7671559192448
11.754999999999255, 114.76353935850862
11.755999999999254, 114.75935632982134
11.756999999999252, 114.75471138581419
11.757999999999253, 114.74970907911842
11.758999999999254, 114.74445396236537
11.75999999999925, 114.73905058818626
11.760999999999251, 114.7336035092124
11.76199999999925, 114.72821727807502
11.76299999999925, 114.72299644740544
11.76399999999925, 114.71804556983491
11.76499999999925, 114.71346919799468
11.765999999999249, 114.70937188451606
11.766999999999248, 114.70585818203033
11.767999999999248, 114.70303264316867
11.768999999999247, 114.7009998205625
11.769999999999246, 114.699864266843
11.770999999999246, 114.6997113214652
11.771999999999245, 114.70050196530686
11.772999999999247, 114.70214766542315
11.773999999999244, 114.70455976150754
11.774999999999244, 114.70764959325356
11.775999999999243, 114.7113285003547
11.776999999999243, 114.71550782250443
11.777999999999242, 114.72009889939623
11.77899999999924, 114.72501307072363
11.77999999999924, 114.73016167618012
11.78099999999924, 114.73545605545914
11.78199999999924, 114.74080754825424
11.78299999999924, 114.74612749425886
11.783999999999239, 114.75132723316653
11.784999999999238, 114.75631810467074
11.785999999999238, 114.76101144846493
11.786999999999237, 114.76531860424265
11.787999999999236, 114.76915091169738
11.788999999999236, 114.77241971052263
11.789999999999235, 114.7750408505732
11.790999999999235, 114.77700928426641
11.791999999999236, 114.77838740604668
11.792999999999232, 114.77923976980401
11.793999999999233, 114.77963092942844
11.794999999999234, 114.77962543881003
11.795999999999232, 114.77928785183877
11.796999999999231, 114.77868272240477
11.797999999999229, 114.77787460439797
11.79899999999923, 114.77692805170844
11.79999999999923, 114.77590761822623
11.800999999999227, 114.77487785784132
11.801999999999229, 114.77390332444382
11.802999999999228, 114.77304857192374
11.803999999999228, 114.77237815417105
11.804999999999227, 114.77195662507586
11.805999999999226, 114.77184853852816
11.806999999999228, 114.77211844841796
11.807999999999225, 114.77283090863536
11.808999999999225, 114.7740500678799
11.809999999999222, 114.77580307613783
11.810999999999225, 114.77805092898224
11.811999999999223, 114.7807477609626
11.812999999999224, 114.7838477066285
11.813999999999222, 114.78730490052945
11.81499999999922, 114.79107347721495
11.815999999999221, 114.79510757123458
11.816999999999219, 114.79936131713785
11.81799999999922, 114.80378884947433
11.81899999999922, 114.80834430279349
11.819999999999219, 114.8129818116449
11.820999999999218, 114.8176555105781
11.821999999999218, 114.8223195341426
11.822999999999219, 114.82692801688793
11.823999999999216, 114.83143509336365
11.824999999999216, 114.83579489811929
11.825999999999214, 114.83996156570433
11.826999999999215, 114.84388923066838
11.827999999999214, 114.8475320275609
11.828999999999212, 114.85085092768324
11.829999999999213, 114.85383429136523
11.830999999999213, 114.85647733671564
11.831999999999212, 114.85877528184307
11.832999999999213, 114.86072334485628
11.833999999999211, 114.86231674386393
11.83499999999921, 114.86355069697467
11.83599999999921, 114.86442042229723
11.83699999999921, 114.86492113794026
11.837999999999209, 114.86504806201245
11.838999999999206, 114.86479641262247
11.839999999999208, 114.86416140787907
11.840999999999207, 114.86313826589085
11.841999999999206, 114.86172220476652
11.842999999999208, 114.8599084426148
11.843999999999205, 114.85769219754432
11.844999999999205, 114.85506868766382
11.845999999999204, 114.85203313108188
11.846999999999204, 114.84858074590733
11.847999999999203, 114.84471106731473
11.848999999999203, 114.84046540234418
11.849999999999202, 114.8359084851526
11.850999999999203, 114.8311053087557
11.851999999999203, 114.82612086616923
11.852999999999202, 114.82102015040894
11.8539999999992, 114.81586815449052
11.854999999999201, 114.81072987142971
11.855999999999199, 114.80567029424228
11.856999999999198, 114.80075441594398
11.857999999999198, 114.79604722955045
11.858999999999197, 114.79161372807755
11.859999999999197, 114.7875189045409
11.860999999999194, 114.78382775195631
11.861999999999195, 114.78060526333948
11.862999999999195, 114.77791643170617
11.863999999999194, 114.7758262500721
11.864999999999194, 114.77439971145299
11.865999999999193, 114.7737018088646
11.866999999999193, 114.77379565079391
11.867999999999194, 114.77468516558415
11.86899999999919, 114.77630468314517
11.869999999999191, 114.77858454801006
11.870999999999192, 114.78145510471197
11.87199999999919, 114.78484669778395
11.87299999999919, 114.78868967175914
11.873999999999189, 114.79291437117067
11.874999999999188, 114.79745114055162
11.875999999999188, 114.80223032443509
11.876999999999185, 114.80718226735421
11.877999999999187, 114.8122373138421
11.878999999999186, 114.81732580843189
11.879999999999184, 114.82237809565662
11.880999999999187, 114.82732452004944
11.881999999999184, 114.83209542614344
11.882999999999184, 114.83662115847177
11.883999999999183, 114.84083206156753
11.884999999999183, 114.84465847996378
11.885999999999182, 114.84803082138495
11.886999999999182, 114.85090448134304
11.887999999999181, 114.85329779822203
11.888999999999179, 114.85523886616912
11.88999999999918, 114.85675577933135
11.89099999999918, 114.85787663185585
11.891999999999179, 114.8586295178897
11.89299999999918, 114.85904253158003
11.893999999999178, 114.85914376707387
11.894999999999177, 114.8589613185184
11.895999999999177, 114.85852328006064
11.896999999999176, 114.85785774584772
11.897999999999175, 114.85699281002672
11.898999999999173, 114.85595656674478
11.899999999999174, 114.85477711014897
11.900999999999172, 114.85348253438637
11.901999999999173, 114.8521009336041
11.902999999999173, 114.85066040194924
11.903999999999172, 114.8491890335689
11.904999999999172, 114.84771492261018
11.905999999999171, 114.84626515707035
11.906999999999169, 114.84486097341289
11.907999999999168, 114.84352149824566
11.908999999999168, 114.84226585534874
11.909999999999169, 114.84111316850225
11.910999999999168, 114.84008256148623
11.911999999999168, 114.83919315808079
11.912999999999169, 114.83846408206594
11.913999999999167, 114.83791445722184
11.914999999999168, 114.83756340732856
11.915999999999165, 114.83743005616614
11.916999999999165, 114.83753352751468
11.917999999999164, 114.8378929451543
11.918999999999164, 114.838527432865
11.919999999999163, 114.83945611442694
11.920999999999161, 114.84069811362014
11.921999999999162, 114.84227255422472
11.922999999999162, 114.84419856002076
11.923999999999161, 114.84649525478831
11.92499999999916, 114.84917958434272
11.92599999999916, 114.852235323168
11.926999999999161, 114.85562040914164
11.927999999999159, 114.85929209789788
11.928999999999158, 114.86320764507082
11.929999999999158, 114.86732430629468
11.930999999999159, 114.87159933720358
11.931999999999157, 114.87598999343167
11.932999999999154, 114.88045353061312
11.933999999999156, 114.88494720438213
11.934999999999155, 114.8894282703728
11.935999999999154, 114.8938539842193
11.936999999999152, 114.89818160155579
11.937999999999153, 114.90236837801646
11.938999999999153, 114.90637156923539
11.93999999999915, 114.9101484308468
11.940999999999153, 114.91365621848485
11.941999999999151, 114.91685218778369
11.942999999999149, 114.91969359437746
11.94399999999915, 114.92213799869829
11.94499999999915, 114.9241639566356
11.945999999999149, 114.92578422745933
11.946999999999148, 114.92701471567017
11.947999999999148, 114.92787132576893
11.948999999999149, 114.92836996225638
11.949999999999147, 114.92852652963333
11.950999999999146, 114.92835693240056
11.951999999999146, 114.92787707505882
11.952999999999147, 114.92710286210891
11.953999999999144, 114.92605019805164
11.954999999999144, 114.92473498738768
11.955999999999143, 114.92317313461794
11.956999999999143, 114.92138054424314
11.957999999999142, 114.91937312076405
11.95899999999914, 114.91716676868148
11.959999999999143, 114.91477739249625
11.96099999999914, 114.91222089670906
11.961999999999138, 114.90951318582073
11.96299999999914, 114.90667016433201
11.963999999999139, 114.90370773674371
11.964999999999138, 114.90064180755661
11.965999999999138, 114.89748828127148
11.966999999999137, 114.89426306238917
11.967999999999137, 114.89098205541032
11.968999999999136, 114.88766116483585
11.969999999999136, 114.88431629516643
11.970999999999135, 114.88096335090292
11.971999999999134, 114.87761823654606
11.972999999999136, 114.87429685659664
11.973999999999133, 114.87101511555544
11.974999999999135, 114.86778891792325
11.975999999999132, 114.86463416820084
11.97699999999913, 114.86156677088901
11.977999999999131, 114.85860263048852
11.97899999999913, 114.85575765150014
11.97999999999913, 114.85304773842469
11.980999999999128, 114.85048879576291
11.981999999999129, 114.84809672801562
11.982999999999128, 114.8458868333182
11.983999999999128, 114.84386918767382
11.984999999999127, 114.84205120158549
11.985999999999127, 114.84044026421438
11.986999999999126, 114.83904376472168
11.987999999999126, 114.83786909226859
11.988999999999125, 114.83692363601625
11.989999999999124, 114.83621478512592
11.990999999999124, 114.83574992875874
11.991999999999123, 114.8355364560759
11.992999999999123, 114.83558175623858
11.993999999999122, 114.83589321840802
11.994999999999122, 114.83647823174537
11.995999999999121, 114.83734418541182
11.996999999999119, 114.83849846856855
11.99799999999912, 114.83994847037673
11.99899999999912, 114.84170157999759
11.999999999999119, 114.84376518659231
12.000999999999118, 114.84614667932205
12.001999999999118, 114.84885273423039
12.002999999999115, 114.85187128547206
12.003999999999117, 114.85517012493082
12.004999999999116, 114.85871605084063
12.005999999999116, 114.8624758614352
12.006999999999117, 114.86641635494843
12.007999999999114, 114.8705043296141
12.008999999999114, 114.87470658366604
12.009999999999113, 114.87898991533804
12.010999999999115, 114.883321122864
12.011999999999112, 114.88766700447765
12.012999999999112, 114.89199435841292
12.013999999999111, 114.89626998290348
12.01499999999911, 114.9004606761833
12.01599999999911, 114.90453323648612
12.01699999999911, 114.90845446204577
12.017999999999109, 114.91219115109611
12.018999999999108, 114.91571010187093
12.019999999999108, 114.91897811260404
12.020999999999107, 114.92196202247325
12.021999999999107, 114.92463835674802
12.022999999999108, 114.92700576789528
12.023999999999106, 114.92906598401544
12.024999999999105, 114.93082073320885
12.025999999999105, 114.93227174357585
12.026999999999104, 114.93342074321689
12.027999999999103, 114.93426946023227
12.028999999999103, 114.93481962272246
12.0299999999991, 114.9350729587877
12.0309999999991, 114.93503119652844
12.031999999999101, 114.93469606404506
12.0329999999991, 114.9340692894379
12.0339999999991, 114.93315260080735
12.0349999999991, 114.93194772625378
12.0359999999991, 114.93045639387758
12.036999999999097, 114.92868033177909
12.037999999999098, 114.9266212680587
12.038999999999097, 114.9242809308168
12.039999999999097, 114.92166104815372
12.040999999999096, 114.9187662918274
12.041999999999096, 114.91561673966612
12.042999999999095, 114.9122374926297
12.043999999999095, 114.90865365444286
12.044999999999094, 114.90489032883015
12.045999999999093, 114.90097261951612
12.046999999999093, 114.89692563022552
12.047999999999092, 114.89277446468284
12.048999999999094, 114.88854422661274
12.049999999999091, 114.88426001973978
12.05099999999909, 114.87994694778861
12.05199999999909, 114.87563011448381
12.052999999999088, 114.87133462354998
12.053999999999089, 114.86708557871175
12.054999999999088, 114.86290808369367
12.055999999999088, 114.85882724222046
12.056999999999087, 114.85486815801661
12.057999999999085, 114.8510559348068
12.058999999999088, 114.84741567631556
12.059999999999084, 114.84397248626757
12.060999999999087, 114.84075146838738
12.061999999999085, 114.83777772639965
12.062999999999084, 114.83507636402896
12.063999999999083, 114.83267248499992
12.064999999999085, 114.8305911930371
12.065999999999082, 114.82885759186514
12.066999999999082, 114.82749678520865
12.067999999999081, 114.82653387679221
12.06899999999908, 114.82599397034046
12.06999999999908, 114.82590216957797
12.07099999999908, 114.82628357822941
12.071999999999077, 114.82716330001928
12.07299999999908, 114.82856643867225
12.073999999999078, 114.83051809791294
12.074999999999077, 114.83304338146591
12.075999999999079, 114.83616739305583
12.076999999999076, 114.83991523640722
12.077999999999074, 114.84431201524475
12.078999999999075, 114.84938217785754
12.079999999999075, 114.85511499654473
12.080999999999074, 114.86144748201075
12.081999999999073, 114.8683124036139
12.082999999999073, 114.8756425307125
12.083999999999072, 114.88337063266482
12.084999999999072, 114.8914294788292
12.085999999999071, 114.89975183856387
12.08699999999907, 114.90827048122722
12.08799999999907, 114.91691817617755
12.08899999999907, 114.92562769277306
12.089999999999069, 114.93433180037218
12.090999999999068, 114.9429632683331
12.091999999999068, 114.95145486601419
12.092999999999067, 114.95973936277373
12.093999999999067, 114.96774952797003
12.094999999999066, 114.9754181309614
12.095999999999066, 114.9826779411061
12.096999999999065, 114.98946172776252
12.097999999999065, 114.99570226498535
12.098999999999066, 115.0013501796404
12.099999999999064, 115.00641431174054
12.100999999999063, 115.01091534686319
12.101999999999062, 115.0148739705858
12.102999999999062, 115.01831086848573
12.103999999999061, 115.02124672614048
12.10499999999906, 115.0237022291274
12.10599999999906, 115.02569806302395
12.10699999999906, 115.02725491340752
12.107999999999059, 115.02839346585554
12.108999999999059, 115.02913440594543
12.109999999999058, 115.0294984192546
12.110999999999057, 115.02950619136054
12.111999999999055, 115.02917840784055
12.112999999999056, 115.02853575427211
12.113999999999056, 115.02759891623265
12.114999999999053, 115.02638857929962
12.115999999999055, 115.02492542905036
12.116999999999054, 115.02323015106231
12.117999999999054, 115.02132343091293
12.118999999999055, 115.01922595417957
12.119999999999052, 115.01695840643976
12.120999999999052, 115.01454147327078
12.12199999999905, 115.01199584025014
12.12299999999905, 115.00934219295527
12.12399999999905, 115.00660121696355
12.12499999999905, 115.00379359785242
12.125999999999049, 115.00094002119928
12.126999999999049, 114.99806117258157
12.127999999999048, 114.9951777375767
12.128999999999047, 114.99231040176204
12.129999999999047, 114.98947985071513
12.130999999999046, 114.98670677001326
12.131999999999046, 114.98401184523391
12.132999999999045, 114.98141576195451
12.133999999999043, 114.97893920575245
12.134999999999044, 114.97660286220517
12.135999999999044, 114.97442741689008
12.136999999999045, 114.9724335553846
12.137999999999042, 114.97064196326616
12.138999999999042, 114.96907332611215
12.139999999999041, 114.96774832950005
12.14099999999904, 114.96668765900722
12.14199999999904, 114.96591200021109
12.14299999999904, 114.96544203868908
12.14399999999904, 114.96529846001863
12.144999999999039, 114.96550194977715
12.145999999999038, 114.96607319354202
12.146999999999036, 114.96703287689073
12.147999999999035, 114.96840168540064
12.148999999999038, 114.97020030464921
12.149999999999034, 114.97244942021382
12.150999999999035, 114.97516971767193
12.151999999999036, 114.97838188260094
12.152999999999034, 114.98210660057828
12.153999999999034, 114.98636455718135
12.154999999999035, 114.99117643798756
12.155999999999034, 114.9965627775776
12.156999999999032, 115.002520626821
12.157999999999031, 115.00899831401131
12.15899999999903, 115.01593810900303
12.159999999999028, 115.02328228165055
12.16099999999903, 115.03097310180839
12.161999999999031, 115.03895283933099
12.16299999999903, 115.04716376407276
12.163999999999028, 115.05554814588818
12.164999999999027, 115.06404825463179
12.165999999999027, 115.0726063601579
12.166999999999026, 115.0811647323211
12.167999999999026, 115.0896656409758
12.168999999999027, 115.09805135597645
12.169999999999025, 115.10626414717751
12.170999999999024, 115.1142462844334
12.171999999999024, 115.12194003759869
12.172999999999023, 115.12928767652772
12.173999999999024, 115.13623147107505
12.174999999999022, 115.14271369109504
12.175999999999021, 115.14868208205505
12.17699999999902, 115.15411020680143
12.17799999999902, 115.15897923012369
12.178999999999021, 115.16327031787374
12.17999999999902, 115.16696463590333
12.180999999999019, 115.1700433500643
12.181999999999016, 115.17248762620846
12.182999999999018, 115.17427863018767
12.183999999999017, 115.17539752785372
12.184999999999016, 115.17582548505843
12.185999999999016, 115.17554366765364
12.186999999999015, 115.17453324149115
12.187999999999015, 115.17277537242279
12.188999999999014, 115.17025122630037
12.189999999999014, 115.16694196897578
12.190999999999013, 115.16282876630073
12.19199999999901, 115.15789278412711
12.192999999999012, 115.15211518830674
12.193999999999011, 115.14547714469141
12.19499999999901, 115.13796724713796
12.19599999999901, 115.12966112609963
12.19699999999901, 115.12069089215626
12.19799999999901, 115.11118961204609
12.198999999999009, 115.10129035250742
12.199999999999008, 115.09112618027845
12.200999999999006, 115.08083016209747
12.201999999999007, 115.07053536470275
12.202999999999006, 115.0603748548325
12.203999999999004, 115.05048169922502
12.204999999999005, 115.04098896461853
12.205999999999005, 115.03202971775131
12.206999999999006, 115.02373702536158
12.207999999999002, 115.0162439541877
12.208999999999005, 115.00968357096781
12.209999999999004, 115.00418894244021
12.210999999999002, 114.99989313534317
12.211999999999001, 114.99692921641493
12.212999999999003, 114.99543025239375
12.213999999999, 114.99552671683193
12.214999999999, 114.99723784148935
12.215999999999, 115.00043200874978
12.216999999998999, 115.0049668552179
12.217999999998998, 115.01070001749827
12.218999999999, 115.01748913219552
12.219999999998997, 115.02519183591426
12.220999999998996, 115.03366576525906
12.221999999998996, 115.04276855683464
12.222999999998995, 115.05235784724553
12.223999999998995, 115.06229127309636
12.224999999998994, 115.07242647099174
12.225999999998992, 115.08262107753629
12.226999999998993, 115.09273272933464
12.227999999998993, 115.10261906299135
12.228999999998992, 115.11213771511112
12.229999999998991, 115.12114632229849
12.230999999998991, 115.1295025211581
12.23199999999899, 115.13706394829454
12.23299999999899, 115.14368827803648
12.23399999999899, 115.14927947094662
12.23499999999899, 115.15387785520905
12.235999999998988, 115.1575487482576
12.23699999999899, 115.16035746752608
12.237999999998987, 115.16236933044831
12.238999999998986, 115.16364965445817
12.239999999998986, 115.1642637569895
12.240999999998985, 115.16427695547605
12.241999999998985, 115.16375456735169
12.242999999998984, 115.16276191005024
12.243999999998984, 115.16136430100555
12.244999999998983, 115.15962705765143
12.245999999998983, 115.15761549742172
12.246999999998982, 115.15539493775026
12.247999999998981, 115.15303069607086
12.248999999998981, 115.15058808981732
12.249999999998982, 115.14813243642354
12.25099999999898, 115.14572905332332
12.25199999999898, 115.14344325795045
12.252999999998979, 115.14133372872399
12.253999999998978, 115.13941341840868
12.254999999998978, 115.13767602337123
12.255999999998977, 115.13611517273107
12.256999999998976, 115.13472449560771
12.257999999998976, 115.13349762112065
12.258999999998975, 115.13242817838935
12.259999999998975, 115.13150979653331
12.260999999998974, 115.130736104672
12.261999999998974, 115.13010073192486
12.262999999998973, 115.1295973074114
12.263999999998973, 115.12921946025112
12.264999999998972, 115.12896081956349
12.265999999998972, 115.12881501446797
12.266999999998971, 115.12877567408405
12.26799999999897, 115.12883642753124
12.268999999998972, 115.12899090392898
12.269999999998971, 115.12923273239676
12.270999999998969, 115.12955554205406
12.271999999998968, 115.12995296202038
12.272999999998968, 115.13041862141519
12.273999999998967, 115.13094614935797
12.274999999998967, 115.13152917496818
12.275999999998966, 115.13216132736532
12.276999999998965, 115.13283623566889
12.277999999998965, 115.13354752899832
12.278999999998964, 115.13428883647312
12.279999999998964, 115.13505378721277
12.280999999998963, 115.13583601033677
12.281999999998963, 115.13662913496454
12.282999999998962, 115.13742679021563
12.28399999999896, 115.13822260520948
12.284999999998963, 115.13901020906557
12.28599999999896, 115.1397832309034
12.28699999999896, 115.14053529984243
12.287999999998961, 115.14126004500216
12.288999999998959, 115.14195109550205
12.289999999998958, 115.14260208046159
12.290999999998958, 115.14320664303787
12.291999999998959, 115.14375996000184
12.292999999998955, 115.14426010180092
12.293999999998956, 115.14470545980646
12.294999999998957, 115.14509442538976
12.295999999998955, 115.14542538992225
12.296999999998954, 115.14569674477531
12.297999999998954, 115.14590688132029
12.298999999998951, 115.14605419092854
12.299999999998953, 115.14613706497144
12.300999999998952, 115.14615389482039
12.301999999998952, 115.14610307184672
12.302999999998951, 115.1459829874218
12.30399999999895, 115.14579203291704
12.30499999999895, 115.14552859970374
12.305999999998948, 115.14519107915334
12.306999999998949, 115.14477786263714
12.307999999998946, 115.14428734152655
12.308999999998948, 115.14371790719295
12.309999999998947, 115.14306795100768
12.310999999998947, 115.14233987209138
12.311999999998946, 115.14155310476679
12.312999999998945, 115.14073160873728
12.313999999998945, 115.13989934374169
12.314999999998944, 115.13908026951881
12.315999999998944, 115.13829834580739
12.316999999998943, 115.13757753234624
12.317999999998943, 115.13694178887414
12.318999999998942, 115.13641507512989
12.319999999998942, 115.1360213508523
12.320999999998941, 115.13578457578011
12.32199999999894, 115.13572870965214
12.322999999998942, 115.13587771220715
12.32399999999894, 115.13625554318398
12.324999999998939, 115.13688616232139
12.32599999999894, 115.13779352935816
12.326999999998938, 115.1390016040331
12.327999999998937, 115.14053434608499
12.328999999998937, 115.1424157152526
12.329999999998936, 115.14466646450641
12.330999999998935, 115.14727412098787
12.331999999998937, 115.15020655546415
12.332999999998933, 115.15343138251036
12.333999999998932, 115.15691621670152
12.334999999998933, 115.16062867261272
12.335999999998933, 115.16453636481899
12.336999999998932, 115.16860690789537
12.337999999998933, 115.1728079164169
12.338999999998931, 115.17710700495866
12.33999999999893, 115.18147178809569
12.34099999999893, 115.18586988040303
12.34199999999893, 115.19026889645579
12.342999999998929, 115.19463645082895
12.343999999998928, 115.1989401580976
12.344999999998928, 115.20314763283676
12.345999999998927, 115.20722648962152
12.346999999998927, 115.2111443430269
12.347999999998926, 115.214868807628
12.348999999998926, 115.21836767200914
12.349999999998925, 115.22161481592933
12.350999999998924, 115.224591662858
12.351999999998926, 115.22728010495294
12.352999999998923, 115.2296620343721
12.353999999998923, 115.23171934327326
12.35499999999892, 115.23343392381429
12.35599999999892, 115.23478766815305
12.356999999998921, 115.23576246844732
12.357999999998922, 115.23634021685507
12.35899999999892, 115.23650280553406
12.359999999998918, 115.2362321266422
12.36099999999892, 115.23551007233726
12.361999999998917, 115.23431853477717
12.362999999998916, 115.23263940611976
12.363999999998917, 115.23045457852285
12.364999999998918, 115.22774594414432
12.365999999998916, 115.224495395142
12.366999999998916, 115.22068482367376
12.367999999998915, 115.21629617502202
12.368999999998914, 115.21134132653017
12.369999999998914, 115.20591194455062
12.370999999998913, 115.20011284587697
12.371999999998913, 115.19404884730281
12.372999999998914, 115.18782476562161
12.373999999998912, 115.18154541762692
12.374999999998911, 115.1753156201123
12.375999999998912, 115.16924018987137
12.37699999999891, 115.16342394369755
12.37799999999891, 115.15797169838446
12.378999999998909, 115.15298827072567
12.379999999998908, 115.14857847751465
12.380999999998908, 115.144847135545
12.381999999998907, 115.14189906161027
12.382999999998908, 115.13983907250397
12.383999999998904, 115.13877198501967
12.384999999998906, 115.13880261595092
12.385999999998907, 115.14003578209127
12.386999999998906, 115.14257630023428
12.387999999998904, 115.14650189790662
12.388999999998903, 115.15172284170886
12.389999999998903, 115.15808547902213
12.390999999998902, 115.1654360301207
12.391999999998903, 115.17362071527884
12.392999999998901, 115.18248575477082
12.3939999999989, 115.19187736887089
12.3949999999989, 115.20164177785333
12.3959999999989, 115.21162520199245
12.396999999998899, 115.22167386156246
12.3979999999989, 115.23163397683766
12.3989999999989, 115.24135176809233
12.399999999998897, 115.25067345560075
12.400999999998895, 115.25944525963712
12.401999999998896, 115.2675134004758
12.402999999998896, 115.27472409839105
12.403999999998895, 115.28092357365702
12.404999999998894, 115.28595804654813
12.405999999998892, 115.28967373733862
12.406999999998892, 115.29192618942099
12.407999999998893, 115.29272474560251
12.408999999998892, 115.2922049109662
12.40999999999889, 115.29050591821192
12.410999999998891, 115.28776700003964
12.411999999998892, 115.28412738914922
12.41299999999889, 115.2797263182406
12.41399999999889, 115.2747030200137
12.414999999998887, 115.26919672716839
12.415999999998887, 115.26334667240461
12.416999999998888, 115.25729208842228
12.417999999998889, 115.25117220792126
12.418999999998887, 115.24512626360152
12.419999999998886, 115.23929348816293
12.420999999998887, 115.2338131143054
12.421999999998887, 115.22882437472889
12.422999999998884, 115.22446650213325
12.423999999998884, 115.22087872921841
12.424999999998883, 115.21820028868429
12.425999999998883, 115.21656941544703
12.426999999998882, 115.21604393866825
12.427999999998883, 115.21654354748047
12.428999999998881, 115.21797431531763
12.42999999999888, 115.22024231561379
12.43099999999888, 115.22325362180285
12.43199999999888, 115.2269143073188
12.432999999998879, 115.23113044559564
12.433999999998878, 115.23580811006732
12.434999999998878, 115.24085337416784
12.435999999998877, 115.2461723113311
12.436999999998879, 115.2516709949912
12.437999999998876, 115.257255498582
12.438999999998876, 115.26283189553752
12.439999999998875, 115.2683062592917
12.440999999998875, 115.2735846632786
12.441999999998874, 115.27857318093213
12.442999999998873, 115.28317788568626
12.443999999998875, 115.28730485097495
12.444999999998872, 115.29086015030174
12.445999999998872, 115.29377504629875
12.446999999998871, 115.29607734943846
12.447999999998869, 115.29781799858038
12.44899999999887, 115.29904793258396
12.44999999999887, 115.29981809030869
12.450999999998869, 115.30017941061396
12.451999999998868, 115.3001828323593
12.452999999998868, 115.29987929440415
12.453999999998867, 115.29931973560801
12.454999999998867, 115.29855509483025
12.455999999998866, 115.29763631093044
12.456999999998866, 115.296614322768
12.457999999998867, 115.29554006920235
12.458999999998865, 115.294464489093
12.459999999998864, 115.29343852129945
12.460999999998863, 115.29251310468108
12.461999999998863, 115.29173917809742
12.46299999999886, 115.2911676804079
12.463999999998862, 115.29084955047198
12.464999999998863, 115.29082922235946
12.465999999998862, 115.29109127380076
12.46699999999886, 115.29158803310698
12.467999999998861, 115.29227151630789
12.468999999998859, 115.29309373943327
12.469999999998858, 115.29400671851283
12.470999999998858, 115.29496246957635
12.471999999998857, 115.29591300865357
12.472999999998857, 115.29681035177424
12.473999999998858, 115.29760651496811
12.474999999998856, 115.29825351426493
12.475999999998855, 115.29870336569445
12.476999999998855, 115.29890808528643
12.477999999998856, 115.29881968907058
12.478999999998853, 115.29839019307667
12.479999999998851, 115.29757161333448
12.480999999998852, 115.29631596587373
12.481999999998852, 115.29457526672418
12.482999999998851, 115.29230153191557
12.48399999999885, 115.28944874263533
12.48499999999885, 115.2860279722799
12.48599999999885, 115.28211489825259
12.486999999998849, 115.27778867267338
12.487999999998848, 115.27312844766216
12.488999999998848, 115.26821337533902
12.489999999998847, 115.26312260782379
12.490999999998847, 115.25793529723649
12.491999999998846, 115.25273059569706
12.492999999998846, 115.24758765532547
12.493999999998845, 115.24258562824171
12.494999999998843, 115.23780366656572
12.495999999998844, 115.23332092241745
12.496999999998843, 115.22921654791685
12.497999999998843, 115.2255696951839
12.498999999998842, 115.22245951633859
12.499999999998842, 115.21996516350085
12.50099999999884, 115.21816578879063
12.50199999999884, 115.2171405443279
12.50299999999884, 115.21696844498021
12.50399999999884, 115.21768553985888
12.504999999998839, 115.21922409687011
12.50599999999884, 115.221501026209
12.50699999999884, 115.22443323807073
12.507999999998836, 115.22793764265042
12.508999999998837, 115.2319311501432
12.509999999998836, 115.2363306707442
12.510999999998836, 115.24105311464858
12.511999999998835, 115.24601539205143
12.512999999998835, 115.25113441314795
12.513999999998834, 115.25632708813322
12.514999999998834, 115.2615103272024
12.515999999998833, 115.26660104055061
12.516999999998832, 115.27151613837303
12.517999999998832, 115.27617253086474
12.518999999998831, 115.2804871282209
12.51999999999883, 115.28437684063667
12.52099999999883, 115.28775857830712
12.52199999999883, 115.29054925142744
12.522999999998829, 115.29268354784367
12.523999999998827, 115.29419497201438
12.524999999998828, 115.29515116385528
12.525999999998827, 115.29561979576118
12.526999999998827, 115.29566854012683
12.527999999998826, 115.29536506934701
12.528999999998826, 115.29477705581644
12.529999999998825, 115.29397217192998
12.530999999998825, 115.29301809008227
12.531999999998826, 115.2919824826682
12.532999999998824, 115.29093302208243
12.533999999998823, 115.28993738071982
12.534999999998822, 115.28906323097507
12.535999999998822, 115.28837824524297
12.536999999998821, 115.28795009591828
12.53799999999882, 115.28784645539578
12.53899999999882, 115.28813499607021
12.53999999999882, 115.28888339033638
12.540999999998819, 115.29015931058899
12.541999999998817, 115.2920263444611
12.542999999998818, 115.29448938000796
12.543999999998817, 115.29750932508678
12.544999999998817, 115.30104602379633
12.545999999998816, 115.30505932023539
12.546999999998816, 115.30950905850284
12.547999999998815, 115.31435508269747
12.548999999998815, 115.3195572369181
12.549999999998814, 115.3250753652635
12.550999999998814, 115.33086931183254
12.551999999998813, 115.33689892072402
12.552999999998812, 115.34312403603676
12.553999999998812, 115.34950450186956
12.554999999998811, 115.35600016232124
12.55599999999881, 115.36257086149058
12.55699999999881, 115.36917644347643
12.55799999999881, 115.37577675237765
12.55899999999881, 115.38233163229299
12.559999999998809, 115.38880092732128
12.560999999998806, 115.39514448156132
12.561999999998807, 115.40132213911195
12.562999999998807, 115.40729374407199
12.563999999998806, 115.4130191405402
12.564999999998806, 115.41845817261547
12.565999999998805, 115.42357068439657
12.566999999998805, 115.4283165199823
12.567999999998804, 115.43265552347151
12.568999999998804, 115.43654753896301
12.569999999998803, 115.43995241055563
12.5709999999988, 115.44282998234812
12.571999999998804, 115.44514009843932
12.572999999998801, 115.44684260292809
12.5739999999988, 115.4478973399132
12.5749999999988, 115.4482641534935
12.5759999999988, 115.44790288776777
12.5769999999988, 115.44677338683483
12.5779999999988, 115.44483549479351
12.578999999998798, 115.44204905574259
12.579999999998797, 115.43837391621923
12.580999999998797, 115.43379426038298
12.581999999998796, 115.42837842124302
12.582999999998796, 115.42221290581023
12.583999999998795, 115.41538422109535
12.584999999998795, 115.40797887410913
12.585999999998794, 115.4000833718624
12.586999999998794, 115.39178422136592
12.587999999998793, 115.38316792963047
12.588999999998792, 115.37432100366688
12.589999999998792, 115.36532995048589
12.590999999998791, 115.35628127709825
12.591999999998789, 115.34726149051477
12.59299999999879, 115.33835709774625
12.59399999999879, 115.32965460580346
12.59499999999879, 115.32124052169718
12.595999999998789, 115.3132013524382
12.596999999998788, 115.30562360503728
12.597999999998788, 115.29859378650526
12.598999999998787, 115.29219840385284
12.599999999998785, 115.2865158955693
12.600999999998786, 115.28155851808918
12.601999999998785, 115.27730609246365
12.602999999998785, 115.27373821698872
12.603999999998786, 115.2708344899605
12.604999999998785, 115.26857450967502
12.605999999998783, 115.2669378744284
12.606999999998783, 115.26590418251672
12.607999999998782, 115.26545303223607
12.608999999998781, 115.26556402188245
12.60999999999878, 115.26621674975203
12.61099999999878, 115.26739081414088
12.61199999999878, 115.26906581334505
12.612999999998781, 115.27122134566065
12.613999999998779, 115.27383700938374
12.614999999998778, 115.27689240281036
12.615999999998778, 115.28036712423668
12.616999999998779, 115.2842407719587
12.617999999998776, 115.28849294427252
12.618999999998776, 115.29310353810459
12.619999999998774, 115.2980597527861
12.620999999998775, 115.30335633957061
12.621999999998774, 115.30898839826293
12.622999999998774, 115.31495102866799
12.623999999998775, 115.32123933059073
12.62499999999877, 115.32784840383596
12.625999999998774, 115.33477334820863
12.626999999998771, 115.34200926351365
12.62799999999877, 115.34955124955593
12.62899999999877, 115.35739440614026
12.62999999999877, 115.36553383307168
12.63099999999877, 115.37396463015497
12.631999999998769, 115.38268189719513
12.632999999998768, 115.39168073399698
12.633999999998768, 115.40095624036543
12.634999999998767, 115.41050351610544
12.635999999998768, 115.42031766102183
12.636999999998766, 115.43039377491951
12.637999999998765, 115.44072684225745
12.638999999998765, 115.4512892571063
12.639999999998764, 115.46200389693881
12.640999999998764, 115.47278707443618
12.641999999998763, 115.48355510227958
12.642999999998763, 115.49422429315018
12.643999999998762, 115.50471095972917
12.644999999998761, 115.51493141469771
12.645999999998761, 115.524801970737
12.64699999999876, 115.53423894052818
12.64799999999876, 115.54315863675245
12.64899999999876, 115.55147737209097
12.649999999998759, 115.55911145922494
12.650999999998758, 115.56597721083553
12.651999999998758, 115.57199093960388
12.652999999998757, 115.57706895821124
12.653999999998758, 115.58112757933868
12.654999999998756, 115.58408311566744
12.655999999998755, 115.5858518798787
12.656999999998755, 115.58635018465364
12.657999999998754, 115.5855175938345
12.658999999998752, 115.58341003687259
12.659999999998753, 115.58011977152645
12.660999999998753, 115.57573906766021
12.661999999998752, 115.57036019513794
12.662999999998751, 115.56407542382371
12.663999999998751, 115.55697702358165
12.664999999998749, 115.54915726427589
12.66599999999875, 115.54070841577038
12.66699999999875, 115.53172274792936
12.66799999999875, 115.52229253061688
12.668999999998748, 115.51251003369703
12.669999999998748, 115.50246752703386
12.670999999998747, 115.49225728049151
12.671999999998746, 115.48197156393408
12.672999999998748, 115.47170264722564
12.673999999998745, 115.46154280023029
12.674999999998743, 115.45158429281211
12.675999999998744, 115.44191939483521
12.676999999998744, 115.43263648369123
12.677999999998743, 115.42377488954179
12.678999999998743, 115.4153403974897
12.679999999998742, 115.40733814155351
12.680999999998743, 115.39977325575173
12.681999999998741, 115.392650874103
12.682999999998742, 115.38597613062583
12.683999999998742, 115.3797541593388
12.68499999999874, 115.37399009426048
12.685999999998739, 115.36868906940938
12.686999999998738, 115.36385621880413
12.687999999998738, 115.35949667646327
12.688999999998739, 115.35561557640534
12.689999999998737, 115.35221805264892
12.690999999998738, 115.34930923921256
12.691999999998737, 115.34689427011484
12.692999999998735, 115.34497827937432
12.693999999998734, 115.34356640100953
12.694999999998734, 115.34266376903906
12.695999999998731, 115.34227551748148
12.696999999998733, 115.34240678035533
12.697999999998732, 115.34306269167917
12.698999999998733, 115.34424838547159
12.699999999998733, 115.34596899575112
12.70099999999873, 115.34822965653632
12.701999999998732, 115.35103550184577
12.702999999998731, 115.35439166569805
12.703999999998729, 115.35830328211169
12.70499999999873, 115.36277548510525
12.70599999999873, 115.36781340869732
12.706999999998727, 115.37342218690642
12.707999999998727, 115.37960695375114
12.708999999998726, 115.38637284325003
12.709999999998724, 115.39372498942167
12.710999999998725, 115.4016685262846
12.711999999998726, 115.4102085878574
12.712999999998724, 115.41935030815861
12.713999999998725, 115.42909882120682
12.714999999998723, 115.43945925268707
12.715999999998722, 115.4504183556322
12.716999999998723, 115.46190552645832
12.71799999999872, 115.47383900001732
12.718999999998722, 115.48613701116108
12.719999999998718, 115.49871779474141
12.720999999998718, 115.51149958561025
12.72199999999872, 115.52440061861942
12.722999999998718, 115.53733912862077
12.723999999998718, 115.55023335046621
12.724999999998717, 115.56300151900766
12.725999999998717, 115.57556186909684
12.726999999998718, 115.58783263558574
12.727999999998715, 115.59973205332618
12.728999999998715, 115.61117835717005
12.729999999998716, 115.62208978196918
12.730999999998716, 115.63238456257548
12.731999999998713, 115.64198093384083
12.732999999998713, 115.65079713061704
12.733999999998712, 115.65875138775598
12.734999999998713, 115.66577168351583
12.735999999998711, 115.67185745720448
12.73699999999871, 115.67703996368537
12.73799999999871, 115.68135060337637
12.73899999999871, 115.68482077669535
12.739999999998707, 115.68748188406012
12.740999999998706, 115.68936532588857
12.741999999998708, 115.69050250259858
12.742999999998707, 115.69092481460797
12.743999999998708, 115.6906636623346
12.744999999998706, 115.68975044619638
12.745999999998707, 115.68821656661109
12.746999999998703, 115.68609342399662
12.747999999998704, 115.68341241877086
12.748999999998706, 115.68020495135164
12.749999999998705, 115.67650242215682
12.750999999998701, 115.67233623160426
12.751999999998702, 115.66773778011179
12.752999999998703, 115.66273846809733
12.753999999998701, 115.65737084193711
12.754999999998702, 115.65169131307805
12.755999999998702, 115.64577885059113
12.7569999999987, 115.63971330775625
12.7579999999987, 115.63357453785324
12.7589999999987, 115.62744239416195
12.7599999999987, 115.62139672996221
12.760999999998695, 115.61551739853392
12.761999999998697, 115.60988425315696
12.762999999998696, 115.60457714711107
12.763999999998696, 115.59967593367621
12.764999999998697, 115.59526046613219
12.765999999998694, 115.59141059775887
12.766999999998696, 115.58820618183611
12.767999999998695, 115.58572707164377
12.768999999998695, 115.58405312046166
12.769999999998692, 115.58326418156972
12.770999999998693, 115.5834401082477
12.771999999998693, 115.58466075377555
12.77299999999869, 115.58700554487186
12.773999999998692, 115.59049725759098
12.77499999999869, 115.59504582517836
12.775999999998689, 115.60054781370302
12.776999999998688, 115.606899789234
12.777999999998688, 115.61399831784034
12.778999999998685, 115.62173996559103
12.779999999998688, 115.63002129855514
12.780999999998688, 115.6387388828017
12.781999999998686, 115.64778928439975
12.782999999998683, 115.6570690694183
12.783999999998683, 115.66647480392639
12.784999999998684, 115.67590305399307
12.785999999998683, 115.68525038568734
12.786999999998685, 115.69441336507828
12.787999999998684, 115.70328855823487
12.788999999998682, 115.71177253122615
12.789999999998681, 115.7197618501212
12.790999999998679, 115.72715308098898
12.791999999998678, 115.7338427898986
12.79299999999868, 115.73974643179501
12.79399999999868, 115.74486465551496
12.794999999998678, 115.74922211763003
12.795999999998678, 115.75284347607631
12.796999999998679, 115.75575338878997
12.797999999998677, 115.7579765137071
12.79899999999868, 115.75953750876386
12.799999999998677, 115.76046103189638
12.800999999998675, 115.76077174104076
12.801999999998674, 115.76049429413317
12.802999999998674, 115.75965334910974
12.803999999998672, 115.75827356390656
12.804999999998675, 115.7563795964598
12.805999999998674, 115.75399610470556
12.806999999998672, 115.75114774658002
12.807999999998671, 115.74785918001926
12.80899999999867, 115.74415506295946
12.80999999999867, 115.74006005333669
12.81099999999867, 115.73559880908718
12.811999999998669, 115.73079818110534
12.812999999998668, 115.72570938551138
12.813999999998668, 115.72039883841036
12.814999999998669, 115.7149331868903
12.815999999998667, 115.70937907803929
12.816999999998666, 115.70380315894525
12.81799999999867, 115.69827207669624
12.818999999998667, 115.6928524783803
12.819999999998666, 115.6876110110854
12.820999999998664, 115.68261432189959
12.821999999998665, 115.67792905791089
12.822999999998661, 115.6736218662073
12.823999999998662, 115.66975939387686
12.824999999998663, 115.66640828800757
12.82599999999866, 115.66363519568748
12.82699999999866, 115.66150676400457
12.827999999998662, 115.66008964004688
12.828999999998661, 115.6594504709024
12.829999999998659, 115.6596559036592
12.83099999999866, 115.66077076837472
12.831999999998658, 115.66278860150696
12.832999999998657, 115.66560994498965
12.833999999998657, 115.66912908723917
12.834999999998656, 115.6732403166722
12.835999999998656, 115.6778379217051
12.836999999998655, 115.68281619075444
12.837999999998654, 115.68806941223683
12.838999999998656, 115.69349187456874
12.839999999998653, 115.69897786616663
12.840999999998655, 115.70442167544716
12.841999999998654, 115.70971759082674
12.842999999998653, 115.71475990072193
12.843999999998653, 115.71944289354931
12.84499999999865, 115.7236608577253
12.84599999999865, 115.72730808166654
12.846999999998651, 115.73027885378946
12.847999999998649, 115.73246746251064
12.848999999998648, 115.73376819624657
12.849999999998648, 115.73407540163655
12.850999999998647, 115.73333311010592
12.851999999998647, 115.73162557922694
12.852999999998646, 115.72906162863927
12.853999999998647, 115.72575007798244
12.854999999998645, 115.72179974689605
12.855999999998645, 115.71731945501962
12.856999999998644, 115.71241802199276
12.857999999998643, 115.70720426745507
12.858999999998643, 115.70178701104608
12.859999999998644, 115.69627507240538
12.860999999998642, 115.69077727117254
12.861999999998638, 115.68540242698714
12.86299999999864, 115.68025935948876
12.863999999998638, 115.67545688831699
12.86499999999864, 115.67110383311135
12.86599999999864, 115.66730901351143
12.866999999998637, 115.66418124915687
12.867999999998638, 115.66182935968716
12.868999999998639, 115.66036216474194
12.869999999998639, 115.65986982642822
12.870999999998636, 115.66031983784603
12.871999999998637, 115.66163014985331
12.872999999998637, 115.66371857508149
12.873999999998635, 115.66650292616207
12.874999999998636, 115.66990101572658
12.875999999998633, 115.67383065640644
12.876999999998631, 115.67820966083319
12.877999999998634, 115.68295584163826
12.878999999998634, 115.6879870114532
12.879999999998631, 115.69322098290942
12.88099999999863, 115.69857556863849
12.88199999999863, 115.70396858127185
12.882999999998631, 115.70931783344096
12.883999999998629, 115.71454113777736
12.884999999998628, 115.71955630691251
12.885999999998626, 115.72428115347788
12.886999999998629, 115.72863349010501
12.887999999998627, 115.73253112942533
12.888999999998628, 115.73589522500819
12.889999999998626, 115.73870677639121
12.890999999998627, 115.7409984787851
12.891999999998623, 115.74280472731968
12.892999999998626, 115.74415991712462
12.893999999998623, 115.74509844332974
12.894999999998621, 115.74565470106477
12.895999999998622, 115.74586308545945
12.896999999998622, 115.74575799164356
12.897999999998623, 115.74537381474678
12.89899999999862, 115.74474494989897
12.899999999998622, 115.74390579222981
12.900999999998621, 115.74289073686907
12.901999999998619, 115.74173417894652
12.902999999998622, 115.74047051359189
12.903999999998618, 115.73913413593493
12.904999999998617, 115.73775944110541
12.905999999998617, 115.7363808242331
12.906999999998618, 115.7350326804477
12.907999999998617, 115.7337493077274
12.908999999998615, 115.73255573339425
12.909999999998615, 115.73146018191481
12.910999999998616, 115.73046910504011
12.911999999998613, 115.72958895452126
12.912999999998613, 115.72882618210932
12.913999999998614, 115.72818723955535
12.914999999998612, 115.72767857861047
12.915999999998611, 115.72730665102574
12.91699999999861, 115.72707790855222
12.91799999999861, 115.72699880294104
12.91899999999861, 115.72707578594324
12.919999999998609, 115.72731530930989
12.920999999998607, 115.72772382479214
12.92199999999861, 115.72830778414097
12.92299999999861, 115.72907363910755
12.923999999998605, 115.7300278414429
12.924999999998606, 115.73117684289815
12.925999999998606, 115.73252709522434
12.926999999998603, 115.73408505017255
12.927999999998605, 115.73585637117199
12.928999999998606, 115.73784351580834
12.929999999998603, 115.74004812684919
12.930999999998603, 115.74247184706212
12.931999999998602, 115.74511631921456
12.932999999998602, 115.74798318607407
12.933999999998601, 115.75107409040811
12.934999999998603, 115.75439067498422
12.935999999998602, 115.75793458256992
12.9369999999986, 115.76170745593264
12.9379999999986, 115.76571093783991
12.938999999998599, 115.76994667105924
12.939999999998598, 115.77441629835819
12.940999999998597, 115.77912146250418
12.941999999998597, 115.78406380626475
12.942999999998596, 115.7892449724074
12.943999999998596, 115.79466660369962
12.944999999998595, 115.80033034290892
12.945999999998595, 115.80623783280282
12.946999999998592, 115.81238608041744
12.947999999998594, 115.81872645940734
12.948999999998591, 115.82518440129716
12.949999999998592, 115.83168503836418
12.950999999998592, 115.83815350288579
12.951999999998593, 115.84451492713923
12.95299999999859, 115.85069444340192
12.95399999999859, 115.85661718395119
12.954999999998588, 115.86220828106428
12.955999999998593, 115.86739286701862
12.95699999999859, 115.8720960740915
12.95799999999859, 115.87624303456028
12.95899999999859, 115.87975888070224
12.959999999998587, 115.88256874479472
12.960999999998588, 115.88459775911512
12.961999999998586, 115.8857710559407
12.962999999998585, 115.8860137675488
12.963999999998585, 115.88525102621678
12.964999999998586, 115.88340796422195
12.965999999998584, 115.88041224466218
12.966999999998583, 115.87627318193222
12.967999999998584, 115.87109738069462
12.968999999998582, 115.86499713436781
12.969999999998583, 115.85808473637017
12.970999999998579, 115.85047248012025
12.97199999999858, 115.84227265903638
12.97299999999858, 115.83359756653707
12.97399999999858, 115.82455949604075
12.974999999998579, 115.81527074096586
12.975999999998578, 115.80584359473082
12.976999999998577, 115.79639035075407
12.977999999998577, 115.78702330245409
12.978999999998578, 115.77785474324928
12.979999999998578, 115.76899696655806
12.980999999998577, 115.76056226579895
12.981999999998575, 115.75266293439034
12.982999999998574, 115.74541126575069
12.983999999998575, 115.7389195532984
12.984999999998573, 115.73330002266928
12.985999999998572, 115.72863572379083
12.986999999998574, 115.72493515675676
12.987999999998571, 115.72219508502539
12.988999999998573, 115.72041227205511
12.98999999999857, 115.71958348130428
12.99099999999857, 115.71970547623127
12.991999999998571, 115.72077502029447
12.992999999998569, 115.72278887695221
12.993999999998568, 115.72574380966284
12.994999999998567, 115.72963658188479
12.995999999998569, 115.73446395707639
12.996999999998566, 115.74022269869597
12.997999999998568, 115.74690957020199
12.998999999998567, 115.75452133505271
12.999999999998565, 115.7630547567066
13.000999999998564, 115.77250659862194
13.001999999998564, 115.78287362425714
13.002999999998563, 115.79415259707054
13.003999999998564, 115.80634028052054
13.004999999998564, 115.81941602258308
13.005999999998563, 115.8332563142673
13.006999999998563, 115.8477000194975
13.00799999999856, 115.86258594612016
13.008999999998561, 115.87775290198184
13.00999999999856, 115.89303969492899
13.01099999999856, 115.90828513280819
13.011999999998558, 115.92332802346591
13.01299999999856, 115.93800717474872
13.013999999998557, 115.95216139450312
13.014999999998556, 115.96562949057561
13.015999999998556, 115.97825027081272
13.016999999998555, 115.98986254306092
13.017999999998557, 116.0003051151668
13.018999999998554, 116.0094167949768
13.019999999998555, 116.01703639033754
13.020999999998555, 116.02300270909544
13.021999999998553, 116.02715455909706
13.022999999998552, 116.02933074818893
13.023999999998553, 116.02938299991906
13.02499999999855, 116.02736372288454
13.02599999999855, 116.02348370278146
13.026999999998552, 116.01795803045428
13.027999999998551, 116.0110017967476
13.028999999998549, 116.00283009250592
13.029999999998548, 115.99365800857375
13.03099999999855, 115.98370063579563
13.03199999999855, 115.97317306501608
13.032999999998548, 115.96229038707966
13.033999999998546, 115.95126769283087
13.034999999998547, 115.94032007311421
13.035999999998545, 115.92966261877429
13.036999999998546, 115.91951042065554
13.037999999998545, 115.91007856960256
13.038999999998543, 115.90158215645985
13.039999999998544, 115.89423627207194
13.040999999998542, 115.88825600728339
13.041999999998543, 115.88385645293864
13.04299999999854, 115.88125092828216
13.04399999999854, 115.88052590662468
13.044999999998538, 115.88155842415163
13.045999999998541, 115.88420591375268
13.04699999999854, 115.88832580831723
13.04799999999854, 115.89377554073499
13.04899999999854, 115.90041254389544
13.049999999998539, 115.90809425068818
13.050999999998536, 115.91667809400276
13.051999999998538, 115.92602150672872
13.052999999998535, 115.93598192175565
13.053999999998537, 115.94641677197313
13.054999999998536, 115.95718349027068
13.055999999998535, 115.9681395095379
13.056999999998533, 115.97914226266434
13.057999999998533, 115.99004918253954
13.058999999998534, 116.00071770205305
13.059999999998533, 116.01100525409451
13.060999999998531, 116.02076927155343
13.06199999999853, 116.02986718800737
13.06299999999853, 116.03818728155545
13.06399999999853, 116.04573094969973
13.064999999998529, 116.05252551512488
13.06599999999853, 116.05859830051547
13.066999999998528, 116.06397662855606
13.067999999998529, 116.06868782193138
13.068999999998528, 116.07275920332593
13.069999999998524, 116.07621809542438
13.070999999998525, 116.07909182091132
13.071999999998527, 116.08140770247134
13.072999999998524, 116.08319306278906
13.073999999998525, 116.08447522454915
13.074999999998525, 116.08528151043613
13.075999999998523, 116.08563924313464
13.076999999998524, 116.0855757453293
13.077999999998521, 116.08511833970472
13.07899999999852, 116.0842943489455
13.079999999998522, 116.08313109573625
13.080999999998522, 116.08165590276158
13.081999999998521, 116.07989609270614
13.082999999998517, 116.07787898825445
13.083999999998518, 116.07563191209117
13.08499999999852, 116.07318218690092
13.085999999998517, 116.07055713536829
13.086999999998516, 116.06778408017792
13.087999999998516, 116.06489034401434
13.088999999998515, 116.06190324956228
13.089999999998515, 116.05885011950625
13.090999999998514, 116.05575827653088
13.091999999998514, 116.05265504332084
13.092999999998513, 116.04956774256064
13.093999999998513, 116.04652369693495
13.094999999998512, 116.04355022912839
13.095999999998511, 116.0406746618255
13.096999999998511, 116.037924317711
13.09799999999851, 116.0353265194694
13.098999999998513, 116.03290858978536
13.099999999998511, 116.03069785134346
13.10099999999851, 116.02872104328318
13.101999999998508, 116.02698918041693
13.102999999998508, 116.02549615636502
13.103999999998505, 116.02423500119494
13.104999999998505, 116.0231987449742
13.105999999998508, 116.02238041777025
13.106999999998507, 116.02177304965062
13.107999999998505, 116.02136967068282
13.108999999998506, 116.02116331093433
13.109999999998504, 116.02114700047265
13.110999999998503, 116.02131376936532
13.111999999998504, 116.02165664767978
13.112999999998504, 116.02216866548355
13.113999999998502, 116.02284285284416
13.114999999998503, 116.02367223982905
13.1159999999985, 116.02464985650579
13.1169999999985, 116.02576873294186
13.1179999999985, 116.02702189920474
13.1189999999985, 116.02840238536189
13.119999999998498, 116.02990322456264
13.120999999998498, 116.0315182301272
13.121999999998499, 116.03324302288732
13.122999999998497, 116.03507347895018
13.123999999998496, 116.03700547442283
13.124999999998495, 116.03903488541235
13.125999999998497, 116.04115758802595
13.126999999998494, 116.04336945837063
13.127999999998494, 116.04566637255357
13.128999999998495, 116.04804420668185
13.129999999998493, 116.0504988368626
13.130999999998492, 116.0530261392029
13.131999999998492, 116.05562198980986
13.132999999998491, 116.05828226479062
13.133999999998494, 116.06100284025221
13.13499999999849, 116.06377959230184
13.135999999998488, 116.06660839704655
13.136999999998489, 116.06948513059352
13.13799999999849, 116.07240566904977
13.13899999999849, 116.07536588852241
13.139999999998487, 116.07836166511865
13.140999999998488, 116.08138887494546
13.141999999998488, 116.08444339411007
13.142999999998484, 116.08752109871953
13.143999999998487, 116.0906178648809
13.144999999998486, 116.0937295687014
13.145999999998484, 116.09685208628804
13.146999999998481, 116.099981293748
13.147999999998483, 116.10311306718835
13.148999999998484, 116.10624328271619
13.149999999998482, 116.10936781643869
13.150999999998483, 116.11248254446284
13.15199999999848, 116.11558334289586
13.15299999999848, 116.11866608784482
13.153999999998481, 116.12172665541681
13.154999999998479, 116.12476092171896
13.15599999999848, 116.12776476285833
13.156999999998478, 116.13073405494212
13.157999999998477, 116.13366467407732
13.158999999998478, 116.13655249637117
13.159999999998474, 116.13939339793066
13.160999999998477, 116.142183254863
13.161999999998475, 116.14491794327522
13.162999999998476, 116.14759333927447
13.163999999998474, 116.15020531896783
13.164999999998471, 116.1527497584624
13.165999999998473, 116.15522253386533
13.166999999998474, 116.15761952128372
13.167999999998472, 116.15993659682465
13.168999999998473, 116.16216963659524
13.169999999998469, 116.16431451670259
13.170999999998472, 116.16636711325384
13.17199999999847, 116.16832330235606
13.17299999999847, 116.1701789601164
13.17399999999847, 116.17192996264191
13.174999999998468, 116.17357218603973
13.175999999998469, 116.17510150641702
13.176999999998467, 116.1765137998808
13.177999999998466, 116.17780496200807
13.178999999998464, 116.17897196992621
13.179999999998463, 116.18001342915838
13.180999999998464, 116.18092807984041
13.181999999998466, 116.18171466210802
13.182999999998463, 116.18237191609711
13.183999999998463, 116.18289858194336
13.184999999998462, 116.18329339978261
13.185999999998463, 116.18355510975067
13.186999999998461, 116.18368245198326
13.187999999998462, 116.18367416661623
13.188999999998458, 116.1835289937853
13.18999999999846, 116.18324567362639
13.19099999999846, 116.18282294627515
13.19199999999846, 116.18225955186739
13.192999999998458, 116.18155423053898
13.193999999998459, 116.18070572242567
13.194999999998458, 116.17971276766316
13.195999999998454, 116.17857410638737
13.196999999998456, 116.17728848069561
13.197999999998455, 116.17586386549249
13.198999999998454, 116.17433879052808
13.199999999998456, 116.17275809767668
13.200999999998452, 116.17116662881232
13.201999999998455, 116.16960922580921
13.202999999998452, 116.16813073054153
13.203999999998452, 116.16677598488342
13.20499999999845, 116.16558983070902
13.20599999999845, 116.16461710989252
13.206999999998452, 116.1639026643081
13.20799999999845, 116.16349133582989
13.208999999998449, 116.163427966332
13.20999999999845, 116.1637573976887
13.21099999999845, 116.16452447177409
13.211999999998447, 116.16577403046227
13.212999999998447, 116.1675509156275
13.213999999998448, 116.16989996914394
13.214999999998447, 116.17286603288565
13.215999999998445, 116.17649394872687
13.216999999998446, 116.18082062764582
13.217999999998444, 116.18582098707223
13.218999999998443, 116.19144077904379
13.219999999998443, 116.19762558573123
13.220999999998444, 116.20432098930522
13.221999999998442, 116.21147257193653
13.222999999998441, 116.21902591579584
13.22399999999844, 116.22692660305395
13.22499999999844, 116.23512021588151
13.225999999998441, 116.24355233644933
13.22699999999844, 116.25216854692802
13.22799999999844, 116.2609144294884
13.22899999999844, 116.26973556630116
13.229999999998439, 116.27857753953704
13.230999999998437, 116.28738593136671
13.231999999998438, 116.296106323961
13.232999999998436, 116.30468429949056
13.233999999998433, 116.31306544012614
13.234999999998434, 116.32119532803841
13.235999999998436, 116.3290204241402
13.236999999998433, 116.33650722505033
13.237999999998435, 116.34364216615339
13.238999999998432, 116.35041254218748
13.239999999998432, 116.35680564789085
13.240999999998433, 116.36280877800168
13.241999999998429, 116.36840922725825
13.242999999998432, 116.37359429039867
13.24399999999843, 116.37835126216123
13.24499999999843, 116.38266743728406
13.245999999998428, 116.38653011050546
13.24699999999843, 116.38992657656357
13.247999999998427, 116.39284413019661
13.248999999998427, 116.39527006614279
13.249999999998426, 116.3971916791403
13.250999999998426, 116.39859626392737
13.251999999998425, 116.39947111524225
13.252999999998424, 116.39980352782305
13.253999999998426, 116.39958079640805
13.254999999998423, 116.3987903167523
13.255999999998421, 116.39743610319263
13.256999999998424, 116.39555713093432
13.25799999999842, 116.39319679395219
13.25899999999842, 116.39039848622116
13.259999999998424, 116.38720560171599
13.26099999999842, 116.38366153441166
13.26199999999842, 116.37980967828301
13.262999999998417, 116.37569342730487
13.263999999998418, 116.37135617545215
13.26499999999842, 116.36684131669969
13.265999999998417, 116.36219224502238
13.266999999998419, 116.35745235439512
13.267999999998418, 116.3526650387927
13.268999999998416, 116.34787369219003
13.269999999998417, 116.343121708562
13.270999999998415, 116.33845248188345
13.271999999998416, 116.33390940612924
13.272999999998413, 116.32953587527425
13.273999999998415, 116.32537528329337
13.274999999998412, 116.3214684290473
13.275999999998412, 116.31784368959612
13.276999999998413, 116.31452572967169
13.27799999999841, 116.31153921334105
13.278999999998412, 116.30890880467126
13.27999999999841, 116.3066591677294
13.28099999999841, 116.30481496658251
13.281999999998408, 116.3034008652976
13.28299999999841, 116.30244152794175
13.283999999998409, 116.30196161858204
13.284999999998407, 116.30198580128544
13.285999999998406, 116.30253874011908
13.286999999998407, 116.30364509914995
13.287999999998405, 116.30532954244512
13.288999999998405, 116.30761673407164
13.289999999998406, 116.31053133809657
13.290999999998403, 116.31409801858695
13.291999999998403, 116.31834143960982
13.292999999998404, 116.32328626523226
13.293999999998404, 116.32895214621776
13.294999999998401, 116.33529890946093
13.295999999998399, 116.34224703967533
13.296999999998398, 116.3497163315194
13.297999999998401, 116.35762657965167
13.2989999999984, 116.36589757873068
13.299999999998398, 116.37444912341493
13.300999999998398, 116.38320100836293
13.301999999998399, 116.39207302823317
13.302999999998397, 116.40098497768419
13.303999999998394, 116.40985665137448
13.304999999998396, 116.41860784396256
13.305999999998397, 116.42715835010696
13.306999999998395, 116.43542796446619
13.307999999998396, 116.44333648169871
13.308999999998395, 116.45080369646307
13.309999999998393, 116.45774940341782
13.310999999998392, 116.4640933972214
13.311999999998392, 116.46975547253233
13.312999999998391, 116.47465659155058
13.31399999999839, 116.47876938309419
13.314999999998392, 116.4821374692188
13.31599999999839, 116.48480962761701
13.316999999998389, 116.48683463598141
13.317999999998388, 116.48826127200462
13.31899999999839, 116.48913831337924
13.319999999998387, 116.48951453779785
13.320999999998389, 116.48943872295307
13.321999999998386, 116.48895964653747
13.322999999998384, 116.48812608624367
13.323999999998385, 116.48698681976424
13.324999999998386, 116.48559062479183
13.325999999998384, 116.48398627901898
13.326999999998385, 116.48222256013833
13.327999999998386, 116.48034824584244
13.328999999998382, 116.47841211382394
13.329999999998384, 116.47646294177544
13.330999999998383, 116.4745495073895
13.33199999999838, 116.47272058210204
13.33299999999838, 116.47101614094929
13.333999999998381, 116.46944986139167
13.334999999998379, 116.46803052780344
13.33599999999838, 116.46676692455885
13.33699999999838, 116.46566783603214
13.337999999998377, 116.46474204659759
13.338999999998377, 116.46399834062944
13.339999999998376, 116.4634455025019
13.340999999998374, 116.4630923165893
13.341999999998375, 116.46294756726579
13.342999999998376, 116.46302003890573
13.343999999998376, 116.46331851588322
13.344999999998372, 116.46385178257266
13.345999999998375, 116.46462862334823
13.346999999998372, 116.46565782258423
13.347999999998372, 116.46694816465478
13.348999999998373, 116.46850843393432
13.349999999998373, 116.47034741479696
13.35099999999837, 116.47247389161696
13.35199999999837, 116.47489384313346
13.35299999999837, 116.47759361586223
13.353999999998369, 116.48055117096735
13.35499999999837, 116.48374443816073
13.35599999999837, 116.48715134715447
13.356999999998367, 116.49074982766044
13.357999999998366, 116.49451780939067
13.358999999998366, 116.49843322205713
13.359999999998365, 116.50247399537183
13.360999999998368, 116.50661805904669
13.361999999998364, 116.51084334279375
13.362999999998365, 116.51512777632493
13.363999999998363, 116.51944928935225
13.364999999998362, 116.52378581158766
13.365999999998364, 116.5281152727432
13.36699999999836, 116.53241560253076
13.36799999999836, 116.53666473066238
13.36899999999836, 116.54084058685002
13.369999999998361, 116.54492110080565
13.370999999998359, 116.5488852236171
13.37199999999836, 116.55273182786695
13.372999999998358, 116.55647790549861
13.373999999998357, 116.56014110838828
13.374999999998359, 116.56373908841223
13.375999999998355, 116.56728949744671
13.376999999998356, 116.57080998736801
13.377999999998357, 116.57431821005235
13.378999999998355, 116.577831817376
13.379999999998356, 116.58136846121519
13.380999999998354, 116.58494579344628
13.381999999998353, 116.58858146594541
13.38299999999835, 116.59229313058891
13.383999999998352, 116.59609843925298
13.384999999998353, 116.60001504381395
13.38599999999835, 116.604060596148
13.38699999999835, 116.60825274813146
13.387999999998351, 116.61260915164057
13.388999999998349, 116.61714745855153
13.38999999999835, 116.62188513665043
13.39099999999835, 116.62681855621548
13.391999999998347, 116.63190373151126
13.392999999998347, 116.63709212532073
13.393999999998346, 116.64233520042688
13.394999999998346, 116.64758441961273
13.395999999998347, 116.65279124566126
13.396999999998346, 116.65790714135542
13.397999999998344, 116.66288356947825
13.398999999998344, 116.66767199281267
13.399999999998345, 116.67222387414178
13.400999999998342, 116.6764906762485
13.401999999998342, 116.68042386191581
13.402999999998343, 116.6839748939267
13.40399999999834, 116.6870952350642
13.40499999999834, 116.68973634811125
13.40599999999834, 116.69184969585089
13.406999999998343, 116.69338674106606
13.407999999998339, 116.69429894653979
13.40899999999834, 116.69453777505504
13.40999999999834, 116.69407033289659
13.410999999998337, 116.69293122551012
13.411999999998338, 116.69117325981249
13.412999999998334, 116.68884924299235
13.413999999998335, 116.6860119822383
13.414999999998335, 116.68271428473899
13.415999999998334, 116.67900895768304
13.416999999998334, 116.6749488082591
13.417999999998335, 116.67058664365575
13.418999999998334, 116.66597527106171
13.41999999999833, 116.66116749766553
13.420999999998333, 116.65621613065586
13.421999999998329, 116.65117397722138
13.422999999998332, 116.64609384455065
13.42399999999833, 116.64102853983232
13.424999999998331, 116.63603087025504
13.42599999999833, 116.63115364300744
13.426999999998326, 116.62644966527814
13.427999999998327, 116.6219717442558
13.428999999998329, 116.61777101811015
13.429999999998325, 116.61388102593085
13.430999999998326, 116.6103247540257
13.431999999998327, 116.60712504556193
13.432999999998325, 116.60430474370676
13.433999999998326, 116.6018866916274
13.434999999998325, 116.5998937324911
13.435999999998325, 116.59834870946501
13.436999999998324, 116.5972744657164
13.437999999998324, 116.59669384441247
13.438999999998321, 116.59662968872045
13.439999999998323, 116.59710484180752
13.440999999998319, 116.59814214684094
13.441999999998322, 116.59976444698792
13.44299999999832, 116.60199458541565
13.443999999998319, 116.60485540529139
13.444999999998316, 116.6083697497823
13.445999999998318, 116.61256046205564
13.446999999998317, 116.61745038527862
13.447999999998318, 116.62306112616568
13.448999999998314, 116.62936976491149
13.449999999998315, 116.6362975089724
13.450999999998315, 116.64376202339248
13.451999999998316, 116.65168097321579
13.452999999998315, 116.65997202348639
13.453999999998313, 116.66855283924849
13.454999999998313, 116.677341085546
13.455999999998312, 116.6862544274231
13.456999999998313, 116.6952105299238
13.457999999998309, 116.70412705809225
13.45899999999831, 116.71292167697246
13.45999999999831, 116.72151205160854
13.46099999999831, 116.72981584704458
13.461999999998309, 116.73775072832463
13.462999999998308, 116.74523436049279
13.463999999998308, 116.75218440859312
13.464999999998307, 116.75851853766972
13.465999999998306, 116.76415441276664
13.466999999998304, 116.7690097536275
13.467999999998305, 116.77303629390858
13.468999999998305, 116.77627775360813
13.469999999998304, 116.77879324977633
13.470999999998304, 116.7806418994634
13.471999999998305, 116.78188281971947
13.4729999999983, 116.78257512759467
13.473999999998302, 116.78277794013923
13.474999999998303, 116.78255037440327
13.475999999998303, 116.78195154743698
13.4769999999983, 116.7810405762905
13.477999999998302, 116.779876578014
13.478999999998297, 116.77851866965767
13.479999999998299, 116.77702596827166
13.4809999999983, 116.77545759090611
13.4819999999983, 116.77387265461124
13.482999999998299, 116.77233027643717
13.483999999998296, 116.77088957343408
13.484999999998298, 116.76960966265214
13.485999999998297, 116.76854966114152
13.486999999998295, 116.767761699987
13.487999999998294, 116.76725404761869
13.488999999998294, 116.76701798834067
13.489999999998293, 116.76704476948635
13.490999999998294, 116.76732563838924
13.491999999998294, 116.76785184238273
13.492999999998291, 116.7686146288003
13.493999999998293, 116.76960524497537
13.494999999998292, 116.7708149382414
13.49599999999829, 116.77223495593189
13.496999999998291, 116.77385654538028
13.497999999998287, 116.77567095391998
13.498999999998288, 116.77766942888442
13.499999999998288, 116.77984321760712
13.500999999998287, 116.7821835674215
13.501999999998286, 116.78468172566096
13.502999999998288, 116.78732893965903
13.503999999998287, 116.79011645674909
13.504999999998285, 116.79303552426465
13.505999999998286, 116.79607738953915
13.506999999998284, 116.79923329990602
13.507999999998283, 116.80249450269869
13.508999999998283, 116.80585224525068
13.509999999998284, 116.80929777489536
13.510999999998283, 116.81282233896623
13.511999999998283, 116.8164171847967
13.512999999998282, 116.82007355972027
13.513999999998282, 116.82378271107036
13.51499999999828, 116.82753588618043
13.515999999998279, 116.83132433238393
13.516999999998276, 116.83513929701428
13.51799999999828, 116.83897202740496
13.518999999998277, 116.84281377088945
13.519999999998278, 116.84665577480114
13.520999999998278, 116.85048928647353
13.521999999998275, 116.85430555324
13.522999999998275, 116.85809582243408
13.523999999998276, 116.86185134138917
13.524999999998274, 116.86556335743875
13.525999999998273, 116.86922311791626
13.526999999998274, 116.87282187015516
13.52799999999827, 116.87635086148885
13.528999999998273, 116.87980133925083
13.529999999998271, 116.88316455077454
13.53099999999827, 116.88643174339343
13.53199999999827, 116.88959416444092
13.53299999999827, 116.89264306125051
13.533999999998269, 116.89556968115564
13.53499999999827, 116.89836527148971
13.53599999999827, 116.90102107958626
13.536999999998265, 116.90352835277864
13.537999999998268, 116.90587833840036
13.538999999998268, 116.90806228378489
13.539999999998265, 116.91007143626561
13.540999999998265, 116.911897043176
13.541999999998264, 116.91353035184953
13.542999999998264, 116.91496260961966
13.543999999998263, 116.91618506382304
13.544999999998264, 116.9171931975416
13.545999999998264, 116.91799897425851
13.546999999998262, 116.91861836505272
13.547999999998261, 116.91906734100321
13.548999999998259, 116.91936187318898
13.549999999998262, 116.91951793268895
13.550999999998261, 116.91955149058208
13.551999999998259, 116.91947851794737
13.55299999999826, 116.91931498586375
13.553999999998258, 116.9190768654102
13.554999999998259, 116.91878012766567
13.555999999998257, 116.91844074370917
13.556999999998258, 116.9180746846196
13.557999999998255, 116.91769792147598
13.558999999998253, 116.91732642535726
13.559999999998258, 116.91697616734237
13.560999999998256, 116.91666311851034
13.561999999998253, 116.91640324994005
13.562999999998254, 116.91621253271053
13.563999999998252, 116.9161054937143
13.564999999998253, 116.916083143308
13.565999999998251, 116.91613910947359
13.56699999999825, 116.91626694536797
13.56799999999825, 116.91646020414808
13.56899999999825, 116.91671243897073
13.569999999998249, 116.91701720299281
13.57099999999825, 116.91736804937122
13.571999999998248, 116.91775853126279
13.572999999998249, 116.91818220182441
13.573999999998247, 116.918632614213
13.574999999998244, 116.9191033215854
13.575999999998247, 116.91958787709846
13.576999999998245, 116.9200798339091
13.577999999998244, 116.9205727451742
13.578999999998244, 116.9210601640506
13.579999999998245, 116.92153564369522
13.580999999998243, 116.92199273726493
13.581999999998242, 116.92242499791654
13.582999999998242, 116.92282597880703
13.583999999998243, 116.92318923309321
13.58499999999824, 116.92350831393196
13.585999999998242, 116.92377677448017
13.586999999998241, 116.92398816789472
13.587999999998239, 116.92413604733248
13.58899999999824, 116.92421396595032
13.58999999999824, 116.92421547690515
13.590999999998237, 116.92413413335379
13.591999999998237, 116.92396348845318
13.592999999998238, 116.92369709536015
13.593999999998235, 116.92332850723157
13.594999999998237, 116.92285127722437
13.595999999998234, 116.92225895849538
13.596999999998234, 116.92154510420151
13.597999999998233, 116.92070326749958
13.598999999998231, 116.91972700154653
13.59999999999823, 116.91860985949921
13.600999999998232, 116.91734539451448
13.601999999998233, 116.9159272022921
13.602999999998232, 116.91436325714483
13.60399999999823, 116.91269676070887
13.60499999999823, 116.91097621033657
13.605999999998229, 116.90925010338012
13.60699999999823, 116.90756693719185
13.607999999998228, 116.905975209124
13.608999999998229, 116.90452341652883
13.609999999998225, 116.90326005675865
13.610999999998228, 116.90223362716571
13.611999999998227, 116.90149262510224
13.612999999998227, 116.90108554792054
13.613999999998224, 116.9010608929729
13.614999999998226, 116.90146715761159
13.615999999998223, 116.90235283918881
13.616999999998223, 116.90376643505692
13.617999999998224, 116.90575644256813
13.618999999998222, 116.90837135907472
13.619999999998221, 116.91165968192897
13.620999999998222, 116.91566990848314
13.62199999999822, 116.92043688106526
13.62299999999822, 116.92591836947895
13.62399999999822, 116.93204512894258
13.62499999999822, 116.93874788564773
13.625999999998218, 116.94595736578609
13.626999999998219, 116.95360429554927
13.627999999998218, 116.961619401129
13.628999999998216, 116.96993340871686
13.629999999998217, 116.9784770445045
13.630999999998219, 116.98718103468357
13.631999999998214, 116.99597610544578
13.632999999998214, 117.00479298298274
13.633999999998213, 117.01356239348607
13.634999999998213, 117.02221506314747
13.635999999998212, 117.0306817181586
13.636999999998212, 117.03889308471103
13.637999999998211, 117.0467798889965
13.638999999998212, 117.05427285720661
13.63999999999821, 117.06130271553303
13.640999999998208, 117.06780434202722
13.641999999998209, 117.07377345789038
13.64299999999821, 117.07925197487427
13.64399999999821, 117.08428295615525
13.644999999998207, 117.08890946490973
13.645999999998207, 117.09317456431413
13.646999999998206, 117.09712131754483
13.647999999998206, 117.1007927877782
13.648999999998205, 117.10423203819074
13.649999999998204, 117.10748213195873
13.650999999998202, 117.11058613225862
13.651999999998203, 117.1135871022668
13.652999999998203, 117.11652810515967
13.653999999998202, 117.11945220411368
13.654999999998202, 117.12240246230513
13.6559999999982, 117.12542194291049
13.656999999998199, 117.12855370910614
13.6579999999982, 117.13184082406849
13.658999999998201, 117.13532635097394
13.659999999998199, 117.13905287353425
13.660999999998202, 117.14303228759465
13.661999999998198, 117.14722778468168
13.662999999998195, 117.15159823079972
13.663999999998197, 117.15610249195305
13.664999999998198, 117.16069943414604
13.665999999998197, 117.16534792338305
13.666999999998195, 117.17000682566832
13.667999999998194, 117.17463500700626
13.668999999998194, 117.17919133340116
13.669999999998193, 117.18363467085739
13.670999999998193, 117.18792388537919
13.671999999998192, 117.19201784297101
13.672999999998192, 117.1958754096371
13.673999999998191, 117.19945545138181
13.674999999998192, 117.20271683420948
13.67599999999819, 117.20561842412442
13.676999999998191, 117.20811908713098
13.67799999999819, 117.21017768923349
13.678999999998187, 117.21175309783794
13.67999999999819, 117.2128232677724
13.680999999998186, 117.21343314022721
13.681999999998188, 117.21364234310713
13.682999999998188, 117.21351050431679
13.683999999998187, 117.21309725176096
13.684999999998185, 117.21246221334437
13.685999999998185, 117.21166501697164
13.686999999998186, 117.21076529054751
13.687999999998183, 117.20982266197669
13.688999999998183, 117.20889675916388
13.689999999998184, 117.20804721001379
13.690999999998182, 117.20733364243111
13.691999999998183, 117.20681568432053
13.692999999998182, 117.20655296358677
13.693999999998178, 117.20660510813454
13.694999999998181, 117.20703174586852
13.695999999998179, 117.20789250469343
13.696999999998178, 117.209247012514
13.697999999998178, 117.21115489723485
13.698999999998179, 117.21366934934983
13.699999999998179, 117.21678987999304
13.700999999998176, 117.22048932655849
13.701999999998176, 117.22474033323843
13.702999999998175, 117.22951554422488
13.703999999998175, 117.23478760370995
13.704999999998174, 117.2405291558858
13.705999999998173, 117.24671284494451
13.706999999998173, 117.2533113150782
13.707999999998172, 117.260297210479
13.708999999998174, 117.267643175339
13.709999999998171, 117.27532185385033
13.71099999999817, 117.2833058902051
13.711999999998172, 117.29156792859541
13.712999999998168, 117.30008061321342
13.713999999998169, 117.30881658825123
13.714999999998168, 117.31774849790088
13.71599999999817, 117.32684898635458
13.716999999998167, 117.33609069780434
13.717999999998167, 117.3454462764424
13.718999999998166, 117.35488836646081
13.719999999998166, 117.36438961205167
13.720999999998169, 117.37392265740709
13.721999999998166, 117.38346014671924
13.722999999998164, 117.39297472418019
13.723999999998165, 117.40243903398203
13.724999999998163, 117.41182572031693
13.725999999998162, 117.42110742737697
13.726999999998162, 117.43025679935428
13.727999999998163, 117.43924648044097
13.728999999998162, 117.44804911482915
13.729999999998158, 117.45663734671093
13.730999999998158, 117.46498382027839
13.73199999999816, 117.47306117972377
13.732999999998157, 117.48084206923902
13.73399999999816, 117.48829913301637
13.734999999998156, 117.49540501524788
13.735999999998155, 117.50213236012567
13.736999999998158, 117.50845388767411
13.737999999998157, 117.51435812455716
13.738999999998155, 117.51986873255836
13.739999999998155, 117.52501410714709
13.740999999998154, 117.52982264379284
13.741999999998153, 117.53432273796503
13.742999999998155, 117.53854278513305
13.743999999998152, 117.54251118076633
13.744999999998154, 117.5462563203343
13.745999999998155, 117.54980659930642
13.746999999998152, 117.55319041315211
13.74799999999815, 117.55643615734076
13.74899999999815, 117.55957222734179
13.74999999999815, 117.56262701862474
13.75099999999815, 117.56562892665893
13.751999999998148, 117.56860634691381
13.75299999999815, 117.57158767485879
13.753999999998149, 117.57460130596334
13.754999999998146, 117.57767563569686
13.755999999998146, 117.5808390595288
13.756999999998145, 117.58411512819947
13.757999999998146, 117.58750277585763
13.758999999998144, 117.59099313733986
13.759999999998142, 117.59457734436732
13.760999999998143, 117.59824652866132
13.761999999998142, 117.60199182194305
13.762999999998142, 117.60580435593377
13.763999999998143, 117.60967526235467
13.76499999999814, 117.61359567292695
13.765999999998142, 117.61755671937195
13.766999999998141, 117.62154953341077
13.767999999998139, 117.62556524676472
13.768999999998139, 117.62959499115502
13.76999999999814, 117.63362989830283
13.770999999998137, 117.63766109992947
13.771999999998139, 117.64167972775613
13.772999999998138, 117.64567691350402
13.773999999998136, 117.64964378889437
13.774999999998135, 117.65357148564843
13.775999999998136, 117.65745183137554
13.776999999998134, 117.66128558764186
13.777999999998135, 117.66507970784414
13.778999999998135, 117.66884126962803
13.779999999998134, 117.67257735063924
13.780999999998134, 117.67629502852341
13.781999999998133, 117.6800013809262
13.782999999998129, 117.68370348549323
13.783999999998134, 117.68740841987021
13.784999999998131, 117.6911232617028
13.78599999999813, 117.69485508863666
13.786999999998129, 117.69861097831742
13.787999999998128, 117.70239800839079
13.788999999998127, 117.70622325650237
13.789999999998129, 117.71009380029787
13.790999999998128, 117.71401671742294
13.791999999998128, 117.71799908552322
13.792999999998125, 117.7220479822444
13.793999999998125, 117.72617048523216
13.794999999998124, 117.7303734676856
13.795999999998124, 117.73465352764764
13.796999999998125, 117.73899238711626
13.797999999998124, 117.74337060378767
13.798999999998122, 117.74776873535794
13.799999999998121, 117.75216733952327
13.80099999999812, 117.75654697397968
13.80199999999812, 117.76088819642337
13.80299999999812, 117.76517156455047
13.80399999999812, 117.76937763605707
13.80499999999812, 117.7734869686393
13.805999999998118, 117.77748011999336
13.806999999998117, 117.78133764781529
13.807999999998115, 117.78504010980123
13.808999999998116, 117.78856806364735
13.809999999998116, 117.79190206704973
13.810999999998117, 117.79502267770455
13.811999999998115, 117.7979104533079
13.812999999998114, 117.80054595155595
13.813999999998112, 117.80290973239735
13.814999999998113, 117.80498825605626
13.815999999998114, 117.8067866759412
13.816999999998112, 117.8083138387205
13.817999999998113, 117.80957859106235
13.81899999999811, 117.81058977963505
13.819999999998112, 117.8113562511068
13.82099999999811, 117.8118868521459
13.821999999998111, 117.81219042942054
13.822999999998109, 117.81227582959909
13.823999999998108, 117.81215189934969
13.824999999998106, 117.81182748534061
13.825999999998109, 117.81131143424011
13.826999999998106, 117.81061259271647
13.827999999998108, 117.80973980743792
13.828999999998107, 117.80870192507271
13.829999999998106, 117.8075077922891
13.830999999998106, 117.80616625575533
13.831999999998105, 117.80468616213966
13.832999999998105, 117.80307635811036
13.833999999998104, 117.80134882137926
13.834999999998104, 117.79953886519459
13.835999999998103, 117.79769233872145
13.836999999998103, 117.79585514249237
13.8379999999981, 117.7940731770397
13.838999999998101, 117.79239234289595
13.8399999999981, 117.79085854059359
13.840999999998102, 117.78951767066494
13.8419999999981, 117.78841563364254
13.842999999998097, 117.78759833005883
13.843999999998097, 117.7871116604462
13.844999999998098, 117.78700152533713
13.845999999998096, 117.78731382526409
13.846999999998094, 117.78809446075945
13.847999999998096, 117.78938933235571
13.848999999998096, 117.79124434058528
13.849999999998094, 117.79370538598063
13.850999999998093, 117.79681836907417
13.851999999998093, 117.8006291903984
13.852999999998094, 117.80518111588353
13.853999999998091, 117.81046128920255
13.854999999998093, 117.81640311003127
13.85599999999809, 117.82293781937474
13.856999999998092, 117.82999665823812
13.85799999999809, 117.83751086762653
13.858999999998089, 117.84541168854514
13.85999999999809, 117.85363036199907
13.860999999998088, 117.86209812899341
13.861999999998087, 117.87074623053329
13.862999999998086, 117.87950590762394
13.863999999998086, 117.88830840127035
13.864999999998087, 117.89708495247774
13.865999999998085, 117.90576680225125
13.866999999998082, 117.91428519159598
13.867999999998084, 117.92257136151706
13.868999999998081, 117.93055655301958
13.869999999998083, 117.93817200710879
13.870999999998082, 117.94534896478974
13.871999999998081, 117.95201891261407
13.87299999999808, 117.95814769866453
13.873999999998082, 117.9637705663577
13.87499999999808, 117.96893111643593
13.87599999999808, 117.97367294964148
13.876999999998077, 117.97803966671668
13.877999999998078, 117.9820748684038
13.878999999998078, 117.98582215544513
13.879999999998075, 117.98932512858306
13.880999999998076, 117.99262738855982
13.881999999998076, 117.99577253611768
13.882999999998074, 117.99880417199904
13.883999999998075, 118.00176589694608
13.884999999998074, 118.00470131170123
13.88599999999807, 118.00765401700666
13.886999999998075, 118.0106676136048
13.887999999998073, 118.01378570223781
13.888999999998072, 118.0170518836481
13.889999999998071, 118.02050975857796
13.890999999998071, 118.02420292776964
13.89199999999807, 118.02816230393013
13.89299999999807, 118.03236070608621
13.89399999999807, 118.03675433649087
13.894999999998069, 118.04129939607138
13.89599999999807, 118.04595208575496
13.896999999998066, 118.05066860646888
13.897999999998067, 118.05540515914029
13.898999999998066, 118.06011794469654
13.899999999998066, 118.06476316406486
13.900999999998065, 118.06929701817248
13.901999999998065, 118.07367570794662
13.902999999998064, 118.0778554343145
13.903999999998064, 118.08179239820339
13.904999999998063, 118.08544280054059
13.905999999998064, 118.08876284225323
13.906999999998062, 118.09170872426863
13.907999999998061, 118.09423664751402
13.908999999998063, 118.09630281291665
13.90999999999806, 118.09786342140373
13.910999999998062, 118.09888047428836
13.911999999998061, 118.09938158490684
13.912999999998059, 118.09943584961277
13.913999999998058, 118.09911301905345
13.914999999998056, 118.09848284387594
13.915999999998057, 118.09761507472743
13.916999999998056, 118.09657946225508
13.917999999998054, 118.095445757106
13.918999999998057, 118.09428370992742
13.919999999998055, 118.09316307136643
13.920999999998052, 118.0921535920702
13.921999999998054, 118.09132502268591
13.922999999998051, 118.09074711386069
13.92399999999805, 118.09048961624168
13.924999999998052, 118.09062228047608
13.925999999998051, 118.09121485721099
13.926999999998051, 118.0923370970936
13.92799999999805, 118.09405875077105
13.92899999999805, 118.09644956889049
13.92999999999805, 118.09957808994578
13.930999999998049, 118.10346385074091
13.931999999998048, 118.10806162413519
13.932999999998048, 118.11332174131749
13.933999999998047, 118.11919453347667
13.934999999998047, 118.12563033180164
13.935999999998046, 118.13257946748121
13.936999999998045, 118.1399922717043
13.937999999998048, 118.14781907565978
13.938999999998044, 118.15601021053652
13.939999999998044, 118.16451600752337
13.940999999998043, 118.17328679780923
13.941999999998039, 118.18227291258295
13.942999999998042, 118.19142468303343
13.943999999998043, 118.20069244034954
13.944999999998041, 118.21002651572013
13.94599999999804, 118.2193772403341
13.946999999998042, 118.22869494538028
13.94799999999804, 118.23792996204762
13.948999999998039, 118.24703263460594
13.94999999999804, 118.25596585949296
13.950999999998038, 118.26472847806485
13.951999999998037, 118.27332572511582
13.952999999998038, 118.28176283544008
13.953999999998038, 118.29004504383181
13.954999999998035, 118.29817758508524
13.955999999998033, 118.30616569399453
13.956999999998034, 118.31401460535395
13.957999999998034, 118.32172955395762
13.958999999998031, 118.3293157745998
13.959999999998033, 118.33677850207467
13.960999999998032, 118.34412297117639
13.96199999999803, 118.35135441669925
13.962999999998031, 118.35847807343737
13.96399999999803, 118.36549917618498
13.964999999998026, 118.37242295973633
13.96599999999803, 118.37925465888554
13.966999999998029, 118.38599950842689
13.967999999998028, 118.39266274315447
13.968999999998028, 118.39924591855211
13.969999999998027, 118.40572601643777
13.970999999998027, 118.41206995192675
13.971999999998026, 118.41824460975172
13.972999999998025, 118.42421687464554
13.973999999998025, 118.42995363134088
13.974999999998024, 118.43542176457044
13.975999999998024, 118.44058815906706
13.976999999998023, 118.44541969956347
13.977999999998023, 118.44988327079237
13.978999999998022, 118.45394575748657
13.979999999998022, 118.45757404437873
13.980999999998021, 118.46073501620167
13.98199999999802, 118.46339555768806
13.98299999999802, 118.46552255357074
13.98399999999802, 118.46708288858241
13.98499999999802, 118.46804344745583
13.985999999998018, 118.46837111492374
13.986999999998018, 118.46803277571883
13.987999999998019, 118.46699806179217
13.988999999998017, 118.46528687457476
13.989999999998016, 118.4629631101789
13.990999999998017, 118.46009214997788
13.991999999998015, 118.45673937534491
13.992999999998014, 118.45297016765325
13.993999999998016, 118.4488499082761
13.994999999998013, 118.44444397858672
13.995999999998014, 118.43981775995833
13.99699999999801, 118.43503663376421
13.997999999998013, 118.43016598137754
13.998999999998013, 118.42527118417163
13.999999999998009, 118.42041762351965
14.00099999999801, 118.4156706807949
14.00199999999801, 118.41109573737053
14.002999999998007, 118.40675817461985
14.003999999998008, 118.40272337391613
14.004999999998011, 118.39905671663251
14.005999999998005, 118.3958235841423
14.006999999998007, 118.39308900156924
14.007999999998006, 118.39088243583922
14.008999999998005, 118.38916802227088
14.009999999998005, 118.38790288534321
14.010999999998004, 118.38704414953526
14.011999999998004, 118.38654893932606
14.012999999998003, 118.38637437919459
14.013999999998003, 118.38647759362
14.014999999998004, 118.38681570708123
14.015999999998002, 118.38734584405732
14.016999999998001, 118.38802512902731
14.017999999998, 118.38881068647025
14.018999999998, 118.38965964086518
14.019999999998, 118.39052911669108
14.020999999997999, 118.39137623842703
14.021999999997998, 118.39215813055205
14.022999999997998, 118.39283191754512
14.023999999997997, 118.39335472388537
14.024999999997995, 118.39368367405176
14.025999999997998, 118.3937758925233
14.026999999997996, 118.3936125618743
14.027999999997995, 118.39327417913537
14.028999999997996, 118.39286686498833
14.029999999997994, 118.39249674014391
14.030999999997993, 118.39226992531262
14.031999999997996, 118.39229254120517
14.032999999997992, 118.39267070853215
14.033999999997992, 118.39351054800426
14.034999999997993, 118.39491818033203
14.03599999999799, 118.39699972622621
14.03699999999799, 118.39986130639736
14.037999999997988, 118.40360904155617
14.038999999997989, 118.40834905241323
14.039999999997988, 118.41418745967917
14.04099999999799, 118.4212303840647
14.041999999997987, 118.42958394628036
14.042999999997987, 118.43935426703683
14.043999999997984, 118.45064746704477
14.044999999997986, 118.46356966701481
14.045999999997985, 118.47820905989428
14.046999999997984, 118.4944742839701
14.047999999997982, 118.51217051154825
14.048999999997983, 118.53110167001196
14.049999999997983, 118.55107168674431
14.050999999997982, 118.57188448912851
14.051999999997982, 118.59334400454766
14.052999999997981, 118.61525416038498
14.053999999997982, 118.63741888402356
14.05499999999798, 118.65964210284663
14.05599999999798, 118.68172774423729
14.05699999999798, 118.70347973557875
14.057999999997977, 118.72470200425411
14.058999999997978, 118.74519847764657
14.059999999997977, 118.76477308313926
14.060999999997977, 118.78322974811536
14.061999999997978, 118.80037239995804
14.062999999997976, 118.81600496605039
14.063999999997977, 118.8299313737756
14.064999999997974, 118.84195969861642
14.065999999997972, 118.85203555364744
14.066999999997975, 118.86027059238283
14.067999999997973, 118.86678638046519
14.06899999999797, 118.871704483537
14.069999999997973, 118.87514646724088
14.070999999997971, 118.87723389721927
14.071999999997972, 118.87808833911481
14.072999999997972, 118.87783135856998
14.073999999997971, 118.87658452122736
14.074999999997969, 118.87446939272951
14.075999999997967, 118.8716075387189
14.076999999997968, 118.86812052483818
14.077999999997967, 118.86412991672981
14.078999999997965, 118.8597572800364
14.079999999997968, 118.85512418040041
14.080999999997967, 118.85035218346445
14.081999999997963, 118.84556285487108
14.082999999997964, 118.8408777602628
14.083999999997964, 118.83641841086268
14.084999999997962, 118.83228074058235
14.085999999997963, 118.82849438534844
14.08699999999796, 118.82507837971548
14.087999999997962, 118.82205175823808
14.088999999997961, 118.81943355547071
14.089999999997959, 118.81724280596796
14.090999999997962, 118.81549854428438
14.091999999997958, 118.81421980497453
14.092999999997957, 118.81342562259289
14.09399999999796, 118.81313503169409
14.09499999999796, 118.81336706683261
14.09599999999796, 118.81414076256306
14.096999999997953, 118.81547515343996
14.097999999997956, 118.81738927401786
14.098999999997956, 118.81990215885125
14.099999999997957, 118.82303284249481
14.100999999997956, 118.82680035950295
14.101999999997954, 118.83122374443033
14.102999999997953, 118.83632203183143
14.103999999997953, 118.84210417266354
14.104999999997954, 118.84851863681945
14.105999999997952, 118.85549144727693
14.106999999997951, 118.86294858997843
14.107999999997952, 118.87081605086632
14.10899999999795, 118.87901981588303
14.109999999997948, 118.88748587097099
14.11099999999795, 118.89614020207264
14.111999999997948, 118.90490879513035
14.112999999997948, 118.9137176360865
14.113999999997949, 118.92249271088362
14.114999999997947, 118.93116000546405
14.115999999997946, 118.93964550577026
14.116999999997944, 118.94787519774461
14.117999999997945, 118.95577506732951
14.118999999997945, 118.96327110046744
14.119999999997946, 118.97028928310078
14.120999999997943, 118.97675560117194
14.121999999997943, 118.98259604062338
14.12299999999794, 118.98774026277027
14.123999999997942, 118.99217619942566
14.124999999997941, 118.99593837602437
14.125999999997939, 118.99906262132507
14.12699999999794, 119.00158476408636
14.12799999999794, 119.00354063306693
14.128999999997939, 119.00496605702541
14.129999999997937, 119.00589686472046
14.130999999997938, 119.00636888491064
14.131999999997937, 119.00641794635476
14.132999999997937, 119.00607987781132
14.133999999997936, 119.00539050803903
14.134999999997937, 119.00438566579648
14.135999999997935, 119.00310117984239
14.136999999997935, 119.00157287893538
14.137999999997934, 118.99983659183408
14.138999999997933, 118.99792814729715
14.139999999997933, 118.99588337408323
14.140999999997932, 118.99373810095095
14.141999999997932, 118.991528156659
14.14299999999793, 118.98928936996597
14.14399999999793, 118.98705756963057
14.14499999999793, 118.98486858441137
14.145999999997931, 118.98275824306708
14.146999999997929, 118.9807623743563
14.147999999997928, 118.97891680703772
14.14899999999793, 118.97725736986993
14.149999999997927, 118.97581989161162
14.150999999997927, 118.97464020102143
14.151999999997928, 118.97375412685803
14.152999999997926, 118.97319749787998
14.153999999997925, 118.973006142846
14.154999999997926, 118.97321589051475
14.155999999997924, 118.97386256964478
14.156999999997922, 118.97498200899483
14.157999999997921, 118.9766100373235
14.158999999997922, 118.97878248338947
14.15999999999792, 118.98153517595135
14.160999999997923, 118.98490394360098
14.16199999999792, 118.9889116026556
14.16299999999792, 118.99353252891498
14.163999999997918, 118.99872982845648
14.164999999997919, 119.00446660735753
14.165999999997918, 119.01070597169561
14.166999999997916, 119.01741102754815
14.167999999997917, 119.02454488099252
14.168999999997917, 119.0320706381062
14.169999999997916, 119.03995140496664
14.170999999997916, 119.04815028765128
14.171999999997915, 119.05663039223745
14.172999999997915, 119.06535482480272
14.173999999997914, 119.07428669142445
14.174999999997913, 119.08338909818008
14.175999999997913, 119.09262515114703
14.176999999997912, 119.1019579564028
14.177999999997912, 119.11135062002472
14.178999999997911, 119.12076624809029
14.179999999997912, 119.13016794667695
14.18099999999791, 119.13952010554843
14.18199999999791, 119.1487985453102
14.182999999997909, 119.15798508342476
14.183999999997909, 119.16706159033149
14.184999999997908, 119.17600993646964
14.185999999997907, 119.1848119922785
14.186999999997909, 119.19344962819741
14.187999999997906, 119.20190471466564
14.188999999997908, 119.21015912212249
14.189999999997907, 119.21819472100724
14.190999999997905, 119.2259933817592
14.191999999997904, 119.2335369748177
14.192999999997905, 119.24080737062198
14.193999999997903, 119.24778643961139
14.194999999997902, 119.25445605222524
14.195999999997898, 119.26079807890275
14.196999999997901, 119.26679439008328
14.1979999999979, 119.2724268562061
14.198999999997898, 119.27767734771055
14.1999999999979, 119.28252881749341
14.200999999997899, 119.28699413229629
14.201999999997895, 119.29111915800169
14.202999999997898, 119.29495146187341
14.203999999997897, 119.29853861117526
14.204999999997895, 119.30192817317102
14.205999999997898, 119.30516771512453
14.206999999997896, 119.30830480429952
14.207999999997895, 119.31138700795987
14.208999999997895, 119.3144618933693
14.209999999997894, 119.31757702779163
14.210999999997894, 119.32077997849069
14.211999999997891, 119.32411831273023
14.212999999997892, 119.32763959777412
14.213999999997888, 119.33139140088608
14.214999999997891, 119.33542128932994
14.21599999999789, 119.33977683036946
14.21699999999789, 119.34450559126853
14.21799999999789, 119.34965513929083
14.218999999997889, 119.35527294586419
14.219999999997885, 119.3613804656473
14.220999999997886, 119.36793802091444
14.221999999997887, 119.37489716197416
14.222999999997887, 119.38220943913521
14.223999999997886, 119.3898264027062
14.224999999997888, 119.39769960299589
14.225999999997885, 119.40578059031283
14.226999999997885, 119.41402091496573
14.227999999997886, 119.42237212726329
14.228999999997884, 119.43078577751416
14.229999999997883, 119.43921341602697
14.230999999997884, 119.44760659311044
14.231999999997882, 119.4559168590732
14.232999999997883, 119.46409576422391
14.233999999997883, 119.47209485887126
14.23499999999788, 119.47986569332392
14.23599999999788, 119.48735981789056
14.236999999997877, 119.49452878287983
14.237999999997879, 119.50132413860035
14.238999999997878, 119.5077060840796
14.239999999997876, 119.51368148209798
14.240999999997875, 119.51927286280653
14.241999999997876, 119.52450276790375
14.242999999997874, 119.52939373908796
14.243999999997875, 119.53396831805759
14.244999999997875, 119.53824904651101
14.245999999997872, 119.54225846614656
14.246999999997872, 119.54601911866264
14.247999999997877, 119.54955354575768
14.248999999997869, 119.55288428913002
14.249999999997872, 119.55603389047806
14.250999999997871, 119.55902489150014
14.25199999999787, 119.5618798338947
14.252999999997872, 119.5646212593601
14.25399999999787, 119.5672717095947
14.25499999999787, 119.56985372629688
14.25599999999787, 119.57238985116511
14.256999999997872, 119.57490262589766
14.257999999997867, 119.57741449630089
14.258999999997867, 119.5799465812294
14.25999999999787, 119.5825190305551
14.260999999997866, 119.58515197207748
14.261999999997865, 119.58786553359587
14.262999999997865, 119.59067984290965
14.263999999997864, 119.59361502781823
14.264999999997864, 119.59669121612095
14.265999999997865, 119.59992853561721
14.266999999997859, 119.60334711410638
14.26799999999786, 119.60696707938783
14.268999999997863, 119.61080855926097
14.26999999999786, 119.61489168152518
14.27099999999786, 119.6192365739798
14.271999999997862, 119.62386336442424
14.27299999999786, 119.62879218065794
14.273999999997859, 119.63404315048017
14.27499999999786, 119.63963640169032
14.275999999997858, 119.64559206208786
14.276999999997859, 119.6519298604069
14.277999999997853, 119.65864656732725
14.278999999997854, 119.6657039241246
14.279999999997855, 119.67306072280468
14.280999999997853, 119.68067575537316
14.281999999997852, 119.68850781383568
14.282999999997854, 119.69651569019788
14.283999999997851, 119.70465817646553
14.284999999997853, 119.71289406464425
14.285999999997856, 119.72118214673972
14.28699999999785, 119.72948121475758
14.287999999997849, 119.73775006070358
14.28899999999785, 119.74594747658335
14.28999999999785, 119.75403225440253
14.29099999999785, 119.76196318616684
14.291999999997849, 119.76969906388197
14.292999999997848, 119.77719867955354
14.293999999997848, 119.78442082518725
14.294999999997847, 119.7913242927888
14.295999999997846, 119.7978678764336
14.296999999997846, 119.80402265877672
14.297999999997845, 119.80980099775705
14.298999999997841, 119.81522390774936
14.299999999997844, 119.82031240312836
14.300999999997842, 119.82508749826896
14.30199999999784, 119.8295702075458
14.302999999997843, 119.83378154533372
14.303999999997842, 119.83774252600747
14.304999999997841, 119.84147416394185
14.30599999999784, 119.84499747351158
14.306999999997842, 119.84833346909147
14.30799999999784, 119.85150316505624
14.30899999999784, 119.85452757578075
14.30999999999784, 119.85742771563969
14.310999999997838, 119.86022459900784
14.311999999997838, 119.86293924026
14.312999999997839, 119.86559265377093
14.313999999997836, 119.86820585391538
14.314999999997838, 119.87079985506816
14.315999999997837, 119.87339402491759
14.316999999997835, 119.87599464825396
14.317999999997834, 119.87860176879425
14.318999999997832, 119.88121539176396
14.319999999997833, 119.88383552238861
14.32099999999783, 119.88646216589373
14.32199999999783, 119.88909532750478
14.322999999997831, 119.8917350124473
14.323999999997831, 119.89438122594683
14.324999999997829, 119.89703397322883
14.32599999999783, 119.89969325951881
14.32699999999783, 119.90235909004232
14.327999999997829, 119.90503147002487
14.328999999997828, 119.90771040469194
14.329999999997828, 119.91039589926906
14.330999999997827, 119.91308795898168
14.331999999997825, 119.91578658905539
14.332999999997826, 119.9184917947157
14.333999999997825, 119.92120358118804
14.334999999997825, 119.923921953698
14.335999999997824, 119.92664691747106
14.33699999999782, 119.92937847773271
14.337999999997823, 119.93211663970848
14.338999999997823, 119.93486140862392
14.339999999997824, 119.93761278970447
14.340999999997821, 119.9403707881757
14.341999999997821, 119.94313540926308
14.34299999999782, 119.94590665819213
14.34399999999782, 119.94868454018834
14.34499999999782, 119.95146906047727
14.34599999999782, 119.95426022428435
14.346999999997818, 119.9570580368352
14.34799999999782, 119.95986250335527
14.348999999997819, 119.96267362907007
14.349999999997817, 119.96549141920508
14.35099999999782, 119.96831587898589
14.351999999997815, 119.97114701363788
14.352999999997815, 119.9739848283867
14.353999999997816, 119.97682932845782
14.354999999997814, 119.97968051907671
14.355999999997815, 119.9825384054689
14.35699999999781, 119.98540299285992
14.357999999997812, 119.98827428647527
14.35899999999781, 119.9911522915404
14.359999999997807, 119.99403701328094
14.36099999999781, 119.99692845692229
14.36199999999781, 119.99982662769003
14.362999999997808, 120.00273153080963
14.363999999997809, 120.00564317150662
14.364999999997808, 120.00856155500651
14.365999999997806, 120.01148668653477
14.366999999997807, 120.01441857131698
14.367999999997807, 120.0173572145786
14.368999999997806, 120.02030262154516
14.369999999997805, 120.02325479744216
14.370999999997805, 120.02621374749512
14.371999999997804, 120.02917947692954
14.372999999997804, 120.03215199097092
14.373999999997803, 120.03513129484483
14.374999999997803, 120.0381173937767
14.375999999997802, 120.04111029299209
14.376999999997802, 120.0441099977165
14.377999999997801, 120.04711651317541
14.3789999999978, 120.05012984459438
14.3799999999978, 120.05314999719889
14.3809999999978, 120.05617697621446
14.381999999997799, 120.05921078686657
14.382999999997798, 120.0622514343808
14.383999999997798, 120.06529892398257
14.384999999997797, 120.06835326089745
14.3859999999978, 120.07141445035097
14.386999999997796, 120.07448249756861
14.387999999997797, 120.07755740777583
14.388999999997797, 120.0806391861982
14.389999999997794, 120.08372783806124
14.390999999997794, 120.08682336859039
14.391999999997791, 120.08992578301125
14.392999999997793, 120.09303508654929
14.393999999997792, 120.09615128443001
14.394999999997793, 120.09927438187893
14.395999999997791, 120.10240438412154
14.39699999999779, 120.10554129638336
14.397999999997788, 120.10868512388993
14.39899999999779, 120.11183587186673
14.399999999997789, 120.11499354553928
14.400999999997786, 120.11815815013313
14.401999999997788, 120.12132969087367
14.402999999997787, 120.12450817298652
14.403999999997785, 120.12769360169719
14.404999999997786, 120.13088598223112
14.405999999997785, 120.13408531981388
14.406999999997787, 120.13729161967096
14.407999999997784, 120.14050488702787
14.408999999997784, 120.14372512711009
14.409999999997783, 120.1469523451432
14.410999999997783, 120.15018654635261
14.41199999999778, 120.15342773596394
14.412999999997782, 120.15667591920266
14.413999999997781, 120.15993110129423
14.41499999999778, 120.16319328746422
14.41599999999778, 120.16646248293814
14.416999999997781, 120.16973869294148
14.417999999997779, 120.17302192269969
14.418999999997778, 120.17631217743839
14.419999999997778, 120.17960946238304
14.420999999997777, 120.18291378275913
14.421999999997777, 120.18622514379223
14.422999999997776, 120.18954355070777
14.423999999997775, 120.19286900873131
14.424999999997775, 120.19620152308836
14.425999999997774, 120.19954109900439
14.426999999997776, 120.202887741705
14.427999999997773, 120.20624145641563
14.428999999997773, 120.20960224836176
14.429999999997774, 120.21297012276895
14.430999999997772, 120.21634508486274
14.431999999997771, 120.21972713986857
14.432999999997772, 120.22311629301197
14.43399999999777, 120.2265125495185
14.43499999999777, 120.2299159146136
14.43599999999777, 120.23332639352283
14.436999999997768, 120.23674399147168
14.437999999997768, 120.24016871368568
14.438999999997765, 120.2436005653903
14.439999999997767, 120.24703955181107
14.440999999997766, 120.2504856781735
14.441999999997762, 120.25393894970313
14.442999999997765, 120.25739937162543
14.443999999997764, 120.26086694916592
14.444999999997762, 120.26434168755009
14.445999999997763, 120.26782359200351
14.446999999997763, 120.27131266775164
14.447999999997764, 120.27480892001998
14.448999999997762, 120.27831235403411
14.449999999997761, 120.28182297501951
14.45099999999776, 120.28534078820158
14.451999999997762, 120.28886579880601
14.45299999999776, 120.29239801205819
14.453999999997759, 120.29593743318367
14.454999999997758, 120.29948406740795
14.455999999997756, 120.30303791995655
14.456999999997757, 120.30659899605499
14.457999999997758, 120.31016730092875
14.458999999997756, 120.31374283980335
14.459999999997756, 120.31732561790432
14.460999999997755, 120.32091564045714
14.461999999997754, 120.32451291268734
14.462999999997756, 120.3281174398204
14.463999999997753, 120.33172922708192
14.464999999997753, 120.33534827969729
14.465999999997754, 120.33897460289208
14.466999999997752, 120.34260820189182
14.46799999999775, 120.34624908192197
14.46899999999775, 120.3498972482081
14.46999999999775, 120.35355270597564
14.470999999997751, 120.3572154604502
14.471999999997749, 120.3608855168572
14.472999999997748, 120.36456288042223
14.47399999999775, 120.3682475563707
14.474999999997747, 120.37193954992821
14.475999999997747, 120.3756388663202
14.476999999997748, 120.37934551077225
14.477999999997746, 120.38305948850984
14.478999999997743, 120.38678080475847
14.479999999997743, 120.39050946474369
14.480999999997746, 120.39424547369094
14.481999999997745, 120.39798883682576
14.482999999997741, 120.40173955937368
14.483999999997742, 120.4054976465602
14.484999999997742, 120.40926310361084
14.48599999999774, 120.41303593575108
14.48699999999774, 120.41681614820645
14.48799999999774, 120.42060374620246
14.48899999999774, 120.42439873496461
14.489999999997739, 120.42820111971844
14.490999999997738, 120.43201090568942
14.49199999999774, 120.43582809810309
14.492999999997737, 120.43965270218496
14.493999999997735, 120.44348472316051
14.494999999997736, 120.44732416625527
14.495999999997737, 120.45117103669477
14.496999999997735, 120.45502533970449
14.497999999997734, 120.45888708050992
14.498999999997734, 120.46275626433663
14.499999999997732, 120.46663289641009
14.500999999997733, 120.47051698195583
14.501999999997732, 120.47440852619933
14.502999999997732, 120.47830753436614
14.503999999997731, 120.48221401168175
14.50499999999773, 120.48612796337164
14.505999999997732, 120.49004939466138
14.506999999997726, 120.49397831077644
14.507999999997729, 120.49791471694238
14.50899999999773, 120.5018586183846
14.509999999997728, 120.50581002032871
14.510999999997727, 120.50976892800024
14.511999999997728, 120.51373534662457
14.512999999997726, 120.51770928142733
14.513999999997726, 120.52169073763403
14.514999999997727, 120.52567972047011
14.515999999997725, 120.52967623516108
14.516999999997726, 120.53368028693252
14.517999999997722, 120.53769188100988
14.518999999997723, 120.5417110226187
14.519999999997722, 120.54573771698448
14.520999999997718, 120.54977196933274
14.521999999997721, 120.55381378488894
14.52299999999772, 120.5578631688787
14.523999999997718, 120.56192012652743
14.52499999999772, 120.56598466306068
14.525999999997723, 120.57005678370393
14.526999999997717, 120.57413649368274
14.527999999997718, 120.57822379822258
14.528999999997717, 120.58231870254899
14.529999999997717, 120.58642121188745
14.530999999997716, 120.5905313314635
14.53199999999772, 120.59464906650263
14.532999999997715, 120.59877442223032
14.533999999997713, 120.60290740387214
14.534999999997714, 120.60704801665354
14.535999999997713, 120.61119626580013
14.536999999997713, 120.6153521565373
14.537999999997712, 120.61951569409064
14.538999999997712, 120.62368688368562
14.539999999997711, 120.62786573054777
14.54099999999771, 120.63205223990258
14.541999999997712, 120.63624641697561
14.54299999999771, 120.64044826699232
14.543999999997709, 120.6446577951782
14.544999999997708, 120.64887500675884
14.54599999999771, 120.6530999069597
14.546999999997709, 120.65733250100625
14.547999999997707, 120.66157279412408
14.548999999997706, 120.6658207915387
14.549999999997707, 120.67007649847555
14.550999999997705, 120.67433992016018
14.551999999997706, 120.67861106181807
14.552999999997706, 120.6828899286748
14.553999999997703, 120.6871765259558
14.554999999997703, 120.69147085888662
14.555999999997704, 120.69577293269278
14.556999999997702, 120.70008275259977
14.557999999997701, 120.70440032383314
14.558999999997699, 120.70872565161835
14.5599999999977, 120.71305874118087
14.5609999999977, 120.71739959774634
14.5619999999977, 120.72174822654014
14.562999999997698, 120.7261046327879
14.563999999997698, 120.73046882171502
14.564999999997696, 120.73484079854705
14.565999999997697, 120.73922056850951
14.566999999997696, 120.74360813682796
14.567999999997694, 120.74800350872779
14.568999999997693, 120.75240668943461
14.569999999997695, 120.75681768417392
14.570999999997694, 120.76123649817119
14.571999999997693, 120.76566313665191
14.572999999997693, 120.7700976048417
14.573999999997692, 120.77453990796593
14.57499999999769, 120.77899005125022
14.575999999997691, 120.78344803992005
14.57699999999769, 120.78791387920086
14.577999999997688, 120.79238757431827
14.57899999999769, 120.79686913049773
14.579999999997689, 120.80135855296473
14.580999999997688, 120.80585584694484
14.581999999997691, 120.81036101766354
14.582999999997684, 120.81487407034633
14.583999999997687, 120.81939501021873
14.584999999997686, 120.82392384250625
14.585999999997686, 120.82846057243438
14.586999999997685, 120.83300520522867
14.587999999997686, 120.83755774611464
14.588999999997684, 120.84211820031771
14.589999999997683, 120.84668657306348
14.590999999997685, 120.85126286957745
14.591999999997682, 120.85584709508507
14.592999999997682, 120.86043925481192
14.593999999997683, 120.86503935398349
14.59499999999768, 120.86964739782525
14.59599999999768, 120.87426339156275
14.596999999997681, 120.8788873404215
14.597999999997679, 120.88351924962699
14.598999999997679, 120.88815912440472
14.599999999997676, 120.89280696998028
14.600999999997677, 120.89746279157907
14.601999999997677, 120.90212659442668
14.602999999997675, 120.9067983837486
14.603999999997678, 120.91147816477029
14.604999999997673, 120.91616594271733
14.605999999997673, 120.9208617228152
14.606999999997674, 120.92556551028942
14.607999999997674, 120.93027731036547
14.608999999997673, 120.93499712826889
14.609999999997672, 120.93972496922518
14.610999999997672, 120.94446083845986
14.611999999997671, 120.94920474119844
14.612999999997673, 120.95395668266643
14.61399999999767, 120.9587166680893
14.61499999999767, 120.96348470269263
14.615999999997669, 120.96826079170188
14.616999999997667, 120.97304494034255
14.617999999997668, 120.97783715384018
14.618999999997666, 120.98263743742032
14.61999999999767, 120.98744579630838
14.620999999997666, 120.99226223572995
14.621999999997666, 120.9970867609105
14.622999999997665, 121.00191937707555
14.623999999997665, 121.00676008945064
14.624999999997664, 121.01160890326125
14.625999999997667, 121.0164658237329
14.626999999997663, 121.02133085609105
14.627999999997662, 121.0262040055613
14.628999999997664, 121.03108527736909
14.629999999997661, 121.03597467673997
14.63099999999766, 121.0408722088994
14.631999999997662, 121.04577787907297
14.63299999999766, 121.05069169248611
14.633999999997659, 121.05561365436441
14.634999999997662, 121.06054376993333
14.635999999997658, 121.06548204441833
14.636999999997657, 121.07042848304499
14.637999999997655, 121.07538309103884
14.638999999997656, 121.08034587362535
14.639999999997656, 121.08531683603002
14.640999999997653, 121.0902959834784
14.641999999997653, 121.09528332119595
14.642999999997654, 121.10027885440823
14.643999999997652, 121.1052825883407
14.644999999997653, 121.1102945282189
14.645999999997652, 121.11531467926834
14.646999999997648, 121.12034304671454
14.647999999997653, 121.12537963578299
14.64899999999765, 121.13042445169921
14.64999999999765, 121.1354774996887
14.65099999999765, 121.140538784977
14.65199999999765, 121.14560831278955
14.652999999997649, 121.15068608835196
14.653999999997646, 121.15577211688964
14.654999999997647, 121.16086640362818
14.655999999997647, 121.16596895379304
14.656999999997645, 121.17107977260977
14.657999999997646, 121.17619886530383
14.658999999997645, 121.18132623710078
14.659999999997645, 121.1864618932261
14.660999999997644, 121.19160583890528
14.661999999997644, 121.19675807936392
14.662999999997643, 121.20191861982744
14.66399999999764, 121.20708746552134
14.664999999997638, 121.21226462167124
14.665999999997641, 121.21745009350255
14.666999999997643, 121.22264388624077
14.66799999999764, 121.2278460051115
14.668999999997638, 121.23305645534018
14.669999999997641, 121.23827524215233
14.670999999997639, 121.24350237077347
14.671999999997638, 121.24873784642915
14.67299999999764, 121.25398167434479
14.673999999997639, 121.25923385974599
14.674999999997636, 121.2644944078582
14.675999999997638, 121.26976332390693
14.676999999997633, 121.27504061311775
14.677999999997636, 121.28032628071611
14.67899999999763, 121.2856203319275
14.679999999997635, 121.29092277197753
14.680999999997633, 121.29623360609162
14.68199999999763, 121.30155283949534
14.682999999997632, 121.30688047741413
14.683999999997631, 121.31221652507358
14.684999999997629, 121.31756098769915
14.68599999999763, 121.32291387051635
14.68699999999763, 121.32827517875074
14.687999999997627, 121.33364491762774
14.688999999997627, 121.33902309237291
14.689999999997628, 121.3444097082118
14.690999999997628, 121.34980477036989
14.691999999997627, 121.35520828407263
14.692999999997626, 121.36062025454562
14.693999999997626, 121.36604068701433
14.694999999997625, 121.37146958670428
14.695999999997623, 121.37690695884092
14.696999999997624, 121.38235280864984
14.697999999997625, 121.38780714135657
14.698999999997623, 121.39326996218651
14.699999999997623, 121.39874127636527
14.700999999997622, 121.4042210891183
14.70199999999762, 121.40970940567112
14.70299999999762, 121.4152062312493
14.70399999999762, 121.42071157107827
14.70499999999762, 121.4262254303836
14.70599999999762, 121.43174781439077
14.706999999997619, 121.43727872832527
14.70799999999762, 121.44281817741266
14.708999999997618, 121.44836616687837
14.709999999997617, 121.45392270194804
14.710999999997618, 121.45948778784705
14.711999999997616, 121.46506142980095
14.712999999997615, 121.47064363303531
14.713999999997617, 121.47623440277559
14.714999999997616, 121.48183374424733
14.715999999997614, 121.48744166267598
14.716999999997615, 121.49305816328706
14.717999999997613, 121.49868325130612
14.718999999997612, 121.50431693195867
14.71999999999761, 121.50995921047021
14.72099999999761, 121.51561009206621
14.721999999997612, 121.52126958197223
14.722999999997606, 121.5269376854138
14.72399999999761, 121.53261440761638
14.724999999997609, 121.53829975380549
14.725999999997606, 121.54399372920665
14.726999999997608, 121.54969633904531
14.727999999997607, 121.55540758854711
14.728999999997605, 121.56112748293745
14.729999999997608, 121.5668560274419
14.730999999997609, 121.57259322728594
14.731999999997605, 121.57833908769507
14.732999999997604, 121.58409361389484
14.733999999997604, 121.58985681111072
14.734999999997603, 121.59562868456825
14.735999999997603, 121.60140923949291
14.736999999997602, 121.60719848111023
14.737999999997601, 121.61299641464572
14.738999999997601, 121.61880304532491
14.7399999999976, 121.62461837837326
14.7409999999976, 121.63044241901633
14.7419999999976, 121.63627517247959
14.742999999997599, 121.64211664398857
14.743999999997598, 121.64796683876878
14.744999999997598, 121.65382576204573
14.745999999997597, 121.65969341904493
14.746999999997596, 121.66556981499188
14.747999999997596, 121.67145495511208
14.748999999997597, 121.6773488446311
14.749999999997595, 121.6832514887744
14.750999999997594, 121.68916289276748
14.751999999997595, 121.69508306183587
14.752999999997593, 121.70101200120507
14.753999999997593, 121.70694971610061
14.754999999997594, 121.71289621174805
14.755999999997591, 121.71885149337277
14.756999999997593, 121.72481556620035
14.757999999997592, 121.7307884354563
14.75899999999759, 121.73677010636615
14.75999999999759, 121.7427605841554
14.760999999997587, 121.74875987404951
14.761999999997588, 121.75476798127409
14.762999999997588, 121.76078491105451
14.763999999997585, 121.76681066861644
14.764999999997586, 121.77284525918525
14.765999999997586, 121.77888868798655
14.766999999997584, 121.78494096024579
14.767999999997585, 121.79100208118851
14.768999999997584, 121.7970720560402
14.769999999997584, 121.80315089002639
14.770999999997583, 121.80923858837257
14.771999999997583, 121.81533515630429
14.772999999997582, 121.82144059904701
14.773999999997582, 121.82755492182625
14.774999999997581, 121.83367812986754
14.775999999997577, 121.8398102283964
14.77699999999758, 121.84595122263832
14.77799999999758, 121.85210111781878
14.77899999999758, 121.85825991916334
14.779999999997578, 121.86442763189751
14.780999999997578, 121.87060426124677
14.781999999997577, 121.87678981243664
14.782999999997577, 121.88298429069263
14.783999999997574, 121.88918770124025
14.784999999997575, 121.89540004930501
14.785999999997575, 121.90162134011243
14.786999999997576, 121.90785157888803
14.787999999997574, 121.91409077085727
14.788999999997573, 121.9203389212457
14.789999999997574, 121.92659603527885
14.790999999997572, 121.93286211818217
14.791999999997572, 121.93913717518122
14.792999999997573, 121.9454212115015
14.79399999999757, 121.95171423236852
14.79499999999757, 121.95801624300776
14.795999999997571, 121.96432724864474
14.796999999997569, 121.97064725450502
14.797999999997568, 121.97697626581407
14.798999999997566, 121.98331428779737
14.799999999997567, 121.9896613256805
14.800999999997567, 121.99601738468894
14.801999999997564, 122.00238247004818
14.802999999997565, 122.00875658698374
14.803999999997565, 122.01513974072114
14.804999999997563, 122.02153193648591
14.805999999997564, 122.02793317950352
14.806999999997563, 122.03434347499947
14.807999999997561, 122.04076282819929
14.808999999997562, 122.04719124432852
14.809999999997562, 122.05362872861267
14.810999999997561, 122.06007528627718
14.81199999999756, 122.06653092254761
14.812999999997558, 122.07299564264949
14.81399999999756, 122.07946945180831
14.814999999997559, 122.08595235524956
14.815999999997558, 122.09244435819875
14.816999999997558, 122.09894546588143
14.817999999997557, 122.10545568352308
14.818999999997557, 122.11197501634922
14.819999999997556, 122.11850346958536
14.820999999997555, 122.12504104845698
14.821999999997555, 122.13158775818965
14.822999999997556, 122.13814360400883
14.823999999997554, 122.14470859114004
14.824999999997553, 122.15128272480885
14.825999999997554, 122.15786601024064
14.82699999999755, 122.16445845266108
14.827999999997553, 122.17106005729552
14.828999999997551, 122.17767082936959
14.82999999999755, 122.18429077410875
14.830999999997552, 122.19091989673852
14.83199999999755, 122.19755820248443
14.832999999997549, 122.2042056965719
14.83399999999755, 122.21086238422656
14.834999999997548, 122.21752827067387
14.835999999997547, 122.22420336113933
14.836999999997548, 122.23088766084848
14.837999999997546, 122.23758117502678
14.838999999997544, 122.24428390889975
14.839999999997543, 122.25099586769295
14.840999999997544, 122.25771705663186
14.841999999997544, 122.26444748094201
14.842999999997541, 122.27118714584884
14.843999999997544, 122.27793605657791
14.844999999997542, 122.28469421835476
14.84599999999754, 122.29146163640488
14.846999999997541, 122.29823831595374
14.847999999997544, 122.30502426222691
14.848999999997538, 122.31181948044983
14.84999999999754, 122.31862397584806
14.850999999997539, 122.32543775364712
14.851999999997538, 122.3322608190725
14.852999999997536, 122.3390931773497
14.853999999997537, 122.34593483370426
14.854999999997537, 122.35278579336163
14.855999999997536, 122.3596460615474
14.856999999997539, 122.36651564348699
14.857999999997535, 122.373394544406
14.858999999997534, 122.38028276952991
14.859999999997537, 122.38718032408423
14.860999999997533, 122.39408721329444
14.861999999997533, 122.40100344238607
14.862999999997532, 122.40792901658463
14.863999999997532, 122.41486394111563
14.864999999997531, 122.42180822120459
14.86599999999753, 122.42876186207701
14.86699999999753, 122.4357248689584
14.86799999999753, 122.44269724707428
14.86899999999753, 122.4496790016502
14.869999999997528, 122.45667013791154
14.870999999997526, 122.46367066108388
14.871999999997529, 122.4706805763928
14.872999999997527, 122.47769988906376
14.873999999997526, 122.48472860432221
14.874999999997527, 122.49176672739377
14.875999999997525, 122.49881426350387
14.876999999997524, 122.50587121787802
14.877999999997526, 122.51293759574179
14.878999999997523, 122.52001340232064
14.879999999997523, 122.52709864284009
14.88099999999752, 122.53419332252565
14.881999999997522, 122.54129744660284
14.882999999997521, 122.54841102029718
14.883999999997519, 122.55553404883412
14.88499999999752, 122.56266653743924
14.88599999999752, 122.56980849133802
14.886999999997517, 122.57695991575599
14.887999999997518, 122.58412081591864
14.888999999997518, 122.5912911970515
14.889999999997515, 122.59847106438004
14.890999999997517, 122.60566042312976
14.891999999997516, 122.61285927852629
14.892999999997516, 122.62006763579498
14.893999999997515, 122.62728550016145
14.894999999997513, 122.63451287685115
14.895999999997514, 122.64174977108968
14.896999999997513, 122.64899618810242
14.897999999997513, 122.65625213311498
14.898999999997512, 122.66351761135283
14.899999999997512, 122.67079262804148
14.90099999999751, 122.67807718840643
14.901999999997512, 122.68537129767324
14.90299999999751, 122.69267496106737
14.90399999999751, 122.69998818381433
14.904999999997509, 122.70731097113965
14.905999999997508, 122.71464332826886
14.906999999997508, 122.72198526042743
14.907999999997507, 122.72933677284091
14.908999999997508, 122.73669787073477
14.909999999997508, 122.74406855933454
14.910999999997506, 122.75144884386569
14.911999999997503, 122.75883872955382
14.912999999997506, 122.76623822162436
14.913999999997506, 122.77364732530285
14.914999999997503, 122.7810660458148
14.915999999997505, 122.78849438838574
14.916999999997502, 122.79593235824115
14.917999999997502, 122.80337996060652
14.918999999997503, 122.81083720070743
14.9199999999975, 122.81830408376933
14.9209999999975, 122.82578061501775
14.921999999997501, 122.83326679967816
14.922999999997499, 122.84076264297615
14.923999999997498, 122.84826815013716
14.924999999997496, 122.85578332638676
14.925999999997497, 122.86330817695041
14.926999999997497, 122.87084270705364
14.927999999997494, 122.87838692192197
14.928999999997496, 122.88594082678091
14.929999999997495, 122.89350442685591
14.930999999997491, 122.90107772737258
14.931999999997494, 122.90866073355636
14.932999999997493, 122.9162534506328
14.933999999997493, 122.92385588382736
14.934999999997492, 122.93146803836561
14.935999999997492, 122.939089919473
14.936999999997491, 122.94672153237505
14.93799999999749, 122.95436288229736
14.93899999999749, 122.96201397446532
14.939999999997491, 122.96967481410451
14.940999999997489, 122.9773454064404
14.941999999997488, 122.98502575669855
14.942999999997488, 122.99271587010443
14.943999999997489, 123.00041575188355
14.944999999997487, 123.00812540726145
14.945999999997486, 123.0158448414636
14.946999999997486, 123.02357405971554
14.947999999997487, 123.03131306724279
14.948999999997485, 123.03906186927081
14.949999999997484, 123.04682047102517
14.950999999997485, 123.05458887773132
14.951999999997483, 123.06236709461481
14.952999999997482, 123.07015512690118
14.95399999999748, 123.07795297981588
14.954999999997481, 123.08576065858443
14.95599999999748, 123.09357816843234
14.956999999997478, 123.10140551458515
14.95799999999748, 123.10924270226838
14.958999999997477, 123.1170897367075
14.959999999997477, 123.12494662312801
14.96099999999748, 123.13281336675544
14.961999999997479, 123.14068997281535
14.962999999997475, 123.14857644653316
14.963999999997476, 123.1564727931344
14.964999999997476, 123.16437901784465
14.965999999997473, 123.17229512588935
14.966999999997475, 123.18022112249406
14.967999999997474, 123.18815701288423
14.96899999999747, 123.19610280228545
14.969999999997473, 123.20405849592314
14.970999999997472, 123.21202409902287
14.971999999997472, 123.21999961681016
14.972999999997473, 123.22798505451047
14.97399999999747, 123.23598041734934
14.97499999999747, 123.24398571055227
14.97599999999747, 123.25200093934475
14.976999999997469, 123.26002610895236
14.97799999999747, 123.26806122460053
14.978999999997468, 123.27610629151481
14.979999999997467, 123.28416131492071
14.980999999997467, 123.29222630004375
14.981999999997466, 123.30030125210943
14.982999999997466, 123.30838617634322
14.983999999997465, 123.31648107797068
14.984999999997465, 123.32458596221731
14.985999999997464, 123.33270083430862
14.986999999997463, 123.3408256994701
14.987999999997463, 123.34896056292732
14.988999999997464, 123.35710542990572
14.989999999997462, 123.36526030563081
14.990999999997461, 123.37342519532815
14.991999999997462, 123.38160010422324
14.99299999999746, 123.38978503754156
14.99399999999746, 123.39798000050862
14.99499999999746, 123.40618499835
14.99599999999746, 123.41440003629111
14.996999999997458, 123.4226251195575
14.99799999999746, 123.4308602533747
14.998999999997459, 123.43910544296824
14.999999999997456, 123.44736069356358
15.000999999997454, 123.45562601038624
15.001999999997457, 123.46390139866173
15.002999999997455, 123.47218686361558
15.003999999997452, 123.48048241047329
15.004999999997452, 123.48878804446034
15.005999999997453, 123.49710377080231
15.00699999999745, 123.50542959472465
15.007999999997452, 123.51376552145287
15.008999999997451, 123.52211155621251
15.009999999997449, 123.5304677042291
15.01099999999745, 123.53883397072806
15.01199999999745, 123.54721036093501
15.012999999997449, 123.55559688007538
15.013999999997448, 123.56399353337471
15.014999999997446, 123.57240032605854
15.015999999997447, 123.58081726335233
15.016999999997447, 123.58924435048161
15.017999999997446, 123.59768159267188
15.018999999997446, 123.60612899514868
15.019999999997445, 123.6145865631375
15.020999999997445, 123.62305430186382
15.02199999999744, 123.6315322165532
15.022999999997444, 123.64002031243115
15.023999999997443, 123.64851859472311
15.024999999997444, 123.65702706865467
15.025999999997442, 123.66554573945132
15.026999999997441, 123.67407461233853
15.02799999999744, 123.68261369254186
15.02899999999744, 123.69116298528681
15.029999999997441, 123.69972249579888
15.030999999997436, 123.70829222930357
15.031999999997439, 123.71687219102641
15.032999999997442, 123.7254623861929
15.033999999997436, 123.73406282002856
15.034999999997437, 123.74267349775883
15.035999999997438, 123.75129442460937
15.036999999997436, 123.75992560580556
15.037999999997435, 123.76856704657294
15.038999999997436, 123.77721875213706
15.039999999997434, 123.78588072772338
15.040999999997434, 123.79455297855743
15.041999999997431, 123.80323550986478
15.042999999997432, 123.8119283268708
15.043999999997432, 123.8206314348011
15.04499999999743, 123.82934483888124
15.04599999999743, 123.83806854433661
15.04699999999743, 123.84680255639276
15.047999999997428, 123.85554688027523
15.048999999997429, 123.86430152120951
15.049999999997429, 123.87306648442112
15.050999999997428, 123.88184177513557
15.051999999997427, 123.89062739857835
15.052999999997427, 123.89942335997499
15.053999999997426, 123.90822966455099
15.054999999997426, 123.91704631753183
15.055999999997423, 123.92587332414311
15.056999999997421, 123.93471068961027
15.057999999997422, 123.94355841915885
15.058999999997424, 123.9524165180143
15.059999999997423, 123.96128499140221
15.060999999997422, 123.97016384454801
15.061999999997422, 123.9790530826773
15.062999999997421, 123.98795271101554
15.063999999997423, 123.99686273478822
15.06499999999742, 124.0057831592209
15.065999999997416, 124.01471398953905
15.06699999999742, 124.02365523096819
15.067999999997419, 124.03260688873388
15.068999999997418, 124.04156896806154
15.069999999997417, 124.05054147417675
15.07099999999742, 124.059524412305
15.071999999997416, 124.06851778767174
15.072999999997414, 124.07752160550257
15.073999999997417, 124.08653587102297
15.074999999997415, 124.09556058945847
15.075999999997414, 124.10459576603454
15.076999999997415, 124.11364140597671
15.077999999997413, 124.12269751451043
15.078999999997412, 124.13176409686133
15.07999999999741, 124.14084115825484
15.080999999997411, 124.14992870391649
15.08199999999741, 124.15902673907178
15.082999999997407, 124.16813526894623
15.08399999999741, 124.17725429876538
15.08499999999741, 124.18638383375466
15.085999999997407, 124.19552387913963
15.086999999997408, 124.20467444014584
15.087999999997407, 124.2138355219987
15.088999999997405, 124.22300712992381
15.089999999997406, 124.23218926914664
15.090999999997406, 124.24138194489272
15.091999999997402, 124.25058516238755
15.092999999997406, 124.2597989268566
15.093999999997404, 124.26902324352545
15.094999999997405, 124.27825811761959
15.095999999997403, 124.28750355436449
15.096999999997402, 124.29675955898571
15.097999999997402, 124.30602613670874
15.098999999997401, 124.31530329275907
15.0999999999974, 124.32459103236226
15.1009999999974, 124.33388936074377
15.101999999997402, 124.34319828312914
15.102999999997403, 124.35251780474383
15.103999999997399, 124.36184793081343
15.104999999997398, 124.3711886665634
15.105999999997398, 124.3805399271764
15.106999999997397, 124.389892218308
15.107999999997396, 124.39921852000532
15.108999999997398, 124.40848989948553
15.109999999997395, 124.41767742396593
15.110999999997395, 124.42675216066363
15.111999999997396, 124.43568517679594
15.112999999997394, 124.44444753958003
15.113999999997393, 124.4530103162331
15.114999999997394, 124.46134457397238
15.115999999997392, 124.46942138001512
15.11699999999739, 124.47721180157848
15.117999999997393, 124.4846869058797
15.11899999999739, 124.49181776013599
15.11999999999739, 124.49857543156455
15.120999999997387, 124.50493098738264
15.121999999997389, 124.51085549480744
15.122999999997388, 124.51632002105617
15.123999999997384, 124.52129563334606
15.124999999997387, 124.5257533988943
15.125999999997386, 124.52968163166832
15.126999999997384, 124.53314091799191
15.127999999997385, 124.53621077235654
15.128999999997385, 124.53897070932115
15.129999999997382, 124.54150024344463
15.130999999997384, 124.54387888928593
15.131999999997387, 124.54618616140394
15.132999999997383, 124.54850157435754
15.133999999997382, 124.55090464270569
15.134999999997381, 124.55347488100726
15.135999999997377, 124.55629180382118
15.13699999999738, 124.55943492570637
15.13799999999738, 124.56298376122173
15.13899999999738, 124.56701782492621
15.139999999997379, 124.57161663137862
15.140999999997378, 124.57685969513798
15.141999999997378, 124.58282653076311
15.142999999997377, 124.58959665281301
15.143999999997376, 124.59724957584655
15.144999999997376, 124.6058541798185
15.145999999997375, 124.61537096797541
15.146999999997375, 124.62569714339148
15.147999999997374, 124.63672911531862
15.148999999997374, 124.64836329300867
15.149999999997375, 124.66049608571349
15.150999999997373, 124.67302390268493
15.151999999997372, 124.68584315317494
15.152999999997373, 124.69885024643534
15.153999999997371, 124.71194159171799
15.15499999999737, 124.72501359827478
15.155999999997372, 124.73796267535755
15.15699999999737, 124.75068523221823
15.157999999997369, 124.76307767810864
15.15899999999737, 124.77503642228069
15.15999999999737, 124.78645787398624
15.160999999997367, 124.79723844247714
15.161999999997365, 124.80727453700527
15.162999999997366, 124.81646256682254
15.163999999997365, 124.8247013498553
15.164999999997363, 124.83197180850377
15.165999999997366, 124.83835529181312
15.166999999997364, 124.84393926861053
15.167999999997361, 124.84881120772339
15.168999999997363, 124.85305857797893
15.169999999997362, 124.8567688482045
15.17099999999736, 124.86002948722737
15.171999999997361, 124.8629279638748
15.17299999999736, 124.86555174697413
15.173999999997362, 124.86798830535267
15.17499999999736, 124.87032510783767
15.175999999997357, 124.87264962325645
15.176999999997358, 124.87504932043625
15.177999999997356, 124.87761166820445
15.178999999997357, 124.88042413538834
15.179999999997356, 124.88357419081518
15.180999999997356, 124.88714930331224
15.181999999997355, 124.8912369417069
15.182999999997355, 124.89592450390577
15.183999999997354, 124.90126286760693
15.184999999997354, 124.90720687927785
15.185999999997353, 124.91369578906225
15.186999999997353, 124.92066884710377
15.18799999999735, 124.9280653035461
15.188999999997353, 124.93582440853291
15.189999999997351, 124.9438854122079
15.190999999997352, 124.95218756471476
15.19199999999735, 124.9606701161971
15.19299999999735, 124.96927231679868
15.193999999997352, 124.97793341666315
15.194999999997348, 124.98659266593415
15.195999999997348, 124.99518931475538
15.196999999997349, 125.00366261327054
15.197999999997345, 125.01195181162328
15.198999999997346, 125.01999615995732
15.199999999997344, 125.02773490841625
15.200999999997345, 125.03510730714383
15.201999999997346, 125.04205260628373
15.202999999997342, 125.04851991728728
15.203999999997343, 125.05451842184559
15.20499999999734, 125.0600799196099
15.205999999997339, 125.06523625137508
15.206999999997342, 125.070019257936
15.207999999997341, 125.07446078008743
15.208999999997339, 125.07859265862429
15.209999999997338, 125.08244673434132
15.21099999999734, 125.08605484803343
15.211999999997339, 125.08944884049548
15.212999999997338, 125.09266055252226
15.213999999997338, 125.09572182490862
15.214999999997337, 125.09866449844944
15.215999999997337, 125.10152041393948
15.216999999997336, 125.10432141217368
15.217999999997335, 125.10709933394678
15.218999999997335, 125.1098860200537
15.219999999997338, 125.11271331128923
15.220999999997334, 125.11561304844824
15.221999999997333, 125.11861587847059
15.222999999997333, 125.12173313234516
15.223999999997334, 125.12496049193678
15.224999999997332, 125.12829318882405
15.22599999999733, 125.13172645458553
15.22699999999733, 125.13525552079966
15.22799999999733, 125.13887561904502
15.228999999997333, 125.14258198090019
15.229999999997329, 125.1463698379437
15.230999999997326, 125.15023442175405
15.23199999999733, 125.1541709639098
15.232999999997327, 125.15817469598949
15.233999999997327, 125.16224084957162
15.234999999997328, 125.1663646562348
15.235999999997325, 125.1705413475575
15.236999999997323, 125.1747661551183
15.237999999997326, 125.17903431049571
15.238999999997324, 125.18334104526829
15.239999999997323, 125.18768159101455
15.240999999997321, 125.19205142103434
15.241999999997322, 125.19646474740705
15.242999999997322, 125.20096756651873
15.24399999999732, 125.20560895616191
15.24499999999732, 125.21043799412922
15.24599999999732, 125.21550375821325
15.246999999997318, 125.22085532620653
15.247999999997319, 125.2265417759017
15.248999999997318, 125.2326121850913
15.249999999997316, 125.23911563156793
15.250999999997319, 125.24610119312422
15.25199999999732, 125.25361794755267
15.252999999997312, 125.2617149726459
15.253999999997315, 125.27044134619655
15.254999999997315, 125.27984614599711
15.255999999997314, 125.28997844984025
15.256999999997314, 125.30088733551847
15.257999999997313, 125.31262188082441
15.258999999997313, 125.32523116355067
15.259999999997312, 125.33876426128646
15.260999999997312, 125.3532387286011
15.261999999997311, 125.3685530000163
15.26299999999731, 125.38457737768483
15.26399999999731, 125.40118216375933
15.264999999997311, 125.41823766039255
15.265999999997309, 125.43561416973716
15.266999999997308, 125.45318199394592
15.267999999997308, 125.47081143517147
15.268999999997307, 125.48837279556649
15.269999999997308, 125.50573637728377
15.270999999997306, 125.52277248247597
15.271999999997306, 125.53935141329576
15.272999999997307, 125.55534347189587
15.273999999997304, 125.570618960429
15.274999999997304, 125.58504818104785
15.275999999997305, 125.59850143590513
15.276999999997303, 125.61084902715356
15.277999999997302, 125.62196125694578
15.278999999997303, 125.63170842743457
15.279999999997301, 125.6399761488027
15.2809999999973, 125.64678865546469
15.281999999997298, 125.65224390856307
15.2829999999973, 125.65644055228498
15.283999999997299, 125.65947723081754
15.284999999997297, 125.66145258834793
15.285999999997298, 125.66246526906332
15.286999999997297, 125.66261391715076
15.287999999997293, 125.66199717679748
15.288999999997296, 125.66071369219065
15.289999999997296, 125.65886210751734
15.290999999997293, 125.65654106696472
15.291999999997294, 125.65384921471997
15.292999999997297, 125.65088519497012
15.293999999997293, 125.64774765190248
15.294999999997293, 125.6445352297041
15.295999999997292, 125.64134657256213
15.296999999997292, 125.63828032466374
15.297999999997293, 125.6354351301961
15.29899999999729, 125.63290778108711
15.29999999999729, 125.63074255849928
15.300999999997288, 125.62892505562911
15.301999999997289, 125.6274377731817
15.302999999997288, 125.62626321186197
15.303999999997288, 125.62538387237498
15.304999999997287, 125.6247822554258
15.305999999997287, 125.62444086171945
15.306999999997286, 125.62434219196088
15.307999999997286, 125.62446874685514
15.308999999997285, 125.62480302710725
15.309999999997283, 125.62532753342231
15.310999999997286, 125.6260247665052
15.311999999997283, 125.62687722706107
15.312999999997283, 125.62786741579484
15.313999999997284, 125.62897783341158
15.314999999997282, 125.63019098061636
15.315999999997281, 125.63148935811412
15.316999999997282, 125.63285546660993
15.31799999999728, 125.63427185334638
15.31899999999728, 125.63573464260466
15.31999999999728, 125.63727231528475
15.320999999997278, 125.638918069281
15.321999999997276, 125.64070510248784
15.322999999997275, 125.64266661279953
15.323999999997277, 125.64483579811036
15.324999999997276, 125.64724585631481
15.325999999997274, 125.64992998530715
15.326999999997277, 125.65292138298176
15.327999999997274, 125.65625324723293
15.32899999999727, 125.65995877595506
15.329999999997273, 125.66407116704244
15.330999999997273, 125.66862361838949
15.331999999997272, 125.67364932789047
15.332999999997272, 125.67918149343981
15.333999999997271, 125.68525331293176
15.33499999999727, 125.69189798426076
15.33599999999727, 125.69914870532111
15.33699999999727, 125.70703867400712
15.337999999997269, 125.71559070714488
15.33899999999727, 125.72477074961856
15.339999999997268, 125.7345253703804
15.340999999997264, 125.7448011220495
15.341999999997267, 125.75554455724514
15.342999999997266, 125.76670222858641
15.343999999997266, 125.77822068869253
15.344999999997265, 125.79004649018265
15.345999999997264, 125.80212618567597
15.346999999997264, 125.81440632779167
15.347999999997263, 125.82683346914887
15.348999999997263, 125.83935416236682
15.349999999997262, 125.8519149600646
15.350999999997262, 125.86446241486149
15.351999999997265, 125.87694307937662
15.35299999999726, 125.8893035062292
15.35399999999726, 125.90149024803831
15.354999999997261, 125.91344985742326
15.355999999997259, 125.92512888700313
15.356999999997258, 125.93647577000806
15.35799999999726, 125.94746547086835
15.358999999997257, 125.95809258525426
15.359999999997257, 125.96835217009016
15.360999999997254, 125.9782392823002
15.361999999997256, 125.98774897880853
15.362999999997255, 125.99687631653943
15.363999999997256, 126.00561635241719
15.364999999997254, 126.01396414336591
15.365999999997253, 126.0219147463099
15.366999999997251, 126.02946321817332
15.367999999997252, 126.0366046158804
15.368999999997252, 126.04333399635541
15.36999999999725, 126.0496464165225
15.37099999999725, 126.05553693330596
15.37199999999725, 126.06100060362998
15.37299999999725, 126.06603248441874
15.373999999997247, 126.07062763259648
15.374999999997248, 126.07478110508754
15.37599999999725, 126.07848844521322
15.376999999997247, 126.081774192273
15.377999999997245, 126.08470772164276
15.378999999997246, 126.08736225300657
15.379999999997247, 126.08981100604836
15.380999999997245, 126.09212720045201
15.381999999997245, 126.09438405590149
15.382999999997244, 126.09665479208076
15.383999999997243, 126.09901262867375
15.38499999999724, 126.10153078536437
15.385999999997242, 126.10428248183663
15.386999999997242, 126.10734093777444
15.387999999997243, 126.11077937286171
15.38899999999724, 126.11467100678243
15.389999999997242, 126.11908905922054
15.39099999999724, 126.12410674985996
15.391999999997239, 126.12979729838466
15.39299999999724, 126.13623392447852
15.393999999997238, 126.14348984782558
15.394999999997237, 126.15163828364211
15.395999999997239, 126.16071824687518
15.396999999997236, 126.17065216022691
15.397999999997236, 126.18133762274192
15.398999999997237, 126.19267223346509
15.399999999997235, 126.2045535914411
15.400999999997234, 126.21687929571468
15.401999999997232, 126.22954694533054
15.402999999997233, 126.24245413933349
15.403999999997232, 126.25549847676824
15.40499999999723, 126.26857755667949
15.405999999997231, 126.28158897811201
15.406999999997234, 126.29443034011054
15.407999999997228, 126.30699924171981
15.40899999999723, 126.31919328198458
15.409999999997229, 126.33091005994956
15.410999999997227, 126.3420471746595
15.411999999997228, 126.35250222515914
15.412999999997231, 126.36217281049322
15.413999999997227, 126.37095652970646
15.414999999997226, 126.37876569670439
15.415999999997224, 126.38563146050447
15.416999999997225, 126.39164245077478
15.417999999997225, 126.39688767204606
15.418999999997224, 126.40145612884915
15.419999999997223, 126.40543682571482
15.420999999997223, 126.40891876717387
15.421999999997222, 126.41199095775704
15.422999999997222, 126.41474240199524
15.423999999997221, 126.41726210441914
15.42499999999722, 126.41963906955965
15.42599999999722, 126.42196230194752
15.426999999997218, 126.42432080611351
15.427999999997219, 126.42680358658848
15.428999999997218, 126.42949964790317
15.429999999997218, 126.4324979945884
15.43099999999722, 126.43588763117492
15.431999999997217, 126.43975756219363
15.432999999997216, 126.44419679217528
15.433999999997218, 126.44929121019042
15.434999999997215, 126.45505223587332
15.435999999997216, 126.46141522179201
15.436999999997216, 126.46831208548335
15.437999999997214, 126.47567474448411
15.438999999997213, 126.48343511633112
15.439999999997214, 126.49152511856117
15.440999999997212, 126.49987666871111
15.441999999997211, 126.50842168431768
15.442999999997209, 126.51709208291777
15.44399999999721, 126.5258197820481
15.44499999999721, 126.5345366992455
15.44599999999721, 126.54317475204687
15.446999999997207, 126.55166585798887
15.447999999997208, 126.55994193460842
15.448999999997206, 126.56793489944229
15.449999999997207, 126.5755766700273
15.45099999999721, 126.58279916390023
15.451999999997202, 126.58953429859793
15.452999999997203, 126.59571419182952
15.453999999997205, 126.60130797113725
15.454999999997206, 126.60636481978848
15.455999999997204, 126.610944373302
15.456999999997203, 126.61510626719664
15.457999999997202, 126.61891013699122
15.458999999997202, 126.62241561820451
15.459999999997201, 126.62568234635542
15.4609999999972, 126.6287699569627
15.4619999999972, 126.63173808554518
15.4629999999972, 126.6346463676217
15.4639999999972, 126.63755443871106
15.464999999997199, 126.64052193433209
15.465999999997198, 126.64360849000357
15.466999999997197, 126.64687374124438
15.467999999997197, 126.6503773235733
15.468999999997196, 126.65417887250916
15.469999999997196, 126.65833802357076
15.470999999997195, 126.66291441227696
15.471999999997196, 126.66796767414652
15.47299999999719, 126.67354608901353
15.473999999997194, 126.67964191460042
15.474999999997195, 126.68623016256822
15.475999999997192, 126.69328583979879
15.476999999997192, 126.70078395317383
15.477999999997193, 126.70869950957518
15.478999999997189, 126.71700751588466
15.47999999999719, 126.72568297898408
15.480999999997191, 126.73470090575523
15.481999999997187, 126.74403630307984
15.482999999997189, 126.7536641778398
15.483999999997186, 126.76355953691686
15.48499999999719, 126.77369738719284
15.485999999997187, 126.78405273554954
15.486999999997185, 126.79460058886875
15.487999999997184, 126.80531595403225
15.488999999997185, 126.8161738379219
15.489999999997183, 126.82714924741947
15.490999999997184, 126.83821718940672
15.491999999997184, 126.84935267076551
15.492999999997183, 126.86053069837762
15.493999999997182, 126.87172627912481
15.494999999997182, 126.88291441988895
15.495999999997181, 126.89407012755174
15.49699999999718, 126.90516840899511
15.497999999997178, 126.91618427110075
15.49899999999718, 126.92709272075052
15.49999999999718, 126.93786876482622
15.500999999997177, 126.9484874102096
15.501999999997178, 126.95892366378249
15.502999999997177, 126.9691525324267
15.503999999997177, 126.97914902302401
15.504999999997173, 126.98888814245626
15.505999999997174, 126.9983448976052
15.506999999997175, 127.00749429535261
15.507999999997175, 127.0163113425804
15.508999999997174, 127.02477104617024
15.509999999997175, 127.03284841300403
15.510999999997173, 127.0405186985252
15.511999999997172, 127.04776887919212
15.512999999997174, 127.05460246831777
15.513999999997171, 127.06102422686067
15.51499999999717, 127.06703891577925
15.515999999997172, 127.07265129603194
15.51699999999717, 127.07786612857726
15.51799999999717, 127.08268817437363
15.51899999999717, 127.08712219437946
15.519999999997168, 127.09117294955324
15.520999999997168, 127.09484520085346
15.521999999997165, 127.09814370923849
15.522999999997166, 127.10107323566686
15.523999999997166, 127.10363854109696
15.524999999997164, 127.10584438648732
15.525999999997165, 127.10769553279633
15.526999999997164, 127.10919674098247
15.527999999997162, 127.1103527720042
15.528999999997163, 127.11116838681997
15.529999999997163, 127.1116483510607
15.53099999999716, 127.11180626542705
15.531999999997161, 127.11168293011336
15.53299999999716, 127.11132436261491
15.53399999999716, 127.11077658042684
15.53499999999716, 127.11008560104442
15.53599999999716, 127.10929744196288
15.536999999997159, 127.10845812067751
15.537999999997158, 127.10761365468345
15.538999999997161, 127.10681006147601
15.539999999997157, 127.1060933585504
15.540999999997156, 127.10550956340185
15.541999999997154, 127.10510469352556
15.542999999997155, 127.10492476641684
15.543999999997155, 127.10501579957088
15.544999999997154, 127.10542381048293
15.545999999997154, 127.10619481664821
15.546999999997153, 127.10737483556196
15.547999999997153, 127.1090098847194
15.548999999997148, 127.1111459816158
15.549999999997151, 127.11382482217508
15.550999999997153, 127.11705688406732
15.55199999999715, 127.12083893002816
15.55299999999715, 127.12516766382294
15.553999999997151, 127.13003978921694
15.554999999997149, 127.13545200997561
15.555999999997148, 127.1414010298642
15.55699999999715, 127.14788355264804
15.557999999997149, 127.15489628209252
15.558999999997146, 127.16243592196292
15.55999999999715, 127.17049917602463
15.560999999997145, 127.17908274804299
15.561999999997145, 127.18818334178331
15.562999999997142, 127.19779766101092
15.563999999997144, 127.20792240949123
15.564999999997143, 127.21855429098947
15.56599999999714, 127.22969000927104
15.566999999997142, 127.24132626810128
15.567999999997145, 127.25345977124553
15.56899999999714, 127.26608500172779
15.569999999997142, 127.27915116821238
15.57099999999714, 127.29256521174403
15.571999999997137, 127.30623245486461
15.572999999997139, 127.32005822011595
15.573999999997138, 127.3339478300399
15.574999999997138, 127.34780660717828
15.575999999997137, 127.36153987407289
15.576999999997136, 127.37505295326562
15.577999999997136, 127.38825116729831
15.578999999997134, 127.40103983871276
15.579999999997135, 127.41332429005081
15.580999999997136, 127.4250098438543
15.581999999997134, 127.43600182266512
15.582999999997133, 127.44620554902502
15.583999999997133, 127.45552634547587
15.584999999997132, 127.46386953455956
15.585999999997131, 127.47114043881784
15.586999999997131, 127.47724438079257
15.587999999997132, 127.48208724883261
15.58899999999713, 127.48564651651294
15.589999999997131, 127.48804039852394
15.590999999997129, 127.48940352132655
15.59199999999713, 127.48987051138181
15.592999999997128, 127.48957599515076
15.593999999997127, 127.48865459909439
15.594999999997128, 127.48724094967366
15.595999999997126, 127.48546967334964
15.596999999997125, 127.48347539658332
15.597999999997128, 127.4813927458357
15.598999999997124, 127.47935634756779
15.599999999997124, 127.47750082824064
15.600999999997125, 127.4759608143152
15.601999999997123, 127.4748709322525
15.602999999997122, 127.47436580851361
15.60399999999712, 127.47458006955942
15.604999999997123, 127.4756483418511
15.605999999997119, 127.47770525184947
15.606999999997118, 127.4808854260157
15.607999999997118, 127.48529245360311
15.608999999997119, 127.49089191993562
15.609999999997115, 127.49761106754973
15.610999999997118, 127.50537713746895
15.61199999999712, 127.51411737071692
15.612999999997115, 127.52375900831717
15.613999999997118, 127.53422929129339
15.614999999997115, 127.54545546066907
15.615999999997115, 127.55736475746778
15.616999999997116, 127.56988442271319
15.617999999997114, 127.58294169742885
15.618999999997113, 127.59646382263834
15.619999999997114, 127.61037803936523
15.620999999997112, 127.62461158863314
15.621999999997112, 127.63909171146564
15.622999999997111, 127.65374564888634
15.623999999997114, 127.66850064191874
15.62499999999711, 127.68328393158653
15.62599999999711, 127.69802275891325
15.626999999997109, 127.71264669183489
15.627999999997108, 127.72711071810907
15.628999999997108, 127.74138548293465
15.629999999997107, 127.75544186105151
15.630999999997103, 127.76925072719959
15.631999999997108, 127.78278295611881
15.632999999997107, 127.79600942254908
15.633999999997105, 127.80890100123034
15.634999999997104, 127.82142856690245
15.635999999997106, 127.83356299430535
15.636999999997103, 127.84527515817896
15.637999999997103, 127.85653593326325
15.638999999997106, 127.86731619429801
15.639999999997102, 127.8775868160233
15.640999999997101, 127.8873186731789
15.641999999997099, 127.89648264050483
15.6429999999971, 127.90504959274097
15.643999999997098, 127.91299040462718
15.644999999997097, 127.92027595090349
15.645999999997098, 127.92687814067324
15.646999999997098, 127.93280834871292
15.647999999997095, 127.93812879010711
15.648999999997097, 127.94290503506934
15.649999999997096, 127.94720265381329
15.650999999997094, 127.95108721655248
15.651999999997095, 127.95462429350056
15.652999999997094, 127.95787945487109
15.653999999997094, 127.96091827087767
15.654999999997095, 127.96380631173393
15.655999999997093, 127.96660914765344
15.656999999997092, 127.96939234884982
15.657999999997092, 127.97222148553665
15.658999999997091, 127.97516212792752
15.659999999997092, 127.97827984623606
15.66099999999709, 127.98164021067583
15.66199999999709, 127.98530879146044
15.662999999997085, 127.98935115880353
15.663999999997088, 127.99383288291862
15.664999999997086, 127.99881949943344
15.665999999997084, 128.00435000805527
15.666999999997087, 128.0103895395238
15.66799999999709, 128.01689047294957
15.668999999997085, 128.02380518744292
15.669999999997085, 128.03108606211435
15.670999999997086, 128.03868547607425
15.671999999997084, 128.04655580843303
15.672999999997085, 128.05464943830117
15.673999999997084, 128.06291874478893
15.674999999997082, 128.071316107007
15.675999999997082, 128.07979390406555
15.676999999997083, 128.08830451507518
15.677999999997079, 128.09680031914615
15.67899999999708, 128.10523369538905
15.679999999997081, 128.11355702291425
15.680999999997079, 128.1217226808321
15.681999999997078, 128.12968304825313
15.682999999997076, 128.13739050428768
15.683999999997077, 128.1447974280462
15.684999999997077, 128.1518671955985
15.685999999997078, 128.1586344186227
15.686999999997076, 128.16516209224318
15.687999999997075, 128.17151328490303
15.688999999997076, 128.1777510650454
15.689999999997074, 128.18393850111343
15.690999999997073, 128.19013866155026
15.691999999997071, 128.19641461479898
15.692999999997072, 128.2028294293027
15.693999999997072, 128.2094461735047
15.694999999997071, 128.21632791584787
15.69599999999707, 128.22353772477555
15.69699999999707, 128.23113866873075
15.69799999999707, 128.23919381615667
15.698999999997069, 128.24776623549644
15.699999999997068, 128.25691899519313
15.700999999997068, 128.26671516368992
15.701999999997067, 128.27721780942994
15.702999999997067, 128.28849000085629
15.703999999997063, 128.3005905723596
15.704999999997064, 128.31350401837545
15.705999999997065, 128.32715140939905
15.706999999997064, 128.3414517823506
15.707999999997064, 128.35632417415033
15.708999999997063, 128.37168762171842
15.709999999997063, 128.38746116197507
15.710999999997062, 128.4035638318406
15.711999999997063, 128.41991466823498
15.712999999997061, 128.43643270807863
15.71399999999706, 128.45303698829167
15.714999999997062, 128.46964654579438
15.71599999999706, 128.48618041750683
15.716999999997057, 128.50255764034938
15.71799999999706, 128.51869725124214
15.718999999997058, 128.53451828710536
15.719999999997057, 128.54993978485928
15.72099999999706, 128.56488078142405
15.721999999997056, 128.57926031371983
15.722999999997056, 128.592997764006
15.723999999997057, 128.6060441186439
15.724999999997054, 128.6184069120305
15.725999999997054, 128.6300995484355
15.726999999997052, 128.6411354321287
15.727999999997053, 128.65152796737976
15.728999999997052, 128.66129055845846
15.72999999999705, 128.67043660963444
15.730999999997051, 128.6789795251775
15.73199999999705, 128.68693270935742
15.732999999997048, 128.69430956644388
15.73399999999705, 128.70112350070656
15.734999999997052, 128.70738791641526
15.73599999999705, 128.71311621783966
15.736999999997048, 128.71832180924952
15.737999999997047, 128.7230180949146
15.738999999997048, 128.72721847910455
15.739999999997046, 128.73093636608914
15.740999999997044, 128.73418516013817
15.741999999997045, 128.73697826552126
15.742999999997044, 128.73934168854458
15.743999999997044, 128.7413519598914
15.744999999997043, 128.74309827046417
15.745999999997043, 128.7446698111653
15.746999999997042, 128.74615577289723
15.747999999997042, 128.74764534656242
15.748999999997041, 128.74922772306334
15.74999999999704, 128.75099209330244
15.75099999999704, 128.75302764818213
15.75199999999704, 128.75542357860488
15.75299999999704, 128.7582690754731
15.753999999997038, 128.7616533296893
15.754999999997038, 128.76566553215582
15.755999999997039, 128.77039487377522
15.756999999997037, 128.77593054544994
15.757999999997036, 128.78236173808236
15.758999999997037, 128.78977764257496
15.759999999997037, 128.79826744983018
15.760999999997033, 128.80792035075044
15.761999999997036, 128.81881243481072
15.762999999997033, 128.8308929108467
15.763999999997033, 128.84403977915773
15.76499999999703, 128.8581302514706
15.765999999997032, 128.87304153951203
15.766999999997031, 128.8886508550089
15.767999999997029, 128.90483540968805
15.768999999997032, 128.9214724152761
15.76999999999703, 128.93843908350001
15.77099999999703, 128.95561262608646
15.771999999997028, 128.97287025476234
15.772999999997028, 128.99008918125435
15.773999999997027, 129.0071466172893
15.774999999997027, 129.023919774594
15.775999999997026, 129.04028586489528
15.776999999997026, 129.05612209991986
15.777999999997025, 129.07130569139457
15.778999999997025, 129.0857138510462
15.779999999997024, 129.09922379060157
15.780999999997023, 129.1117157329851
15.781999999997023, 129.12316459233017
15.782999999997022, 129.13365671838343
15.783999999997022, 129.1432848488276
15.784999999997021, 129.152141721345
15.78599999999702, 129.1603200736182
15.78699999999702, 129.16791264332966
15.78799999999702, 129.17501216816197
15.788999999997019, 129.18171138579754
15.789999999997018, 129.18810303391888
15.790999999997021, 129.19427985020855
15.791999999997017, 129.20033457234905
15.792999999997017, 129.2063599380228
15.793999999997014, 129.21244868491237
15.794999999997016, 129.21869355070024
15.795999999997015, 129.22518727306894
15.796999999997016, 129.2320225897009
15.797999999997014, 129.23929223827872
15.798999999997013, 129.2470889564848
15.799999999997015, 129.25550538205397
15.800999999997012, 129.2645944612213
15.801999999997012, 129.27430908639133
15.80299999999701, 129.2845866298121
15.80399999999701, 129.29536446373146
15.80499999999701, 129.3065799603974
15.805999999997008, 129.31817049205782
15.806999999997009, 129.33007343096068
15.807999999997008, 129.34222614935385
15.808999999997006, 129.3545660194854
15.809999999997007, 129.3670304136031
15.810999999997007, 129.379556703955
15.811999999997004, 129.392082262789
15.812999999997006, 129.40454446235293
15.813999999997005, 129.41688067489494
15.814999999997006, 129.42902827266275
15.815999999997004, 129.44092462790445
15.816999999997003, 129.45250711286786
15.817999999997005, 129.46371309980103
15.818999999997002, 129.47447996095173
15.819999999997002, 129.4847559065649
15.820999999997003, 129.4945522278526
15.821999999997, 129.50390297766089
15.822999999997, 129.5128422395124
15.823999999997, 129.52140409692964
15.824999999996999, 129.5296226334353
15.825999999996998, 129.537531932552
15.826999999996998, 129.54516607780235
15.827999999996997, 129.5525591527089
15.828999999996997, 129.5597452407943
15.829999999996996, 129.56675842558124
15.830999999996996, 129.5736327905922
15.831999999996999, 129.58040241934987
15.832999999996991, 129.58710139537686
15.833999999996994, 129.59376380219572
15.834999999996997, 129.60042372332916
15.835999999996993, 129.60711524229976
15.836999999996992, 129.61387244263003
15.837999999996995, 129.6207294078427
15.838999999996993, 129.62771860612892
15.839999999996989, 129.63484787837862
15.840999999996994, 129.64210587076977
15.84199999999699, 129.64948072186553
15.842999999996989, 129.65696057022905
15.843999999996987, 129.66453355442354
15.844999999996986, 129.67218781301224
15.845999999996987, 129.67991148455832
15.846999999996985, 129.68769270762502
15.847999999996986, 129.69551962077543
15.848999999996986, 129.70338036257286
15.849999999996983, 129.71126307158045
15.850999999996985, 129.71915588636136
15.851999999996984, 129.72704694547886
15.852999999996982, 129.7349243874961
15.853999999996983, 129.74277635097627
15.854999999996982, 129.75059097448263
15.855999999996982, 129.75835639657825
15.85699999999698, 129.76606075582646
15.857999999996979, 129.77369232155814
15.85899999999698, 129.7812483885154
15.85999999999698, 129.78874096470796
15.860999999996979, 129.79618341236062
15.861999999996979, 129.80358909369787
15.86299999999698, 129.81097137094434
15.863999999996977, 129.81834360632465
15.864999999996977, 129.82571916206342
15.865999999996976, 129.83311140038526
15.866999999996976, 129.8405336835147
15.867999999996977, 129.84799937367652
15.868999999996975, 129.8555218330952
15.869999999996974, 129.86311442399534
15.87099999999697, 129.87079050860157
15.871999999996973, 129.8785634491385
15.872999999996974, 129.88644660783075
15.873999999996974, 129.89445334690294
15.874999999996971, 129.90259702857963
15.875999999996973, 129.91089101508555
15.87699999999697, 129.91934866829442
15.87799999999697, 129.9279732355639
15.87899999999697, 129.93673139250419
15.879999999996969, 129.94558155165356
15.88099999999697, 129.95448212555044
15.88199999999697, 129.9633915267332
15.882999999996967, 129.97226816774022
15.883999999996965, 129.98107046110982
15.884999999996964, 129.98975681938043
15.885999999996965, 129.99828565509043
15.886999999996965, 130.00661538077813
15.887999999996962, 130.01470440898194
15.888999999996964, 130.02251115224027
15.889999999996963, 130.0299940230914
15.89099999999696, 130.0371114340738
15.891999999996962, 130.04382179772577
15.892999999996965, 130.05008352658575
15.893999999996963, 130.05585503319213
15.89499999999696, 130.0610947300831
15.89599999999696, 130.06576102979727
15.89699999999696, 130.06982178677214
15.89799999999696, 130.07332624012162
15.898999999996958, 130.07636519887217
15.899999999996957, 130.07902980574409
15.900999999996959, 130.08141120345772
15.901999999996956, 130.08360053473336
15.902999999996956, 130.0856889422914
15.903999999996955, 130.0877675688521
15.904999999996955, 130.08992755713575
15.90599999999695, 130.09226004986274
15.906999999996954, 130.09485618975341
15.907999999996953, 130.09780711952806
15.908999999996952, 130.10120398190693
15.909999999996952, 130.10513791961048
15.910999999996951, 130.1097000753589
15.91199999999695, 130.11498159187266
15.912999999996952, 130.1210736118719
15.913999999996953, 130.1280672780771
15.91499999999695, 130.13605373320854
15.915999999996949, 130.14512119527515
15.91699999999695, 130.1552809182789
15.917999999996947, 130.1664613862389
15.918999999996947, 130.17858699534165
15.919999999996948, 130.1915821417738
15.920999999996946, 130.20537122172212
15.921999999996945, 130.21987863137312
15.922999999996946, 130.2350287669135
15.923999999996946, 130.25074602452992
15.924999999996944, 130.26695480040897
15.925999999996941, 130.28357949073734
15.926999999996942, 130.30054449170166
15.927999999996942, 130.31777419948855
15.92899999999694, 130.33519301028468
15.92999999999694, 130.35272532027668
15.93099999999694, 130.3702955256512
15.931999999996936, 130.38782802259485
15.932999999996937, 130.40524720729434
15.933999999996939, 130.42247747593626
15.934999999996938, 130.43944327081908
15.935999999996938, 130.45607998029917
15.936999999996937, 130.47234801624512
15.937999999996938, 130.4882112715838
15.938999999996936, 130.503633639242
15.939999999996939, 130.51857901214652
15.940999999996937, 130.53301128322414
15.941999999996934, 130.54689434540168
15.942999999996934, 130.56019209160596
15.943999999996933, 130.57286841476366
15.944999999996933, 130.58488720780178
15.945999999996932, 130.59621236364694
15.946999999996933, 130.606807775226
15.94799999999693, 130.61663733546584
15.94899999999693, 130.62566493729312
15.94999999999693, 130.6338544736347
15.95099999999693, 130.64116983741744
15.951999999996932, 130.64757492156807
15.952999999996928, 130.65303361901337
15.953999999996928, 130.65750982268023
15.95499999999693, 130.66099187206672
15.955999999996926, 130.66359615106228
15.956999999996926, 130.66548082369368
15.957999999996927, 130.66680407716555
15.958999999996923, 130.66772409868236
15.959999999996922, 130.66839907544886
15.960999999996925, 130.66898719466946
15.961999999996923, 130.66964664354884
15.96299999999692, 130.67053560929153
15.96399999999692, 130.67181227910217
15.964999999996921, 130.67363484018534
15.965999999996919, 130.6761614797456
15.966999999996917, 130.67955038498746
15.96799999999692, 130.68395974311565
15.96899999999692, 130.68954774133462
15.969999999996917, 130.69647256684902
15.970999999996918, 130.70489240686348
15.971999999996918, 130.71496544858246
15.972999999996915, 130.72684987921062
15.973999999996916, 130.74068791131046
15.974999999996916, 130.75640878459825
15.975999999996915, 130.77379017283454
15.976999999996915, 130.79260650368357
15.977999999996914, 130.8126322048097
15.978999999996914, 130.83364170387728
15.979999999996913, 130.85540942855064
15.980999999996913, 130.8777098064941
15.981999999996912, 130.90031726537197
15.982999999996911, 130.9230062328486
15.98399999999691, 130.94555113658834
15.98499999999691, 130.96772640425553
15.98599999999691, 130.98930646351442
15.98699999999691, 131.01006574202944
15.98799999999691, 131.02977866746485
15.988999999996908, 131.04821966748503
15.989999999996911, 131.06516316975433
15.990999999996907, 131.080383601937
15.991999999996906, 131.09365539169744
15.992999999996908, 131.10475589243853
15.993999999996905, 131.11361975171133
15.994999999996905, 131.12041547090752
15.995999999996906, 131.12533054805107
15.996999999996904, 131.12855248116588
15.997999999996905, 131.1302687682758
15.998999999996904, 131.13066690740482
15.999999999996904, 131.12993439657674
16.000999999996903, 131.12825873381553
16.001999999996904, 131.12582741714505
16.002999999996906, 131.1228279445892
16.003999999996907, 131.1194478141719
16.00499999999691, 131.11587452391706
16.00599999999691, 131.1122955718486
16.006999999996914, 131.10889845599036
16.007999999996912, 131.10587067436626
16.00899999999691, 131.10339972500023
16.009999999996914, 131.10167310591615
16.010999999996915, 131.10087831513795
16.011999999996917, 131.1012028359517
16.012999999996918, 131.10277753555036
16.01399999999692, 131.10554853155526
16.01499999999692, 131.10942431851737
16.01599999999692, 131.1143133909879
16.016999999996923, 131.12012424351784
16.017999999996924, 131.1267653706584
16.018999999996925, 131.13414526696064
16.019999999996926, 131.1421724269757
16.020999999996928, 131.15075534525462
16.02199999999693, 131.15980251634852
16.02299999999693, 131.16922243480852
16.02399999999693, 131.17892359518572
16.024999999996933, 131.18881449203127
16.025999999996934, 131.19880361989624
16.026999999996935, 131.20879947333168
16.027999999996936, 131.21871054688876
16.028999999996937, 131.22844533511858
16.02999999999694, 131.2379123325722
16.03099999999694, 131.24702003380074
16.03199999999694, 131.2556888397681
16.032999999996942, 131.26393079931023
16.033999999996944, 131.2718005119961
16.034999999996945, 131.2793528117942
16.035999999996946, 131.28664253267317
16.03699999999695, 131.29372450860149
16.03799999999695, 131.30065357354755
16.038999999996946, 131.30748456148007
16.03999999999695, 131.31427230636749
16.04099999999695, 131.3210716421783
16.041999999996953, 131.32793740288116
16.042999999996958, 131.3349244224445
16.043999999996956, 131.34208753483685
16.044999999996957, 131.34948157402673
16.045999999996962, 131.35716137398273
16.04699999999696, 131.36518176867332
16.04799999999696, 131.37359759206703
16.048999999996962, 131.38246367813244
16.049999999996963, 131.391834860838
16.050999999996968, 131.40176335606222
16.05199999999697, 131.41224298986714
16.05299999999697, 131.42321019541703
16.053999999996968, 131.4345989871882
16.05499999999697, 131.44634337965704
16.055999999996967, 131.4583773872999
16.05699999999697, 131.47063502459318
16.057999999996973, 131.48305030601324
16.058999999996974, 131.4955572460364
16.059999999996975, 131.508089859139
16.060999999996977, 131.52058215979747
16.061999999996978, 131.5329681624881
16.06299999999698, 131.54518188168734
16.06399999999698, 131.55715733187145
16.064999999996985, 131.56882852751684
16.065999999996983, 131.58012948309988
16.066999999996984, 131.590994213097
16.067999999996985, 131.60135673198437
16.06899999999699, 131.61115105423852
16.069999999996988, 131.62031136620487
16.070999999996985, 131.6287986601967
16.07199999999699, 131.63662958339904
16.072999999996988, 131.6438277092332
16.073999999996992, 131.65041661112056
16.074999999996994, 131.65641986248232
16.075999999996995, 131.66186103673982
16.076999999996996, 131.6667637073143
16.077999999996997, 131.6711514476271
16.078999999997002, 131.67504783109953
16.079999999997, 131.6784764311529
16.080999999997, 131.68146082120842
16.081999999997002, 131.6840245746875
16.082999999997003, 131.68619126501136
16.083999999997005, 131.68798446560132
16.084999999997006, 131.68942774987866
16.085999999997007, 131.6905446912647
16.08699999999701, 131.6913588631807
16.08799999999701, 131.69189383904802
16.08899999999701, 131.69217319228795
16.089999999997012, 131.6922305969693
16.09099999999701, 131.69214738823115
16.091999999997014, 131.69201894572632
16.092999999997016, 131.6919406510965
16.093999999997017, 131.6920078859832
16.094999999997018, 131.6923160320281
16.09599999999702, 131.69296047087275
16.09699999999702, 131.6940365841588
16.097999999997022, 131.69563975352784
16.098999999997023, 131.69786536062148
16.099999999997024, 131.7008087870813
16.10099999999703, 131.7045654145489
16.101999999997027, 131.70923062466596
16.102999999997024, 131.7148997990741
16.10399999999703, 131.72166831941473
16.104999999997027, 131.7296315673297
16.10599999999703, 131.7388849244605
16.106999999997033, 131.74952377244875
16.107999999997034, 131.76164349293606
16.108999999997035, 131.7753271050832
16.109999999997036, 131.79051263747704
16.110999999997038, 131.80704396656571
16.11199999999704, 131.8247633719679
16.11299999999704, 131.84351313330205
16.113999999997045, 131.86313553018692
16.114999999997043, 131.88347284224088
16.115999999997044, 131.9043673490827
16.116999999997045, 131.92566133033085
16.117999999997046, 131.94719706560392
16.118999999997047, 131.9688168345206
16.11999999999705, 131.99036291669935
16.12099999999705, 132.01167759175883
16.12199999999705, 132.0326031393176
16.122999999997052, 132.0529818389942
16.123999999997054, 132.0726559704073
16.124999999997055, 132.09146781317543
16.125999999997056, 132.1092596469172
16.126999999997057, 132.12587375125116
16.12799999999706, 132.1411548516868
16.12899999999706, 132.1550527629563
16.12999999999706, 132.16765990226023
16.130999999997062, 132.17907885517167
16.131999999997063, 132.18941220726356
16.132999999997068, 132.19876254410894
16.133999999997066, 132.2072324512808
16.134999999997063, 132.21492451435216
16.13599999999707, 132.2219413188961
16.136999999997066, 132.22838545048558
16.13799999999707, 132.2343594946936
16.138999999997072, 132.2399660370932
16.139999999997073, 132.2453076632574
16.140999999997074, 132.2504869587592
16.141999999997076, 132.25560650917163
16.142999999997077, 132.2607689000677
16.143999999997078, 132.26607671702038
16.14499999999708, 132.27163254560278
16.14599999999708, 132.27753897138786
16.146999999997078, 132.2838985493579
16.147999999997083, 132.29077604467494
16.148999999997084, 132.29812480353098
16.149999999997085, 132.30587773872017
16.150999999997087, 132.3139677630365
16.151999999997088, 132.3223277892742
16.152999999997085, 132.33089073022728
16.15399999999709, 132.33958949868983
16.15499999999709, 132.3483570074559
16.155999999997093, 132.35712616931963
16.156999999997094, 132.3658298970751
16.157999999997095, 132.37440110351633
16.158999999997096, 132.38277270143752
16.159999999997098, 132.3908776036327
16.1609999999971, 132.39864872289596
16.1619999999971, 132.40601897202134
16.1629999999971, 132.41292126380299
16.163999999997102, 132.41928851103498
16.164999999997107, 132.42505362651139
16.165999999997105, 132.43014952302633
16.166999999997103, 132.43452493531862
16.167999999997107, 132.43823765876274
16.168999999997105, 132.44139145060254
16.16999999999711, 132.4440902291871
16.170999999997115, 132.44643791286558
16.171999999997112, 132.44853841998693
16.172999999997113, 132.45049566890026
16.173999999997115, 132.45241357795462
16.174999999997116, 132.45439606549903
16.17599999999712, 132.4565470498826
16.176999999997122, 132.4589704494544
16.17799999999712, 132.46177018256344
16.17899999999712, 132.46505016755881
16.179999999997122, 132.4689143227896
16.180999999997123, 132.47346656660483
16.181999999997124, 132.4788108173536
16.182999999997126, 132.48505099338493
16.183999999997127, 132.49229101304786
16.184999999997128, 132.5006347946915
16.18599999999713, 132.51018084114565
16.18699999999713, 132.52092419386912
16.187999999997132, 132.53276695067146
16.188999999997133, 132.54560790496862
16.189999999997134, 132.5593458501766
16.190999999997135, 132.57387957971142
16.191999999997137, 132.58910788698893
16.192999999997138, 132.60492956542527
16.19399999999714, 132.62124340843627
16.19499999999714, 132.63794820943806
16.19599999999714, 132.65494276184648
16.196999999997146, 132.67212585907754
16.197999999997144, 132.6893962945473
16.19899999999714, 132.7066528616716
16.199999999997146, 132.72379435386654
16.200999999997144, 132.74071956454807
16.20199999999715, 132.75732728713217
16.20299999999715, 132.77351631503475
16.20399999999715, 132.78918544167186
16.204999999997153, 132.80423391522598
16.205999999997154, 132.8186107879406
16.20699999999716, 132.83235914991195
16.207999999997156, 132.84553252952068
16.208999999997157, 132.85818445514764
16.20999999999716, 132.87036845517338
16.21099999999716, 132.88213805797875
16.21199999999716, 132.89354679194446
16.212999999997162, 132.90464818545107
16.213999999997164, 132.91549576687956
16.214999999997165, 132.92614306461047
16.215999999997166, 132.9366436070245
16.216999999997167, 132.94705092250248
16.21799999999717, 132.95741853942505
16.21899999999717, 132.96779998617293
16.21999999999717, 132.9782487911269
16.220999999997172, 132.9888184826676
16.221999999997173, 132.99956258917575
16.222999999997175, 133.01053463903213
16.223999999997176, 133.02178816061743
16.224999999997173, 133.03336352977522
16.22599999999718, 133.04524517365667
16.22699999999718, 133.05740264531227
16.22799999999718, 133.06980549767198
16.228999999997185, 133.08242328366572
16.229999999997183, 133.0952255562234
16.230999999997188, 133.10818186827498
16.231999999997186, 133.1212617727503
16.232999999997183, 133.13443482257938
16.233999999997188, 133.14767057069204
16.23499999999719, 133.16093857001835
16.23599999999719, 133.17420837348797
16.23699999999719, 133.1874495340311
16.237999999997193, 133.2006316045775
16.238999999997194, 133.21372413805716
16.239999999997195, 133.22669668739996
16.240999999997197, 133.23951880553582
16.241999999997198, 133.25216004539473
16.2429999999972, 133.26458995990652
16.2439999999972, 133.276780197626
16.2449999999972, 133.28872413967295
16.245999999997203, 133.30042803301177
16.246999999997207, 133.31189829264056
16.247999999997205, 133.32314133355726
16.24899999999721, 133.33416357076004
16.249999999997208, 133.34497141924675
16.25099999999721, 133.3555712940155
16.25199999999721, 133.3659696100643
16.25299999999721, 133.37617278239117
16.253999999997212, 133.38618722599418
16.254999999997214, 133.39601935587118
16.255999999997215, 133.40567558702037
16.256999999997216, 133.41516233443974
16.257999999997217, 133.42448601312722
16.25899999999722, 133.43365303808096
16.25999999999722, 133.4426698242989
16.260999999997225, 133.45154278677904
16.261999999997222, 133.46027834051947
16.26299999999722, 133.46888288071418
16.263999999997225, 133.47736210831889
16.264999999997222, 133.48572086392173
16.265999999997227, 133.49396393460063
16.26699999999723, 133.5020961074336
16.26799999999723, 133.5101221694987
16.26899999999723, 133.51804690787384
16.269999999997232, 133.52587510963704
16.270999999997233, 133.5336115618663
16.271999999997234, 133.54126105163965
16.272999999997236, 133.54882836603502
16.273999999997237, 133.55631829213044
16.27499999999724, 133.56373561700389
16.275999999997243, 133.5710851277334
16.27699999999724, 133.57837161139688
16.277999999997242, 133.5855998550724
16.27899999999724, 133.59277464583795
16.279999999997244, 133.59990077077143
16.280999999997245, 133.60698301695095
16.281999999997243, 133.6140261761301
16.282999999997248, 133.62103768752868
16.28399999999725, 133.62803205284428
16.28499999999725, 133.6350249387013
16.28599999999725, 133.64203201172404
16.286999999997253, 133.649068938537
16.287999999997254, 133.65615138576453
16.288999999997255, 133.663295020031
16.289999999997256, 133.67051550796086
16.290999999997254, 133.67782851617844
16.29199999999726, 133.68524971130816
16.292999999997264, 133.69279475997433
16.29399999999726, 133.70047932880146
16.29499999999726, 133.7083190844139
16.295999999997264, 133.71632969343597
16.29699999999726, 133.7245268224921
16.297999999997266, 133.73292613820672
16.298999999997264, 133.74154330720415
16.29999999999727, 133.75039399610884
16.300999999997273, 133.75949387154512
16.301999999997275, 133.76885637344134
16.302999999997272, 133.7784811657458
16.303999999997274, 133.7883626502978
16.304999999997275, 133.79849521842345
16.305999999997276, 133.80887326144884
16.30699999999728, 133.8194911706999
16.30799999999728, 133.8303433375027
16.30899999999728, 133.84142415318325
16.30999999999728, 133.85272800906762
16.310999999997282, 133.86424929648186
16.31199999999728, 133.87598240675192
16.31299999999728, 133.88792173120385
16.313999999997282, 133.9000616611637
16.314999999997287, 133.91239658795752
16.31599999999729, 133.92492090291134
16.31699999999729, 133.9376289973511
16.31799999999729, 133.95051526260292
16.31899999999729, 133.96357408999285
16.319999999997293, 133.97679987084683
16.320999999997294, 133.99018542460254
16.321999999997296, 134.0036976126608
16.322999999997297, 134.01728198865024
16.323999999997298, 134.03088347574078
16.324999999997303, 134.04444699710237
16.3259999999973, 134.05791747590496
16.326999999997298, 134.0712398353184
16.327999999997303, 134.08435899851267
16.328999999997308, 134.0972198886576
16.329999999997305, 134.1097674289232
16.330999999997307, 134.1219465424793
16.331999999997308, 134.13370215249589
16.332999999997313, 134.1449791821429
16.33399999999731, 134.1557225545901
16.33499999999731, 134.1658771930076
16.335999999997313, 134.17538802056515
16.336999999997314, 134.18419996043275
16.337999999997315, 134.19225793578033
16.338999999997316, 134.1995068697778
16.339999999997318, 134.20589235700868
16.34099999999732, 134.2114142117834
16.34199999999732, 134.2161654643311
16.34299999999732, 134.22024834084297
16.343999999997322, 134.2237650675102
16.344999999997324, 134.2268178705238
16.345999999997325, 134.22950897607504
16.346999999997326, 134.23194061035503
16.347999999997324, 134.23421499955487
16.34899999999733, 134.23643436986586
16.34999999999733, 134.23870094747906
16.350999999997335, 134.24111695858556
16.351999999997332, 134.24378462937665
16.352999999997333, 134.2468061860434
16.353999999997335, 134.2502838547769
16.354999999997336, 134.25431986176847
16.355999999997337, 134.25901643320907
16.356999999997342, 134.26447579529
16.35799999999734, 134.27080017420235
16.358999999997337, 134.27809179604245
16.359999999997342, 134.28641663012175
16.36099999999734, 134.2957015698479
16.361999999997344, 134.30584016689255
16.362999999997346, 134.31672597292746
16.363999999997347, 134.3282525396245
16.364999999997348, 134.34031341865546
16.36599999999735, 134.35280216169207
16.36699999999735, 134.3656123204061
16.367999999997352, 134.37863744646938
16.368999999997357, 134.39177109155366
16.369999999997354, 134.40490680733078
16.370999999997355, 134.4179381454725
16.371999999997357, 134.43075865765059
16.372999999997358, 134.44326189553686
16.37399999999736, 134.45534141080302
16.37499999999736, 134.46689075512094
16.37599999999736, 134.47780348016238
16.376999999997363, 134.48797313759914
16.377999999997364, 134.49729327910302
16.378999999997365, 134.50566945321884
16.379999999997366, 134.51311769805494
16.380999999997368, 134.51971362291636
16.38199999999737, 134.52553341531853
16.38299999999737, 134.5306532627768
16.38399999999737, 134.53514935280654
16.384999999997373, 134.5390978729232
16.385999999997374, 134.54257501064228
16.386999999997375, 134.54565695347895
16.387999999997376, 134.54841988894879
16.38899999999738, 134.55094000456714
16.38999999999738, 134.55329348784937
16.390999999997376, 134.5555565263109
16.39199999999738, 134.55780530746716
16.39299999999738, 134.56011601883353
16.393999999997384, 134.5625648479254
16.394999999997385, 134.56522798225816
16.395999999997386, 134.56818160934728
16.396999999997387, 134.57150191670803
16.39799999999739, 134.5752637192057
16.39899999999739, 134.57950190013548
16.39999999999739, 134.58420612706925
16.400999999997392, 134.5893636329783
16.401999999997393, 134.5949616508339
16.402999999997398, 134.60098741360747
16.403999999997396, 134.60742815427034
16.404999999997397, 134.6142711057939
16.405999999997398, 134.62150350114945
16.406999999997403, 134.62911257330836
16.4079999999974, 134.637085555242
16.408999999997405, 134.6454096799216
16.409999999997403, 134.65407218031868
16.410999999997404, 134.66306028940454
16.411999999997406, 134.67236124015048
16.412999999997407, 134.68196226552783
16.413999999997408, 134.691850598508
16.41499999999741, 134.70201347206236
16.41599999999741, 134.71243811916213
16.41699999999741, 134.72311176237565
16.417999999997413, 134.73401835503466
16.418999999997414, 134.7451339480899
16.419999999997415, 134.7564334221405
16.42099999999742, 134.76789165778575
16.421999999997418, 134.77948353562485
16.422999999997415, 134.79118393625697
16.42399999999742, 134.80296774028133
16.424999999997418, 134.8148098282971
16.425999999997423, 134.8266850809035
16.426999999997424, 134.83856837869976
16.427999999997425, 134.85043460228513
16.428999999997426, 134.8622586322587
16.429999999997428, 134.87401534921975
16.43099999999743, 134.8856796337674
16.43199999999743, 134.89722636650097
16.43299999999743, 134.9086304280196
16.433999999997432, 134.91986669892253
16.434999999997434, 134.9309100598089
16.435999999997435, 134.94173539127794
16.436999999997436, 134.95231930280147
16.437999999997437, 134.962648021277
16.43899999999744, 134.97271109834963
16.43999999999744, 134.9824980888479
16.440999999997437, 134.9919985476006
16.441999999997442, 135.00120202943634
16.442999999997443, 135.01009808918388
16.443999999997445, 135.01867628167187
16.444999999997446, 135.02692616172897
16.445999999997447, 135.03483728418385
16.44699999999745, 135.04239920386527
16.44799999999745, 135.0496014756018
16.44899999999745, 135.05643365422216
16.449999999997452, 135.06288529455506
16.450999999997453, 135.0689459514292
16.451999999997454, 135.07460517967317
16.45299999999746, 135.07985253411573
16.453999999997457, 135.08467756958552
16.454999999997455, 135.08906984091124
16.45599999999746, 135.0930218292376
16.456999999997457, 135.09656811000735
16.45799999999746, 135.0997748187684
16.458999999997463, 135.10270885560686
16.459999999997464, 135.10543712060874
16.46099999999747, 135.10802651386018
16.461999999997467, 135.11054393544717
16.462999999997468, 135.1130562854559
16.46399999999747, 135.1156304639724
16.46499999999747, 135.11833337108266
16.46599999999747, 135.12123190687285
16.46699999999747, 135.12439297142905
16.467999999997474, 135.12788346483728
16.468999999997475, 135.13177028718366
16.469999999997476, 135.1361203385542
16.470999999997478, 135.14100051903512
16.47199999999748, 135.14647772871234
16.47299999999748, 135.15261886767203
16.47399999999748, 135.15949083600023
16.474999999997486, 135.16715970988093
16.47599999999748, 135.17564064017907
16.476999999997485, 135.1848689739233
16.477999999997486, 135.19477309064553
16.478999999997487, 135.20528136987738
16.47999999999749, 135.21632219115065
16.48099999999749, 135.22782393399706
16.48199999999749, 135.23971497794838
16.482999999997492, 135.25192370253635
16.483999999997494, 135.26437848729276
16.4849999999975, 135.27700771174926
16.485999999997496, 135.28973975543767
16.486999999997494, 135.30250299788975
16.4879999999975, 135.3152258186372
16.488999999997496, 135.32783659721176
16.4899999999975, 135.34026371314525
16.490999999997502, 135.35243554596937
16.491999999997503, 135.36428047521585
16.492999999997505, 135.37572688041644
16.493999999997506, 135.3867031431052
16.494999999997507, 135.3971579335502
16.495999999997508, 135.40711012507518
16.496999999997513, 135.41659376476233
16.49799999999751, 135.42564289969374
16.498999999997512, 135.43429157695178
16.499999999997513, 135.4425738436185
16.500999999997518, 135.45052374677624
16.501999999997516, 135.45817533350709
16.502999999997517, 135.46556265089328
16.503999999997518, 135.47271974601708
16.50499999999752, 135.47968066596056
16.505999999997517, 135.48647945780604
16.50699999999752, 135.4931501686357
16.507999999997523, 135.4997268455317
16.508999999997524, 135.5062435355763
16.509999999997525, 135.51273428585165
16.510999999997527, 135.51923314343998
16.511999999997528, 135.52577415542348
16.51299999999753, 135.53239136888433
16.51399999999753, 135.53911605860168
16.51499999999753, 135.54595674039572
16.515999999997533, 135.55291076817537
16.516999999997537, 135.55997541898154
16.517999999997535, 135.56714796985528
16.518999999997533, 135.57442569783765
16.519999999997538, 135.58180587996958
16.520999999997535, 135.58928579329216
16.52199999999754, 135.59686271484637
16.522999999997545, 135.60453392167327
16.523999999997542, 135.6122966908139
16.524999999997544, 135.62014829930922
16.525999999997545, 135.62808602420026
16.526999999997546, 135.63610714252806
16.527999999997547, 135.6442089313337
16.528999999997545, 135.6523886676581
16.52999999999755, 135.6606436285423
16.530999999997555, 135.6689710910274
16.531999999997552, 135.67736833215434
16.532999999997553, 135.68583223596437
16.533999999997555, 135.6943500646181
16.534999999997556, 135.70289912297721
16.535999999997557, 135.71145625579544
16.53699999999756, 135.71999830782653
16.53799999999756, 135.72850212382414
16.538999999997564, 135.73694454854203
16.539999999997562, 135.7453024267339
16.540999999997563, 135.75355260315342
16.541999999997564, 135.76167192255443
16.542999999997566, 135.76963722969043
16.543999999997567, 135.77742536931538
16.544999999997568, 135.78501318618282
16.54599999999757, 135.79237752504656
16.54699999999757, 135.79949523066026
16.54799999999757, 135.80634314777762
16.548999999997577, 135.81289812115241
16.549999999997574, 135.81913699553834
16.550999999997572, 135.82503661568907
16.551999999997577, 135.8305738939525
16.552999999997574, 135.8357390226723
16.55399999999758, 135.84055132387618
16.55499999999758, 135.84503398472367
16.55599999999758, 135.84921019237407
16.556999999997583, 135.8531031339869
16.557999999997584, 135.85673599672157
16.558999999997585, 135.86013196773754
16.559999999997586, 135.8633142341942
16.560999999997588, 135.8663059832511
16.56199999999759, 135.86913040206753
16.56299999999759, 135.871810677803
16.56399999999759, 135.874369997617
16.564999999997593, 135.87683154866886
16.565999999997597, 135.87921851811805
16.566999999997595, 135.88155409312407
16.567999999997596, 135.88386146084625
16.568999999997597, 135.88616380844414
16.5699999999976, 135.88848432307708
16.570999999997603, 135.8908461919046
16.5719999999976, 135.89327260208609
16.5729999999976, 135.89578674078095
16.573999999997604, 135.89841179514866
16.574999999997605, 135.90117095234868
16.575999999997606, 135.90408739954037
16.576999999997607, 135.90718432388326
16.57799999999761, 135.91048491253673
16.57899999999761, 135.91401235266022
16.57999999999761, 135.9177898314132
16.580999999997616, 135.92184053595506
16.581999999997613, 135.92618765344528
16.582999999997618, 135.93085437104327
16.583999999997616, 135.93586387590847
16.584999999997613, 135.94123935520034
16.585999999997618, 135.94700399607828
16.58699999999762, 135.95318098570172
16.58799999999762, 135.95979351123017
16.588999999997622, 135.96686475982304
16.589999999997623, 135.97441791863972
16.590999999997628, 135.9824741059499
16.591999999997626, 135.9910283460282
16.592999999997627, 136.000057804451
16.593999999997628, 136.00953929957498
16.59499999999763, 136.01944964975672
16.59599999999763, 136.02976567335295
16.596999999997635, 136.0404641887203
16.597999999997633, 136.05152201421538
16.598999999997634, 136.0629159681948
16.599999999997635, 136.0746228690153
16.600999999997637, 136.08661953503344
16.601999999997638, 136.0988827846059
16.60299999999764, 136.11138943608935
16.60399999999764, 136.1241163078404
16.60499999999764, 136.1370402182157
16.60599999999764, 136.15013798557197
16.606999999997644, 136.1633864282657
16.607999999997645, 136.17676236465365
16.608999999997646, 136.19024261309247
16.609999999997648, 136.20380382629685
16.61099999999765, 136.21741458829015
16.61199999999765, 136.2310319474841
16.612999999997655, 136.24461206537265
16.613999999997652, 136.25811110344966
16.61499999999765, 136.27148522320908
16.615999999997655, 136.284690586145
16.616999999997653, 136.29768335375115
16.617999999997657, 136.3104196875216
16.61899999999766, 136.32285574895022
16.61999999999766, 136.33494769953097
16.620999999997665, 136.34665170075775
16.621999999997662, 136.35792391412454
16.622999999997663, 136.3687205011252
16.623999999997668, 136.3789976232538
16.62499999999767, 136.38871144200417
16.625999999997667, 136.39781811887028
16.62699999999767, 136.40627381534608
16.627999999997673, 136.4140346929254
16.62899999999767, 136.42105692437926
16.629999999997676, 136.42732175792173
16.630999999997673, 136.43288878250686
16.631999999997674, 136.43783284399925
16.632999999997676, 136.4422287882632
16.633999999997677, 136.4461514611633
16.634999999997678, 136.44967570856392
16.63599999999768, 136.45287637632956
16.63699999999768, 136.4558283103247
16.63799999999768, 136.4586063564138
16.638999999997683, 136.46128536046123
16.639999999997684, 136.46394016833156
16.640999999997685, 136.4666456258892
16.641999999997687, 136.4694765789986
16.642999999997688, 136.4725078735243
16.64399999999769, 136.47581435533064
16.644999999997694, 136.47947087028214
16.64599999999769, 136.4835522642433
16.64699999999769, 136.48813338307855
16.647999999997694, 136.49328907265232
16.64899999999769, 136.49908171883789
16.649999999997696, 136.50548224720694
16.650999999997698, 136.51242083455236
16.6519999999977, 136.51982747062698
16.6529999999977, 136.52763214518382
16.653999999997705, 136.53576484797577
16.654999999997706, 136.54415556875577
16.655999999997704, 136.55273429727688
16.656999999997705, 136.56143102329202
16.657999999997706, 136.57017573655412
16.658999999997707, 136.57889842681612
16.65999999999771, 136.58752908383093
16.660999999997706, 136.59599769735158
16.66199999999771, 136.60423425713108
16.662999999997712, 136.61216875292223
16.663999999997714, 136.61973117447812
16.664999999997715, 136.62685151155162
16.665999999997716, 136.63345975389572
16.66699999999772, 136.6394858912634
16.66799999999772, 136.64486349162968
16.66899999999772, 136.64960072696323
16.66999999999772, 136.6537763331607
16.670999999997722, 136.65747181554272
16.671999999997723, 136.66076867942982
16.672999999997725, 136.6637484301426
16.673999999997726, 136.66649257300153
16.674999999997727, 136.66908261332733
16.675999999997728, 136.67160005644044
16.676999999997733, 136.6741264076615
16.67799999999773, 136.6767431723111
16.67899999999773, 136.67953185570974
16.679999999997733, 136.68257396317802
16.68099999999773, 136.6859510000365
16.681999999997736, 136.6897444716058
16.682999999997737, 136.6940358832064
16.683999999997738, 136.69890674015892
16.68499999999774, 136.704438547784
16.68599999999774, 136.71071281140212
16.68699999999774, 136.71781068375597
16.687999999997743, 136.72576636831755
16.688999999997744, 136.73452048402368
16.689999999997745, 136.74400255454378
16.690999999997747, 136.75414210354748
16.691999999997748, 136.76486865470423
16.69299999999775, 136.7761117316835
16.69399999999775, 136.7878008581548
16.69499999999775, 136.79986555778774
16.695999999997753, 136.81223535425167
16.696999999997754, 136.82483977121615
16.69799999999775, 136.83760833235073
16.698999999997756, 136.85047056132478
16.699999999997758, 136.86335598180796
16.700999999997762, 136.87619411746965
16.70199999999776, 136.88891449197936
16.70299999999776, 136.90144662900664
16.703999999997762, 136.913720052221
16.704999999997764, 136.92566428529187
16.705999999997765, 136.93720885188887
16.706999999997763, 136.9482958503957
16.707999999997767, 136.95892413820727
16.708999999997772, 136.9691085796935
16.70999999999777, 136.9788640401511
16.710999999997767, 136.98820538487678
16.711999999997772, 136.99714747916727
16.71299999999777, 137.00570518831913
16.713999999997775, 137.0138933776292
16.714999999997776, 137.02172691239412
16.715999999997777, 137.02922065791057
16.71699999999778, 137.0363894794753
16.71799999999778, 137.043248242385
16.71899999999778, 137.0498118119363
16.719999999997782, 137.05609505342596
16.72099999999778, 137.06211283215075
16.721999999997784, 137.0678800134072
16.722999999997786, 137.07341146249215
16.723999999997787, 137.07872204470218
16.724999999997788, 137.08382662533413
16.725999999997793, 137.08873986883066
16.72699999999779, 137.0934742059699
16.72799999999779, 137.09804067312615
16.728999999997793, 137.10245028544296
16.729999999997794, 137.10671405806417
16.730999999997795, 137.1108430061334
16.731999999997797, 137.1148481447943
16.732999999997798, 137.11874048919074
16.7339999999978, 137.12253105446632
16.7349999999978, 137.12623085576476
16.7359999999978, 137.1298509082298
16.736999999997803, 137.13340222700506
16.737999999997804, 137.13689582723435
16.738999999997805, 137.14034272406133
16.739999999997806, 137.1437539326297
16.74099999999781, 137.14714046808314
16.74199999999781, 137.15051334556543
16.742999999997814, 137.1538835802202
16.74399999999781, 137.1572621871912
16.74499999999781, 137.16066010787165
16.745999999997814, 137.16408538555842
16.74699999999781, 137.16754228075885
16.747999999997816, 137.17103479934528
16.74899999999782, 137.17456694719
16.74999999999782, 137.17814273016532
16.75099999999782, 137.1817661541436
16.75199999999782, 137.18544122499708
16.752999999997822, 137.18917194859816
16.753999999997824, 137.192962330819
16.75499999999782, 137.1968163775321
16.755999999997826, 137.2007380946096
16.756999999997827, 137.20473148792394
16.75799999999783, 137.2088005633473
16.75899999999783, 137.21294932675215
16.75999999999783, 137.21718178401065
16.760999999997836, 137.2215019409952
16.761999999997833, 137.225913803578
16.762999999997835, 137.2304213776315
16.763999999997836, 137.23502866902797
16.764999999997837, 137.23973968363975
16.765999999997835, 137.24455842733903
16.766999999997836, 137.24948890599825
16.76799999999784, 137.25453512548955
16.768999999997842, 137.25970109168543
16.769999999997843, 137.26499081045807
16.770999999997844, 137.27040828767989
16.771999999997846, 137.27595752922315
16.77299999999785, 137.28164254096012
16.773999999997848, 137.28746732876314
16.774999999997846, 137.2934358985045
16.77599999999785, 137.29955225605656
16.776999999997848, 137.3058204072916
16.777999999997853, 137.31224435808195
16.778999999997854, 137.31882811429983
16.779999999997855, 137.32557568181772
16.780999999997857, 137.3324910665077
16.781999999997858, 137.33957827424234
16.78299999999786, 137.34684131089372
16.78399999999786, 137.35428418233434
16.78499999999786, 137.36191089443633
16.785999999997866, 137.36972545307216
16.78699999999786, 137.37773186411405
16.787999999997865, 137.38593413343432
16.788999999997866, 137.3943362669053
16.789999999997868, 137.40294227039928
16.79099999999787, 137.41175614978857
16.79199999999787, 137.4207819109455
16.79299999999787, 137.43002355974238
16.793999999997872, 137.4394851020515
16.794999999997874, 137.44917054374517
16.795999999997875, 137.45908389069575
16.796999999997876, 137.46922914877544
16.797999999997877, 137.47961032385666
16.79899999999788, 137.49023142181167
16.79999999999788, 137.50109644851278
16.80099999999788, 137.5122094098323
16.801999999997882, 137.5235743116426
16.802999999997883, 137.53519384635374
16.803999999997885, 137.54704715287198
16.80499999999789, 137.55909301067683
16.805999999997887, 137.57128952885756
16.806999999997885, 137.5835948165033
16.80799999999789, 137.59596698270306
16.808999999997887, 137.60836413654596
16.809999999997892, 137.6207443871211
16.81099999999789, 137.63306584351764
16.811999999997894, 137.64528661482458
16.812999999997896, 137.65736481013113
16.813999999997897, 137.66925853852632
16.814999999997898, 137.68092590909922
16.8159999999979, 137.692325030939
16.816999999997904, 137.70341401313473
16.817999999997905, 137.7141509647755
16.818999999997903, 137.72449399495048
16.819999999997904, 137.73440121274874
16.820999999997905, 137.74383072725925
16.821999999997907, 137.75274089860335
16.822999999997908, 137.76111409621373
16.823999999997906, 137.76897623617162
16.824999999997914, 137.77635783277995
16.825999999997908, 137.78328940034177
16.82699999999791, 137.78980145316007
16.827999999997914, 137.79592450553787
16.828999999997915, 137.80168907177813
16.829999999997916, 137.80712566618382
16.830999999997918, 137.81226480305804
16.83199999999792, 137.81713699670362
16.83299999999792, 137.82177276142372
16.83399999999792, 137.82620261152127
16.834999999997923, 137.83045706129923
16.835999999997924, 137.83456662506066
16.83699999999793, 137.8385618171086
16.837999999997926, 137.8424731517459
16.838999999997924, 137.84633114327568
16.83999999999793, 137.85016630600086
16.840999999997926, 137.85400915422449
16.84199999999793, 137.8578902022495
16.84299999999793, 137.86183996437896
16.843999999997934, 137.86588895491587
16.844999999997935, 137.87006768816315
16.845999999997936, 137.87440667842387
16.846999999997937, 137.87893644000104
16.84799999999794, 137.8836874871976
16.84899999999794, 137.88869033431646
16.84999999999794, 137.8939754956608
16.850999999997942, 137.89957348553355
16.851999999997943, 137.90551481823766
16.852999999997945, 137.9118300080762
16.853999999997946, 137.9185495693521
16.854999999997947, 137.92570401636837
16.855999999997948, 137.93332386342806
16.85699999999795, 137.9414396248341
16.85799999999795, 137.95008181488953
16.858999999997952, 137.9592809478973
16.859999999997953, 137.96906753816046
16.860999999997954, 137.9794655493292
16.861999999997956, 137.99043440454346
16.862999999997957, 138.00189681083998
16.863999999997958, 138.0137750508046
16.86499999999796, 138.02599140702284
16.86599999999796, 138.03846816208045
16.86699999999796, 138.05112759856303
16.867999999997963, 138.06389199905632
16.868999999997968, 138.0766836461459
16.869999999997965, 138.0894248224175
16.870999999997963, 138.10203781045675
16.871999999997968, 138.1144448928493
16.872999999997965, 138.12656835218087
16.87399999999797, 138.1383304710371
16.87499999999797, 138.1496535320036
16.875999999997973, 138.1604598176661
16.876999999997974, 138.17067161061027
16.877999999997975, 138.1802111934217
16.878999999997976, 138.18900084868608
16.879999999997978, 138.19696439282893
16.88099999999798, 138.20407519711426
16.88199999999798, 138.2103657186488
16.88299999999798, 138.21587187309046
16.883999999997982, 138.22062957609697
16.884999999997984, 138.22467474332623
16.885999999997985, 138.22804329043606
16.886999999997986, 138.23077113308423
16.887999999997987, 138.2328941869286
16.88899999999799, 138.2344483676269
16.88999999999799, 138.2354695908371
16.89099999999799, 138.23599377221691
16.891999999997992, 138.2360568274241
16.89299999999799, 138.23569467211667
16.893999999997995, 138.23494322195225
16.894999999997996, 138.23383839258875
16.895999999997997, 138.23241609968397
16.896999999998, 138.23071225889575
16.897999999998, 138.22876278588186
16.898999999998, 138.22660359630012
16.899999999998002, 138.22427060580844
16.900999999998007, 138.2217997300645
16.901999999998004, 138.21922688472623
16.902999999998002, 138.21658798545138
16.903999999998007, 138.21391894789772
16.904999999998005, 138.21125568772322
16.90599999999801, 138.2086341205856
16.90699999999801, 138.2060901621427
16.90799999999801, 138.20365972805232
16.908999999998013, 138.20137873397226
16.909999999998018, 138.1992830955604
16.910999999998015, 138.1974087284745
16.911999999998017, 138.19579154837243
16.912999999998018, 138.19446747091195
16.91399999999802, 138.1934724117509
16.914999999998017, 138.19284228654712
16.91599999999802, 138.19261301095838
16.916999999998023, 138.19282050064254
16.917999999998024, 138.19350067125742
16.918999999998025, 138.19468854283824
16.919999999998026, 138.19641384163583
16.920999999998028, 138.198704355898
16.92199999999803, 138.20158787096884
16.92299999999803, 138.20509217219237
16.92399999999803, 138.20924504491254
16.924999999998036, 138.2140742744735
16.925999999998034, 138.21960764621932
16.926999999998035, 138.22587294549396
16.927999999998036, 138.23289795764154
16.928999999998037, 138.24071046800606
16.92999999999804, 138.24933826193154
16.93099999999804, 138.25880912476214
16.93199999999804, 138.26915084184185
16.932999999998046, 138.2803911985146
16.933999999998044, 138.2925579801246
16.93499999999804, 138.3056789720158
16.935999999998046, 138.31978195953235
16.936999999998044, 138.3348947280182
16.93799999999805, 138.3510402331746
16.938999999998053, 138.36816631020287
16.93999999999805, 138.38616147066182
16.940999999998052, 138.40491261114246
16.941999999998057, 138.42430662823568
16.942999999998055, 138.4442304185323
16.943999999998056, 138.4645708786233
16.94499999999806, 138.4852149050996
16.945999999998058, 138.50604939455206
16.94699999999806, 138.52696124357166
16.94799999999806, 138.54783734874928
16.948999999998062, 138.5685646066758
16.949999999998063, 138.5890299139422
16.950999999998064, 138.60912016713925
16.951999999998066, 138.62872226285808
16.952999999998067, 138.64772309768944
16.953999999998068, 138.6660095682243
16.954999999998066, 138.68346857105348
16.955999999998067, 138.69998700276804
16.95699999999807, 138.71545258344884
16.957999999998073, 138.7298121127449
16.958999999998074, 138.74311000458547
16.959999999998075, 138.7553998178534
16.960999999998077, 138.76673511143156
16.961999999998078, 138.7771694442028
16.96299999999808, 138.78675637504995
16.96399999999808, 138.7955494628559
16.964999999998085, 138.8036022665034
16.965999999998083, 138.81096834487533
16.966999999998087, 138.81770125685452
16.967999999998085, 138.8238545613239
16.968999999998083, 138.82948181716625
16.969999999998088, 138.8346365832644
16.97099999999809, 138.83937241850123
16.97199999999809, 138.84374288175957
16.97299999999809, 138.84780153192227
16.973999999998092, 138.85160192787217
16.974999999998094, 138.8551976284921
16.975999999998095, 138.85864219254267
16.976999999998096, 138.86198355451398
16.977999999998097, 138.8652490066116
16.9789999999981, 138.8684611065163
16.9799999999981, 138.87164241190894
16.9809999999981, 138.87481548047043
16.981999999998102, 138.87800286988164
16.982999999998107, 138.88122713782337
16.983999999998105, 138.88451084197663
16.984999999998106, 138.88787654002215
16.985999999998107, 138.89134678964078
16.98699999999811, 138.89494414851347
16.98799999999811, 138.89869117432104
16.98899999999811, 138.9026104247444
16.989999999998112, 138.90672445746438
16.990999999998113, 138.91105583016184
16.991999999998114, 138.9156271005177
16.99299999999812, 138.92046082621275
16.993999999998117, 138.9255795649279
16.994999999998118, 138.931005874344
16.99599999999812, 138.93675933768714
16.996999999998124, 138.94283346887346
16.99799999999812, 138.94920828198434
16.99899999999812, 138.95586367721674
16.999999999998124, 138.96277955476745
17.000999999998122, 138.96993581483332
17.001999999998127, 138.9773123576112
17.002999999998128, 138.98488908329796
17.00399999999813, 138.9926458920904
17.004999999998134, 139.00056268418538
17.005999999998135, 139.0086193597798
17.006999999998133, 139.01679581907047
17.007999999998134, 139.02507196225423
17.00899999999813, 139.03342768952788
17.009999999998136, 139.04184290108842
17.010999999998138, 139.0502974971326
17.01199999999814, 139.05877137785725
17.012999999998144, 139.06724444345917
17.01399999999814, 139.07569659413534
17.014999999998142, 139.08410800354014
17.015999999998144, 139.09246622345273
17.016999999998145, 139.10076684458022
17.017999999998146, 139.1090058635528
17.018999999998147, 139.11717927700067
17.01999999999815, 139.12528308155393
17.020999999998153, 139.13331327384282
17.02199999999815, 139.14126585049743
17.02299999999815, 139.14913680814794
17.023999999998153, 139.1569221434246
17.02499999999816, 139.16461785295746
17.025999999998156, 139.17221993337677
17.02699999999816, 139.17972438131267
17.02799999999816, 139.18712719339533
17.028999999998163, 139.19442436625488
17.02999999999816, 139.20161189652154
17.03099999999816, 139.20868578082542
17.031999999998163, 139.21564201579676
17.03299999999816, 139.22247659806564
17.033999999998166, 139.2291855008313
17.034999999998167, 139.2357587445603
17.035999999998168, 139.24217254838754
17.03699999999817, 139.2484011806938
17.037999999998174, 139.25441890986008
17.038999999998175, 139.26020000426723
17.039999999998173, 139.26571873229628
17.040999999998174, 139.270949362328
17.041999999998175, 139.27586616274337
17.04299999999818, 139.28044340192326
17.043999999998178, 139.28465534824858
17.04499999999818, 139.2884762701003
17.04599999999818, 139.29188043585927
17.04699999999818, 139.2948421139064
17.047999999998183, 139.29733557262264
17.048999999998184, 139.29933508038886
17.049999999998185, 139.300814905586
17.050999999998186, 139.30174931659496
17.051999999998188, 139.30211258179662
17.05299999999819, 139.3018789695719
17.05399999999819, 139.30103916672948
17.05499999999819, 139.29967117350802
17.055999999998193, 139.29788190112467
17.056999999998194, 139.29577827942552
17.057999999998195, 139.29346723825688
17.0589999999982, 139.29105570746495
17.059999999998197, 139.28865061689584
17.060999999998202, 139.28635889639577
17.0619999999982, 139.28428747581097
17.062999999998198, 139.28254328498764
17.063999999998202, 139.28123325377192
17.0649999999982, 139.28046431201005
17.065999999998205, 139.28034338954825
17.066999999998206, 139.28097741623267
17.067999999998207, 139.28247332190952
17.06899999999821, 139.28493803642502
17.06999999999821, 139.28847848962536
17.07099999999821, 139.29320161135672
17.071999999998212, 139.29921433146535
17.072999999998213, 139.30661294998924
17.073999999998215, 139.31534932474972
17.074999999998216, 139.32527115065787
17.075999999998217, 139.33622381955433
17.07699999999822, 139.3480527232797
17.07799999999822, 139.36060325367458
17.078999999998224, 139.37372080257964
17.079999999998222, 139.38725076183545
17.080999999998223, 139.40103852328255
17.081999999998224, 139.41492947876168
17.082999999998226, 139.42876902011332
17.083999999998227, 139.44240253917815
17.084999999998228, 139.45567542779682
17.085999999998226, 139.46843307780986
17.08699999999823, 139.4805208810579
17.08799999999823, 139.49178422938158
17.088999999998233, 139.50206851462147
17.089999999998234, 139.51121912861825
17.09099999999824, 139.51908146321242
17.091999999998237, 139.52550291148742
17.09299999999824, 139.53044223348604
17.09399999999824, 139.53402597906384
17.094999999998237, 139.53639458160268
17.09599999999824, 139.53768847448447
17.09699999999824, 139.53804809109113
17.097999999998244, 139.5376138648046
17.098999999998245, 139.53652622900665
17.099999999998246, 139.5349256170793
17.100999999998248, 139.53295246240452
17.10199999999825, 139.530747198364
17.10299999999825, 139.5284502583398
17.10399999999825, 139.52620207571374
17.10499999999825, 139.52414308386784
17.105999999998254, 139.52241371618388
17.106999999998255, 139.52115440604382
17.107999999998256, 139.5205055868295
17.108999999998257, 139.52060769192292
17.10999999999826, 139.52160115470593
17.110999999998263, 139.52362639854158
17.11199999999826, 139.52677614952245
17.112999999998262, 139.53098516561766
17.113999999998263, 139.53615554596675
17.114999999998265, 139.54218938970942
17.115999999998266, 139.5489887959853
17.116999999998267, 139.55645586393413
17.11799999999827, 139.5644926926955
17.11899999999827, 139.57300138140914
17.11999999999827, 139.58188402921468
17.120999999998272, 139.59104273525173
17.121999999998273, 139.60037959866008
17.122999999998274, 139.6097967185794
17.123999999998276, 139.6191961941492
17.12499999999828, 139.62848012450928
17.125999999998278, 139.63755060879933
17.126999999998276, 139.64630974615892
17.12799999999828, 139.6546596357278
17.12899999999828, 139.6625023766456
17.129999999998283, 139.66974006805196
17.130999999998284, 139.6762878628922
17.131999999998285, 139.68216303690483
17.132999999998287, 139.68743094458893
17.133999999998288, 139.69215722129942
17.13499999999829, 139.69640750239083
17.13599999999829, 139.70024742321792
17.136999999998288, 139.70374261913537
17.137999999998293, 139.70695872549788
17.138999999998294, 139.7099613776601
17.139999999998295, 139.71281621097683
17.140999999998296, 139.71558886080263
17.141999999998298, 139.71834496249232
17.1429999999983, 139.72115015140054
17.1439999999983, 139.72407006288194
17.144999999998298, 139.72717033229128
17.145999999998303, 139.73051659498324
17.146999999998307, 139.7341744863125
17.147999999998305, 139.7382096416338
17.148999999998306, 139.74268769630174
17.149999999998307, 139.7476724094812
17.15099999999831, 139.75318471111603
17.15199999999831, 139.7592028806913
17.15299999999831, 139.7657033572544
17.153999999998312, 139.77266257985272
17.154999999998317, 139.7800569875337
17.155999999998315, 139.78786301934485
17.15699999999832, 139.79605711433342
17.157999999998317, 139.80461571154706
17.158999999998315, 139.81351525003302
17.15999999999832, 139.82273216883885
17.160999999998317, 139.83224290701185
17.161999999998322, 139.84202390359954
17.162999999998323, 139.85205159764936
17.163999999998325, 139.86230242820872
17.16499999999833, 139.87275283432496
17.165999999998327, 139.88337925504567
17.16699999999833, 139.89415812941817
17.16799999999833, 139.9050658964899
17.16899999999833, 139.91607899530828
17.169999999998332, 139.9271738649208
17.170999999998333, 139.9383269443748
17.171999999998334, 139.9495146727178
17.172999999998336, 139.96071348899716
17.173999999998337, 139.97189983226033
17.174999999998338, 139.98305014155477
17.17599999999834, 139.99414085592784
17.17699999999834, 140.00514841442703
17.17799999999834, 140.01604925609976
17.178999999998343, 140.0268198199934
17.179999999998344, 140.03743654515543
17.180999999998345, 140.04787587063328
17.181999999998343, 140.05811423547436
17.182999999998348, 140.06812807872615
17.18399999999835, 140.07789383943597
17.184999999998354, 140.08738795665133
17.18599999999835, 140.09658686941964
17.186999999998353, 140.10546701678834
17.187999999998354, 140.11400483780488
17.18899999999836, 140.12218644100497
17.189999999998356, 140.13004425476703
17.190999999998354, 140.1376245609476
17.19199999999836, 140.14497364391445
17.192999999998356, 140.15213778803556
17.19399999999836, 140.15916327767877
17.19499999999836, 140.1660963972119
17.195999999998364, 140.17298343100288
17.196999999998365, 140.17987066341954
17.197999999998366, 140.18680437882975
17.198999999998367, 140.19383086160138
17.19999999999837, 140.2009963961023
17.20099999999837, 140.20834726670043
17.20199999999837, 140.2159297577635
17.202999999998372, 140.22379015365954
17.203999999998373, 140.2319747387563
17.204999999998375, 140.2405297974217
17.205999999998376, 140.24950161402356
17.206999999998377, 140.25893647292986
17.20799999999838, 140.2688758090191
17.20899999999838, 140.27930313386543
17.209999999998377, 140.29016384074265
17.210999999998382, 140.30140265313236
17.211999999998383, 140.31296429451606
17.212999999998388, 140.32479348837535
17.213999999998386, 140.33683495819164
17.21499999999839, 140.34903342744653
17.215999999998388, 140.36133361962158
17.21699999999839, 140.37368025819836
17.21799999999839, 140.38601806665827
17.218999999998392, 140.39829176848295
17.219999999998393, 140.41044608715393
17.220999999998398, 140.4224257461527
17.221999999998395, 140.43417546896086
17.222999999998393, 140.44563997905982
17.223999999998398, 140.4567639999313
17.224999999998403, 140.46749225505664
17.2259999999984, 140.47776946791754
17.2269999999984, 140.48754132324237
17.227999999998403, 140.4967961116155
17.228999999998404, 140.50558070638462
17.229999999998405, 140.51394623945257
17.23099999999841, 140.52194384272218
17.231999999998408, 140.5296246480963
17.232999999998405, 140.53703978747782
17.23399999999841, 140.5442403927695
17.23499999999841, 140.55127759587418
17.235999999998413, 140.55820252869472
17.23699999999841, 140.56506632313406
17.237999999998415, 140.57192011109487
17.238999999998416, 140.57881502448012
17.239999999998417, 140.58580219519263
17.24099999999842, 140.5929327551351
17.24199999999842, 140.60025783621055
17.24299999999842, 140.60782857032166
17.243999999998422, 140.61569608937145
17.244999999998424, 140.6239115252626
17.245999999998425, 140.6325259982815
17.246999999998426, 140.64157417918761
17.247999999998427, 140.6510415246225
17.24899999999843, 140.66090432700204
17.24999999999843, 140.67113887874194
17.25099999999843, 140.68172147225803
17.251999999998432, 140.6926283999662
17.25299999999843, 140.70383595428206
17.253999999998435, 140.71532042762155
17.254999999998432, 140.7270581124004
17.255999999998437, 140.73902530103453
17.256999999998435, 140.7511982859395
17.25799999999844, 140.76355335953133
17.25899999999844, 140.77606681422571
17.259999999998442, 140.78871494243845
17.260999999998443, 140.80147403658532
17.261999999998444, 140.81432038908218
17.262999999998446, 140.82723029234484
17.263999999998447, 140.84018003878901
17.264999999998448, 140.8531459208305
17.26599999999845, 140.8661042308852
17.26699999999845, 140.87903126136882
17.26799999999845, 140.89190330469717
17.268999999998453, 140.90469665328604
17.269999999998454, 140.91738759955126
17.270999999998455, 140.92995243590866
17.271999999998457, 140.9423674547739
17.272999999998458, 140.9546089485629
17.273999999998455, 140.9666532096914
17.27499999999846, 140.97847653057522
17.27599999999846, 140.99005520363016
17.276999999998463, 141.00136552127202
17.277999999998464, 141.0123837759166
17.278999999998465, 141.02308625997964
17.279999999998466, 141.03344926587698
17.280999999998468, 141.04344908602442
17.28199999999847, 141.0530620128378
17.282999999998466, 141.0622643387328
17.28399999999847, 141.07103235612527
17.284999999998476, 141.07934456460202
17.285999999998474, 141.08722256204004
17.28699999999847, 141.09472717206538
17.287999999998476, 141.10192064881423
17.288999999998474, 141.10886524642248
17.28999999999848, 141.11562321902628
17.290999999998476, 141.12225682076166
17.29199999999848, 141.12882830576467
17.292999999998486, 141.13539992817124
17.293999999998483, 141.1420339421175
17.29499999999848, 141.14879260173953
17.295999999998486, 141.1557381611733
17.296999999998487, 141.16293287455485
17.29799999999849, 141.17043899602024
17.29899999999849, 141.1783187797056
17.29999999999849, 141.1866344797468
17.300999999998492, 141.19544835028
17.301999999998493, 141.2048226454412
17.302999999998494, 141.21481961936644
17.303999999998496, 141.22550106664232
17.304999999998497, 141.23687598492754
17.305999999998498, 141.2488523093043
17.3069999999985, 141.2613265669103
17.3079999999985, 141.27419528488318
17.308999999998502, 141.2873549903607
17.309999999998503, 141.3007022104804
17.3109999999985, 141.31413347237998
17.311999999998505, 141.32754530319713
17.312999999998507, 141.3408342300695
17.313999999998508, 141.35389678013473
17.31499999999851, 141.3666294805305
17.31599999999851, 141.37892885839446
17.316999999998515, 141.3906914408643
17.317999999998513, 141.40181375507765
17.31899999999851, 141.41219232817213
17.319999999998515, 141.42172368728546
17.320999999998513, 141.43030435955535
17.321999999998518, 141.43783087211932
17.32299999999852, 141.4441997521151
17.32399999999852, 141.4493395666808
17.32499999999852, 141.45331723662918
17.325999999998523, 141.45623701909298
17.326999999998524, 141.45820317177922
17.327999999998525, 141.45931995239502
17.32899999999853, 141.45969161864724
17.329999999998527, 141.459422428243
17.330999999998525, 141.45861663888923
17.33199999999853, 141.457378508293
17.33299999999853, 141.45581229416126
17.333999999998532, 141.45402225420105
17.334999999998534, 141.45211264611942
17.33599999999853, 141.4501877276233
17.33699999999854, 141.4483517564197
17.337999999998537, 141.44670899021565
17.338999999998535, 141.4453636867182
17.33999999999854, 141.44442010363434
17.340999999998537, 141.44398249867103
17.341999999998542, 141.4441551295353
17.342999999998543, 141.44503621201233
17.343999999998545, 141.44666019501864
17.344999999998546, 141.4490232651477
17.345999999998547, 141.45212108894168
17.34699999999855, 141.45594933294288
17.34799999999855, 141.4605036636934
17.348999999998554, 141.46577974773552
17.349999999998552, 141.47177325161138
17.35099999999855, 141.47847984186313
17.351999999998554, 141.48589518503306
17.352999999998552, 141.49401494766335
17.353999999998557, 141.50283479629616
17.354999999998558, 141.51235039747368
17.35599999999856, 141.5225574177381
17.35699999999856, 141.5334515236317
17.35799999999856, 141.5450283816966
17.358999999998563, 141.55728365847494
17.359999999998564, 141.57021302050904
17.36099999999857, 141.58381213434097
17.36199999999857, 141.59807569739974
17.362999999998568, 141.61296345685088
17.36399999999857, 141.6283912741149
17.36499999999857, 141.64427222531594
17.36599999999857, 141.66051938657822
17.366999999998573, 141.67704583402605
17.367999999998574, 141.69376464378354
17.368999999998575, 141.7105888919749
17.369999999998576, 141.72743165472443
17.370999999998578, 141.7442060081563
17.37199999999858, 141.76082502839472
17.37299999999858, 141.77720179156387
17.373999999998578, 141.79324937378797
17.374999999998582, 141.8088808511913
17.375999999998584, 141.82400929989802
17.376999999998585, 141.8385477960323
17.377999999998586, 141.8524094157184
17.378999999998587, 141.86550723508054
17.37999999999859, 141.8777543302429
17.380999999998593, 141.8890638272054
17.38199999999859, 141.89938002665616
17.38299999999859, 141.90873159962013
17.383999999998593, 141.91716135055037
17.38499999999859, 141.92471208389983
17.385999999998596, 141.93142660412173
17.386999999998594, 141.93734771566912
17.3879999999986, 141.94251822299498
17.3889999999986, 141.94698093055248
17.3899999999986, 141.95077864279466
17.390999999998602, 141.9539541641746
17.391999999998603, 141.95655029914525
17.392999999998608, 141.9586098521599
17.393999999998606, 141.9601756276715
17.394999999998607, 141.9612904301331
17.39599999999861, 141.9619970639978
17.396999999998613, 141.96233833371872
17.39799999999861, 141.96235704374888
17.398999999998612, 141.96209599854137
17.399999999998613, 141.9615980025492
17.400999999998614, 141.96090550968913
17.401999999998615, 141.96005877121613
17.402999999998617, 141.95909718486325
17.403999999998618, 141.9580601464972
17.40499999999862, 141.95698705198453
17.40599999999862, 141.95591729719197
17.40699999999862, 141.95489027798615
17.407999999998623, 141.9539453902337
17.408999999998624, 141.9531220298014
17.409999999998625, 141.95245959255573
17.410999999998623, 141.95199747436348
17.411999999998628, 141.95177507109122
17.412999999998632, 141.95183177860568
17.41399999999863, 141.95220699277345
17.414999999998628, 141.95294010946125
17.415999999998633, 141.95407052453567
17.41699999999863, 141.9556376338634
17.417999999998635, 141.95768083331112
17.418999999998636, 141.96023951874542
17.419999999998637, 141.96334949232914
17.42099999999864, 141.96698597360108
17.42199999999864, 141.9710737969172
17.42299999999864, 141.97553626416098
17.423999999998642, 141.98029667721585
17.42499999999864, 141.98527833796533
17.425999999998645, 141.99040454829284
17.426999999998642, 141.99559861008186
17.427999999998647, 142.00078382521576
17.42899999999865, 142.00588349557808
17.42999999999865, 142.0108209230523
17.43099999999865, 142.0155194095218
17.431999999998652, 142.01990225687018
17.43299999999865, 142.02389276698068
17.433999999998655, 142.02741424173692
17.434999999998656, 142.0303899830223
17.435999999998657, 142.0327432927203
17.436999999998662, 142.03439747271437
17.437999999998656, 142.035275824888
17.438999999998664, 142.03530229405735
17.439999999998662, 142.03445495171889
17.440999999998663, 142.0328061918469
17.441999999998664, 142.03043787633618
17.442999999998666, 142.0274318670814
17.443999999998667, 142.0238700259775
17.44499999999867, 142.01983421491903
17.44599999999867, 142.01540629580097
17.446999999998667, 142.01066813051807
17.44799999999867, 142.00570158096505
17.44899999999867, 142.00058850903667
17.449999999998674, 141.9954107766278
17.450999999998675, 141.99025024563318
17.451999999998677, 141.98518877794754
17.452999999998678, 141.9803082354657
17.45399999999868, 141.97569048008248
17.45499999999868, 141.97141737369262
17.45599999999868, 141.96757077819086
17.45699999999868, 141.964232555472
17.457999999998684, 141.96148456741315
17.45899999999869, 141.95938349744074
17.459999999998686, 141.95788798966643
17.460999999998688, 141.95693282933232
17.46199999999869, 141.95645280168057
17.46299999999869, 141.95638269195337
17.46399999999869, 141.95665728539285
17.464999999998692, 141.95721136724114
17.465999999998694, 141.95797972274048
17.466999999998695, 141.9588971371329
17.467999999998696, 141.9598983956607
17.468999999998697, 141.960918283566
17.469999999998695, 141.96189158609087
17.4709999999987, 141.96275308847754
17.4719999999987, 141.9634375759682
17.4729999999987, 141.96387983380487
17.473999999998703, 141.96401464722987
17.474999999998705, 141.96377680148527
17.475999999998706, 141.96310108181322
17.47699999999871, 141.96192227345594
17.47799999999871, 141.96018291763727
17.478999999998706, 141.95789820914885
17.47999999999871, 141.95512305191488
17.480999999998716, 141.95191275326886
17.481999999998713, 141.94832262054416
17.482999999998714, 141.94440796107412
17.483999999998716, 141.94022408219237
17.484999999998717, 141.93582629123222
17.485999999998718, 141.93126989552712
17.48699999999872, 141.92661020241056
17.48799999999872, 141.92190251921593
17.488999999998722, 141.91720215327672
17.489999999998723, 141.9125644119263
17.490999999998724, 141.9080446024982
17.491999999998725, 141.90369803232576
17.492999999998727, 141.89958000874248
17.493999999998728, 141.89574583908177
17.49499999999873, 141.89225083067706
17.495999999998727, 141.88915029086183
17.49699999999873, 141.88649821905062
17.497999999998733, 141.88430955978956
17.498999999998734, 141.88255445298364
17.499999999998735, 141.88120057385999
17.500999999998736, 141.88021559764596
17.501999999998738, 141.87956719956875
17.502999999998735, 141.87922305485563
17.50399999999874, 141.8791508387338
17.50499999999874, 141.87931822643057
17.505999999998743, 141.8796928931731
17.506999999998744, 141.88024251418864
17.507999999998745, 141.88093476470453
17.50899999999875, 141.88173731994794
17.509999999998747, 141.88261785514612
17.510999999998745, 141.88354404552635
17.51199999999875, 141.88448356631585
17.512999999998755, 141.8854040927418
17.513999999998752, 141.88627330003163
17.514999999998757, 141.88705886341234
17.515999999998755, 141.88772849238717
17.516999999998756, 141.88826152734225
17.517999999998757, 141.88866582484968
17.518999999998755, 141.88895353176548
17.51999999999876, 141.88913679494559
17.52099999999876, 141.88922776124605
17.521999999998762, 141.88923857752295
17.522999999998763, 141.88918139063216
17.523999999998765, 141.88906834742977
17.524999999998766, 141.88891159477186
17.525999999998767, 141.8887232795142
17.52699999999877, 141.88851554851306
17.52799999999877, 141.88830054862427
17.52899999999877, 141.88809042670397
17.529999999998772, 141.88789732960802
17.530999999998773, 141.88773340419257
17.531999999998774, 141.88761079731358
17.532999999998776, 141.887541655827
17.533999999998777, 141.88753812658888
17.534999999998778, 141.88761235645526
17.53599999999878, 141.88777320118353
17.53699999999878, 141.88801092612408
17.53799999999878, 141.88830927567477
17.538999999998783, 141.88865198718446
17.539999999998784, 141.88902279800175
17.54099999999879, 141.88940544547546
17.541999999998787, 141.88978366695432
17.542999999998784, 141.89014119978697
17.54399999999879, 141.8904617813222
17.544999999998787, 141.89072914890863
17.54599999999879, 141.89092703989522
17.546999999998796, 141.89103919163043
17.547999999998794, 141.89104934146317
17.548999999998795, 141.89094122674211
17.549999999998796, 141.89069858481594
17.550999999998794, 141.8903051530334
17.5519999999988, 141.88974466874328
17.5529999999988, 141.8890008692942
17.5539999999988, 141.88805749203496
17.554999999998806, 141.88690082739254
17.555999999998804, 141.885554617364
17.556999999998805, 141.8840710553812
17.557999999998806, 141.8825030451932
17.558999999998807, 141.8809034905491
17.55999999999881, 141.87932529519796
17.56099999999881, 141.87782136288888
17.561999999998807, 141.87644459737098
17.562999999998812, 141.8752479023933
17.563999999998813, 141.874284181705
17.564999999998815, 141.87360633905513
17.565999999998816, 141.8732672781928
17.56699999999882, 141.87331990286708
17.56799999999882, 141.87381711682704
17.56899999999882, 141.87481182382177
17.56999999999882, 141.87635692760045
17.570999999998822, 141.87850533191207
17.571999999998823, 141.88130994050576
17.572999999998828, 141.8848236571306
17.573999999998826, 141.8890989386642
17.574999999998823, 141.89415958586318
17.575999999998828, 141.8999838885472
17.576999999998826, 141.90654609090717
17.57799999999883, 141.91382043713375
17.578999999998832, 141.92178117141788
17.579999999998833, 141.93040253795033
17.580999999998834, 141.93965878092206
17.581999999998835, 141.9495241445238
17.582999999998837, 141.95997287294642
17.583999999998838, 141.97097921038076
17.584999999998836, 141.98251740101762
17.58599999999884, 141.9945616890479
17.586999999998845, 142.00708631866243
17.587999999998843, 142.020065534052
17.588999999998844, 142.03347357940746
17.589999999998845, 142.04728469891964
17.590999999998846, 142.06147313677948
17.591999999998848, 142.07601313717754
17.59299999999885, 142.09087894430502
17.59399999999885, 142.10604480235253
17.59499999999885, 142.1214849555109
17.595999999998853, 142.13717364797103
17.596999999998854, 142.15308512392374
17.597999999998855, 142.1691936275599
17.598999999998856, 142.18547340307032
17.599999999998857, 142.20189869464582
17.60099999999886, 142.2184437464773
17.60199999999886, 142.2350828027555
17.60299999999886, 142.25179010767135
17.603999999998862, 142.26853990541557
17.604999999998867, 142.2853064401791
17.605999999998865, 142.30206395615272
17.606999999998862, 142.31878669752734
17.607999999998867, 142.3354489084937
17.608999999998865, 142.35202483324272
17.60999999999887, 142.36848871596513
17.61099999999887, 142.38481480085193
17.611999999998872, 142.40097733209376
17.612999999998873, 142.4169538716417
17.613999999998875, 142.4327496704885
17.614999999998876, 142.4483837482748
17.615999999998877, 142.4638752246384
17.616999999998878, 142.4792432192171
17.61799999999888, 142.49450685164868
17.61899999999888, 142.50968524157105
17.619999999998882, 142.52479750862196
17.620999999998883, 142.53986277243922
17.621999999998884, 142.55490015266068
17.622999999998886, 142.56992876892414
17.623999999998887, 142.58496774086743
17.624999999998888, 142.60003618812837
17.62599999999889, 142.61515323034473
17.62699999999889, 142.6303379871544
17.62799999999889, 142.64560957819512
17.62899999999889, 142.66098712310475
17.629999999998894, 142.67648974152115
17.630999999998895, 142.69213655308204
17.631999999998897, 142.70794682550292
17.632999999998898, 142.7239435407934
17.6339999999989, 142.74015357519198
17.6349999999989, 142.7566039890269
17.6359999999989, 142.77332184262633
17.636999999998906, 142.7903341963187
17.637999999998904, 142.80766811043225
17.6389999999989, 142.82535064529517
17.639999999998906, 142.8434088612359
17.640999999998904, 142.86186981858265
17.64199999999891, 142.88076057766366
17.642999999998906, 142.90010819880735
17.64399999999891, 142.91993974234182
17.644999999998912, 142.94028226859555
17.645999999998914, 142.96116283789667
17.646999999998915, 142.98260851057347
17.647999999998916, 143.00464634695436
17.648999999998917, 143.0273034073675
17.64999999999892, 143.05060675214128
17.65099999999892, 143.07458339996248
17.651999999998925, 143.0992516615462
17.652999999998922, 143.1246104775778
17.653999999998923, 143.15065617690948
17.654999999998925, 143.17738508839346
17.655999999998922, 143.204793540882
17.656999999998927, 143.2328778632272
17.65799999999893, 143.2616343842813
17.658999999998933, 143.2910594328965
17.65999999999893, 143.32114933792494
17.660999999998932, 143.3519004282189
17.661999999998933, 143.38330903263054
17.662999999998934, 143.41537148001214
17.663999999998936, 143.44808409921575
17.66499999999894, 143.4814432190937
17.665999999998938, 143.51544516849813
17.66699999999894, 143.5500862762813
17.66799999999894, 143.5853628712953
17.668999999998945, 143.62127128239246
17.669999999998943, 143.6578078384249
17.67099999999894, 143.69495970362186
17.671999999998945, 143.73266743961895
17.672999999998943, 143.77085683173289
17.673999999998948, 143.8094536593249
17.674999999998953, 143.84838370175643
17.67599999999895, 143.88757273838866
17.676999999998948, 143.9269465485831
17.677999999998956, 143.96643091170097
17.678999999998954, 144.00595160710364
17.679999999998955, 144.04543441415245
17.680999999998956, 144.08480511220878
17.681999999998958, 144.12398948063387
17.68299999999896, 144.1629132987892
17.68399999999896, 144.20150234603597
17.684999999998958, 144.23968240173554
17.685999999998963, 144.2773792452493
17.68699999999896, 144.31451865593857
17.687999999998965, 144.35102641316465
17.688999999998966, 144.38682829628894
17.689999999998967, 144.42185563757377
17.69099999999897, 144.45611112705402
17.69199999999897, 144.4896469440631
17.692999999998968, 144.52251626269714
17.693999999998972, 144.55477225705232
17.694999999998974, 144.58646810122477
17.695999999998975, 144.61765696931062
17.696999999998976, 144.648392035406
17.697999999998977, 144.67872647360716
17.69899999999898, 144.70871345801012
17.69999999999898, 144.73840616271104
17.700999999998984, 144.7678577618061
17.701999999998982, 144.79712142939144
17.70299999999898, 144.82625033956325
17.703999999998985, 144.85529766641758
17.704999999998982, 144.88431658405062
17.705999999998987, 144.91336026655858
17.706999999998985, 144.9424818880374
17.70799999999899, 144.97173462258345
17.70899999999899, 145.0011720730041
17.709999999998992, 145.03086942511433
17.71099999999899, 145.06093313314656
17.711999999998994, 145.09147210096106
17.712999999998996, 145.12259523241823
17.713999999998997, 145.15441143137855
17.714999999998998, 145.18702960170242
17.715999999999, 145.22055864725013
17.716999999999, 145.25510747188218
17.717999999999, 145.29078497945895
17.718999999999006, 145.32770007384073
17.719999999999004, 145.36596165888812
17.720999999999005, 145.40567863846132
17.721999999999007, 145.4469599164208
17.722999999999008, 145.489914396627
17.72399999999901, 145.53465098294026
17.724999999999007, 145.58127857922102
17.72599999999901, 145.6299060893296
17.726999999999013, 145.68064241712653
17.727999999999014, 145.7335964486029
17.72899999999902, 145.78882983542263
17.729999999999016, 145.8462544689425
17.730999999999018, 145.9057526290344
17.73199999999902, 145.96720659556993
17.732999999999024, 146.03049864842083
17.73399999999902, 146.0955110674589
17.73499999999902, 146.16212613255578
17.735999999999024, 146.2302261235833
17.73699999999902, 146.2996933204131
17.737999999999026, 146.37041000291703
17.738999999999027, 146.44225845096673
17.73999999999903, 146.51512094443393
17.74099999999903, 146.58887976319036
17.74199999999903, 146.66341718710785
17.742999999999032, 146.738615496058
17.743999999999033, 146.81435696991264
17.744999999999035, 146.8905238885434
17.745999999999036, 146.96699853182213
17.746999999999037, 147.04366317962052
17.74799999999904, 147.12040406111421
17.74899999999904, 147.19713686371568
17.74999999999904, 147.27379058466647
17.750999999999042, 147.35029428630838
17.751999999999043, 147.4265770309829
17.752999999999044, 147.50256788103178
17.753999999999046, 147.57819589879665
17.754999999999047, 147.65339014661905
17.755999999999048, 147.72807968684066
17.75699999999905, 147.80219358180312
17.75799999999905, 147.8756608938481
17.75899999999905, 147.9484106853172
17.759999999999053, 148.02037201855208
17.760999999999054, 148.09147395589432
17.761999999999055, 148.1616455596856
17.762999999999057, 148.23081589226754
17.763999999999058, 148.29891401598184
17.764999999999063, 148.36586899316995
17.76599999999906, 148.43160988617376
17.766999999999058, 148.49606808240455
17.767999999999063, 148.55922455557013
17.76899999999906, 148.6211077961031
17.769999999999065, 148.6817482053557
17.770999999999066, 148.7411761846802
17.771999999999068, 148.7994221354289
17.77299999999907, 148.85651645895405
17.77399999999907, 148.91248955660794
17.77499999999907, 148.96737182974277
17.775999999999073, 149.02119367971082
17.776999999999077, 149.0739855078644
17.777999999999075, 149.12577771555573
17.778999999999076, 149.1766007041371
17.779999999999077, 149.2264848749607
17.78099999999908, 149.27546062937893
17.78199999999908, 149.32355836874393
17.78299999999908, 149.37080849440804
17.783999999999082, 149.4172414077235
17.78499999999908, 149.46288751004255
17.785999999999085, 149.50777756498388
17.786999999999086, 149.55199316900075
17.787999999999087, 149.59571865132983
17.78899999999909, 149.63915072382673
17.78999999999909, 149.68248609834694
17.790999999999094, 149.72592148674627
17.791999999999092, 149.7696536008802
17.792999999999093, 149.8138791526044
17.793999999999095, 149.85879485377438
17.7949999999991, 149.90459741624602
17.795999999999097, 149.95148355187462
17.7969999999991, 149.99964997251607
17.7979999999991, 150.0492933900258
17.798999999999097, 150.10061051625956
17.799999999999102, 150.15379806307286
17.800999999999107, 150.20905274232138
17.801999999999104, 150.26657126586068
17.80299999999911, 150.32655034554648
17.803999999999107, 150.3891866932343
17.804999999999108, 150.45467702077988
17.80599999999911, 150.5231683969959
17.80699999999911, 150.59458041893353
17.80799999999911, 150.66876756930526
17.80899999999911, 150.7455843255435
17.809999999999114, 150.82488516508036
17.810999999999115, 150.9065245653482
17.811999999999117, 150.99035700377922
17.812999999999118, 151.07623695780575
17.81399999999912, 151.16401890485992
17.814999999999117, 151.2535573223741
17.81599999999912, 151.34470668778044
17.816999999999126, 151.4373214785113
17.817999999999124, 151.5312561719988
17.818999999999125, 151.62636524567532
17.819999999999126, 151.72250317697305
17.820999999999128, 151.8195244433242
17.82199999999913, 151.91728352216114
17.822999999999126, 152.01563489091603
17.82399999999913, 152.11443302702108
17.824999999999136, 152.2135324079087
17.825999999999134, 152.31278751101095
17.826999999999135, 152.41205281376028
17.827999999999136, 152.51118279358883
17.82899999999914, 152.61003192792884
17.82999999999914, 152.70845469421255
17.830999999999136, 152.80630556987228
17.83199999999914, 152.9034390323403
17.83299999999914, 152.9997095590487
17.833999999999143, 153.0949716274299
17.834999999999145, 153.18907971491615
17.835999999999146, 153.28188829893963
17.836999999999147, 153.37325185693257
17.83799999999915, 153.46302486632734
17.83899999999915, 153.551061804556
17.83999999999915, 153.63721714905103
17.840999999999152, 153.7213453772445
17.841999999999153, 153.80330096656877
17.84299999999915, 153.882938394456
17.843999999999156, 153.96011508459952
17.844999999999157, 154.0348077477364
17.845999999999158, 154.10715085874205
17.84699999999916, 154.17728972320995
17.84799999999916, 154.24536964673354
17.84899999999916, 154.31153593490626
17.849999999999163, 154.37593389332173
17.85099999999916, 154.43870882757327
17.851999999999165, 154.50000604325436
17.852999999999167, 154.5599708459586
17.853999999999168, 154.61874854127927
17.85499999999917, 154.67648443481005
17.85599999999917, 154.73332383214426
17.85699999999917, 154.78941203887553
17.857999999999173, 154.84489436059704
17.858999999999174, 154.89991610290258
17.859999999999175, 154.9546225713854
17.86099999999918, 155.00915907163915
17.861999999999178, 155.06367090925716
17.862999999999175, 155.11830337145153
17.86399999999918, 155.1731839982301
17.864999999999178, 155.22838947007358
17.865999999999183, 155.2839874140989
17.866999999999184, 155.34004545742295
17.867999999999185, 155.3966312271624
17.868999999999186, 155.4538123504342
17.869999999999187, 155.51165645435515
17.870999999999192, 155.57023116604205
17.87199999999919, 155.6296041126118
17.87299999999919, 155.68984292118122
17.873999999999192, 155.75101521886714
17.874999999999197, 155.81318863278645
17.8759999999992, 155.87643079005588
17.8769999999992, 155.94080931779231
17.877999999999197, 156.0063918431126
17.8789999999992, 156.07324599313358
17.8799999999992, 156.14143939497208
17.880999999999204, 156.21103967574493
17.881999999999202, 156.28211446256893
17.882999999999203, 156.3547202588269
17.8839999999992, 156.42883921396518
17.884999999999202, 156.5044229958731
17.885999999999207, 156.58142318007881
17.886999999999208, 156.65979134211022
17.88799999999921, 156.7394790574955
17.88899999999921, 156.82043790176252
17.889999999999212, 156.90261945043952
17.890999999999213, 156.98597527905443
17.891999999999214, 157.07045696313534
17.89299999999922, 157.15601607821037
17.893999999999217, 157.24260419980737
17.894999999999214, 157.33017290345452
17.89599999999922, 157.41867376467994
17.896999999999217, 157.5080583590115
17.89799999999922, 157.59827826197733
17.89899999999922, 157.6892850491055
17.899999999999224, 157.78103029592407
17.90099999999923, 157.87346557796099
17.901999999999227, 157.96654247074443
17.902999999999228, 158.06021254980232
17.90399999999923, 158.15442739066282
17.90499999999923, 158.2491385688539
17.90599999999923, 158.3442976599036
17.906999999999233, 158.43985623934
17.907999999999234, 158.53576588269115
17.908999999999235, 158.63197816548507
17.909999999999236, 158.72844466324983
17.910999999999238, 158.82511695151345
17.91199999999924, 158.92194660580404
17.91299999999924, 159.01888520164954
17.91399999999924, 159.11588431457807
17.914999999999242, 159.21289552011774
17.915999999999244, 159.30987039379642
17.916999999999245, 159.4067605111423
17.917999999999246, 159.50351744768335
17.918999999999247, 159.60009277894773
17.91999999999925, 159.69643808046334
17.920999999999246, 159.79250483024327
17.92199999999925, 159.88823475039578
17.922999999999252, 159.98355162585196
17.923999999999253, 160.0783773150019
17.92499999999925, 160.17263367623565
17.925999999999256, 160.26624256794332
17.926999999999254, 160.35912584851508
17.92799999999926, 160.45120537634085
17.928999999999256, 160.5424030098108
17.92999999999926, 160.632640607315
17.93099999999926, 160.72184002724353
17.931999999999263, 160.8099231279865
17.932999999999264, 160.89681176793388
17.933999999999266, 160.98242780547588
17.934999999999267, 161.06669309900258
17.935999999999268, 161.14952950690395
17.936999999999266, 161.23085888757015
17.93799999999927, 161.31060309939127
17.938999999999268, 161.38868400075734
17.939999999999273, 161.46502345005842
17.940999999999278, 161.53958481551865
17.94199999999928, 161.61250295414027
17.942999999999277, 161.6839570018972
17.943999999999274, 161.75412609481708
17.94499999999928, 161.82318936892733
17.94599999999928, 161.89132596025541
17.946999999999285, 161.95871500482892
17.947999999999283, 162.0255356386753
17.948999999999284, 162.091966997822
17.94999999999928, 162.15818821829663
17.950999999999283, 162.22437843612659
17.951999999999288, 162.29071678733948
17.952999999999285, 162.3573824079627
17.95399999999929, 162.42455443402378
17.95499999999929, 162.49241200155024
17.955999999999293, 162.5611342465695
17.956999999999297, 162.6309003051092
17.957999999999295, 162.70188931319677
17.958999999999293, 162.77428040685965
17.959999999999297, 162.84823359382463
17.960999999999302, 162.92371713317186
17.9619999999993, 163.000588714851
17.9629999999993, 163.07870469557443
17.963999999999302, 163.15792143205482
17.964999999999304, 163.2380952810046
17.965999999999305, 163.31908259913638
17.966999999999306, 163.4007397431627
17.967999999999307, 163.48292306979607
17.968999999999312, 163.5654889357491
17.96999999999931, 163.64829369773426
17.97099999999931, 163.73119371246412
17.971999999999312, 163.8140453366512
17.972999999999313, 163.89670492700805
17.973999999999315, 163.97902884024725
17.974999999999316, 164.06087343308133
17.975999999999317, 164.14209506222272
17.976999999999318, 164.22255008438418
17.977999999999316, 164.30209485627807
17.978999999999317, 164.38058767741092
17.97999999999932, 164.45795135485452
17.98099999999932, 164.53418662382677
17.981999999999324, 164.60929887654868
17.982999999999322, 164.68329350524118
17.983999999999327, 164.7561759021252
17.98499999999933, 164.8279514594219
17.98599999999933, 164.89862556935202
17.98699999999933, 164.96820362413666
17.98799999999933, 165.03669101599687
17.988999999999336, 165.1040931371535
17.989999999999334, 165.17041537982772
17.99099999999934, 165.2356631362403
17.991999999999337, 165.2998417986123
17.992999999999334, 165.36295675916475
17.99399999999934, 165.42501341011865
17.99499999999934, 165.48601714369482
17.99599999999934, 165.54597335211443
17.996999999999343, 165.60488742759833
17.997999999999344, 165.6627647623676
17.99899999999935, 165.7196107486431
17.99999999999935, 165.775430778646
18.000999999999344, 165.8302302445971
18.00199999999935, 165.88401453871745
18.002999999999346, 165.93678905322804
18.003999999999355, 165.98855918034988
18.004999999999352, 166.03933031230392
18.005999999999354, 166.0891078413111
18.006999999999355, 166.13789715959248
18.007999999999356, 166.185703659369
18.008999999999357, 166.23253273286167
18.00999999999936, 166.27838977229135
18.01099999999936, 166.32328016987924
18.01199999999936, 166.36720931784612
18.012999999999362, 166.4101826084131
18.013999999999363, 166.4522054338011
18.01499999999936, 166.4932831862311
18.015999999999366, 166.53342125792415
18.01699999999937, 166.57262504110116
18.01799999999937, 166.61089992798313
18.01899999999937, 166.64825131079107
18.01999999999937, 166.68468458174587
18.020999999999376, 166.72020513306856
18.021999999999373, 166.75481835698025
18.02299999999937, 166.78852964570177
18.023999999999376, 166.82134439145418
18.024999999999373, 166.85326798645835
18.025999999999378, 166.8843058229354
18.026999999999383, 166.91446329310622
18.02799999999938, 166.94374578919187
18.02899999999938, 166.97215870341327
18.029999999999383, 166.99970742799138
18.030999999999384, 167.02639735514725
18.031999999999385, 167.05223387710186
18.032999999999387, 167.07722238607607
18.033999999999388, 167.10136827429102
18.03499999999939, 167.12467693396766
18.03599999999939, 167.1471537573269
18.036999999999395, 167.16880413658976
18.037999999999393, 167.1896334639772
18.038999999999394, 167.20964713171026
18.039999999999395, 167.22885053200986
18.040999999999393, 167.24724905709712
18.041999999999398, 167.26484809919282
18.042999999999395, 167.28165305051806
18.043999999999397, 167.2976693032938
18.0449999999994, 167.31290224974094
18.0459999999994, 167.3273572820806
18.046999999999407, 167.3410397925337
18.047999999999405, 167.35395517332125
18.048999999999406, 167.3661088166642
18.049999999999407, 167.3775061147835
18.05099999999941, 167.38815245990014
18.05199999999941, 167.39805324423523
18.052999999999408, 167.40721386000956
18.053999999999412, 167.41563969944428
18.05499999999941, 167.42333615476025
18.055999999999415, 167.43030861817854
18.056999999999412, 167.43656248192008
18.057999999999417, 167.44210313820582
18.05899999999942, 167.4469359792568
18.05999999999942, 167.45106639729403
18.06099999999942, 167.4544997845384
18.061999999999426, 167.457241533211
18.062999999999423, 167.4592970355327
18.063999999999425, 167.4606716837245
18.064999999999422, 167.46137087000756
18.065999999999427, 167.4613999866026
18.066999999999428, 167.46076442573076
18.067999999999433, 167.45946957961297
18.06899999999943, 167.45752084047024
18.069999999999432, 167.45492360052347
18.070999999999433, 167.4516832519938
18.071999999999434, 167.4478051871021
18.072999999999436, 167.44329479806936
18.073999999999437, 167.4381574771166
18.074999999999438, 167.43239861646475
18.075999999999436, 167.42602360833482
18.07699999999944, 167.4190378449478
18.07799999999944, 167.41144671852464
18.078999999999443, 167.40325562128635
18.079999999999444, 167.39446994545395
18.08099999999944, 167.3850950832483
18.081999999999447, 167.3751364268905
18.082999999999448, 167.36459936860155
18.08399999999945, 167.35348930060232
18.084999999999454, 167.34181161511384
18.08599999999945, 167.32957170435714
18.08699999999945, 167.31677496055312
18.087999999999454, 167.30342677592284
18.08899999999945, 167.2895325426872
18.089999999999456, 167.2750976530673
18.090999999999458, 167.26012749928395
18.09199999999946, 167.2446274735583
18.092999999999456, 167.2286029681112
18.09399999999946, 167.21205937516373
18.094999999999462, 167.19500208693688
18.095999999999464, 167.17743649565153
18.096999999999465, 167.15936799352875
18.097999999999466, 167.14080197278946
18.098999999999467, 167.12174382565473
18.09999999999947, 167.1021989443455
18.10099999999947, 167.08217272108266
18.10199999999947, 167.0616705480873
18.102999999999472, 167.04069781758034
18.103999999999473, 167.01925992178286
18.104999999999475, 166.99736225291576
18.105999999999476, 166.97501020320004
18.106999999999477, 166.95220916485664
18.10799999999948, 166.9289645301066
18.10899999999948, 166.90528169117093
18.10999999999948, 166.8811660402705
18.110999999999482, 166.85662296962644
18.111999999999483, 166.83165787145958
18.112999999999484, 166.80627613799098
18.113999999999486, 166.78048316144162
18.114999999999487, 166.75428433403246
18.115999999999488, 166.72768504798455
18.116999999999486, 166.70069069551883
18.11799999999949, 166.67330666885618
18.118999999999488, 166.64553836021773
18.119999999999493, 166.61739116182446
18.12099999999949, 166.58887046589717
18.121999999999495, 166.55998166465707
18.122999999999497, 166.53073015032504
18.123999999999498, 166.50112131512202
18.1249999999995, 166.47116055126907
18.1259999999995, 166.44085325098712
18.126999999999505, 166.41020480649718
18.127999999999503, 166.3792206100202
18.1289999999995, 166.34790605377714
18.129999999999505, 166.31626652998915
18.130999999999506, 166.284307430877
18.131999999999508, 166.25203414866178
18.132999999999505, 166.2194520755645
18.13399999999951, 166.186566603806
18.13499999999951, 166.15338312560738
18.135999999999513, 166.11990703318963
18.136999999999514, 166.0861437187737
18.137999999999515, 166.05209857458055
18.138999999999513, 166.01777699283122
18.139999999999517, 165.9831843657466
18.14099999999952, 165.94832608554776
18.14199999999952, 165.91320754445564
18.142999999999518, 165.87783413469123
18.143999999999522, 165.84221124847554
18.144999999999524, 165.80634427802954
18.145999999999525, 165.77023861557416
18.146999999999526, 165.7338996533304
18.147999999999527, 165.69733278351933
18.148999999999532, 165.6605433983618
18.14999999999953, 165.62353689007892
18.150999999999527, 165.58631865089154
18.151999999999532, 165.54889407302068
18.15299999999953, 165.51126854868744
18.153999999999535, 165.47344747011272
18.154999999999536, 165.4354362295174
18.155999999999537, 165.3972402191226
18.156999999999538, 165.3588648311493
18.15799999999954, 165.3203154578184
18.158999999999544, 165.2815974913509
18.159999999999542, 165.24271632396784
18.16099999999954, 165.2036773478902
18.161999999999544, 165.16448595533888
18.162999999999546, 165.12514753853492
18.163999999999547, 165.08566748969935
18.164999999999548, 165.04605120105302
18.16599999999955, 165.00630406481702
18.16699999999955, 164.96643147321225
18.16799999999955, 164.9264388184598
18.168999999999553, 164.88633149278058
18.169999999999554, 164.84611488839562
18.170999999999555, 164.80579439752577
18.171999999999557, 164.76537467828928
18.172999999999554, 164.72485022029775
18.17399999999956, 164.68420808277338
18.174999999999564, 164.64343515540986
18.17599999999956, 164.60251832790084
18.176999999999563, 164.56144448994002
18.177999999999564, 164.52020053122106
18.178999999999565, 164.4787733414376
18.179999999999566, 164.4371498102834
18.18099999999957, 164.39531682745215
18.18199999999957, 164.3532612826374
18.182999999999566, 164.31097006553296
18.18399999999957, 164.2684300658325
18.18499999999957, 164.22562817322967
18.185999999999574, 164.18255127741813
18.18699999999958, 164.13918626809158
18.187999999999576, 164.09552003494366
18.188999999999577, 164.05153946766814
18.18999999999958, 164.00723145595867
18.190999999999583, 163.96258279203528
18.19199999999958, 163.91757465035437
18.192999999999582, 163.87217962793596
18.193999999999583, 163.8263695989546
18.194999999999588, 163.78011643758492
18.195999999999586, 163.73339201800144
18.196999999999587, 163.6861682143787
18.19799999999959, 163.6384169008914
18.19899999999959, 163.5901099517141
18.199999999999587, 163.54121924102134
18.200999999999592, 163.49171664298774
18.201999999999593, 163.44157403178787
18.202999999999598, 163.39076328159632
18.203999999999592, 163.33925626658765
18.204999999999597, 163.28702486093658
18.205999999999598, 163.23404093881757
18.206999999999596, 163.18027637440514
18.2079999999996, 163.12570304187403
18.2089999999996, 163.07029281539877
18.209999999999603, 163.0140175709459
18.210999999999604, 162.95685995678753
18.211999999999605, 162.89883883108195
18.21299999999961, 162.83998065195215
18.213999999999608, 162.78031187752117
18.214999999999606, 162.7198589659119
18.21599999999961, 162.65864837524742
18.216999999999615, 162.59670656365068
18.217999999999613, 162.53405998924475
18.21899999999961, 162.4707351101526
18.219999999999615, 162.40675838449715
18.220999999999616, 162.3421562704014
18.221999999999618, 162.2769552259885
18.222999999999615, 162.21118170938132
18.22399999999962, 162.1448621787029
18.22499999999962, 162.0780230920762
18.225999999999623, 162.01069090762428
18.226999999999627, 161.94289208347004
18.227999999999625, 161.87465307773658
18.228999999999623, 161.80600034854677
18.229999999999627, 161.73696035402378
18.23099999999963, 161.66755955229056
18.23199999999963, 161.59782440146995
18.23299999999963, 161.5277813596851
18.233999999999632, 161.457456885059
18.234999999999634, 161.38687743571455
18.23599999999963, 161.3160694697749
18.236999999999636, 161.24505944536295
18.237999999999637, 161.17387382060167
18.23899999999964, 161.10253905361412
18.23999999999964, 161.03108160252327
18.240999999999637, 160.9595279254521
18.241999999999642, 160.88790448052367
18.24299999999964, 160.8162377258609
18.243999999999645, 160.74455411958684
18.244999999999642, 160.67288011982447
18.245999999999647, 160.6012421846968
18.246999999999645, 160.52966677232678
18.24799999999965, 160.4581803408375
18.248999999999647, 160.3868093483519
18.249999999999652, 160.3155802529929
18.25099999999965, 160.2445195128836
18.251999999999654, 160.17365358614703
18.252999999999656, 160.10300893090607
18.253999999999657, 160.0326120052838
18.254999999999658, 159.96248926740327
18.255999999999663, 159.8926671753873
18.25699999999966, 159.82317218735898
18.25799999999966, 159.7540307614413
18.258999999999666, 159.68526935575738
18.259999999999664, 159.61691442843008
18.260999999999665, 159.54899243758243
18.261999999999666, 159.48152984133736
18.262999999999668, 159.41455309781801
18.26399999999967, 159.34808866514732
18.26499999999967, 159.28216300144817
18.265999999999668, 159.21680256484373
18.266999999999673, 159.15203381345688
18.26799999999967, 159.08788306653605
18.268999999999675, 159.0243523688681
18.269999999999676, 158.96139194677852
18.270999999999674, 158.8989453642555
18.27199999999968, 158.83695618528714
18.27299999999968, 158.77536797386165
18.27399999999968, 158.71412429396702
18.274999999999682, 158.65316870959145
18.275999999999684, 158.59244478472303
18.27699999999969, 158.5318960833498
18.277999999999686, 158.4714661694601
18.278999999999684, 158.4110986070418
18.27999999999969, 158.3507369600831
18.280999999999686, 158.2903247925721
18.28199999999969, 158.22980566849705
18.282999999999692, 158.16912315184587
18.283999999999693, 158.10822080660682
18.284999999999695, 158.04704219676793
18.285999999999696, 157.98553088631735
18.286999999999697, 157.92363043924314
18.2879999999997, 157.86128995617216
18.2889999999997, 157.79848546333784
18.2899999999997, 157.73520116025094
18.290999999999702, 157.67142124827973
18.291999999999703, 157.6071299287926
18.292999999999704, 157.5423114031579
18.293999999999706, 157.476949872744
18.294999999999707, 157.41102953891934
18.295999999999708, 157.34453460305213
18.296999999999706, 157.27744926651079
18.297999999999707, 157.2097577306637
18.29899999999971, 157.1414441968792
18.29999999999971, 157.07249286652566
18.300999999999714, 157.0028879409714
18.301999999999715, 156.93261362158486
18.302999999999717, 156.86165410973433
18.303999999999718, 156.7899936067882
18.304999999999715, 156.71761631411476
18.30599999999972, 156.64450643308248
18.306999999999718, 156.57064816505965
18.307999999999723, 156.49602571141463
18.308999999999727, 156.42062327351582
18.309999999999725, 156.34442505273148
18.310999999999723, 156.26741525043008
18.311999999999728, 156.18957806798
18.312999999999725, 156.11089770674943
18.31399999999973, 156.0313583681069
18.31499999999973, 155.95094425342066
18.315999999999732, 155.86963956405913
18.31699999999973, 155.78742850139065
18.317999999999735, 155.70429526678362
18.318999999999736, 155.62022406160628
18.31999999999974, 155.53519908722714
18.32099999999974, 155.44920454501442
18.32199999999974, 155.36222463633658
18.32299999999974, 155.2742435625619
18.323999999999742, 155.1852455250588
18.324999999999743, 155.09521472519566
18.325999999999745, 155.0041373627417
18.326999999999742, 154.91209105382103
18.327999999999744, 154.81928078306976
18.328999999999745, 154.7259209728162
18.32999999999975, 154.63222604538862
18.330999999999754, 154.53841042311535
18.331999999999752, 154.4446885283247
18.33299999999975, 154.35127478334493
18.33399999999975, 154.25838361050435
18.334999999999756, 154.16622943213122
18.335999999999753, 154.07502667055397
18.336999999999755, 153.98498974810076
18.33799999999976, 153.8963330870999
18.33899999999976, 153.80927110987975
18.339999999999762, 153.72401823876856
18.340999999999767, 153.64078889609465
18.341999999999764, 153.55979750418635
18.342999999999762, 153.48125848537188
18.343999999999767, 153.40538626197957
18.344999999999764, 153.3323951950307
18.34599999999977, 153.26239935697893
18.34699999999977, 153.19520834485095
18.34799999999977, 153.13057418889161
18.348999999999773, 153.06824891934545
18.349999999999778, 153.0079845664573
18.35099999999977, 152.9495331604719
18.351999999999776, 152.89264673163387
18.352999999999778, 152.83707731018802
18.35399999999978, 152.78257692637902
18.354999999999784, 152.72889761045158
18.35599999999978, 152.67579139265047
18.356999999999783, 152.62301030322047
18.357999999999784, 152.57030637240612
18.35899999999979, 152.51743163045225
18.359999999999786, 152.46413810760356
18.360999999999787, 152.41017783410484
18.36199999999979, 152.3553028402007
18.362999999999786, 152.2992651561359
18.36399999999979, 152.24181681215515
18.364999999999792, 152.18273633746293
18.365999999999794, 152.12199081037335
18.366999999999795, 152.05962904508254
18.367999999999796, 151.9957001855131
18.368999999999797, 151.93025337558817
18.3699999999998, 151.8633377592307
18.3709999999998, 151.79500248036345
18.3719999999998, 151.7252966829094
18.372999999999806, 151.6542695107915
18.373999999999803, 151.58197010793265
18.374999999999808, 151.50844761825567
18.375999999999806, 151.43375118568366
18.37699999999981, 151.35792995413937
18.37799999999981, 151.28103306754576
18.37899999999981, 151.20310966982578
18.37999999999981, 151.12420890490233
18.38099999999981, 151.04437991669835
18.381999999999813, 150.96367184913657
18.382999999999814, 150.8821338461402
18.383999999999816, 150.799815051632
18.384999999999817, 150.71676460953486
18.385999999999818, 150.63303166377176
18.38699999999982, 150.54866535826557
18.38799999999982, 150.46371483693923
18.38899999999982, 150.37822924371562
18.389999999999823, 150.29225772251772
18.390999999999824, 150.20584941726838
18.391999999999822, 150.11905347189054
18.39299999999983, 150.03191903030705
18.393999999999828, 149.94449523644104
18.39499999999983, 149.85683123421518
18.39599999999983, 149.76897616755252
18.39699999999983, 149.68097918037586
18.397999999999833, 149.59288941660824
18.398999999999834, 149.50475602017252
18.399999999999835, 149.4166281349916
18.400999999999836, 149.32855490498838
18.401999999999838, 149.2405854740859
18.40299999999984, 149.15276898620698
18.40399999999984, 149.0651545852744
18.404999999999845, 148.9777914152113
18.405999999999842, 148.89072861994055
18.40699999999984, 148.80401534338498
18.407999999999845, 148.7177007294675
18.40899999999985, 148.63183392211116
18.409999999999847, 148.54646406523872
18.41099999999985, 148.46164030277316
18.41199999999985, 148.37741177863742
18.41299999999985, 148.29382763675437
18.413999999999856, 148.210937021047
18.414999999999853, 148.12878907543808
18.415999999999855, 148.04743294385065
18.416999999999856, 147.96691777020763
18.417999999999857, 147.88729269843182
18.41899999999986, 147.80860687244623
18.41999999999986, 147.73090943617376
18.420999999999857, 147.65424953353732
18.421999999999862, 147.57867630845985
18.422999999999863, 147.50422868113068
18.423999999999864, 147.430900756227
18.424999999999862, 147.3586743622257
18.425999999999867, 147.28753132728536
18.42699999999987, 147.21745347956454
18.42799999999987, 147.14842264722185
18.428999999999874, 147.08042065841587
18.429999999999872, 147.01342934130523
18.430999999999873, 146.94743052404837
18.431999999999874, 146.88240603480403
18.43299999999988, 146.81833770173074
18.433999999999877, 146.75520735298716
18.434999999999878, 146.69299681673175
18.43599999999988, 146.6316879211232
18.436999999999884, 146.57126249432002
18.43799999999988, 146.5117023644808
18.43899999999988, 146.45298935976422
18.439999999999884, 146.39510530832877
18.44099999999988, 146.3380320383331
18.441999999999886, 146.2817447790377
18.442999999999888, 146.22614787466134
18.44399999999989, 146.1711025601663
18.44499999999989, 146.1164694611859
18.44599999999989, 146.06210920335326
18.446999999999893, 146.00788241230168
18.447999999999894, 145.95364971366445
18.448999999999895, 145.89927173307478
18.4499999999999, 145.84460909616584
18.450999999999897, 145.78952242857096
18.4519999999999, 145.73387235592335
18.4529999999999, 145.67751950385627
18.4539999999999, 145.620324498003
18.454999999999902, 145.56214796399664
18.455999999999904, 145.50285052747057
18.456999999999905, 145.44229281405796
18.457999999999902, 145.38033544939202
18.45899999999991, 145.31683905910617
18.45999999999991, 145.25166426883348
18.46099999999991, 145.18467460840668
18.46199999999991, 145.11584139844203
18.46299999999991, 145.0452730970983
18.46399999999991, 144.9730870429715
18.464999999999915, 144.8994005746578
18.465999999999916, 144.82433103075311
18.466999999999917, 144.7479957498536
18.46799999999992, 144.67051207055528
18.468999999999916, 144.5919973314542
18.46999999999992, 144.51256887114639
18.470999999999925, 144.43234402822796
18.471999999999923, 144.3514401412949
18.47299999999992, 144.26997454894334
18.473999999999926, 144.18806458976925
18.474999999999927, 144.10582760236883
18.475999999999928, 144.0233809253379
18.476999999999933, 143.94084189727272
18.47799999999993, 143.85832785676928
18.47899999999993, 143.77595614242364
18.479999999999936, 143.6938440928318
18.480999999999934, 143.61210904658986
18.48199999999994, 143.53086834229387
18.48299999999994, 143.4502393185399
18.483999999999938, 143.37033931392398
18.48499999999994, 143.29128566704216
18.48599999999994, 143.2131957164905
18.48699999999994, 143.1361868008651
18.487999999999943, 143.06037625876195
18.48899999999994, 142.98588142877713
18.489999999999945, 142.91281964950662
18.49099999999995, 142.84130825954662
18.491999999999948, 142.77146459749318
18.49299999999995, 142.7034060019422
18.49399999999995, 142.63724981148988
18.49499999999995, 142.57311336473214
18.49599999999995, 142.51111400026514
18.496999999999954, 142.4513690566849
18.497999999999955, 142.39399587258748
18.49899999999996, 142.33911178656888
18.499999999999957, 142.28680528851783
18.500999999999962, 142.23698074401307
18.50199999999996, 142.18947014272547
18.502999999999957, 142.14410530168334
18.503999999999962, 142.10071803791482
18.50499999999996, 142.0591401684484
18.505999999999965, 142.01920351031228
18.506999999999966, 141.98073988053477
18.507999999999967, 141.94358109614413
18.50899999999997, 141.9075589741687
18.50999999999997, 141.8725053316368
18.510999999999974, 141.83825198557665
18.511999999999972, 141.80463075301662
18.512999999999977, 141.77147345098496
18.513999999999974, 141.73861189650995
18.514999999999976, 141.7058779066199
18.515999999999977, 141.6731032983432
18.516999999999978, 141.640119888708
18.51799999999998, 141.60675949474265
18.518999999999977, 141.57285786920212
18.51999999999998, 141.53831850684804
18.520999999999983, 141.5031019842771
18.521999999999984, 141.46717066216559
18.522999999999985, 141.43048690118985
18.523999999999987, 141.39301306202628
18.524999999999988, 141.35471150535122
18.52599999999999, 141.31554459184088
18.52699999999999, 141.2754746821718
18.52799999999999, 141.23446413702018
18.528999999999993, 141.19247531706242
18.529999999999994, 141.1494705829748
18.530999999999995, 141.10541229543378
18.531999999999996, 141.0602628151156
18.532999999999994, 141.01398450269662
18.534, 140.96653971885326
18.534999999999997, 140.91789082426175
18.536, 140.8680001795985
18.537, 140.81683014553985
18.538000000000004, 140.76434358673419
18.539000000000005, 140.71054763500302
18.540000000000006, 140.65552761493655
18.54100000000001, 140.59937683659928
18.54200000000001, 140.54218861005577
18.543000000000013, 140.48405624537054
18.54400000000001, 140.42507305260816
18.545000000000012, 140.36533234183324
18.546000000000014, 140.30492742311017
18.54700000000002, 140.2439516065036
18.54800000000002, 140.1824982020781
18.549000000000017, 140.12066051989817
18.55000000000002, 140.0585318700283
18.55100000000002, 139.9962055625331
18.55200000000002, 139.93377490747716
18.553000000000022, 139.8713332149249
18.554000000000023, 139.80897379494095
18.555000000000025, 139.74678995758987
18.556000000000026, 139.68487501293606
18.557000000000027, 139.62332227104426
18.55800000000003, 139.56222504197896
18.55900000000003, 139.5016766358046
18.56000000000003, 139.44177036258583
18.561000000000032, 139.38259953238716
18.562000000000033, 139.32425745527308
18.563000000000034, 139.26683744130827
18.564000000000036, 139.21043280055716
18.56500000000004, 139.1551368430844
18.566000000000038, 139.10104287895433
18.567000000000036, 139.04824421823167
18.56800000000004, 138.99683417098095
18.569000000000038, 138.94690604726665
18.570000000000043, 138.89855315715334
18.571000000000044, 138.85186881070555
18.572000000000045, 138.80694631798792
18.573000000000043, 138.7638789890649
18.574000000000048, 138.72276013400105
18.57500000000005, 138.68368306286087
18.57600000000005, 138.646741085709
18.577000000000055, 138.6120119655873
18.578000000000053, 138.57942532672956
18.579000000000054, 138.54882871853656
18.580000000000055, 138.5200688185054
18.581000000000056, 138.49299230413322
18.582000000000058, 138.46744585291725
18.58300000000006, 138.44327614235448
18.58400000000006, 138.42032984994228
18.58500000000006, 138.3984536531775
18.58600000000006, 138.37749422955753
18.587000000000064, 138.35729825657938
18.588000000000065, 138.33771241174026
18.58900000000007, 138.3185833725372
18.590000000000067, 138.2997578164675
18.59100000000007, 138.2810824210282
18.59200000000007, 138.26240386371643
18.59300000000007, 138.2435688220294
18.594000000000072, 138.22442397346424
18.595000000000073, 138.20481599551806
18.596000000000075, 138.18459382541204
18.59700000000008, 138.16367568215122
18.598000000000077, 138.14206031223506
18.599000000000082, 138.1197509869934
18.60000000000008, 138.0967509777559
18.601000000000077, 138.07306355585249
18.602000000000082, 138.04869199261276
18.603000000000083, 138.02363955936644
18.604000000000084, 137.99790952744343
18.605000000000086, 137.97150516817337
18.606000000000087, 137.9444297528861
18.607000000000085, 137.91668655291127
18.60800000000009, 137.88827883957873
18.60900000000009, 137.85920988421816
18.610000000000092, 137.82948295815936
18.611000000000093, 137.79910133273208
18.612000000000094, 137.7680682792661
18.613000000000095, 137.73638706909108
18.6140000000001, 137.70406097353688
18.615000000000098, 137.67109328329795
18.6160000000001, 137.6374944030501
18.6170000000001, 137.60329242927378
18.6180000000001, 137.5685181623064
18.619000000000103, 137.53320240248559
18.6200000000001, 137.49737595014892
18.621000000000105, 137.46106960563384
18.622000000000103, 137.42431416927803
18.62300000000011, 137.38714044141895
18.62400000000011, 137.34957922239414
18.62500000000011, 137.31166131254122
18.62600000000011, 137.27341751219763
18.627000000000113, 137.234878621701
18.628000000000114, 137.19607544138887
18.62900000000012, 137.15703877159874
18.630000000000116, 137.11779941266823
18.63100000000012, 137.0783881649349
18.63200000000012, 137.0388358287361
18.633000000000116, 136.9991732044096
18.63400000000012, 136.95943109229285
18.635000000000122, 136.9196402927235
18.636000000000124, 136.87983160603892
18.63700000000012, 136.84003583257677
18.638000000000126, 136.8002837726746
18.639000000000124, 136.7606062266699
18.64000000000013, 136.72103399490027
18.641000000000126, 136.68159787770327
18.64200000000013, 136.6423286754164
18.643000000000136, 136.6032571883773
18.644000000000133, 136.56441421692335
18.645000000000135, 136.52583056139224
18.64600000000014, 136.48753702212144
18.647000000000137, 136.44956439944852
18.648000000000135, 136.41194349371108
18.64900000000014, 136.3747051052466
18.65000000000014, 136.33788003439264
18.651000000000145, 136.30149908148672
18.652000000000143, 136.26559304686648
18.653000000000148, 136.23019273086942
18.654000000000146, 136.19532893383305
18.655000000000147, 136.16103245609497
18.656000000000148, 136.1273340979927
18.65700000000015, 136.0942646598638
18.65800000000015, 136.06185494204578
18.65900000000015, 136.03013574487622
18.660000000000153, 135.99913786869269
18.661000000000158, 135.96889211383268
18.662000000000155, 135.93942928063382
18.66300000000016, 135.91078016943356
18.664000000000158, 135.88297558056954
18.665000000000155, 135.85604631437923
18.66600000000016, 135.8300231712002
18.66700000000016, 135.80493695137002
18.668000000000163, 135.78081845522627
18.66900000000016, 135.7576984831064
18.670000000000165, 135.735607835348
18.671000000000166, 135.71457731228867
18.672000000000168, 135.69463771426587
18.67300000000017, 135.6758189980905
18.674000000000174, 135.65809496611132
18.67500000000017, 135.6413490350347
18.676000000000176, 135.62545644176595
18.677000000000174, 135.61029242321055
18.678000000000175, 135.59573221627386
18.679000000000176, 135.58165105786145
18.680000000000177, 135.56792418487868
18.68100000000018, 135.55442683423095
18.68200000000018, 135.54103424282368
18.683000000000177, 135.52762164756237
18.684000000000182, 135.5140642853524
18.685000000000183, 135.50023739309924
18.686000000000185, 135.48601620770825
18.687000000000186, 135.47127596608496
18.688000000000187, 135.45589190513473
18.68900000000019, 135.439739261763
18.69000000000019, 135.42269327287525
18.69100000000019, 135.4046291753769
18.692000000000192, 135.3854222081384
18.693000000000197, 135.36498632024416
18.694000000000194, 135.34337345903705
18.6950000000002, 135.3206663099651
18.696000000000197, 135.29694755847623
18.697000000000195, 135.2722998900184
18.6980000000002, 135.24680599003943
18.699000000000197, 135.22054854398732
18.700000000000202, 135.19361023730994
18.701000000000203, 135.16607375545524
18.702000000000204, 135.13802178387112
18.703000000000205, 135.1095370080056
18.704000000000207, 135.08070211330647
18.705000000000204, 135.0515997852217
18.706000000000213, 135.02231270919924
18.70700000000021, 134.99292357068703
18.70800000000021, 134.96351505513292
18.70900000000021, 134.93416984798486
18.710000000000218, 134.90497063469084
18.711000000000215, 134.8760001006987
18.712000000000216, 134.8473351046786
18.713000000000218, 134.8190030660763
18.71400000000022, 134.79100647904673
18.71500000000022, 134.7633476470718
18.716000000000218, 134.73602887363347
18.717000000000226, 134.70905246221378
18.718000000000224, 134.68242071629453
18.719000000000225, 134.6561359393578
18.720000000000226, 134.6302004348855
18.721000000000227, 134.60461650635963
18.72200000000023, 134.57938645726213
18.72300000000023, 134.55451259107494
18.72400000000023, 134.52999721128006
18.725000000000236, 134.50584262135942
18.726000000000234, 134.48205112479494
18.72700000000024, 134.45862502506873
18.728000000000236, 134.4355666256626
18.729000000000234, 134.4128782300585
18.73000000000024, 134.39056214173854
18.73100000000024, 134.36862066418453
18.73200000000024, 134.34705610087858
18.733000000000242, 134.32587075530242
18.734000000000243, 134.3050669309382
18.735000000000245, 134.28464693126787
18.736000000000246, 134.26461305977332
18.737000000000247, 134.24496761993657
18.73800000000025, 134.2257129152395
18.739000000000253, 134.20685124916412
18.74000000000025, 134.18838492519245
18.741000000000252, 134.17031624680635
18.742000000000253, 134.15264751748782
18.743000000000254, 134.1353810407188
18.744000000000256, 134.1185191199813
18.745000000000257, 134.10206405875724
18.746000000000258, 134.0860181605286
18.74700000000026, 134.07038372877727
18.74800000000026, 134.05516306698536
18.74900000000026, 134.0403584786347
18.750000000000263, 134.02597226720724
18.751000000000264, 134.01200673618507
18.752000000000265, 133.99846418905
18.753000000000263, 133.9853469292841
18.754000000000268, 133.97265726036926
18.755000000000265, 133.9603974857875
18.75600000000027, 133.94856990902076
18.757000000000275, 133.93717683355098
18.758000000000273, 133.9262205628601
18.759000000000277, 133.91570340043015
18.760000000000275, 133.90562764974302
18.761000000000273, 133.89599561428074
18.762000000000278, 133.8868095975252
18.763000000000282, 133.8780719029584
18.76400000000028, 133.86978483406224
18.76500000000028, 133.8619506943188
18.766000000000286, 133.85457178720998
18.767000000000284, 133.84765041621765
18.768000000000285, 133.8411888848239
18.769000000000283, 133.83518949651062
18.770000000000287, 133.8296410289996
18.771000000000292, 133.82446242953878
18.77200000000029, 133.81955017569445
18.77300000000029, 133.81480073431047
18.774000000000292, 133.81011057223097
18.77500000000029, 133.8053761562998
18.776000000000295, 133.800493953361
18.777000000000296, 133.79536043025854
18.778000000000297, 133.78987205383652
18.779000000000295, 133.78392529093875
18.7800000000003, 133.7774166084094
18.7810000000003, 133.7702424730923
18.782000000000302, 133.7622993518315
18.783000000000303, 133.75348371147103
18.784000000000304, 133.74369201885483
18.785000000000306, 133.7328207408269
18.786000000000307, 133.72076634423124
18.787000000000305, 133.70742529591178
18.78800000000031, 133.69269406271263
18.789000000000314, 133.67648150362203
18.790000000000312, 133.65885874760033
18.791000000000317, 133.64001096492058
18.792000000000314, 133.62012569454242
18.793000000000312, 133.5993904754257
18.794000000000317, 133.5779928465301
18.795000000000318, 133.5561203468153
18.79600000000032, 133.53396051524106
18.797000000000324, 133.5117008907672
18.79800000000032, 133.48952901235333
18.799000000000323, 133.46763241895923
18.800000000000328, 133.4461986495446
18.80100000000033, 133.42541524306924
18.802000000000326, 133.40546973849277
18.803000000000328, 133.38654967477504
18.80400000000033, 133.36884259087572
18.805000000000327, 133.35253602575457
18.80600000000033, 133.33781751837125
18.807000000000333, 133.32487460768562
18.808000000000334, 133.31389232936365
18.809000000000335, 133.30492540493728
18.810000000000336, 133.29783724106431
18.811000000000337, 133.29247597427445
18.81200000000034, 133.2886897410974
18.81300000000034, 133.28632667806278
18.81400000000034, 133.28523492170046
18.815000000000342, 133.28526260854005
18.816000000000344, 133.28625787511123
18.817000000000345, 133.28806885794378
18.818000000000346, 133.29054369356737
18.819000000000344, 133.29353051851172
18.82000000000035, 133.2968774693065
18.821000000000353, 133.3004326824815
18.82200000000035, 133.30404429456632
18.823000000000356, 133.3075604420908
18.824000000000353, 133.3108292615845
18.82500000000035, 133.31369888957724
18.826000000000356, 133.31601746259867
18.827000000000357, 133.31763313015014
18.82800000000036, 133.31843530603652
18.82900000000036, 133.3184461816659
18.83000000000036, 133.31771460255027
18.831000000000362, 133.3162894142015
18.832000000000363, 133.3142194621317
18.833000000000364, 133.31155359185277
18.834000000000366, 133.30834064887668
18.835000000000367, 133.30462947871544
18.836000000000368, 133.30046892688105
18.83700000000037, 133.2959078388854
18.83800000000037, 133.29099506024056
18.83900000000037, 133.28577943645848
18.84000000000037, 133.28030981305108
18.841000000000378, 133.2746350355304
18.842000000000375, 133.2688039494084
18.843000000000377, 133.26286540019706
18.844000000000378, 133.25686823340828
18.84500000000038, 133.25086129455426
18.84600000000038, 133.2448934291467
18.847000000000378, 133.23900885941583
18.848000000000383, 133.23321676212342
18.849000000000384, 133.22751025688302
18.850000000000385, 133.2218823797646
18.851000000000386, 133.21632616683783
18.852000000000388, 133.21083465417252
18.853000000000392, 133.20540087783849
18.85400000000039, 133.2000178739055
18.855000000000395, 133.19467867844332
18.856000000000392, 133.18937632752176
18.85700000000039, 133.18410385721072
18.858000000000395, 133.1788543035799
18.859000000000396, 133.17362070269897
18.860000000000397, 133.1683960906379
18.8610000000004, 133.16317350346648
18.8620000000004, 133.1579459772544
18.8630000000004, 133.15270654807148
18.864000000000406, 133.14744825198753
18.865000000000403, 133.14216412507236
18.866000000000405, 133.13684720339575
18.867000000000406, 133.13149052302745
18.86800000000041, 133.1260871200373
18.869000000000412, 133.1206300304951
18.870000000000413, 133.11511229047056
18.871000000000407, 133.10952693603357
18.872000000000412, 133.10386700325387
18.873000000000413, 133.0981255282013
18.874000000000414, 133.09229554694556
18.875000000000416, 133.08637009555653
18.876000000000413, 133.08034221010396
18.87700000000042, 133.07420492665764
18.87800000000042, 133.06795128128738
18.87900000000042, 133.06157431006292
18.880000000000422, 133.05506704905412
18.881000000000423, 133.04842253433074
18.882000000000424, 133.0416338019626
18.883000000000425, 133.03469388801946
18.884000000000427, 133.02759582857112
18.88500000000043, 133.02033271638302
18.88600000000043, 133.01290603797787
18.887000000000434, 133.00533447964784
18.88800000000043, 132.997638835183
18.88900000000043, 132.98983989837345
18.890000000000434, 132.98195846300942
18.891000000000435, 132.97401532288086
18.892000000000436, 132.96603127177792
18.89300000000044, 132.9580271034908
18.89400000000044, 132.95002361180946
18.895000000000444, 132.9420415905241
18.89600000000044, 132.9341018334248
18.897000000000443, 132.9262251343017
18.898000000000444, 132.9184322869449
18.899000000000445, 132.91074408514447
18.900000000000446, 132.90318132269056
18.901000000000447, 132.89576479337322
18.90200000000045, 132.8885152909826
18.90300000000045, 132.8814536093088
18.90400000000045, 132.874600542142
18.905000000000456, 132.86796664315133
18.906000000000454, 132.86151483259644
18.907000000000455, 132.85519419101655
18.908000000000456, 132.8489537974355
18.909000000000457, 132.84274273087732
18.91000000000046, 132.83651007036588
18.911000000000463, 132.83020489492532
18.91200000000046, 132.82377628357935
18.91300000000046, 132.81717331535202
18.914000000000463, 132.8103450692673
18.915000000000465, 132.80324062434914
18.916000000000466, 132.79580905962146
18.91700000000047, 132.78799945410822
18.918000000000468, 132.7797608868334
18.919000000000466, 132.77104243682086
18.92000000000047, 132.76179318309465
18.92100000000047, 132.75196220467868
18.922000000000473, 132.74149858059693
18.923000000000474, 132.73035138987328
18.924000000000476, 132.7184752063045
18.925000000000477, 132.7058879482685
18.926000000000478, 132.69264815033998
18.92700000000048, 132.6788150128297
18.928000000000484, 132.66444773604863
18.92900000000048, 132.6496055203078
18.930000000000483, 132.63434756591806
18.931000000000484, 132.61873307319036
18.932000000000485, 132.60282124243568
18.933000000000483, 132.58667127396495
18.934000000000488, 132.5703423680891
18.93500000000049, 132.55389372511908
18.93600000000049, 132.53738454536582
18.93700000000049, 132.52087402914026
18.938000000000493, 132.50442137675336
18.939000000000494, 132.488085788516
18.940000000000495, 132.4719264647392
18.941000000000496, 132.45600260573383
18.942000000000498, 132.44037341181087
18.9430000000005, 132.42509750275931
18.9440000000005, 132.41020927177095
18.9450000000005, 132.39571064607418
18.946000000000502, 132.38160128010577
18.947000000000504, 132.36788082830293
18.948000000000505, 132.35454894510258
18.94900000000051, 132.34160528494175
18.950000000000507, 132.32904950225753
18.951000000000512, 132.31688125148696
18.95200000000051, 132.30510018706687
18.953000000000507, 132.2937059634345
18.954000000000512, 132.28269823502677
18.955000000000513, 132.27207665628075
18.956000000000515, 132.26184088163336
18.957000000000516, 132.25199056552185
18.958000000000517, 132.24252536238296
18.95900000000052, 132.23344492665387
18.960000000000523, 132.2247489127716
18.96100000000052, 132.2164369751731
18.962000000000522, 132.20850874366238
18.963000000000523, 132.20093694049598
18.964000000000524, 132.19361604529814
18.965000000000526, 132.1864263951083
18.966000000000527, 132.17924832696576
18.967000000000528, 132.17196217791007
18.96800000000053, 132.16444828498055
18.969000000000534, 132.1565869852165
18.97000000000053, 132.14825861565745
18.971000000000533, 132.13934351334274
18.972000000000534, 132.12972201531176
18.973000000000535, 132.11927445860394
18.974000000000537, 132.1078811802586
18.975000000000534, 132.0954225173152
18.97600000000054, 132.0817788068131
18.97700000000054, 132.06683038579172
18.97800000000054, 132.0504575912904
18.97900000000054, 132.03254076034864
18.980000000000544, 132.01296023000575
18.98100000000055, 131.99159633730108
18.982000000000546, 131.96835666496725
18.98300000000055, 131.94333380544919
18.98400000000055, 131.91669728016763
18.985000000000547, 131.8886168620201
18.98600000000055, 131.8592623239041
18.987000000000556, 131.8288034387171
18.988000000000554, 131.79740997935664
18.98900000000055, 131.76525171872032
18.990000000000556, 131.73249842970552
18.991000000000557, 131.69931988520992
18.992000000000562, 131.66588585813093
18.99300000000056, 131.63236612136606
18.99400000000056, 131.5989304478129
18.995000000000562, 131.5657486103689
18.996000000000567, 131.5329903819316
18.99700000000057, 131.50082553539852
18.998000000000566, 131.4694238436672
18.999000000000567, 131.4389550796351
19.00000000000057, 131.40958901619973
19.00100000000057, 131.38148907256067
19.00200000000057, 131.35469975184435
19.003000000000572, 131.32916004543893
19.004000000000573, 131.30480528392758
19.005000000000575, 131.28157079789344
19.006000000000576, 131.2593919179197
19.007000000000577, 131.2382039745894
19.008000000000578, 131.21794229848587
19.00900000000058, 131.1985422201921
19.01000000000058, 131.17993907029134
19.01100000000058, 131.16206817936677
19.012000000000583, 131.1448648780014
19.013000000000588, 131.12826449677857
19.014000000000586, 131.11220236628128
19.01500000000059, 131.0966138170928
19.016000000000588, 131.08143417979622
19.017000000000586, 131.06659878497473
19.01800000000059, 131.05204296321145
19.01900000000059, 131.03770204508953
19.020000000000593, 131.0235114539109
19.021000000000598, 131.0094163251843
19.022000000000595, 130.99537989642556
19.023000000000597, 130.9813673826013
19.024000000000598, 130.96734399867825
19.025000000000603, 130.95327495962317
19.026000000000604, 130.9391254804026
19.027000000000598, 130.92486077598346
19.028000000000603, 130.91044606133238
19.029000000000604, 130.895846551416
19.030000000000605, 130.88102746120117
19.031000000000606, 130.8659540056545
19.032000000000608, 130.85059139974263
19.033000000000612, 130.83490485843254
19.03400000000061, 130.81885959669057
19.03500000000061, 130.80242082948374
19.03600000000061, 130.7855537717786
19.03700000000061, 130.7682236385419
19.038000000000615, 130.7503956447404
19.039000000000616, 130.73203500534075
19.040000000000617, 130.71311445048877
19.04100000000062, 130.6936382268192
19.04200000000062, 130.6736188414854
19.04300000000062, 130.65306880167165
19.044000000000622, 130.63200061456214
19.045000000000627, 130.61042678734123
19.046000000000625, 130.58835982719305
19.04700000000063, 130.56581224130187
19.048000000000627, 130.54279653685197
19.049000000000625, 130.5193252210276
19.05000000000063, 130.49541080101295
19.05100000000063, 130.47106578399234
19.052000000000632, 130.44630267714996
19.053000000000633, 130.42113398767006
19.054000000000634, 130.39557222273697
19.055000000000636, 130.36962988953485
19.056000000000637, 130.34331949524795
19.057000000000638, 130.31665354706055
19.05800000000064, 130.28964455215691
19.059000000000644, 130.26230501772122
19.06000000000064, 130.23464745093776
19.061000000000643, 130.20668435899074
19.062000000000644, 130.17842824906452
19.06300000000065, 130.14989162834323
19.064000000000647, 130.12108700401114
19.065000000000648, 130.09202688325252
19.06600000000065, 130.06272377325163
19.06700000000065, 130.03319018119268
19.06800000000065, 130.0034386142599
19.069000000000653, 129.97348157963762
19.070000000000654, 129.94333158451002
19.071000000000655, 129.91300113606138
19.072000000000653, 129.88250274147586
19.073000000000658, 129.85184890793784
19.07400000000066, 129.82105214263152
19.075000000000664, 129.79012495274108
19.07600000000066, 129.75907984545083
19.077000000000666, 129.72792932794505
19.078000000000664, 129.69668590740793
19.07900000000067, 129.66536209102367
19.080000000000666, 129.63397038597657
19.081000000000664, 129.6025232994509
19.08200000000067, 129.57103333863094
19.08300000000067, 129.53951301070083
19.08400000000067, 129.5079748228449
19.085000000000672, 129.47643128224735
19.086000000000674, 129.44489489609248
19.087000000000675, 129.41337817156443
19.08800000000068, 129.38189361584756
19.089000000000677, 129.35045373612607
19.09000000000068, 129.3190710395842
19.091000000000676, 129.28775803340622
19.09200000000068, 129.25652722477642
19.093000000000682, 129.22539112087895
19.094000000000683, 129.1943622288981
19.095000000000685, 129.1634530560181
19.096000000000686, 129.1326761094232
19.097000000000687, 129.10204387824578
19.098000000000685, 129.07155951140183
19.09900000000069, 129.0412015792884
19.10000000000069, 129.0109446573597
19.101000000000692, 128.98076332107024
19.102000000000693, 128.9506321458743
19.103000000000694, 128.92052570722637
19.104000000000692, 128.8904185805808
19.105000000000693, 128.86028534139197
19.106000000000698, 128.83010056511426
19.107000000000696, 128.79983882720202
19.1080000000007, 128.76947470310972
19.109000000000705, 128.73898276829172
19.110000000000703, 128.70833759820235
19.1110000000007, 128.67751376829608
19.112000000000705, 128.64648585402722
19.113000000000703, 128.61522843085015
19.114000000000708, 128.58371607421932
19.115000000000713, 128.55192335958913
19.11600000000071, 128.5198248624139
19.11700000000071, 128.48739953869094
19.118000000000713, 128.45465304970926
19.119000000000714, 128.42160111938554
19.120000000000715, 128.38825949003058
19.121000000000716, 128.35464390395524
19.122000000000718, 128.32077010347038
19.12300000000072, 128.28665383088696
19.12400000000072, 128.25231082851585
19.125000000000718, 128.21775683866784
19.126000000000722, 128.18300760365392
19.127000000000724, 128.1480788657849
19.128000000000725, 128.11298636737172
19.129000000000726, 128.07774585072508
19.130000000000727, 128.04237305815613
19.13100000000073, 128.00688373197562
19.13200000000073, 127.97129361449443
19.13300000000073, 127.9356184480234
19.134000000000732, 127.89987397487344
19.135000000000733, 127.86407593735544
19.136000000000735, 127.82824007778031
19.137000000000732, 127.79238213845889
19.138000000000737, 127.75651786170205
19.139000000000742, 127.72066298982067
19.14000000000074, 127.6848332651257
19.141000000000744, 127.64904442992793
19.142000000000742, 127.61331222653826
19.143000000000747, 127.57765239726763
19.144000000000744, 127.54208068442684
19.145000000000742, 127.50661283032684
19.146000000000747, 127.47126457727848
19.147000000000748, 127.43605166759258
19.14800000000075, 127.40098984358008
19.14900000000075, 127.36609484755186
19.15000000000075, 127.33138242181882
19.15100000000075, 127.29686830869177
19.152000000000754, 127.26256825048169
19.153000000000755, 127.22849798949937
19.154000000000757, 127.19467326805571
19.15500000000076, 127.16110982846163
19.15600000000076, 127.12782341302797
19.15700000000076, 127.0948297640656
19.15800000000076, 127.06214462388544
19.159000000000763, 127.02978373479837
19.160000000000764, 126.99776283911521
19.161000000000765, 126.9660976791469
19.162000000000766, 126.9348039972043
19.163000000000768, 126.90389753559828
19.16400000000077, 126.87339403663977
19.16500000000077, 126.84330924263956
19.16600000000077, 126.8136588959086
19.167000000000776, 126.78445873875772
19.168000000000774, 126.75572451349787
19.16900000000078, 126.72747196243985
19.170000000000776, 126.6997168278946
19.171000000000777, 126.67247485217295
19.17200000000078, 126.64576177758585
19.173000000000783, 126.6195933464441
19.17400000000078, 126.59398530098488
19.175000000000786, 126.56894148507666
19.176000000000784, 126.5444207462196
19.17700000000078, 126.5203712970353
19.178000000000786, 126.49674135014547
19.179000000000787, 126.4734791181719
19.18000000000079, 126.4505328137362
19.18100000000079, 126.42785064946017
19.18200000000079, 126.40538083796541
19.183000000000792, 126.38307159187369
19.184000000000793, 126.36087112380673
19.185000000000795, 126.33872764638615
19.186000000000796, 126.31658937223372
19.187000000000793, 126.29440451397113
19.188000000000798, 126.27212128422005
19.1890000000008, 126.24968789560225
19.1900000000008, 126.2270525607394
19.191000000000802, 126.20416349225317
19.192000000000803, 126.18096890276527
19.193000000000804, 126.1574170048975
19.194000000000806, 126.13345653635207
19.195000000000803, 126.10904099388404
19.196000000000808, 126.08412640710256
19.19700000000081, 126.05866882913904
19.198000000000807, 126.032624313125
19.19900000000081, 126.00594891219183
19.200000000000813, 125.97859867947103
19.201000000000814, 125.950529668094
19.202000000000815, 125.92169793119224
19.203000000000817, 125.89205952189718
19.204000000000818, 125.86157049334028
19.205000000000815, 125.830186898653
19.20600000000082, 125.79786479096674
19.207000000000825, 125.764560223413
19.208000000000823, 125.73022924912328
19.20900000000082, 125.69482792122892
19.210000000000825, 125.65831229286147
19.211000000000826, 125.6206384171523
19.212000000000828, 125.581762347233
19.213000000000832, 125.54164203595418
19.21400000000083, 125.50028936325253
19.21500000000083, 125.45777652027411
19.216000000000832, 125.41417887972173
19.217000000000834, 125.36957181429828
19.218000000000835, 125.32403069670664
19.219000000000836, 125.27763089964965
19.220000000000837, 125.23044779583019
19.22100000000084, 125.18255675795105
19.22200000000084, 125.13403315871514
19.22300000000084, 125.0849523708253
19.224000000000842, 125.03538976698437
19.225000000000843, 124.98542071989527
19.226000000000845, 124.93512060226077
19.227000000000846, 124.88456478678381
19.228000000000844, 124.83382864616715
19.229000000000845, 124.78298755311374
19.23000000000085, 124.73211688032637
19.23100000000085, 124.68129200050794
19.232000000000852, 124.6305882863613
19.233000000000853, 124.58008111058926
19.234000000000854, 124.52984584589473
19.235000000000856, 124.47995786498055
19.236000000000857, 124.43049254054961
19.23700000000086, 124.38152524530467
19.23800000000086, 124.33313135194868
19.239000000000857, 124.28538623318447
19.24000000000086, 124.23836526171488
19.24100000000086, 124.19214381024278
19.242000000000864, 124.14679725147104
19.243000000000865, 124.10240095810246
19.244000000000867, 124.05903030283996
19.245000000000868, 124.01676065838636
19.24600000000087, 123.97566739744454
19.24700000000087, 123.93582589271736
19.24800000000087, 123.89731151690765
19.249000000000873, 123.86019964271826
19.250000000000874, 123.82456564285206
19.251000000000875, 123.79048489001195
19.252000000000876, 123.75801280103627
19.253000000000878, 123.72709538044256
19.25400000000088, 123.6976413287431
19.255000000000877, 123.6695593147936
19.25600000000088, 123.64275800744987
19.257000000000883, 123.6171460755676
19.258000000000884, 123.5926321880026
19.259000000000885, 123.56912501361059
19.260000000000886, 123.54653322124733
19.261000000000887, 123.5247654797686
19.26200000000089, 123.50373045803016
19.26300000000089, 123.48333682488772
19.26400000000089, 123.46349324919704
19.265000000000892, 123.44410839981394
19.266000000000894, 123.42509094559409
19.267000000000895, 123.40634955539332
19.268000000000896, 123.38779289806733
19.2690000000009, 123.36932964247185
19.2700000000009, 123.35086845746275
19.271000000000903, 123.33231951150661
19.2720000000009, 123.3136141502167
19.2730000000009, 123.29469939940309
19.274000000000903, 123.27552265387693
19.275000000000908, 123.25603130844934
19.276000000000906, 123.23617275793146
19.277000000000907, 123.2158943971344
19.278000000000908, 123.19514362086932
19.279000000000906, 123.17386782394742
19.28000000000091, 123.15201440117974
19.281000000000912, 123.1295307473774
19.282000000000913, 123.10636425735164
19.28300000000091, 123.08246232591347
19.284000000000916, 123.05777234787416
19.28500000000092, 123.03224171804476
19.286000000000918, 123.0058178312364
19.28700000000092, 122.97844808226024
19.28800000000092, 122.95007986592739
19.28900000000092, 122.92066057704905
19.290000000000923, 122.89013820477899
19.291000000000924, 122.85849623445651
19.29200000000092, 122.82577307619871
19.293000000000927, 122.79201185382962
19.294000000000928, 122.75725569117296
19.29500000000093, 122.72154771205264
19.29600000000093, 122.68493104029257
19.29700000000093, 122.64744879971656
19.298000000000933, 122.60914411414845
19.299000000000934, 122.57006010741216
19.300000000000935, 122.5302399033315
19.301000000000933, 122.48972662573044
19.302000000000938, 122.44856339843274
19.303000000000942, 122.40679334526224
19.30400000000094, 122.36445959004291
19.305000000000938, 122.32160525659854
19.306000000000942, 122.27827346875306
19.307000000000944, 122.23450735033023
19.308000000000945, 122.190350025154
19.309000000000946, 122.14584461704823
19.310000000000947, 122.10103424983672
19.311000000000952, 122.05596204734339
19.31200000000095, 122.0106711333921
19.31300000000095, 121.96520463180667
19.314000000000956, 121.919605666411
19.315000000000953, 121.87391736102899
19.316000000000955, 121.82818283948443
19.317000000000956, 121.78244522560121
19.318000000000957, 121.73674764320319
19.31900000000096, 121.69113321611428
19.32000000000096, 121.64564506815826
19.32100000000096, 121.60032632315904
19.322000000000962, 121.55522010494053
19.323000000000963, 121.51036953732651
19.324000000000964, 121.46581774414094
19.325000000000962, 121.42160784920755
19.326000000000967, 121.37778297635032
19.32700000000097, 121.33438624939302
19.32800000000097, 121.29146079215961
19.329000000000974, 121.24904972847389
19.33000000000097, 121.20719618215978
19.331000000000973, 121.16594327704107
19.332000000000974, 121.12533413694169
19.33300000000098, 121.08541188568545
19.334000000000977, 121.04621964709622
19.33500000000098, 121.00780054499793
19.33600000000098, 120.97019770321438
19.337000000000984, 120.93345424556944
19.33800000000098, 120.89761329588698
19.33900000000098, 120.86271797799088
19.340000000000984, 120.82881141570496
19.341000000000985, 120.79593673285311
19.342000000000986, 120.76413705325922
19.343000000000988, 120.73345550074714
19.34400000000099, 120.70393519914069
19.34500000000099, 120.67561927226382
19.34600000000099, 120.64855084394026
19.347000000000993, 120.62277303799402
19.348000000000994, 120.59832563346471
19.349000000000995, 120.57516836065363
19.350000000000996, 120.55317912919233
19.351000000000997, 120.53223214948866
19.352000000001, 120.51220163195057
19.353000000000996, 120.49296178698593
19.354000000000998, 120.47438682500257
19.355000000001002, 120.45635095640853
19.356000000001004, 120.43872839161162
19.357000000001005, 120.42139334101978
19.358000000001006, 120.40422001504082
19.359000000001007, 120.38708262408272
19.36000000000101, 120.3698553785534
19.36100000000101, 120.35241248886068
19.36200000000101, 120.33462816541251
19.363000000001012, 120.31637661861677
19.364000000001013, 120.29753205888134
19.365000000001018, 120.27796869661418
19.366000000001016, 120.25756074222315
19.36700000000102, 120.23618266386329
19.368000000001018, 120.21375673105169
19.369000000001016, 120.19030868597193
19.37000000000102, 120.16587779161642
19.371000000001022, 120.14050331097766
19.372000000001023, 120.1142245070481
19.373000000001024, 120.08708064282018
19.374000000001026, 120.05911098128637
19.37500000000103, 120.03035478543912
19.376000000001028, 120.00085131827086
19.37700000000103, 119.97063984277413
19.37800000000103, 119.93975962194129
19.37900000000103, 119.90824991876488
19.380000000001033, 119.87614999623729
19.381000000001034, 119.843499117351
19.382000000001035, 119.8103365450985
19.383000000001037, 119.77670154247221
19.384000000001038, 119.74263337246457
19.385000000001043, 119.70817129806807
19.38600000000104, 119.67335458227521
19.38700000000104, 119.63822248807836
19.388000000001043, 119.60281427846999
19.38900000000104, 119.56716921644261
19.390000000001045, 119.53132656498865
19.391000000001046, 119.49532558710055
19.392000000001048, 119.4592055457708
19.39300000000105, 119.42300570399185
19.39400000000105, 119.38676532475611
19.39500000000105, 119.3505236710561
19.396000000001052, 119.31432000588427
19.397000000001057, 119.278193592233
19.398000000001055, 119.24218369309484
19.39900000000106, 119.20632957146222
19.400000000001057, 119.17067049032758
19.401000000001055, 119.1352457126834
19.40200000000106, 119.10009450152211
19.40300000000106, 119.06525611983616
19.404000000001062, 119.03076983061806
19.405000000001063, 118.99667489686021
19.406000000001065, 118.96300790315013
19.407000000001062, 118.92977224277976
19.408000000001067, 118.89694887739573
19.409000000001072, 118.86451834627192
19.410000000001073, 118.83246118868213
19.41100000000107, 118.80075794390021
19.412000000001072, 118.76938915120002
19.413000000001073, 118.73833534985533
19.414000000001074, 118.7075770791401
19.41500000000108, 118.677094878328
19.416000000001077, 118.64686928669305
19.417000000001078, 118.61688084350898
19.41800000000108, 118.58711008804967
19.41900000000108, 118.55753755958891
19.42000000000108, 118.5281437974006
19.421000000001083, 118.49890934075857
19.422000000001084, 118.46981472893663
19.423000000001085, 118.44084050120861
19.424000000001087, 118.41196719684838
19.425000000001088, 118.38317569125002
19.42600000000109, 118.35446273586356
19.42700000000109, 118.32584749640718
19.42800000000109, 118.29735083131536
19.429000000001096, 118.26899359902265
19.430000000001094, 118.24079665796364
19.4310000000011, 118.21278086657273
19.432000000001096, 118.18496708328455
19.433000000001094, 118.1573761665336
19.4340000000011, 118.1300289747544
19.4350000000011, 118.1029463663815
19.4360000000011, 118.07614919984944
19.437000000001103, 118.0496583335927
19.438000000001104, 118.02349462604579
19.439000000001105, 117.99767893564334
19.440000000001106, 117.9722321208198
19.441000000001107, 117.94717504000974
19.44200000000111, 117.92252855164764
19.44300000000111, 117.89831351416805
19.44400000000111, 117.87455078342485
19.445000000001116, 117.8512562961027
19.446000000001114, 117.82843083341663
19.44700000000112, 117.80607226725634
19.448000000001116, 117.78417846951142
19.449000000001114, 117.76274731207147
19.45000000000112, 117.74177666682613
19.45100000000112, 117.72126440566507
19.45200000000112, 117.70120840047784
19.453000000001122, 117.68160652315409
19.454000000001123, 117.66245664558346
19.455000000001125, 117.64375663965559
19.456000000001122, 117.62550437726
19.457000000001127, 117.6076977302865
19.458000000001128, 117.59033457062449
19.45900000000113, 117.57341277016377
19.46000000000113, 117.55693020079389
19.461000000001135, 117.54088473440447
19.462000000001133, 117.52527424288515
19.463000000001138, 117.51009659812553
19.464000000001136, 117.49534744581781
19.465000000001133, 117.48100633684616
19.466000000001138, 117.46704574616683
19.46700000000114, 117.45343811820808
19.46800000000114, 117.44015589739817
19.46900000000114, 117.42717152816559
19.470000000001143, 117.41445745493851
19.471000000001144, 117.40198612214535
19.472000000001145, 117.38972997421439
19.473000000001147, 117.37766145557394
19.474000000001148, 117.3657530106523
19.47500000000115, 117.35397708387788
19.476000000001154, 117.34230611967892
19.47700000000115, 117.3307125624838
19.478000000001153, 117.31916885672081
19.47900000000115, 117.3076474468183
19.480000000001155, 117.29612077720458
19.481000000001156, 117.28456129230793
19.482000000001154, 117.27294143655672
19.483000000001155, 117.26123365437931
19.48400000000116, 117.24941039020395
19.48500000000116, 117.237444088459
19.486000000001162, 117.22530719357275
19.487000000001164, 117.21297214997355
19.488000000001165, 117.20041140208974
19.489000000001166, 117.1875973943496
19.490000000001167, 117.17450257118148
19.491000000001172, 117.1610993770137
19.49200000000117, 117.14736025627457
19.493000000001174, 117.13325765339243
19.494000000001172, 117.11876401279562
19.495000000001177, 117.10385177891243
19.496000000001175, 117.08849339617117
19.497000000001172, 117.07266130900024
19.498000000001177, 117.05632796182782
19.49900000000118, 117.0394657990824
19.50000000000118, 117.02204726519219
19.50100000000118, 117.00404480458556
19.502000000001182, 116.98543115613937
19.503000000001187, 116.96621640866466
19.504000000001184, 116.9464841350425
19.505000000001186, 116.92632648439529
19.50600000000119, 116.90583560584551
19.507000000001188, 116.88510364851557
19.50800000000119, 116.8642227615278
19.50900000000119, 116.8432850940047
19.51000000000119, 116.82238279506869
19.511000000001196, 116.80160801384211
19.512000000001194, 116.78105289944745
19.513000000001195, 116.76080960100711
19.514000000001197, 116.74097026764346
19.515000000001194, 116.72162704847904
19.5160000000012, 116.70287209263608
19.517000000001197, 116.68479754923716
19.5180000000012, 116.6674955674046
19.519000000001203, 116.65105829626083
19.520000000001204, 116.63557788492835
19.521000000001205, 116.62114648252947
19.522000000001206, 116.60783072645408
19.523000000001208, 116.59558373134293
19.52400000000121, 116.58432704673491
19.525000000001214, 116.57398222089694
19.52600000000121, 116.56447080209598
19.527000000001216, 116.55571433859907
19.528000000001214, 116.54763437867312
19.52900000000121, 116.54015247058518
19.530000000001216, 116.53319016260214
19.531000000001217, 116.52666900299101
19.53200000000122, 116.52051054001882
19.53300000000122, 116.51463632195245
19.53400000000122, 116.50896789705898
19.535000000001222, 116.50342681360527
19.536000000001223, 116.49793461985837
19.53700000000122, 116.49241286408528
19.538000000001226, 116.48678309455289
19.539000000001227, 116.4809668595283
19.54000000000123, 116.47488570727833
19.54100000000123, 116.46846660903347
19.54200000000123, 116.46169583192284
19.543000000001232, 116.45459619171982
19.544000000001233, 116.44719104105535
19.54500000000123, 116.43950373256042
19.546000000001236, 116.4315576188661
19.547000000001237, 116.42337605260325
19.548000000001238, 116.41498238640293
19.54900000000124, 116.40639997289607
19.55000000000124, 116.3976521647137
19.55100000000124, 116.38876231448677
19.552000000001243, 116.37975377484634
19.553000000001244, 116.37064989842327
19.554000000001245, 116.36147403784861
19.55500000000125, 116.35224954575341
19.556000000001248, 116.34299977476853
19.557000000001253, 116.33374807752503
19.55800000000125, 116.32451780665387
19.559000000001255, 116.315332314786
19.560000000001253, 116.3062149545525
19.56100000000125, 116.29718907858424
19.562000000001255, 116.28827803951229
19.563000000001256, 116.27950518996758
19.564000000001258, 116.2708938825811
19.56500000000126, 116.26246746998389
19.56600000000126, 116.25424930480686
19.56700000000126, 116.24626273968104
19.568000000001266, 116.23853112723737
19.569000000001264, 116.23107782010688
19.570000000001265, 116.22392617092055
19.571000000001266, 116.21709953230935
19.572000000001267, 116.21062125690423
19.573000000001272, 116.20451469733621
19.57400000000127, 116.19880320623628
19.57500000000127, 116.19351013623539
19.576000000001272, 116.18865883996456
19.577000000001274, 116.18427267005475
19.578000000001275, 116.18037497913703
19.57900000000128, 116.1769891032217
19.580000000001277, 116.17412555437545
19.58100000000128, 116.17175911970403
19.58200000000128, 116.16985841443392
19.58300000000128, 116.1683920537914
19.58400000000128, 116.16732865300281
19.585000000001283, 116.1666368272945
19.586000000001285, 116.16628519189281
19.587000000001286, 116.16624236202406
19.588000000001287, 116.16647695291462
19.589000000001292, 116.16695757979087
19.59000000000129, 116.16765285787908
19.591000000001294, 116.16853140240563
19.592000000001292, 116.16956182859691
19.59300000000129, 116.17071275167916
19.594000000001294, 116.17195278687882
19.595000000001296, 116.17325054942215
19.596000000001297, 116.17457465453558
19.597000000001298, 116.17589371744538
19.5980000000013, 116.17717635337792
19.5990000000013, 116.17839342596912
19.600000000001305, 116.17953037517547
19.601000000001306, 116.18057845305448
19.602000000001304, 116.18152892674053
19.60300000000131, 116.182373063368
19.604000000001307, 116.18310213007149
19.605000000001304, 116.18370739398533
19.606000000001313, 116.18418012224407
19.60700000000131, 116.18451158198208
19.60800000000131, 116.18469304033388
19.609000000001313, 116.18471576443386
19.610000000001314, 116.18457102141653
19.611000000001315, 116.18425007841634
19.612000000001316, 116.18374420256774
19.613000000001318, 116.18304466100517
19.614000000001315, 116.18214272086304
19.61500000000132, 116.18102964927589
19.61600000000132, 116.17969671337816
19.617000000001322, 116.17813518030422
19.618000000001324, 116.17633688176777
19.619000000001325, 116.1743035728396
19.620000000001326, 116.17204548048267
19.62100000000133, 116.16957310366817
19.62200000000133, 116.16689694136733
19.623000000001333, 116.16402749255144
19.62400000000133, 116.16097525619168
19.62500000000133, 116.1577507312593
19.626000000001333, 116.15436441672558
19.627000000001335, 116.1508268115617
19.628000000001336, 116.14714841473896
19.629000000001334, 116.14333972522853
19.63000000000134, 116.13941124200173
19.63100000000134, 116.13537346402975
19.632000000001344, 116.13123689028383
19.63300000000134, 116.12701201973522
19.634000000001343, 116.12270935135513
19.635000000001344, 116.11833938411486
19.63600000000135, 116.1139126169856
19.637000000001347, 116.10943954893861
19.638000000001348, 116.10493067894515
19.639000000001346, 116.10039650597639
19.64000000000135, 116.0958475290036
19.641000000001352, 116.09129424699806
19.642000000001353, 116.08674715893099
19.64300000000135, 116.0822167637736
19.644000000001355, 116.07771356049719
19.645000000001357, 116.07324804807293
19.646000000001358, 116.06883072547208
19.64700000000136, 116.06447209166588
19.64800000000136, 116.06018264562559
19.64900000000136, 116.05597288632246
19.650000000001363, 116.05185331272767
19.651000000001368, 116.0478344238125
19.652000000001365, 116.04392671854819
19.65300000000137, 116.04014069590602
19.654000000001368, 116.03648685485713
19.655000000001372, 116.03297569437282
19.65600000000137, 116.02961771342432
19.657000000001368, 116.0264262246556
19.658000000001373, 116.0234258300163
19.659000000001374, 116.02064396246269
19.660000000001375, 116.01810805495113
19.661000000001376, 116.01584554043784
19.662000000001377, 116.01388385187921
19.663000000001382, 116.0122504222315
19.66400000000138, 116.01097268445106
19.66500000000138, 116.01007807149414
19.666000000001382, 116.0095940163171
19.667000000001384, 116.00954795187623
19.668000000001385, 116.00996731112778
19.669000000001382, 116.01087952702817
19.670000000001387, 116.01231203253363
19.67100000000139, 116.01429226060046
19.67200000000139, 116.016847644185
19.67300000000139, 116.02000561624354
19.674000000001392, 116.02379360973242
19.675000000001393, 116.02823905760793
19.676000000001395, 116.03336372229415
19.677000000001396, 116.03913440172536
19.678000000001397, 116.04548702497536
19.6790000000014, 116.0523571785124
19.6800000000014, 116.05968044880454
19.6810000000014, 116.06739242231993
19.682000000001402, 116.07542868552666
19.683000000001403, 116.08372482489293
19.684000000001404, 116.09221642688685
19.68500000000141, 116.1008390779765
19.686000000001407, 116.1095283646301
19.68700000000141, 116.11821987331575
19.68800000000141, 116.12684919050159
19.689000000001407, 116.13535190265576
19.69000000000141, 116.14366359624634
19.691000000001413, 116.15171985774154
19.692000000001414, 116.15945627360944
19.693000000001415, 116.16680843031818
19.694000000001417, 116.17371191433593
19.69500000000142, 116.18010297119284
19.69600000000142, 116.18593860005478
19.69700000000142, 116.19120023998822
19.698000000001425, 116.19587073255796
19.699000000001423, 116.19993291932886
19.700000000001427, 116.20336964186586
19.701000000001425, 116.20616374173372
19.702000000001426, 116.2082980604973
19.703000000001428, 116.20975543972146
19.70400000000143, 116.21051872097101
19.70500000000143, 116.21057074581088
19.70600000000143, 116.20989435580587
19.707000000001432, 116.20847239252082
19.70800000000143, 116.20628769752062
19.709000000001435, 116.20332311237006
19.710000000001436, 116.19956147863401
19.711000000001437, 116.19498563787738
19.71200000000144, 116.18957843166494
19.71300000000144, 116.18332270156156
19.71400000000144, 116.17620138528834
19.715000000001442, 116.16823577007409
19.716000000001443, 116.1595438847965
19.71700000000145, 116.15025877672817
19.718000000001446, 116.14051349314143
19.71900000000145, 116.13044108130882
19.72000000000145, 116.12017458850283
19.721000000001446, 116.10984706199592
19.72200000000145, 116.09959154906053
19.723000000001452, 116.08954109696914
19.724000000001453, 116.07982875299423
19.725000000001458, 116.07058756440829
19.726000000001456, 116.06195057848376
19.72700000000146, 116.05405084249313
19.72800000000146, 116.04702140370888
19.729000000001463, 116.04099530940344
19.73000000000146, 116.03610560684935
19.731000000001462, 116.03248534331902
19.732000000001467, 116.03026756608493
19.733000000001464, 116.02958532241956
19.734000000001465, 116.03054064369391
19.735000000001467, 116.03305489544978
19.736000000001468, 116.03698420485388
19.73700000000147, 116.04218461066091
19.738000000001467, 116.04851215162564
19.73900000000147, 116.05582286650282
19.740000000001473, 116.06397279404713
19.741000000001474, 116.0728179730133
19.742000000001475, 116.08221444215609
19.743000000001473, 116.09201824023017
19.744000000001478, 116.1020854059904
19.74500000000148, 116.11227197819136
19.74600000000148, 116.12243399558785
19.74700000000148, 116.13242749693461
19.748000000001483, 116.14210852098634
19.749000000001487, 116.15133310649779
19.750000000001485, 116.15995729222368
19.75100000000149, 116.16783711691875
19.752000000001487, 116.17482861933769
19.753000000001485, 116.18079541166603
19.75400000000149, 116.18571668833371
19.75500000000149, 116.18966179010901
19.756000000001492, 116.19270244529099
19.75700000000149, 116.1949103821789
19.758000000001495, 116.19635732907182
19.759000000001496, 116.19711501426896
19.760000000001497, 116.19725516606943
19.761000000001502, 116.19684951277239
19.7620000000015, 116.19596978267694
19.763000000001504, 116.19468770408228
19.764000000001506, 116.19307500528757
19.765000000001503, 116.19120341459191
19.766000000001505, 116.18914466029452
19.767000000001506, 116.1869704706945
19.768000000001507, 116.18475257409098
19.76900000000151, 116.1825626987831
19.77000000000151, 116.1804725730701
19.771000000001514, 116.17855392525105
19.772000000001512, 116.17687801305111
19.773000000001513, 116.17548355193534
19.77400000000151, 116.17435617034803
19.775000000001516, 116.17347660614098
19.776000000001517, 116.17282559716595
19.777000000001518, 116.17238388127487
19.77800000000152, 116.1721321963195
19.77900000000152, 116.17205128015173
19.78000000000152, 116.17212187062336
19.781000000001526, 116.17232470558618
19.782000000001524, 116.17264052289211
19.78300000000153, 116.1730500603929
19.784000000001527, 116.17353405594045
19.78500000000153, 116.17407324738654
19.78600000000153, 116.17464837258304
19.787000000001534, 116.17524016938175
19.78800000000153, 116.17582937563455
19.789000000001533, 116.17639672919317
19.790000000001534, 116.17692296790955
19.79100000000154, 116.1773888297888
19.792000000001536, 116.17777957434785
19.793000000001534, 116.17809682235222
19.79400000000154, 116.17834589409543
19.795000000001544, 116.17853210987103
19.79600000000154, 116.1786607899725
19.797000000001542, 116.17873725469342
19.798000000001544, 116.17876682432731
19.799000000001545, 116.17875481916764
19.800000000001546, 116.17870655950802
19.801000000001547, 116.17862736564189
19.80200000000155, 116.17852255786285
19.803000000001553, 116.17839745646435
19.80400000000155, 116.17825738174002
19.805000000001552, 116.17810765398329
19.806000000001553, 116.17795359348779
19.807000000001555, 116.17780052054692
19.808000000001556, 116.1776537554543
19.80900000000156, 116.17751861850343
19.81000000000156, 116.1774004299878
19.81100000000156, 116.17730398864306
19.81200000000156, 116.17722959379302
19.813000000001566, 116.17717524492072
19.814000000001563, 116.17713892300021
19.815000000001568, 116.17711860900566
19.816000000001566, 116.17711228391103
19.817000000001563, 116.1771179286904
19.818000000001568, 116.17713352431785
19.81900000000157, 116.17715705176747
19.82000000000157, 116.17718649201325
19.821000000001572, 116.1772198260293
19.822000000001573, 116.17725503478971
19.823000000001574, 116.17729009926846
19.824000000001575, 116.1773230004397
19.825000000001577, 116.17735171927747
19.82600000000158, 116.17737423675577
19.82700000000158, 116.17738853384874
19.82800000000158, 116.1773925915304
19.829000000001578, 116.1773843907748
19.830000000001583, 116.17736199616994
19.831000000001584, 116.17732567541137
19.832000000001585, 116.17727806708272
19.833000000001586, 116.1772219269942
19.834000000001588, 116.17716001095609
19.83500000000159, 116.17709507477855
19.83600000000159, 116.1770298742718
19.837000000001595, 116.17696716524611
19.83800000000159, 116.17690970351168
19.839000000001597, 116.17686024487872
19.840000000001595, 116.1768215451575
19.841000000001596, 116.17679636015819
19.842000000001597, 116.17678744569108
19.8430000000016, 116.1767975575663
19.8440000000016, 116.17682945159414
19.845000000001605, 116.17688588358482
19.846000000001602, 116.17696960934853
19.847000000001607, 116.17708338469552
19.848000000001605, 116.177229965436
19.849000000001602, 116.17741209370556
19.850000000001607, 116.17762925440199
19.85100000000161, 116.17787348076824
19.85200000000161, 116.17813576858936
19.85300000000161, 116.17840711365047
19.854000000001612, 116.17867851173648
19.855000000001613, 116.17894095863252
19.856000000001615, 116.17918545012367
19.857000000001616, 116.17940298199488
19.858000000001617, 116.17958455003125
19.85900000000162, 116.17972115001785
19.86000000000162, 116.17980377773968
19.861000000001624, 116.17982342898178
19.862000000001625, 116.17977109952923
19.863000000001623, 116.17963778516703
19.864000000001624, 116.17941448168028
19.86500000000163, 116.17909218485396
19.866000000001627, 116.17866189047315
19.86700000000163, 116.17811459432289
19.86800000000163, 116.17744129218822
19.86900000000163, 116.1766305183739
19.870000000001628, 116.17565790459145
19.871000000001633, 116.17449486934476
19.872000000001634, 116.1731128287818
19.873000000001632, 116.17148319905064
19.874000000001637, 116.16957739629927
19.875000000001638, 116.16736683667573
19.87600000000164, 116.16482293632802
19.877000000001644, 116.1619171114042
19.87800000000164, 116.15862077805227
19.879000000001646, 116.1549053524202
19.880000000001644, 116.15074225065611
19.88100000000165, 116.14610288890798
19.882000000001646, 116.14095868332382
19.883000000001648, 116.13528105005167
19.88400000000165, 116.12904140523953
19.885000000001654, 116.12221116503545
19.88600000000165, 116.1147617455874
19.887000000001652, 116.10666456304348
19.888000000001654, 116.09789477865601
19.88900000000165, 116.08847753173816
19.890000000001656, 116.07847355348514
19.891000000001654, 116.06794433861822
19.89200000000166, 116.05695138185868
19.89300000000166, 116.04555617792785
19.89400000000166, 116.03382022154697
19.895000000001662, 116.02180500743738
19.896000000001663, 116.00957203032036
19.897000000001665, 115.99718278491713
19.898000000001666, 115.98469876594909
19.899000000001667, 115.97218146813745
19.90000000000167, 115.95969238620353
19.90100000000167, 115.9472930148686
19.90200000000167, 115.93504484885396
19.903000000001672, 115.92300938288092
19.904000000001673, 115.91124811167074
19.905000000001674, 115.89982252994474
19.906000000001676, 115.88879413242415
19.907000000001673, 115.8782237540589
19.908000000001678, 115.86813669680157
19.909000000001683, 115.85850539868028
19.91000000000168, 115.84929799936646
19.911000000001685, 115.84048263853171
19.912000000001683, 115.83202745584754
19.91300000000168, 115.82390059098553
19.914000000001685, 115.81607018361727
19.915000000001687, 115.80850437341424
19.916000000001688, 115.80117130004801
19.91700000000169, 115.79403910319016
19.91800000000169, 115.78707592251222
19.91900000000169, 115.78024989768574
19.920000000001696, 115.77352916838224
19.921000000001698, 115.76688187427337
19.922000000001695, 115.7602761550306
19.923000000001696, 115.75368015032547
19.9240000000017, 115.74706199982958
19.9250000000017, 115.74038984321444
19.9260000000017, 115.73363182184025
19.927000000001698, 115.72676263281015
19.9280000000017, 115.71977838213752
19.929000000001707, 115.71267953899863
19.930000000001705, 115.70546657256972
19.931000000001706, 115.69813995202705
19.932000000001707, 115.69070014654683
19.933000000001712, 115.68314762530542
19.93400000000171, 115.67548285747898
19.93500000000171, 115.66770631224387
19.93600000000171, 115.65981845877621
19.937000000001714, 115.65181976625236
19.938000000001715, 115.64371070384853
19.939000000001716, 115.63549174074099
19.940000000001717, 115.62716334610599
19.941000000001722, 115.61872598911978
19.94200000000172, 115.61018013895867
19.943000000001724, 115.6015262647988
19.944000000001722, 115.59276483581658
19.94500000000172, 115.58389632118812
19.946000000001725, 115.5749211900898
19.947000000001722, 115.56583991169776
19.948000000001727, 115.55665295518834
19.949000000001725, 115.54736078973775
19.95000000000173, 115.53796388452231
19.951000000001734, 115.5284627087182
19.952000000001732, 115.51885773150173
19.953000000001733, 115.50914942204913
19.954000000001734, 115.49933824953659
19.955000000001732, 115.4894246831405
19.956000000001737, 115.47940919203707
19.957000000001738, 115.46929224540253
19.95800000000174, 115.4590743124131
19.95900000000174, 115.44875586224514
19.960000000001738, 115.43833736407478
19.961000000001743, 115.42781928707839
19.962000000001744, 115.41720210043219
19.963000000001745, 115.40648627331241
19.964000000001747, 115.3956722748953
19.965000000001748, 115.38476057435716
19.966000000001745, 115.3737516408742
19.96700000000175, 115.36264594362271
19.96800000000175, 115.35144395177895
19.969000000001753, 115.34014613451914
19.970000000001754, 115.32875296101962
19.971000000001755, 115.31726490045651
19.972000000001756, 115.30568242200617
19.97300000000176, 115.29400599484482
19.97400000000176, 115.28223608814871
19.975000000001764, 115.27037317109415
19.97600000000176, 115.25841771285732
19.977000000001766, 115.24637018261454
19.978000000001764, 115.23423104954199
19.979000000001765, 115.22200078281602
19.980000000001766, 115.20967985161285
19.981000000001764, 115.19726872510869
19.98200000000177, 115.18476787247982
19.98300000000177, 115.17217776290254
19.98400000000177, 115.15949886555305
19.985000000001772, 115.14673164960763
19.986000000001773, 115.13387658424259
19.987000000001775, 115.12093413863407
19.988000000001776, 115.10790478195838
19.989000000001777, 115.09478898339182
19.99000000000178, 115.0815872121106
19.99100000000178, 115.06829993729099
19.99200000000178, 115.05492762810925
19.993000000001786, 115.04147075374163
19.994000000001783, 115.02792978336437
19.995000000001784, 115.01430518615375
19.996000000001786, 115.00059743128602
19.997000000001787, 114.98680698793743
19.998000000001785, 114.97293432528423
19.99900000000179, 114.95897991250271
20.00000000000179, 114.94494421876907
20.001000000001792, 114.93082771325965
20.00200000000179, 114.91663086515057
20.003000000001794, 114.90235414361825
20.004000000001795, 114.88799801783885
20.005000000001797, 114.87356295698861
20.006000000001798, 114.85904943024384
20.0070000000018, 114.8444579067808
20.008000000001797, 114.82978885577569
20.0090000000018, 114.81504274640479
20.010000000001803, 114.80022004784438
20.011000000001804, 114.7853212292707
20.012000000001805, 114.77034675986002
20.013000000001803, 114.75529710878854
20.014000000001808, 114.74017274523258
20.01500000000181, 114.72497413836835
20.01600000000181, 114.70970175737219
20.017000000001808, 114.69435607142026
20.018000000001813, 114.67893754968884
20.01900000000181, 114.66344666135421
20.020000000001815, 114.64788387559261
20.02100000000182, 114.63224966158033
20.022000000001817, 114.61654448849356
20.02300000000182, 114.60076882550862
20.02400000000182, 114.5849231418017
20.025000000001825, 114.56900790654913
20.02600000000182, 114.55302358892712
20.02700000000182, 114.53697065811193
20.028000000001825, 114.52084958327987
20.029000000001826, 114.5046608336071
20.030000000001827, 114.48840487826993
20.03100000000183, 114.47208218644462
20.03200000000183, 114.45569322730742
20.03300000000183, 114.43923847003461
20.034000000001832, 114.42271838380238
20.035000000001833, 114.40613343778705
20.036000000001835, 114.38948410116483
20.037000000001836, 114.37277084311204
20.038000000001837, 114.35599413280485
20.039000000001842, 114.33915443941957
20.04000000000184, 114.32225223213248
20.04100000000184, 114.30528798011976
20.042000000001842, 114.28826215255773
20.043000000001843, 114.2711752186226
20.044000000001844, 114.2540276474907
20.045000000001846, 114.23681990833822
20.046000000001847, 114.21955247034143
20.047000000001848, 114.20222580267658
20.04800000000185, 114.18484037451996
20.049000000001847, 114.1673966550478
20.05000000000185, 114.14989511343634
20.051000000001853, 114.13233621886184
20.052000000001854, 114.11472044050058
20.053000000001855, 114.09704824752883
20.054000000001857, 114.07932010912282
20.05500000000186, 114.06153649445878
20.05600000000186, 114.04369787271304
20.05700000000186, 114.02580471306177
20.05800000000186, 114.0078574846813
20.059000000001863, 113.98985665674782
20.060000000001864, 113.97180269843763
20.061000000001865, 113.95369607892701
20.062000000001866, 113.93553726739216
20.063000000001868, 113.91732673300933
20.06400000000187, 113.89906494495483
20.06500000000187, 113.8807523724049
20.066000000001875, 113.86238948453578
20.067000000001872, 113.84397675052372
20.068000000001874, 113.82551463954498
20.06900000000188, 113.80700362077587
20.07000000000188, 113.78844416339257
20.071000000001877, 113.76983673657136
20.07200000000188, 113.7511818094885
20.07300000000188, 113.73247985132026
20.07400000000188, 113.71373133124291
20.075000000001882, 113.69493671843266
20.076000000001883, 113.67609648206576
20.07700000000188, 113.65721109131854
20.078000000001886, 113.63828101536717
20.079000000001887, 113.61930672338798
20.08000000000189, 113.6002886845572
20.08100000000189, 113.58122736805103
20.08200000000189, 113.5621232430458
20.08300000000189, 113.54297677871776
20.084000000001893, 113.52378844424314
20.085000000001894, 113.5045587087982
20.086000000001896, 113.48528804155919
20.0870000000019, 113.46597691170237
20.088000000001898, 113.44662578840402
20.0890000000019, 113.42723514084037
20.0900000000019, 113.4078054381877
20.091000000001902, 113.38833714962222
20.0920000000019, 113.36883074432022
20.093000000001908, 113.34928669145796
20.094000000001905, 113.32970546021168
20.095000000001907, 113.31008751975766
20.096000000001908, 113.29043333927213
20.09700000000191, 113.27074338793133
20.09800000000191, 113.25101813491159
20.09900000000191, 113.2312580493891
20.100000000001913, 113.211465628518
20.101000000001918, 113.19168215634569
20.102000000001915, 113.17198378410033
20.103000000001916, 113.1524479042549
20.104000000001918, 113.13315190928245
20.10500000000192, 113.11417319165601
20.10600000000192, 113.0955891438485
20.10700000000192, 113.07747715833304
20.108000000001923, 113.05991462758263
20.10900000000192, 113.04297894407024
20.110000000001925, 113.02674750026895
20.111000000001926, 113.01129768865172
20.112000000001927, 112.9967069016916
20.11300000000193, 112.98305253186162
20.11400000000193, 112.97041197163477
20.11500000000193, 112.95886261348407
20.116000000001932, 112.94848184988258
20.11700000000193, 112.93934707330328
20.118000000001935, 112.93153567621916
20.119000000001936, 112.9251244464307
20.120000000001937, 112.92012378969459
20.12100000000194, 112.91641868430892
20.12200000000194, 112.91388017401654
20.12300000000194, 112.91237930256015
20.124000000001942, 112.91178711368259
20.12500000000194, 112.91197465112656
20.126000000001945, 112.91281295863485
20.127000000001946, 112.91417307995022
20.128000000001947, 112.91592605881543
20.129000000001948, 112.91794293897324
20.130000000001946, 112.92009476416646
20.13100000000195, 112.9222525781378
20.132000000001952, 112.92428742463008
20.133000000001953, 112.92607034738602
20.134000000001958, 112.92747239014841
20.135000000001956, 112.92836459665997
20.136000000001953, 112.9286180106635
20.137000000001958, 112.92810367590177
20.13800000000196, 112.92669263611755
20.13900000000196, 112.92428665921138
20.14000000000196, 112.92091830895862
20.141000000001963, 112.91665494821311
20.142000000001964, 112.91156394012123
20.143000000001965, 112.90571264782952
20.144000000001967, 112.89916843448437
20.145000000001968, 112.89199866323221
20.14600000000197, 112.88427069721959
20.147000000001967, 112.87605189959294
20.14800000000197, 112.86740963349871
20.149000000001973, 112.85841126208331
20.150000000001974, 112.84912414849326
20.15100000000197, 112.83961565587501
20.152000000001976, 112.82995314737501
20.153000000001978, 112.82020398613973
20.15400000000198, 112.8104355353156
20.15500000000198, 112.80071515804914
20.15600000000198, 112.79111021748673
20.157000000001982, 112.78168807677488
20.158000000001984, 112.77251131923276
20.159000000001985, 112.76359291478214
20.160000000001986, 112.75491644155854
20.161000000001987, 112.74646509303643
20.16200000000199, 112.73822206269044
20.16300000000199, 112.73017054399511
20.16400000000199, 112.72229373042498
20.165000000001992, 112.71457481545461
20.166000000001993, 112.70699699255854
20.167000000001995, 112.69954345521131
20.168000000001996, 112.69219739688752
20.169000000001997, 112.68494201106171
20.170000000002002, 112.67776049120843
20.171000000002, 112.67063603080217
20.172000000002, 112.66355182331758
20.173000000002002, 112.65649106222916
20.174000000002003, 112.64943694101149
20.175000000002004, 112.6423726531391
20.176000000002006, 112.63528139208654
20.177000000002007, 112.6281466889697
20.17800000000201, 112.62096392816561
20.17900000000201, 112.61374319363499
20.18000000000201, 112.60649548452291
20.18100000000201, 112.5992317999743
20.182000000002013, 112.59196313913418
20.183000000002014, 112.58470050114752
20.184000000002015, 112.57745488515933
20.185000000002017, 112.57023729031454
20.186000000002018, 112.56305871575819
20.18700000000202, 112.55593016063521
20.18800000000202, 112.54886262409065
20.18900000000202, 112.54186710526952
20.190000000002023, 112.53495460331663
20.191000000002024, 112.52813611737719
20.192000000002025, 112.52142264659608
20.193000000002026, 112.51482519011827
20.194000000002028, 112.50835474708879
20.19500000000203, 112.50202231665257
20.196000000002027, 112.49583889795464
20.19700000000203, 112.48981549013999
20.198000000002033, 112.4839630923536
20.199000000002034, 112.47829270374045
20.200000000002035, 112.47281532344549
20.201000000002036, 112.4675419506138
20.202000000002037, 112.46248358439028
20.20300000000204, 112.45765122391992
20.204000000002036, 112.4530558683478
20.20500000000204, 112.44870851681875
20.206000000002042, 112.44462016847794
20.207000000002044, 112.44080182247018
20.208000000002045, 112.43726447794056
20.209000000002042, 112.43401913403405
20.210000000002047, 112.43107678989563
20.21100000000205, 112.42844844467027
20.21200000000205, 112.42614509750297
20.21300000000205, 112.42417774753874
20.214000000002052, 112.42255739392252
20.215000000002053, 112.42129503579933
20.216000000002055, 112.42040167231411
20.217000000002056, 112.41988830261192
20.218000000002057, 112.41976592583768
20.219000000002058, 112.42004554113643
20.22000000000206, 112.4207381476531
20.22100000000206, 112.42185474453274
20.22200000000206, 112.42340633092026
20.223000000002067, 112.42540390596075
20.224000000002064, 112.42785846879909
20.225000000002066, 112.4307810185803
20.226000000002067, 112.4341825544494
20.227000000002068, 112.43807407555133
20.22800000000207, 112.4424665810311
20.229000000002074, 112.44737107003373
20.23000000000207, 112.45279854170415
20.231000000002076, 112.45875999518738
20.232000000002074, 112.46526642962834
20.233000000002075, 112.47232884417213
20.234000000002077, 112.47995823796361
20.235000000002074, 112.48816212844332
20.23600000000208, 112.49689047595469
20.23700000000208, 112.50604596313218
20.23800000000208, 112.51552987176021
20.239000000002083, 112.52524348362333
20.240000000002084, 112.53508808050589
20.241000000002085, 112.54496494419243
20.242000000002086, 112.55477535646742
20.243000000002088, 112.56442059911532
20.244000000002092, 112.57380195392054
20.24500000000209, 112.58282070266765
20.24600000000209, 112.59137812714101
20.247000000002092, 112.59937550912517
20.248000000002094, 112.60671413040451
20.249000000002095, 112.61329527276357
20.250000000002096, 112.61902021798677
20.251000000002094, 112.62379024785864
20.2520000000021, 112.62750664416359
20.2530000000021, 112.63007068868609
20.2540000000021, 112.63138488631547
20.255000000002102, 112.63145072211182
20.256000000002103, 112.6304399680676
20.257000000002105, 112.62854121032835
20.25800000000211, 112.62594303503964
20.259000000002107, 112.62283402834694
20.26000000000211, 112.61940277639587
20.261000000002113, 112.61583786533197
20.26200000000211, 112.61232788130069
20.263000000002112, 112.6090614104477
20.264000000002113, 112.6062270389184
20.265000000002114, 112.60401335285847
20.266000000002112, 112.60260893841337
20.267000000002117, 112.60220238172865
20.268000000002118, 112.60298226894989
20.26900000000212, 112.60513718622256
20.27000000000212, 112.60885571969227
20.271000000002118, 112.61432645550455
20.272000000002123, 112.6217379798049
20.273000000002124, 112.63127887857192
20.274000000002125, 112.6430702974937
20.275000000002123, 112.65697449229269
20.27600000000213, 112.67279160532757
20.27700000000213, 112.69032177895693
20.27800000000213, 112.7093651555393
20.27900000000213, 112.72972187743336
20.280000000002133, 112.75119208699763
20.281000000002134, 112.77357592659075
20.282000000002135, 112.7966735385713
20.283000000002136, 112.82028506529787
20.284000000002134, 112.84421064912905
20.28500000000214, 112.86825043242345
20.28600000000214, 112.89220455753969
20.28700000000214, 112.91587316683629
20.288000000002143, 112.93905640267194
20.289000000002144, 112.96155440740513
20.29000000000215, 112.98316732339451
20.291000000002146, 113.00369529299871
20.292000000002147, 113.02293845857628
20.29300000000215, 113.04069696248584
20.29400000000215, 113.05677094708594
20.29500000000215, 113.07096055473521
20.296000000002152, 113.08306592779223
20.297000000002154, 113.09288720861564
20.298000000002155, 113.10022453956397
20.299000000002156, 113.10487806299587
20.300000000002157, 113.10664792126987
20.30100000000216, 113.10533425674464
20.30200000000216, 113.10073721177872
20.30300000000216, 113.09265692873073
20.304000000002162, 113.08089354995924
20.30500000000216, 113.0652472178229
20.306000000002168, 113.04551807468026
20.307000000002166, 113.0215062628899
20.308000000002167, 112.99301192481046
20.309000000002168, 112.9598352028005
20.31000000000217, 112.92177623921867
20.311000000002174, 112.87863517642347
20.312000000002172, 112.83022914496362
20.313000000002177, 112.77687013383091
20.314000000002174, 112.71943085011965
20.315000000002176, 112.6588142255419
20.316000000002173, 112.59592319180963
20.317000000002178, 112.53166068063499
20.31800000000218, 112.46692962372995
20.31900000000218, 112.40263295280661
20.32000000000218, 112.33967359957697
20.321000000002183, 112.27895449575306
20.322000000002184, 112.22137857304696
20.323000000002185, 112.16784876317071
20.324000000002183, 112.11926799783635
20.325000000002188, 112.07653920875589
20.32600000000219, 112.04056532764145
20.32700000000219, 112.012249286205
20.328000000002195, 111.99249401615862
20.329000000002193, 111.98220244921437
20.330000000002194, 111.98227751708426
20.331000000002195, 111.99362053689637
20.332000000002193, 112.01662346910437
20.333000000002198, 112.05044616528248
20.3340000000022, 112.09406585297118
20.3350000000022, 112.1464597597111
20.3360000000022, 112.20660511304277
20.337000000002202, 112.27347914050675
20.338000000002204, 112.34605906964357
20.339000000002205, 112.42332212799377
20.340000000002206, 112.50424554309794
20.341000000002204, 112.58780654249665
20.34200000000221, 112.67298235373036
20.34300000000221, 112.75875020433965
20.34400000000221, 112.84408732186513
20.345000000002212, 112.92797093384732
20.346000000002213, 113.00937826782676
20.347000000002218, 113.08728655134402
20.348000000002216, 113.1606730119396
20.34900000000222, 113.22851487715407
20.35000000000222, 113.28978937452804
20.35100000000222, 113.34365637882395
20.35200000000222, 113.39029259683934
20.353000000002222, 113.43022651693431
20.354000000002227, 113.46398696646672
20.355000000002224, 113.49210277279457
20.356000000002226, 113.51510276327569
20.357000000002227, 113.53351576526813
20.35800000000223, 113.5478706061298
20.35900000000223, 113.55869611321859
20.36000000000223, 113.56652111389249
20.36100000000223, 113.57187443550936
20.362000000002233, 113.57528490542718
20.363000000002234, 113.57728135100392
20.364000000002235, 113.57839259959749
20.365000000002237, 113.57914747856583
20.366000000002238, 113.58007481526681
20.36700000000224, 113.58170343705845
20.368000000002244, 113.58456217129867
20.369000000002238, 113.5891798453454
20.370000000002243, 113.59605829517963
20.37100000000224, 113.60531070468187
20.372000000002245, 113.61675867007554
20.373000000002246, 113.63021671294473
20.374000000002248, 113.64549935487368
20.375000000002252, 113.6624211174465
20.376000000002247, 113.68079652224743
20.37700000000225, 113.70044009086062
20.378000000002253, 113.72116634487023
20.379000000002254, 113.74278980586043
20.380000000002255, 113.7651249954154
20.381000000002253, 113.78798643511931
20.382000000002254, 113.81118864655633
20.38300000000226, 113.83454615131062
20.38400000000226, 113.85787347096638
20.385000000002265, 113.88098512710778
20.386000000002262, 113.90369564131896
20.387000000002264, 113.92581953518415
20.388000000002265, 113.94717133028749
20.389000000002266, 113.96756717932365
20.39000000000227, 113.98692424236157
20.391000000002272, 114.00531807403725
20.39200000000227, 114.02283807085293
20.39300000000227, 114.03957362931084
20.394000000002272, 114.05561414591311
20.395000000002273, 114.07104901716211
20.396000000002278, 114.08596763955993
20.397000000002276, 114.10045940960886
20.39800000000228, 114.11461372381109
20.399000000002278, 114.12851997866889
20.40000000000228, 114.14226757068445
20.401000000002277, 114.15594589635997
20.402000000002282, 114.1696443521977
20.403000000002283, 114.18345233469984
20.404000000002284, 114.19745924036866
20.405000000002286, 114.21175446570633
20.406000000002287, 114.22642740721508
20.407000000002288, 114.24156746139712
20.40800000000229, 114.25726402218453
20.40900000000229, 114.27358004164273
20.41000000000229, 114.29048690795219
20.411000000002293, 114.30793620332298
20.412000000002294, 114.3258795099652
20.413000000002295, 114.34426841008899
20.414000000002297, 114.3630544859044
20.415000000002298, 114.38218931962152
20.4160000000023, 114.40162449345047
20.4170000000023, 114.42131158960136
20.4180000000023, 114.44120219028424
20.419000000002303, 114.46124787770921
20.420000000002307, 114.48140023408645
20.421000000002305, 114.50161084162599
20.422000000002303, 114.52183128253789
20.423000000002308, 114.5420131390323
20.42400000000231, 114.56210799331932
20.42500000000231, 114.58206742760903
20.42600000000231, 114.60184302411153
20.42700000000231, 114.62138636503694
20.428000000002314, 114.64065258691141
20.429000000002315, 114.65962602964586
20.430000000002316, 114.67830536580868
20.431000000002317, 114.69668936694397
20.43200000000232, 114.71477680459584
20.43300000000232, 114.73256645030835
20.43400000000232, 114.75005707562558
20.43500000000232, 114.76724745209157
20.436000000002323, 114.78413635125048
20.437000000002325, 114.8007225446463
20.438000000002326, 114.81700480382315
20.439000000002327, 114.83298190032511
20.44000000000233, 114.84865260569626
20.44100000000233, 114.86401569148063
20.44200000000233, 114.87906992922238
20.443000000002336, 114.8938140904655
20.444000000002333, 114.90824694675413
20.445000000002334, 114.92236726963229
20.446000000002336, 114.93617383064412
20.447000000002337, 114.94966540133366
20.448000000002335, 114.962840753245
20.44900000000234, 114.97569865792222
20.45000000000234, 114.98823788690936
20.45100000000234, 115.00045721175054
20.452000000002343, 115.01235540398984
20.453000000002344, 115.02393123517129
20.45400000000235, 115.03518347683904
20.455000000002347, 115.04611090053713
20.456000000002348, 115.05671227780958
20.45700000000235, 115.06698638020058
20.45800000000235, 115.07693197925408
20.459000000002348, 115.08654784651424
20.460000000002353, 115.09583275352514
20.461000000002354, 115.10478547183085
20.462000000002355, 115.11340477297544
20.463000000002356, 115.12168942850295
20.464000000002358, 115.1296382099575
20.46500000000236, 115.13724988888316
20.46600000000236, 115.14452323694886
20.467000000002365, 115.15145705042605
20.468000000002363, 115.1580501795907
20.469000000002364, 115.16430148189042
20.470000000002365, 115.17020981477266
20.471000000002363, 115.17577403568505
20.472000000002364, 115.18099300207511
20.47300000000237, 115.18586557139048
20.47400000000237, 115.19039060107858
20.475000000002368, 115.19456694858708
20.476000000002372, 115.19839347136346
20.47700000000237, 115.2018690268553
20.478000000002375, 115.20499247251017
20.479000000002376, 115.20776266577562
20.480000000002377, 115.21017846409917
20.48100000000238, 115.21223872492838
20.48200000000238, 115.21394230571087
20.48300000000238, 115.21528806389412
20.484000000002386, 115.21627485692575
20.485000000002387, 115.21690154225325
20.486000000002385, 115.21716549379997
20.487000000002386, 115.21705664934302
20.488000000002387, 115.21656262164822
20.489000000002388, 115.21567102269125
20.490000000002393, 115.21436946444798
20.49100000000239, 115.2126455588944
20.492000000002392, 115.21048691800625
20.49300000000239, 115.20788115375942
20.494000000002398, 115.20481587812988
20.495000000002396, 115.20127870309331
20.496000000002397, 115.19725724062572
20.497000000002394, 115.19273910270294
20.4980000000024, 115.18771190130082
20.4990000000024, 115.1821632483952
20.5000000000024, 115.17608075596205
20.501000000002403, 115.16945203597707
20.502000000002404, 115.16226470041627
20.50300000000241, 115.15450636125547
20.504000000002407, 115.14616463047044
20.505000000002408, 115.13722721471242
20.50600000000241, 115.12768301586955
20.50700000000241, 115.11752175440476
20.50800000000241, 115.10673316672367
20.50900000000241, 115.09530698923183
20.510000000002414, 115.08323295833485
20.511000000002415, 115.07050081043826
20.512000000002416, 115.0571002819477
20.513000000002418, 115.04302110926871
20.51400000000242, 115.02825302880686
20.51500000000242, 115.01278577696775
20.51600000000242, 114.99660909015691
20.517000000002422, 114.97971270477997
20.518000000002424, 114.9620863572425
20.51900000000243, 114.94371978395002
20.520000000002426, 114.92460272130819
20.521000000002424, 114.9047249057225
20.522000000002432, 114.88407607359858
20.52300000000243, 114.86264596134201
20.52400000000243, 114.84042430535834
20.525000000002432, 114.81740084205317
20.526000000002433, 114.79356530783204
20.527000000002435, 114.76890743910057
20.528000000002436, 114.74341697226428
20.529000000002437, 114.7170836437288
20.53000000000244, 114.6898971898997
20.53100000000244, 114.6618473471825
20.53200000000244, 114.63292385198287
20.53300000000244, 114.60311644070633
20.534000000002443, 114.57241484975845
20.535000000002448, 114.5408088155448
20.536000000002446, 114.50828807447098
20.53700000000245, 114.47484236294255
20.538000000002448, 114.44046141736513
20.53900000000245, 114.40513497414423
20.54000000000245, 114.36885276968549
20.541000000002455, 114.33160454039442
20.542000000002453, 114.29338002267662
20.543000000002458, 114.25416895293772
20.544000000002455, 114.2139610675832
20.54500000000246, 114.17274610301871
20.546000000002458, 114.13051379564983
20.54700000000246, 114.0872538818821
20.548000000002457, 114.0429560981211
20.54900000000246, 113.9976101807724
20.550000000002463, 113.95120586624161
20.551000000002468, 113.90373289093425
20.552000000002465, 113.85518099125596
20.553000000002466, 113.80553990361227
20.554000000002464, 113.75479936440881
20.55500000000247, 113.70294911005107
20.556000000002467, 113.64997887694469
20.55700000000247, 113.59587840149521
20.558000000002473, 113.54063742010828
20.559000000002474, 113.48424566918939
20.560000000002475, 113.42669288514416
20.561000000002476, 113.36796880437815
20.562000000002477, 113.30806316329696
20.56300000000248, 113.2469646244173
20.56400000000248, 113.18465396109917
20.56500000000248, 113.12110842928152
20.566000000002482, 113.0563052687047
20.567000000002484, 112.99022171910912
20.568000000002485, 112.92283502023508
20.569000000002486, 112.85412241182303
20.570000000002487, 112.78406113361336
20.57100000000249, 112.71262842534641
20.57200000000249, 112.63980152676253
20.57300000000249, 112.56555767760221
20.574000000002492, 112.48987411760574
20.575000000002493, 112.4127280865135
20.576000000002495, 112.33409682406594
20.577000000002496, 112.25395757000337
20.578000000002497, 112.17228756406618
20.579000000002498, 112.08906404599479
20.580000000002496, 112.00426425552956
20.5810000000025, 111.91786543241085
20.582000000002502, 111.82984643755059
20.583000000002503, 111.74021997143375
20.584000000002504, 111.6490307629703
20.585000000002506, 111.55632479966856
20.586000000002507, 111.46214806903674
20.587000000002508, 111.36654655858314
20.58800000000251, 111.26956625581595
20.58900000000251, 111.17125314824347
20.59000000000251, 111.07165322337394
20.59100000000251, 110.97081246871569
20.592000000002514, 110.86877687177689
20.593000000002515, 110.76559242006586
20.594000000002517, 110.66130510109087
20.595000000002518, 110.55596090236006
20.59600000000252, 110.44960581138184
20.597000000002524, 110.34228581566438
20.59800000000252, 110.23404690271599
20.599000000002523, 110.12493506004486
20.600000000002524, 110.01499627515932
20.601000000002525, 109.90427653556762
20.602000000002523, 109.79282182877797
20.603000000002528, 109.6806781422987
20.60400000000253, 109.56789146363798
20.605000000002526, 109.45450778030413
20.60600000000253, 109.34057307980541
20.607000000002532, 109.22613334965007
20.608000000002534, 109.11123457734634
20.609000000002535, 108.99592275040254
20.610000000002536, 108.88024385632689
20.611000000002537, 108.76424388262765
20.61200000000254, 108.64796881681306
20.61300000000254, 108.53146464639144
20.61400000000254, 108.414777358871
20.615000000002542, 108.29795294176
20.616000000002543, 108.18103738256673
20.617000000002545, 108.06407666879942
20.618000000002546, 107.94711678796634
20.619000000002547, 107.83020372757575
20.620000000002545, 107.7133834751359
20.62100000000255, 107.59670201815507
20.62200000000255, 107.48020534414152
20.623000000002552, 107.36393944060346
20.624000000002553, 107.24795029504921
20.625000000002554, 107.13228389498701
20.626000000002556, 107.01698622792509
20.627000000002557, 106.90210328137175
20.628000000002558, 106.78768104283523
20.62900000000256, 106.6737654998238
20.63000000000256, 106.56040263984575
20.63100000000256, 106.44763845040922
20.632000000002563, 106.33551891902258
20.633000000002564, 106.22409003319409
20.634000000002565, 106.11339778043194
20.635000000002567, 106.00348814824444
20.636000000002568, 105.89440712413983
20.63700000000257, 105.7862006956264
20.63800000000257, 105.6789148502124
20.63900000000257, 105.57259557540603
20.640000000002573, 105.46727984394144
20.641000000002574, 105.36290428482245
20.64200000000258, 105.25934284275824
20.643000000002576, 105.15646850622511
20.644000000002578, 105.05415426369953
20.64500000000258, 104.95227310365784
20.64600000000258, 104.85069801457641
20.64700000000258, 104.74930198493172
20.648000000002583, 104.64795800320006
20.649000000002584, 104.5465390578579
20.650000000002585, 104.4449181373816
20.651000000002586, 104.34296823024751
20.652000000002584, 104.24056232493207
20.653000000002585, 104.13757340991165
20.65400000000259, 104.03387447366266
20.65500000000259, 103.92933850466149
20.656000000002592, 103.8238384913845
20.657000000002594, 103.7172474223081
20.658000000002595, 103.60943828590871
20.659000000002596, 103.5002841699909
20.660000000002597, 103.38966207149552
20.6610000000026, 103.27745409326764
20.6620000000026, 103.16354268219922
20.6630000000026, 103.04781028518221
20.664000000002602, 102.93013934910857
20.665000000002603, 102.8104123208703
20.666000000002605, 102.68851164735938
20.667000000002606, 102.56431977546768
20.668000000002607, 102.43771915208725
20.66900000000261, 102.30859222411001
20.670000000002606, 102.176821438428
20.67100000000261, 102.04228924193305
20.672000000002612, 101.90487808151724
20.673000000002613, 101.76447040407253
20.674000000002614, 101.62094865649084
20.675000000002616, 101.47419528566412
20.67600000000262, 101.32409273848438
20.677000000002618, 101.17052346184354
20.67800000000262, 101.01336998976691
20.67900000000262, 100.85259009168132
20.68000000000262, 100.68835419108571
20.681000000002623, 100.5208700186513
20.682000000002624, 100.35034530504915
20.683000000002625, 100.17698778095041
20.684000000002627, 100.00100517702622
20.685000000002624, 99.82260522394766
20.68600000000263, 99.64199565238586
20.68700000000263, 99.45938419301201
20.688000000002635, 99.27497857649715
20.689000000002633, 99.08898653351245
20.690000000002634, 98.901615794729
20.69100000000263, 98.71307409081793
20.692000000002636, 98.52356915245038
20.69300000000264, 98.33330871029746
20.69400000000264, 98.14250049503029
20.695000000002636, 97.95135223732004
20.69600000000264, 97.76007166783774
20.697000000002642, 97.56886651725463
20.698000000002644, 97.3779445162417
20.699000000002645, 97.18751339547016
20.700000000002646, 96.99778088561116
20.701000000002647, 96.80895471733571
20.702000000002645, 96.62124262131503
20.70300000000265, 96.43485232822023
20.704000000002647, 96.24999156872238
20.705000000002652, 96.06686807349267
20.706000000002653, 95.88568957320214
20.707000000002655, 95.70666379852199
20.70800000000266, 95.52999848012331
20.709000000002657, 95.35590134867725
20.71000000000266, 95.18458013485491
20.71100000000266, 95.01624256932737
20.71200000000266, 94.85109638276585
20.713000000002662, 94.68934930584139
20.714000000002663, 94.53120906922514
20.715000000002664, 94.37688340358824
20.716000000002666, 94.22658003960177
20.717000000002667, 94.08049336906332
20.718000000002668, 93.93857832607995
20.71900000000267, 93.80058272120075
20.72000000000267, 93.66624753561598
20.72100000000267, 93.53531375051573
20.722000000002673, 93.40752234709021
20.723000000002674, 93.2826143065296
20.724000000002675, 93.16033061002413
20.725000000002677, 93.04041223876389
20.726000000002678, 92.92260017393917
20.72700000000268, 92.80663539674008
20.72800000000268, 92.69225888835678
20.72900000000268, 92.57921162997948
20.730000000002683, 92.46723460279836
20.731000000002684, 92.35606878800361
20.732000000002685, 92.2454551667854
20.733000000002686, 92.13513472033395
20.734000000002688, 92.02484842983934
20.73500000000269, 91.91433727649185
20.73600000000269, 91.80334339184017
20.73700000000269, 91.6917191818597
20.738000000002693, 91.5795172009854
20.739000000002694, 91.46681115639095
20.74000000000269, 91.35367475524997
20.741000000002696, 91.24018170473602
20.742000000002697, 91.12640571202272
20.7430000000027, 91.01242048428371
20.7440000000027, 90.89829972869256
20.7450000000027, 90.78411715242291
20.746000000002702, 90.66994646264834
20.747000000002704, 90.55586136654253
20.74800000000271, 90.44193557127896
20.749000000002706, 90.32824278403135
20.750000000002707, 90.21485671197328
20.75100000000271, 90.10185106227833
20.75200000000271, 89.98929954212014
20.75300000000271, 89.87727585867228
20.754000000002712, 89.7658537191084
20.755000000002713, 89.65510683060208
20.756000000002715, 89.54509682646439
20.757000000002716, 89.43583616416399
20.758000000002717, 89.32732478311391
20.759000000002715, 89.21956262272442
20.76000000000272, 89.11254962240572
20.76100000000272, 89.00628572156815
20.762000000002722, 88.9007708596219
20.763000000002723, 88.79600497597725
20.764000000002724, 88.69198801004444
20.765000000002722, 88.58871990123376
20.766000000002727, 88.48620058895544
20.767000000002728, 88.38443001261973
20.768000000002726, 88.28340811163692
20.76900000000273, 88.18313482541724
20.77000000000273, 88.08361009337096
20.771000000002733, 87.98483385490833
20.772000000002734, 87.88680604943964
20.773000000002735, 87.78952661637507
20.77400000000274, 87.69299549512493
20.775000000002738, 87.59721262509952
20.776000000002735, 87.50217794570902
20.77700000000274, 87.4078913963637
20.77800000000274, 87.31435291647384
20.779000000002743, 87.22156244544969
20.78000000000274, 87.12951992270153
20.781000000002745, 87.03822528763956
20.782000000002746, 86.94767847967411
20.783000000002747, 86.85787943821539
20.78400000000275, 86.76882810267367
20.78500000000275, 86.68052441245916
20.78600000000275, 86.59296830698219
20.787000000002756, 86.50615972565299
20.788000000002754, 86.42009860788181
20.78900000000275, 86.33478489307892
20.790000000002756, 86.25021852065458
20.791000000002757, 86.16639943001901
20.79200000000276, 86.08332756058249
20.79300000000276, 86.00100285175533
20.79400000000276, 85.91942524294767
20.795000000002762, 85.83859467356989
20.796000000002763, 85.75851108303216
20.797000000002765, 85.67917441074478
20.798000000002766, 85.600584596118
20.799000000002767, 85.52274157856205
20.80000000000277, 85.44564529748723
20.801000000002773, 85.36929569230381
20.80200000000277, 85.29369270242195
20.803000000002772, 85.218836267252
20.804000000002773, 85.14472632620418
20.805000000002774, 85.07136281868877
20.806000000002776, 84.99874568411602
20.807000000002777, 84.92687486189615
20.808000000002778, 84.8557502914394
20.80900000000278, 84.78537191215625
20.81000000000278, 84.71573966345657
20.811000000002778, 84.64685348475105
20.812000000002786, 84.57871331544949
20.81300000000278, 84.5113190949626
20.814000000002785, 84.44467076270026
20.815000000002787, 84.37876825807298
20.816000000002788, 84.31361152049087
20.81700000000279, 84.2492004893643
20.81800000000279, 84.18553510410338
20.819000000002795, 84.12261530411845
20.820000000002793, 84.06044102881988
20.821000000002794, 83.99901221761779
20.822000000002795, 83.93832880992238
20.823000000002796, 83.87839074514413
20.824000000002798, 83.81919796269304
20.8250000000028, 83.76075040197958
20.8260000000028, 83.70304800241382
20.827000000002798, 83.6460907034062
20.828000000002802, 83.58987844436682
20.829000000002804, 83.5344111647061
20.830000000002805, 83.47968880383411
20.831000000002806, 83.42571130116131
20.832000000002804, 83.37247859609778
20.83300000000281, 83.3199906280538
20.83400000000281, 83.2682473364397
20.83500000000281, 83.21724866066579
20.836000000002812, 83.16699454014213
20.837000000002813, 83.11748491427917
20.838000000002815, 83.06871972248715
20.83900000000282, 83.02069890417609
20.840000000002817, 82.97342239875651
20.84100000000282, 82.9268901456386
20.842000000002816, 82.88110208423265
20.84300000000282, 82.83605815394883
20.844000000002822, 82.79175829419734
20.84500000000282, 82.74820244438862
20.846000000002824, 82.70539054393286
20.847000000002826, 82.6633225322403
20.848000000002827, 82.62199834872108
20.849000000002828, 82.58141793278573
20.85000000000283, 82.5415812238442
20.851000000002827, 82.502488161307
20.852000000002832, 82.46413868458419
20.853000000002833, 82.42653273308612
20.854000000002838, 82.3896702462231
20.855000000002835, 82.35355116340537
20.856000000002837, 82.31817542404308
20.85700000000284, 82.28354296754657
20.85800000000284, 82.24965373332606
20.85900000000284, 82.21650766079193
20.86000000000284, 82.18410468935424
20.86100000000284, 82.15244475842339
20.862000000002844, 82.12152780740956
20.863000000002845, 82.09135377572304
20.864000000002846, 82.06192260277406
20.865000000002848, 82.03323422797303
20.866000000002852, 82.00528859072995
20.86700000000285, 81.97808563045524
20.86800000000285, 81.95162528655912
20.869000000002853, 81.92590749845188
20.87000000000285, 81.90093220554384
20.871000000002855, 81.87669934724495
20.872000000002856, 81.8532088629658
20.873000000002857, 81.83046069211657
20.87400000000286, 81.80845477410749
20.87500000000286, 81.78719104834867
20.87600000000286, 81.76666945425063
20.877000000002862, 81.74688993122348
20.878000000002864, 81.72785241867749
20.879000000002865, 81.70955685602291
20.880000000002866, 81.69200318267
20.881000000002867, 81.67519133802904
20.88200000000287, 81.65912126151026
20.883000000002873, 81.64379289252388
20.88400000000287, 81.62920617048029
20.885000000002872, 81.61536103478971
20.886000000002873, 81.60225742486229
20.88700000000287, 81.58989528010832
20.888000000002876, 81.57827453993808
20.889000000002877, 81.56739514376194
20.89000000000288, 81.55725703098997
20.891000000002876, 81.54786014103254
20.89200000000288, 81.5392044132998
20.893000000002882, 81.53128978720218
20.894000000002883, 81.5241162021498
20.895000000002888, 81.51768359755297
20.896000000002882, 81.51199191282197
20.897000000002887, 81.50704108736687
20.89800000000289, 81.50283106059827
20.89900000000289, 81.49936177192612
20.90000000000289, 81.49663316076088
20.90100000000289, 81.49464516651264
20.902000000002893, 81.49339772859177
20.903000000002894, 81.4928907864085
20.904000000002895, 81.49312427937306
20.905000000002893, 81.49409814689574
20.906000000002898, 81.49581232838675
20.907000000002895, 81.49826676325641
20.908000000002904, 81.50146139091501
20.9090000000029, 81.5053961507727
20.910000000002903, 81.51007098223971
20.911000000002904, 81.51548582472653
20.912000000002905, 81.5216406176431
20.913000000002906, 81.52853530039991
20.91400000000291, 81.53616981240718
20.915000000002912, 81.54454409307507
20.91600000000291, 81.5536580818139
20.91700000000291, 81.56351171803394
20.918000000002912, 81.5741049411455
20.919000000002914, 81.58543769055872
20.920000000002915, 81.59750990568378
20.921000000002916, 81.61032152593125
20.922000000002917, 81.62387249071107
20.92300000000292, 81.63816273943367
20.92400000000292, 81.65319221150928
20.92500000000292, 81.66896084634817
20.92600000000292, 81.68546858336059
20.927000000002927, 81.70271536195662
20.928000000002925, 81.72070112154684
20.929000000002926, 81.73942580154122
20.930000000002927, 81.75888934135021
20.93100000000293, 81.779091680384
20.93200000000293, 81.80003275805284
20.93300000000293, 81.82171251376695
20.934000000002932, 81.84413088693658
20.935000000002933, 81.86728781697214
20.93600000000293, 81.89118324328369
20.937000000002936, 81.91581710528163
20.938000000002937, 81.94118934237618
20.939000000002938, 81.96729989397753
20.94000000000294, 81.99414869949604
20.94100000000294, 82.0217356983419
20.942000000002942, 82.05006082992531
20.943000000002943, 82.07912403365671
20.944000000002944, 82.10892524894614
20.945000000002945, 82.13946441520406
20.946000000002947, 82.17074147184054
20.947000000002948, 82.20275635826607
20.94800000000295, 82.2355090138906
20.94900000000295, 82.26899937812473
20.950000000002955, 82.30322739037841
20.951000000002956, 82.33819299006203
20.952000000002954, 82.37389611658587
20.95300000000296, 82.41033670936008
20.954000000002956, 82.4475147077952
20.955000000002954, 82.48543005130117
20.95600000000296, 82.52408267928834
20.95700000000296, 82.56347253116692
20.95800000000296, 82.6035995463474
20.959000000002963, 82.64446366423982
20.960000000002964, 82.68606482425442
20.961000000002965, 82.72840296580155
20.962000000002966, 82.77147802829145
20.96300000000297, 82.81528995113449
20.96400000000297, 82.85983867374064
20.96500000000297, 82.90512413552044
20.96600000000297, 82.95114627588401
20.967000000002972, 82.99790503424163
20.968000000002974, 83.04540035000352
20.969000000002975, 83.09363216258001
20.970000000002972, 83.14260041138125
20.971000000002977, 83.19230503581765
20.97200000000298, 83.24274597529943
20.97300000000298, 83.29392316923665
20.97400000000298, 83.34583655703987
20.975000000002982, 83.39848607811918
20.976000000002983, 83.4518716718847
20.977000000002985, 83.50599327774701
20.978000000002986, 83.56085083511613
20.979000000002987, 83.6164442834024
20.98000000000299, 83.67277356201613
20.98100000000299, 83.72983861036745
20.98200000000299, 83.78763936786662
20.983000000002992, 83.84617577392399
20.984000000002993, 83.90544776794985
20.985000000002994, 83.96545528935427
20.986000000002996, 84.02619827754773
20.987000000002997, 84.08767667194034
20.988000000002998, 84.14989041194245
20.989000000003, 84.21283943696419
20.990000000003, 84.27652368641601
20.991000000003, 84.34094309970786
20.992000000003003, 84.40609761625038
20.993000000003004, 84.4719871754535
20.994000000003005, 84.53861171672777
20.995000000003007, 84.60597117948315
20.996000000003008, 84.67406550313005
20.99700000000301, 84.74289462707881
20.99800000000301, 84.8124584907395
20.99900000000301, 84.8827570335225
21.000000000003013, 84.95379019483809
21.001000000003014, 85.02555791409638
21.00200000000302, 85.09806013070775
21.003000000003016, 85.17129678408241
21.004000000003018, 85.24526781363068
21.005000000003015, 85.31997315876275
21.00600000000302, 85.39541234993706
21.00700000000302, 85.47156211932783
21.008000000003022, 85.54836482690457
21.009000000003024, 85.62575998588244
21.010000000003025, 85.70368710947653
21.011000000003026, 85.78208571090198
21.012000000003027, 85.86089530337391
21.01300000000303, 85.94005540010741
21.01400000000303, 86.01950551431764
21.01500000000303, 86.0991851592197
21.016000000003032, 86.17903384802877
21.017000000003037, 86.25899109395992
21.018000000003035, 86.33899641022826
21.01900000000304, 86.41898931004896
21.020000000003037, 86.49890930663706
21.02100000000304, 86.5786959132078
21.02200000000304, 86.65828864297623
21.023000000003044, 86.73762700915749
21.024000000003042, 86.81665052496666
21.025000000003043, 86.89529870361898
21.026000000003044, 86.97351105832945
21.027000000003046, 87.05122710231326
21.028000000003043, 87.12838634878554
21.029000000003048, 87.20492831096134
21.030000000003046, 87.28079250205586
21.03100000000305, 87.35591843528421
21.032000000003052, 87.43024562386147
21.033000000003053, 87.5037135810028
21.03400000000305, 87.5762618199233
21.035000000003055, 87.64782985383815
21.03600000000306, 87.71835719596241
21.037000000003058, 87.78778335951122
21.03800000000306, 87.85604785769969
21.03900000000306, 87.92309020374299
21.04000000000306, 87.9888499108562
21.04100000000306, 88.05326649225448
21.042000000003064, 88.1162794611529
21.043000000003065, 88.17782833076662
21.044000000003066, 88.2378526143108
21.045000000003068, 88.29630479043685
21.046000000003072, 88.35323885368943
21.04700000000307, 88.40875662569015
21.04800000000307, 88.46296020827475
21.049000000003073, 88.51595170327924
21.050000000003074, 88.5678332125395
21.051000000003075, 88.61870683789128
21.052000000003076, 88.66867468117053
21.053000000003077, 88.71783884421313
21.054000000003075, 88.76630142885494
21.055000000003083, 88.81416453693183
21.05600000000308, 88.86153027027967
21.057000000003082, 88.90850073073432
21.058000000003084, 88.95517802013165
21.059000000003085, 89.00166424030756
21.060000000003086, 89.04806149309793
21.061000000003087, 89.09447188033862
21.062000000003092, 89.14099750386545
21.06300000000309, 89.18774046551438
21.064000000003094, 89.2348017454863
21.06500000000309, 89.28225668886941
21.066000000003093, 89.33015509558805
21.067000000003095, 89.37854566192158
21.068000000003096, 89.4274770841493
21.069000000003097, 89.47699805855048
21.0700000000031, 89.52715728140444
21.0710000000031, 89.57800344899049
21.0720000000031, 89.62958525758788
21.0730000000031, 89.681951403476
21.074000000003103, 89.73515058293411
21.075000000003104, 89.7892314922415
21.076000000003106, 89.84424282767743
21.077000000003107, 89.90023328552132
21.07800000000311, 89.95725156205243
21.079000000003113, 90.01534635354997
21.08000000000311, 90.07456635629335
21.08100000000311, 90.13496026656185
21.082000000003113, 90.19657678063474
21.083000000003114, 90.25946435303784
21.084000000003112, 90.32363143401477
21.085000000003117, 90.38900219616522
21.086000000003118, 90.4554901422977
21.08700000000312, 90.52300877522059
21.08800000000312, 90.59147159774248
21.089000000003125, 90.66079211267179
21.090000000003123, 90.73088382281696
21.091000000003124, 90.80166023098649
21.09200000000312, 90.87303483998888
21.093000000003126, 90.94492115263247
21.09400000000313, 91.01723267172592
21.09500000000313, 91.08988290007758
21.09600000000313, 91.1627853404959
21.09700000000313, 91.23585349578943
21.098000000003132, 91.3090008687666
21.099000000003134, 91.38214096223585
21.100000000003135, 91.45518727900571
21.101000000003136, 91.52805332188463
21.102000000003137, 91.60065259368106
21.10300000000314, 91.67289859720344
21.10400000000314, 91.74470483526035
21.10500000000314, 91.8159848106601
21.106000000003142, 91.8866520262113
21.107000000003147, 91.95661998472238
21.108000000003145, 92.02580218900177
21.109000000003146, 92.09411214185798
21.110000000003147, 92.16146334609948
21.11100000000315, 92.2277693045347
21.11200000000315, 92.29294351997213
21.11300000000315, 92.35689949522023
21.11400000000315, 92.41955073308753
21.11500000000315, 92.48081073638241
21.11600000000315, 92.54059300791342
21.117000000003156, 92.59881105048896
21.118000000003157, 92.65537836691753
21.119000000003158, 92.71020846000762
21.12000000000316, 92.76321483256768
21.12100000000316, 92.81431098740617
21.122000000003162, 92.86342398786897
21.123000000003163, 92.91064301901437
21.12400000000316, 92.95616402812429
21.125000000003165, 93.00018484181892
21.126000000003167, 93.04290328671856
21.127000000003168, 93.08451718944333
21.12800000000317, 93.12522437661356
21.12900000000317, 93.16522267484943
21.13000000000317, 93.2047099107712
21.131000000003173, 93.24388391099906
21.132000000003178, 93.28294250215325
21.133000000003175, 93.32208351085407
21.13400000000318, 93.36150476372161
21.135000000003178, 93.40140408737624
21.136000000003182, 93.44197930843814
21.13700000000318, 93.48342825352752
21.13800000000318, 93.5259487492646
21.139000000003183, 93.56973862226968
21.140000000003184, 93.61499569916296
21.14100000000319, 93.66191446292751
21.142000000003186, 93.71054095670172
21.143000000003187, 93.76071698180012
21.144000000003185, 93.81226947799075
21.14500000000319, 93.86502538504155
21.14600000000319, 93.9188116427205
21.147000000003196, 93.97345519079563
21.148000000003194, 94.02878296903485
21.1490000000032, 94.08462191720619
21.150000000003196, 94.1407989750776
21.151000000003197, 94.19714108241708
21.1520000000032, 94.25347517899263
21.1530000000032, 94.30962820457219
21.1540000000032, 94.36542709892377
21.155000000003206, 94.42069880181535
21.156000000003203, 94.47527025301486
21.157000000003208, 94.52896839229037
21.158000000003202, 94.5816201594098
21.159000000003207, 94.63305249414113
21.16000000000321, 94.6830923757399
21.16100000000321, 94.73162310308099
21.162000000003214, 94.77869659988876
21.163000000003212, 94.82439621425452
21.16400000000321, 94.86880529426956
21.165000000003214, 94.91200718802519
21.166000000003216, 94.95408524361267
21.167000000003213, 94.99512280912332
21.168000000003218, 95.03520323264836
21.16900000000322, 95.07440986227915
21.17000000000322, 95.11282604610699
21.171000000003218, 95.1505351322231
21.172000000003226, 95.18762046871882
21.173000000003224, 95.22416540368543
21.174000000003225, 95.26025328521425
21.175000000003227, 95.29596746139656
21.176000000003228, 95.33139128032361
21.177000000003225, 95.36660809008666
21.17800000000323, 95.40170123877714
21.17900000000323, 95.43675407448617
21.180000000003233, 95.4718499453052
21.181000000003234, 95.50707219932538
21.18200000000323, 95.5425041846381
21.183000000003236, 95.5782292493346
21.184000000003238, 95.61433074150622
21.18500000000324, 95.65089200924419
21.18600000000324, 95.68799640063982
21.18700000000324, 95.72572726378439
21.188000000003242, 95.76416794676925
21.189000000003244, 95.80340179768561
21.190000000003245, 95.8435121646248
21.191000000003246, 95.88458239567808
21.192000000003247, 95.92669583893681
21.19300000000325, 95.96993584249225
21.19400000000325, 96.01438575443564
21.19500000000325, 96.0601289228583
21.196000000003252, 96.10724869585154
21.197000000003253, 96.15582842150664
21.19800000000326, 96.20595144791491
21.199000000003256, 96.25769315302877
21.200000000003257, 96.31097311105287
21.20100000000326, 96.36556899718714
21.20200000000326, 96.42125330506173
21.20300000000326, 96.47779852830683
21.204000000003266, 96.53497716055251
21.205000000003263, 96.59256169542904
21.206000000003264, 96.65032462656649
21.207000000003266, 96.70803844759503
21.208000000003263, 96.76547565214484
21.20900000000327, 96.8224087338461
21.21000000000327, 96.87861018632893
21.21100000000327, 96.93385250322345
21.212000000003272, 96.98790817815993
21.213000000003273, 97.04054970476841
21.214000000003274, 97.0915495766791
21.215000000003275, 97.14068028752219
21.216000000003277, 97.18771433092775
21.217000000003278, 97.23242420052601
21.21800000000328, 97.27458353417813
21.21900000000328, 97.31409775516832
21.220000000003278, 97.35112472419067
21.221000000003286, 97.38585082152312
21.222000000003284, 97.41846242744343
21.223000000003285, 97.4491459222294
21.224000000003286, 97.47808768615896
21.225000000003288, 97.50547409950983
21.22600000000329, 97.53149154255986
21.22700000000329, 97.55632639558695
21.228000000003295, 97.58016503886886
21.22900000000329, 97.6031938526834
21.230000000003294, 97.62559921730842
21.231000000003295, 97.64756751302173
21.232000000003296, 97.66928512010124
21.233000000003297, 97.69093841882464
21.2340000000033, 97.71271378946986
21.2350000000033, 97.73479761231468
21.2360000000033, 97.75737626763699
21.237000000003302, 97.78063613571449
21.238000000003304, 97.80473017842074
21.239000000003305, 97.82966694084001
21.240000000003302, 97.85541596567093
21.241000000003307, 97.8819467949947
21.24200000000331, 97.9092289708924
21.24300000000331, 97.93723203544519
21.24400000000331, 97.96592553073415
21.245000000003312, 97.99527899884045
21.246000000003313, 98.02526198184518
21.247000000003315, 98.05584402182944
21.248000000003316, 98.0869946608744
21.249000000003317, 98.11868344106117
21.250000000003315, 98.15087990447083
21.25100000000332, 98.18355359318456
21.25200000000332, 98.21667404928348
21.253000000003322, 98.25021081484866
21.25400000000332, 98.2841334319613
21.255000000003324, 98.31841144270241
21.256000000003326, 98.3530143891532
21.257000000003323, 98.3879118133948
21.258000000003328, 98.42307325750826
21.25900000000333, 98.45846826357482
21.26000000000333, 98.49406637367545
21.26100000000333, 98.52983712989139
21.262000000003336, 98.56575007430371
21.263000000003334, 98.60177474899353
21.264000000003335, 98.63788069604202
21.265000000003333, 98.67403745753022
21.266000000003338, 98.71021457553935
21.26700000000334, 98.7463815921505
21.26800000000334, 98.78250804944476
21.26900000000334, 98.81856348950325
21.270000000003343, 98.85451745440712
21.271000000003347, 98.89033948623751
21.272000000003345, 98.9259991270755
21.273000000003346, 98.9614659190022
21.274000000003348, 98.99670940409881
21.275000000003352, 99.03169912444638
21.27600000000335, 99.06640462212602
21.27700000000335, 99.10079543921893
21.278000000003352, 99.13484111780619
21.279000000003354, 99.1685111999689
21.280000000003355, 99.20177522778825
21.281000000003356, 99.23460274334528
21.282000000003354, 99.26696328872114
21.28300000000336, 99.298826405997
21.28400000000336, 99.33016163725394
21.28500000000336, 99.36093852457307
21.286000000003362, 99.39112661003551
21.287000000003363, 99.42069543572242
21.288000000003365, 99.44961454371494
21.289000000003362, 99.47785347609413
21.290000000003367, 99.50538177494111
21.29100000000337, 99.53216898233707
21.29200000000337, 99.5581846403631
21.29300000000337, 99.5833982911003
21.294000000003372, 99.60777947662979
21.295000000003373, 99.63129777867432
21.296000000003374, 99.65394768532026
21.297000000003376, 99.67579114039512
21.298000000003377, 99.69690139662028
21.299000000003378, 99.71735170671698
21.30000000000338, 99.7372153234065
21.301000000003377, 99.75656549941013
21.302000000003385, 99.77547548744913
21.303000000003383, 99.79401854024476
21.304000000003384, 99.81226791051836
21.305000000003385, 99.83029685099112
21.306000000003387, 99.84817861438441
21.30700000000339, 99.86598645341945
21.30800000000339, 99.88379362081753
21.30900000000339, 99.90167336929994
21.31000000000339, 99.91969895158796
21.311000000003396, 99.93794362040285
21.312000000003394, 99.95648062846591
21.313000000003395, 99.97538322849839
21.314000000003396, 99.99472467322158
21.315000000003398, 100.01456149289847
21.3160000000034, 100.03484505526649
21.317000000003404, 100.0554859481285
21.3180000000034, 100.07639466970964
21.319000000003403, 100.09748171823504
21.320000000003404, 100.11865759192992
21.321000000003405, 100.13983278901935
21.322000000003406, 100.16091780772857
21.323000000003407, 100.18182314628268
21.32400000000341, 100.20245930290693
21.32500000000341, 100.22273677582638
21.32600000000341, 100.24256606326625
21.32700000000341, 100.26185766345165
21.328000000003414, 100.28052207460782
21.329000000003415, 100.29846979495986
21.330000000003416, 100.31561132273292
21.33100000000342, 100.3318571561522
21.33200000000342, 100.34711779344282
21.333000000003423, 100.36130373283
21.33400000000342, 100.37432997439315
21.33500000000342, 100.38618749093301
21.336000000003423, 100.39693048240022
21.337000000003425, 100.40661507450686
21.338000000003426, 100.41529739296496
21.339000000003427, 100.42303356348663
21.34000000000343, 100.42987971178388
21.341000000003426, 100.43589196356876
21.34200000000343, 100.44112644455338
21.343000000003432, 100.44563928044975
21.344000000003433, 100.44948659696998
21.345000000003438, 100.45272451982605
21.346000000003436, 100.45540917473008
21.347000000003437, 100.45759668739416
21.348000000003434, 100.4593431835302
21.34900000000344, 100.46070478885044
21.35000000000344, 100.46173762906685
21.351000000003445, 100.46249782989145
21.352000000003443, 100.46304151703636
21.353000000003444, 100.46342481621366
21.354000000003442, 100.46370385313534
21.355000000003447, 100.46393475351348
21.356000000003448, 100.46417364306018
21.35700000000345, 100.46447664748744
21.35800000000345, 100.46489989250736
21.35900000000345, 100.46549950383196
21.360000000003453, 100.46633160717336
21.361000000003454, 100.46745232824357
21.362000000003455, 100.46891779275464
21.363000000003456, 100.47078412641866
21.364000000003458, 100.47310745494767
21.36500000000346, 100.4759439040537
21.36600000000346, 100.47934959944888
21.36700000000346, 100.48338066684524
21.368000000003462, 100.48809323195479
21.369000000003464, 100.49354342048966
21.370000000003465, 100.49978735816187
21.371000000003466, 100.50688117068347
21.372000000003464, 100.51488098374921
21.37300000000347, 100.52381609845725
21.37400000000347, 100.53361128666882
21.37500000000347, 100.54416586244757
21.376000000003472, 100.55537913985728
21.377000000003477, 100.56715043296158
21.378000000003475, 100.57937905582433
21.379000000003476, 100.59196432250911
21.380000000003477, 100.60480554707974
21.38100000000348, 100.61780204359988
21.382000000003483, 100.63085312613327
21.38300000000348, 100.64385810874361
21.384000000003486, 100.65671630549464
21.385000000003483, 100.66932703045008
21.386000000003484, 100.68158959767365
21.387000000003486, 100.69340332122906
21.388000000003487, 100.70466751518002
21.389000000003488, 100.71528149359028
21.39000000000349, 100.72514457052351
21.39100000000349, 100.73415606004347
21.392000000003492, 100.74222300734317
21.393000000003493, 100.74932494146017
21.394000000003498, 100.75548103542695
21.395000000003495, 100.76071086595493
21.396000000003497, 100.7650340097555
21.397000000003498, 100.76847004353998
21.3980000000035, 100.77103854401973
21.3990000000035, 100.77275908790615
21.4000000000035, 100.77365125191064
21.401000000003503, 100.77373461274448
21.402000000003504, 100.77302874711913
21.403000000003505, 100.77155323174594
21.404000000003506, 100.76932764333624
21.405000000003508, 100.76637155860142
21.40600000000351, 100.76270455425289
21.40700000000351, 100.75834620700198
21.40800000000351, 100.75331609356004
21.409000000003513, 100.7476337906385
21.410000000003514, 100.7413188749487
21.411000000003515, 100.73439092320199
21.41200000000352, 100.72686951210981
21.413000000003517, 100.71877421838342
21.41400000000352, 100.71012461873426
21.415000000003523, 100.70094028987374
21.41600000000352, 100.69124080851313
21.417000000003522, 100.68104575136385
21.418000000003527, 100.6703746951373
21.419000000003525, 100.65924721654478
21.420000000003522, 100.64768289229775
21.421000000003527, 100.63570129910751
21.42200000000353, 100.62332201368545
21.42300000000353, 100.61056461274295
21.42400000000353, 100.59744867299139
21.425000000003532, 100.58399377114213
21.426000000003533, 100.57021948390648
21.42700000000353, 100.55614538799588
21.428000000003536, 100.54179106012174
21.429000000003537, 100.52717607699535
21.430000000003538, 100.51232002225726
21.43100000000354, 100.49724484026459
21.43200000000354, 100.48197826750985
21.433000000003542, 100.46654891261885
21.434000000003543, 100.45098538421723
21.435000000003544, 100.43531629093076
21.436000000003542, 100.41957024138523
21.43700000000355, 100.40377584420628
21.438000000003548, 100.38796170801965
21.43900000000355, 100.37215644145115
21.44000000000355, 100.35638865312642
21.44100000000355, 100.34068695167124
21.442000000003553, 100.32507994571137
21.443000000003554, 100.3095962438725
21.444000000003555, 100.29426445478035
21.445000000003557, 100.27911318706067
21.446000000003558, 100.26417104933921
21.44700000000356, 100.2494666502417
21.44800000000356, 100.23502859839387
21.449000000003558, 100.22088550242137
21.450000000003563, 100.20706135688839
21.451000000003564, 100.19355407246927
21.452000000003565, 100.18035240358458
21.453000000003566, 100.16744509469677
21.454000000003568, 100.15482089026816
21.45500000000357, 100.14246853476115
21.45600000000357, 100.1303767726381
21.45700000000357, 100.11853434836141
21.458000000003572, 100.10693000639341
21.459000000003574, 100.09555249119659
21.460000000003575, 100.08439054723321
21.461000000003576, 100.07343291896576
21.462000000003577, 100.06266835085651
21.46300000000358, 100.05208558736793
21.46400000000358, 100.0416733729623
21.46500000000358, 100.0314204521021
21.466000000003582, 100.02131556924968
21.467000000003583, 100.0113474688674
21.468000000003585, 100.00150489541765
21.469000000003586, 99.99177533346021
21.470000000003587, 99.98212776720686
21.47100000000359, 99.97251711693853
21.47200000000359, 99.96289795127839
21.47300000000359, 99.95322483884962
21.474000000003592, 99.94345234827534
21.475000000003593, 99.93353504817884
21.476000000003594, 99.92342750718316
21.477000000003596, 99.91308429391154
21.478000000003593, 99.90245997698719
21.479000000003598, 99.89150912503321
21.4800000000036, 99.88018630667284
21.4810000000036, 99.86844609052916
21.4820000000036, 99.85624304522541
21.483000000003603, 99.84353173938476
21.4840000000036, 99.83026674163035
21.485000000003602, 99.81640262058538
21.486000000003607, 99.80189394487303
21.487000000003608, 99.78669528311642
21.48800000000361, 99.7707616162542
21.48900000000361, 99.75407441569378
21.49000000000361, 99.73665725318595
21.491000000003613, 99.71853744637106
21.492000000003614, 99.69974231288921
21.493000000003615, 99.68029917038064
21.494000000003616, 99.66023533648561
21.495000000003618, 99.63957812884432
21.49600000000362, 99.61835486509696
21.49700000000362, 99.59659286288378
21.49800000000362, 99.574319439845
21.499000000003626, 99.55156191362077
21.500000000003624, 99.52834760185144
21.50100000000363, 99.50470382217708
21.502000000003626, 99.48065789223803
21.503000000003627, 99.45623712967439
21.50400000000363, 99.43146885212649
21.505000000003633, 99.40638037723453
21.50600000000363, 99.38099902263863
21.507000000003632, 99.35535210597908
21.508000000003634, 99.3294669448961
21.509000000003635, 99.30337085702993
21.510000000003636, 99.27709116002077
21.511000000003637, 99.2506551715088
21.51200000000364, 99.22409020913423
21.51300000000364, 99.19742359053735
21.51400000000364, 99.17068263335833
21.515000000003642, 99.1438946552374
21.516000000003647, 99.11708697381474
21.517000000003645, 99.09028690673067
21.518000000003646, 99.06352177162528
21.519000000003647, 99.03681888613887
21.520000000003648, 99.01020556791161
21.52100000000365, 98.98370913458375
21.52200000000365, 98.9573569037955
21.523000000003652, 98.93117619318706
21.524000000003653, 98.90519432039872
21.525000000003654, 98.87943860307058
21.526000000003656, 98.85393635884296
21.527000000003653, 98.82871490535604
21.528000000003658, 98.80380156025
21.529000000003656, 98.7792236411651
21.53000000000366, 98.7550084657416
21.53100000000366, 98.73118335161962
21.532000000003663, 98.70777561643942
21.533000000003664, 98.68481257784121
21.534000000003665, 98.66232155346528
21.535000000003667, 98.64032986095174
21.536000000003668, 98.61886481794089
21.53700000000367, 98.59795374207286
21.53800000000367, 98.57762395098797
21.53900000000367, 98.55790276232635
21.540000000003676, 98.53881749372829
21.541000000003674, 98.52039546283397
21.54200000000368, 98.50266398728361
21.543000000003676, 98.4856503847174
21.544000000003674, 98.4693819727756
21.545000000003675, 98.45388606909843
21.546000000003676, 98.43918808231392
21.54700000000368, 98.42526547675375
21.54800000000368, 98.41204541626928
21.549000000003684, 98.39945268412288
21.550000000003685, 98.38741206357692
21.551000000003686, 98.37584833789379
21.552000000003687, 98.36468629033591
21.55300000000369, 98.35385070416548
21.55400000000369, 98.34326636264508
21.55500000000369, 98.33285804903699
21.556000000003692, 98.32255054660354
21.557000000003693, 98.31226863860718
21.558000000003695, 98.30193710831027
21.5590000000037, 98.29148073897514
21.560000000003697, 98.2808243138642
21.561000000003695, 98.26989261623984
21.5620000000037, 98.25861042936441
21.5630000000037, 98.24690253650026
21.564000000003702, 98.23469372090979
21.565000000003703, 98.22190890003708
21.5660000000037, 98.20850114226445
21.567000000003706, 98.19448617989477
21.568000000003707, 98.17988820171395
21.569000000003708, 98.16473139650799
21.57000000000371, 98.14903995306285
21.57100000000371, 98.13283806016445
21.57200000000371, 98.11614990659879
21.573000000003713, 98.0989996811518
21.574000000003714, 98.08141157260943
21.575000000003715, 98.06340976975764
21.576000000003717, 98.0450184613824
21.577000000003718, 98.02626183626964
21.57800000000372, 98.00716408320537
21.57900000000372, 97.9877493909755
21.58000000000372, 97.96804194836602
21.581000000003723, 97.94806594416286
21.582000000003724, 97.927845567152
21.583000000003725, 97.90740500611933
21.584000000003726, 97.88676844985089
21.585000000003728, 97.86596008713263
21.58600000000373, 97.84500410675047
21.587000000003734, 97.82392469749037
21.58800000000373, 97.80274604813829
21.589000000003733, 97.7814923474802
21.590000000003734, 97.76018778430208
21.591000000003735, 97.73885654738982
21.592000000003736, 97.71752282552941
21.593000000003737, 97.69621080750682
21.59400000000374, 97.67494468210802
21.59500000000374, 97.65374863811893
21.59600000000374, 97.6326468643255
21.597000000003742, 97.61166354951374
21.598000000003744, 97.59082288246952
21.599000000003745, 97.57014905197892
21.600000000003746, 97.54966624682781
21.601000000003747, 97.52939865580214
21.60200000000375, 97.50937046768793
21.60300000000375, 97.48960587127105
21.604000000003747, 97.47012905533757
21.605000000003752, 97.45096420867333
21.60600000000375, 97.43213552006436
21.607000000003758, 97.41366717829659
21.608000000003756, 97.395583372156
21.609000000003753, 97.37790829042854
21.610000000003758, 97.36066612190012
21.61100000000376, 97.34388105535673
21.61200000000376, 97.32757727958436
21.613000000003762, 97.31177898336895
21.614000000003763, 97.2965103554964
21.615000000003764, 97.28179558475273
21.61600000000377, 97.26765885992388
21.617000000003763, 97.25412436979585
21.61800000000377, 97.24121630315449
21.61900000000377, 97.22895884878584
21.62000000000377, 97.21737619547582
21.62100000000377, 97.20649253201044
21.622000000003773, 97.1963320471756
21.623000000003774, 97.1869185111669
21.624000000003775, 97.17825458482744
21.625000000003777, 97.17031232601684
21.626000000003778, 97.16306139280056
21.62700000000378, 97.15647144324406
21.62800000000378, 97.15051213541277
21.62900000000378, 97.14515312737228
21.63000000000378, 97.14036407718798
21.631000000003784, 97.1361146429254
21.632000000003785, 97.13237448265004
21.633000000003786, 97.12911325442728
21.634000000003788, 97.12630061632275
21.63500000000379, 97.1239062264018
21.636000000003794, 97.12189974273
21.63700000000379, 97.12025082337277
21.638000000003796, 97.11892912639566
21.639000000003794, 97.11790430986406
21.640000000003795, 97.1171460318435
21.641000000003796, 97.11662395039946
21.642000000003797, 97.11630772410446
21.6430000000038, 97.1161683640385
21.6440000000038, 97.11618117275796
21.6450000000038, 97.11632230201334
21.6460000000038, 97.11656790355512
21.647000000003803, 97.11689412913393
21.648000000003805, 97.11727713050031
21.649000000003806, 97.11769305940477
21.650000000003807, 97.11811806759788
21.651000000003805, 97.1185283068302
21.65200000000381, 97.11889992885227
21.65300000000381, 97.1192090854146
21.654000000003816, 97.11943192826779
21.655000000003813, 97.11954460916239
21.656000000003814, 97.11952327984885
21.657000000003812, 97.11934409207784
21.658000000003817, 97.11898319759987
21.659000000003818, 97.11841674816547
21.660000000003816, 97.1176208955252
21.66100000000382, 97.11657179142958
21.662000000003818, 97.11525298722852
21.663000000003823, 97.11370327405525
21.664000000003824, 97.11198641938611
21.665000000003825, 97.11016631325184
21.666000000003827, 97.10830684568322
21.667000000003828, 97.1064719067109
21.66800000000383, 97.10472538636574
21.66900000000383, 97.10313117467844
21.670000000003835, 97.10175316167975
21.671000000003833, 97.10065523740046
21.672000000003834, 97.09990129187132
21.673000000003835, 97.09955521512302
21.674000000003836, 97.09968089718635
21.675000000003838, 97.10034222809207
21.67600000000384, 97.1016030978709
21.67700000000384, 97.10352739655363
21.67800000000384, 97.10617901417098
21.679000000003843, 97.1096218407537
21.680000000003844, 97.11391976633261
21.681000000003845, 97.11913415936633
21.682000000003846, 97.1252725485826
21.683000000003847, 97.1322908356132
21.68400000000385, 97.1401428432894
21.68500000000385, 97.14878239444228
21.68600000000385, 97.15816331190314
21.687000000003852, 97.16823941850305
21.688000000003854, 97.17896453707324
21.689000000003855, 97.19029249044485
21.690000000003856, 97.2021771014491
21.691000000003857, 97.21457219291719
21.69200000000386, 97.22743158768026
21.69300000000386, 97.24070910856945
21.694000000003857, 97.254358578416
21.695000000003862, 97.26833382005113
21.696000000003863, 97.2825886563059
21.697000000003865, 97.29707691001157
21.698000000003866, 97.31175240399931
21.699000000003867, 97.32656896110026
21.700000000003868, 97.34148049817001
21.70100000000387, 97.35645416132503
21.702000000003874, 97.37148385182628
21.703000000003875, 97.38656669851507
21.704000000003873, 97.40169983023283
21.705000000003874, 97.4168803758209
21.706000000003876, 97.43210546412071
21.707000000003877, 97.44737222397362
21.70800000000388, 97.46267778422099
21.70900000000388, 97.47801927370422
21.71000000000388, 97.49339382126465
21.71100000000388, 97.50879855574368
21.712000000003883, 97.52423060598271
21.71300000000388, 97.5396871008231
21.714000000003885, 97.55516516910626
21.715000000003887, 97.57066193967353
21.716000000003888, 97.58617454136628
21.71700000000389, 97.60170010302589
21.71800000000389, 97.6172357534938
21.71900000000389, 97.63277862161131
21.720000000003893, 97.64832564606856
21.721000000003897, 97.66387289358264
21.722000000003895, 97.67941618107587
21.723000000003896, 97.69495132545002
21.724000000003898, 97.7104741436068
21.7250000000039, 97.72598045244793
21.7260000000039, 97.74146606887516
21.727000000003905, 97.75692680979022
21.728000000003902, 97.77235849209484
21.729000000003904, 97.78775693269071
21.730000000003905, 97.8031179484796
21.731000000003906, 97.81843735636325
21.732000000003904, 97.83371097324337
21.73300000000391, 97.84893461602164
21.73400000000391, 97.8641041015999
21.73500000000391, 97.87921524687982
21.736000000003912, 97.89426386876309
21.737000000003913, 97.90924578415152
21.738000000003915, 97.92415680994681
21.739000000003916, 97.93899712735714
21.74000000000392, 97.95381637617024
21.74100000000392, 97.96869550908612
21.742000000003923, 97.98371597455802
21.74300000000392, 97.99895922103929
21.744000000003922, 98.01450669698312
21.745000000003923, 98.03043985084287
21.746000000003924, 98.04684013107178
21.747000000003926, 98.06378898612309
21.748000000003927, 98.08136786445016
21.749000000003928, 98.0996582145062
21.75000000000393, 98.11874148474452
21.75100000000393, 98.13869912361841
21.75200000000393, 98.15961257958111
21.753000000003933, 98.18156330108593
21.754000000003934, 98.2046327365861
21.755000000003935, 98.22890233453495
21.756000000003937, 98.25445354338575
21.75700000000394, 98.28136781159178
21.758000000003936, 98.30972438825495
21.75900000000394, 98.33951333873323
21.76000000000394, 98.37060669808788
21.761000000003943, 98.40286839030878
21.762000000003948, 98.43616233938585
21.76300000000395, 98.47035246930893
21.764000000003946, 98.50530270406797
21.765000000003948, 98.54087696765282
21.766000000003952, 98.57693918405336
21.76700000000395, 98.61335327725953
21.76800000000395, 98.64998317126118
21.769000000003953, 98.6866927900482
21.770000000003954, 98.72334605761044
21.771000000003955, 98.75980689793788
21.772000000003956, 98.79593923502037
21.773000000003957, 98.83160699284777
21.77400000000396, 98.86667409541002
21.77500000000396, 98.90100446669696
21.77600000000396, 98.93446203069848
21.777000000003962, 98.96691075042234
21.778000000003967, 98.99825249364275
21.779000000003965, 99.02849783571463
21.780000000003966, 99.05767671791412
21.781000000003967, 99.08581908151724
21.78200000000397, 99.1129548678002
21.78300000000397, 99.13911401803917
21.784000000003967, 99.16432647351012
21.785000000003972, 99.18862217548933
21.786000000003973, 99.21203106525286
21.787000000003975, 99.23458308407677
21.788000000003976, 99.25630817323733
21.789000000003977, 99.27723627401053
21.790000000003975, 99.29739732767258
21.79100000000398, 99.31682127549959
21.79200000000398, 99.33553805876764
21.793000000003982, 99.3535776187529
21.794000000003983, 99.37096989673144
21.795000000003984, 99.38774483397947
21.796000000003982, 99.40393237177307
21.797000000003987, 99.41957299102874
21.798000000003984, 99.43477767914845
21.79900000000399, 99.44968634884872
21.80000000000399, 99.46443900083825
21.801000000003988, 99.47917563582587
21.802000000003993, 99.49403625452028
21.80300000000399, 99.50916085763033
21.80400000000399, 99.52468944586471
21.805000000003997, 99.54076201993219
21.806000000004, 99.5575185805416
21.807000000004, 99.57509912840169
21.808000000004, 99.59364366422118
21.809000000004, 99.61329218870884
21.810000000004003, 99.63418470257348
21.811000000004004, 99.65646120652387
21.812000000004005, 99.68026170126875
21.813000000004006, 99.70572618751687
21.814000000004008, 99.73299466597705
21.81500000000401, 99.76220713735803
21.816000000004006, 99.79349362066108
21.81700000000401, 99.82680108597467
21.818000000004012, 99.86191608871857
21.819000000004014, 99.8986197541911
21.820000000004015, 99.93669320769052
21.821000000004016, 99.97591757451511
21.822000000004017, 100.01607397996305
21.82300000000402, 100.05694354933277
21.82400000000402, 100.09830740792242
21.82500000000402, 100.13994668103028
21.826000000004026, 100.1816424939547
21.827000000004027, 100.22317597199385
21.828000000004025, 100.26432824044605
21.82900000000403, 100.30488042460956
21.830000000004027, 100.3446136497827
21.83100000000403, 100.38330904126367
21.83200000000403, 100.42074772435076
21.833000000004027, 100.45671082434222
21.834000000004032, 100.4909794665364
21.835000000004033, 100.52333607777825
21.836000000004034, 100.5536936020279
21.837000000004036, 100.5822051190769
21.838000000004033, 100.60904952290922
21.839000000004035, 100.63440570750872
21.84000000000404, 100.65845256685952
21.84100000000404, 100.68136899494547
21.84200000000404, 100.70333388575057
21.843000000004043, 100.72452613325875
21.844000000004044, 100.74512463145403
21.845000000004045, 100.76530827432028
21.846000000004047, 100.78525595584148
21.847000000004048, 100.80514657000161
21.848000000004053, 100.82515901078466
21.84900000000405, 100.84547217217452
21.85000000000405, 100.86626494815519
21.851000000004056, 100.88771623271063
21.852000000004054, 100.91000491982477
21.85300000000405, 100.93330990348157
21.854000000004056, 100.95781007766502
21.855000000004058, 100.98363524150399
21.85600000000406, 101.01071221369651
21.85700000000406, 101.03891536248584
21.85800000000406, 101.06811905604734
21.859000000004063, 101.09819766255643
21.860000000004064, 101.1290255501884
21.861000000004065, 101.16047708711868
21.86200000000407, 101.1924266415226
21.86300000000407, 101.22474858157551
21.86400000000407, 101.25731727545278
21.865000000004066, 101.29000709132978
21.866000000004075, 101.32269239738184
21.867000000004072, 101.35524756178435
21.868000000004077, 101.38754695271268
21.869000000004075, 101.41946493834217
21.870000000004076, 101.4508758868482
21.871000000004074, 101.4816541664061
21.87200000000408, 101.51167414519126
21.87300000000408, 101.54081019137902
21.87400000000408, 101.56894862417079
21.875000000004082, 101.59609567032099
21.876000000004083, 101.62232674745388
21.877000000004085, 101.64771810927786
21.87800000000409, 101.67234600950111
21.879000000004087, 101.69628670183202
21.880000000004088, 101.71961643997878
21.88100000000409, 101.74241147764972
21.88200000000409, 101.76474806855316
21.883000000004092, 101.78670246639734
21.884000000004093, 101.80835092489053
21.88500000000409, 101.8297696977411
21.886000000004092, 101.85103503865726
21.887000000004097, 101.87222320134737
21.888000000004098, 101.89341043951963
21.8890000000041, 101.91467300688242
21.8900000000041, 101.93608715714399
21.8910000000041, 101.95772914401257
21.892000000004103, 101.97967522119659
21.893000000004104, 102.00200045555503
21.894000000004105, 102.02474045081892
21.895000000004107, 102.04788310544039
21.89600000000411, 102.07141346397938
21.89700000000411, 102.09531657099558
21.89800000000411, 102.119577471049
21.899000000004108, 102.1441812086994
21.90000000000411, 102.16911282850661
21.901000000004114, 102.19435737503053
21.902000000004115, 102.21989989283101
21.903000000004116, 102.24572542646783
21.904000000004118, 102.27181902050091
21.90500000000412, 102.2981657194901
21.906000000004124, 102.32475056799522
21.907000000004118, 102.35155861057606
21.908000000004126, 102.3785748917926
21.909000000004124, 102.40578445620457
21.91000000000413, 102.43317234837187
21.911000000004126, 102.46072361285431
21.912000000004127, 102.4884232942118
21.913000000004132, 102.51625643700415
21.91400000000413, 102.5442080857912
21.91500000000413, 102.57226328513283
21.916000000004132, 102.60040707958886
21.91700000000413, 102.62862451371913
21.918000000004135, 102.65690063208353
21.919000000004136, 102.68522047924185
21.920000000004137, 102.713569099754
21.921000000004142, 102.74193153817978
21.92200000000414, 102.77029283907906
21.92300000000414, 102.79863804701168
21.924000000004146, 102.8269522065375
21.925000000004143, 102.85522036221633
21.926000000004148, 102.88342755860803
21.927000000004146, 102.91155884027253
21.92800000000415, 102.9395992517696
21.929000000004148, 102.96753383765905
21.93000000000415, 102.99534764250082
21.93100000000415, 103.0230257108547
21.932000000004148, 103.05055594437316
21.93300000000415, 103.07794340860104
21.934000000004154, 103.1051995486965
21.935000000004155, 103.13233582045132
21.936000000004157, 103.15936367965708
21.937000000004158, 103.18629458210536
21.93800000000416, 103.21313998358796
21.939000000004157, 103.23991133989645
21.94000000000416, 103.2666201068225
21.941000000004163, 103.29327774015778
21.942000000004164, 103.31989569569393
21.943000000004165, 103.34648542922265
21.944000000004166, 103.37305839653554
21.945000000004168, 103.39962605342427
21.94600000000417, 103.42619985568052
21.94700000000417, 103.45279125909593
21.94800000000417, 103.47941171946216
21.949000000004173, 103.50607269257084
21.950000000004174, 103.53278563421372
21.951000000004175, 103.55956129213587
21.952000000004176, 103.58639916521274
21.953000000004177, 103.61328974552782
21.95400000000418, 103.640223272491
21.95500000000418, 103.66718998551221
21.95600000000418, 103.69418012400128
21.957000000004182, 103.72118392736813
21.958000000004184, 103.74819163502272
21.959000000004185, 103.77519348637485
21.960000000004186, 103.80217972083445
21.961000000004187, 103.82914057781144
21.96200000000419, 103.85606629671568
21.96300000000419, 103.88294711695707
21.96400000000419, 103.90977327794553
21.965000000004192, 103.9365350190909
21.966000000004193, 103.96322257980309
21.967000000004195, 103.98982619949206
21.968000000004196, 104.01633611756762
21.969000000004197, 104.04274257343971
21.970000000004198, 104.06903569153346
21.9710000000042, 104.09519699781933
21.972000000004204, 104.12119360910167
21.973000000004202, 104.14699126704767
21.974000000004203, 104.1725557133245
21.9750000000042, 104.1978526895994
21.976000000004206, 104.22284793753954
21.977000000004203, 104.24750719881203
21.978000000004208, 104.27179621508417
21.979000000004206, 104.29568072802313
21.98000000000421, 104.31912647929609
21.981000000004215, 104.34209921057021
21.982000000004213, 104.36456466351274
21.983000000004214, 104.3864885797908
21.984000000004215, 104.40783670107166
21.985000000004217, 104.42857476902243
21.986000000004214, 104.44866852531037
21.98700000000422, 104.46808371160265
21.988000000004224, 104.48678606956645
21.98900000000422, 104.50474134112525
21.990000000004226, 104.52193656608219
21.991000000004224, 104.53843819100055
21.992000000004225, 104.55433116490016
21.993000000004226, 104.56970043680079
21.994000000004228, 104.58463095572215
21.99500000000423, 104.5992076706841
21.99600000000423, 104.61351553070631
21.99700000000423, 104.62763948480855
21.998000000004232, 104.64166448201065
21.999000000004234, 104.65567547133236
22.000000000004235, 104.6697574017934
22.001000000004233, 104.68399522241356
22.002000000004237, 104.69847388221261
22.003000000004242, 104.71327833021029
22.00400000000424, 104.72849351542641
22.005000000004244, 104.74420438688065
22.006000000004242, 104.7604958935929
22.007000000004243, 104.77745298458282
22.008000000004245, 104.7951606088702
22.009000000004246, 104.8136897234738
22.010000000004247, 104.83298647660116
22.01100000000425, 104.85293144731114
22.01200000000425, 104.87340463256217
22.01300000000425, 104.89428602931282
22.014000000004252, 104.91545563452145
22.015000000004253, 104.93679344514666
22.016000000004254, 104.95817945814686
22.017000000004256, 104.97949367048054
22.018000000004253, 105.00061607910624
22.019000000004258, 105.0214266809824
22.020000000004256, 105.04180547306748
22.02100000000426, 105.06163245232001
22.02200000000426, 105.08078761569845
22.023000000004263, 105.0991509601613
22.024000000004264, 105.11660248266703
22.025000000004265, 105.1330221801741
22.026000000004267, 105.14829004964105
22.027000000004268, 105.16228608802628
22.028000000004273, 105.1748946882123
22.02900000000427, 105.18612204133288
22.030000000004268, 105.19610887870641
22.031000000004273, 105.20500288387282
22.032000000004274, 105.21295174037206
22.033000000004275, 105.22010313174424
22.034000000004276, 105.2266047415293
22.035000000004278, 105.23260425326721
22.03600000000428, 105.23824935049802
22.03700000000428, 105.24368771676168
22.03800000000428, 105.24906703559816
22.039000000004282, 105.25453499054753
22.040000000004284, 105.26023926514974
22.04100000000428, 105.26632754294478
22.042000000004286, 105.27294750747268
22.043000000004287, 105.28024684227341
22.04400000000429, 105.28837323088695
22.04500000000429, 105.29747435685331
22.04600000000429, 105.30769790371251
22.047000000004292, 105.31919131020666
22.048000000004293, 105.33203507437955
22.0490000000043, 105.34615217403548
22.050000000004296, 105.36144294746549
22.051000000004297, 105.37780773296052
22.052000000004295, 105.39514686881168
22.0530000000043, 105.41336069330985
22.054000000004304, 105.4323495447461
22.055000000004302, 105.45201376141146
22.056000000004303, 105.4722536815969
22.057000000004304, 105.49296964359334
22.058000000004306, 105.51406198569185
22.059000000004303, 105.53543104618349
22.060000000004308, 105.55697716335916
22.06100000000431, 105.57860067550993
22.06200000000431, 105.60020192092679
22.063000000004312, 105.6216812379007
22.064000000004313, 105.64293896472267
22.065000000004314, 105.66387543968376
22.066000000004315, 105.68439100107493
22.067000000004317, 105.70439884641621
22.068000000004318, 105.72388166302403
22.06900000000432, 105.74284550441702
22.07000000000432, 105.7612964415799
22.07100000000432, 105.77924054549716
22.072000000004323, 105.79668388715339
22.07300000000432, 105.81363253753311
22.074000000004325, 105.83009256762098
22.075000000004326, 105.84607004840142
22.076000000004328, 105.8615710508591
22.077000000004332, 105.87660164597858
22.07800000000433, 105.89116790474435
22.07900000000433, 105.90527589814103
22.080000000004333, 105.9189316971532
22.081000000004334, 105.93214137276533
22.08200000000433, 105.94491099596206
22.083000000004336, 105.95724663772793
22.084000000004334, 105.96915436904752
22.08500000000434, 105.98064026090537
22.08600000000434, 105.99171038428607
22.08700000000434, 106.00237081017411
22.088000000004342, 106.01262760955414
22.089000000004344, 106.02248685341071
22.090000000004345, 106.03195461272834
22.091000000004346, 106.04103695849159
22.092000000004347, 106.04973996168506
22.09300000000435, 106.0580696932933
22.09400000000435, 106.06603222430087
22.09500000000435, 106.07363362569232
22.096000000004352, 106.08087996845225
22.097000000004353, 106.08777732356515
22.098000000004355, 106.09433176201566
22.099000000004352, 106.1005493547883
22.100000000004357, 106.10643617286763
22.10100000000436, 106.11199828723822
22.10200000000436, 106.11724176888464
22.10300000000436, 106.12217268879147
22.104000000004362, 106.12679711794323
22.105000000004363, 106.13112134028844
22.106000000004364, 106.13516393590616
22.107000000004366, 106.13896227193906
22.108000000004367, 106.14255530025052
22.109000000004368, 106.14598197270391
22.11000000000437, 106.14928124116256
22.11100000000437, 106.1524920574899
22.11200000000437, 106.15565337354924
22.113000000004376, 106.1588041412041
22.114000000004374, 106.16198331231772
22.115000000004375, 106.16522983875353
22.11600000000438, 106.16858267237485
22.11700000000438, 106.17208076504515
22.11800000000438, 106.17576306862776
22.11900000000438, 106.17966853498605
22.12000000000438, 106.18383611598341
22.121000000004383, 106.18830476348322
22.122000000004384, 106.19311342934884
22.123000000004385, 106.19830106544364
22.124000000004386, 106.20390662105122
22.125000000004388, 106.20995334194023
22.12600000000439, 106.2164116481507
22.12700000000439, 106.2232408637529
22.12800000000439, 106.23040031281697
22.129000000004392, 106.23784931941321
22.130000000004394, 106.24554720761175
22.1310000000044, 106.25345330148289
22.1320000000044, 106.26152692509676
22.133000000004397, 106.2697274025236
22.134000000004402, 106.27801405783367
22.1350000000044, 106.28634621509717
22.136000000004405, 106.29468319838426
22.1370000000044, 106.30298433176519
22.138000000004403, 106.3112089393102
22.139000000004405, 106.31931634508949
22.140000000004402, 106.32726587317327
22.141000000004404, 106.33501684763174
22.14200000000441, 106.34252859253512
22.14300000000441, 106.34976043195363
22.14400000000441, 106.35667487667956
22.145000000004412, 106.36325979828518
22.146000000004413, 106.36951518366931
22.147000000004414, 106.37544109488454
22.14800000000442, 106.38103759398341
22.149000000004417, 106.38630474301858
22.150000000004418, 106.39124260404269
22.15100000000442, 106.39585123910831
22.15200000000442, 106.40013071026806
22.153000000004422, 106.40408107957455
22.15400000000442, 106.4077024090804
22.155000000004424, 106.4109947608382
22.156000000004425, 106.41395819690057
22.157000000004427, 106.4165927793201
22.158000000004428, 106.41889857014947
22.15900000000443, 106.42087563144122
22.16000000000443, 106.42252402524795
22.16100000000443, 106.42384381362231
22.162000000004433, 106.42483505861695
22.163000000004438, 106.42549828738811
22.164000000004435, 106.42584491010551
22.165000000004433, 106.42589732408842
22.166000000004438, 106.42567841258773
22.16700000000444, 106.42521105885427
22.168000000004444, 106.424518146139
22.16900000000444, 106.42362255769272
22.170000000004443, 106.42254717676633
22.171000000004444, 106.42131488661067
22.172000000004445, 106.41994857047673
22.173000000004446, 106.41847111161528
22.174000000004447, 106.41690539327722
22.17500000000445, 106.4152742987134
22.176000000004446, 106.41360071117475
22.17700000000445, 106.41190751391211
22.17800000000445, 106.41021759017642
22.179000000004454, 106.40855382321843
22.180000000004455, 106.40693909628907
22.181000000004456, 106.40539629263932
22.182000000004457, 106.4039482955199
22.18300000000446, 106.40261798818179
22.184000000004456, 106.40142825387585
22.185000000004457, 106.40040197585289
22.186000000004466, 106.39956203736381
22.187000000004463, 106.39893132165955
22.18800000000446, 106.39853271199097
22.189000000004466, 106.39838909160883
22.190000000004467, 106.3985233437642
22.19100000000447, 106.39895835170775
22.19200000000447, 106.3997169986905
22.19300000000447, 106.40082216796328
22.194000000004475, 106.40229674277697
22.195000000004473, 106.40416360638241
22.196000000004474, 106.40644564203053
22.197000000004476, 106.40916573297218
22.198000000004477, 106.41234676245827
22.199000000004478, 106.41601161373958
22.20000000000448, 106.42018317006709
22.20100000000448, 106.42488431469162
22.20200000000448, 106.43012049384183
22.203000000004486, 106.43581228896413
22.204000000004484, 106.44185450122532
22.205000000004485, 106.44814192586718
22.206000000004487, 106.45456935813152
22.207000000004488, 106.4610315932601
22.208000000004485, 106.46742342649478
22.20900000000449, 106.47363965307723
22.21000000000449, 106.47957506824926
22.211000000004493, 106.48512446725279
22.212000000004494, 106.49018264532943
22.213000000004495, 106.49464439772112
22.214000000004496, 106.49840451966956
22.215000000004498, 106.50135780641658
22.216000000004495, 106.50339905320392
22.2170000000045, 106.5044230552734
22.2180000000045, 106.5043246078668
22.219000000004502, 106.50299850622595
22.220000000004504, 106.50033954559257
22.221000000004505, 106.49625237886471
22.222000000004506, 106.4907616948886
22.223000000004507, 106.48397228932451
22.22400000000451, 106.475990417915
22.22500000000451, 106.46692233640259
22.22600000000451, 106.45687430052985
22.227000000004512, 106.44595256603935
22.228000000004517, 106.43426338867363
22.229000000004515, 106.42191302417525
22.230000000004516, 106.40900772828678
22.231000000004514, 106.39565375675076
22.232000000004522, 106.38195736530975
22.23300000000452, 106.36802480970628
22.23400000000452, 106.35396234568296
22.235000000004522, 106.3398762289823
22.236000000004523, 106.32587271534685
22.237000000004528, 106.31205806051923
22.238000000004526, 106.29853852024192
22.239000000004527, 106.28542035025754
22.240000000004528, 106.27280870367484
22.24100000000453, 106.26075821170134
22.24200000000453, 106.24925306676919
22.243000000004532, 106.23827223687249
22.244000000004533, 106.22779469000545
22.245000000004534, 106.21779939416226
22.246000000004535, 106.20826531733712
22.247000000004537, 106.19917142752416
22.248000000004538, 106.19049669271763
22.24900000000454, 106.18222008091163
22.250000000004537, 106.17432056010044
22.25100000000454, 106.16677709827812
22.252000000004546, 106.1595686634389
22.253000000004544, 106.15267422357702
22.25400000000455, 106.1460727466866
22.255000000004546, 106.13974320076177
22.256000000004548, 106.13366455379685
22.25700000000455, 106.12781577378588
22.258000000004554, 106.1221758287231
22.25900000000455, 106.11672368660271
22.260000000004553, 106.11143831541884
22.261000000004554, 106.10629868316573
22.262000000004555, 106.1012837578375
22.263000000004556, 106.09637250742836
22.264000000004557, 106.0915438999325
22.265000000004555, 106.08677690334407
22.26600000000456, 106.0820504856573
22.267000000004558, 106.0773436148663
22.268000000004562, 106.07263525896525
22.269000000004564, 106.06790438594845
22.27000000000456, 106.06312996380993
22.271000000004566, 106.05829096054396
22.272000000004567, 106.05336634414468
22.27300000000457, 106.04833508260634
22.274000000004566, 106.04317614392299
22.275000000004574, 106.03786849608889
22.276000000004572, 106.03239110709825
22.277000000004573, 106.02672294494519
22.278000000004575, 106.02084297762393
22.279000000004576, 106.01473017312864
22.280000000004577, 106.00836349945348
22.281000000004575, 106.00172192459263
22.28200000000458, 105.99478441654028
22.28300000000458, 105.98752994329065
22.284000000004582, 105.97993747283783
22.28500000000458, 105.97198597317609
22.286000000004588, 105.96365441229955
22.287000000004586, 105.95492175820246
22.28800000000459, 105.94576697887886
22.289000000004588, 105.93616904232312
22.29000000000459, 105.92610691652925
22.291000000004594, 105.91555956949153
22.29200000000459, 105.90450596920412
22.293000000004593, 105.89292508366115
22.294000000004598, 105.88079588085685
22.2950000000046, 105.86809732878541
22.296000000004597, 105.85480839544098
22.2970000000046, 105.84090804881778
22.2980000000046, 105.8263779446595
22.2990000000046, 105.81125345121848
22.3000000000046, 105.7956194982813
22.301000000004603, 105.77956287150548
22.3020000000046, 105.76317035654849
22.303000000004605, 105.74652873906786
22.304000000004603, 105.72972480472096
22.305000000004608, 105.7128453391653
22.30600000000461, 105.69597712805846
22.30700000000461, 105.6792069570578
22.30800000000461, 105.66262161182084
22.309000000004612, 105.64630787800506
22.310000000004614, 105.63035254126788
22.311000000004615, 105.61484238726688
22.312000000004616, 105.59986420165946
22.313000000004617, 105.58550477010313
22.314000000004615, 105.57185087825532
22.31500000000462, 105.55898931177359
22.31600000000462, 105.54700685631532
22.317000000004622, 105.53598978393727
22.318000000004623, 105.52596224191736
22.319000000004625, 105.51682773321974
22.320000000004626, 105.50847590111673
22.321000000004627, 105.50079638888054
22.32200000000463, 105.49367883978354
22.32300000000463, 105.48701289709794
22.32400000000463, 105.48068820409603
22.325000000004636, 105.47459440405007
22.326000000004633, 105.46862114023236
22.327000000004634, 105.46265805591521
22.32800000000464, 105.45659479437083
22.32900000000464, 105.45032099887152
22.330000000004638, 105.44372631268956
22.33100000000464, 105.43670037909729
22.33200000000464, 105.42913284136685
22.333000000004642, 105.42091334277063
22.334000000004643, 105.41193152658089
22.335000000004644, 105.4020770360699
22.336000000004645, 105.3912395145099
22.337000000004647, 105.3793416302897
22.338000000004648, 105.36645092803487
22.33900000000465, 105.35267466833724
22.34000000000465, 105.33812011284404
22.34100000000465, 105.3228945232023
22.342000000004653, 105.3071051610591
22.343000000004654, 105.29085928806163
22.344000000004655, 105.27426416585695
22.345000000004656, 105.25742705609218
22.346000000004654, 105.24045522041442
22.34700000000466, 105.22345592047074
22.34800000000466, 105.20653641790827
22.34900000000466, 105.18980397437417
22.350000000004663, 105.17336585151544
22.351000000004664, 105.15732931097929
22.352000000004665, 105.14180161441277
22.353000000004666, 105.12689002346298
22.354000000004667, 105.11270179977706
22.35500000000467, 105.09934420500205
22.35600000000467, 105.08691478923222
22.357000000004675, 105.07540668697516
22.358000000004676, 105.06474948793795
22.359000000004674, 105.05487188186618
22.360000000004675, 105.04570255850551
22.361000000004676, 105.03717020760155
22.362000000004674, 105.02920351889988
22.363000000004682, 105.02173118214608
22.36400000000468, 105.01468188708583
22.36500000000468, 105.00798432346475
22.366000000004682, 105.00156718102839
22.367000000004683, 104.99535914952233
22.368000000004685, 104.9892889186923
22.369000000004686, 104.98328517828381
22.370000000004687, 104.97727661804248
22.371000000004692, 104.97119192771393
22.37200000000469, 104.96495979704382
22.37300000000469, 104.95850891577768
22.374000000004692, 104.95176797366119
22.375000000004693, 104.94466666548891
22.376000000004694, 104.93717204423604
22.377000000004696, 104.92929872404494
22.3780000000047, 104.92106440207368
22.379000000004698, 104.91248677548023
22.3800000000047, 104.90358354142252
22.3810000000047, 104.89437239705852
22.382000000004698, 104.88487103954624
22.383000000004703, 104.87509716604363
22.384000000004704, 104.8650684737087
22.385000000004705, 104.85480265969942
22.386000000004707, 104.84431742117377
22.387000000004708, 104.8336304552897
22.388000000004713, 104.82275945920522
22.389000000004707, 104.81172213007828
22.39000000000471, 104.80053616506689
22.391000000004713, 104.789219261329
22.392000000004714, 104.77778911602257
22.39300000000471, 104.76626342630564
22.394000000004716, 104.75465988933614
22.39500000000472, 104.74299620227207
22.39600000000472, 104.73129006227143
22.397000000004724, 104.71955916649216
22.39800000000472, 104.70782121209223
22.399000000004722, 104.69609389622961
22.400000000004724, 104.68439491606233
22.401000000004725, 104.67274196874834
22.402000000004726, 104.66115275144561
22.403000000004727, 104.64964496131212
22.404000000004732, 104.63823629550588
22.40500000000473, 104.62694445118483
22.406000000004735, 104.61578712550694
22.407000000004732, 104.6047820156302
22.408000000004733, 104.59394681871262
22.409000000004735, 104.58329923191215
22.410000000004732, 104.57285695238676
22.411000000004737, 104.56263767729445
22.41200000000474, 104.5526591037932
22.41300000000474, 104.54293892904093
22.41400000000474, 104.53349485019571
22.415000000004742, 104.52434456441546
22.416000000004743, 104.51550576885815
22.417000000004744, 104.50699616068178
22.418000000004746, 104.49883343704434
22.419000000004747, 104.49103529510376
22.420000000004748, 104.48361943201807
22.42100000000475, 104.47660354494526
22.42200000000475, 104.47000533104321
22.423000000004752, 104.46384248747002
22.424000000004753, 104.45813271138358
22.425000000004754, 104.45289369994194
22.426000000004755, 104.44814315030301
22.427000000004757, 104.44389875962474
22.428000000004758, 104.44017822506524
22.42900000000476, 104.43699924378238
22.43000000000476, 104.43437951293419
22.43100000000476, 104.43233672967858
22.432000000004763, 104.4308885911736
22.433000000004764, 104.43004978331172
22.434000000004765, 104.42978310644502
22.435000000004766, 104.43000761101118
22.436000000004768, 104.43064097815854
22.43700000000477, 104.43160088903541
22.43800000000477, 104.43280502479013
22.43900000000477, 104.43417106657103
22.440000000004773, 104.43561669552642
22.44100000000477, 104.43705959280466
22.442000000004775, 104.43841743955403
22.443000000004776, 104.43960791692294
22.44400000000478, 104.4405487060596
22.44500000000478, 104.44115748811241
22.446000000004776, 104.44135194422972
22.44700000000478, 104.44104975555982
22.448000000004782, 104.44016860325102
22.449000000004784, 104.43862616845166
22.450000000004785, 104.43634013231011
22.451000000004786, 104.43322817597463
22.452000000004787, 104.42920866101409
22.45300000000479, 104.42425984612544
22.45400000000479, 104.41846586470382
22.45500000000479, 104.41192167218257
22.456000000004792, 104.404722223995
22.457000000004793, 104.39696247557445
22.45800000000479, 104.38873738235414
22.4590000000048, 104.38014189976738
22.460000000004793, 104.37127098324756
22.4610000000048, 104.36221958822784
22.4620000000048, 104.35308267014165
22.4630000000048, 104.34395518442219
22.464000000004802, 104.33493208650283
22.465000000004803, 104.32610833181681
22.466000000004804, 104.31757887579751
22.467000000004806, 104.3094386738781
22.468000000004807, 104.30178268149203
22.469000000004808, 104.29470585407245
22.470000000004813, 104.28830314705277
22.47100000000481, 104.28266951586502
22.472000000004808, 104.27787546542382
22.473000000004813, 104.27389478350707
22.47400000000481, 104.27067734683959
22.475000000004815, 104.26817303214611
22.476000000004817, 104.26633171615144
22.477000000004818, 104.26510327558034
22.478000000004815, 104.26443758715764
22.479000000004817, 104.2642845276081
22.48000000000482, 104.26459397365653
22.481000000004823, 104.26531580202769
22.482000000004824, 104.26639988944636
22.483000000004825, 104.26779611263734
22.484000000004826, 104.26945434832537
22.485000000004828, 104.27132447323532
22.48600000000483, 104.27335636409192
22.487000000004834, 104.27549989762
22.48800000000483, 104.27770495054429
22.489000000004836, 104.27992139958958
22.490000000004834, 104.28209912148071
22.491000000004835, 104.28419160191123
22.492000000004836, 104.286186744497
22.49300000000484, 104.28809153503462
22.494000000004835, 104.28991316249545
22.495000000004843, 104.29165881585062
22.49600000000484, 104.29333568407145
22.497000000004842, 104.29495095612924
22.498000000004843, 104.29651182099511
22.499000000004845, 104.29802546764037
22.500000000004842, 104.29949908503636
22.501000000004847, 104.30093986215421
22.50200000000485, 104.3023549879652
22.50300000000485, 104.30375165144059
22.504000000004854, 104.30513704155169
22.505000000004852, 104.30651834726966
22.506000000004853, 104.30790275756578
22.507000000004854, 104.30929746141135
22.508000000004856, 104.31070964777753
22.509000000004857, 104.31214650563561
22.510000000004858, 104.31361522395687
22.511000000004856, 104.31512299171257
22.51200000000486, 104.31667699787388
22.513000000004862, 104.31828443141215
22.514000000004863, 104.31995248129853
22.515000000004864, 104.32168833650441
22.516000000004865, 104.32349918600087
22.51700000000487, 104.32539221875928
22.518000000004868, 104.32737462375084
22.519000000004873, 104.32945358994684
22.52000000000487, 104.3316363063185
22.52100000000487, 104.33392996183703
22.52200000000487, 104.3363417454738
22.523000000004878, 104.33887884619995
22.524000000004875, 104.34154845298679
22.525000000004876, 104.34435775480554
22.526000000004878, 104.34731394062744
22.52700000000488, 104.35042419942376
22.52800000000488, 104.35369572016577
22.52900000000488, 104.35713567155321
22.530000000004883, 104.36074374430888
22.531000000004884, 104.36450101855654
22.53200000000489, 104.36838572785888
22.533000000004886, 104.37237610577867
22.534000000004884, 104.37645038587854
22.53500000000489, 104.38058680172122
22.536000000004886, 104.38476358686947
22.53700000000489, 104.38895897488597
22.538000000004892, 104.39315119933339
22.539000000004894, 104.39731849377446
22.5400000000049, 104.40143909177186
22.541000000004896, 104.40549122688836
22.542000000004897, 104.40945313268665
22.543000000004895, 104.41330304272941
22.544000000004903, 104.41701919057934
22.5450000000049, 104.4205798097992
22.546000000004902, 104.42396313395164
22.547000000004903, 104.4271473965994
22.548000000004905, 104.43011083130516
22.549000000004906, 104.43284035449906
22.550000000004907, 104.43537272718204
22.551000000004912, 104.43776246335679
22.55200000000491, 104.44006409869431
22.55300000000491, 104.4423321688657
22.554000000004912, 104.44462120954212
22.555000000004913, 104.44698575639454
22.556000000004914, 104.44948034509406
22.557000000004912, 104.45215951131178
22.558000000004913, 104.45507779071872
22.559000000004918, 104.45828971898598
22.56000000000492, 104.46184983178473
22.561000000004917, 104.4658126647859
22.56200000000492, 104.47023275366062
22.563000000004923, 104.47516463407997
22.56400000000492, 104.48066284171506
22.565000000004925, 104.48678191223689
22.566000000004923, 104.49357638131657
22.567000000004928, 104.50110078462521
22.568000000004925, 104.50940508307403
22.569000000004927, 104.51847072356131
22.570000000004928, 104.5282263790086
22.57100000000493, 104.53859936297205
22.57200000000493, 104.54951698900777
22.573000000004935, 104.56090657067199
22.574000000004933, 104.57269542152079
22.575000000004938, 104.58481085511036
22.57600000000494, 104.59718018499679
22.577000000004936, 104.60973072473631
22.57800000000494, 104.62238978788498
22.57900000000494, 104.63508468799904
22.580000000004944, 104.64774273863458
22.58100000000494, 104.66029125334776
22.582000000004946, 104.67265754569476
22.583000000004947, 104.6847689292317
22.58400000000495, 104.6965527175147
22.58500000000495, 104.70793622409997
22.586000000004944, 104.71884676254362
22.58700000000495, 104.72921231371143
22.58800000000495, 104.73900536793656
22.58900000000495, 104.74827010671666
22.590000000004952, 104.7570572054513
22.591000000004957, 104.76541733954011
22.59200000000496, 104.77340118438269
22.59300000000496, 104.78105941537862
22.59400000000496, 104.78844270792747
22.595000000004962, 104.79560173742894
22.596000000004963, 104.80258717928251
22.597000000004968, 104.8094497088878
22.598000000004966, 104.81624000164445
22.599000000004967, 104.823008732952
22.60000000000497, 104.82980657821014
22.601000000004966, 104.83668421281837
22.602000000004967, 104.84369231217632
22.60300000000497, 104.85088155168361
22.604000000004973, 104.8583026067398
22.60500000000497, 104.86600615274455
22.606000000004972, 104.87404286456812
22.607000000004973, 104.88245278847415
22.608000000004978, 104.89123805178235
22.609000000004976, 104.90039232914131
22.61000000000498, 104.90990929519971
22.61100000000498, 104.91978262460614
22.612000000004983, 104.9300059920092
22.61300000000498, 104.94057307205753
22.614000000004985, 104.95147753939975
22.615000000004986, 104.96271306868445
22.616000000004988, 104.97427333456024
22.61700000000499, 104.98615201167578
22.61800000000499, 104.99834277467968
22.619000000004988, 105.01083929822055
22.620000000004993, 105.02363525694699
22.62100000000499, 105.03672432550762
22.62200000000499, 105.05010017855109
22.623000000004996, 105.06375649072596
22.624000000004994, 105.07768693668092
22.625000000005, 105.09188519106453
22.626000000005, 105.10634419497107
22.627000000005, 105.12105066012779
22.628000000005002, 105.13598815544815
22.629000000005004, 105.15114022574055
22.630000000005005, 105.16649041581356
22.631000000005006, 105.18202227047549
22.632000000005004, 105.19771933453492
22.63300000000501, 105.21356515280026
22.634000000005006, 105.22954327007992
22.63500000000501, 105.24563723118239
22.63600000000501, 105.2618305809161
22.637000000005013, 105.27810686408952
22.638000000005015, 105.2944496255111
22.639000000005016, 105.31084240998928
22.640000000005017, 105.3272687623325
22.641000000005015, 105.34371222734926
22.64200000000502, 105.36015634984791
22.643000000005017, 105.37658467463702
22.644000000005025, 105.39298074652498
22.64500000000502, 105.40932811032025
22.646000000005024, 105.42561031083126
22.647000000005022, 105.44181089286649
22.648000000005027, 105.45791340123439
22.64900000000503, 105.47390138074336
22.650000000005026, 105.48975837620193
22.65100000000503, 105.50546793241851
22.65200000000503, 105.52101359420155
22.65300000000503, 105.53637890635952
22.65400000000503, 105.5515474137008
22.655000000005035, 105.56650266103394
22.656000000005037, 105.58122819316736
22.657000000005038, 105.59570755490947
22.658000000005035, 105.60992429106877
22.659000000005037, 105.62386194645367
22.660000000005038, 105.6375040658726
22.661000000005043, 105.6508341941341
22.66200000000504, 105.66383587604658
22.663000000005045, 105.67649265641846
22.664000000005043, 105.68878815970997
22.665000000005044, 105.70072383017141
22.666000000005045, 105.71234133893623
22.667000000005046, 105.72368787346812
22.66800000000505, 105.73481062123084
22.66900000000505, 105.74575676968807
22.67000000000505, 105.75657350630355
22.671000000005055, 105.76730801854103
22.672000000005056, 105.77800749386422
22.673000000005054, 105.78871911973674
22.67400000000506, 105.79949008362249
22.675000000005056, 105.81036757298506
22.67600000000506, 105.8213987752882
22.677000000005062, 105.83263087799564
22.67800000000506, 105.84411106857104
22.67900000000506, 105.85588653447826
22.680000000005066, 105.86800446318088
22.681000000005064, 105.88051204214271
22.682000000005065, 105.89345645882742
22.683000000005066, 105.90688490069874
22.68400000000507, 105.92083118451977
22.68500000000507, 105.93526004344406
22.686000000005073, 105.95011396451338
22.687000000005074, 105.9653354240651
22.688000000005076, 105.98086689843653
22.689000000005077, 105.9966508639649
22.690000000005075, 106.01262979698757
22.69100000000508, 106.02874617384188
22.692000000005077, 106.0449424708651
22.69300000000508, 106.06116116439449
22.694000000005083, 106.07734473076741
22.695000000005084, 106.09343564632118
22.696000000005085, 106.10937638739307
22.69700000000508, 106.12510943032036
22.698000000005084, 106.14057725144039
22.699000000005086, 106.1557223270905
22.70000000000509, 106.17048713360796
22.701000000005088, 106.18481414733003
22.70200000000509, 106.1986458445941
22.703000000005094, 106.21192966587572
22.704000000005095, 106.22467811783298
22.705000000005096, 106.23694946583764
22.706000000005098, 106.24880292727363
22.707000000005095, 106.26029771952483
22.7080000000051, 106.27149305997513
22.7090000000051, 106.28244816600846
22.710000000005103, 106.29322225500874
22.7110000000051, 106.3038745443598
22.712000000005105, 106.31446425144567
22.713000000005106, 106.32505059365015
22.714000000005107, 106.33569278835715
22.715000000005105, 106.3464500529506
22.71600000000511, 106.35738160481444
22.717000000005108, 106.36854666133252
22.71800000000511, 106.38000443988878
22.719000000005114, 106.39181415786709
22.72000000000511, 106.40403503265136
22.721000000005116, 106.41672628162553
22.722000000005117, 106.4299462767514
22.72300000000512, 106.44370930371429
22.72400000000512, 106.45796488088249
22.72500000000512, 106.47265735218622
22.726000000005122, 106.48773106155569
22.727000000005123, 106.5031303529212
22.72800000000512, 106.51879957021289
22.729000000005126, 106.53468305736106
22.730000000005127, 106.55072515829592
22.731000000005125, 106.56687021694769
22.732000000005126, 106.58306257724662
22.733000000005127, 106.59924658312293
22.73400000000513, 106.6153665785069
22.735000000005133, 106.63136690732868
22.736000000005134, 106.64719191351855
22.737000000005136, 106.66278594100675
22.738000000005137, 106.67809333372345
22.73900000000514, 106.69305843559896
22.74000000000514, 106.70762559056348
22.741000000005137, 106.72173914864646
22.74200000000514, 106.73536305411844
22.74300000000514, 106.7485243480478
22.744000000005144, 106.76126274752646
22.745000000005145, 106.77361796964648
22.746000000005147, 106.78562973149991
22.747000000005144, 106.79733775017873
22.748000000005145, 106.80878174277495
22.74900000000515, 106.82000142638057
22.75000000000515, 106.83103651808764
22.751000000005153, 106.84192673498816
22.75200000000515, 106.85271179417413
22.753000000005155, 106.86343141273757
22.754000000005153, 106.8741253077705
22.755000000005158, 106.88483319636491
22.756000000005155, 106.8955947956129
22.75700000000516, 106.90644982260636
22.758000000005158, 106.91743799443736
22.759000000005162, 106.92859902819794
22.760000000005164, 106.93997264098007
22.761000000005158, 106.95159183930423
22.762000000005163, 106.96343872007448
22.763000000005164, 106.97547203772224
22.764000000005165, 106.98765042485073
22.765000000005166, 106.99993251406332
22.766000000005167, 107.01227693796328
22.76700000000517, 107.02464232915385
22.768000000005173, 107.03698732023844
22.76900000000517, 107.04927054382017
22.770000000005176, 107.0614506325025
22.771000000005174, 107.0734862188886
22.77200000000518, 107.08533593558185
22.77300000000518, 107.09695841518547
22.77400000000518, 107.10831229030278
22.77500000000518, 107.11935619353704
22.776000000005183, 107.1300487574916
22.777000000005184, 107.14034861476969
22.778000000005182, 107.15021439797465
22.779000000005187, 107.15960473970978
22.780000000005188, 107.16848061497026
22.781000000005186, 107.17685416922885
22.78200000000519, 107.18478725954202
22.78300000000519, 107.192343793503
22.78400000000519, 107.19958767870506
22.785000000005194, 107.20658282274147
22.786000000005192, 107.21339313320539
22.787000000005197, 107.22008251769017
22.788000000005198, 107.22671488378906
22.7890000000052, 107.2333541390952
22.7900000000052, 107.2400641912019
22.7910000000052, 107.2469089477024
22.7920000000052, 107.25395231618995
22.793000000005204, 107.26125820425784
22.7940000000052, 107.26889051949924
22.795000000005203, 107.27691316950745
22.796000000005204, 107.28539006187565
22.79700000000521, 107.29438510419718
22.79800000000521, 107.30396220406521
22.799000000005208, 107.31418508049182
22.800000000005213, 107.3250894554229
22.801000000005214, 107.33665364096126
22.802000000005215, 107.34884890883541
22.803000000005213, 107.3616465307738
22.804000000005217, 107.3750177785049
22.805000000005215, 107.38893392375714
22.80600000000522, 107.40336623825894
22.807000000005218, 107.41828599373889
22.808000000005222, 107.43366446192532
22.80900000000522, 107.4494729145467
22.81000000000522, 107.4656826233315
22.811000000005222, 107.4822648600082
22.812000000005227, 107.4991908963052
22.813000000005225, 107.516432003951
22.814000000005226, 107.53395945467402
22.81500000000523, 107.55174452020276
22.81600000000523, 107.56975847226563
22.817000000005233, 107.58797258259114
22.818000000005235, 107.60635812290766
22.819000000005236, 107.62488009355167
22.820000000005233, 107.64347430006569
22.821000000005238, 107.66206805908249
22.822000000005236, 107.68058868629187
22.82300000000524, 107.69896349738363
22.82400000000524, 107.71711980804749
22.825000000005236, 107.73498493397328
22.826000000005244, 107.75248619085073
22.827000000005246, 107.76955089436971
22.828000000005247, 107.78610636021992
22.829000000005248, 107.80207990409122
22.83000000000525, 107.81739884167331
22.831000000005247, 107.831990488656
22.83200000000525, 107.84578216072912
22.83300000000525, 107.85870117358238
22.834000000005254, 107.8706748429056
22.835000000005255, 107.88163048438857
22.836000000005257, 107.89149541372107
22.837000000005258, 107.90019694659283
22.83800000000526, 107.90767269643719
22.839000000005257, 107.91397910066792
22.84000000000526, 107.91924883810535
22.841000000005263, 107.92361583955714
22.842000000005257, 107.92721403583101
22.843000000005265, 107.93017735773458
22.844000000005263, 107.93263973607561
22.845000000005268, 107.93473510166172
22.846000000005265, 107.93659738530067
22.84700000000527, 107.93836051780008
22.84800000000527, 107.94015842996765
22.849000000005272, 107.94212505261109
22.85000000000527, 107.94439431653805
22.851000000005275, 107.94710015255629
22.852000000005273, 107.95037649147342
22.853000000005277, 107.95435726409714
22.854000000005282, 107.95917640123518
22.855000000005276, 107.96496783369518
22.85600000000528, 107.97186549228485
22.857000000005282, 107.98000110982736
22.85800000000528, 107.98941454852053
22.85900000000528, 108.00002247200851
22.860000000005282, 108.01173291078025
22.861000000005284, 108.02445389532464
22.86200000000529, 108.03809345613064
22.863000000005286, 108.05255962368723
22.86400000000529, 108.06776042848328
22.865000000005292, 108.0836039010077
22.866000000005297, 108.09999807174954
22.867000000005294, 108.11685097119761
22.868000000005296, 108.13407062984096
22.869000000005293, 108.15156507816842
22.870000000005298, 108.169242346669
22.871000000005296, 108.18701046583162
22.8720000000053, 108.20477746614517
22.8730000000053, 108.22245137809867
22.8740000000053, 108.239940232181
22.8750000000053, 108.25715205888108
22.876000000005302, 108.27399490478624
22.877000000005307, 108.29039451572172
22.878000000005304, 108.30632814237173
22.87900000000531, 108.32178235236648
22.88000000000531, 108.33674371333633
22.88100000000531, 108.35119879291149
22.882000000005313, 108.36513415872217
22.883000000005314, 108.3785363783987
22.88400000000531, 108.39139201957137
22.885000000005316, 108.40368764987036
22.886000000005314, 108.41540983692599
22.88700000000532, 108.42654514836849
22.888000000005317, 108.43708015182813
22.889000000005318, 108.4470014149352
22.89000000000532, 108.45629550531994
22.89100000000532, 108.46494899061258
22.89200000000532, 108.47294843844342
22.893000000005326, 108.48028041644278
22.894000000005327, 108.48693149224084
22.89500000000533, 108.49288823346788
22.89600000000533, 108.49814635719409
22.89700000000533, 108.50276375925539
22.898000000005336, 108.50682420883794
22.89900000000533, 108.51041156003016
22.900000000005335, 108.51360966692052
22.901000000005332, 108.51650238359737
22.902000000005337, 108.51917356414924
22.903000000005335, 108.5217070626645
22.90400000000534, 108.52418673323163
22.905000000005337, 108.52669642993905
22.906000000005342, 108.52932000687521
22.90700000000534, 108.53214131812848
22.908000000005345, 108.5352442177874
22.909000000005342, 108.53871255994034
22.910000000005343, 108.54263019867574
22.911000000005348, 108.54708098808202
22.912000000005346, 108.55214878224766
22.91300000000535, 108.55791743526109
22.914000000005352, 108.5644708012107
22.915000000005357, 108.57188844578752
22.916000000005354, 108.58016958415386
22.917000000005356, 108.58924209043776
22.91800000000536, 108.59903136026153
22.919000000005358, 108.60946278924746
22.92000000000536, 108.62046177301781
22.921000000005357, 108.63195370719498
22.922000000005358, 108.64386398740118
22.923000000005363, 108.65611800925875
22.92400000000536, 108.66864116838995
22.925000000005365, 108.68135886041716
22.926000000005367, 108.69419648096263
22.927000000005368, 108.7070794256487
22.92800000000537, 108.71993309009758
22.92900000000537, 108.73268286993168
22.93000000000537, 108.74525416077327
22.93100000000537, 108.75757235824462
22.932000000005374, 108.76956285796805
22.933000000005375, 108.78115105556589
22.934000000005376, 108.79226266726002
22.935000000005378, 108.80285707177987
22.93600000000538, 108.81295643327118
22.93700000000538, 108.82258978045157
22.938000000005378, 108.83178614203867
22.939000000005382, 108.8405745467501
22.94000000000538, 108.84898402330349
22.94100000000538, 108.8570436004165
22.942000000005386, 108.86478230680669
22.94300000000539, 108.87222917119169
22.944000000005385, 108.87941322228919
22.94500000000539, 108.88636348881678
22.946000000005387, 108.89310899949203
22.947000000005392, 108.89967878303268
22.948000000005393, 108.90610186815624
22.949000000005395, 108.91240728358046
22.950000000005396, 108.91862405802281
22.951000000005397, 108.92478122020103
22.952000000005395, 108.93090779883272
22.953000000005396, 108.93703282263547
22.9540000000054, 108.94318393979668
22.9550000000054, 108.94938300451057
22.9560000000054, 108.95565035119188
22.957000000005404, 108.96200631424936
22.958000000005406, 108.9684712280918
22.959000000005407, 108.97506542712796
22.960000000005408, 108.98180924576664
22.961000000005406, 108.98872301841662
22.962000000005414, 108.99582707948662
22.96300000000541, 109.00314176338551
22.964000000005413, 109.01068740452196
22.96500000000541, 109.0184843373048
22.966000000005415, 109.02655289614287
22.967000000005417, 109.03491341544478
22.968000000005418, 109.04358622961945
22.969000000005416, 109.05259167307561
22.970000000005417, 109.061950080222
22.97100000000542, 109.07168178546749
22.972000000005423, 109.08180712322076
22.973000000005424, 109.0923388534496
22.974000000005425, 109.10321240756335
22.975000000005426, 109.11431798878189
22.976000000005424, 109.12554523075246
22.97700000000543, 109.13678376712228
22.978000000005427, 109.14792323153868
22.97900000000543, 109.1588532576489
22.98000000000543, 109.16946347910023
22.981000000005434, 109.17964352953993
22.98200000000543, 109.18928304261532
22.983000000005436, 109.1982716519736
22.984000000005437, 109.20649899126212
22.985000000005435, 109.21385469412807
22.98600000000544, 109.22022839421875
22.98700000000544, 109.22550972518152
22.988000000005442, 109.22958832066355
22.98900000000544, 109.23235381431215
22.99000000000544, 109.23369583977457
22.991000000005446, 109.2335040306981
22.99200000000545, 109.23167158959406
22.99300000000545, 109.22821371835079
22.99400000000545, 109.22329504362389
22.99500000000545, 109.21708931680928
22.996000000005452, 109.20977028930268
22.997000000005453, 109.20151171250001
22.998000000005455, 109.19248733779702
22.999000000005456, 109.18287091658956
23.000000000005457, 109.17283620027345
23.001000000005458, 109.16255694024453
23.002000000005456, 109.15220688789861
23.003000000005457, 109.14195979463152
23.004000000005462, 109.13198941183906
23.00500000000546, 109.12246949091706
23.006000000005464, 109.11357378326137
23.007000000005466, 109.10547604026782
23.008000000005467, 109.09835001333224
23.009000000005468, 109.09236945385037
23.010000000005466, 109.08770811321813
23.011000000005467, 109.08453961804518
23.012000000005468, 109.08297272024924
23.013000000005473, 109.08294533013012
23.014000000005474, 109.08436756766977
23.015000000005475, 109.08714955285035
23.016000000005473, 109.09120140565383
23.017000000005474, 109.09643324606228
23.018000000005475, 109.10275519405778
23.01900000000548, 109.11007736962237
23.02000000000548, 109.11830989273808
23.02100000000548, 109.12736288338694
23.02200000000548, 109.13714646155105
23.02300000000548, 109.14757074721241
23.024000000005486, 109.15854586035314
23.025000000005484, 109.16998192095522
23.02600000000549, 109.18178904900074
23.02700000000549, 109.19387736447173
23.02800000000549, 109.20615698735021
23.029000000005496, 109.21853803761826
23.030000000005497, 109.23093063525798
23.031000000005495, 109.24325449292687
23.032000000005496, 109.25548784994103
23.033000000005497, 109.2676310148752
23.034000000005495, 109.27968433684386
23.0350000000055, 109.2916481649617
23.036000000005497, 109.30352284834316
23.0370000000055, 109.31530873610285
23.0380000000055, 109.3270061773553
23.039000000005505, 109.33861552121512
23.040000000005502, 109.35013711679679
23.041000000005507, 109.36157131321491
23.042000000005505, 109.372918459584
23.04300000000551, 109.38417890501867
23.04400000000551, 109.39535299863343
23.045000000005512, 109.40644108954284
23.046000000005513, 109.41744352686149
23.047000000005514, 109.42836065970388
23.048000000005512, 109.43919283718459
23.049000000005513, 109.44994040841823
23.050000000005515, 109.46060372251927
23.051000000005516, 109.47118312860229
23.05200000000552, 109.48167897578189
23.053000000005518, 109.49209161317252
23.054000000005523, 109.50242138988887
23.055000000005524, 109.51266865504539
23.056000000005525, 109.5228337577567
23.057000000005523, 109.53291704713735
23.058000000005528, 109.54291887230181
23.05900000000553, 109.5528395823647
23.06000000000553, 109.56267952644063
23.06100000000553, 109.5724390536441
23.062000000005533, 109.58211851308961
23.06300000000553, 109.5917182538918
23.064000000005535, 109.60123862516522
23.065000000005533, 109.61067997602434
23.066000000005538, 109.62004265558383
23.067000000005535, 109.62932701295816
23.06800000000554, 109.63853339726192
23.069000000005538, 109.64766215760963
23.070000000005543, 109.65671364311592
23.071000000005544, 109.66568820289527
23.072000000005545, 109.67458618606229
23.073000000005546, 109.68340794173149
23.074000000005544, 109.69215381901745
23.07500000000555, 109.70082416703472
23.076000000005546, 109.70941933489785
23.07700000000555, 109.7179396717214
23.07800000000555, 109.72638552661991
23.079000000005554, 109.73475724870798
23.08000000000555, 109.74305518710008
23.081000000005556, 109.75127969091085
23.082000000005557, 109.75943110925485
23.08300000000556, 109.76750979124657
23.084000000005556, 109.77551608600058
23.08500000000556, 109.78345034263148
23.086000000005562, 109.79131291025378
23.08700000000556, 109.79910413798206
23.088000000005565, 109.80682437493084
23.089000000005566, 109.8144739702147
23.090000000005567, 109.82205327294821
23.091000000005565, 109.82956263224588
23.09200000000557, 109.83700239722236
23.09300000000557, 109.84437291699206
23.094000000005572, 109.85167454066966
23.095000000005573, 109.85890761736967
23.096000000005574, 109.86607249620661
23.097000000005576, 109.87316952629507
23.098000000005573, 109.88019905674963
23.099000000005578, 109.88716143668485
23.10000000000558, 109.89405701521521
23.10100000000558, 109.9008861414553
23.102000000005578, 109.90764916451971
23.103000000005583, 109.91434643352297
23.10400000000558, 109.92097829757964
23.105000000005585, 109.92754510580426
23.106000000005587, 109.93404720731138
23.107000000005588, 109.94048495121558
23.10800000000559, 109.9468586866314
23.109000000005594, 109.95316876267343
23.110000000005588, 109.95941552845615
23.111000000005593, 109.96559933309422
23.112000000005594, 109.97172052570207
23.113000000005595, 109.97777945539431
23.114000000005593, 109.98377647128555
23.115000000005594, 109.9897119224903
23.1160000000056, 109.99558615812307
23.117000000005596, 110.00139952729853
23.118000000005598, 110.0071523791311
23.119000000005602, 110.01284506273545
23.120000000005604, 110.01847792722603
23.121000000005605, 110.02405132171751
23.122000000005603, 110.02956559532433
23.123000000005607, 110.03502109716112
23.12400000000561, 110.0404181763424
23.125000000005606, 110.04575718198278
23.12600000000561, 110.05103846319673
23.12700000000561, 110.05626236909886
23.12800000000561, 110.06142924880375
23.129000000005615, 110.06653945142588
23.130000000005616, 110.07159332607984
23.131000000005617, 110.07659122188021
23.13200000000562, 110.08153348794153
23.13300000000562, 110.08642047337835
23.134000000005617, 110.0912525273052
23.135000000005622, 110.09602999883668
23.136000000005623, 110.10075323708735
23.137000000005624, 110.1054225911717
23.138000000005622, 110.11003841020435
23.139000000005627, 110.1146010432998
23.140000000005628, 110.11911083957264
23.14100000000563, 110.12356814813745
23.14200000000563, 110.12797331810873
23.14300000000563, 110.13232669860103
23.144000000005633, 110.136628638729
23.14500000000563, 110.14087948760708
23.146000000005632, 110.1450795943499
23.147000000005633, 110.14922930807197
23.148000000005638, 110.15332897788787
23.14900000000564, 110.15737895291217
23.150000000005637, 110.16137958225939
23.15100000000564, 110.1653312150441
23.152000000005643, 110.16923420038086
23.153000000005644, 110.17308888738421
23.154000000005645, 110.17689562516871
23.155000000005643, 110.18065476284892
23.156000000005648, 110.18436664953941
23.15700000000565, 110.18803163435472
23.15800000000565, 110.1916500664094
23.15900000000565, 110.195222294818
23.160000000005653, 110.19874866869507
23.16100000000565, 110.20222953715522
23.162000000005655, 110.20566524931296
23.163000000005656, 110.20905615428282
23.164000000005654, 110.2124026011794
23.165000000005655, 110.21570493911724
23.166000000005656, 110.2189635172109
23.167000000005658, 110.22217868457491
23.168000000005662, 110.22535079032389
23.169000000005664, 110.22848018357232
23.170000000005665, 110.23156721343477
23.171000000005666, 110.23461222902583
23.17200000000567, 110.23761557946001
23.17300000000567, 110.24057761385193
23.174000000005666, 110.24349868131608
23.17500000000567, 110.24637913096706
23.17600000000567, 110.24921931191938
23.17700000000567, 110.25201957328763
23.17800000000567, 110.25478026418635
23.179000000005676, 110.25750173373011
23.180000000005673, 110.26018433103346
23.181000000005678, 110.26282840521093
23.18200000000568, 110.26543430537708
23.183000000005677, 110.26800238064651
23.184000000005682, 110.27053298013377
23.185000000005683, 110.27302645295333
23.186000000005684, 110.27548314821983
23.187000000005682, 110.27790341504779
23.188000000005687, 110.2802876025518
23.189000000005688, 110.28263605984638
23.19000000000569, 110.2849491360461
23.19100000000569, 110.28722718026548
23.19200000000569, 110.28947054161912
23.193000000005696, 110.2916795692216
23.19400000000569, 110.29385461218737
23.195000000005695, 110.2959960196311
23.196000000005693, 110.29810414066728
23.197000000005694, 110.30017932441048
23.198000000005695, 110.30222191997527
23.1990000000057, 110.30423227647614
23.2000000000057, 110.30621074302775
23.201000000005703, 110.30815766874457
23.202000000005704, 110.31007340274122
23.203000000005705, 110.31195829413218
23.204000000005706, 110.31381269203206
23.205000000005708, 110.31563694555537
23.20600000000571, 110.31743140381673
23.20700000000571, 110.31919641593066
23.208000000005708, 110.3209323310117
23.209000000005712, 110.3226394981744
23.21000000000571, 110.32431826653341
23.21100000000571, 110.32596898520316
23.212000000005716, 110.32759200329825
23.213000000005714, 110.32918766993328
23.214000000005715, 110.3307563342227
23.215000000005716, 110.33229834528119
23.21600000000572, 110.3338140522232
23.21700000000572, 110.33530380416335
23.218000000005723, 110.3367679502162
23.219000000005725, 110.33820683949625
23.220000000005726, 110.33962082111805
23.221000000005724, 110.34101024419624
23.22200000000573, 110.34237545784532
23.22300000000573, 110.34371681117986
23.22400000000573, 110.3450346533144
23.22500000000573, 110.3463293333635
23.226000000005733, 110.34760120044169
23.22700000000573, 110.34885060366358
23.228000000005736, 110.35007789214364
23.229000000005733, 110.35128341499657
23.230000000005735, 110.35246752133678
23.23100000000574, 110.35363056027889
23.23200000000574, 110.35477288093742
23.23300000000574, 110.35589483242697
23.234000000005743, 110.3569967638621
23.235000000005744, 110.35807902435728
23.236000000005745, 110.35914196302718
23.237000000005747, 110.36018592898631
23.238000000005748, 110.36121127134918
23.23900000000575, 110.36221833923038
23.240000000005747, 110.3632074817445
23.24100000000575, 110.36417904800601
23.24200000000575, 110.36513338712957
23.24300000000575, 110.36607084822964
23.24400000000575, 110.36699178042082
23.245000000005753, 110.36789653281765
23.246000000005754, 110.36878545453474
23.247000000005755, 110.36965889468658
23.24800000000576, 110.37051720238773
23.249000000005758, 110.37136072675275
23.250000000005763, 110.37218981689625
23.25100000000576, 110.3730048219327
23.252000000005765, 110.37380609097671
23.253000000005766, 110.3745939731428
23.254000000005767, 110.3753688175456
23.255000000005765, 110.37613097329957
23.25600000000577, 110.37688078951932
23.257000000005768, 110.37761861531938
23.25800000000577, 110.37834479981434
23.259000000005774, 110.37905969211869
23.260000000005775, 110.37976364134705
23.261000000005772, 110.38045699661396
23.262000000005774, 110.38114010703393
23.26300000000578, 110.38181332172158
23.264000000005776, 110.38247698979143
23.26500000000578, 110.38313146035802
23.266000000005782, 110.38377708253596
23.267000000005783, 110.38441420543975
23.26800000000578, 110.38504317818398
23.269000000005786, 110.38566434988317
23.270000000005787, 110.38627806965188
23.27100000000579, 110.38688468660473
23.27200000000579, 110.38748454985621
23.273000000005787, 110.38807800852088
23.27400000000579, 110.3886654117133
23.275000000005793, 110.38924710854806
23.27600000000579, 110.38982344813965
23.277000000005792, 110.39039477960267
23.278000000005793, 110.39096145205168
23.279000000005794, 110.39152381460123
23.2800000000058, 110.39208221636582
23.2810000000058, 110.39263700646009
23.282000000005805, 110.3931885339985
23.2830000000058, 110.39373714809575
23.284000000005808, 110.39428319786623
23.2850000000058, 110.39482703242462
23.286000000005806, 110.39536900088538
23.287000000005804, 110.39590945236317
23.28800000000581, 110.39644873597241
23.28900000000581, 110.39698720082781
23.290000000005808, 110.39752519604383
23.29100000000581, 110.39806307073502
23.29200000000581, 110.39860117401591
23.293000000005815, 110.3991398550012
23.294000000005813, 110.39967946280524
23.295000000005817, 110.40022034654277
23.296000000005815, 110.40076285532824
23.29700000000582, 110.4013073382762
23.29800000000582, 110.40185414450126
23.299000000005826, 110.40240362311796
23.30000000000582, 110.40295612324087
23.301000000005825, 110.40351199398445
23.302000000005822, 110.4040715844634
23.303000000005827, 110.40463524379214
23.30400000000583, 110.40520332108534
23.305000000005826, 110.40577616545745
23.30600000000583, 110.40635412602313
23.307000000005832, 110.40693755189685
23.308000000005833, 110.40752679219322
23.30900000000583, 110.40812219602672
23.310000000005832, 110.408724112512
23.311000000005833, 110.40933289076354
23.31200000000584, 110.40994887989595
23.313000000005836, 110.41057242902374
23.31400000000584, 110.4112038872615
23.31500000000584, 110.41184360372378
23.316000000005847, 110.41249192752511
23.31700000000584, 110.41314920778007
23.318000000005846, 110.41381579360319
23.319000000005843, 110.41449203410907
23.320000000005848, 110.41517768727223
23.321000000005846, 110.41586517859795
23.32200000000585, 110.41654197472249
23.323000000005855, 110.41719544874698
23.324000000005853, 110.41781297377264
23.32500000000585, 110.41838192290075
23.326000000005852, 110.41888966923251
23.327000000005857, 110.41932358586911
23.328000000005858, 110.41967104591183
23.32900000000586, 110.41991942246179
23.33000000000586, 110.42005608862033
23.33100000000586, 110.42006841748858
23.33200000000586, 110.41994378216783
23.333000000005864, 110.41966955575927
23.33400000000586, 110.41923311136412
23.335000000005866, 110.41862182208362
23.336000000005868, 110.41782306101896
23.337000000005865, 110.4168242012714
23.338000000005874, 110.41561261594211
23.33900000000587, 110.4141762821858
23.340000000005876, 110.4125317557547
23.34100000000587, 110.41073596782574
23.342000000005875, 110.40884890167044
23.343000000005876, 110.40693054056044
23.344000000005877, 110.40504086776723
23.34500000000588, 110.40323986656242
23.34600000000588, 110.40158752021757
23.34700000000588, 110.40014381200425
23.348000000005882, 110.39896872519398
23.34900000000588, 110.39812224305831
23.350000000005885, 110.39766434886889
23.351000000005882, 110.39765502589718
23.352000000005887, 110.39815425741483
23.35300000000589, 110.39922202669335
23.35400000000589, 110.40091831700433
23.355000000005887, 110.40330311161928
23.356000000005885, 110.40643639380983
23.357000000005893, 110.41037814684753
23.358000000005894, 110.41518833579721
23.359000000005896, 110.42089193916735
23.360000000005897, 110.42740606423051
23.361000000005898, 110.43462709460225
23.3620000000059, 110.4424514138984
23.3630000000059, 110.45077540573455
23.3640000000059, 110.45949545372643
23.365000000005903, 110.46850794148972
23.366000000005904, 110.47770925264012
23.367000000005905, 110.48699577079324
23.368000000005903, 110.49626387956486
23.369000000005908, 110.50540996257061
23.370000000005906, 110.51433040342617
23.371000000005907, 110.52292158574726
23.372000000005915, 110.53107989314952
23.373000000005913, 110.53870170924867
23.37400000000591, 110.54568341766041
23.37500000000591, 110.55192140200035
23.376000000005916, 110.55731204588426
23.377000000005914, 110.56175173292776
23.378000000005915, 110.56515123189686
23.379000000005917, 110.56752539742455
23.38000000000592, 110.56893487743169
23.38100000000592, 110.56944051807623
23.382000000005924, 110.56910316551625
23.38300000000592, 110.56798366590976
23.384000000005926, 110.56614286541472
23.385000000005927, 110.56364161018918
23.386000000005925, 110.56054074639113
23.387000000005926, 110.55690112017852
23.388000000005928, 110.55278357770948
23.38900000000593, 110.54824896514192
23.390000000005934, 110.54335812863387
23.391000000005935, 110.53817191434341
23.392000000005932, 110.53275116842846
23.393000000005937, 110.52715673704705
23.394000000005935, 110.5214494663572
23.39500000000594, 110.51569020251694
23.396000000005937, 110.50993979168425
23.397000000005942, 110.50425908001715
23.398000000005943, 110.49870891367361
23.399000000005948, 110.49335013881169
23.40000000000595, 110.48824360158937
23.40100000000594, 110.4834501481647
23.40200000000595, 110.47903062469564
23.40300000000595, 110.47504587734022
23.404000000005947, 110.47155675225645
23.40500000000595, 110.46862409560235
23.406000000005957, 110.46630875353587
23.407000000005954, 110.46467157221505
23.408000000005956, 110.46377339779795
23.409000000005953, 110.46367507644251
23.410000000005958, 110.4644374543068
23.411000000005956, 110.46612137754877
23.41200000000596, 110.46878769232649
23.413000000005958, 110.47249724479792
23.414000000005963, 110.47731088112103
23.41500000000596, 110.48328944745393
23.416000000005965, 110.49049331272191
23.417000000005963, 110.49892215306082
23.418000000005968, 110.50845615055965
23.41900000000597, 110.51896152943205
23.420000000005967, 110.53030451389176
23.421000000005975, 110.54235132815248
23.422000000005973, 110.55496819642788
23.423000000005977, 110.5680213429317
23.42400000000597, 110.58137699187753
23.425000000005976, 110.59490136747914
23.426000000005978, 110.60846069395024
23.42700000000598, 110.62192119550448
23.428000000005976, 110.63514909635549
23.42900000000598, 110.64801062071709
23.430000000005982, 110.66037199280292
23.431000000005984, 110.67209943682664
23.432000000005985, 110.68305917700195
23.433000000005983, 110.69311743754261
23.434000000005987, 110.70214044266224
23.43500000000599, 110.70999441657455
23.436000000005986, 110.71657866166727
23.43700000000599, 110.72193978571053
23.438000000005996, 110.72616538619565
23.43900000000599, 110.72934306230013
23.440000000006, 110.73156041320155
23.441000000005992, 110.73290503807752
23.442000000005997, 110.73346453610553
23.443000000005995, 110.7333265064632
23.444000000006, 110.73257854832808
23.445000000006, 110.73130826087777
23.446000000005995, 110.72960324328982
23.447000000006, 110.72755109474178
23.448000000006004, 110.7252394144112
23.449000000006002, 110.72275580147566
23.450000000006003, 110.72018785511275
23.451000000006005, 110.71762317449999
23.452000000006006, 110.71514935881501
23.45300000000601, 110.71285400723532
23.454000000006005, 110.71082471893854
23.455000000006013, 110.70914277800803
23.456000000006014, 110.70782035493865
23.457000000006015, 110.70682699091003
23.458000000006013, 110.706131599703
23.459000000006018, 110.70570309509827
23.460000000006016, 110.70551039087667
23.46100000000602, 110.70552240081892
23.462000000006018, 110.70570803870584
23.463000000006023, 110.70603621831819
23.46400000000602, 110.70647585343673
23.46500000000602, 110.70699585784227
23.466000000006023, 110.70756514531556
23.467000000006028, 110.70815262963737
23.46800000000603, 110.7087272245885
23.469000000006027, 110.70925784394974
23.47000000000603, 110.7097134015018
23.47100000000603, 110.71006281102552
23.472000000006034, 110.71027498630161
23.473000000006035, 110.7103188411109
23.474000000006036, 110.71016402734769
23.47500000000604, 110.70980844392183
23.476000000006042, 110.70928642701062
23.477000000006043, 110.70863472231338
23.47800000000604, 110.70789007552946
23.47900000000604, 110.70708923235819
23.480000000006044, 110.70626893849888
23.481000000006045, 110.70546593965085
23.482000000006042, 110.7047169815135
23.483000000006047, 110.70405880978606
23.484000000006045, 110.70352817016797
23.485000000006046, 110.70316180835852
23.486000000006047, 110.70299647005699
23.487000000006056, 110.70306890096276
23.48800000000605, 110.70341584677514
23.489000000006055, 110.70407405319351
23.490000000006056, 110.70508026591718
23.49100000000606, 110.70647123064542
23.492000000006062, 110.70828369307766
23.49300000000606, 110.71055437151631
23.49400000000606, 110.71329872608078
23.495000000006062, 110.71647295184772
23.496000000006067, 110.72002299714056
23.49700000000606, 110.72389481028284
23.498000000006062, 110.72803433959808
23.499000000006067, 110.73238753340961
23.50000000000607, 110.736900340041
23.501000000006066, 110.74151870781577
23.502000000006074, 110.7461885850573
23.50300000000607, 110.75085592008907
23.50400000000607, 110.75546666123458
23.505000000006074, 110.75996675681735
23.506000000006075, 110.7643021551608
23.507000000006077, 110.7684188045884
23.508000000006074, 110.77226265342365
23.509000000006075, 110.77577964999003
23.51000000000608, 110.77891574261098
23.51100000000608, 110.78161687961001
23.512000000006083, 110.78382900931055
23.51300000000608, 110.78550897102009
23.51400000000608, 110.78668426632417
23.515000000006083, 110.78741059297411
23.516000000006088, 110.78774372217362
23.517000000006092, 110.7877394251262
23.518000000006086, 110.78745347303558
23.519000000006095, 110.78694163710529
23.52000000000609, 110.78625968853898
23.52100000000609, 110.78546339854023
23.52200000000609, 110.78460853831275
23.523000000006096, 110.78375087906008
23.524000000006094, 110.7829461919858
23.525000000006095, 110.78225024829364
23.5260000000061, 110.78171881918715
23.5270000000061, 110.7814076758699
23.5280000000061, 110.78137258954561
23.529000000006103, 110.78166933141783
23.5300000000061, 110.78235367269019
23.531000000006102, 110.78348138456633
23.532000000006104, 110.78510527394593
23.533000000006105, 110.78722598929706
23.534000000006106, 110.78979961991365
23.53500000000611, 110.79278082246094
23.536000000006112, 110.79612425360409
23.537000000006113, 110.79978457000837
23.538000000006114, 110.80371642833902
23.539000000006116, 110.80787448526115
23.540000000006117, 110.81221339744005
23.541000000006118, 110.8166878215409
23.542000000006123, 110.82125241422895
23.543000000006117, 110.82586183216944
23.544000000006122, 110.83047073202742
23.54500000000612, 110.83503377046833
23.546000000006124, 110.83950560415727
23.547000000006125, 110.84384088975945
23.548000000006127, 110.84799428394007
23.549000000006124, 110.85192044336439
23.55000000000613, 110.8555740246976
23.55100000000613, 110.85890985659144
23.552000000006128, 110.8618985778397
23.55300000000613, 110.86453915508733
23.55400000000613, 110.86683350066666
23.55500000000614, 110.86878352691011
23.556000000006133, 110.87039114615
23.557000000006138, 110.8716582707187
23.558000000006135, 110.87258681294867
23.55900000000614, 110.87317868517216
23.560000000006145, 110.87343579972159
23.561000000006143, 110.87336006892941
23.56200000000614, 110.8729534051279
23.563000000006145, 110.87221772064946
23.564000000006143, 110.87115492782645
23.565000000006147, 110.86976693899126
23.56600000000615, 110.86805566647627
23.567000000006146, 110.8660230226138
23.56800000000615, 110.86367091973625
23.56900000000615, 110.86100127017605
23.570000000006154, 110.85801598626549
23.57100000000615, 110.85472292108672
23.572000000006156, 110.85115378211192
23.573000000006154, 110.84734626334642
23.57400000000616, 110.8433380587955
23.575000000006156, 110.83916686246445
23.57600000000616, 110.83487036835857
23.57700000000616, 110.83048627048314
23.57800000000616, 110.82605226284343
23.57900000000616, 110.82160603944484
23.580000000006166, 110.81718529429261
23.581000000006163, 110.812827721392
23.58200000000617, 110.80857101474834
23.58300000000617, 110.80445286836691
23.58400000000617, 110.80051097625305
23.585000000006172, 110.79678303241207
23.586000000006173, 110.79330673084917
23.587000000006174, 110.79011976556971
23.588000000006176, 110.78725983057902
23.589000000006177, 110.78476461988235
23.590000000006178, 110.78266771433731
23.591000000006183, 110.78096279098598
23.59200000000618, 110.77962110073285
23.59300000000618, 110.77861364502758
23.59400000000618, 110.77791142531963
23.595000000006184, 110.77748544305871
23.596000000006185, 110.77730669969432
23.597000000006187, 110.77734619667612
23.598000000006184, 110.77757493545369
23.59900000000619, 110.77796391747657
23.60000000000619, 110.77848414419442
23.601000000006188, 110.77910661705681
23.602000000006193, 110.7798023375133
23.603000000006194, 110.78054230701358
23.60400000000619, 110.78129752700713
23.605000000006193, 110.78203899894359
23.606000000006198, 110.78273772427252
23.6070000000062, 110.78336470444357
23.6080000000062, 110.78389094090635
23.6090000000062, 110.78428793461029
23.610000000006195, 110.78454293725295
23.6110000000062, 110.78466176135947
23.6120000000062, 110.784651285723
23.613000000006203, 110.78451838913702
23.614000000006207, 110.78426995039482
23.615000000006212, 110.78391284828966
23.616000000006206, 110.7834539616149
23.61700000000621, 110.7829001691639
23.618000000006212, 110.78225834972993
23.61900000000621, 110.78153538210636
23.620000000006215, 110.78073814508645
23.621000000006216, 110.77987351746366
23.622000000006217, 110.77894837803116
23.623000000006215, 110.77796960558233
23.62400000000622, 110.77694407891047
23.625000000006217, 110.77587867680897
23.626000000006222, 110.77478027807116
23.62700000000622, 110.77365576149028
23.628000000006224, 110.77251200585971
23.629000000006226, 110.77135588997271
23.630000000006227, 110.7701942926227
23.631000000006228, 110.76903409260295
23.63200000000623, 110.7678821687068
23.63300000000623, 110.76674539972755
23.634000000006232, 110.76563066445856
23.635000000006233, 110.76454484169314
23.63600000000623, 110.76349481022459
23.63700000000624, 110.76248744884627
23.638000000006233, 110.76152963635147
23.639000000006234, 110.76062825153355
23.640000000006236, 110.7597901731858
23.64100000000624, 110.75902228010159
23.64200000000624, 110.75833145107418
23.643000000006243, 110.75772456489695
23.64400000000624, 110.75720850036319
23.645000000006245, 110.75679013626625
23.646000000006246, 110.75647635139946
23.647000000006248, 110.75627402455606
23.648000000006245, 110.75619003452948
23.64900000000625, 110.75623126011301
23.650000000006248, 110.75640458009997
23.651000000006253, 110.7567168732837
23.652000000006254, 110.75717501845747
23.65300000000625, 110.75778589441464
23.65400000000625, 110.75855637994856
23.655000000006254, 110.75949335385252
23.65600000000626, 110.76060369491984
23.657000000006253, 110.76189428194388
23.658000000006265, 110.76337199371794
23.65900000000626, 110.76504370903533
23.660000000006264, 110.76691630668937
23.66100000000626, 110.76899666547344
23.662000000006266, 110.77129166418084
23.663000000006267, 110.77380818160485
23.664000000006265, 110.77655309653883
23.66500000000627, 110.7795332877761
23.66600000000627, 110.78275563411
23.667000000006272, 110.78622561677238
23.66800000000627, 110.78992736626039
23.669000000006275, 110.79382834973443
23.670000000006276, 110.79789559236659
23.671000000006273, 110.8020961193291
23.672000000006282, 110.80639695579406
23.673000000006276, 110.8107651269336
23.67400000000628, 110.81516765791994
23.67500000000628, 110.81957157392517
23.676000000006283, 110.82394390012146
23.67700000000628, 110.82825166168101
23.678000000006282, 110.83246188377586
23.679000000006287, 110.83654159157824
23.680000000006288, 110.84045781026029
23.68100000000629, 110.84417756499414
23.682000000006287, 110.84766788095195
23.683000000006295, 110.85089578330584
23.684000000006296, 110.85382829722803
23.685000000006294, 110.85643244789058
23.686000000006295, 110.85867555783213
23.687000000006297, 110.86054555428002
23.688000000006298, 110.86206400052905
23.6890000000063, 110.86325556138208
23.690000000006297, 110.86414490164213
23.691000000006298, 110.86475668611234
23.6920000000063, 110.86511557959554
23.693000000006304, 110.86524624689487
23.6940000000063, 110.86517335281326
23.695000000006303, 110.86492156215365
23.696000000006308, 110.86451553971924
23.69700000000631, 110.86397995031284
23.69800000000631, 110.8633394587375
23.699000000006315, 110.86261872979625
23.700000000006312, 110.86184242829214
23.701000000006314, 110.8610352190281
23.702000000006315, 110.86022176680711
23.703000000006313, 110.85942673643228
23.70400000000632, 110.85867479270655
23.705000000006315, 110.85799060025914
23.706000000006316, 110.8573935847308
23.707000000006325, 110.85688419979192
23.708000000006322, 110.8564586059599
23.709000000006327, 110.85611296375217
23.71000000000632, 110.85584343368609
23.71100000000633, 110.85564617627921
23.712000000006327, 110.85551735204884
23.71300000000633, 110.8554531215124
23.71400000000633, 110.85544964518732
23.71500000000633, 110.85550308359106
23.716000000006336, 110.85560959724097
23.717000000006333, 110.85576534665451
23.71800000000633, 110.85596649234905
23.719000000006336, 110.85620919484205
23.720000000006337, 110.85648961465095
23.721000000006338, 110.85680391229307
23.722000000006336, 110.85714824828594
23.72300000000634, 110.85751878314693
23.724000000006342, 110.8579116773934
23.72500000000634, 110.85832270340698
23.72600000000634, 110.85874428231836
23.727000000006342, 110.85916712108595
23.72800000000635, 110.85958191283704
23.729000000006348, 110.85997935069895
23.73000000000635, 110.86035012779911
23.731000000006347, 110.86068493726472
23.73200000000635, 110.86097447222322
23.73300000000635, 110.86120942580186
23.734000000006354, 110.86138049112805
23.735000000006355, 110.86147836132905
23.736000000006356, 110.86149372953221
23.737000000006354, 110.86141728886491
23.73800000000636, 110.86123973245444
23.739000000006364, 110.86095175342813
23.740000000006358, 110.86054404491337
23.741000000006363, 110.86000730003735
23.74200000000636, 110.85933221192752
23.743000000006365, 110.85850947371121
23.744000000006366, 110.85753011885437
23.745000000006364, 110.85639415969513
23.74600000000637, 110.85511127769769
23.74700000000637, 110.85369163295293
23.74800000000638, 110.85214538555199
23.749000000006372, 110.85048269558587
23.750000000006374, 110.8487137231456
23.751000000006375, 110.8468486283221
23.75200000000638, 110.84489757120652
23.753000000006377, 110.84287071188979
23.75400000000638, 110.84077821046299
23.75500000000638, 110.8386302270171
23.756000000006377, 110.83643692164316
23.757000000006382, 110.83420845443224
23.758000000006383, 110.83195498547522
23.759000000006385, 110.82968667486324
23.76000000000639, 110.8274136826873
23.761000000006387, 110.82514616903836
23.762000000006392, 110.82289429400757
23.76300000000639, 110.82066821768578
23.76400000000639, 110.8184781001641
23.765000000006395, 110.8163341015336
23.766000000006393, 110.81424638188521
23.767000000006394, 110.81222510131003
23.768000000006396, 110.81028041989899
23.769000000006393, 110.80842249774314
23.770000000006398, 110.80666149493356
23.771000000006396, 110.80500757156119
23.7720000000064, 110.80347088771713
23.773000000006398, 110.8020616034923
23.774000000006403, 110.80078987897781
23.775000000006404, 110.79966587426466
23.776000000006405, 110.79869974944383
23.777000000006407, 110.79790166460637
23.778000000006415, 110.79728177984329
23.77900000000641, 110.79685025524567
23.78000000000641, 110.7966172509044
23.781000000006415, 110.7965929269106
23.782000000006416, 110.7967874433553
23.783000000006414, 110.79721096032942
23.784000000006415, 110.7978736379241
23.78500000000641, 110.79878563623029
23.786000000006414, 110.79995711533907
23.78700000000642, 110.8013982353414
23.788000000006416, 110.80311915632828
23.789000000006425, 110.80513003839077
23.790000000006415, 110.80744104161988
23.791000000006424, 110.8100623261067
23.792000000006425, 110.81300405194213
23.793000000006426, 110.81627637921724
23.794000000006427, 110.81988946802309
23.795000000006432, 110.82385347845067
23.79600000000643, 110.82817857059096
23.79700000000643, 110.83287490453506
23.798000000006436, 110.83795264037391
23.799000000006437, 110.8434219381986
23.800000000006435, 110.84929295810011
23.801000000006436, 110.85557586016947
23.802000000006437, 110.8622783111094
23.803000000006442, 110.86937467120526
23.80400000000644, 110.87681556550524
23.80500000000644, 110.88455110904664
23.806000000006442, 110.89253141686703
23.807000000006447, 110.90070660400383
23.808000000006444, 110.90902678549452
23.809000000006446, 110.91744207637655
23.81000000000645, 110.92590259168738
23.811000000006448, 110.93435844646447
23.812000000006453, 110.94275975574524
23.81300000000645, 110.95105663456727
23.814000000006452, 110.95919919796789
23.815000000006453, 110.9671375609847
23.816000000006458, 110.97482183865502
23.817000000006455, 110.98220214601636
23.818000000006457, 110.98922859810621
23.819000000006458, 110.99585130996203
23.820000000006452, 111.00202039662123
23.82100000000646, 111.00768627713931
23.82200000000646, 111.01281577266985
23.823000000006463, 111.01740012307049
23.824000000006464, 111.02143255555835
23.825000000006465, 111.02490629735057
23.826000000006466, 111.0278145756643
23.827000000006468, 111.03015061771653
23.82800000000647, 111.0319076507244
23.829000000006474, 111.03307890190507
23.83000000000647, 111.03365759847557
23.831000000006473, 111.03363696765307
23.832000000006467, 111.03301023665456
23.83300000000647, 111.03177063269729
23.834000000006476, 111.02991138299824
23.835000000006477, 111.02742571477452
23.836000000006482, 111.02430685524335
23.837000000006476, 111.0205480316217
23.83800000000648, 111.01614247112674
23.839000000006482, 111.01108340097555
23.840000000006487, 111.00536405271023
23.841000000006485, 110.99899462836143
23.842000000006486, 110.99204079203301
23.843000000006487, 110.98457951981906
23.84400000000649, 110.97668778781369
23.84500000000649, 110.96844257211112
23.846000000006494, 110.95992084880533
23.847000000006492, 110.95119959399064
23.848000000006493, 110.94235578376103
23.849000000006495, 110.93346639421068
23.850000000006492, 110.92460840143377
23.851000000006497, 110.91585878152435
23.8520000000065, 110.90729451057662
23.853000000006496, 110.8989925646847
23.854000000006497, 110.89102991994268
23.855000000006502, 110.88348355244469
23.856000000006503, 110.87643043828496
23.857000000006504, 110.86994755355752
23.858000000006506, 110.86411187435654
23.85900000000651, 110.85900037677614
23.86000000000651, 110.85467942138851
23.86100000000651, 110.85113352172942
23.86200000000651, 110.84830913672144
23.863000000006515, 110.84615251437742
23.864000000006513, 110.8446099027098
23.865000000006514, 110.84362754973148
23.866000000006515, 110.84315170345496
23.867000000006513, 110.84312861189298
23.868000000006518, 110.84350452305831
23.86900000000652, 110.84422568496348
23.87000000000652, 110.84523834562125
23.87100000000652, 110.84648875304427
23.872000000006523, 110.84792315524525
23.873000000006524, 110.84948780023686
23.874000000006525, 110.85112893603178
23.875000000006526, 110.85279281064265
23.87600000000653, 110.85442567208219
23.87700000000653, 110.85597376836309
23.87800000000653, 110.85738334749797
23.87900000000653, 110.85860212859129
23.880000000006536, 110.85961071766289
23.881000000006534, 110.86042208934234
23.882000000006535, 110.86105058568161
23.883000000006533, 110.86151054873275
23.884000000006534, 110.86181632054773
23.88500000000654, 110.86198224317859
23.886000000006543, 110.86202265867726
23.88700000000654, 110.86195190909582
23.888000000006542, 110.8617843364862
23.889000000006543, 110.86153428290041
23.890000000006545, 110.86121609039049
23.891000000006542, 110.86084410100844
23.892000000006547, 110.86043265680621
23.893000000006552, 110.85999609983585
23.894000000006553, 110.85954877214932
23.89500000000655, 110.85910501579865
23.896000000006545, 110.85867917283582
23.89700000000655, 110.85828558531281
23.898000000006554, 110.85793856105246
23.899000000006556, 110.85764703873808
23.900000000006557, 110.8574087937474
23.901000000006555, 110.85722020985975
23.90200000000656, 110.85707767085442
23.90300000000656, 110.85697756051081
23.904000000006562, 110.85691626260817
23.905000000006563, 110.85689016092584
23.906000000006564, 110.85689563924313
23.907000000006565, 110.85692908133939
23.908000000006567, 110.85698687099395
23.909000000006568, 110.85706539198615
23.910000000006573, 110.85716102809523
23.91100000000657, 110.85727016310055
23.912000000006568, 110.8573891807815
23.913000000006566, 110.85751446491729
23.91400000000657, 110.85764239928733
23.915000000006575, 110.85776936767091
23.916000000006573, 110.85789175384733
23.91700000000658, 110.85800594159596
23.918000000006575, 110.85810883978242
23.91900000000658, 110.85819983877978
23.92000000000658, 110.85827906131242
23.921000000006583, 110.85834663021093
23.922000000006584, 110.85840266830603
23.92300000000659, 110.8584472984285
23.924000000006586, 110.85848064340901
23.925000000006587, 110.85850282607822
23.92600000000659, 110.85851396926697
23.927000000006586, 110.85851419580584
23.92800000000659, 110.85850362852563
23.92900000000659, 110.85848239025698
23.930000000006594, 110.85845060383065
23.93100000000659, 110.85840839207731
23.932000000006603, 110.8583558778277
23.933000000006597, 110.85829318391254
23.9340000000066, 110.8582204331625
23.9350000000066, 110.8581377484083
23.936000000006608, 110.85804525248066
23.9370000000066, 110.85794321450419
23.938000000006603, 110.85783362257807
23.939000000006605, 110.85771958257321
23.940000000006602, 110.8576042193875
23.941000000006607, 110.85749065791876
23.942000000006608, 110.85738202306482
23.94300000000661, 110.85728143972351
23.944000000006614, 110.85719203279268
23.945000000006612, 110.8571169271702
23.946000000006613, 110.85705924775382
23.947000000006614, 110.85702211944147
23.948000000006612, 110.85700866713097
23.949000000006617, 110.85702201572006
23.950000000006618, 110.85706529010673
23.95100000000662, 110.8571416151887
23.95200000000662, 110.85725411586382
23.95300000000662, 110.85740591703002
23.95400000000662, 110.85760014358503
23.955000000006624, 110.85783992042673
23.956000000006625, 110.85812829525433
23.95700000000663, 110.85846498835986
23.958000000006628, 110.85884519875475
23.95900000000663, 110.85926380241852
23.96000000000663, 110.85971567533063
23.961000000006624, 110.8601956934706
23.96200000000663, 110.86069873281797
23.963000000006634, 110.86121966935212
23.96400000000664, 110.86175337905267
23.965000000006633, 110.86229473789908
23.966000000006634, 110.86283862187076
23.96700000000664, 110.86337990694739
23.96800000000664, 110.8639134691083
23.96900000000664, 110.86443418433308
23.97000000000664, 110.86493692860121
23.971000000006644, 110.86541657789215
23.972000000006645, 110.86586800818542
23.973000000006646, 110.86628609546057
23.97400000000665, 110.86666571569702
23.97500000000665, 110.8670017448743
23.976000000006653, 110.8672890589719
23.97700000000665, 110.86752253396935
23.97800000000665, 110.86769704584614
23.97900000000665, 110.8678074705817
23.980000000006655, 110.86784868415565
23.981000000006656, 110.86781556254738
23.982000000006654, 110.86770298173641
23.983000000006665, 110.86750581770231
23.984000000006656, 110.86721894642449
23.985000000006657, 110.86683724388246
23.986000000006662, 110.86635558605578
23.987000000006667, 110.86576884892389
23.988000000006664, 110.8650719084663
23.989000000006666, 110.86425964066254
23.990000000006667, 110.86332692149205
23.99100000000667, 110.8622686269344
23.99200000000667, 110.86107963296902
23.99300000000667, 110.85975481557543
23.99400000000667, 110.85828905073316
23.995000000006666, 110.85668213108659
23.996000000006674, 110.85496779481414
23.997000000006675, 110.85319410663249
23.998000000006677, 110.85140918184877
23.999000000006678, 110.84966113577016
24.00000000000668, 110.84799808370386
24.00100000000668, 110.846468140957
24.00200000000668, 110.84511942283686
24.003000000006683, 110.84400004465056
24.004000000006688, 110.84315812170527
24.005000000006685, 110.84264176930819
24.006000000006686, 110.84249910276655
24.007000000006688, 110.8427782373874
24.008000000006685, 110.84352728847806
24.00900000000669, 110.84479437134564
24.01000000000669, 110.84662760129737
24.011000000006693, 110.84907509364038
24.012000000006687, 110.85218496368185
24.013000000006695, 110.85600532672899
24.014000000006696, 110.86058115839342
24.0150000000067, 110.86589731785078
24.0160000000067, 110.87188458692748
24.0170000000067, 110.87847181981682
24.0180000000067, 110.88558787071231
24.019000000006702, 110.89316159380722
24.020000000006704, 110.90112184329494
24.02100000000671, 110.90939747336884
24.022000000006706, 110.91791733822237
24.023000000006707, 110.92661029204876
24.02400000000671, 110.93540518904152
24.025000000006706, 110.9442308833939
24.02600000000671, 110.95301622929937
24.027000000006712, 110.96169008095126
24.02800000000671, 110.97018129254297
24.02900000000671, 110.97841871826782
24.030000000006716, 110.98633121231921
24.031000000006713, 110.99384762889053
24.032000000006718, 111.00089682217515
24.03300000000672, 111.00740791343426
24.03400000000672, 111.01333941444656
24.035000000006722, 111.01870540864397
24.036000000006723, 111.0235261585951
24.037000000006724, 111.0278219268686
24.03800000000673, 111.03161297603303
24.039000000006727, 111.03491956865697
24.040000000006728, 111.03776196730912
24.04100000000673, 111.040160434558
24.042000000006734, 111.04213523297227
24.04300000000673, 111.04370662512049
24.044000000006733, 111.0448948735713
24.045000000006734, 111.04572024089329
24.04600000000674, 111.04620298965506
24.047000000006744, 111.04636338242523
24.048000000006738, 111.04622168177238
24.04900000000674, 111.04579815026516
24.05000000000674, 111.04511305047215
24.051000000006745, 111.04418664496194
24.05200000000674, 111.04303919630314
24.053000000006744, 111.04169096706438
24.054000000006738, 111.04016221981425
24.05500000000675, 111.03847321712138
24.056000000006748, 111.03664422155433
24.05700000000675, 111.03469549568172
24.05800000000675, 111.03264730207216
24.059000000006748, 111.03051990329432
24.06000000000676, 111.0283335619167
24.061000000006754, 111.02610854050792
24.062000000006755, 111.02386510163666
24.063000000006756, 111.02162350787142
24.064000000006757, 111.01940402178091
24.06500000000676, 111.01722690593371
24.06600000000676, 111.01511242289837
24.06700000000676, 111.01308083524356
24.068000000006766, 111.01115240553783
24.069000000006763, 111.00934739634984
24.070000000006768, 111.00768607024821
24.071000000006766, 111.00618868980142
24.07200000000677, 111.00487392627495
24.07300000000677, 111.00374391879255
24.07400000000677, 111.002791005807
24.07500000000677, 111.00200739724195
24.07600000000677, 111.00138530302122
24.07700000000677, 111.00091693306857
24.078000000006774, 111.00059449730759
24.079000000006776, 111.00041020566213
24.080000000006777, 111.00035626805585
24.081000000006778, 111.00042489441253
24.082000000006776, 111.00060829465588
24.08300000000678, 111.00089867870963
24.08400000000678, 111.00128825649743
24.085000000006787, 111.0017692379431
24.086000000006784, 111.00233383297036
24.087000000006785, 111.00297425150289
24.088000000006787, 111.00368270346446
24.089000000006784, 111.00445139877878
24.09000000000679, 111.00527254736959
24.09100000000679, 111.00613820781756
24.092000000006788, 111.007035117962
24.09300000000679, 111.00794341279942
24.094000000006794, 111.00884281581077
24.095000000006795, 111.00971305047685
24.096000000006796, 111.0105338402786
24.097000000006798, 111.01128490869694
24.0980000000068, 111.01194597921277
24.0990000000068, 111.01249677530697
24.1000000000068, 111.01291702046043
24.101000000006803, 111.01318643815414
24.102000000006807, 111.01328475186885
24.103000000006805, 111.01319168508562
24.104000000006803, 111.0128869612852
24.105000000006807, 111.01235030394861
24.106000000006805, 111.01156143655672
24.107000000006806, 111.01050008259038
24.108000000006808, 111.00914596553055
24.109000000006812, 111.00747880885811
24.11000000000681, 111.0054783520765
24.111000000006815, 111.00313349773498
24.112000000006816, 111.00045762813579
24.11300000000682, 110.99746816982221
24.11400000000682, 110.9941825493377
24.115000000006823, 110.99061819322552
24.11600000000682, 110.98679252802896
24.117000000006822, 110.98272298029143
24.118000000006823, 110.97842697655628
24.119000000006828, 110.97392194336686
24.120000000006826, 110.96922530726641
24.121000000006827, 110.96435449479836
24.12200000000683, 110.95932693250606
24.123000000006826, 110.9541600469328
24.12400000000683, 110.94887126462194
24.125000000006832, 110.94347801211677
24.126000000006833, 110.9379977159607
24.127000000006834, 110.93244780269701
24.128000000006836, 110.9268456988691
24.129000000006837, 110.92120883102032
24.130000000006838, 110.9155546256939
24.13100000000684, 110.90990050943329
24.132000000006844, 110.90426390878177
24.133000000006845, 110.89866225028268
24.134000000006843, 110.89311296047943
24.135000000006848, 110.88763346591529
24.13600000000685, 110.88224119313361
24.137000000006847, 110.87695356867772
24.138000000006848, 110.87178801909097
24.139000000006853, 110.86676197091674
24.140000000006847, 110.86189285069831
24.14100000000685, 110.85719808497909
24.142000000006853, 110.85269510030233
24.143000000006854, 110.8484013232114
24.14400000000686, 110.84433418024965
24.145000000006856, 110.84051109796044
24.146000000006858, 110.83694950288708
24.14700000000686, 110.83366682157293
24.148000000006853, 110.83068048056131
24.149000000006865, 110.82800790639558
24.150000000006862, 110.82566652561908
24.151000000006864, 110.82367376477508
24.152000000006865, 110.82204705040704
24.153000000006863, 110.8208038090582
24.154000000006864, 110.81996146727195
24.15500000000687, 110.8195374515916
24.15600000000687, 110.81954918856052
24.157000000006864, 110.82001410472202
24.15800000000687, 110.82094962661944
24.159000000006873, 110.82237318079619
24.160000000006875, 110.8243021937955
24.161000000006876, 110.82675409216073
24.162000000006877, 110.8297463024353
24.16300000000688, 110.83329625116252
24.16400000000688, 110.83742136488566
24.16500000000688, 110.84213907014812
24.166000000006886, 110.84746679349325
24.167000000006883, 110.85342196146433
24.168000000006884, 110.86002155613235
24.169000000006886, 110.86724651435736
24.17000000000689, 110.87501571738497
24.171000000006888, 110.88324191362601
24.17200000000689, 110.89183785149132
24.17300000000689, 110.90071627939193
24.174000000006888, 110.9097899457387
24.175000000006893, 110.91897159894255
24.176000000006894, 110.92817398741441
24.177000000006895, 110.93730985956518
24.178000000006897, 110.94629196380576
24.1790000000069, 110.9550330485471
24.1800000000069, 110.96344586220007
24.1810000000069, 110.97144315317563
24.1820000000069, 110.97893766988467
24.1830000000069, 110.9858421607381
24.184000000006904, 110.99206937414685
24.1850000000069, 110.99753205852183
24.18600000000691, 111.00214296227395
24.187000000006904, 111.00581483389345
24.188000000006916, 111.0084943060761
24.18900000000691, 111.0102581861269
24.19000000000691, 111.01121453707977
24.191000000006913, 111.01147142196862
24.192000000006914, 111.01113690382748
24.19300000000691, 111.01031904569017
24.194000000006916, 111.00912591059068
24.195000000006917, 111.00766556156297
24.196000000006922, 111.00604606164094
24.19700000000692, 111.00437547385852
24.19800000000692, 111.00276186124965
24.199000000006922, 111.00131328684827
24.200000000006927, 111.00013781368834
24.201000000006925, 110.99934350480372
24.202000000006926, 110.99903842322841
24.203000000006927, 110.99933063199632
24.204000000006925, 111.00032819414139
24.20500000000693, 111.00213917269755
24.20600000000693, 111.00487163069872
24.207000000006932, 111.00862014860824
24.208000000006933, 111.01335491881981
24.209000000006935, 111.01897897532642
24.210000000006936, 111.02539469718766
24.211000000006937, 111.03250446346324
24.212000000006938, 111.0402106532128
24.213000000006943, 111.04841564549596
24.21400000000694, 111.05702181937244
24.215000000006942, 111.06593155390185
24.216000000006936, 111.07504722814384
24.21700000000694, 111.08427122115813
24.218000000006946, 111.09350591200436
24.21900000000695, 111.1026536797421
24.220000000006948, 111.11161690343116
24.221000000006946, 111.12029796213108
24.22200000000695, 111.12859923490153
24.22300000000695, 111.13642310080222
24.224000000006953, 111.14367193889278
24.225000000006954, 111.15024812823282
24.226000000006955, 111.15605608803946
24.227000000006957, 111.16105974551587
24.228000000006958, 111.16529050076022
24.229000000006952, 111.1687833948936
24.230000000006964, 111.17157346903724
24.23100000000696, 111.17369576431217
24.232000000006963, 111.17518532183955
24.233000000006957, 111.17607718274054
24.23400000000696, 111.17640638813623
24.235000000006973, 111.17620797914768
24.236000000006968, 111.17551699689615
24.23700000000697, 111.17436848250267
24.238000000006966, 111.1727974770884
24.23900000000697, 111.17083902177444
24.240000000006972, 111.16852815768198
24.241000000006974, 111.16589992593207
24.242000000006975, 111.16298936764588
24.24300000000698, 111.1598315239445
24.244000000006977, 111.15646143594911
24.24500000000698, 111.15291412437043
24.24600000000698, 111.14921814602063
24.247000000006985, 111.14538641049475
24.248000000006982, 111.14142950627442
24.249000000006983, 111.13735802184128
24.250000000006988, 111.13318254567687
24.251000000006982, 111.12891366626276
24.252000000006987, 111.12456197208054
24.25300000000699, 111.12013805161189
24.254000000006986, 111.11565249333825
24.25500000000699, 111.11111588574134
24.256000000006992, 111.1065388173027
24.257000000006993, 111.10193187650385
24.258000000006994, 111.09730565182653
24.259000000006996, 111.09267073175218
24.260000000007, 111.08803770476244
24.261000000006998, 111.08341715933896
24.262000000006996, 111.07881968396323
24.263000000007, 111.07425586711688
24.264000000007005, 111.06973629728151
24.265000000007003, 111.06527156293866
24.266000000007004, 111.06087225257002
24.267000000007005, 111.05654895465707
24.268000000007003, 111.05231225768144
24.269000000007008, 111.04817275012476
24.270000000007006, 111.04414102046854
24.27100000000701, 111.04022765719445
24.27200000000701, 111.036443248784
24.273000000007013, 111.03279838371883
24.274000000007014, 111.02930365048051
24.275000000007015, 111.0259696375506
24.27600000000701, 111.02280693341073
24.27700000000702, 111.01982612654251
24.278000000007015, 111.01703780542746
24.27900000000702, 111.01445255854722
24.280000000007014, 111.01208097438332
24.28100000000702, 111.00993364141743
24.282000000007024, 111.00802114813109
24.28300000000702, 111.00635408300587
24.284000000007026, 111.00494198444156
24.285000000007024, 111.00377925546115
24.286000000007025, 111.00284893605435
24.28700000000703, 111.00213379008726
24.28800000000703, 111.00161658142609
24.289000000007025, 111.00128007393693
24.290000000007034, 111.00110703148599
24.291000000007035, 111.00108021793936
24.292000000007036, 111.0011823971632
24.293000000007037, 111.00139633302365
24.294000000007042, 111.0017047893869
24.29500000000704, 111.00209053011905
24.29600000000704, 111.00253631908632
24.297000000007042, 111.00302492015476
24.29800000000704, 111.00353909719054
24.299000000007045, 111.00406161405988
24.300000000007046, 111.00457523462885
24.301000000007047, 111.00506272276363
24.30200000000705, 111.00550684233038
24.30300000000705, 111.00589049016327
24.30400000000705, 111.00620481262615
24.30500000000705, 111.00645390142711
24.306000000007046, 111.00664298059414
24.307000000007058, 111.00677727415538
24.308000000007056, 111.00686200613887
24.309000000007057, 111.00690240057276
24.310000000007058, 111.00690368148503
24.311000000007063, 111.00687107290375
24.31200000000706, 111.00680979885709
24.31300000000706, 111.00672508337306
24.314000000007063, 111.00662215047976
24.31500000000706, 111.00650622420525
24.316000000007065, 111.00638252857756
24.317000000007067, 111.00625628762484
24.318000000007068, 111.00613272537515
24.319000000007062, 111.00601706585654
24.32000000000707, 111.00591453309708
24.32100000000707, 111.00583035112484
24.322000000007073, 111.00576974380489
24.323000000007067, 111.00573623170217
24.32400000000708, 111.00572743263264
24.325000000007076, 111.00573968661784
24.326000000007078, 111.00576933367931
24.32700000000708, 111.00581271383867
24.328000000007076, 111.0058661671174
24.32900000000708, 111.00592603353708
24.33000000000708, 111.00598865311927
24.331000000007084, 111.00605036588553
24.332000000007078, 111.00610751185741
24.333000000007086, 111.00615643105644
24.334000000007087, 111.0061934635042
24.33500000000709, 111.00621494922225
24.33600000000709, 111.00621722823213
24.33700000000709, 111.0061966405554
24.338000000007092, 111.00614952621362
24.339000000007093, 111.0060722252283
24.340000000007095, 111.00596107762108
24.3410000000071, 111.00581242341343
24.3420000000071, 111.00562358652039
24.3430000000071, 111.00539998164338
24.3440000000071, 111.0051509971519
24.345000000007097, 111.00488604893178
24.346000000007102, 111.0046145528686
24.347000000007103, 111.0043459248482
24.348000000007104, 111.00408958075619
24.349000000007102, 111.00385493647829
24.350000000007107, 111.00365140790024
24.351000000007108, 111.00348841090774
24.352000000007113, 111.00337536138649
24.35300000000711, 111.00332167522221
24.35400000000711, 111.00333676830061
24.355000000007113, 111.00343005650737
24.356000000007114, 111.0036109557282
24.357000000007115, 111.00388888184885
24.35800000000712, 111.00427325075502
24.359000000007125, 111.00477347833237
24.36000000000712, 111.00539898046664
24.36100000000712, 111.00615834053393
24.362000000007118, 111.00703970904988
24.363000000007123, 111.00801006312719
24.364000000007124, 111.00903539920144
24.36500000000713, 111.01008171370833
24.366000000007123, 111.01111500308336
24.367000000007128, 111.01210126376222
24.368000000007132, 111.01300649218051
24.36900000000713, 111.01379668477381
24.37000000000713, 111.01443783797774
24.371000000007136, 111.01489594822797
24.372000000007134, 111.01513701196005
24.373000000007135, 111.01512702560959
24.37400000000713, 111.01483198561223
24.375000000007145, 111.01421788840359
24.37600000000714, 111.01325073041932
24.37700000000714, 111.01189650809494
24.37800000000714, 111.0101212178661
24.37900000000714, 111.00789085616842
24.38000000000714, 111.00517152116612
24.381000000007145, 111.0019494238627
24.382000000007146, 110.99825495597871
24.383000000007147, 110.9941243811238
24.38400000000715, 110.98959396290749
24.38500000000715, 110.98469996493935
24.38600000000715, 110.9794786508291
24.387000000007152, 110.97396628418622
24.38800000000716, 110.9681991286203
24.389000000007155, 110.962213447741
24.390000000007156, 110.95604550515787
24.39100000000716, 110.94973156448056
24.39200000000716, 110.9433078893186
24.39300000000716, 110.93681074328157
24.39400000000716, 110.93027638997918
24.395000000007165, 110.92374109302088
24.39600000000716, 110.9172411160163
24.397000000007164, 110.91081272257512
24.398000000007166, 110.90449217630686
24.399000000007167, 110.89831574082112
24.400000000007168, 110.8923196797275
24.40100000000717, 110.8865402566356
24.40200000000717, 110.88101373515504
24.40300000000717, 110.87577637889537
24.404000000007173, 110.87086445146619
24.405000000007178, 110.8663142164771
24.406000000007175, 110.8621619375377
24.407000000007177, 110.8584438782576
24.408000000007178, 110.85519630224633
24.409000000007183, 110.85245547311357
24.41000000000718, 110.85025765446885
24.41100000000718, 110.84863910992178
24.412000000007183, 110.84763610308195
24.41300000000718, 110.84728489755898
24.414000000007192, 110.84762175696244
24.415000000007186, 110.84868294490195
24.416000000007188, 110.85050472498708
24.41700000000719, 110.85312336082741
24.418000000007197, 110.85657511603254
24.419000000007188, 110.86089102332424
24.420000000007192, 110.86603601449387
24.421000000007194, 110.87192972041174
24.4220000000072, 110.87849088815267
24.423000000007196, 110.88563826479141
24.424000000007197, 110.89329059740268
24.4250000000072, 110.90136663306126
24.426000000007196, 110.90978511884192
24.4270000000072, 110.9184648018194
24.428000000007202, 110.92732442906843
24.429000000007203, 110.93628274766385
24.4300000000072, 110.94525850468034
24.431000000007206, 110.95417044719265
24.432000000007207, 110.96293732227565
24.43300000000721, 110.97147787700398
24.434000000007202, 110.97971085845239
24.435000000007214, 110.98755501369574
24.436000000007212, 110.9949290898087
24.437000000007213, 111.00175183386608
24.438000000007214, 111.00794270572828
24.43900000000722, 111.01345600282657
24.440000000007217, 111.01829589663097
24.441000000007218, 111.0224704005856
24.44200000000722, 111.0259875281347
24.443000000007217, 111.0288552927224
24.44400000000723, 111.0310817077928
24.445000000007223, 111.03267478679014
24.446000000007224, 111.03364254315858
24.447000000007225, 111.03399299034218
24.448000000007227, 111.03373414178523
24.449000000007228, 111.03287401093179
24.45000000000723, 111.03142061122604
24.451000000007234, 111.02938195611216
24.452000000007235, 111.02676605903433
24.453000000007233, 111.02358093343672
24.454000000007234, 111.01983459276337
24.455000000007235, 111.0155350504586
24.45600000000724, 111.01069031996646
24.457000000007238, 111.00530841857244
24.45800000000724, 110.99940605314572
24.45900000000724, 110.99302711953146
24.460000000007245, 110.98622081687844
24.461000000007243, 110.97903634433516
24.462000000007244, 110.97152290105021
24.46300000000724, 110.96372968617227
24.464000000007246, 110.9557058988499
24.465000000007244, 110.94750073823165
24.46600000000725, 110.9391634034662
24.46700000000725, 110.93074309370216
24.46800000000725, 110.92228900808806
24.469000000007256, 110.91385034577259
24.470000000007254, 110.90547630590427
24.471000000007255, 110.8972160876318
24.47200000000726, 110.8891188901037
24.473000000007254, 110.88123391246863
24.474000000007265, 110.87361035387515
24.47500000000726, 110.8662974134719
24.47600000000726, 110.85934429040746
24.47700000000726, 110.85279529608232
24.478000000007263, 110.8466588053372
24.479000000007265, 110.84092715900614
24.480000000007266, 110.83559262383955
24.48100000000726, 110.83064746658783
24.482000000007268, 110.82608395400142
24.48300000000727, 110.82189435283068
24.48400000000727, 110.8180709298261
24.485000000007272, 110.814605951738
24.486000000007277, 110.81149168531685
24.487000000007274, 110.80872039731308
24.488000000007276, 110.80628435447709
24.489000000007277, 110.80417582355926
24.490000000007274, 110.80238707131001
24.49100000000728, 110.80091036447976
24.49200000000728, 110.79973796981895
24.49300000000728, 110.79886215407794
24.49400000000728, 110.79827518400722
24.495000000007284, 110.79796932635712
24.496000000007285, 110.79793684787809
24.497000000007287, 110.79817001532054
24.498000000007288, 110.79866109543487
24.499000000007292, 110.79940235497152
24.50000000000729, 110.80038606068085
24.50100000000729, 110.8016044793133
24.502000000007293, 110.80304987761933
24.503000000007297, 110.80471452234933
24.504000000007295, 110.80659068025369
24.505000000007293, 110.80867061808281
24.506000000007298, 110.81094660258708
24.50700000000729, 110.81341090051703
24.5080000000073, 110.81605577862298
24.5090000000073, 110.81887350365533
24.510000000007302, 110.82185634236453
24.511000000007304, 110.824996561501
24.512000000007305, 110.8282864278151
24.513000000007303, 110.83171820805731
24.514000000007307, 110.83528416897798
24.51500000000731, 110.83897657732757
24.516000000007313, 110.84278769985647
24.51700000000731, 110.8467098033151
24.518000000007312, 110.85073515445387
24.519000000007317, 110.85485602002316
24.52000000000731, 110.85906466677343
24.521000000007323, 110.86335336145515
24.522000000007317, 110.86771437081859
24.52300000000732, 110.87213996161427
24.524000000007316, 110.87662240059251
24.52500000000732, 110.88115395450382
24.526000000007322, 110.88572689009852
24.527000000007323, 110.89033347412712
24.528000000007324, 110.89496597333998
24.529000000007326, 110.8996166544875
24.53000000000733, 110.90427778432014
24.531000000007328, 110.90894162958827
24.53200000000733, 110.91360045704228
24.533000000007334, 110.91824653343264
24.53400000000733, 110.92287212550977
24.535000000007333, 110.92746950002403
24.536000000007334, 110.9320309237258
24.537000000007332, 110.93654866336561
24.538000000007337, 110.9410149856938
24.539000000007338, 110.94542215746075
24.54000000000734, 110.94976244541695
24.541000000007337, 110.95402811631277
24.54200000000734, 110.95821143689862
24.543000000007343, 110.96230467392495
24.544000000007344, 110.96630009414213
24.545000000007345, 110.97018996430057
24.546000000007346, 110.97396655115071
24.547000000007348, 110.9776221214429
24.54800000000735, 110.98114894192767
24.549000000007343, 110.98453927935535
24.550000000007355, 110.98778540047638
24.551000000007352, 110.99087957204114
24.552000000007354, 110.99381406080008
24.553000000007355, 110.99658113350355
24.554000000007353, 110.99917305690204
24.555000000007354, 111.00158209774597
24.55600000000736, 111.00380052278567
24.55700000000736, 111.00582059877158
24.558000000007357, 111.00763459245414
24.559000000007362, 111.00923477058376
24.560000000007363, 111.01061339991085
24.561000000007365, 111.01176274718581
24.562000000007366, 111.01267507915907
24.563000000007374, 111.01334266258098
24.56400000000737, 111.01375776420204
24.56500000000737, 111.0139126507726
24.56600000000737, 111.01379958904312
24.56700000000737, 111.01341084576396
24.568000000007373, 111.01273868768558
24.569000000007374, 111.01177538155841
24.570000000007376, 111.01051319413281
24.571000000007373, 111.00894439215918
24.572000000007378, 111.00706124238799
24.57300000000738, 111.00485626430066
24.57400000000738, 111.00233193893197
24.575000000007382, 110.99950376733182
24.576000000007383, 110.9963881287535
24.577000000007384, 110.99300140245026
24.578000000007385, 110.98935996767544
24.579000000007387, 110.9854802036823
24.58000000000739, 110.98137848972418
24.58100000000739, 110.97707120505436
24.58200000000739, 110.97257472892616
24.583000000007385, 110.96790544059287
24.584000000007396, 110.96307971930779
24.585000000007394, 110.9581139443242
24.586000000007395, 110.95302449489537
24.587000000007396, 110.9478277502747
24.588000000007394, 110.9425400897154
24.5890000000074, 110.93717789247081
24.5900000000074, 110.93175753779427
24.5910000000074, 110.92629540493897
24.592000000007403, 110.92080787315832
24.593000000007404, 110.9153113217055
24.59400000000741, 110.90982212983397
24.595000000007403, 110.90435667679691
24.596000000007407, 110.89893134184764
24.597000000007412, 110.89356250423947
24.598000000007413, 110.88826654322571
24.59900000000741, 110.88305983805962
24.600000000007412, 110.87795876799457
24.60100000000741, 110.87297971228384
24.602000000007415, 110.86813905018064
24.603000000007416, 110.86345316093838
24.604000000007417, 110.85893842381036
24.605000000007415, 110.8546112180498
24.606000000007427, 110.85048792291
24.60700000000742, 110.84658491764435
24.608000000007422, 110.84291858150607
24.609000000007423, 110.83950529374849
24.61000000000742, 110.83636143362496
24.611000000007426, 110.83350338038866
24.612000000007427, 110.830947513293
24.61300000000743, 110.8287102115912
24.614000000007433, 110.82680785453665
24.61500000000743, 110.82525682138254
24.616000000007435, 110.82407349138228
24.617000000007433, 110.82327424378909
24.61800000000743, 110.8228754578563
24.619000000007443, 110.8228935128372
24.620000000007437, 110.82334478798508
24.62100000000744, 110.82424566255332
24.622000000007436, 110.8256125157951
24.62300000000744, 110.82746172696378
24.62400000000744, 110.82980967531265
24.625000000007443, 110.83267274009506
24.626000000007437, 110.83606730056421
24.627000000007442, 110.84000973597348
24.628000000007447, 110.84451642557617
24.629000000007448, 110.8496037486255
24.63000000000745, 110.85528808437485
24.631000000007454, 110.86158323379645
24.63200000000745, 110.86845666258634
24.633000000007453, 110.8758357310127
24.634000000007454, 110.88364647518118
24.63500000000745, 110.89181493119733
24.636000000007453, 110.9002671351669
24.637000000007454, 110.90892912319546
24.638000000007455, 110.91772693138869
24.63900000000746, 110.92658659585229
24.64000000000746, 110.93543415269178
24.641000000007462, 110.94419563801293
24.642000000007464, 110.95279708792133
24.643000000007458, 110.96116453852264
24.64400000000747, 110.96922402592244
24.645000000007467, 110.97690158622652
24.64600000000747, 110.98412325554038
24.64700000000747, 110.99081506996974
24.648000000007475, 110.99690306562023
24.64900000000747, 111.00231327859751
24.650000000007473, 111.00697218267895
24.651000000007468, 111.01084830320885
24.652000000007472, 111.01398654243923
24.653000000007477, 111.01643988158301
24.65400000000748, 111.0182613018529
24.65500000000748, 111.01950378446182
24.65600000000748, 111.02022031062256
24.657000000007482, 111.02046386154791
24.658000000007483, 111.02028741845069
24.65900000000748, 111.01974396254374
24.660000000007486, 111.01888647503986
24.66100000000749, 111.01776793715189
24.662000000007488, 111.01644133009269
24.66300000000749, 111.01495963507499
24.664000000007483, 111.01337583331164
24.665000000007485, 111.01174290601544
24.666000000007493, 111.01011383439929
24.667000000007494, 111.00854159967588
24.668000000007495, 111.00707918305817
24.669000000007493, 111.00577956575889
24.670000000007498, 111.00468473002853
24.671000000007496, 111.00379182584844
24.6720000000075, 111.00308658206762
24.6730000000075, 111.00255472753233
24.674000000007503, 111.00218199108873
24.675000000007504, 111.00195410158314
24.6760000000075, 111.00185678786173
24.677000000007506, 111.00187577877074
24.67800000000751, 111.00199680315646
24.67900000000751, 111.00220558986506
24.68000000000751, 111.00248786774281
24.68100000000751, 111.00282936563592
24.68200000000751, 111.00321581239062
24.683000000007514, 111.00363293685324
24.684000000007515, 111.00406646786985
24.685000000007516, 111.00450213428682
24.68600000000752, 111.00492566495029
24.68700000000752, 111.00532278870658
24.68800000000752, 111.00567923440182
24.68900000000752, 111.0059818405985
24.690000000007522, 111.00622839870155
24.691000000007527, 111.00642293966715
24.69200000000753, 111.00656956689745
24.693000000007526, 111.00667238379489
24.694000000007527, 111.00673549376155
24.695000000007532, 111.00676300019973
24.696000000007526, 111.00675900651166
24.69700000000753, 111.00672761609964
24.698000000007525, 111.00667293236582
24.69900000000753, 111.00659905871254
24.700000000007535, 111.006510098542
24.701000000007536, 111.00641015525645
24.702000000007537, 111.00630333225813
24.70300000000754, 111.0061937329493
24.70400000000754, 111.0060854607322
24.70500000000754, 111.00598261900909
24.706000000007542, 111.00588931118222
24.707000000007543, 111.00580964065378
24.708000000007548, 111.00574764595709
24.709000000007546, 111.00570526401063
24.710000000007547, 111.00568192254849
24.711000000007548, 111.0056769021181
24.712000000007553, 111.00568948326686
24.71300000000755, 111.00571894654217
24.71400000000755, 111.00576457249143
24.715000000007553, 111.00582564166208
24.71600000000755, 111.00590143460154
24.717000000007555, 111.0059912318572
24.71800000000756, 111.00609431397645
24.719000000007558, 111.00620996150676
24.72000000000756, 111.00633745499547
24.72100000000756, 111.00647607499006
24.72200000000756, 111.0066251020379
24.723000000007563, 111.00678381668641
24.724000000007564, 111.006951499483
24.72500000000757, 111.00712743097506
24.726000000007566, 111.00731089171008
24.727000000007564, 111.0075011622354
24.72800000000757, 111.00769752309844
24.729000000007566, 111.00789925484662
24.73000000000757, 111.00810563802735
24.731000000007572, 111.00831595318807
24.732000000007574, 111.00852948087615
24.73300000000757, 111.008745501639
24.734000000007576, 111.00896329602408
24.73500000000758, 111.00918214457877
24.736000000007575, 111.00940132785047
24.73700000000758, 111.0096201263866
24.73800000000758, 111.00983782073456
24.739000000007582, 111.0100536914418
24.740000000007583, 111.01026701905569
24.74100000000759, 111.01047708412369
24.742000000007582, 111.01068316719316
24.743000000007587, 111.01088454881155
24.74400000000759, 111.01108050952624
24.74500000000759, 111.01127032988467
24.746000000007594, 111.0114532904342
24.747000000007592, 111.0116286717223
24.748000000007593, 111.01179575429639
24.749000000007594, 111.0119538187038
24.750000000007592, 111.01210214549202
24.751000000007597, 111.01224001520843
24.752000000007598, 111.01236670840045
24.753000000007603, 111.01248150561551
24.754000000007604, 111.01258368740093
24.755000000007605, 111.01267253430429
24.756000000007603, 111.01274732687283
24.757000000007604, 111.01280734565408
24.758000000007605, 111.01285187119537
24.75900000000761, 111.01288018404415
24.760000000007608, 111.01289156474786
24.76100000000761, 111.01288529385384
24.76200000000761, 111.01286065190956
24.763000000007608, 111.01281691946244
24.76400000000762, 111.01275337705981
24.765000000007614, 111.01266930524916
24.766000000007615, 111.0125639845779
24.76700000000762, 111.0124366955934
24.768000000007618, 111.01228671884309
24.769000000007615, 111.01211333487439
24.77000000000762, 111.01191582423468
24.77100000000762, 111.01169346747142
24.772000000007626, 111.011445545132
24.773000000007624, 111.01117133776384
24.77400000000762, 111.01087012591428
24.775000000007626, 111.01054119013087
24.77600000000763, 111.01018381096091
24.77700000000763, 111.00979726895181
24.77800000000763, 111.00938084465106
24.77900000000763, 111.008933818606
24.78000000000763, 111.00845547136409
24.781000000007634, 111.00794508347272
24.782000000007635, 111.0074019354793
24.783000000007636, 111.00682530793125
24.784000000007637, 111.00621448137598
24.78500000000764, 111.0055688187666
24.78600000000764, 111.00489361879858
24.787000000007644, 111.00420400101518
24.788000000007635, 111.00351600668677
24.789000000007647, 111.00284567708346
24.790000000007645, 111.00220905347554
24.791000000007642, 111.00162217713327
24.792000000007647, 111.00110108932685
24.793000000007645, 111.00066183132647
24.79400000000765, 111.0003204444024
24.79500000000765, 111.00009296982489
24.796000000007652, 110.99999544886417
24.79700000000765, 111.00004392279038
24.798000000007654, 111.00025443287387
24.799000000007656, 111.00064302038484
24.800000000007657, 111.0012257265935
24.80100000000765, 111.00201859277006
24.80200000000766, 111.00303766018482
24.80300000000766, 111.0042989701079
24.80400000000766, 111.00581856349119
24.805000000007663, 111.00759704238226
24.80600000000766, 111.00957825788745
24.807000000007665, 111.0116930246603
24.808000000007667, 111.01387215735423
24.809000000007668, 111.01604647062278
24.810000000007665, 111.0181467791195
24.81100000000767, 111.02010389749786
24.81200000000767, 111.02184864041136
24.81300000000767, 111.02331182251349
24.81400000000767, 111.02442425845777
24.815000000007675, 111.0251167628977
24.816000000007676, 111.02532015048678
24.817000000007678, 111.02496523587854
24.818000000007682, 111.02398283372642
24.819000000007684, 111.02230375868398
24.820000000007678, 111.01985882540473
24.821000000007682, 111.01657884854215
24.822000000007684, 111.01239464274973
24.82300000000769, 111.00723702268101
24.824000000007686, 111.00105115126718
24.825000000007687, 110.99390816081598
24.82600000000768, 110.98594450779001
24.827000000007686, 110.97729720250183
24.82800000000769, 110.96810325526407
24.829000000007692, 110.95849967638935
24.830000000007693, 110.94862347619029
24.831000000007695, 110.9386116649794
24.832000000007696, 110.92860125306942
24.833000000007697, 110.91872925077284
24.8340000000077, 110.90913266840226
24.835000000007703, 110.89994851627037
24.836000000007704, 110.89131380468967
24.837000000007702, 110.88336554397286
24.838000000007703, 110.87624074443251
24.839000000007704, 110.87007641638117
24.84000000000771, 110.86500957013143
24.841000000007707, 110.861177215996
24.842000000007708, 110.85871636428745
24.84300000000771, 110.8577602072991
24.844000000007707, 110.85833865832998
24.84500000000771, 110.86036895127876
24.846000000007713, 110.86376261747023
24.847000000007714, 110.86843118822901
24.848000000007715, 110.87428619487987
24.849000000007717, 110.88123916874754
24.850000000007718, 110.8892016411567
24.85100000000772, 110.89808514343203
24.85200000000772, 110.90780120689838
24.853000000007725, 110.91826136288036
24.85400000000772, 110.92937714270276
24.85500000000772, 110.9410600776902
24.856000000007718, 110.95322169916751
24.85700000000773, 110.9657735384593
24.858000000007735, 110.97862712689043
24.859000000007725, 110.99169399578544
24.86000000000773, 111.00488567646921
24.861000000007728, 111.01811370026638
24.862000000007733, 111.03128959850166
24.863000000007734, 111.04432490249977
24.864000000007735, 111.05713114358545
24.865000000007736, 111.06961985308345
24.866000000007737, 111.08170256231844
24.86700000000774, 111.0932908026151
24.86800000000774, 111.10429610529826
24.86900000000774, 111.11463000169259
24.870000000007746, 111.12420402312273
24.871000000007744, 111.13292970091348
24.872000000007745, 111.14071856638957
24.873000000007746, 111.1474821508757
24.874000000007744, 111.15313198569656
24.87500000000775, 111.15757960217687
24.87600000000775, 111.16073653164139
24.87700000000775, 111.16251430541482
24.87800000000775, 111.16282445482184
24.879000000007753, 111.16157851118726
24.880000000007755, 111.1586880058357
24.881000000007756, 111.15406447009195
24.88200000000776, 111.14765397316395
24.883000000007762, 111.1395865438142
24.88400000000776, 111.13005321447221
24.88500000000776, 111.11924505746413
24.886000000007762, 111.10735314511584
24.88700000000777, 111.0945685497534
24.888000000007764, 111.08108234370287
24.889000000007766, 111.06708559929024
24.89000000000777, 111.05276938884148
24.891000000007764, 111.03832478468266
24.89200000000777, 111.02394285913988
24.89300000000777, 111.00981468453901
24.894000000007775, 110.99613133320615
24.89500000000777, 110.98308387746728
24.896000000007774, 110.97086338964846
24.897000000007775, 110.95966094207573
24.898000000007773, 110.94966760707503
24.899000000007778, 110.94107445697244
24.900000000007786, 110.93407256409398
24.90100000000778, 110.92883963730799
24.90200000000778, 110.92537144131671
24.903000000007783, 110.92353235615356
24.904000000007787, 110.92318384748464
24.905000000007785, 110.92418738097625
24.90600000000779, 110.92640442229467
24.907000000007788, 110.92969643710603
24.908000000007785, 110.93392489107663
24.90900000000779, 110.93895124987267
24.91000000000779, 110.9446369791604
24.911000000007792, 110.9508435446061
24.912000000007794, 110.95743241187589
24.913000000007795, 110.96426504663607
24.914000000007796, 110.97120291455286
24.915000000007797, 110.97810748129253
24.9160000000078, 110.98484021252123
24.917000000007803, 110.99126257390529
24.9180000000078, 110.99723603111086
24.919000000007806, 111.00262204980417
24.920000000007803, 111.00728339469849
24.9210000000078, 111.01115537906725
24.922000000007806, 111.0142827697845
24.923000000007807, 111.01671940735142
24.92400000000781, 111.01851913226916
24.925000000007806, 111.01973578503885
24.92600000000781, 111.02042320616168
24.927000000007812, 111.02063523613889
24.928000000007817, 111.02042571547152
24.929000000007814, 111.0198484846608
24.930000000007816, 111.01895738420794
24.931000000007817, 111.01780625461403
24.932000000007818, 111.01644893638026
24.933000000007823, 111.01493927000784
24.934000000007824, 111.01333109599787
24.935000000007822, 111.01167825485153
24.936000000007823, 111.01003458707002
24.937000000007824, 111.0084539331545
24.938000000007822, 111.00699013360611
24.939000000007827, 111.00569702610267
24.940000000007828, 111.00461469450212
24.94100000000783, 111.0037376023208
24.942000000007827, 111.00305076678929
24.94300000000783, 111.00253920513838
24.944000000007833, 111.00218793459865
24.945000000007838, 111.00198197240081
24.946000000007828, 111.00190633577553
24.94700000000784, 111.00194604195356
24.94800000000784, 111.00208610816547
24.94900000000784, 111.00231155164205
24.95000000000784, 111.00260738961387
24.951000000007845, 111.00295863931171
24.95200000000784, 111.00335031796621
24.953000000007844, 111.00376744280803
24.954000000007838, 111.00419503106785
24.955000000007843, 111.0046180999764
24.956000000007855, 111.00502166676426
24.957000000007845, 111.0053907486622
24.95800000000785, 111.00571036290093
24.959000000007844, 111.00596720553101
24.960000000007852, 111.00616112825757
24.961000000007857, 111.0062981852097
24.962000000007855, 111.00638446696348
24.963000000007856, 111.00642606409504
24.96400000000786, 111.00642906718048
24.96500000000786, 111.00639956679589
24.96600000000786, 111.00634365351738
24.96700000000786, 111.0062674179211
24.968000000007866, 111.00617695058317
24.969000000007863, 111.00607834207972
24.970000000007865, 111.00597768298678
24.971000000007866, 111.00588106388057
24.972000000007863, 111.00579457533715
24.973000000007865, 111.00572430793261
24.97400000000787, 111.00567635224316
24.975000000007867, 111.00565679884481
24.976000000007872, 111.00567173831372
24.977000000007873, 111.005727261226
24.978000000007874, 111.00582913374849
24.979000000007876, 111.00597569873723
24.980000000007877, 111.00615789684504
24.981000000007874, 111.0063663485368
24.98200000000788, 111.00659167427726
24.98300000000788, 111.00682449453134
24.98400000000788, 111.00705542976392
24.98500000000788, 111.00727510043984
24.986000000007884, 111.00747412702398
24.987000000007885, 111.00764312998115
24.988000000007887, 111.00777272977624
24.989000000007884, 111.00785354687414
24.99000000000789, 111.00787620173966
24.991000000007894, 111.00783131483767
24.99200000000789, 111.00770950663303
24.993000000007893, 111.0075013975906
24.994000000007894, 111.00719760817526
24.9950000000079, 111.00678875885185
24.996000000007896, 111.00626547008525
24.99700000000789, 111.00561843505803
24.998000000007902, 111.00485041517274
24.999000000007896, 111.00398961422701
25.0000000000079, 111.00306745978533
25.001000000007902, 111.00211537941212
25.0020000000079, 111.00116480067187
25.003000000007905, 111.00024715112895
25.004000000007906, 110.9993938583479
25.005000000007907, 110.9986363498931
25.006000000007905, 110.99800605332901
25.00700000000791, 110.99753439622009
25.00800000000791, 110.99725280613077
25.009000000007916, 110.9971927106255
25.010000000007913, 110.99738553726874
25.01100000000792, 110.99786271362494
25.012000000007916, 110.9986556672585
25.013000000007917, 110.99979582573391
25.01400000000792, 111.0013146166156
25.015000000007923, 111.00324346746804
25.01600000000792, 111.00561380585566
25.017000000007922, 111.00844518478473
25.018000000007923, 111.01170018649783
25.01900000000792, 111.01532432834273
25.020000000007926, 111.01926312449834
25.021000000007927, 111.0234620891436
25.02200000000793, 111.0278667364575
25.023000000007926, 111.03242258061887
25.02400000000793, 111.03707513580672
25.025000000007935, 111.0417699162
25.02600000000793, 111.04645243597754
25.027000000007934, 111.05106820931834
25.028000000007932, 111.05556275040136
25.029000000007937, 111.0598815734055
25.030000000007938, 111.06397019250971
25.03100000000794, 111.06777412189287
25.032000000007944, 111.07123887573391
25.033000000007938, 111.07430996821189
25.034000000007943, 111.0769329135056
25.035000000007944, 111.07905322579403
25.03600000000794, 111.08061906161025
25.037000000007943, 111.08161019752418
25.038000000007948, 111.0820272470975
25.039000000007952, 111.08187119134517
25.040000000007943, 111.08114301128242
25.04100000000795, 111.0798436879242
25.042000000007953, 111.07797420228567
25.043000000007954, 111.07553553538196
25.044000000007955, 111.0725286682281
25.04500000000796, 111.06895458183922
25.046000000007957, 111.0648142572304
25.04700000000796, 111.0601086754167
25.04800000000796, 111.05483881741326
25.049000000007958, 111.04900566423514
25.05000000000796, 111.04261019689748
25.051000000007964, 111.0356533964153
25.052000000007965, 111.02813624380379
25.053000000007962, 111.02005972007794
25.054000000007967, 111.01142480625286
25.05500000000797, 111.00223348583584
25.05600000000797, 110.99253231923709
25.05700000000797, 110.98242924274524
25.058000000007972, 110.97203666302264
25.059000000007973, 110.96146698673155
25.060000000007975, 110.95083262053424
25.061000000007976, 110.94024597109303
25.062000000007984, 110.92981944507015
25.06300000000798, 110.91966544912788
25.06400000000798, 110.90989638992846
25.06500000000798, 110.90062467413424
25.06600000000798, 110.89196270840748
25.067000000007983, 110.88402289941041
25.068000000007984, 110.87691765380534
25.069000000007986, 110.87075937825452
25.070000000007983, 110.86566047942027
25.071000000007988, 110.86173336396487
25.07200000000799, 110.85909043855052
25.07300000000799, 110.85784410983956
25.07400000000799, 110.85810674571717
25.075000000007996, 110.85993500746716
25.076000000007994, 110.86321864184913
25.077000000007992, 110.8678162657067
25.078000000007997, 110.87358649588367
25.079000000008, 110.88038794922365
25.080000000008, 110.88807924257034
25.081000000008, 110.89651899276747
25.082000000008, 110.90556581665868
25.083000000008, 110.91507833108767
25.084000000008, 110.92491515289814
25.085000000008, 110.93493489893382
25.086000000008006, 110.94499618603834
25.087000000008004, 110.95495763105538
25.08800000000801, 110.96467785082872
25.08900000000801, 110.97401546220196
25.09000000000801, 110.98282908201885
25.091000000008012, 110.99097732712306
25.092000000008017, 110.99831881435823
25.093000000008015, 111.00471216056815
25.094000000008016, 111.01003624290676
25.095000000008017, 111.01431205465241
25.096000000008026, 111.01762142171181
25.09700000000802, 111.02004640063849
25.09800000000802, 111.02166904798601
25.099000000008026, 111.02257142030786
25.10000000000802, 111.02283557415741
25.101000000008025, 111.02254356608832
25.102000000008026, 111.021777452654
25.103000000008027, 111.02061929040799
25.10400000000803, 111.01915113590377
25.10500000000803, 111.01745504569483
25.10600000000803, 111.01561307633466
25.107000000008032, 111.01370728437685
25.108000000008033, 111.01181972637475
25.109000000008038, 111.01003245888198
25.110000000008036, 111.00842753845203
25.111000000008037, 111.0070870216383
25.112000000008038, 111.00609296499442
25.113000000008043, 111.00552445525632
25.11400000000804, 111.00540245858086
25.115000000008042, 111.00569497214329
25.116000000008043, 111.00636805640394
25.11700000000804, 111.0073877718232
25.118000000008042, 111.0087201788614
25.119000000008047, 111.01033133797894
25.120000000008048, 111.01218730963615
25.12100000000805, 111.0142541542934
25.12200000000805, 111.01649793241103
25.12300000000805, 111.01888470444949
25.124000000008053, 111.02138053086907
25.125000000008054, 111.02395147213011
25.12600000000806, 111.02656358869302
25.127000000008056, 111.02918294101818
25.128000000008058, 111.03177558956588
25.129000000008062, 111.03430759479653
25.130000000008057, 111.03674501717049
25.13100000000806, 111.03905391714812
25.132000000008063, 111.0412003551898
25.133000000008064, 111.04315039175586
25.134000000008058, 111.04487008730666
25.135000000008066, 111.04632550230258
25.136000000008067, 111.04748269720399
25.137000000008065, 111.04830773247127
25.13800000000807, 111.04876666856474
25.139000000008075, 111.04882556594477
25.140000000008072, 111.04845048507173
25.141000000008077, 111.04760748640601
25.142000000008075, 111.04626263040791
25.14300000000808, 111.04438197753784
25.144000000008077, 111.04193158825616
25.14500000000808, 111.03887752302319
25.14600000000808, 111.0351858422994
25.147000000008077, 111.03082260654502
25.148000000008082, 111.02575387622046
25.149000000008083, 111.01994571178612
25.150000000008085, 111.01336417370236
25.151000000008082, 111.00597532242949
25.152000000008087, 110.99777102629261
25.153000000008088, 110.9888547674046
25.15400000000809, 110.97936019431347
25.15500000000809, 110.96942095605888
25.156000000008095, 110.95917070168063
25.157000000008093, 110.94874308021836
25.158000000008094, 110.93827174071188
25.15900000000809, 110.9278903322008
25.1600000000081, 110.91773250372499
25.161000000008105, 110.907931904324
25.1620000000081, 110.8986221830377
25.1630000000081, 110.88993698890576
25.164000000008098, 110.88200997096789
25.165000000008103, 110.87497477826379
25.166000000008104, 110.86896505983323
25.167000000008105, 110.8641144647159
25.168000000008107, 110.86055664195155
25.169000000008108, 110.85842524057986
25.17000000000811, 110.85785390964061
25.17100000000811, 110.85896006248933
25.17200000000811, 110.86168945077569
25.173000000008116, 110.86588468117279
25.174000000008114, 110.87138695275593
25.175000000008115, 110.87803746460042
25.17600000000812, 110.88567741578154
25.17700000000812, 110.89414800537472
25.17800000000812, 110.90329043245518
25.17900000000812, 110.91294589609825
25.18000000000812, 110.92295559537928
25.18100000000812, 110.9331607293736
25.182000000008124, 110.94340249715651
25.183000000008125, 110.95352209780324
25.184000000008126, 110.96336073038925
25.18500000000812, 110.97275959398974
25.18600000000813, 110.98155988768015
25.18700000000813, 110.98960281053564
25.18800000000813, 110.9967295616317
25.189000000008132, 111.00278134004347
25.190000000008137, 111.00760200372376
25.191000000008135, 111.01113158175512
25.192000000008136, 111.01343102413153
25.193000000008137, 111.01456897120104
25.194000000008135, 111.01461406331157
25.19500000000814, 111.01363494081106
25.196000000008144, 111.01170024404756
25.197000000008142, 111.00887861336896
25.19800000000814, 111.00523868912329
25.199000000008144, 111.00084911165847
25.200000000008146, 110.9957785213225
25.201000000008147, 110.99009555846332
25.20200000000814, 110.98386886342888
25.203000000008153, 110.97716707656724
25.20400000000815, 110.9700588382263
25.20500000000815, 110.962612788754
25.206000000008153, 110.95489756849838
25.207000000008158, 110.94698181780736
25.208000000008155, 110.93893417702895
25.209000000008157, 110.93082328694197
25.210000000008158, 110.92271806045585
25.211000000008156, 110.91468814805643
25.212000000008157, 110.90680332398114
25.21300000000816, 110.89913336246754
25.214000000008163, 110.8917480377532
25.21500000000816, 110.88471712407569
25.216000000008165, 110.87811039567248
25.21700000000817, 110.87199762678112
25.21800000000817, 110.86644859163923
25.219000000008162, 110.86153306448423
25.220000000008174, 110.8573208195538
25.22100000000817, 110.85388163108532
25.222000000008173, 110.85128527331646
25.223000000008174, 110.84960152048471
25.22400000000818, 110.84890014682765
25.225000000008176, 110.84925092658278
25.226000000008177, 110.85072363398761
25.22700000000818, 110.85338804327975
25.228000000008176, 110.85731392869671
25.229000000008188, 110.86254725115677
25.230000000008182, 110.86898409730804
25.231000000008184, 110.876462392893
25.232000000008185, 110.88481993531828
25.233000000008193, 110.89389452199038
25.234000000008187, 110.90352395031604
25.23500000000819, 110.91354601770175
25.23600000000819, 110.92379852155415
25.237000000008194, 110.93411925927985
25.238000000008196, 110.94434602828542
25.239000000008193, 110.95431662597754
25.240000000008195, 110.96386884976272
25.2410000000082, 110.97284049704756
25.242000000008197, 110.98106936523871
25.243000000008195, 110.98839325174275
25.2440000000082, 110.99464995396632
25.245000000008197, 110.99967726931591
25.246000000008202, 111.00331299519827
25.247000000008203, 111.00539492901987
25.248000000008204, 111.00577038674726
25.249000000008206, 111.00444748882326
25.250000000008207, 111.00156827253704
25.25100000000821, 110.99727885971363
25.25200000000821, 110.99172537217794
25.25300000000821, 110.98505393175515
25.254000000008215, 110.97741066027017
25.255000000008213, 110.96894167954805
25.256000000008214, 110.95979311141379
25.257000000008215, 110.95011107769244
25.258000000008213, 110.94004170020906
25.259000000008218, 110.92973110078857
25.260000000008215, 110.91932540125603
25.26100000000822, 110.90897072343645
25.262000000008218, 110.8988131891549
25.263000000008223, 110.8889989202363
25.264000000008224, 110.87967403850577
25.265000000008225, 110.87098466578831
25.266000000008226, 110.86307692390889
25.267000000008224, 110.85609616301352
25.268000000008225, 110.85012248732326
25.26900000000823, 110.8451221442608
25.270000000008235, 110.84104993224895
25.27100000000823, 110.8378606497103
25.27200000000824, 110.83550909506769
25.273000000008235, 110.83395006674378
25.274000000008236, 110.8331383631613
25.275000000008234, 110.83302878274301
25.27600000000824, 110.8335761239116
25.27700000000824, 110.83473518508973
25.27800000000824, 110.83646076470019
25.27900000000824, 110.83870766116573
25.280000000008243, 110.84143067290898
25.281000000008245, 110.84458459835272
25.282000000008246, 110.84812423591973
25.283000000008247, 110.85200438403263
25.284000000008252, 110.85617984111414
25.285000000008246, 110.86060540558702
25.286000000008247, 110.86523587587399
25.287000000008252, 110.87002605039781
25.288000000008257, 110.87493072758113
25.289000000008254, 110.87990470584666
25.290000000008256, 110.88490278361724
25.291000000008257, 110.88987975931542
25.29200000000826, 110.8947904313641
25.29300000000826, 110.89958959818586
25.29400000000826, 110.90423205820346
25.29500000000826, 110.90867260983967
25.296000000008263, 110.9128660515172
25.297000000008264, 110.91676718165868
25.298000000008265, 110.92033079868695
25.299000000008267, 110.92351170102464
25.300000000008268, 110.92626468709454
25.301000000008273, 110.92854455531932
25.302000000008267, 110.93030610412174
25.30300000000827, 110.9315041319245
25.304000000008273, 110.93209343715029
25.305000000008278, 110.93202881822192
25.306000000008275, 110.93127173394934
25.30700000000828, 110.92984614256183
25.308000000008278, 110.92781020928021
25.309000000008275, 110.92522244844581
25.310000000008277, 110.92214137440021
25.31100000000828, 110.91862550148483
25.312000000008283, 110.91473334404115
25.313000000008284, 110.91052341641071
25.314000000008285, 110.90605423293478
25.315000000008286, 110.90138430795498
25.316000000008284, 110.89657215581273
25.317000000008292, 110.89167629084953
25.318000000008293, 110.88675522740677
25.31900000000829, 110.88186747982593
25.320000000008292, 110.87707156244852
25.321000000008297, 110.87242598961595
25.32200000000829, 110.86798927566971
25.323000000008296, 110.86381993495131
25.324000000008297, 110.85997648180211
25.325000000008302, 110.85651628438023
25.326000000008303, 110.85346239324642
25.3270000000083, 110.85079843629994
25.328000000008306, 110.84850586808389
25.329000000008303, 110.84656614314159
25.330000000008305, 110.84496071601613
25.331000000008313, 110.84367104125076
25.332000000008307, 110.84267857338871
25.333000000008308, 110.8419647669732
25.33400000000831, 110.84151107654733
25.335000000008314, 110.84129895665444
25.33600000000832, 110.84130986183763
25.337000000008313, 110.84152524664015
25.338000000008314, 110.8419265656052
25.339000000008312, 110.84249527327597
25.340000000008313, 110.84321282419565
25.341000000008318, 110.84406067290749
25.342000000008316, 110.84502027395467
25.343000000008317, 110.84607308188039
25.344000000008318, 110.84720055122789
25.345000000008323, 110.84838413654033
25.346000000008324, 110.8496052923609
25.347000000008325, 110.85084547323285
25.34800000000833, 110.85208613369934
25.349000000008328, 110.8533087283036
25.35000000000833, 110.8544947115889
25.35100000000833, 110.8556255380983
25.352000000008328, 110.8566826623751
25.353000000008333, 110.85764753896252
25.354000000008334, 110.85850162240371
25.35500000000834, 110.85922636724186
25.356000000008333, 110.85980322802025
25.357000000008338, 110.86021365928201
25.35800000000834, 110.86043911557041
25.35900000000834, 110.86046105142857
25.36000000000834, 110.8602609213998
25.361000000008342, 110.85982018002724
25.362000000008344, 110.85912028185405
25.363000000008345, 110.85814268142352
25.364000000008346, 110.8568785058576
25.36500000000835, 110.85537360556918
25.36600000000835, 110.85369305484892
25.36700000000835, 110.8519019490218
25.36800000000835, 110.85006538341273
25.369000000008356, 110.8482484533466
25.370000000008353, 110.84651625414834
25.371000000008355, 110.84493388114294
25.372000000008356, 110.8435664296552
25.37300000000835, 110.84247899501013
25.37400000000836, 110.84173667253258
25.37500000000836, 110.84140455754752
25.37600000000836, 110.84154774537987
25.377000000008362, 110.84223133135453
25.378000000008363, 110.8435204107964
25.379000000008364, 110.84548007903045
25.380000000008366, 110.84817543138158
25.381000000008367, 110.85167156317469
25.382000000008375, 110.8560335697347
25.38300000000837, 110.86132013883284
25.38400000000837, 110.86749577526793
25.38500000000837, 110.87445333785077
25.38600000000837, 110.88208389119472
25.387000000008374, 110.89027849991301
25.388000000008375, 110.89892822861897
25.389000000008377, 110.9079241419258
25.390000000008374, 110.91715730444696
25.39100000000838, 110.92651878079559
25.39200000000838, 110.93589963558507
25.39300000000838, 110.94519093342868
25.394000000008383, 110.95428373893968
25.395000000008384, 110.9630691167314
25.39600000000838, 110.97143813141707
25.397000000008386, 110.97928184761007
25.398000000008388, 110.98649132992365
25.399000000008392, 110.99295764297113
25.40000000000839, 110.99857185136575
25.401000000008388, 111.00322501972082
25.402000000008393, 111.00680917588673
25.403000000008387, 111.00927835165237
25.404000000008395, 111.01068518698011
25.4050000000084, 111.01109110358398
25.406000000008397, 111.01055752317797
25.407000000008402, 111.00914586747608
25.4080000000084, 111.00691755819241
25.4090000000084, 111.0039340170409
25.410000000008402, 111.0002566657356
25.411000000008404, 110.99594692599055
25.412000000008412, 110.99106621951978
25.413000000008406, 110.98567596803727
25.414000000008407, 110.97983759325706
25.41500000000841, 110.97361251689318
25.416000000008406, 110.96706216065968
25.417000000008418, 110.96024794627057
25.418000000008412, 110.9532312954398
25.419000000008413, 110.94607362988151
25.42000000000841, 110.93883637130962
25.421000000008416, 110.93158094127155
25.42200000000842, 110.92436637243983
25.423000000008418, 110.91724329463202
25.424000000008412, 110.91026049108336
25.42500000000842, 110.90346674502928
25.426000000008422, 110.8969108397051
25.427000000008423, 110.89064155834615
25.428000000008424, 110.88470768418779
25.429000000008422, 110.87915800046538
25.430000000008427, 110.87404129041425
25.431000000008428, 110.86940633726972
25.43200000000843, 110.86530192426723
25.433000000008434, 110.86177683464204
25.43400000000843, 110.85887985162952
25.435000000008433, 110.85665975846501
25.436000000008434, 110.85516533838391
25.43700000000843, 110.85444537462146
25.438000000008437, 110.85454865041314
25.439000000008438, 110.8555239489942
25.440000000008443, 110.85742005360004
25.44100000000844, 110.86027690792055
25.44200000000844, 110.86406055864569
25.443000000008443, 110.86870025451633
25.444000000008444, 110.87412497558181
25.445000000008445, 110.88026370189145
25.44600000000845, 110.8870454134945
25.447000000008448, 110.89439909044033
25.44800000000845, 110.90225371277829
25.44900000000845, 110.91053826055763
25.450000000008448, 110.91918171382773
25.451000000008452, 110.92811305263788
25.452000000008454, 110.93726125703739
25.45300000000846, 110.94655530707558
25.454000000008453, 110.9559241828018
25.455000000008457, 110.96529686426537
25.45600000000846, 110.97460233151553
25.45700000000846, 110.98376956460173
25.45800000000846, 110.99272754357314
25.459000000008462, 111.00140524847922
25.460000000008463, 111.00973291662217
25.461000000008468, 111.01767240027146
25.462000000008466, 111.02521874251225
25.46300000000847, 111.03236855908605
25.46400000000847, 111.03911846573435
25.46500000000847, 111.04546507819869
25.46600000000847, 111.05140501222071
25.467000000008476, 111.05693488354186
25.468000000008473, 111.06205130790369
25.469000000008474, 111.06675090104777
25.470000000008476, 111.07103027871558
25.471000000008473, 111.07488605664871
25.472000000008478, 111.07831485058867
25.473000000008476, 111.08131327627703
25.474000000008477, 111.08387794945531
25.47500000000848, 111.08600548586502
25.476000000008487, 111.08769250124773
25.47700000000848, 111.08893561134501
25.478000000008482, 111.08973143189834
25.47900000000849, 111.09007657864925
25.48000000000849, 111.08996766733935
25.48100000000849, 111.08940131371017
25.48200000000849, 111.08837413350315
25.48300000000849, 111.08688274245992
25.48400000000849, 111.08492375632201
25.485000000008494, 111.08249379083095
25.486000000008495, 111.07958946172826
25.487000000008496, 111.07620738475546
25.488000000008498, 111.07234417565418
25.489000000008506, 111.06799645016585
25.490000000008504, 111.06316082403207
25.491000000008498, 111.05783391299434
25.492000000008503, 111.05201233279426
25.493000000008507, 111.0456926991733
25.494000000008505, 111.03887162787306
25.495000000008503, 111.03154573463505
25.496000000008507, 111.02371163520078
25.497000000008516, 111.01536594531181
25.49800000000851, 111.00650528070972
25.49900000000851, 110.99714029532166
25.50000000000851, 110.98735313889554
25.50100000000851, 110.97724866465191
25.502000000008515, 110.96693173512605
25.503000000008516, 110.95650721285338
25.504000000008517, 110.94607996036908
25.50500000000851, 110.93575484020849
25.50600000000852, 110.92563671490689
25.507000000008517, 110.91583044699959
25.508000000008522, 110.9064408990219
25.509000000008527, 110.8975729335091
25.510000000008528, 110.88933141299646
25.511000000008526, 110.8818212000193
25.512000000008527, 110.87514715711293
25.513000000008528, 110.86941414681262
25.514000000008526, 110.86472703165371
25.51500000000853, 110.86119067417144
25.516000000008532, 110.8589099369011
25.517000000008533, 110.85798968237805
25.51800000000853, 110.85852518923879
25.519000000008536, 110.86048834105227
25.520000000008537, 110.86376532601938
25.521000000008538, 110.8682406039848
25.52200000000854, 110.87379863479332
25.52300000000854, 110.88032387828959
25.52400000000854, 110.88770079431826
25.525000000008543, 110.89581384272404
25.526000000008544, 110.90454748335165
25.52700000000855, 110.91378617604578
25.528000000008547, 110.92341438065114
25.529000000008548, 110.93331655701233
25.53000000000855, 110.94337716497418
25.531000000008547, 110.95348066438129
25.53200000000855, 110.96351151507838
25.533000000008553, 110.9733541769101
25.534000000008557, 110.98289310972126
25.53500000000855, 110.99201277335646
25.536000000008556, 111.00059762766038
25.537000000008558, 111.00853320699214
25.53800000000856, 111.01575932538003
25.53900000000856, 111.0222945414894
25.54000000000857, 111.02816359481882
25.541000000008562, 111.03339122486666
25.542000000008564, 111.03800217113148
25.543000000008565, 111.04202117311175
25.54400000000857, 111.04547297030591
25.545000000008567, 111.04838230221253
25.54600000000857, 111.05077390833004
25.54700000000857, 111.05267252815689
25.548000000008567, 111.05410290119161
25.549000000008572, 111.05508976693265
25.550000000008573, 111.05565786487853
25.551000000008575, 111.05583193452773
25.552000000008576, 111.05563671537871
25.553000000008577, 111.05509694692995
25.55400000000858, 111.05423736867994
25.55500000000858, 111.05308272012715
25.55600000000858, 111.05165774077011
25.557000000008586, 111.04998717010729
25.558000000008583, 111.0480957476371
25.559000000008584, 111.04600821285811
25.56000000000859, 111.04374930526875
25.56100000000859, 111.04134376436753
25.562000000008588, 111.03881632965295
25.563000000008586, 111.03619174062344
25.564000000008587, 111.0334947367775
25.565000000008588, 111.03075005761364
25.566000000008593, 111.02798244263035
25.567000000008594, 111.02521663132606
25.568000000008595, 111.0224773631993
25.569000000008597, 111.01978937774851
25.570000000008598, 111.0171774144722
25.5710000000086, 111.01466621286887
25.5720000000086, 111.01228051243696
25.5730000000086, 111.01004505267498
25.574000000008606, 111.00798457308142
25.575000000008604, 111.00612381315473
25.576000000008605, 111.00448473999114
25.577000000008606, 111.00306860698831
25.578000000008604, 111.00186729525541
25.57900000000861, 111.0008726397661
25.58000000000861, 111.000076475494
25.58100000000861, 110.99947063741276
25.58200000000861, 110.99904696049597
25.583000000008614, 110.99879727971732
25.584000000008615, 110.9987134300504
25.585000000008616, 110.99878724646891
25.586000000008617, 110.9990105639464
25.58700000000862, 110.99937521745653
25.58800000000862, 110.99987304197296
25.58900000000862, 111.00049587246929
25.590000000008622, 111.0012355439192
25.59100000000863, 111.00208389129628
25.592000000008625, 111.00303274957416
25.593000000008626, 111.00407395372649
25.594000000008627, 111.00519933872691
25.595000000008632, 111.00640022656555
25.59600000000863, 111.00765697341683
25.59700000000863, 111.00893941327459
25.598000000008632, 111.01021695592388
25.59900000000863, 111.01145901114963
25.600000000008635, 111.01263498873682
25.601000000008636, 111.01371429847038
25.60200000000864, 111.01466635013534
25.60300000000864, 111.0154605535166
25.604000000008643, 111.01606631839923
25.60500000000864, 111.01645305456809
25.606000000008642, 111.0165901718082
25.607000000008643, 111.01644707990451
25.608000000008648, 111.01599318864201
25.609000000008642, 111.01519790780566
25.61000000000865, 111.01403064718042
25.61100000000864, 111.0124608165513
25.612000000008646, 111.01045782570318
25.613000000008647, 111.00799108442112
25.614000000008648, 111.00503021732139
25.615000000008653, 111.00157515814124
25.616000000008654, 110.99768718179065
25.617000000008655, 110.99343496925455
25.618000000008657, 110.9888872015179
25.619000000008658, 110.9841125595655
25.620000000008652, 110.97917972438239
25.621000000008664, 110.97415737695339
25.62200000000866, 110.9691141982635
25.62300000000866, 110.96411886929758
25.624000000008664, 110.95924007104057
25.62500000000867, 110.95454648447738
25.626000000008673, 110.9501067905929
25.627000000008668, 110.9459896703721
25.62800000000867, 110.94226380479984
25.629000000008666, 110.93899787486106
25.63000000000867, 110.93626056154072
25.631000000008672, 110.93412054582365
25.632000000008674, 110.93264650869484
25.633000000008675, 110.93190713113911
25.634000000008676, 110.9319526611303
25.635000000008674, 110.93274875360959
25.63600000000868, 110.93423681158826
25.63700000000868, 110.93635823604644
25.638000000008685, 110.9390544279643
25.639000000008682, 110.94226678832182
25.640000000008683, 110.94593671809916
25.641000000008685, 110.95000561827648
25.642000000008682, 110.95441488983373
25.643000000008687, 110.95910593375116
25.64400000000869, 110.96402015100881
25.64500000000869, 110.96909894258674
25.646000000008687, 110.9742837094651
25.647000000008692, 110.979515852624
25.648000000008693, 110.9847367730435
25.649000000008694, 110.98988787170369
25.650000000008696, 110.99491054958476
25.651000000008697, 110.99974620766666
25.652000000008698, 111.00433624692965
25.653000000008703, 111.00862404253782
25.654000000008693, 111.01257536275169
25.655000000008705, 111.01617016292396
25.656000000008703, 111.01938862344464
25.657000000008704, 111.02221092470364
25.658000000008705, 111.02461724709087
25.659000000008703, 111.02658777099636
25.660000000008708, 111.02810267681002
25.66100000000871, 111.0291421449218
25.66200000000871, 111.02968635572176
25.663000000008708, 111.02971548959971
25.664000000008713, 111.02920972694565
25.665000000008714, 111.02814924814959
25.666000000008715, 111.0265142336014
25.667000000008716, 111.0242848636911
25.66800000000872, 111.02144131880863
25.66900000000872, 111.01796377934389
25.67000000000872, 111.01383242568696
25.671000000008725, 111.00902743822766
25.672000000008726, 111.00352982211746
25.67300000000873, 110.99735407819786
25.674000000008725, 110.9905590671051
25.675000000008726, 110.98320670095063
25.676000000008724, 110.97535889184593
25.67700000000873, 110.96707755190252
25.67800000000873, 110.95842459323181
25.67900000000873, 110.94946192794539
25.680000000008732, 110.94025146815467
25.681000000008734, 110.93085512597115
25.682000000008735, 110.92133481350632
25.683000000008736, 110.91175244287166
25.684000000008737, 110.90216992617863
25.685000000008746, 110.89264917553876
25.68600000000874, 110.88325210306347
25.68700000000874, 110.87404062086432
25.688000000008742, 110.86507664105275
25.689000000008747, 110.85642207574023
25.69000000000874, 110.8481388370383
25.691000000008746, 110.84028883705835
25.692000000008747, 110.83293398791201
25.693000000008745, 110.82613620171061
25.694000000008757, 110.8199573905657
25.69500000000875, 110.81445946658876
25.696000000008752, 110.80970434189132
25.697000000008753, 110.80575392858475
25.698000000008754, 110.80267013878064
25.69900000000876, 110.80051488459046
25.700000000008757, 110.79935007812561
25.701000000008758, 110.79923763149768
25.702000000008763, 110.80023945681809
25.70300000000876, 110.80241746619834
25.70400000000876, 110.8058335717499
25.705000000008756, 110.81054968558428
25.706000000008757, 110.81662771981296
25.707000000008765, 110.8241295865474
25.708000000008767, 110.83311719789913
25.709000000008768, 110.84365246597956
25.710000000008765, 110.85579730290023
25.71100000000877, 110.86958586129293
25.71200000000877, 110.88486644294025
25.713000000008773, 110.90141104877405
25.714000000008774, 110.91899144669898
25.715000000008775, 110.93737940461975
25.716000000008773, 110.95634669044104
25.71700000000878, 110.97566507206746
25.71800000000878, 110.99510631740375
25.719000000008784, 111.0144421943546
25.72000000000879, 111.03344447082459
25.721000000008782, 111.05188491471849
25.722000000008784, 111.06953529394086
25.72300000000878, 111.08616737639647
25.724000000008786, 111.10155292998995
25.725000000008787, 111.115463722626
25.72600000000879, 111.12767152220925
25.727000000008793, 111.13794809664442
25.72800000000879, 111.14606521383617
25.729000000008792, 111.15179464168914
25.730000000008793, 111.15492133904624
25.731000000008795, 111.15547243113105
25.732000000008792, 111.15368740738117
25.733000000008797, 111.1498129554977
25.7340000000088, 111.1440957631817
25.7350000000088, 111.1367825181342
25.736000000008804, 111.1281199080563
25.737000000008802, 111.11835462064909
25.738000000008803, 111.10773334361363
25.739000000008804, 111.09650276465102
25.7400000000088, 111.08490957146238
25.741000000008807, 111.07320045174865
25.742000000008808, 111.06162209321106
25.74300000000881, 111.05042118355053
25.744000000008814, 111.0398444104683
25.74500000000881, 111.03013846166535
25.746000000008813, 111.02155002484272
25.747000000008814, 111.01432578770164
25.748000000008815, 111.00871243794303
25.749000000008813, 111.00495540134949
25.750000000008818, 111.00317326502679
25.75100000000882, 111.00325108526573
25.75200000000882, 111.0050487923731
25.753000000008825, 111.00842631665562
25.75400000000883, 111.01324358842014
25.755000000008824, 111.01936053797344
25.756000000008825, 111.02663709562229
25.757000000008823, 111.03493319167355
25.758000000008828, 111.04410875643393
25.75900000000883, 111.05402372021021
25.76000000000883, 111.06453801330927
25.76100000000883, 111.07551156603787
25.762000000008833, 111.08680430870271
25.763000000008834, 111.0982761716107
25.764000000008835, 111.10978708506856
25.765000000008836, 111.12119697938314
25.76600000000884, 111.13236578486121
25.76700000000884, 111.14315343180955
25.768000000008843, 111.15341985053492
25.76900000000884, 111.16304937444802
25.770000000008846, 111.17202730797806
25.77100000000885, 111.18036506664919
25.772000000008845, 111.18807406602181
25.773000000008846, 111.1951657216564
25.774000000008844, 111.20165144911327
25.77500000000885, 111.20754266395289
25.77600000000885, 111.21285078173567
25.77700000000885, 111.217587218022
25.778000000008852, 111.22176338837228
25.77900000000886, 111.22539070834691
25.780000000008854, 111.2284805935063
25.781000000008856, 111.23104445941088
25.782000000008857, 111.23309372162102
25.78300000000886, 111.23463979569718
25.78400000000886, 111.23569409719971
25.78500000000886, 111.23626804168902
25.786000000008862, 111.23637304472555
25.787000000008867, 111.2360205218697
25.788000000008864, 111.23522188868188
25.789000000008865, 111.23398856072244
25.790000000008867, 111.23233195355185
25.791000000008864, 111.2302634827305
25.79200000000887, 111.22779456381876
25.79300000000887, 111.2249366123771
25.79400000000887, 111.22170104396594
25.795000000008873, 111.21809927414556
25.796000000008878, 111.21414271847648
25.79700000000887, 111.20984279251908
25.798000000008876, 111.20521091183372
25.799000000008878, 111.2002584919809
25.800000000008882, 111.19499694852094
25.80100000000888, 111.18943769701426
25.80200000000888, 111.1835921530213
25.803000000008883, 111.17747173210246
25.80400000000888, 111.17108784981811
25.805000000008885, 111.1644519217287
25.806000000008886, 111.15757536339467
25.807000000008884, 111.15046983958379
25.80800000000889, 111.14315531298848
25.80900000000889, 111.13566178403464
25.81000000000889, 111.1280198542741
25.811000000008892, 111.12026012525884
25.812000000008894, 111.11241319854066
25.8130000000089, 111.1045096756716
25.814000000008896, 111.09658015820341
25.815000000008894, 111.08865524768811
25.8160000000089, 111.08076554567754
25.817000000008903, 111.07294165372362
25.8180000000089, 111.06521417337828
25.8190000000089, 111.05761370619338
25.820000000008903, 111.0501708537209
25.8210000000089, 111.04291621751264
25.822000000008913, 111.0358803991206
25.823000000008907, 111.02909400009658
25.824000000008905, 111.02258762199259
25.82500000000891, 111.01639186636046
25.82600000000891, 111.01053733475219
25.827000000008912, 111.0050546287195
25.828000000008913, 110.99997434981447
25.829000000008914, 110.99532709958896
25.83000000000892, 110.9911434795948
25.831000000008917, 110.98745409138405
25.832000000008918, 110.98428953650844
25.833000000008923, 110.98168041651998
25.834000000008917, 110.97965733297052
25.83500000000892, 110.978250887412
25.836000000008923, 110.97749168139632
25.837000000008924, 110.97741031647536
25.83800000000892, 110.97803739420104
25.839000000008927, 110.97940351612529
25.84000000000893, 110.98153928379996
25.84100000000893, 110.98447529877694
25.84200000000893, 110.98824216260823
25.84300000000893, 110.99287047684568
25.844000000008933, 110.99839084304116
25.845000000008934, 111.00483386274666
25.846000000008935, 111.01221181266355
25.84700000000894, 111.02042679635304
25.848000000008938, 111.02933993709671
25.84900000000894, 111.03881228952326
25.85000000000894, 111.04870490826148
25.851000000008938, 111.05887884794004
25.852000000008942, 111.06919516318786
25.853000000008944, 111.07951490863351
25.854000000008945, 111.08969913890584
25.855000000008943, 111.0996089086336
25.856000000008944, 111.10910527244553
25.85700000000895, 111.11804928497037
25.85800000000895, 111.12630200083686
25.85900000000895, 111.13372447467378
25.860000000008956, 111.1401777611099
25.861000000008953, 111.14552291477393
25.862000000008955, 111.14962099029462
25.863000000008956, 111.15233304230077
25.86400000000896, 111.15352012542108
25.86500000000896, 111.15305290527445
25.86600000000896, 111.15095489747395
25.86700000000896, 111.14737208443815
25.86800000000896, 111.14245388922791
25.869000000008963, 111.13634973490412
25.870000000008964, 111.12920904452764
25.87100000000897, 111.12118124115935
25.872000000008967, 111.1124157478601
25.873000000008968, 111.10306198769074
25.87400000000897, 111.09326938371217
25.875000000008967, 111.08318735898521
25.876000000008972, 111.0729653365708
25.877000000008977, 111.06275273952976
25.87800000000897, 111.05269899092295
25.879000000008975, 111.04295351381121
25.880000000008977, 111.0336657312555
25.88100000000898, 111.02498506631662
25.88200000000898, 111.01706094205542
25.88300000000898, 111.01004278153283
25.88400000000898, 111.0040788977399
25.88500000000898, 110.99923442420382
25.88600000000898, 110.99543500736831
25.887000000008985, 110.99259296977073
25.888000000008986, 110.99062063394828
25.889000000008988, 110.98943032243821
25.89000000000899, 110.98893435777777
25.89100000000899, 110.98904506250419
25.89200000000899, 110.9896747591547
25.893000000008993, 110.9907357702666
25.894000000008997, 110.99214041837706
25.895000000008995, 110.99380102602335
25.896000000008996, 110.99562991574274
25.897000000008997, 110.99753941007248
25.898000000008995, 110.99944183154979
25.899000000009, 111.00124950271191
25.900000000009, 111.00287474609605
25.901000000009002, 111.00422988423955
25.902000000009, 111.00522723967957
25.903000000009005, 111.00577913529729
25.904000000009006, 111.00582740021545
25.905000000009007, 111.00542395860936
25.906000000009012, 111.00464640746598
25.90700000000901, 111.00357234377235
25.90800000000901, 111.00227936451543
25.909000000009012, 111.00084506668229
25.910000000009013, 110.99934704725982
25.911000000009018, 110.99786290323514
25.912000000009016, 110.99647023159521
25.913000000009017, 110.99524662932703
25.91400000000901, 110.99426969341756
25.915000000009016, 110.99361702085392
25.91600000000902, 110.99336620862302
25.91700000000902, 110.99359485371187
25.918000000009023, 110.99438055310752
25.91900000000902, 110.99580090379693
25.920000000009026, 110.99793350276714
25.921000000009027, 111.00085594700512
25.922000000009028, 111.0046458334979
25.92300000000903, 111.00936871406967
25.924000000009034, 111.01498260519031
25.92500000000903, 111.02138898930134
25.926000000009033, 111.02848884572067
25.927000000009038, 111.03618315376612
25.92800000000904, 111.04437289275566
25.929000000009037, 111.05295904200713
25.93000000000904, 111.06184258083846
25.931000000009032, 111.07092448856753
25.932000000009037, 111.08010574451221
25.93300000000904, 111.08928732799048
25.934000000009043, 111.09837021832011
25.935000000009044, 111.1072553948191
25.93600000000905, 111.11584383680528
25.937000000009046, 111.1240365235966
25.938000000009048, 111.1317344345109
25.93900000000905, 111.13883854886609
25.94000000000905, 111.14524984598003
25.941000000009055, 111.15086930517074
25.942000000009052, 111.15560016924832
25.943000000009054, 111.15940847748124
25.944000000009055, 111.16232968143274
25.94500000000906, 111.1644028234888
25.946000000009057, 111.16566694603533
25.947000000009055, 111.16616109145822
25.948000000009056, 111.1659243021435
25.949000000009057, 111.16499562047697
25.950000000009062, 111.16341408884463
25.951000000009063, 111.16121874963241
25.952000000009065, 111.15844864522629
25.953000000009066, 111.15514281801205
25.954000000009067, 111.15134031037574
25.955000000009065, 111.1470801647033
25.95600000000907, 111.14240142338056
25.95700000000907, 111.13734312879357
25.958000000009076, 111.13194432332821
25.959000000009073, 111.12624404937034
25.960000000009074, 111.12028134930597
25.961000000009076, 111.114095265521
25.962000000009073, 111.10772484040143
25.963000000009078, 111.1012091163331
25.964000000009076, 111.09458713570191
25.96500000000908, 111.08789794089395
25.966000000009075, 111.08118057429498
25.967000000009083, 111.07447407829105
25.968000000009084, 111.06781749526803
25.969000000009085, 111.06124986761185
25.970000000009087, 111.05481023770847
25.971000000009088, 111.04853764794373
25.97200000000909, 111.0424711407037
25.97300000000909, 111.03664975837422
25.97400000000909, 111.03111254334128
25.97500000000909, 111.02589853799068
25.976000000009094, 111.0210467847085
25.977000000009095, 111.0165963258806
25.978000000009096, 111.01258620389295
25.979000000009094, 111.00905546113142
25.9800000000091, 111.00604313998195
25.9810000000091, 111.0035781889462
25.9820000000091, 111.00163496772187
25.9830000000091, 111.0001694665655
25.9840000000091, 110.99913766190616
25.985000000009105, 110.99849553017305
25.98600000000911, 110.9981990477952
25.9870000000091, 110.99820419120178
25.988000000009112, 110.9984669368219
25.989000000009106, 110.99894326108463
25.990000000009115, 110.99958914041916
25.991000000009112, 111.00036055125457
25.99200000000911, 111.00121347001992
25.993000000009115, 111.00210387314442
25.994000000009116, 111.00298773705714
25.995000000009117, 111.00382103818723
25.996000000009115, 111.00455975296374
25.99700000000912, 111.00515985781584
25.99800000000912, 111.0055773291726
25.999000000009122, 111.00576814346314
26.000000000009123, 111.00569181731038
26.001000000009125, 111.00535700150549
26.002000000009126, 111.00480829900248
26.003000000009127, 111.00409113564507
26.00400000000913, 111.00325093727686
26.005000000009133, 111.00233312974146
26.00600000000913, 111.00138313888252
26.007000000009132, 111.00044639054374
26.008000000009133, 110.99956831056863
26.009000000009138, 110.99879432480097
26.010000000009136, 110.99816985908421
26.011000000009137, 110.99774033926218
26.012000000009138, 110.99755119117836
26.013000000009136, 110.9976478406765
26.01400000000914, 110.99807571360022
26.015000000009145, 110.99888023579305
26.01600000000914, 111.00010683309877
26.017000000009144, 111.00180093136092
26.018000000009145, 111.0040079564231
26.019000000009147, 111.00677255052224
26.020000000009148, 111.01009402992312
26.02100000000915, 111.01390241077146
26.022000000009154, 111.01812185816516
26.02300000000915, 111.02267653720216
26.024000000009153, 111.02749061298032
26.025000000009154, 111.03248825059764
26.02600000000915, 111.037593615152
26.027000000009156, 111.04273087174131
26.028000000009158, 111.0478241854636
26.02900000000916, 111.05279772141664
26.030000000009164, 111.05757564469842
26.031000000009158, 111.06208212040684
26.032000000009162, 111.06624131363986
26.033000000009164, 111.0699773894954
26.034000000009158, 111.07321451307136
26.035000000009166, 111.07587684946566
26.036000000009167, 111.0778885637762
26.03700000000917, 111.07917382110097
26.038000000009173, 111.07965679127635
26.039000000009178, 111.07929085266738
26.040000000009172, 111.07812771418696
26.041000000009173, 111.07623975489496
26.042000000009175, 111.0736993538514
26.043000000009172, 111.07057889011621
26.044000000009177, 111.06695074274934
26.04500000000918, 111.06288729081066
26.046000000009183, 111.05846091336024
26.047000000009177, 111.05374398945796
26.048000000009182, 111.04880889816371
26.049000000009183, 111.04372801853755
26.050000000009184, 111.03857372963934
26.051000000009186, 111.03341841052911
26.052000000009183, 111.0283344402667
26.05300000000919, 111.02339419791215
26.05400000000919, 111.01867006252536
26.05500000000919, 111.01423441316626
26.056000000009195, 111.01015962889483
26.057000000009193, 111.00651808877103
26.058000000009194, 111.00337437959905
26.059000000009195, 111.0007310235211
26.060000000009193, 110.99856087213867
26.061000000009205, 110.99683659246925
26.0620000000092, 110.99553085153026
26.0630000000092, 110.9946163163392
26.0640000000092, 110.99406565391345
26.065000000009203, 110.99385153127051
26.066000000009204, 110.99394661542779
26.067000000009205, 110.99432357340271
26.068000000009206, 110.99495507221279
26.069000000009204, 110.9958137788754
26.07000000000921, 110.99687236040803
26.07100000000921, 110.99810348382809
26.07200000000921, 110.99947981615301
26.073000000009216, 111.00097402440029
26.074000000009214, 111.00255877558735
26.07500000000921, 111.00420673673163
26.076000000009216, 111.0058905748506
26.077000000009214, 111.00758295696166
26.07800000000922, 111.00925655008226
26.07900000000922, 111.01088402122986
26.08000000000922, 111.01243803742189
26.081000000009222, 111.01389126567581
26.082000000009224, 111.0152163730091
26.083000000009225, 111.01638602643914
26.084000000009226, 111.01737289298336
26.085000000009227, 111.01814963965928
26.086000000009232, 111.01868893348427
26.08700000000923, 111.01896344147583
26.08800000000923, 111.01894583065136
26.089000000009232, 111.01860876802834
26.09000000000923, 111.01792492062421
26.091000000009235, 111.01686695545641
26.092000000009236, 111.01540753954237
26.093000000009237, 111.01351933989953
26.094000000009235, 111.01117502354532
26.09500000000924, 111.00834725749723
26.09600000000924, 111.00500882080735
26.097000000009242, 111.00115219323163
26.098000000009247, 110.99681196941454
26.09900000000924, 110.99202816774604
26.100000000009246, 110.98684080661639
26.101000000009247, 110.98128990441566
26.102000000009248, 110.975415479534
26.103000000009253, 110.96925755036159
26.10400000000925, 110.96285613528848
26.10500000000925, 110.95625125270485
26.106000000009253, 110.94948292100091
26.10700000000925, 110.94259115856667
26.108000000009255, 110.93561598379236
26.109000000009257, 110.92859741506808
26.110000000009258, 110.92157547078398
26.111000000009255, 110.91459016933015
26.11200000000926, 110.90768152909682
26.113000000009265, 110.90088956847404
26.114000000009263, 110.89425430585197
26.115000000009267, 110.88781575962079
26.11600000000927, 110.88161394817061
26.117000000009263, 110.87568888989148
26.118000000009268, 110.87008060317373
26.11900000000927, 110.86482910640733
26.120000000009274, 110.85997441798244
26.12100000000927, 110.85555655628927
26.122000000009272, 110.85161553971795
26.123000000009274, 110.8481913866585
26.12400000000927, 110.84532411550121
26.125000000009276, 110.84305374463612
26.126000000009277, 110.84142029245338
26.12700000000928, 110.84046377734313
26.12800000000928, 110.84022421769555
26.12900000000928, 110.84074163190074
26.130000000009282, 110.84205603834886
26.131000000009283, 110.84420745543001
26.132000000009285, 110.8472359015343
26.13300000000929, 110.85118139505201
26.134000000009287, 110.85608395437312
26.13500000000929, 110.86197585441985
26.136000000009282, 110.8687949895189
26.137000000009294, 110.87641622554015
26.13800000000929, 110.88471327752082
26.139000000009293, 110.89355986049787
26.140000000009294, 110.90282968950842
26.141000000009292, 110.91239647958953
26.142000000009297, 110.92213394577834
26.143000000009298, 110.93191580311182
26.1440000000093, 110.94161576662712
26.1450000000093, 110.95110755136129
26.146000000009302, 110.96026487235144
26.147000000009303, 110.96896144463457
26.148000000009304, 110.97707098324787
26.149000000009305, 110.98446720322829
26.150000000009303, 110.99102381961298
26.151000000009308, 110.99661454743902
26.15200000000931, 111.00111310174347
26.15300000000931, 111.00439319756337
26.154000000009308, 111.00633077663943
26.155000000009313, 111.00690397308439
26.156000000009314, 111.00623349639211
26.157000000009315, 111.00445064118696
26.158000000009313, 111.00168670209337
26.159000000009318, 110.99807297373582
26.16000000000932, 110.99374075073867
26.16100000000932, 110.98882132772638
26.16200000000932, 110.98344599932328
26.163000000009323, 110.97774606015396
26.164000000009324, 110.97185280484265
26.165000000009325, 110.96589752801391
26.166000000009326, 110.96001152429206
26.16700000000933, 110.9543260883016
26.16800000000933, 110.94897251466693
26.16900000000933, 110.94408209801246
26.170000000009335, 110.93978613296258
26.17100000000933, 110.93621591414177
26.17200000000934, 110.9335027361744
26.173000000009335, 110.9317778648709
26.174000000009336, 110.93112470661468
26.17500000000934, 110.931481148438
26.17600000000934, 110.93275752131395
26.17700000000934, 110.93486415621558
26.17800000000934, 110.93771138411617
26.179000000009342, 110.94120953598872
26.18000000000935, 110.94526894280638
26.181000000009345, 110.94979993554236
26.182000000009346, 110.95471284516974
26.183000000009347, 110.9599180026616
26.184000000009352, 110.96532573899113
26.185000000009346, 110.97084638513141
26.18600000000935, 110.97639027205565
26.187000000009355, 110.9818677307369
26.18800000000935, 110.98718909214833
26.189000000009354, 110.99226468726306
26.190000000009356, 110.99700484705416
26.191000000009357, 111.00131990249486
26.19200000000935, 111.00512018455827
26.19300000000936, 111.00832773167342
26.194000000009364, 111.01094802076261
26.19500000000936, 111.01302275145784
26.196000000009356, 111.01459377053747
26.197000000009368, 111.01570292477984
26.198000000009365, 111.01639206096318
26.199000000009363, 111.01670302586601
26.200000000009368, 111.01667766626647
26.201000000009373, 111.01635782894306
26.20200000000937, 111.01578536067399
26.20300000000937, 111.01500210823764
26.204000000009373, 111.01404991841234
26.20500000000937, 111.01297063797642
26.206000000009375, 111.01180611370823
26.207000000009376, 111.01059819238606
26.208000000009378, 111.0093887207883
26.20900000000937, 111.00821954569321
26.210000000009376, 111.00713251387918
26.21100000000938, 111.00616947212455
26.212000000009382, 111.00537083040642
26.213000000009384, 111.00474825280551
26.214000000009392, 111.00428686130016
26.215000000009386, 111.00397078270545
26.216000000009387, 111.00378414383655
26.21700000000939, 111.00371107150858
26.218000000009383, 111.0037356925366
26.21900000000939, 111.00384213373579
26.220000000009392, 111.00401452192119
26.22100000000939, 111.00423698390802
26.22200000000939, 111.00449364651129
26.223000000009392, 111.0047686365462
26.224000000009397, 111.00504608082781
26.2250000000094, 111.00531010617132
26.226000000009392, 111.00554483939176
26.227000000009397, 111.0057344073043
26.2280000000094, 111.00586293672403
26.229000000009403, 111.00591455446607
26.230000000009404, 111.00587338734559
26.231000000009402, 111.00572365962374
26.232000000009407, 111.0054614125363
26.233000000009408, 111.00510565163671
26.234000000009402, 111.00467802288617
26.235000000009407, 111.00420017224583
26.236000000009412, 111.00369374567693
26.237000000009413, 111.00318038914061
26.238000000009414, 111.00268174859809
26.23900000000942, 111.00221947001064
26.240000000009417, 111.00181519933936
26.24100000000942, 111.00149058254546
26.24200000000942, 111.00126726559017
26.24300000000942, 111.00116689443468
26.244000000009425, 111.00121111504015
26.245000000009423, 111.00142157336782
26.246000000009424, 111.00181991537883
26.247000000009425, 111.00242778703445
26.24800000000943, 111.00326683429583
26.249000000009428, 111.00435870312415
26.250000000009425, 111.00572503948065
26.251000000009434, 111.00737348465913
26.252000000009424, 111.00925019631539
26.253000000009433, 111.01128446424872
26.254000000009434, 111.0134055777991
26.255000000009435, 111.01554282630673
26.25600000000943, 111.0176254991116
26.257000000009437, 111.01958288555392
26.25800000000944, 111.02134427497374
26.25900000000944, 111.02283895671113
26.260000000009434, 111.02399622010626
26.26100000000944, 111.0247453544992
26.262000000009447, 111.02501564922999
26.263000000009445, 111.02473639363882
26.264000000009446, 111.02383687706573
26.265000000009454, 111.02224638885087
26.26600000000945, 111.01989421833433
26.267000000009446, 111.0167096548562
26.268000000009454, 111.01262198775655
26.26900000000945, 111.00756050637551
26.27000000000946, 111.00146581124798
26.271000000009455, 110.99440022761073
26.272000000009456, 110.98650021038219
26.273000000009457, 110.97790326643775
26.27400000000946, 110.96874690265258
26.27500000000946, 110.95916862590197
26.276000000009464, 110.94930594306106
26.277000000009462, 110.93929636100525
26.27800000000947, 110.92927738660966
26.279000000009468, 110.91938652674963
26.280000000009466, 110.9097612883004
26.28100000000946, 110.9005391781372
26.282000000009464, 110.89185770313522
26.28300000000947, 110.88385437016976
26.28400000000947, 110.8766666861161
26.28500000000947, 110.87043215784948
26.28600000000947, 110.86528829224511
26.28700000000947, 110.86137259617826
26.288000000009475, 110.85882257652413
26.289000000009477, 110.85777297038567
26.290000000009478, 110.85825540830321
26.29100000000948, 110.8601701662563
26.29200000000948, 110.86340899681318
26.29300000000948, 110.86786365254224
26.294000000009486, 110.87342588601192
26.29500000000948, 110.87998744979055
26.296000000009485, 110.88744009644648
26.297000000009486, 110.89567557854807
26.298000000009488, 110.90458564866375
26.299000000009485, 110.91406205936181
26.30000000000949, 110.9239965632107
26.30100000000949, 110.93428091277869
26.302000000009492, 110.94480686063424
26.303000000009497, 110.95546615934569
26.304000000009495, 110.96615056148136
26.305000000009496, 110.9767518196097
26.306000000009497, 110.987161686299
26.3070000000095, 110.9972719141177
26.308000000009503, 111.00697429247799
26.3090000000095, 111.0161864164371
26.3100000000095, 111.02489684212694
26.311000000009503, 111.03310621674254
26.31200000000951, 111.04081518747888
26.313000000009513, 111.04802440153105
26.314000000009507, 111.05473450609401
26.3150000000095, 111.06094614836289
26.316000000009506, 111.0666599755326
26.31700000000951, 111.07187663479827
26.318000000009516, 111.07659677335488
26.319000000009513, 111.08082103839746
26.320000000009514, 111.08455007712108
26.321000000009516, 111.08778453672068
26.322000000009517, 111.09052506439133
26.323000000009518, 111.09277230732815
26.32400000000952, 111.09452691272608
26.325000000009524, 111.09578952778007
26.32600000000952, 111.09656079968532
26.327000000009523, 111.09684137563676
26.328000000009524, 111.09663190282942
26.32900000000953, 111.09593302845836
26.330000000009534, 111.09474539971862
26.331000000009528, 111.09306966380518
26.33200000000953, 111.09090646791309
26.333000000009527, 111.08825645923737
26.33400000000953, 111.08512028497307
26.335000000009533, 111.08149859231523
26.336000000009534, 111.07739202845886
26.337000000009535, 111.07280124059898
26.338000000009536, 111.0677268759306
26.339000000009538, 111.0621695816488
26.340000000009535, 111.05613000494859
26.34100000000954, 111.04960879302497
26.342000000009538, 111.04260659307302
26.343000000009543, 111.03512405228774
26.344000000009544, 111.02716181786415
26.345000000009545, 111.01872053699731
26.346000000009543, 111.00980085688221
26.347000000009547, 111.00040646533456
26.34800000000955, 110.9905934975628
26.349000000009553, 110.98046234208438
26.350000000009548, 110.97011477438076
26.351000000009552, 110.95965256993328
26.352000000009554, 110.94917750422317
26.353000000009555, 110.93879135273191
26.354000000009556, 110.92859589094074
26.355000000009557, 110.91869289433102
26.35600000000956, 110.90918413838415
26.35700000000956, 110.9001713985814
26.35800000000956, 110.89175645040417
26.35900000000956, 110.88404106933376
26.36000000000956, 110.87712703085151
26.361000000009565, 110.8711161104388
26.36200000000956, 110.86611008357698
26.363000000009563, 110.86221072574733
26.36400000000957, 110.85951981243117
26.36500000000957, 110.85813911910998
26.366000000009567, 110.85816959945973
26.36700000000957, 110.85963970485626
26.368000000009573, 110.86244964198846
26.369000000009574, 110.86648649739217
26.370000000009576, 110.87163735760325
26.371000000009577, 110.87778930915752
26.37200000000958, 110.88482943859088
26.37300000000958, 110.89264483243915
26.374000000009577, 110.9011225772382
26.37500000000958, 110.9101497595239
26.376000000009586, 110.919613465832
26.377000000009584, 110.92940078269847
26.378000000009585, 110.93939879665913
26.37900000000959, 110.94949459424983
26.38000000000959, 110.95957526200642
26.38100000000959, 110.96952788646475
26.38200000000959, 110.97923955416069
26.38300000000959, 110.98859735163
26.384000000009593, 110.99748836540867
26.385000000009594, 111.00579968203347
26.386000000009595, 111.01344104547965
26.387000000009596, 111.02041189293556
26.388000000009598, 111.02673385317173
26.389000000009602, 111.03242855495873
26.3900000000096, 111.03751762706717
26.3910000000096, 111.04202269826769
26.392000000009602, 111.04596539733072
26.39300000000961, 111.04936735302702
26.394000000009605, 111.05225019412703
26.395000000009603, 111.05463554940137
26.396000000009607, 111.05654504762067
26.3970000000096, 111.05800031755545
26.39800000000961, 111.05902298797636
26.39900000000961, 111.0596346876539
26.400000000009612, 111.05985704535871
26.401000000009617, 111.05971168986133
26.402000000009615, 111.0592202499324
26.40300000000962, 111.05840435434244
26.404000000009617, 111.05728563186204
26.40500000000961, 111.05588571126182
26.406000000009623, 111.05422622131232
26.40700000000962, 111.05232879078417
26.408000000009622, 111.0502150484479
26.409000000009623, 111.04790662307413
26.410000000009628, 111.04542514343342
26.411000000009626, 111.04279223829634
26.412000000009623, 111.0400295364335
26.413000000009628, 111.03715866661547
26.414000000009633, 111.0342012576128
26.415000000009638, 111.03117893819616
26.41600000000963, 111.02811333713602
26.417000000009633, 111.02502608320306
26.418000000009634, 111.02193880516782
26.419000000009635, 111.01887313180079
26.420000000009637, 111.01585069187273
26.421000000009638, 111.01289311415408
26.422000000009632, 111.0100220274155
26.423000000009644, 111.00725906042757
26.42400000000964, 111.00462582307622
26.425000000009643, 111.0021433446809
26.426000000009644, 110.99983197885317
26.42700000000965, 110.99771204115453
26.428000000009646, 110.9958038471465
26.429000000009648, 110.9941277123906
26.43000000000965, 110.99270395244821
26.431000000009647, 110.99155288288091
26.43200000000965, 110.99069481925017
26.433000000009653, 110.99015007711745
26.434000000009654, 110.98993897204423
26.435000000009655, 110.99008181959206
26.43600000000966, 110.99059893532235
26.437000000009657, 110.99151063479667
26.43800000000966, 110.99283723357644
26.439000000009663, 110.99459904722316
26.440000000009665, 110.99681639129832
26.441000000009662, 110.99950958136341
26.442000000009664, 111.00269893297992
26.443000000009665, 111.006404689119
26.44400000000967, 111.01062020359987
26.445000000009667, 111.01527186180016
26.446000000009665, 111.02027579780007
26.44700000000967, 111.02554814567978
26.44800000000967, 111.03100503951964
26.449000000009672, 111.03656261339984
26.450000000009673, 111.04213700140062
26.451000000009675, 111.04764433760226
26.452000000009676, 111.05300075608498
26.45300000000968, 111.05812239092913
26.454000000009678, 111.06292537621482
26.45500000000968, 111.06732584602234
26.45600000000968, 111.07123993443199
26.45700000000968, 111.07458377552393
26.45800000000969, 111.07727350337848
26.459000000009684, 111.07922525207587
26.460000000009686, 111.08035515569641
26.461000000009683, 111.08057934832024
26.462000000009688, 111.07981396402764
26.463000000009693, 111.07799940879929
26.464000000009694, 111.07521553270874
26.46500000000969, 111.07159188815405
26.466000000009693, 111.06725808854806
26.467000000009694, 111.06234374730353
26.468000000009695, 111.0569784778332
26.469000000009697, 111.05129189354987
26.4700000000097, 111.04541360786634
26.4710000000097, 111.03947323419544
26.4720000000097, 111.03360038594988
26.4730000000097, 111.02792467654251
26.4740000000097, 111.02257571938605
26.475000000009704, 111.01768312789332
26.476000000009705, 111.0133765154771
26.47700000000971, 111.00978549555028
26.478000000009704, 111.00703968152548
26.479000000009705, 111.00526868681558
26.48000000000971, 111.00460212483331
26.481000000009715, 111.00516960899148
26.482000000009712, 111.00709159576937
26.483000000009714, 111.01035126345668
26.484000000009715, 111.0148259784787
26.48500000000972, 111.02039037761176
26.48600000000972, 111.02691909763246
26.487000000009715, 111.03428677531731
26.488000000009716, 111.04236804744275
26.48900000000972, 111.05103755078531
26.490000000009722, 111.06016992212137
26.49100000000972, 111.06963979822761
26.492000000009725, 111.07932181588039
26.493000000009726, 111.08909061185625
26.49400000000973, 111.09882082293163
26.49500000000972, 111.1083870858831
26.49600000000973, 111.11766403748703
26.49700000000973, 111.12652631452005
26.498000000009732, 111.1348485537586
26.499000000009733, 111.14250539197913
26.500000000009738, 111.14937146595821
26.501000000009736, 111.15532230025025
26.502000000009737, 111.16029274878103
26.503000000009738, 111.16431329259329
26.504000000009736, 111.16742308270491
26.50500000000974, 111.16966127013384
26.50600000000974, 111.17106700589807
26.507000000009743, 111.1716794410155
26.50800000000974, 111.17153772650417
26.509000000009745, 111.17068101338194
26.510000000009747, 111.1691484526668
26.511000000009748, 111.16697919537668
26.51200000000975, 111.16421239252952
26.51300000000975, 111.1608871951433
26.51400000000975, 111.15704275423595
26.515000000009753, 111.1527182208254
26.516000000009754, 111.14795274592962
26.51700000000976, 111.14278548056656
26.518000000009756, 111.13725557575421
26.519000000009758, 111.13140218251044
26.52000000000976, 111.12526445185324
26.521000000009764, 111.11888153480055
26.522000000009758, 111.11229258237034
26.523000000009763, 111.10553674558057
26.524000000009764, 111.09865317544906
26.52500000000976, 111.09168102299391
26.526000000009766, 111.08465943923302
26.527000000009767, 111.07762757518435
26.52800000000977, 111.07062458186583
26.529000000009763, 111.06368961029541
26.53000000000977, 111.05686181149102
26.531000000009772, 111.05018033647063
26.532000000009774, 111.04368433625226
26.53300000000978, 111.03741296185368
26.53400000000978, 111.03140536429305
26.535000000009777, 111.02570069458812
26.53600000000978, 111.02033810375701
26.53700000000978, 111.01535674281754
26.538000000009777, 111.01079576278771
26.539000000009782, 111.00669431468552
26.540000000009783, 111.00308735960868
26.541000000009785, 110.9999742475153
26.542000000009782, 110.99733634931512
26.543000000009794, 110.99515489765867
26.544000000009788, 110.99341112519616
26.54500000000979, 110.99208626457792
26.54600000000979, 110.99116154845433
26.547000000009792, 110.99061820947574
26.548000000009793, 110.9904374802924
26.549000000009794, 110.99060059355469
26.5500000000098, 110.99108878191294
26.5510000000098, 110.99188327801747
26.552000000009798, 110.9929653145186
26.5530000000098, 110.99431612406669
26.554000000009793, 110.995916939312
26.555000000009795, 110.99774899290495
26.556000000009803, 110.99979351749582
26.557000000009804, 111.00203174573494
26.558000000009805, 111.00444491027262
26.559000000009803, 111.007013423328
26.560000000009804, 111.00969655480036
26.56100000000981, 111.01243108702393
26.56200000000981, 111.01515271253172
26.56300000000981, 111.0177971238567
26.56400000000982, 111.02030001353185
26.565000000009814, 111.02259707409021
26.566000000009815, 111.02462399806474
26.567000000009816, 111.02631647798842
26.56800000000982, 111.02761020639427
26.56900000000982, 111.02844087581525
26.57000000000982, 111.02874417878436
26.57100000000982, 111.02845580783462
26.57200000000982, 111.02751145549897
26.57300000000983, 111.02584681431046
26.574000000009825, 111.02339757680201
26.575000000009826, 111.02009943550667
26.576000000009827, 111.0158880829574
26.57700000000983, 111.01069921168718
26.57800000000983, 111.00446878427121
26.57900000000983, 110.99719337955001
26.580000000009832, 110.98900651156283
26.581000000009837, 110.98006048772412
26.582000000009835, 110.97050761544845
26.583000000009836, 110.96050020215044
26.58400000000984, 110.9501905552445
26.585000000009842, 110.93973098214538
26.58600000000984, 110.92927379026743
26.58700000000984, 110.91897128702533
26.588000000009842, 110.9089757798336
26.58900000000984, 110.89943957610681
26.59000000000985, 110.8905149832595
26.59100000000985, 110.88235430870624
26.592000000009847, 110.87510985986157
26.593000000009848, 110.86893394414
26.594000000009846, 110.8639788689562
26.59500000000985, 110.86039694172462
26.59600000000985, 110.85834046985988
26.597000000009857, 110.85796176077648
26.598000000009858, 110.85937150899925
26.599000000009855, 110.86246523677892
26.600000000009857, 110.86706912497894
26.60100000000986, 110.87300932081763
26.602000000009856, 110.88011197151323
26.60300000000986, 110.8882032242839
26.60400000000986, 110.89710922634805
26.605000000009866, 110.90665612492386
26.60600000000986, 110.91667006722955
26.607000000009865, 110.9269772004834
26.608000000009863, 110.93740367190368
26.609000000009868, 110.94777562870871
26.61000000000987, 110.95791921811659
26.61100000000987, 110.9676605873457
26.61200000000987, 110.97682588361425
26.61300000000987, 110.9852412541405
26.614000000009874, 110.9927328461427
26.61500000000988, 110.99912680683913
26.616000000009876, 111.00424928344798
26.617000000009874, 111.00793848679922
26.618000000009882, 111.01019090140278
26.619000000009876, 111.01111439545767
26.62000000000988, 111.01081915836535
26.621000000009886, 111.0094153795272
26.622000000009884, 111.00701324834459
26.62300000000988, 111.00372295421894
26.624000000009886, 110.99965468655155
26.625000000009887, 110.9949186347439
26.62600000000989, 110.98962498819733
26.627000000009893, 110.98388393631328
26.628000000009887, 110.97780566849303
26.629000000009892, 110.97150037413805
26.630000000009893, 110.96507824264967
26.631000000009895, 110.95864946342935
26.6320000000099, 110.95232422587839
26.633000000009897, 110.94621271939826
26.634000000009898, 110.94042513339026
26.635000000009903, 110.93507165725586
26.636000000009897, 110.93026151628881
26.637000000009902, 110.92605357342721
26.6380000000099, 110.92243265375643
26.639000000009904, 110.91937766164466
26.64000000000991, 110.91686750146022
26.641000000009907, 110.91488107757138
26.642000000009908, 110.91339729434634
26.64300000000991, 110.91239505615346
26.64400000000991, 110.91185326736098
26.645000000009915, 110.9117508323371
26.646000000009913, 110.9120666554502
26.647000000009918, 110.9127796410685
26.648000000009915, 110.9138686935602
26.64900000000992, 110.91531271729372
26.650000000009918, 110.91709061663715
26.65100000000992, 110.91918129595891
26.652000000009917, 110.9215636596272
26.653000000009918, 110.92421661201027
26.654000000009923, 110.9271190574764
26.655000000009924, 110.93024990039395
26.65600000000992, 110.93358804513102
26.65700000000992, 110.93711239605602
26.658000000009935, 110.94080185753717
26.65900000000993, 110.9446353339427
26.66000000000993, 110.94859172964095
26.66100000000993, 110.95264994900013
26.662000000009936, 110.95678889638853
26.663000000009934, 110.96098747617444
26.664000000009935, 110.9652245927261
26.665000000009936, 110.96947915041179
26.666000000009934, 110.9737300535998
26.66700000000994, 110.97795620665835
26.66800000000994, 110.98213651395568
26.66900000000994, 110.98624987986018
26.67000000000994, 110.99027520874006
26.671000000009943, 110.99419140496356
26.672000000009945, 110.99797737289892
26.673000000009946, 111.00161201691449
26.674000000009947, 111.0050742413785
26.67500000000995, 111.00834279958173
26.676000000009946, 111.01139529772054
26.677000000009947, 111.01420881566337
26.678000000009952, 111.01676043052296
26.67900000000995, 111.01902721941207
26.680000000009954, 111.0209862594435
26.681000000009956, 111.02261462773001
26.682000000009957, 111.02388940138441
26.683000000009955, 111.02478765751938
26.68400000000996, 111.02528647324783
26.685000000009964, 111.0253629256824
26.68600000000996, 111.02499409193598
26.687000000009956, 111.02415704912127
26.688000000009964, 111.02282887435109
26.689000000009965, 111.02098664473819
26.690000000009967, 111.01860743739535
26.691000000009968, 111.01566832943533
26.692000000009973, 111.01214639797095
26.69300000000997, 111.00801872011492
26.69400000000997, 111.00326404891862
26.695000000009973, 110.99789779206536
26.696000000009978, 110.99197099061274
26.697000000009975, 110.98553615725405
26.698000000009976, 110.97864580468254
26.699000000009978, 110.97135244559155
26.700000000009975, 110.96370859267434
26.70100000000998, 110.95576675862421
26.70200000000998, 110.94757945613449
26.703000000009986, 110.93919919789849
26.704000000009984, 110.9306784966094
26.705000000009985, 110.92206986496065
26.70600000000999, 110.91342581564545
26.707000000009987, 110.90479886135714
26.70800000000999, 110.89624151478895
26.709000000009993, 110.8878062886343
26.71000000000999, 110.8795456955864
26.711000000009992, 110.87151224833855
26.712000000009997, 110.86375845958405
26.71300000001, 110.85633673662541
26.714000000009996, 110.84928379664916
26.715000000009997, 110.842604160419
26.71600000001, 110.83629839701783
26.717000000010003, 110.83036707552887
26.71800000001, 110.82481076503515
26.719000000010002, 110.81963003461969
26.720000000010003, 110.81482545336563
26.721000000010005, 110.81039759035606
26.722000000010006, 110.80634701467399
26.72300000001001, 110.80267429540253
26.724000000010008, 110.79938000162471
26.72500000001001, 110.79646470242365
26.726000000010014, 110.79392896688239
26.727000000010012, 110.79177336408407
26.728000000010013, 110.78999846311167
26.729000000010014, 110.78860483304832
26.730000000010012, 110.78759304297708
26.731000000010013, 110.78696366198103
26.732000000010018, 110.78671725914322
26.73300000001002, 110.7868544035468
26.734000000010017, 110.78737566427473
26.73500000001002, 110.78828161041014
26.736000000010023, 110.78957281103611
26.737000000010024, 110.79124983523573
26.738000000010025, 110.79331325209205
26.739000000010027, 110.79576363068809
26.74000000001003, 110.798601540107
26.741000000010033, 110.80182754943185
26.74200000001003, 110.80544222774569
26.743000000010035, 110.80944614413156
26.744000000010033, 110.81383986767257
26.745000000010034, 110.81862396745181
26.74600000001004, 110.82379901255234
26.747000000010033, 110.82936557205721
26.748000000010038, 110.83532421504955
26.74900000001004, 110.84167551061239
26.75000000001004, 110.84842002782878
26.751000000010038, 110.85555833578184
26.752000000010042, 110.86308807767628
26.753000000010044, 110.8709731041879
26.754000000010045, 110.87915556875203
26.755000000010046, 110.88757726784463
26.75600000001005, 110.89617999794167
26.75700000001005, 110.90490555551919
26.75800000001005, 110.91369573705309
26.75900000001005, 110.92249233901934
26.76000000001006, 110.9312371578939
26.761000000010053, 110.93987199015284
26.762000000010055, 110.948338632272
26.763000000010056, 110.9565788807274
26.764000000010054, 110.96453453199504
26.76500000001006, 110.97214738255086
26.766000000010063, 110.97935922887082
26.76700000001006, 110.98611186743095
26.768000000010062, 110.99234709470713
26.769000000010063, 110.99800670717539
26.770000000010064, 111.00303250131172
26.771000000010062, 111.00736727137594
26.772000000010067, 111.01099558189809
26.77300000001007, 111.01395804917338
26.77400000001007, 111.01629922124573
26.77500000001007, 111.01806364615919
26.77600000001007, 111.01929587195777
26.777000000010077, 111.02004044668551
26.778000000010074, 111.02034191838632
26.779000000010075, 111.02024483510432
26.780000000010077, 111.0197937448835
26.781000000010074, 111.01903319576785
26.78200000001008, 111.01800773580138
26.78300000001008, 111.01676191302809
26.784000000010085, 111.01534027549202
26.785000000010083, 111.01378737123719
26.786000000010084, 111.01214774830754
26.787000000010085, 111.01046595474718
26.78800000001009, 111.00878653860003
26.789000000010088, 111.00715404791013
26.790000000010092, 111.00561302240868
26.79100000001009, 111.00419880268038
26.79200000001009, 111.0029199397551
26.793000000010093, 111.00178013478396
26.794000000010097, 111.00078308891814
26.795000000010095, 110.99993250330877
26.796000000010096, 110.99923207910703
26.797000000010097, 110.99868551746398
26.798000000010095, 110.99829651953081
26.799000000010096, 110.99806878645862
26.8000000000101, 110.99800601939864
26.801000000010102, 110.9981119195019
26.802000000010104, 110.9983901879196
26.803000000010105, 110.99884452580291
26.804000000010102, 110.99947863430286
26.805000000010107, 111.00029621457071
26.80600000001011, 111.00130096775754
26.807000000010113, 111.00249659501449
26.80800000001011, 111.00388679749275
26.809000000010112, 111.00547527634339
26.810000000010113, 111.00725980824288
26.81100000001011, 111.00919787512335
26.812000000010112, 111.01123017960708
26.813000000010117, 111.01329736904557
26.814000000010118, 111.0153400907902
26.815000000010116, 111.0172989921924
26.81600000001012, 111.01911472060361
26.81700000001012, 111.02072792337529
26.818000000010123, 111.02207924785881
26.819000000010124, 111.02310934140564
26.82000000001013, 111.0237588513672
26.821000000010127, 111.0239684250949
26.82200000001013, 111.02367870994021
26.82300000001013, 111.02283035325452
26.824000000010134, 111.02136400238926
26.82500000001013, 111.01922030469588
26.826000000010133, 111.01633990752578
26.827000000010127, 111.01266345823042
26.82800000001013, 111.00813160416119
26.829000000010137, 111.00268956998315
26.830000000010138, 110.99636843906009
26.831000000010135, 110.98927557734129
26.83200000001014, 110.98152100446686
26.83300000001014, 110.97321474007661
26.834000000010143, 110.96446680381065
26.835000000010144, 110.955387215309
26.83600000001015, 110.94608599421161
26.83700000001015, 110.93667316015845
26.838000000010148, 110.92725873278954
26.83900000001015, 110.91795273174486
26.84000000001015, 110.90886517666436
26.841000000010155, 110.90010608718814
26.842000000010152, 110.89178548295608
26.843000000010154, 110.88401338360822
26.84400000001015, 110.87689980878457
26.84500000001015, 110.87055477812514
26.846000000010164, 110.8650883112698
26.84700000001016, 110.86061042785866
26.848000000010156, 110.85723058760429
26.84900000001016, 110.85499931848268
26.850000000010162, 110.85385715545566
26.851000000010163, 110.85373259711977
26.852000000010165, 110.85455414207145
26.853000000010166, 110.85625028890719
26.85400000001017, 110.85874953622356
26.855000000010165, 110.86198038261693
26.85600000001017, 110.86587132668386
26.85700000001017, 110.87035086702089
26.858000000010176, 110.87534750222439
26.859000000010173, 110.88078973089097
26.860000000010174, 110.88660605161701
26.861000000010172, 110.89272496299911
26.862000000010173, 110.89907496363367
26.863000000010178, 110.90558455211722
26.86400000001018, 110.91218222704624
26.86500000001018, 110.91879648701729
26.86600000001018, 110.92535583062674
26.86700000001018, 110.93178875647112
26.868000000010184, 110.9380335926607
26.869000000010185, 110.94406995281456
26.870000000010187, 110.94988828815737
26.87100000001019, 110.95547904995854
26.87200000001019, 110.96083268948742
26.87300000001019, 110.96593965801321
26.87400000001019, 110.97079040680535
26.87500000001019, 110.97537538713306
26.876000000010194, 110.97968505026572
26.877000000010195, 110.98370984747254
26.878000000010196, 110.987440230023
26.87900000001019, 110.99086664918626
26.8800000000102, 110.99397955623168
26.8810000000102, 110.99676940242864
26.8820000000102, 110.99922663904636
26.883000000010203, 111.0013417173542
26.884000000010207, 111.00310508862148
26.885000000010205, 111.00450720411752
26.886000000010206, 111.0055385151116
26.887000000010207, 111.00619068600072
26.888000000010212, 111.00646777723219
26.88900000001021, 111.00638110450981
26.89000000001021, 111.00594207509641
26.891000000010212, 111.00516209625489
26.89200000001021, 111.00405257524812
26.893000000010215, 111.00262491933901
26.894000000010216, 111.00089053579045
26.895000000010217, 110.99886083186536
26.89600000001022, 110.99654721482659
26.897000000010216, 110.99396109193708
26.89800000001022, 110.99111387045971
26.899000000010222, 110.98801695765732
26.900000000010223, 110.98468176079282
26.901000000010228, 110.98111968712917
26.902000000010226, 110.97734214392918
26.903000000010227, 110.97336053845576
26.904000000010228, 110.96918627797187
26.905000000010233, 110.96483076974033
26.90600000001023, 110.960305421024
26.90700000001023, 110.9556216390859
26.908000000010233, 110.95079083118883
26.909000000010238, 110.94582440459565
26.910000000010236, 110.94073376656934
26.911000000010237, 110.93553032437275
26.912000000010238, 110.93022548526883
26.913000000010243, 110.92483065652033
26.91400000001024, 110.91935724539027
26.91500000001024, 110.91381665914153
26.916000000010246, 110.90822030503693
26.917000000010244, 110.90257959033946
26.918000000010252, 110.89690592231192
26.919000000010247, 110.89121070821727
26.920000000010248, 110.88550535531836
26.921000000010253, 110.87980127087816
26.922000000010247, 110.8741098621594
26.92300000001026, 110.8684425364251
26.924000000010253, 110.86281070093818
26.925000000010254, 110.857225766614
26.92600000001025, 110.85170105240874
26.927000000010256, 110.84625490562982
26.928000000010254, 110.84090649218209
26.92900000001026, 110.83567497797051
26.93000000001026, 110.83057952890005
26.93100000001026, 110.82563931087553
26.932000000010262, 110.82087348980191
26.93300000001026, 110.81630123158416
26.934000000010265, 110.81194170212709
26.93500000001027, 110.8078140673357
26.936000000010267, 110.80393749311487
26.937000000010272, 110.80033114536951
26.93800000001027, 110.79701419000452
26.939000000010267, 110.79400579292488
26.940000000010272, 110.79132512003545
26.941000000010273, 110.7889913372412
26.94200000001027, 110.787023610447
26.943000000010272, 110.78544110555777
26.944000000010274, 110.7842629884785
26.94500000001028, 110.78350747468829
26.94600000001028, 110.78318697634276
26.94700000001028, 110.78331171566522
26.948000000010286, 110.7838919108365
26.94900000001028, 110.78493778003725
26.950000000010284, 110.78645954144847
26.951000000010286, 110.7884674132508
26.952000000010283, 110.79097161362509
26.953000000010288, 110.79398236075215
26.954000000010286, 110.79750987281281
26.95500000001029, 110.80156436798781
26.956000000010288, 110.80615606445801
26.95700000001029, 110.81129518040419
26.958000000010294, 110.81699193400715
26.9590000000103, 110.8232565434477
26.960000000010297, 110.83009922690665
26.961000000010298, 110.83753020256478
26.9620000000103, 110.84555968860289
26.963000000010297, 110.85419790320182
26.9640000000103, 110.86345077367048
26.965000000010306, 110.87325458544711
26.966000000010304, 110.88348908876549
26.9670000000103, 110.8940324000959
26.968000000010306, 110.90476263590863
26.96900000001031, 110.91555791267402
26.97000000001031, 110.92629634686236
26.97100000001031, 110.9368560549439
26.972000000010315, 110.94711515338902
26.97300000001031, 110.95695175866794
26.974000000010314, 110.966243987251
26.975000000010315, 110.9748699556085
26.97600000001032, 110.98270778021065
26.977000000010317, 110.98963557752786
26.97800000001032, 110.99553146403038
26.979000000010316, 111.00027355618852
26.980000000010318, 111.00373997047258
26.981000000010322, 111.00580882335284
26.982000000010327, 111.00635823129959
26.983000000010325, 111.005267602535
26.984000000010326, 111.002517110143
26.985000000010327, 110.99825819679157
26.986000000010325, 110.9926589539108
26.987000000010337, 110.98588747293081
26.988000000010334, 110.97811184528177
26.989000000010332, 110.96950016239371
26.99000000001033, 110.96022051569685
26.991000000010335, 110.95044099662124
26.992000000010336, 110.94032969659703
26.993000000010333, 110.93005470705435
26.994000000010338, 110.91978411942331
26.99500000001034, 110.90968602513402
26.99600000001034, 110.89992851561666
26.997000000010342, 110.89067968230125
26.998000000010347, 110.88210761661807
26.999000000010348, 110.87438040999706
27.000000000010346, 110.86766615386847
27.001000000010347, 110.86213293966235
27.002000000010348, 110.85794885852182
27.003000000010346, 110.85523174567736
27.00400000001035, 110.85390909058566
27.005000000010348, 110.85386332536697
27.006000000010353, 110.85497688214156
27.00700000001035, 110.8571321930297
27.008000000010355, 110.86021169015157
27.009000000010357, 110.86409780562752
27.010000000010354, 110.86867297157774
27.01100000001036, 110.8738196201225
27.012000000010364, 110.87942018338211
27.01300000001036, 110.88535709347673
27.014000000010363, 110.89151278252668
27.015000000010364, 110.89776968265214
27.01600000001037, 110.90401022597344
27.017000000010366, 110.91011684461083
27.018000000010364, 110.91597197068455
27.01900000001037, 110.92145803631479
27.020000000010363, 110.92645747362188
27.02100000001037, 110.93085271472607
27.022000000010372, 110.9345377112919
27.023000000010374, 110.9375110023954
27.024000000010375, 110.93982686836101
27.025000000010376, 110.94154010967114
27.026000000010377, 110.94270552680855
27.027000000010382, 110.94337792025557
27.02800000001038, 110.94361209049494
27.029000000010384, 110.9434628380091
27.030000000010382, 110.94298496328068
27.031000000010383, 110.94223326679216
27.032000000010385, 110.94126254902613
27.03300000001039, 110.94012761046514
27.034000000010387, 110.93888325159176
27.03500000001039, 110.93758427288856
27.03600000001039, 110.936285474838
27.037000000010387, 110.93504165792277
27.038000000010392, 110.93390762262527
27.039000000010393, 110.9329381694282
27.040000000010398, 110.93218809881402
27.041000000010396, 110.93171071033065
27.042000000010397, 110.93151658442781
27.043000000010398, 110.9315684612503
27.0440000000104, 110.93182655164928
27.0450000000104, 110.93225106647583
27.046000000010405, 110.93280221658107
27.047000000010403, 110.93344021281615
27.048000000010404, 110.93412526603205
27.049000000010405, 110.93481758708
27.050000000010403, 110.9354773868111
27.051000000010408, 110.93606487607639
27.052000000010406, 110.93654026572702
27.05300000001041, 110.9368637666141
27.054000000010408, 110.93699558958875
27.055000000010413, 110.93689594550203
27.056000000010414, 110.93652504520507
27.057000000010415, 110.93584309954903
27.05800000001041, 110.93481031938495
27.059000000010418, 110.93338691556396
27.06000000001042, 110.93153317350402
27.06100000001042, 110.92923137941534
27.06200000001042, 110.92651636563801
27.063000000010426, 110.92343064338337
27.064000000010424, 110.92001672386296
27.065000000010425, 110.91631711828819
27.066000000010426, 110.91237433787045
27.067000000010424, 110.90823089382127
27.06800000001043, 110.90392929735198
27.06900000001043, 110.89951205967407
27.07000000001043, 110.895021691999
27.07100000001043, 110.89050070553814
27.072000000010433, 110.88599161150299
27.073000000010435, 110.88153692110495
27.07400000001044, 110.87717914555543
27.07500000001044, 110.87296079606598
27.076000000010442, 110.86892438384791
27.07700000001044, 110.86511242011271
27.078000000010444, 110.86156741607181
27.079000000010442, 110.85833188293662
27.080000000010447, 110.85544139858021
27.081000000010444, 110.85289346783804
27.082000000010446, 110.85067259516597
27.083000000010447, 110.84876327383975
27.08400000001044, 110.84714999713512
27.08500000001045, 110.84581725832776
27.08600000001045, 110.84474955069352
27.087000000010455, 110.84393136750809
27.088000000010453, 110.84334720204707
27.08900000001045, 110.84298154758642
27.090000000010452, 110.84281889740173
27.091000000010457, 110.84284374476883
27.09200000001046, 110.84304058296335
27.093000000010463, 110.84339390526108
27.09400000001046, 110.84388820493777
27.09500000001046, 110.84450797526917
27.096000000010463, 110.84523770953093
27.09700000001047, 110.84606190099888
27.098000000010465, 110.84696504294875
27.099000000010463, 110.8479316286562
27.100000000010468, 110.84894615139703
27.101000000010465, 110.84999310444695
27.10200000001047, 110.85105698108174
27.10300000001047, 110.85212227457711
27.104000000010473, 110.85317347820875
27.105000000010474, 110.85419508525246
27.106000000010482, 110.85517158898396
27.107000000010476, 110.85608748267893
27.108000000010477, 110.85692725961323
27.10900000001048, 110.85767541306248
27.110000000010487, 110.85831643630249
27.11100000001048, 110.85883482260894
27.112000000010482, 110.85921506525757
27.113000000010484, 110.85944165752419
27.11400000001048, 110.85949909268444
27.115000000010486, 110.8593718640141
27.116000000010487, 110.85904446478897
27.11700000001049, 110.85850138828465
27.118000000010486, 110.85772753700968
27.11900000001049, 110.85673234436746
27.120000000010492, 110.85556325339101
27.121000000010493, 110.85427097521001
27.122000000010495, 110.85290622095403
27.123000000010496, 110.85151970175275
27.124000000010497, 110.85016212873578
27.1250000000105, 110.84888421303266
27.126000000010503, 110.84773666577314
27.127000000010504, 110.84677019808677
27.128000000010502, 110.84603552110316
27.129000000010503, 110.84558334595201
27.130000000010504, 110.84546438376287
27.131000000010502, 110.84572934566536
27.132000000010507, 110.84642894278913
27.133000000010508, 110.84761388626379
27.13400000001051, 110.84933488721902
27.135000000010507, 110.85164265678438
27.13600000001051, 110.85458790608946
27.137000000010513, 110.85822134369617
27.138000000010514, 110.86257319348204
27.139000000010515, 110.86760368525466
27.14000000001052, 110.87325811185352
27.141000000010518, 110.87948176611816
27.142000000010515, 110.88621994088798
27.14300000001052, 110.89341792900254
27.144000000010525, 110.9010210233013
27.145000000010523, 110.90897451662379
27.146000000010524, 110.91722370180946
27.147000000010525, 110.92571387169784
27.148000000010523, 110.93439031912834
27.149000000010528, 110.94319833694058
27.15000000001053, 110.95208321797395
27.151000000010526, 110.960990255068
27.15200000001053, 110.96986474106218
27.153000000010532, 110.97865196879604
27.154000000010534, 110.98729723110898
27.15500000001053, 110.99574582084058
27.15600000001053, 111.00394303083027
27.15700000001054, 111.01183777815112
27.15800000001054, 111.01940832237612
27.15900000001054, 111.02664714629576
27.16000000001054, 111.03354682624527
27.16100000001055, 111.0400999385599
27.16200000001055, 111.0462990595749
27.163000000010545, 111.0521367656255
27.164000000010546, 111.05760563304688
27.16500000001055, 111.06269823817442
27.166000000010555, 111.0674071573433
27.16700000001055, 111.07172496688874
27.16800000001055, 111.07564424314597
27.169000000010552, 111.07915756245038
27.170000000010553, 111.08225750113704
27.171000000010554, 111.08493663554125
27.172000000010556, 111.0871875419983
27.173000000010557, 111.0890027968434
27.17400000001056, 111.0903749764118
27.17500000001056, 111.0912966570387
27.176000000010557, 111.09176041505944
27.177000000010562, 111.09175882680924
27.17800000001056, 111.09128446862327
27.179000000010564, 111.0903299168369
27.18000000001057, 111.08888774778526
27.181000000010567, 111.08695053780359
27.182000000010564, 111.08451086322725
27.18300000001057, 111.08156130039141
27.18400000001057, 111.07809442563129
27.18500000001057, 111.07410281528222
27.186000000010573, 111.06957904567932
27.18700000001058, 111.06451569315797
27.188000000010575, 111.05890533405335
27.189000000010576, 111.05274054470068
27.190000000010578, 111.04601390143527
27.191000000010582, 111.03871798059232
27.19200000001058, 111.03084535850707
27.19300000001058, 111.0223886115148
27.194000000010583, 111.01334031595077
27.19500000001058, 111.00369325955523
27.19600000001058, 110.99347967890083
27.197000000010586, 110.9828173250712
27.198000000010587, 110.97183514187435
27.199000000010585, 110.96066207311834
27.200000000010586, 110.94942706261125
27.201000000010595, 110.93825905416115
27.202000000010596, 110.92728699157604
27.203000000010594, 110.91663981866398
27.20400000001059, 110.9064464792331
27.205000000010596, 110.89683591709137
27.206000000010597, 110.8879370760469
27.2070000000106, 110.87987889990771
27.208000000010603, 110.87279033248186
27.209000000010597, 110.86680031757736
27.210000000010606, 110.86203779900241
27.211000000010603, 110.85863172056492
27.2120000000106, 110.856711026073
27.213000000010606, 110.85640465933469
27.214000000010607, 110.85784156415805
27.215000000010612, 110.8611054342256
27.21600000001061, 110.86605620723722
27.21700000001061, 110.87248478233494
27.218000000010612, 110.88018203893154
27.219000000010613, 110.88893885643986
27.220000000010618, 110.89854611427282
27.22100000001062, 110.90879469184318
27.222000000010617, 110.91947546856389
27.223000000010618, 110.93037932384773
27.224000000010623, 110.94129713710764
27.225000000010624, 110.95201978775636
27.22600000001062, 110.96233815520685
27.227000000010626, 110.97204311887185
27.228000000010624, 110.98092555816436
27.229000000010622, 110.9887763524971
27.230000000010627, 110.995386381283
27.231000000010628, 111.00054652393489
27.23200000001063, 111.0040476598656
27.23300000001063, 111.00568066848807
27.23400000001063, 111.00525562671416
27.235000000010633, 111.00282096227417
27.236000000010634, 110.99858640666068
27.237000000010628, 110.99276473920172
27.23800000001064, 110.98556873922507
27.239000000010634, 110.97721118605875
27.24000000001064, 110.96790485903068
27.241000000010633, 110.95786253746866
27.242000000010638, 110.94729700070069
27.243000000010642, 110.93642102805467
27.244000000010644, 110.92544739885851
27.245000000010645, 110.91458889244011
27.246000000010643, 110.90405828812739
27.247000000010647, 110.89406836524827
27.24800000001065, 110.88483190313062
27.24900000001065, 110.87656168110242
27.25000000001065, 110.86947047849154
27.251000000010652, 110.86377107462587
27.25200000001065, 110.85967624883341
27.253000000010655, 110.85739579165538
27.254000000010656, 110.85699785605311
27.25500000001066, 110.85835035585148
27.25600000001066, 110.86130605353853
27.257000000010663, 110.86571771160239
27.258000000010654, 110.87143809253122
27.25900000001066, 110.87831995881305
27.260000000010663, 110.88621607293604
27.261000000010664, 110.89497919738831
27.262000000010666, 110.90446209465797
27.26300000001067, 110.91451752723313
27.264000000010668, 110.92499825760193
27.26500000001067, 110.93575704825243
27.26600000001067, 110.94664666167273
27.267000000010672, 110.95751986035103
27.268000000010677, 110.96822940677541
27.269000000010674, 110.97862806343397
27.270000000010675, 110.98856859281479
27.27100000001067, 110.99790375740605
27.272000000010674, 111.0064863365008
27.27300000001068, 111.01420166531769
27.27400000001068, 111.02103553171544
27.27500000001068, 111.02699303700435
27.27600000001068, 111.0320792824945
27.277000000010684, 111.03629936949605
27.278000000010685, 111.0396583993192
27.27900000001069, 111.04216147327416
27.280000000010688, 111.04381369267101
27.28100000001069, 111.04462015881998
27.28200000001069, 111.04458597303125
27.283000000010688, 111.04371623661494
27.284000000010696, 111.04201605088127
27.285000000010697, 111.03949051714034
27.286000000010695, 111.0361447367024
27.287000000010693, 111.03198381087753
27.288000000010697, 111.02701284097601
27.289000000010702, 111.02123692830793
27.2900000000107, 111.01466117418344
27.291000000010698, 111.00729067991278
27.2920000000107, 110.99914118419522
27.2930000000107, 110.99030545711614
27.294000000010705, 110.98091018363341
27.29500000001071, 110.9710821960182
27.29600000001071, 110.9609483265418
27.297000000010712, 110.95063540747537
27.298000000010706, 110.94027027109013
27.29900000001071, 110.92997974965729
27.300000000010712, 110.91989067544803
27.301000000010706, 110.9101298807336
27.30200000001072, 110.9008241977852
27.303000000010716, 110.89210045887398
27.304000000010717, 110.88408549627127
27.30500000001072, 110.8769061422482
27.306000000010716, 110.87068922907598
27.30700000001072, 110.86556158902583
27.308000000010722, 110.86165005436895
27.30900000001072, 110.85908145737658
27.310000000010728, 110.85798263031985
27.311000000010726, 110.85847391633044
27.312000000010727, 110.86054290936582
27.313000000010728, 110.86405302169231
27.314000000010722, 110.86886289232436
27.31500000001073, 110.87483116027641
27.31600000001073, 110.88181646456295
27.317000000010733, 110.88967744419845
27.318000000010734, 110.89827273819729
27.31900000001074, 110.90746098557403
27.320000000010737, 110.91710082534303
27.32100000001074, 110.92705089651885
27.32200000001074, 110.93716983811584
27.323000000010744, 110.94731628914855
27.32400000001075, 110.9573488886314
27.325000000010743, 110.96712627557883
27.326000000010744, 110.9765070890053
27.32700000001074, 110.98534996792529
27.328000000010746, 110.99351355135327
27.329000000010748, 111.00085647830363
27.33000000001075, 111.00723789843956
27.33100000001075, 111.01258207282123
27.332000000010755, 111.01694154636989
27.333000000010752, 111.020383861347
27.334000000010754, 111.02297656001414
27.33500000001076, 111.02478718463274
27.33600000001076, 111.02588327746429
27.337000000010757, 111.02633238077033
27.33800000001076, 111.02620203681236
27.33900000001076, 111.02555978785182
27.340000000010757, 111.02447317615031
27.341000000010762, 111.02300974396917
27.342000000010763, 111.02123703357006
27.343000000010765, 111.01922258721434
27.344000000010766, 111.01703394716358
27.345000000010767, 111.0147386556793
27.34600000001077, 111.01240425502297
27.34700000001077, 111.01009828745605
27.34800000001077, 111.00788829524004
27.349000000010776, 111.0058418206365
27.350000000010773, 111.00401555750656
27.351000000010774, 111.00241785188622
27.35200000001078, 111.00104358608368
27.35300000001078, 110.99988764184155
27.354000000010778, 110.99894490090263
27.35500000001078, 110.99821024500963
27.35600000001078, 110.9976785559052
27.35700000001078, 110.99734471533209
27.358000000010783, 110.99720360503295
27.359000000010784, 110.9972501067506
27.36000000001079, 110.99747910222766
27.361000000010787, 110.99788547320689
27.362000000010788, 110.99846410143098
27.36300000001079, 110.99920986864262
27.36400000001079, 111.00011765658456
27.36500000001079, 111.00118234699953
27.3660000000108, 111.00239882163014
27.367000000010794, 111.00376196221922
27.368000000010795, 111.00526665050938
27.36900000001079, 111.00690553859346
27.37000000001079, 111.00864685460628
27.3710000000108, 111.01044375161658
27.3720000000108, 111.01224916039193
27.3730000000108, 111.01401601169997
27.3740000000108, 111.01569723630847
27.375000000010804, 111.01724576498496
27.376000000010805, 111.01861452849725
27.377000000010803, 111.0197564576129
27.378000000010807, 111.0206244830996
27.37900000001081, 111.021171535725
27.38000000001081, 111.02135054625678
27.381000000010815, 111.02111444546259
27.382000000010812, 111.02041616411009
27.383000000010817, 111.01920863296695
27.384000000010815, 111.01744478280081
27.385000000010816, 111.01507754437935
27.386000000010817, 111.01205984847027
27.387000000010815, 111.00834462584118
27.38800000001082, 111.00388607552247
27.38900000001082, 110.99868700489446
27.390000000010822, 110.99281296594505
27.39100000001082, 110.98633366405768
27.392000000010825, 110.97931880461584
27.393000000010826, 110.97183809300306
27.394000000010827, 110.9639612346028
27.39500000001083, 110.9557579347985
27.396000000010833, 110.94729789897373
27.39700000001083, 110.93865083251194
27.398000000010832, 110.92988644079662
27.399000000010833, 110.92107442921122
27.40000000001084, 110.91228450313926
27.401000000010836, 110.90358636796432
27.402000000010837, 110.89504972906974
27.40300000001084, 110.88674429183905
27.404000000010843, 110.87873976165578
27.40500000001084, 110.87110584390336
27.40600000001084, 110.86391224396536
27.407000000010846, 110.85722865101044
27.408000000010837, 110.85111210132624
27.409000000010852, 110.84558433042605
27.410000000010847, 110.84066096561459
27.411000000010848, 110.83635763419659
27.41200000001085, 110.83268996347667
27.413000000010854, 110.82967358075953
27.41400000001085, 110.82732411334995
27.415000000010853, 110.82565718855257
27.416000000010854, 110.82468843367208
27.41700000001086, 110.8244334760132
27.418000000010853, 110.82490794288064
27.419000000010858, 110.82612746157903
27.42000000001086, 110.82810765941312
27.421000000010856, 110.83086416368762
27.42200000001086, 110.83441260170719
27.423000000010862, 110.83876860077652
27.424000000010864, 110.84394778820035
27.425000000010865, 110.84996579128337
27.426000000010866, 110.85683823733024
27.427000000010864, 110.86456610574508
27.42800000001087, 110.873055262036
27.42900000001087, 110.8821735909595
27.430000000010875, 110.89178887791331
27.43100000001087, 110.9017689082952
27.432000000010873, 110.91198146750283
27.433000000010868, 110.92229434093403
27.434000000010872, 110.93257531398639
27.435000000010884, 110.94269217205772
27.436000000010882, 110.95251270054574
27.437000000010883, 110.96190468484815
27.438000000010877, 110.97073591036269
27.439000000010882, 110.9788741624871
27.440000000010883, 110.98618722661907
27.441000000010884, 110.99254288815635
27.44200000001088, 110.99780893249665
27.443000000010887, 111.00185314503776
27.444000000010888, 111.00454331117731
27.44500000001089, 111.00574721631311
27.44600000001089, 111.00534067852381
27.447000000010895, 111.00334100743345
27.448000000010893, 110.99988647047928
27.449000000010894, 110.99511922935622
27.450000000010895, 110.98918144575919
27.451000000010893, 110.98221528138313
27.452000000010898, 110.97436289792303
27.4530000000109, 110.9657664570737
27.4540000000109, 110.95656812053022
27.455000000010898, 110.94691004998744
27.4560000000109, 110.93693440714036
27.4570000000109, 110.92678335368382
27.4580000000109, 110.91659905131282
27.45900000001091, 110.9065236617223
27.46000000001091, 110.89669934660719
27.46100000001091, 110.88726826766238
27.46200000001091, 110.87837258658288
27.463000000010915, 110.87015446506356
27.464000000010916, 110.86275606479946
27.465000000010914, 110.85631879427496
27.466000000010915, 110.85091466650542
27.467000000010916, 110.84649126857292
27.468000000010914, 110.84298323770942
27.46900000001092, 110.84032521114688
27.47000000001092, 110.83845182611739
27.471000000010918, 110.83729771985284
27.472000000010922, 110.83679752958528
27.473000000010924, 110.83688589254669
27.47400000001092, 110.83749744596903
27.475000000010926, 110.83856682708434
27.47600000001093, 110.84002867312465
27.477000000010936, 110.84181762132182
27.47800000001093, 110.8438683089079
27.47900000001093, 110.84611537311497
27.480000000010932, 110.84849345117495
27.481000000010937, 110.8509371803198
27.482000000010935, 110.85338119778156
27.483000000010936, 110.85576014079223
27.484000000010937, 110.85800864658376
27.485000000010935, 110.86007146604892
27.48600000001094, 110.86193399149806
27.487000000010937, 110.86359182250519
27.48800000001094, 110.86504055864415
27.489000000010943, 110.86627579948895
27.490000000010944, 110.86729314461346
27.491000000010946, 110.86808819359165
27.492000000010947, 110.86865654599754
27.493000000010948, 110.86899380140491
27.494000000010953, 110.86909555938783
27.49500000001095, 110.86895741952024
27.49600000001095, 110.86857498137599
27.497000000010953, 110.86794384452904
27.49800000001095, 110.86705960855343
27.499000000010955, 110.86591787302298
27.500000000010957, 110.86451423751167
27.501000000010954, 110.86284430159351
27.502000000010955, 110.86090366484234
27.50300000001096, 110.85868792683213
27.50400000001096, 110.85619395630545
27.505000000010963, 110.85343094570865
27.506000000010967, 110.85041501828181
27.507000000010965, 110.8471623745298
27.508000000010966, 110.84368921495759
27.50900000001097, 110.84001174007011
27.510000000010972, 110.8361461503724
27.511000000010974, 110.8321086463693
27.51200000001097, 110.82791542856583
27.513000000010972, 110.82358269746699
27.514000000010974, 110.81912665357767
27.51500000001097, 110.81456349740279
27.516000000010976, 110.80990942944742
27.517000000010977, 110.80518065021643
27.51800000001098, 110.80039336021477
27.519000000010976, 110.79556375994751
27.52000000001098, 110.79070804991944
27.521000000010982, 110.78584243063564
27.522000000010983, 110.78098310260104
27.523000000010985, 110.77614626632055
27.52400000001099, 110.77134812229913
27.525000000010984, 110.76660487104184
27.52600000001099, 110.76193271305347
27.52700000001099, 110.75734784883913
27.528000000010994, 110.75286647890368
27.529000000010992, 110.74850480375208
27.530000000010993, 110.74427902388939
27.531000000010994, 110.74020533982043
27.532000000010992, 110.73629995205019
27.533000000010997, 110.73257906108367
27.534000000010998, 110.72905886742585
27.535000000011, 110.72575557158159
27.536000000011004, 110.72268537405594
27.537000000011002, 110.71986447535376
27.538000000011003, 110.71730907598011
27.539000000011004, 110.71503537643989
27.540000000011005, 110.71305957723803
27.54100000001101, 110.71139787887948
27.542000000011008, 110.71006645010078
27.543000000011013, 110.70906868042594
27.544000000011003, 110.70837567496888
27.545000000011015, 110.70795351890924
27.546000000011013, 110.7077682974267
27.547000000011018, 110.7077860957009
27.54800000001102, 110.70797299891152
27.54900000001102, 110.70829509223815
27.550000000011018, 110.7087184608605
27.55100000001102, 110.70920918995826
27.552000000011017, 110.70973336471098
27.55300000001102, 110.7102570702984
27.554000000011023, 110.71074639190019
27.55500000001102, 110.7111674146959
27.556000000011025, 110.71148622386528
27.55700000001102, 110.71166890458795
27.55800000001103, 110.71168154204359
27.55900000001103, 110.7114902214118
27.56000000001103, 110.7110610278723
27.56100000001103, 110.71036004660469
27.562000000011036, 110.7093641428653
27.563000000011034, 110.70811307430591
27.564000000011035, 110.70666934270191
27.565000000011036, 110.70509548099399
27.566000000011034, 110.70345402212254
27.56700000001104, 110.70180749902822
27.56800000001104, 110.7002184446516
27.56900000001104, 110.69874939193322
27.57000000001105, 110.6974628738136
27.571000000011043, 110.69642142323339
27.572000000011045, 110.69568757313306
27.573000000011042, 110.69532385645323
27.574000000011047, 110.6953928061344
27.575000000011052, 110.6959569551172
27.57600000001105, 110.69707883634213
27.57700000001105, 110.69882098274977
27.578000000011052, 110.70124592728068
27.57900000001105, 110.70441620287549
27.580000000011054, 110.70839434247465
27.581000000011052, 110.713237448486
27.582000000011057, 110.7189195755479
27.583000000011054, 110.72534991944299
27.58400000001106, 110.73243595303248
27.58500000001106, 110.74008514917763
27.58600000001106, 110.74820498073973
27.587000000011063, 110.75670292058001
27.588000000011068, 110.76548644155969
27.589000000011065, 110.77446301654015
27.590000000011067, 110.78354011838255
27.59100000001107, 110.79262521994814
27.592000000011073, 110.80162579409824
27.59300000001107, 110.81044931369406
27.59400000001107, 110.8190032515969
27.595000000011073, 110.82719508066799
27.596000000011077, 110.83493227376854
27.597000000011075, 110.84212230375985
27.598000000011076, 110.84867264350328
27.599000000011078, 110.85449076585992
27.60000000001108, 110.85948492967432
27.601000000011087, 110.8636179623644
27.60200000001108, 110.86694183291851
27.603000000011082, 110.86951673734465
27.604000000011084, 110.87140287165096
27.60500000001108, 110.87266043184556
27.606000000011086, 110.8733496139365
27.607000000011084, 110.8735306139319
27.60800000001109, 110.8732636278399
27.609000000011093, 110.87260885166856
27.61000000001109, 110.87162648142599
27.611000000011092, 110.87037671312027
27.612000000011093, 110.8689197427595
27.61300000001109, 110.86731576635185
27.614000000011103, 110.8656249799053
27.615000000011097, 110.86390757942804
27.616000000011095, 110.86222376092813
27.6170000000111, 110.86063372041372
27.6180000000111, 110.8591976538928
27.619000000011102, 110.85797575686877
27.620000000011103, 110.85701265720924
27.621000000011104, 110.85629656449849
27.62200000001111, 110.85580291164601
27.623000000011107, 110.85550713156125
27.624000000011108, 110.85538465715376
27.62500000001111, 110.855410921333
27.626000000011107, 110.85556135700848
27.627000000011112, 110.85581139708972
27.628000000011113, 110.85613647448615
27.629000000011114, 110.85651202210738
27.630000000011112, 110.85691347286281
27.631000000011117, 110.857316259662
27.632000000011118, 110.85769581541442
27.63300000001112, 110.85802757302953
27.63400000001112, 110.85828696541692
27.63500000001112, 110.85844942548607
27.636000000011123, 110.85849038614639
27.637000000011124, 110.85838528030744
27.638000000011125, 110.85810954087874
27.63900000001113, 110.85764102508853
27.640000000011135, 110.85697854011126
27.64100000001113, 110.85613161660724
27.64200000001113, 110.85510987198282
27.643000000011128, 110.85392292364433
27.644000000011133, 110.8525803889981
27.645000000011134, 110.85109188545044
27.64600000001113, 110.84946703040771
27.647000000011133, 110.84771544127621
27.648000000011137, 110.84584673546229
27.649000000011135, 110.84387053037227
27.65000000001114, 110.84179644341248
27.651000000011145, 110.83963409198927
27.652000000011146, 110.83739309350895
27.653000000011144, 110.83508306537786
27.654000000011145, 110.83271362500227
27.65500000001114, 110.83029438978862
27.65600000001115, 110.82783497714314
27.65700000001115, 110.82534500447225
27.65800000001115, 110.82283408918221
27.65900000001115, 110.82031184867938
27.66000000001115, 110.81778790037006
27.66100000001115, 110.81527186166062
27.66200000001115, 110.8127733499574
27.663000000011156, 110.81030198266669
27.66400000001116, 110.80786737719482
27.665000000011155, 110.80547915094812
27.66600000001116, 110.80314692133297
27.66700000001116, 110.80088030575563
27.668000000011155, 110.7986889216225
27.669000000011167, 110.79658238633984
27.670000000011164, 110.79457031731403
27.671000000011166, 110.7926623319514
27.672000000011167, 110.79086804765828
27.673000000011164, 110.78919708184094
27.67400000001117, 110.78765905190576
27.67500000001117, 110.78626357525904
27.67600000001117, 110.78502026930721
27.677000000011176, 110.7839387291024
27.67800000001117, 110.78302318836856
27.679000000011175, 110.78226559791999
27.680000000011173, 110.78165619568553
27.681000000011178, 110.78118521959395
27.68200000001118, 110.78084290757407
27.68300000001118, 110.78061949755462
27.68400000001118, 110.78050522746445
27.685000000011183, 110.78049033523224
27.686000000011187, 110.7805650587868
27.687000000011185, 110.78071963605692
27.688000000011186, 110.7809443049714
27.68900000001119, 110.78122930345901
27.690000000011192, 110.78156486944847
27.69100000001119, 110.78194124086865
27.69200000001119, 110.78234865564824
27.693000000011192, 110.78277735171605
27.69400000001119, 110.78321756700089
27.695000000011195, 110.78365953943155
27.696000000011196, 110.78409350693674
27.697000000011197, 110.78451043574682
27.69800000001119, 110.78490511565317
27.6990000000112, 110.7852735868702
27.7000000000112, 110.78561189032229
27.701000000011202, 110.78591606693413
27.702000000011196, 110.78618215763025
27.703000000011208, 110.78640620333519
27.704000000011206, 110.78658424497345
27.705000000011207, 110.78671232346967
27.70600000001121, 110.78678647974843
27.707000000011213, 110.78680275473417
27.70800000001121, 110.78675718935153
27.709000000011212, 110.78664582452505
27.710000000011213, 110.78646470117928
27.71100000001121, 110.78620986023878
27.712000000011216, 110.78587734262811
27.713000000011213, 110.78546318927181
27.714000000011218, 110.78496344109445
27.71500000001122, 110.78437413902058
27.716000000011224, 110.78369158620805
27.71700000001122, 110.78291559211024
27.718000000011223, 110.78204846657337
27.719000000011228, 110.78109257325904
27.72000000001123, 110.78005027582896
27.721000000011227, 110.77892393794463
27.722000000011228, 110.77771592326768
27.72300000001123, 110.77642859545973
27.724000000011227, 110.77506431818246
27.72500000001123, 110.77362545509735
27.726000000011233, 110.77211436986605
27.727000000011234, 110.77053342615018
27.728000000011235, 110.76888498761134
27.729000000011236, 110.76717141791119
27.730000000011238, 110.76539508071129
27.73100000001124, 110.76355833967324
27.73200000001124, 110.76166355845864
27.733000000011238, 110.75971310072919
27.734000000011243, 110.75770933014634
27.735000000011244, 110.75565461037182
27.736000000011245, 110.75355130506722
27.73700000001125, 110.75140177789409
27.738000000011247, 110.74920839251406
27.73900000001125, 110.74697351258882
27.74000000001125, 110.74469950177988
27.741000000011248, 110.7423887237489
27.742000000011252, 110.74004354215745
27.743000000011254, 110.73766632066716
27.744000000011255, 110.7352594229396
27.745000000011256, 110.73282521263643
27.746000000011254, 110.73036605341926
27.74700000001126, 110.72788430894965
27.74800000001126, 110.72538234288926
27.74900000001126, 110.72286251889966
27.750000000011266, 110.72032720064246
27.751000000011263, 110.71777875177928
27.752000000011265, 110.7152195359717
27.75300000001126, 110.71265191688136
27.754000000011263, 110.71007826020218
27.755000000011268, 110.70750899155618
27.756000000011266, 110.70498089757639
27.75700000001127, 110.70253614562374
27.75800000001127, 110.70021690305926
27.759000000011273, 110.69806533724379
27.760000000011274, 110.69612361553831
27.761000000011276, 110.69443390530381
27.762000000011277, 110.69303837390117
27.763000000011278, 110.6919791886914
27.76400000001128, 110.69129851703539
27.76500000001128, 110.69103852629407
27.76600000001128, 110.69124138382847
27.767000000011286, 110.69194925699944
27.768000000011284, 110.693204313168
27.769000000011285, 110.69504871969502
27.770000000011287, 110.69752464394153
27.771000000011284, 110.70067425326839
27.77200000001129, 110.7045397150366
27.77300000001129, 110.70916319660714
27.774000000011295, 110.71457647168074
27.77500000001129, 110.72073111101813
27.776000000011294, 110.72754136857587
27.7770000000113, 110.73492129086158
27.778000000011296, 110.74278492438282
27.779000000011298, 110.75104631564713
27.780000000011295, 110.75961951116217
27.7810000000113, 110.76841855743548
27.7820000000113, 110.77735750097466
27.783000000011306, 110.78635038828726
27.784000000011307, 110.79531126588088
27.785000000011305, 110.80415418026308
27.786000000011306, 110.81279317794149
27.787000000011307, 110.82114230542363
27.788000000011305, 110.82911560921717
27.789000000011306, 110.83662713582962
27.79000000001131, 110.8435909317685
27.791000000011312, 110.84992104354156
27.792000000011313, 110.85553151765626
27.793000000011315, 110.86033942532642
27.794000000011316, 110.86432953678757
27.795000000011317, 110.86755329884178
27.79600000001131, 110.87006497849158
27.797000000011323, 110.87191884273935
27.79800000001132, 110.87316915858747
27.799000000011322, 110.87387019303837
27.800000000011323, 110.87407621309451
27.801000000011328, 110.87384148575825
27.802000000011322, 110.87322027803206
27.803000000011323, 110.87226685691837
27.804000000011328, 110.87103548941954
27.805000000011326, 110.86958044253805
27.806000000011338, 110.86795598327626
27.80700000001133, 110.86621637863668
27.808000000011333, 110.86441589562165
27.809000000011334, 110.86260880123362
27.810000000011335, 110.86084936247501
27.811000000011337, 110.85919184634828
27.812000000011338, 110.85769040266902
27.81300000001134, 110.85638074699669
27.814000000011337, 110.855260239888
27.81500000001134, 110.85432145662882
27.816000000011343, 110.85355697250503
27.817000000011344, 110.85295936280252
27.81800000001134, 110.85252120280714
27.819000000011343, 110.85223506780488
27.820000000011348, 110.85209353308153
27.82100000001135, 110.85208917392302
27.822000000011347, 110.8522145656153
27.82300000001135, 110.85246228344411
27.82400000001135, 110.85282490269549
27.825000000011354, 110.85329499865523
27.826000000011355, 110.85386514660925
27.827000000011356, 110.8545279218435
27.828000000011357, 110.85527589964377
27.829000000011362, 110.85610165529604
27.830000000011353, 110.85699776408616
27.831000000011365, 110.85795680129998
27.832000000011362, 110.85897122151393
27.833000000011364, 110.86003290840212
27.834000000011358, 110.86113357702399
27.835000000011362, 110.86226494241403
27.836000000011364, 110.8634187196067
27.83700000001137, 110.86458662363664
27.83800000001137, 110.86576036953826
27.839000000011367, 110.8669316723462
27.840000000011372, 110.86809224709485
27.841000000011373, 110.86923380881882
27.842000000011375, 110.87034807255256
27.843000000011376, 110.87142675333067
27.84400000001138, 110.87246156618765
27.845000000011378, 110.87344422615799
27.84600000001138, 110.87436644827622
27.84700000001138, 110.87521994757687
27.848000000011385, 110.8759964390945
27.849000000011383, 110.87668763786354
27.850000000011384, 110.87728525891859
27.851000000011386, 110.87778101729415
27.852000000011383, 110.8781666280247
27.853000000011384, 110.87843380614484
27.854000000011386, 110.87857426668903
27.85500000001139, 110.87857972469178
27.85600000001139, 110.87844189518768
27.85700000001139, 110.87815249321122
27.858000000011394, 110.87770323379691
27.859000000011395, 110.87708583197923
27.860000000011397, 110.87629200279278
27.8610000000114, 110.875313461272
27.862000000011403, 110.87414192245154
27.8630000000114, 110.8727691013658
27.8640000000114, 110.87118671304935
27.865000000011406, 110.86938647253668
27.866000000011404, 110.86736009486233
27.86700000001141, 110.86509929506082
27.868000000011406, 110.86259578816673
27.869000000011404, 110.85984128921449
27.87000000001141, 110.85682785614743
27.871000000011414, 110.85356235036271
27.87200000001141, 110.85007176178189
27.873000000011412, 110.84638451987236
27.87400000001142, 110.84252905410146
27.875000000011415, 110.83853379393648
27.876000000011416, 110.8344271688447
27.877000000011417, 110.8302376082935
27.878000000011422, 110.8259935417502
27.87900000001142, 110.8217233986821
27.880000000011417, 110.81745560855653
27.881000000011422, 110.81321860084078
27.88200000001142, 110.80904080500221
27.88300000001142, 110.80495065050816
27.884000000011426, 110.80097656682584
27.885000000011427, 110.79714698342269
27.886000000011425, 110.79349032976603
27.88700000001143, 110.7900350353231
27.88800000001143, 110.78680952956128
27.88900000001143, 110.78384223728429
27.890000000011433, 110.78115570293856
27.891000000011434, 110.77875509444688
27.892000000011436, 110.77664238552809
27.893000000011437, 110.7748195499011
27.894000000011438, 110.77328856128469
27.895000000011436, 110.77205139339776
27.89600000001144, 110.77111001995914
27.89700000001144, 110.77046641468762
27.898000000011443, 110.77012255130217
27.89900000001144, 110.77008040352152
27.900000000011445, 110.77034194506457
27.901000000011447, 110.77090914965022
27.902000000011444, 110.77178399099722
27.903000000011446, 110.77296844282446
27.90400000001145, 110.77446447885083
27.90500000001145, 110.77627407279512
27.906000000011453, 110.77839919837623
27.907000000011454, 110.78084182931296
27.90800000001146, 110.7836039393242
27.909000000011456, 110.78668396859817
27.910000000011458, 110.79005594141373
27.91100000001146, 110.79368356997742
27.912000000011464, 110.7975305299465
27.91300000001146, 110.80156049697827
27.914000000011463, 110.80573714673002
27.915000000011464, 110.810024154859
27.91600000001146, 110.81438519702259
27.917000000011466, 110.81878394887795
27.918000000011467, 110.8231840860824
27.91900000001147, 110.82754928429333
27.920000000011463, 110.83184321916792
27.92100000001147, 110.83602956636345
27.922000000011472, 110.84007200153727
27.923000000011474, 110.8439342003466
27.924000000011475, 110.84757983844877
27.92500000001148, 110.850972591501
27.926000000011474, 110.85407613516067
27.92700000001148, 110.85685414508498
27.92800000001148, 110.85927176800833
27.929000000011484, 110.86132234911368
27.930000000011482, 110.8630246162781
27.931000000011483, 110.86439820335049
27.932000000011485, 110.8654627441797
27.933000000011482, 110.86623787261453
27.934000000011487, 110.8667432225039
27.935000000011488, 110.86699842769667
27.93600000001149, 110.86702312204172
27.93700000001149, 110.86683693938782
27.938000000011492, 110.86645951358386
27.93900000001149, 110.86591047847878
27.940000000011494, 110.86520946792132
27.9410000000115, 110.86437611576042
27.9420000000115, 110.86343005584496
27.943000000011498, 110.8623909220237
27.9440000000115, 110.86127834814559
27.9450000000115, 110.86011196805941
27.946000000011498, 110.85891141561405
27.947000000011503, 110.8576963246584
27.948000000011504, 110.8564863290413
27.949000000011505, 110.8553010626116
27.950000000011503, 110.85416015921817
27.951000000011508, 110.85308325270984
27.95200000001151, 110.85208997693552
27.95300000001151, 110.85119996574403
27.95400000001151, 110.85043285298418
27.955000000011513, 110.84980827250494
27.956000000011514, 110.84934585815513
27.957000000011515, 110.84906524378353
27.958000000011516, 110.84898606323912
27.95900000001152, 110.8491279503707
27.960000000011515, 110.84951053902705
27.96100000001152, 110.8501534630572
27.96200000001152, 110.85107635630987
27.96300000001152, 110.85229885263398
27.964000000011524, 110.85384058587834
27.965000000011525, 110.85572118989185
27.966000000011526, 110.85796029852337
27.967000000011524, 110.86057754562174
27.96800000001153, 110.86359256503582
27.96900000001153, 110.86702499061451
27.97000000001153, 110.87089445620659
27.971000000011532, 110.87522059566098
27.972000000011537, 110.88002304282651
27.973000000011535, 110.88532143155204
27.974000000011536, 110.89113539568646
27.975000000011537, 110.89748456907859
27.976000000011542, 110.9043885855773
27.97700000001154, 110.91186707903148
27.97800000001154, 110.91993968328993
27.979000000011535, 110.92862603220156
27.980000000011536, 110.9379457596152
27.981000000011544, 110.94791849937971
27.982000000011546, 110.95856388534393
27.983000000011547, 110.96990155135683
27.984000000011548, 110.98195113126708
27.985000000011556, 110.99473225892369
27.98600000001155, 111.00826456817546
27.987000000011548, 111.02256769287123
27.988000000011553, 111.03766126685993
27.98900000001156, 111.05356492399042
27.990000000011555, 111.07029829811142
27.991000000011553, 111.08788102307193
27.992000000011558, 111.10633273272072
27.993000000011563, 111.12567306090673
27.99400000001156, 111.1459216414787
27.99500000001156, 111.16709810828567
27.996000000011563, 111.18922209517636
27.99700000001156, 111.21231323599957
27.998000000011572, 111.23639116460438
27.99900000001157, 111.26147551483947
