RI,MW
2.285353749655883,68.68166010864906
2.2910241382690515,68.77154303309537
2.29687653605545,68.86152781653209
2.302899943870088,68.95161455436751
2.3090833625680034,69.04180334206806
2.3154157930042487,69.13209427517945
2.32188623603372,69.22248744930455
2.3284836925115258,69.31298296012314
2.335197163292648,69.40358090337814
2.3420156492320814,69.4942813748811
2.348928151184964,69.58508447051412
2.355923670006092,69.67599028622256
2.362991206550646,69.76699891802735
2.3701197616736494,69.85811046201027
2.377298336229984,69.94932501432429
2.384515931074773,70.04064267119318
2.39176154706297,70.13206352890604
2.399024185049626,70.22358768382033
2.4062928458897517,70.31521523236334
2.4135565304383704,70.40694627103035
2.420804239550449,70.49878089638254
2.4280249740810405,70.59071920505359
2.4352077348851395,70.68276129374466
2.4423424380019867,70.77490725922196
2.449433699054552,70.86715719832682
2.4564979869269337,70.9595112079621
2.4635521081446115,71.05196938510385
2.4706128692330225,71.14453182679524
2.477697076717604,71.23719863014767
2.484821537123892,71.3299698923448
2.4920030569771683,71.42284571063249
2.4992584428029687,71.5158261823314
2.5066045011267732,71.60891140482805
2.5140580384739906,71.7021014755788
2.5216358613700436,71.79539649211044
2.5293547763404263,71.88879655201153
2.5372315899105615,71.9823017529513
2.5452831086058865,72.07591219265625
2.553526138951881,72.16962796893209
2.561977487473982,72.26344917964492
2.570653960697584,72.35737592273344
2.579572365148209,72.45140829620858
2.5887491226903308,72.54554639814629
2.5981712634021648,72.63979032669324
2.6077762039645904,72.73414018006429
2.6174965812310518,72.828596056544
2.6272650320551634,72.92315805448727
2.6370141932904403,73.01782627231779
2.6466767017904402,73.11260080852806
2.6561851944087067,73.2074817616773
2.665472307998769,73.3024692304025
2.6744706794141706,73.39756331340068
2.683112945508384,73.49276410944354
2.691331743135052,73.58807171737018
2.6990597091476474,73.6834862360887
2.706229480399813,73.77900776458249
2.712773693744964,73.87463640189512
2.718624986036687,73.97037224714764
2.7237159941285682,74.06621539952654
2.7279793548740656,74.16216595829117
2.7313477051268222,74.25822402276528
2.7337536820330115,74.3543896923482
2.7351647218172133,74.45066306650693
2.7356790565789453,74.54704424477615
2.7354256425754073,74.64353332676514
2.734533436063842,74.74013041214565
2.7331313933014627,74.83683560066991
2.7313484705455267,74.9336489921474
2.7293136240532476,75.03057068646814
2.7271558100819107,75.12760078358794
2.725003984888687,75.22473938353099
2.7229871047308905,75.32198658639695
2.7212341258656636,75.41934249234643
2.7198740045502916,75.51680720162197
2.7190356970420027,75.61438081452503
2.7188481595980534,75.71206343143473
2.719440348475601,75.80985515279832
2.720941219931987,75.90775607913218
2.723479730224369,76.00576631102355
2.7271848356100463,76.10388594912999
2.7321854923461473,76.20211509418317
2.738596722134602,76.30045384697489
2.746408119218728,76.39890230837982
2.7555428957980297,76.49746057933656
2.765923659399533,76.59612876085096
2.777473017550207,76.69490695400859
2.7901135777770634,76.79379525995687
2.8037679476070423,76.89279377991926
2.8183587345671697,76.99190261518655
2.8338085461844003,77.09112186712291
2.8500399899856887,77.1904516371615
2.8669756734980893,77.28989202680408
2.8845382042484857,77.38944313762799
2.9026501897639463,77.48910507127866
2.92123423757144,77.5888779294723
2.940212955197893,77.68876181399597
2.9595089501703455,77.78875682670757
2.9790448300157664,77.88886306953648
2.9987432022611245,77.98908064448189
3.0185266744334456,78.08940965361839
3.0383190953045442,78.1898501990838
3.0580791808270504,78.29040238309034
3.077804433846765,78.39106630792676
3.0974943851875736,78.49184207594521
3.117148565673105,78.5927297895717
3.136766506127131,78.69372955130397
3.156347737373409,78.79484146371263
3.175891790235667,78.89606562943446
3.1953981955376634,78.99740215118088
3.2148664841031405,79.09885113173794
3.234296186755813,79.20041267395575
3.253686834319467,79.30208688076024
3.2730379576178024,79.4038738551476
3.2923490874746477,79.50577370018715
3.3116197547136466,79.60778651901512
3.3308494901585846,79.70991241484658
3.3500378246332048,79.81215149096136
3.36918428896125,79.91450385071246
3.3882884139664924,80.01696959752624
3.407349730472646,80.11954883490121
3.4263677693034253,80.22224166640412
3.4453420612826022,80.32504819567508
3.4642721372339906,80.4279685264288
3.4831575279812057,80.53100276244658
3.501997764348104,80.6341510075855
3.5207923771583722,80.73741336577216
3.5395408972357103,80.8407899410067
3.5582428554039467,80.9442808373589
3.5768977824868102,81.04788615897152
3.5955052093080013,81.1516060100616
3.61406466669132,81.25544049491528
3.6325756854604236,81.35938971789126
3.6510377964391694,81.46345378342146
3.669450530451229,81.56763279600638
3.6878134183203457,81.6719268602244
3.706125990870291,81.7763360807197
3.724387778924765,81.88086056221441
3.74259831330761,81.98550040949993
3.760757124842442,82.09025572743879
3.778863744353089,82.19512662096808
3.796917702663265,82.30011319509602
3.814918530596742,82.40521555490258
3.8328657589772064,82.51043380554306
3.850758918628486,82.61576805223982
3.8685975403742248,82.72121840029475
3.886381155038265,82.8267849550757
3.904109293444293,82.93246782202657
3.921781486416023,83.03826710666381
3.939397264777284,83.14418291457343
3.9569561593517903,83.25021535141705
3.9744577009632422,83.3563645229271
3.9919014204354113,83.46263053491163
4.009286848592026,83.56901349324787
4.026613516256887,83.67551350388753
4.043880954253666,83.78213067285328
4.061088693406148,83.88886510624421
4.078236264538049,83.995716910231
4.095323198473167,84.10268619105241
4.112349026035204,84.20977305502791
4.129313278047931,84.31697760854208
4.146215485335006,84.42429995806083
4.163055178720285,84.53174021011353
4.179831889027483,84.6392984713103
4.196545147080286,84.74697484833439
4.21319448370248,84.85476944793368
4.229779429717823,84.96268237693941
4.246299515950042,85.07071374224756
4.262754273222868,85.17886365083574
4.27914323236007,85.28713220974574
4.295465924185365,85.39551952610041
4.311721879522551,85.50402570709113
4.32791062919533,85.61265085998436
4.344031704027373,85.72139509211995
4.360084634842565,85.83025851090932
4.376068952464564,85.9392412238397
4.391984187717142,86.04834333847062
4.40782987142407,86.15756496243628
4.423605534409006,86.2669062034426
4.439310707495764,86.37636716927025
4.454944921508044,86.48594796777414
4.470507707269647,86.5956487068797
4.485998595604286,86.70546949458972
4.501417117335706,86.81541043897761
4.516762803287648,86.92547164819234
4.532035184283814,87.0356532304591
4.547233791148031,87.14595529407134
4.562358154703986,87.25637794740003
4.577407805775465,87.36692129888627
4.592382275186154,87.47758545705248
4.607281093759823,87.58837053048761
4.622103792320246,87.699276627857
4.6368499016911215,87.81030385790251
4.65151895269625,87.92145232943312
4.6661104761592895,88.03272215134254
4.68062400290404,88.14411343258914
4.695059063754286,88.25562628220922
4.709415189533686,88.36726080931383
4.7236919110660125,88.4790171230851
4.7378887591750924,88.59089533278313
4.752005264684527,88.70289554774106
4.7660409584181735,88.81501787736629
4.779995371199689,88.92726243113802
4.793868033852888,89.03962931861301
4.807658477201471,89.15211864942174
4.8213662320692094,89.26473053326977
4.834990829279803,89.3774650799346
4.848531799657081,89.49032239926946
4.861988674024687,89.60330260120533
4.875360983206448,89.71640579574009
4.888648258026052,89.82963209295448
4.901850029307269,89.94298160300075
4.914965827873829,90.0564544361019
4.9279951845495304,90.17005070256208
4.9409376301580465,90.2837705127563
4.9537926955230915,90.39761397713694
4.9665599114684795,90.51158120622729
4.979238808817982,90.62567231062805
4.991828918395271,90.73988740101545
5.004329771024132,90.85422658813802
5.01674089752828,90.96868998282248
5.0290618287314715,91.08327769596856
5.04129209545745,91.19798983855036
5.053431228529988,91.31282652161698
5.06547875877277,91.42778785629785
5.0774342170096105,91.54287395378901
5.089297134064168,91.6580849253662
5.10106704076027,91.77342088238294
5.112743467921604,91.8888819362621
5.124325946371968,92.0044681985057
5.135814006935064,92.12017978069105
5.147207180434592,92.23601679446745
5.158504997694408,92.3519793515642
5.16970698953817,92.46806756377937
5.1808126867896505,92.5842815429976
5.191821620272606,92.70062140116654
5.202733320810751,92.8170872503165
5.2135473192278425,92.93367920255137
5.224263146347653,93.0503973700499
5.234880332993853,93.16724186507236
5.24539840999023,93.28421279994343
5.255816908160583,93.40131028707138
5.26613535832854,93.5185344389408
5.27635329131796,93.63588536810806
5.286470237952528,93.75336318720524
5.296485729055945,93.87096800894622
5.306399295452053,93.98869994611138
5.3162104679645665,94.10655911156428
5.325918777417172,94.22454561824372
5.335523754633641,94.34265957915906
5.3450249304377735,94.46090110740366
5.354421835653213,94.57927031613818
5.363714001103787,94.69776731860532
5.372900957613211,94.81639222812318
5.381982236005243,94.93514515808056
5.390957367103567,95.0540262219539
5.399825881732028,95.17303553328361
5.408587310714253,95.29217320569173
5.417241184874129,95.41143935287717
5.425787035035228,95.53083408861451
5.434224392021449,95.65035752675527
5.442552786656449,95.77000978122186
5.450771749763973,95.88979096602124
5.458880812167806,96.00970119523203
5.466879504691647,96.129740583012
5.474767358159326,96.24990924358924
5.482543903394429,96.3702072912766
5.49020867122087,96.49063484045794
5.497761192462292,96.61119200559584
5.505200997942481,96.73187890123009
5.512527618485166,96.85269564197309
5.519740584914089,96.97364234252004
5.526839428052966,97.09471911764086
5.533823678725611,97.21592608217532
5.540692867755681,97.33726335105234
5.547450889129891,97.45873103926603
5.55412304574503,97.58032926189624
5.560741196240926,97.70205813409356
5.567337200946042,97.82391777108964
5.573942920188813,97.94590828818822
5.580590214297686,98.06802980077632
5.587310943601182,98.1902824243152
5.594136968427662,98.3126662743404
5.601100149105605,98.43518146646878
5.608232345963444,98.55782811638937
5.615565419329684,98.68060633987476
5.623131229532731,98.80351625277049
5.630961636900963,98.92655797100076
5.639088501762984,99.04973161056705
5.647543684447172,99.17303728754537
5.656359045281903,99.29647511809394
5.665566444595726,99.42004521844488
5.675197742717003,99.54374770490917
5.68528479997434,99.66758269387589
5.695855178339613,99.7915503018074
5.706883575860189,99.91565064525066
5.718309157586191,100.03988384082099
5.730070428796367,100.16425000522261
5.742105894769409,100.28874925522747
5.754354060784053,100.41338170768731
5.766753432118961,100.53814747954007
5.779242514052882,100.66304668778939
5.791759811864523,100.78807944952304
5.8042438308325615,100.91324588190375
5.816633076235803,101.03854610217854
5.828866053352826,101.16398022766299
5.840881267462407,101.28954837575702
5.852617223843282,101.41525066393784
5.864012427774128,101.54108720975772
5.875005384533665,101.66705813084911
5.885534599400586,101.79316354492325
5.8955385776536104,101.91940356976728
5.904955824571445,102.04577832324505
5.913725608958927,102.17228792330576
5.921822791502848,102.29893248796961
5.929272210950884,102.42571213533573
5.936102451154966,102.55262698358878
5.9423420959671205,102.67967715098227
5.948019729239263,102.80686275585168
5.953163934823422,102.93418391661089
5.957803296571569,103.06164075175433
5.9619663983356475,103.18923337985417
5.965681823967728,103.31696191955815
5.96897815731964,103.44482648959251
5.971883982243469,103.57282720876567
5.974427882591172,103.7009641959625
5.976638442214721,103.82923757014937
5.978544244966088,103.95764745036401
5.980173874697243,104.08619395573088
5.981555915260202,104.21487720544731
5.982718950506893,104.34369731879603
5.9836915642893445,104.47265441512972
5.984502338103667,104.60174861388727
5.9851756402383245,104.73098003458345
5.985722936388612,104.86034879681202
5.986153230769403,104.9898550202471
5.986475527595729,105.11949882463885
5.986698831082492,105.24928032982015
5.98683214544468,105.37919965569846
5.986884474897224,105.50925692226404
5.986864823655125,105.63945224958859
5.986782195933287,105.76978575781465
5.986645595946683,105.90025756717148
5.98646402791033,106.03086779796233
5.986246496039129,106.16161657057421
5.98600200454797,106.29250400547194
5.985739557651925,106.42353022319742
5.985468159565926,106.55469534437643
5.985196814504803,106.68599948970889
5.984934526683688,106.81744277997947
5.984690300317453,106.94902533604548
5.984473139621002,107.0807472788544
5.984291011351445,107.21260872941959
5.984144430610968,107.34460980884307
5.984030655263965,107.47675063830964
5.983946929500263,107.60903133907298
5.9838904975095915,107.7414520324742
5.98385860348175,107.87401283993253
5.983848491606523,108.00671388294629
5.983857406073653,108.1395552830943
5.983882591072941,108.27253716203222
5.9839212907941715,108.40565964150247
5.9839707494271295,108.53892284331894
5.984028211161572,108.67232688938394
5.984090920187242,108.80587190167128
5.98415612069401,108.93955800224255
5.984221056871533,109.07338531323319
5.984282972909654,109.2073539568634
5.984339112998171,109.34146405543117
5.9843867213268,109.47571573131238
5.984423042085382,109.61010910696928
5.984445436690251,109.74464430493896
5.984453637445853,109.87932144784033
5.984449579764188,110.01414065837497
5.9844352826712,110.14910205932091
5.984412765192928,110.28420577353971
5.984384046355146,110.41945192397255
5.984351145183908,110.55484063363876
5.98431608070517,110.69037202564049
5.984280871944748,110.82604622316046
5.984247537928681,110.96186334946431
5.984218097682927,111.09782352788883
5.984194570233285,111.2339268818649
5.98417897460584,111.37017353489301
5.98417332982649,111.5065636105615
5.984179654921107,111.64309723253548
5.984199968915647,111.77977452456089
5.984236290836165,111.91659561046689
5.984290639708462,112.05356061416109
5.9843650345585075,112.19066965963601
5.984461475903245,112.32792287095955
5.984579664418888,112.46532037228216
5.984714801369748,112.60286228784013
5.984861566462371,112.74054874194594
5.985014639403246,112.87837985899327
5.985168699898722,113.01635576346006
5.985318427655471,113.1544765799006
5.9854585023797995,113.29274243295364
5.985583603778281,113.43115344734073
5.985688411557334,113.56970974785992
5.985767605423462,113.70841145939697
5.985815865083083,113.8472587069134
5.9858278702427725,113.98625161545122
5.985798300608863,114.12539031014208
5.985721835887944,114.26467491618926
5.985593155786489,114.40410555888492
5.98540694001089,114.54368236359947
5.985157868267663,114.68340545578164
5.9848406202632844,114.82327496097156
5.984449875704243,114.9632910047796
5.983984013825008,115.10345371290514
5.983457775108604,115.24376321112767
5.98289042155001,115.38421962530845
5.982301215297213,115.52482308138558
5.9817094184984825,115.66557370538888
5.9811342933019915,115.80647162342429
5.980595101855883,115.94751696167637
5.9801111063083425,116.08870984641904
5.97970156880757,116.23005040399913
5.979385751501624,116.37153876085621
5.979182916538804,116.51317504350617
5.979112326067167,116.65495937854449
5.979193242234942,116.7968918926546
5.979444927190329,116.93897271259543
5.9798866430814,117.08120196521814
5.980537652056427,117.22357977744116
5.98141721626348,117.36610627628099
5.98254459785079,117.50878158882482
5.98393905896657,117.65160584224803
5.985614971166484,117.79457916381008
5.987533618985552,117.93770168084703
5.989623744698548,118.08097352078157
5.991813620006425,118.2243948111147
5.994031516609951,118.3679656794393
5.996205706209963,118.51168625341474
5.998264460507372,118.65555666079993
6.000136051203,118.79957702942885
6.001748749997731,118.94374748721563
6.003030828592387,119.08806816216226
6.003910558687849,119.23253918234921
6.004316211984886,119.37716067594577
6.004176060184406,119.52193277119554
6.0034183749872625,119.66685559643355
6.00197142809435,119.81192928007263
5.999763491206451,119.95715395060607
5.996722836024446,120.10252973661947
5.9927777342491595,120.24805676677387
5.987856457581486,120.39373516981507
5.981889665253121,120.539565074572
5.974898162834208,120.68554660995672
5.967018338139127,120.83167990496797
5.958394152413248,120.97796508868082
5.949169566901787,121.12440229026137
5.939488542850043,121.2709916389487
5.929495041503287,121.41773326407731
5.919333024106805,121.56462729506163
5.9091464519058405,121.71167386139003
5.899079286145607,121.85887309264731
5.889275488071533,122.00622511849052
5.879879018928747,122.1537300686724
5.871033839962564,122.30138807301711
5.862883912418269,122.44919926144371
5.855573197541091,122.59716376394542
5.849245656576372,122.74528171060167
5.844045250769327,122.89355323158095
5.840115941365227,123.04197845712673
5.837601689609372,123.19055751757595
5.8366463683350105,123.33929054334325
5.837328612000363,123.48817766492368
5.839546389234471,123.63721901291022
5.843166652764808,123.78641471796055
5.848056355318889,123.935764910833
5.854082449624329,124.08526972236119
5.861111888408573,124.23492928346546
5.8690116243992065,124.38474372515114
5.877648610323732,124.53471317850067
5.886889798909692,124.68483777469484
5.896602142884589,124.83511764498273
5.9066525949759665,124.98555292070922
5.916908107911368,125.13614373329823
5.927235634418281,125.28689021425885
5.937502127224263,125.4377924951864
5.9475745390568875,125.58885070775617
5.957319822643612,125.74006498373681
5.966604930711952,125.89143545497085
5.975296815989523,126.04296225339331
5.983262431203784,126.19464551101582
5.990383747477011,126.34648535994268
5.996639477580388,126.49848193236106
6.002046683792827,126.65063536053927
6.006622524549442,126.80294577683483
6.010384158285504,126.95541331368287
6.013348743436069,127.10803810361506
6.015533438436265,127.26082027923617
6.016955401721333,127.41375997324046
6.0176317917263304,127.56685731841068
6.017579766886442,127.72011244760917
6.016816485636909,127.87352549378782
6.015359106412745,128.02709658997722
6.013224787649165,128.18082586930217
6.010430687781309,128.33471346496165
6.006993965244305,128.4887595102526
6.00293177847341,128.64296413854444
5.998261285903666,128.7973274833
5.9929996459702295,128.95184967806657
5.9871640171082845,129.10653085647215
5.980772960251372,129.2613711522356
5.973869476233631,129.41637069915944
5.966517319524883,129.57152963112514
5.9587809036569865,129.72684808211716
5.950724642161788,129.88232618618252
5.942412948571203,130.03796407747222
5.933910236417049,130.19376189021085
5.925280919231213,130.34971975871792
5.916589410545541,130.50583781739218
5.907900123891949,130.66211620072087
5.899277472802282,130.81855504327703
5.890785870808372,130.97515447971762
5.8824897314421065,131.13191464479013
5.874453468235373,131.28883567332235
5.866741494719989,131.4459177002308
5.859418224427841,131.60316086051336
5.852548070890805,131.76056528926313
5.84619544764081,131.9181311216538
5.840424768209601,132.0758584929423
5.835300103523366,132.23374753847727
5.830854655647869,132.3917983936936
5.827066662158984,132.55001119410574
5.823908690100453,132.70838607531726
5.821353306515903,132.8669231730237
5.81937307844909,133.02562262300313
5.817940572943613,133.18448456111528
5.8170283570432275,133.34350912331388
5.81660899779169,133.50269644563244
5.816655062232542,133.6620466642005
5.817139117409582,133.8215599152189
5.818033730366508,133.9812363349903
5.8193114681469496,134.1410760598983
5.8209448977946465,134.30107922640832
5.822906586353284,134.46124597108107
5.82516910086656,134.6215764305555
5.827705008378132,134.78207074156293
5.83048687593174,134.94272904092358
5.833487270571041,135.1035514655367
5.836678759339762,135.26453815239623
5.840036740288269,135.4256892385744
5.843547900772563,135.5870048612409
5.847201741821465,135.7484851576439
5.850987764463653,135.9101302651253
5.85489546972795,136.07194032110743
5.858914358643133,136.23391546310356
5.8630339322379115,136.39605582871414
5.867243691541049,136.55836155562687
5.871533137581324,136.72083278161676
5.875891771387529,136.88346964454317
5.880309093988373,137.04627228235475
5.884774606412648,137.2092408330934
5.889277809689048,137.3723754348777
5.893808204846451,137.53567622592155
5.898355292913507,137.69914334452147
5.902908574919053,137.8627769290674
5.907457551891852,138.02657711803096
5.911991724860613,138.19054404997343
5.916500594854043,138.35467786354667
5.920973662901048,138.51897869748436
5.925400430030308,138.6834466906139
5.929770397270573,138.8480819818465
5.934073065650665,139.01288471018512
5.938297936199291,139.17785501471576
5.942434509945201,139.34299303461427
5.94647228791716,139.50829890914744
5.950400771143961,139.67377277766215
5.954209460654411,139.83941477960718
5.9578878574771466,140.00522505450556
5.9614254626410315,140.17120374197336
5.964811777174745,140.33735098171786
5.968036302107123,140.50366691352752
5.971088538466887,140.67015167729014
5.973957987282773,140.8368054129687
5.976634149583603,141.00362826062556
5.979106526398127,141.17062036040653
5.981364618755052,141.33778185254477
5.9833979276832,141.5051128773619
5.985196226219671,141.67261357527212
5.98675775929361,141.8402840867761
5.988090695191332,142.0081245524591
5.989203766778488,142.1761351130041
5.990105706920602,142.3443159091696
5.990805248483184,142.512667081816
5.991311124331787,142.68118877188428
5.991632067331963,142.8498811204104
5.991776810349307,143.01874426850893
5.99175408624933,143.18777835739658
5.991572627897526,143.3569835283698
5.991241168159533,143.526359922813
5.990768439900762,143.69590768220976
5.990163175986922,143.86562694812056
5.989434109283451,144.03551786220206
5.988589972655973,144.20558056619998
5.987639498969926,144.37581520194425
5.986591421090921,144.5462219113631
5.985454471884566,144.71680083646183
5.984237399293363,144.8875521193483
5.982954763360823,145.0584759022064
5.981635700451022,145.22957232732176
5.980311595337611,145.40084153705914
5.979013832794266,145.57228367387992
5.977773797594608,145.74389888033303
5.976622874512373,145.9156872990528
5.9755924483210805,146.0876490727693
5.974713903794523,146.25978434430232
5.9740186257063215,146.43209325655093
5.973537998830068,146.60457595252157
5.973303407939511,146.7772325752897
5.973346237808244,146.95006326804344
5.973697873209943,147.12306817403788
5.974389698918245,147.29624743663467
5.97545309970684,147.46960119927917
5.9769194603493645,147.64312960550456
5.9788201656194815,147.81683279894042
5.981186600290883,147.99071092329692
5.984050149137147,148.16476412238688
5.987436025052489,148.3389925401029
5.9913337159702,148.5133963204319
5.995719885880007,148.68797560745207
6.00057118215085,148.8627305453256
6.005864252151724,149.0376612783145
6.01157574325164,149.21276795076164
6.0176823028196935,149.388050707113
6.024160578224809,149.56350969188696
6.03098721683601,149.73914504970733
6.038138866022322,149.91495692528417
6.045592173152812,150.09094546341916
6.05332378559649,150.26711080899935
6.061310350722309,150.44345310700663
6.0695285158993215,150.61997250251588
6.077954928496553,150.79666914068406
6.086566235883026,150.97354316677072
6.0953390854277245,151.150594726121
6.104250124499686,151.32782396416434
6.113276000467948,151.505231026432
6.122393360701452,151.68281605853642
6.1315788525693335,151.86057920619294
6.140809123440491,152.038520615194
6.1500608206839615,152.2166404314349
6.1593105916688415,152.39493880089466
6.168535083764041,152.5734158696445
6.1777109443387275,152.75207178385554
6.186814820761782,152.93090668977393
6.195823360402201,153.10992073375343
6.204713210629151,153.28911406222608
6.213461018811529,153.46848682172413
6.222043432318372,153.64803915887228
6.230437098518692,153.82777122037587
6.238618664781541,154.00768315304597
6.2465647784758715,154.18777510377103
6.2542520869708085,154.36804721954204
6.261657237635262,154.54849964743624
6.268756877838285,154.72913253462804
6.275527654948931,154.90994602837594
6.281946753193765,155.0909402760335
6.288027905443741,155.2721154250495
6.293844140468323,155.45347162295909
6.299473910000728,155.63500901739368
6.304995665773802,155.8167277560746
6.31048785952072,155.99862798681292
6.316028942974427,156.18070985751947
6.321697367867884,156.36297351618956
6.327571585934265,156.54541911091502
6.333730048906446,156.7280467898766
6.340251208517586,156.91085670134723
6.347213516500631,157.09384899369664
6.35469542458857,157.27702381538356
6.362775384514521,157.46038131495794
6.371531848011429,157.64392164106556
6.381043266812384,157.82764494244017
6.391388092650374,158.01155136791698
6.402644777258374,158.19564106641033
6.414891772369529,158.37991418693952
6.428207528444929,158.56437087860525
6.442638930843813,158.7490112906155
6.458119342176289,158.9338355722553
6.474556613320047,159.11884387291596
6.491858595152607,159.30403634206806
6.509933138551531,159.48941312928747
6.528688094394482,159.67497438423734
6.5480313135589086,159.86072025667272
6.567870646922572,160.04665089644269
6.588113945362892,160.23276645349168
6.60866905975756,160.41906707785614
6.629443840984123,160.60555291966335
6.650346139920146,160.7922241291349
6.6712838074432455,160.9790808565914
6.692164694431,161.1661232524329
6.712896651760971,161.35335146716776
6.733387530310722,161.54076565138735
6.753545180957943,161.72836595578332
6.773277454580111,161.91615253113622
6.792492202054802,162.10412552832125
6.811105850501008,162.29228509831177
6.829108311107646,162.48063139216896
6.84652684499784,162.6691645610465
6.863389007743265,162.8578847561929
6.879722354915685,163.04679212896082
6.895554442086606,163.23588683077585
6.910912824827889,163.42516901317828
6.9258250587110695,163.61463882779296
6.9403186993078805,163.80429642633757
6.954421302190013,163.99414196062597
6.968160422929145,164.1841755825626
6.981563617096924,164.3743974441483
6.994658440265042,164.56480769748725
7.007472448005188,164.75540649475803
7.020033195889013,164.9461939882544
7.032368239488207,165.13717033034564
7.044505134374447,165.328335673507
7.056471436119409,165.51969017030578
7.068294700294771,165.71123397340713
7.0800024824721675,165.90296723555767
7.09162233822336,166.0948901096126
7.103181823120025,166.28700274851468
7.11470849273374,166.479305305307
7.12622990263624,166.67179793311547
7.137773608399243,166.86448078517373
7.14936716559437,167.05735401480408
7.161038129793326,167.25041777542603
7.172814056567745,167.44367222054558
7.184722501489389,167.63711750377772
7.196791020129851,167.83075377881934
7.209047168060806,168.024581199467
7.221518500853961,168.2185999196146
7.234232574081048,168.41281009325226
7.247216943313603,168.6072118744568
7.26049916412353,168.80180541740853
7.274106792082293,168.99659087638176
7.288067382761611,169.1915684057388
7.302408491733246,169.3867381599468
7.317157644040961,169.58210029355976
7.332335288800607,169.77765496123556
7.347945780319932,169.97340231772256
7.3639912467093325,170.1693425178634
7.380473816079203,170.36547571659867
7.397395616539924,170.56180206896317
7.41475877620195,170.7583217300874
7.432565423175447,170.95503485519984
7.450817685571053,171.15194159962226
7.469517691498908,171.34904211877213
7.48866756906952,171.54633656816637
7.508269446393285,171.74382510340675
7.528325451580528,171.9415078802055
7.548837712741573,172.1393850543635
7.569808357986929,172.3374567817751
7.591239515426864,172.53572321843683
7.613133313171787,172.73418452043632
7.635491879332093,172.93284084395856
7.658317342018151,173.13169234528834
7.681611829340284,173.33073918079936
7.705374560083484,173.5299815069688
7.729589597563091,173.72941948036166
7.754236085925186,173.92905325765153
7.779293166735243,174.12888299560225
7.804739981558782,174.32890885106667
7.83055567196125,174.52913098100774
7.856719379508149,174.72954954247126
7.883210245764886,174.9301646926109
7.910007412296949,175.1309765886706
7.937090020669842,175.33198538799232
7.964437212449042,175.5331912480197
7.992028129200008,175.7345943262844
8.019841912488161,175.9361947804199
8.047857703879089,176.13799276815408
8.076054644938083,176.33998844731917
8.104411877230802,176.54218197583447
8.132908542322625,176.74457351172245
8.16152378177901,176.9471632130989
8.190236737165463,177.1499512381767
8.219028242763827,177.35293774527474
8.247901547124044,177.5561228927915
8.276875774852087,177.7595068392428
8.305970386674005,177.96308974323043
8.335204843316049,178.16687176344982
8.36459860550437,178.37085305870886
8.39417113396513,178.57503378789397
8.423941889424427,178.779414110003
8.453930332608493,178.98399418412495
8.484155924243453,179.18877416945153
8.51463812505554,179.39375422526834
8.545396395770766,179.5989345109547
8.576450197115463,179.80431518599545
8.607818989815641,180.00989640996806
8.639522234597564,180.2156783425555
8.671579392187368,180.42166114352585
8.704009923311162,180.6278449727515
8.736833288695209,180.8342299902131
8.77006894906556,181.04081635596881
8.803735942775646,181.24760423019285
8.837830876533502,181.45459377314336
8.87231716575161,181.66178514519223
8.907155547437569,181.86917850679401
8.942306758598846,182.0767740185132
8.977731536243027,182.28457184100742
9.013390617377667,182.4925721350275
9.049244739010291,182.70077506143565
9.085254638148442,182.90918078118222
9.12138105179973,183.1177894553212
9.157584716971542,183.32660124500003
9.193826370671573,183.53561631146735
9.23006674990728,183.74483481607822
9.266266591686247,183.95425692027092
9.302386633016013,184.1638827855967
9.338387610904093,184.3737125736927
9.37423026235804,184.58374644630922
9.409875324385453,184.79398456528637
9.445283533993802,185.00442709256058
9.480415628190642,185.21507419018045
9.515232343983527,185.42592602027523
9.54969441838,185.63698274509042
9.583762588387643,185.8482445269628
9.61739759101394,186.05971152832433
9.650560163266448,186.27138391171292
9.68321104215272,186.48326183976448
9.715310964680327,186.69534547521556
9.746820667856724,186.90763498089555
9.777700888689566,187.12013051974128
9.807912364186308,187.3328322547837
9.837415831354562,187.54574034915345
9.866172027201813,187.75885496609135
9.89414168873563,187.97217626892066
9.921285552963553,188.1857044210776
9.94756435689311,188.39943958608487
9.97293883753187,188.61338192758637
9.99736973188736,188.8275316093058
10.020817776967121,189.0418887950748
10.043243709778721,189.25645364882104
10.06462178813861,189.4712263345815
10.085029742529628,189.6862070164866
10.104593104796791,189.9013958587601
10.123437664532204,190.1167930257422
10.141689211327972,190.3323986818624
10.159473534776126,190.54821299164655
10.176916424468843,190.76423611973294
10.19414366999817,190.98046823085215
10.211281060956267,191.19690948984055
10.228454386935226,191.41356006162425
10.245789437527066,191.630420111242
10.26341200232396,191.84748980382776
10.281447870918,192.06476930461616
10.300022832901362,192.28225877894516
10.319262677866007,192.49995839224943
10.33929319540411,192.71786831006713
10.360240175107762,192.93598869803455
10.382229406569081,193.1543197218916
10.405386679380172,193.37286154748188
10.42983408390947,193.591614340739
10.455611889855703,193.8105782677155
10.482680318179263,194.02975349454437
10.51099624505612,194.2491401874804
10.540516546662587,194.4687385128562
10.571198099174666,194.68854863713176
10.602997778768568,194.90857072684636
10.635872461620409,195.12880494865166
10.66977902390633,195.34925146930075
10.70467434180243,195.569910455644
10.740515291484883,195.7907820746333
10.777258749129828,196.0118664933305
10.814861590913367,196.23316387888644
10.85328069301167,196.45467439856628
10.892472931600892,196.67639821972148
10.932395182857121,196.89833550982206
10.973004322956527,197.12048643642868
11.014257228075223,197.34285116721088
11.056110774389325,197.56542986992616
11.098521838075044,197.78822271246057
11.141447295308467,198.01122986277136
11.184844022265764,198.23445148894174
11.228668895123008,198.45788775914443
11.272878790056382,198.68153884165292
11.317430583241972,198.90540490485986
11.362281150855964,199.1294861172376
11.407387369074485,199.35378264737363
11.452706114073706,199.57829466395913
11.498194262029727,199.8030223357822
11.543808689118649,200.02796583173483
11.58950627151664,200.25312532081153
11.635243885399888,200.47850097211088
11.680978406944448,200.70409295483415
11.726666712326448,200.92990143828243
11.772265677722132,201.15592659186532
11.81773217930754,201.38216858508954
11.863023093258846,201.6086275875633
11.908095295752162,201.83530376900765
11.952905662963687,202.06219729923674
11.99741107106945,202.28930834816907
12.04156839624568,202.51663708583206
12.085334514668503,202.74418368235334
12.128666302513992,202.9719483079581
12.171520635958373,203.1999311329847
12.21385439117769,203.42813232786335
12.255624444348186,203.6565520631436
12.296787671645887,203.8851905094595
12.337300949246952,204.11404783756018
12.377121153327607,204.34312421830407
12.416205160063882,204.57241982263437
12.454509845632003,204.80193482161675
12.491992086208,205.0316693864046
12.528608757968087,205.26162368826954
12.564316737088404,205.49179789857686
12.599072899745067,205.72219218880005
12.632834122114161,205.9528067305194
12.66555728037197,206.18364169540894
12.697199250694453,206.41469725525545
12.72772162296448,206.6459735819513
12.757140911842853,206.87747084748557
12.78550912817569,207.10918922395456
12.812878877151846,207.3411288835572
12.839302763960205,207.5732899986115
12.86483339378961,207.80567274151028
12.889523371828929,208.0382772847818
12.91342530326709,208.27110380103062
12.936591793292848,208.50415246299394
12.959075447095188,208.73742344348983
12.980928869862865,208.97091691545427
13.002204666784763,209.2046330519235
13.022955443049852,209.43857202603698
13.043233803846903,209.67273401104632
13.063092354364784,209.9071191802961
13.082583699792366,210.14172770724767
13.101760445318533,210.37655976545847
13.12067519613214,210.61161552859673
13.139380557422044,210.8468951704314
13.157929503378213,211.0823988648409
13.176390688387286,211.31812678580593
13.194853943982764,211.5540791074153
13.213410601308766,211.79025600385867
13.232151991509525,212.02665764942643
13.251169445729388,212.26328421853393
13.27055429511249,212.50013588567788
13.290397870803162,212.73721282547706
13.310791503945609,212.9745152126543
13.33182652568405,213.21204322202593
13.353594267162762,213.44979702852294
13.376186059526049,213.68777680718972
13.399693233918043,213.92598273315969
13.42420712148305,214.1644149816812
13.449819053365331,214.40307372811304
13.476620360709049,214.64195914791085
13.50470237465855,214.88107141663465
13.53415642635801,215.12041070996432
13.565073846951734,215.3599772036766
13.5975459359274,215.59977107364992
13.631626688767511,215.83979249587642
13.667260688633704,216.0800416464531
13.704372562823082,216.32051870158176
13.742886938632807,216.56122383757355
13.782728443359986,216.80215723083845
13.823821704301807,217.04331905790218
13.866091348755404,217.28470949539232
13.90946200401791,217.52632872004472
13.953858297386489,217.7681769087002
13.99920485615823,218.0102542383065
14.045426307630322,218.25256088591792
14.092447279099929,218.49509702869727
14.140192397864126,218.73786284391582
14.188586291220133,218.98085850894552
14.23755358646504,219.22408420127
14.287018910896009,219.46754009848
14.336906891810173,219.71122637827483
14.387142156504709,219.95514321845025
14.437649332276749,220.19929079692778
14.488353046423384,220.44366929172386
14.539177926241805,220.68827888095754
14.590048599029188,220.93311974287099
14.64088969208261,221.17819205579804
14.691625832699245,221.4234959981896
14.742181648176214,221.66903174860724
14.79248176581072,221.91479948570125
14.842450812899813,222.16079938826118
14.892013416740753,222.40703163514962
14.941094204630588,222.6534964053622
14.98961780386648,222.9001938779898
15.037508841745648,223.14712423223915
15.084691945565083,223.39428764741857
15.13109174262209,223.64168430294447
15.17663286021373,223.88931437834765
15.221239925637164,224.13717805325763
15.26483756618957,224.38527550742637
15.307350409167967,224.63360692069503
15.34870308186963,224.8821724730306
15.388823393148442,225.13097234450055
15.427699463067754,225.3800067152791
15.465373338776928,225.62927576565068
15.501888967144367,225.8787796760098
15.53729029503873,226.12851862686125
15.571621269328446,226.378492798812
15.604925836882188,226.62870237258429
15.637247944568443,226.8791475290123
15.668631539255728,227.12982844901813
15.699120567812628,227.3807453136603
15.728758977107688,227.6318983040916
15.757590714009453,227.883287601574
15.78565972538648,228.13491338748335
15.813009958107287,228.38677584329983
15.839685359040445,228.6388751506176
15.865729875054484,228.89121149113532
15.891187453018006,229.14378504666584
15.916102039799483,229.39659599912807
15.940517582267532,229.6496445305504
15.964478050812943,229.90293082306746
15.988029948680733,230.1564550589333
16.011224538168605,230.41021742050492
16.03411360665484,230.6642180902475
16.056748941517682,230.91845725074242
16.07918233013548,231.17293508466778
16.101465559886563,231.42765177483125
16.123650418149168,231.6826075041323
16.145788692301608,231.9378024555936
16.167932169722164,232.19323681233462
16.19013263778912,232.44891075759813
16.212441883880842,232.70482447473216
16.2349116953756,232.96097814718664
16.25759385965165,233.217371958535
16.28054016408734,233.4740060924528
16.30380239606093,233.7308807327309
16.327432342950743,233.98799606326733
16.351481792135047,234.2453522680673
16.37600253099211,234.50294953125825
16.40104634690033,234.76078803705997
16.426654392359552,235.0188679698262
16.452822823501293,235.27718951399652
16.4795358980884,235.53575285414632
16.50677787381005,235.7945581749401
16.534533008355282,236.05360566116178
16.562785559413328,236.31289549771455
16.591519784673167,236.5724278695976
16.62071994182405,236.83220296193974
16.65037028855501,237.09222095995406
16.680455082555213,237.3524820489884
16.710958581513722,237.61298641449693
16.741865043119745,237.87373424204344
16.773158725062345,238.13472571729307
16.804823885030643,238.39596102604096
16.836844780713804,238.65744035418373
16.86920566980089,238.9191638877228
16.90189080998104,239.1811318127865
16.9348844589434,239.44334431560307
16.96817087437708,239.70580158251414
17.00173431397117,239.96850379998523
17.035559035414806,240.2314511545767
17.069629296397125,240.49464383297104
17.103929354607203,240.75808202196117
17.138443467734263,241.02176590844357
17.17315589346731,241.2856956794422
17.208050889495524,241.54987152208645
17.243112713508026,241.81429362361288
17.278325623193922,242.07896217137548
17.31367387624229,242.34387735283724
17.349141730342282,242.60903935558227
17.384713443183088,242.8744483672951
17.420373272453702,243.1401045757849
17.456105475843373,243.4060081689633
17.49189431104115,243.6721593348614
17.527724035736128,243.93855826160924
17.563578907617483,244.20520513747758
17.599443184374323,244.47210015082737
17.63530112369577,244.73924349013092
17.671136983270884,245.00663534399263
17.70693502078889,245.27427590111083
17.74267949393885,245.54216535030753
17.77835466040989,245.81030388051445
17.813944777891066,246.07869168078008
17.849434104071577,246.34732894025925
17.884806896640526,246.61621584822896
17.920047413287165,246.88535259407098
17.955139911700343,247.1547393672875
17.990068649569366,247.42437635749096
18.024817884583285,247.69426375440736
18.059371874431292,247.96440174787992
18.09371487680241,248.2347905278587
18.127831149385827,248.50543028441464
18.161704949870682,248.7763212077325
18.195320535946024,249.04746348809877
18.22866216530099,249.31885731593695
18.26171409562471,249.59050288176158
18.294460584606384,249.86240037620848
18.32688590832936,250.1345499900437
18.35898440550457,250.40695191412092
18.39077712013477,250.6796063394313
18.4222894767656,250.9525134570591
18.453546899942666,251.2256734582244
18.484574814211527,251.49908653425294
18.515398644117795,251.77275287657258
18.546043814207167,252.04667267674728
18.57653574902517,252.32084612644326
18.60689987311747,252.59527341744695
18.63716161102971,252.8699547416488
18.66734638730742,253.14489029107222
18.69747962649626,253.42008025783767
18.727586753141793,253.69552483418963
18.75769319178974,253.97122421249307
18.78782436698569,254.24717858521748
18.818005703275134,254.52338814495292
18.84826262520386,254.79985308439936
18.878620557317277,255.07657359638486
18.909104924161227,255.353549873833
18.939737155338634,255.630782109801
18.97051410193356,255.90827049746164
19.001423274813533,256.1860152300889
19.0324521667944,256.46401650108334
19.063588270691866,256.74227450395585
19.094819079321667,257.02078943234045
19.12613208549965,257.2995614799743
19.157514782041517,257.57859084072504
19.188954661763006,257.8578777085729
19.22043921747988,258.1374222776032
19.251955942007925,258.4172247420338
19.283492328162794,258.69728529618425
19.315035868760333,258.9776041344976
19.346574056616276,259.2581814515334
19.378094384546387,259.53901744196764
19.40958434536634,259.82011230059277
19.441031431892014,260.1014662223105
19.472423136939113,260.38307940214816
19.503746953323372,260.6649520352557
19.534990373860495,260.94708431687917
19.566140891366274,261.2294764423965
19.597185998656528,261.5121286073024
19.628113188546962,261.7950410072085
19.658909953853282,262.078213837838
19.689563787391307,262.3616472950275
19.72006218197683,262.64534157474367
19.750392630425466,262.929296873063
19.780542625553068,263.21351338617933
19.81049966017534,263.4979913104057
19.840251227108126,263.78273084217454
19.86978481916708,264.0677321780225
19.899087929167962,264.3529955146245
19.92814804992659,264.6385210487582
19.956952674258673,264.92430897732254
19.98548929497997,265.21035949733806
20.01374540490619,265.4966728059375
20.041708496853204,265.78324910037907
20.069366063636664,266.07008857802754
20.09670559807236,266.3571914363771
20.123714592976,266.6445578730287
20.1503805411634,266.93218808571663
20.176690935450296,267.22008227228014
20.20263326865242,267.50824063068245
20.228195033585507,267.79666335900333
20.253363723065405,268.08535065544277
20.27812682990779,268.3743027183175
20.3024718469284,268.6635197460609
20.326386266943047,268.9530019372325
20.349857582767413,269.24274949050687
20.372873287217317,269.53276260467163
20.395420873108492,269.8230414786369
20.4174878332567,270.1135863114359
20.43906166047759,270.4043973022166
20.460129847587098,270.69547465025397
20.48067988740084,270.98681855491895
20.500699272734636,271.2784292157363
20.520175496404192,271.5703068323174
20.539096051256195,271.862451604416
20.55745669065584,272.1548637318917
20.57528468445736,272.4475434147314
20.592614817694056,272.74049085303767
20.609481875399183,273.0337062470307
20.62592064260602,273.32718979706004
20.641965904347984,273.6209417035737
20.657652445658073,273.9149621671724
20.673015051569934,274.20925138854585
20.688088507116618,274.50380956851905
20.70290759733146,274.798636908043
20.717507107247826,275.09373360815965
20.731921821898908,275.3890998700718
20.74618652631804,275.6847358950714
20.76033600553862,275.98064188458255
20.774405044593692,276.2768180401495
20.788428428516738,276.573264563441
20.802440942341008,276.86998165623254
20.81647737109975,277.16696952042605
20.83057249982636,277.4642283580658
20.844763091004978,277.7617583712773
20.859104009126895,278.05955976234253
20.873659830890176,278.3576327336385
20.888495225711665,278.65597748767703
20.903674863008234,278.954594227087
20.919263412196727,279.2534831546243
20.935325542694017,279.55264447315795
20.95192592391686,279.8520783856824
20.969129225282217,280.1517850953111
20.987000116206787,280.45176480527704
21.005603266107556,280.7520177189406
21.025003344401313,281.0525440397816
21.045265020504843,281.35334397139144
21.066452963835133,281.6544177175092
21.088631843808884,281.9557654819597
21.111866329843025,282.25738746872344
21.136221091354372,282.55928388188084
21.161760797759797,282.8614549256342
21.188550118476115,283.1639008043299
21.21665006211518,283.46662172241435
21.24601612555054,283.76961788446
21.276484889582633,284.0728894951616
21.307886581313966,284.3764367593502
21.340051427847044,284.6802598819612
21.372809656284346,284.9843590680584
21.40599149372835,285.28873452283204
21.439427167281508,285.593386451591
21.472946904046353,285.89831505976485
21.506380931125364,286.2035205529097
21.539559475620962,286.50900313670866
21.572312764635768,286.8147630169596
21.60447102527209,287.12080039957914
21.63586448463255,287.4271154906233
21.666323369819537,287.7337084962609
21.695677907935533,288.04057962277983
21.7237583260831,288.3477290765994
21.75039485136466,288.655157064252
21.775417710882692,288.96286379241593
21.798657383216522,289.2708494678621
21.82002127592122,289.5791142975137
21.839601806264085,289.8876584883908
21.857518637205857,290.19648224765774
21.873891431707165,290.5055857825963
21.88883985272855,290.81496930060604
21.902483563230646,291.1246330092185
21.91494222617405,291.4345771160809
21.926335504519386,291.7448018289833
21.936783061227203,292.0553073558065
21.946404559258184,292.3660939045909
21.9553196615729,292.67716168348016
21.963648031131953,292.9885109007425
21.971509330895998,293.3001417647912
21.97902322382552,293.6120544841286
21.98630937288121,293.9242492674108
21.993487441023746,294.2367263234102
22.00067709121359,294.54948586101966
22.007997986411425,294.8625280892631
22.015569789577825,295.17585321728296
22.023498021088557,295.48946145434877
22.031809958687035,295.803353009857
22.04050597256932,296.11752809333143
22.04958640829841,296.4319869144125
22.059051611437297,296.7467296828742
22.068901927548808,297.0617566086139
22.07913770219622,297.37706790164566
22.089759280942218,297.6926637721282
22.100767009349937,298.0085444303265
22.112161232982317,298.3247100866397
22.123942297402408,298.6411609515821
22.13611054817298,298.9578972358211
22.148666330857196,299.2749191501183
22.161609991018025,299.59222690538
22.174941874218376,299.90982071263454
22.188662326021216,300.2277007830319
22.202771691989625,300.5458673278544
22.2172703176864,300.86432055850014
22.23215854867476,301.1830606865126
22.247434457726314,301.502087923538
22.263063651649276,301.821402481362
22.278987510654645,302.1410045719093
22.29514683443145,302.4608944071973
22.311482422668803,302.7810721994018
22.327935075055706,303.10153816081487
22.34444559128127,303.4222925038487
22.360954771034528,303.7433354410512
22.377403414004533,304.06466718508625
22.3937323198804,304.38628794876644
22.409882288351127,304.7081979450055
22.425794119105802,305.03039738686164
22.44140861183351,305.3528864875052
22.456666566223248,305.6756654602598
22.471508781964076,305.99873451854836
22.485876058745134,306.3220938759342
22.499709196255424,306.6457437461103
22.512948994183944,306.96968434289334
22.52553625221995,307.2939158802294
22.537412435788724,307.61843857218827
22.548559626512372,307.9432526329676
22.559023250594123,308.26835827690803
22.5688542290101,308.59375571845237
22.57810348273631,308.9194451721975
22.586821932748848,309.2454268528424
22.595060500023664,309.5717009752404
22.60287010553691,309.8982677543602
22.61030167026459,310.22512740529214
22.617406115182746,310.55228014327724
22.62423436126747,310.8797261836498
22.630837329494796,311.2074657419101
22.637265940840763,311.53549903366303
22.643571116281322,311.86382627465554
22.649803776792766,312.1924476807501
22.65601484335096,312.5213634679515
22.662255236931998,312.85057385238684
22.668575878511888,313.1800790503125
22.67502768906678,313.5098792781116
22.681661588057437,313.8399747523101
22.688514655224253,314.170365689541
22.695576336898057,314.5010523065889
22.702825839288664,314.8320348203457
22.710242368606004,315.1633134478575
22.71780513105992,315.4948884062821
22.72549333286034,315.8267599129161
22.733286180217135,316.1589281851746
22.741162879340237,316.49139344061615
22.749102636439545,316.8241558969226
22.757084657724903,317.1572157719035
22.76508814940624,317.4905732835099
22.77309231769337,317.8242286498095
22.781076368796306,318.15818208900714
22.789019508924866,318.492433819438
22.796900944288893,318.8269840595633
22.804699881098458,319.1618330279769
22.81239552556329,319.49698094340795
22.819967083893317,319.83242802470943
22.82739376229847,320.168174490872
22.83465687448657,320.50422056101485
22.841754933934908,320.8405664543814
22.84869484787805,321.17721239035734
22.855483580246187,321.5141585884505
22.862128094969563,321.8514052682975
22.86863535597837,322.18895264968234
22.875012327202825,322.5268009525065
22.88126597257309,322.86495039680534
22.88740325601941,323.20340120274335
22.89343114147198,323.5421535906305
22.89935659286101,323.881207780883
22.905186574116755,324.22056399407194
22.910928049169314,324.56022245089565
22.916587981948993,324.9001833721705
22.92217333638601,325.24044697886103
22.927691076410554,325.5810134920639
22.93314816595276,325.9218831329895
22.9385515689429,326.26305612300797
22.943908249311193,326.60453268359436
22.949225170987802,326.94631303637215
22.954509297902973,327.288397403088
22.959767593986925,327.63078600564455
22.965007023169846,327.97347906604443
22.970234549381928,328.3164768064347
22.97545713655336,328.6597794491138
22.980681748614415,329.0033872164852
22.985915349495343,329.34730033110867
22.991164903126162,329.6915190156513
22.996437373437203,330.03604349294153
23.00173972435877,330.38087398592216
23.00707891982094,330.72601071767883
23.012461923753932,331.0714539114258
23.017895700087962,331.41720379050616
23.023387212753278,331.763260578413
23.02894342568004,332.1096244987543
23.03457130279847,332.45629577528115
23.040277808038866,332.80327463187376
23.04606990533128,333.15056129256044
23.05195447506216,333.4981559814798
23.057922340469702,333.84605892292825
23.06392927932373,334.19427034131974
23.069926446112504,334.5427904612096
23.075864995323855,334.89161950728754
23.08169608144584,335.240757704368
23.087370858966523,335.5902052774167
23.09284048237393,335.9399624515316
23.098056106156008,336.29002945192616
23.102968884800845,336.6404065039653
23.1075299727965,336.9910938331513
23.111690524630887,337.3420916651068
23.115401694792126,337.6934002255991
23.118614637768218,338.04501974053306
23.121280508047136,338.3969504359462
23.12335046011694,338.7491925380067
23.124775648465715,339.1017462730202
23.125507227581352,339.4546118674279
23.125496351951966,339.80778954781863
23.12469417606559,340.16127954089023
23.12307850851414,340.5150820734979
23.120759935492686,340.86919737263275
23.117890307499948,341.2236256654095
23.114621488006236,341.5783671790837
23.11110534048177,341.93342214104945
23.107493728396946,342.2887907788343
23.103938515221955,342.64447332011207
23.100591564427162,343.0004699926707
23.09760473948282,343.3567810244613
23.09512990385923,343.71340664353994
23.09331892102668,344.07034707813557
23.092323654455498,344.42760255658715
23.09229596761591,344.78517330738003
23.093387723978225,345.143059559129
23.095750787012832,345.5012615406004
23.0995370201899,345.85977948068546
23.10489828697976,346.2186136084123
23.111986450852726,346.5777641529634
23.1209533752791,346.93723134362676
23.13193565360106,347.2970154098544
23.1448785642867,347.6571165812311
23.159597071669992,348.01753508746424
23.175903636791162,348.37827115842344
23.193610720690486,348.73932502409394
23.212530784408216,349.1006969146059
23.232476288984685,349.46238706022757
23.25325969546006,349.8243956913774
23.274693464874673,350.18672303859444
23.296590058268777,350.54936933255607
23.318761936682648,350.9123348040876
23.34102156115651,351.2756196841478
23.363181392730752,351.6392242038437
23.38505389244554,352.0031485944009
23.406451521341154,352.367393087196
23.42718674045787,352.7319579137468
23.447072010836024,353.0968433057022
23.46591979351578,353.4620494948601
23.483542549537475,353.8275767131447
23.49975510862808,354.19342519263176
23.514486341827222,354.55959516552105
23.527827390146683,354.9260868641641
23.53988178674234,355.2929005210467
23.550753064770277,355.6600363687964
23.56054475738648,356.0274946401829
23.569360397746948,356.3952755681002
23.577303519007756,356.76337938561215
23.584477654324843,357.13180632588205
23.5909863368542,357.5005566222508
23.596933099751965,357.8696305081715
23.602421476173987,358.2390282172497
23.60755499927646,358.6087499832363
23.612437202215233,358.97879604001207
23.617171618146415,359.34916662160066
23.621861780225913,359.7198619621686
23.626611221609892,360.09088229601514
23.63152347545423,360.462227857598
23.636702074915036,360.8338988815027
23.64225054242607,361.2058956024479
23.648249930739354,361.5782182553006
23.654711462133093,361.9508670750816
23.661632833125424,362.3238422969269
23.669011740234254,362.69714415614453
23.67684587997769,363.07077288815805
23.685132948873843,363.4447287285294
23.693870643440647,363.81901191299306
23.703056660196182,364.1936226773991
23.71268869565847,364.568561257739
23.722764446345593,364.9438278901512
23.733281608775542,365.31942281092864
23.744237879466425,365.69534625648544
23.75563095493621,366.0715984633932
23.767458531702943,366.4481796683524
23.779718306284707,366.82509010821354
23.792407975199552,367.20233001997184
23.805525234965444,367.57989964074915
23.819067782100518,367.9577992078305
23.833033313122684,368.3360289586356
23.847419524550133,368.71458913072416
23.862224112900805,369.09347996179844
23.87744477469272,369.4727016897007
23.893079206444042,369.8522545524268
23.909125104672682,370.23213878810475
23.925580165896747,370.6123546350057
23.94244208663426,370.99290233156233
23.959708563403268,371.3737821163188
23.977377292721798,371.75499422798384
23.9954459711079,372.13653890540934
24.013912295079564,372.51841638758293
24.03277396115496,372.9006269136516
24.05202866585202,373.2831707228742
24.07167410568877,373.6660480546879
24.09170797718332,374.04925914865504
24.112127976853657,374.43280424448466
24.132931801217865,374.8166835820271
24.15411714679402,375.2008974012876
24.17568171009998,375.58544594240743
24.19762318765399,375.9703294456644
24.219939275973957,376.355548151502
24.24262767157805,376.74110230049223
24.265686070984174,377.1269921333543
24.289112170710382,377.51321789095493
24.312903667274867,377.89977981430286
24.33705825719551,378.2866781445518
24.361573636990386,378.67391312300305
24.38644750317758,379.06148499110583
24.41167755227508,379.4493939904382
24.43726148080094,379.83764036274783
24.463196985273242,380.22622434990626
24.489481762209977,380.61514619394933
24.516113508129223,381.0044061370423
24.54308991954892,381.394004421504
24.570408692987257,381.783941289802
24.598067524962175,382.1742169845306
24.626064111991752,382.56483174846795
24.65439615059404,382.95578582449235
24.683061146614136,383.3470794556606
24.712031680606287,383.73871288517586
24.74123089390031,384.1306863563631
24.770576101048363,384.52300011272104
24.799984616602472,384.915654397862
24.829373755114688,385.30864945558886
24.858660831137144,385.701985529821
24.88776315922192,386.09566286462194
24.916598053921035,386.4896817042185
24.94508282978657,386.8840422929737
24.97313480137069,387.2787448754112
25.000671283225387,387.6737896961855
25.027609589902767,388.0691770001067
25.05386703595488,388.46490703211845
25.079360935933835,388.8609800373477
25.10400860439168,389.2573962610278
25.127727355880552,389.65415594855614
25.1504345049525,390.0512593454975
25.172047366159603,390.4487066975228
25.192483254053855,390.8464982504928
25.211690221292343,391.2446342503912
25.229754318790697,391.6431149433554
25.246800307678456,392.0419405756795
25.262952951050153,392.44111139378117
25.278337012000407,392.84062764426795
25.293077253623693,393.24048957385725
25.307298439014687,393.64069742942894
25.321125331267837,394.041251458023
25.334682693477816,394.4421519068114
25.34809528873913,394.84339902312354
25.3614878801464,395.24499305443794
25.374985230794124,395.64693424837947
25.388712103776896,396.0492228527251
25.402793262189306,396.45185911538994
25.417353469126,396.85484328446114
25.432517487681395,397.2581756081556
25.44841008095014,397.66185633484855
25.465156012026767,398.0658857130677
25.482880044005952,398.470263991485
25.501698760181313,398.8749914189112
25.521638358204115,399.2800682443352
25.542668881263438,399.6854947168709
25.564759529021842,400.09127108579935
25.587879501141714,400.4973976005434
25.61199799728547,400.9038745106709
25.637084217115643,401.3107020659115
25.663107360294674,401.7178805161429
25.690036626484982,402.12541011139047
25.71784121534901,402.53329110182784
25.746490326549264,402.94152373779104
25.775953159748127,403.35010826975855
25.80619891460813,403.759044948363
25.837196790791666,404.1683340243826
25.86891598796123,404.5779757487412
25.901325705779243,404.9879703725399
25.934395143908148,405.3983181470144
25.96809350201042,405.8090193235404
26.0023899797485,406.2200741536772
26.037253776784866,406.63148288909576
26.07265409278193,407.04324578166205
26.10856012740217,407.4553630833541
26.144941080308087,407.86783504633365
26.181766151162037,408.2806619228948
26.219004539626525,408.69384396548963
26.256625445363966,409.10738142673165
26.29459806803689,409.52127455936375
26.332891607307687,409.9355236163221
26.3714752628388,410.3501288506523
26.41031823429276,410.7650905155732
26.44938972133184,411.18040886446835
26.488658923618715,411.5960841508454
26.528095040815714,412.01211662839137
26.56766727258534,412.4285065509292
26.607344818590036,412.84525417243833
26.64709687849222,413.26235974707504
26.686892651954366,413.6798235291113
26.726701338638946,414.0976457729993
26.766492138208292,414.5158267333391
26.806234250325048,414.9343666648821
26.845896874651544,415.35326582252753
26.88544921085034,415.7725244613439
26.92486045858368,416.19214283654804
26.96409981751418,416.6121212035052
27.003136487304317,417.0324598177471
27.041939667616447,417.4531589349364
27.0804785581131,417.8742188109231
27.118722358456665,418.29563970168516
27.156640268309587,418.7174218633706
27.194201487334396,419.13956555227645
27.23137521519348,419.56207102485786
27.268130651549285,419.98493853772226
27.304436996064368,420.40816834762654
27.34026344840106,420.83176071150996
27.375579208221836,421.2557158864284
27.410353475189225,421.68003412961747
27.44455544896556,422.10471569846857
27.478154329213396,422.52976085052
27.51112201945233,422.95516984347205
27.543448115006527,423.3809429351812
27.575129325181535,423.8070803836572
27.606162378647525,424.23358244706594
27.636544004074807,424.660449383739
27.666270930133606,425.08768145214634
27.695339885494178,425.5152789109175
27.72374759882672,425.94324201887525
27.75149079880154,426.3715710349447
27.778566214088812,426.8002662182351
27.8049705733589,427.2293278280251
27.83070060528189,427.6587561237231
27.855753038528206,428.0885513649222
27.880124601767932,428.5187138113456
27.90381202367135,428.9492437228953
27.926812032908856,429.3801413596187
27.949121358150506,429.8114069817271
27.97073672806667,430.24304084958965
27.991654871327484,430.6750432237304
28.011877041433507,431.1074143648316
28.031485019379687,431.54015453373637
28.05062986794485,431.97326399144663
28.069464909631876,432.4067429991193
28.08814346694365,432.8405918180729
28.106818862382937,433.27481070977245
28.12564441845265,433.70939993586
28.144773457655702,434.1443597581365
28.16435930249483,434.5796904385372
28.184555275472974,435.01539223919355
28.20551469909296,435.4514654223558
28.227390895857724,435.8879102504614
28.250337188269924,436.32472698610724
28.274506898832698,436.76191589203114
28.30005335004867,437.19947723115223
28.32712986442084,437.6374112665183
28.355889764452,438.0757182613804
28.38648637264501,438.5143984791062
28.419073011502746,438.9534521832544
28.453802131624457,439.3928796375408
28.49074410877634,439.8326811058134
28.529821179916496,440.2728568521118
28.57094003498034,440.71340714062995
28.61400736390337,441.15433223570363
28.658929856621,441.5956324018543
28.70561420306879,442.0373079037518
28.753967093182098,442.479359006227
28.803895216896393,442.92178597426863
28.85530526414712,443.36458907304853
28.908103924869778,443.8077685678528
28.96219788899984,444.25132472417926
29.017493846472604,444.6952578076651
29.073898487223715,445.13956808411245
29.13131850118853,445.5842558194694
29.189660578302608,446.02932127987106
29.248831408501275,446.4747647316082
29.30873768172006,446.9205864411181
29.36928608789441,447.3667866750189
29.430383316959706,447.8133657000722
29.491936058851508,448.26032378322753
29.553851003505315,448.707661191565
29.6160348408564,449.1553781923657
29.67839426084035,449.6034750530319
29.740835953392605,450.0519520411673
29.803266608448553,450.50080942450643
29.86559291594375,450.9500474709694
29.927721565813613,451.3996664486301
29.989559247993554,451.84966662572555
30.051012652419047,452.3000482706531
30.11198846902562,452.75081165199623
30.172393387748684,453.2019570384602
30.232134098523602,453.653484698956
30.291117291285985,454.1053949025263
30.349249655971192,454.5576879184068
30.406437882514723,455.010364015975
30.46258866085202,455.4634234647755
30.51760868091847,455.9168665345337
30.57140463264966,456.3706934951234
30.6238911914553,456.82490461658284
30.675061225513957,457.2795001691183
30.724951870177193,457.73448042311395
30.7736007647687,458.1898456490994
30.821045548612062,458.6455961177791
30.867323861031053,459.1017321000228
30.912473341349227,459.5582538668555
30.956531628890247,460.0151616894877
30.999536362977864,460.47245583926883
31.04152518293563,460.9301365877372
31.082535728087237,461.38820420659675
31.122605637756322,461.8466589676946
31.161772551266665,462.30550114307323
31.20007410794173,462.7647310049052
31.2375479471053,463.2243488255687
31.27423170808106,463.6843548775855
31.31016303019254,464.14474943364695
31.34537955276349,464.60553276661767
31.37991891511757,465.06670514951253
31.413820540658094,465.52826685553316
31.447180934623447,465.9902181580348
31.48016434425864,466.4525593305464
31.512938952535336,466.9152906467709
31.545672942425398,467.37841238055205
31.578534496900403,467.8419248059406
31.61169179893207,468.3058281971187
31.645313031492094,468.7701228284525
31.67956637755225,469.2348089744729
31.71462002008414,469.6998869098852
31.750642142059576,470.1653569095629
31.787800926450217,470.6312192485275
31.826264556227727,471.0974742019957
31.866201214363855,471.5641220453357
31.907779083830263,472.03116305409105
31.951166347598786,472.4985975039673
31.996531188640915,472.96642567084865
32.044041789928514,473.43464783078167
32.09386633443327,473.9032642599751
32.146172832484325,474.3722752348305
32.20105691850293,474.8416810318983
32.25843010260036,475.31148192789857
32.318175046180585,475.7816781997308
32.380174410647584,476.25227012445055
32.44431085740533,476.7232579793003
32.510467047857645,477.1946420416786
32.578525643408625,477.66642258915755
32.64836930546207,478.13859989948605
32.71988069542206,478.61117425057984
32.79294247469258,479.0841459205184
32.867437304677395,479.55751518755477
32.94324784678054,480.03128233011626
33.02025676240595,480.50544762680084
33.09834671295761,480.98001135637736
33.177400359839424,481.4549737977719
33.25730036445535,481.93033523010564
33.33792938820932,482.4060959326504
33.41917009250531,482.8822561848699
33.50090513874724,483.35881626637547
33.583017188339085,483.8357764569704
33.665388902684725,484.31313703661266
33.747902943188166,484.7908982854424
33.83044197125335,485.26906048377504
33.91288864828428,485.7476239120914
33.99512563568467,486.2265888510374
34.077035594858785,486.7059555814591
34.158501187210334,487.185724384323
34.239405074143406,487.6658955408376
34.31962991706186,488.1464693323182
34.39905837736964,488.6274460403118
34.47757311647072,489.1088259464691
34.55505679576905,489.59060933269024
34.63139207666856,490.07279648099995
34.706461620573236,490.5553876735962
34.78014808888696,491.0383831928819
34.852334143013735,491.5217833213986
34.922902444357476,492.005588341886
34.99173565432213,492.48979853724376
35.058725314748926,492.97441419055247
35.12390010502162,493.4594355850668
35.18739649530747,493.9448630042121
35.24935385997341,494.4306967315952
35.30991157338602,494.9169370509763
35.36920900991208,495.4035842463112
35.42738554391843,495.8906386017446
35.48458054977172,496.3781004015539
35.5409334018388,496.86596993022306
35.59658347448641,497.35424747239347
35.65167014208129,497.8429333129032
35.70633277899023,498.33202773674776
35.760710759579894,498.82153102910183
35.81494345821713,499.3114434753229
35.869170249268706,499.8017653609263
35.92353050710133,500.2924969716317
35.97816360608175,500.7836385933065
36.03320892057678,501.27519051201534
36.08880582495314,501.7671530139745
36.14509308424854,502.2595263856049
36.20216635424421,502.7523109134934
36.260050405679664,503.2455068843965
36.31876341039626,503.7391145852616
36.37832354023547,504.233134303181
36.438748967038634,504.7275663254776
36.500057862647196,505.22241093958706
36.5622683989026,505.7176684331905
36.62539874764619,506.21333909408906
36.68946708071948,506.70942321029736
36.75449156996382,507.2059210699789
36.82049038722067,507.7028329615039
36.88748170433132,508.2001591734132
36.955483693137296,508.697899994408
37.02451452547999,509.19605571337456
37.09459237320081,509.6946266194103
37.16573540814116,510.1936130017296
37.23796180214245,510.6930151497905
37.31128972704613,511.1928333531719
37.385737354375294,511.69306790167514
37.46131057945277,512.193719085266
37.53797048208921,512.6947871940677
37.61566791836168,513.1962725184262
37.69435374434727,513.6981753488307
37.773978816123076,514.2004959759605
37.8544939897661,514.7032346906861
37.935850121353525,515.2063917840318
38.017998066962434,515.7099675472422
38.10088868266982,516.213962271698
38.18447282455287,516.7183762489896
38.26870134868861,517.2232097708727
38.35352511115417,517.7284631292988
38.4388949680266,518.2341366163662
38.524761775382956,518.7402305244095
38.61107638930042,519.2467451458965
38.69778966585599,519.7536807734941
38.78485246112675,520.2610377000358
38.872215631189846,520.7688162185731
38.959830032122426,521.2770166223021
39.04764652000134,521.7856392046116
39.135615950903826,522.2946842590682
39.22368918090706,522.8041520794502
39.31181706608797,523.3140429596659
39.39995046252369,523.82435719385
39.488040226291304,524.3350950762899
39.57603721346797,524.8462569014815
39.663892280130625,525.3578429640805
39.75155628235649,525.8698535589367
39.8389800762225,526.382288981079
39.926114517805985,526.8951495257228
40.01291046318383,527.4084354882775
40.099318768433164,527.9221471642952
40.18529028963107,528.4362848495593
40.27077588285468,528.9508488400072
40.35572640418101,529.4658394317709
40.44009270968721,529.9812569211771
40.52382565545031,530.4971016046957
40.606876097547456,531.0133737790364
40.68919489205564,531.5300737410407
40.77073289505202,532.0472017877759
40.85144096261379,532.5647582164705
40.93126995081778,533.0827433245421
41.010170715741225,533.6011574095962
41.08809411346121,534.1200007694197
41.16499100005481,534.639273701988
41.24081223159911,535.1589765054504
41.31550866417112,535.6791094781678
41.389031153848094,536.1996729186563
41.46133055670694,536.7206671256406
41.53235772882485,537.2420923980113
41.6020635262789,537.763949034857
41.670398805146135,538.2862373354554
41.73731442150361,538.8089575992555
41.80276123142855,539.3321101259037
41.86669009099799,539.8556952152329
41.929051856288794,540.3797131672665
41.989797383378374,540.9041642821986
42.0488778580706,541.4290488604338
42.10632620205135,541.9543672025326
42.16236388611614,542.4801196092577
42.21723888002029,543.0063063815827
42.27119915351901,543.5329278206294
42.3244926763677,544.059984227719
42.37736741832157,544.5874759043988
42.430071349135915,545.1154031523307
42.482852438565914,545.6437662734298
42.53595865636703,546.1725655697571
42.58963797229447,546.7018013435925
42.64413835610347,547.231473897389
42.69970777754932,547.7615835337878
42.75659420638735,548.2921305556189
42.81504561237276,548.823115265905
42.8753099652609,549.3545379678535
42.93763523480703,549.8863989648574
43.0022693907664,550.4186985605063
43.06946040289438,550.9514370585911
43.139456240946146,551.4846147630645
43.21244730789502,552.0182319780852
43.28831953128733,552.5522890080045
43.366858550101796,553.0867861573452
43.447849942010095,553.6217237308387
43.53107928468401,554.1571020334111
43.61633215579522,554.692921370163
43.70339413301534,555.2291820463818
43.792050794016205,555.7658843675766
43.882087716469414,556.3030286393923
43.973290478046664,556.840615167724
44.0654446564198,557.378644258626
44.15833582926038,557.917116218352
44.25174957424014,558.4560313533391
44.3454714690308,558.9953899702197
44.43928709130407,559.5351923758258
44.532982018731644,560.0754388771695
44.626341828985204,560.6161297814746
44.719152099736476,561.1572653961169
44.811198408657134,561.6988460287168
44.90227577111111,562.2408719870467
44.99230657097425,562.7833435790878
45.08130460847735,563.3262611130137
45.169285682252024,563.8696248971831
45.25626559092987,564.4134352401635
45.34226013314259,564.9576924506836
45.427285107521726,565.5023968377171
45.511356312699064,566.0475487103877
45.5944895473061,566.5931483780159
45.676700609974574,567.1391961501446
45.758005299336105,567.6856923364699
45.838419414022354,568.2326372469265
45.91795875266487,568.7800311916029
45.99663911389544,569.3278744808059
46.07447629634552,569.8761674250493
46.15148609864693,570.4249103349882
46.22768431943126,570.9741035215341
46.30308675733008,571.5237472957438
46.3777092109751,572.0738419689267
46.45156747899793,572.6243878525099
46.52467736003021,573.175385258185
46.59705465270363,573.7268344978105
46.66871515564978,574.2787358834325
46.73967466750031,574.8310897273175
46.80994898688684,575.3838963418991
46.87955391244111,575.9371560398235
46.94850524279465,576.4908691339291
47.01681877657916,577.0450359372668
47.08451031242626,577.5996567630639
47.15159564896757,578.1547319247318
47.21809058483478,578.710261735916
47.28401091865945,579.2662465104381
47.34937244907334,579.8226865623171
47.41419097470805,580.3795822057654
47.478482294195175,580.9369337552044
47.542262206166384,581.4947415252542
47.60554650925329,582.053005830707
47.668351002087604,582.6117269865905
47.73069148515859,583.1709053081015
47.792591932232796,583.7305411106433
47.85410324268338,584.2906347098216
47.91528185252227,584.8511864214448
47.97618419776131,585.4121965615036
48.0368667144125,585.9736654462038
48.097385838487554,586.5355933919461
48.15779800599856,587.0979807153182
48.21815965295724,587.6608277331317
48.27852721537553,588.2241347623726
48.33895712926525,588.7879021202228
48.399505830638475,589.3521301241094
48.46022975550687,589.9168190916095
48.521185339882464,590.4819693405293
48.582429019777095,591.0475811888506
48.64401723120258,591.6136549547675
48.70600641017094,592.1801909566963
48.768452992693966,592.7471895132196
48.831413414783555,593.3146509431385
48.8949441124515,593.8825755654544
48.95909485937233,594.4509636993745
49.02386361075918,595.0198156642901
49.089224047363615,595.5891317797945
49.15514971106276,596.1589123657284
49.22161414373343,596.7291577420588
49.28859088725281,597.2998682290175
49.356053483497874,597.8710441470053
49.423975474345525,598.442685816637
49.49233040167283,599.0147935587307
49.561091807356746,599.5873676943065
49.630233233274424,600.1604085445833
49.699728221302735,600.7339164309827
49.76955031331872,601.3078916751336
49.83967305119924,601.8823345988554
49.91006997682152,602.4572455241921
49.98071463206247,603.0326247733826
50.05158055879906,603.608472668857
50.12264129890835,604.1847895332745
50.19387039426735,604.7615756894685
50.26524138675293,605.3388314604894
50.336727818242224,605.9165571696047
50.40830323061223,606.4947531402737
50.479941165739916,607.0734196961644
50.551615165502284,607.6525571611367
50.62329877177635,608.2321658592729
50.69496552643912,608.8122461148514
50.766588971367554,609.3927982523606
50.83814264843872,609.9738225964942
50.90960009952957,610.5553194721383
50.98093486651712,611.1372892044067
51.0521204912784,611.7197321186057
51.12313051569035,612.302648540244
51.19393848163,612.8860387950489
51.26451793097445,613.4699032089414
51.33484240560054,614.0542421080578
51.404885447385396,614.6390558187496
51.474620598206,615.2243446675492
51.544021399939226,615.8101089812135
51.61306139446219,616.3963490867153
51.68171412365203,616.9830653112041
51.74995312938549,617.5702579820677
51.81775195353973,618.1579274268928
51.88508413799164,618.7460739734695
51.951923224618355,619.334697949796
52.01824275529677,619.9237996840875
52.08401627190395,620.5133795047454
52.14921731631685,621.1034377404109
52.2138194304126,621.6939747199154
52.277796156068035,622.2849907722781
52.3411210351602,622.8764862267793
52.40376760956613,623.4684614128781
52.46570942116287,624.0609166602339
52.52692001182734,624.6538522987335
52.58737292343662,625.2472686584553
52.64704169786759,625.8411660697099
52.70589987699739,626.4355448630001
52.76392100270297,627.0304053690525
52.82107861686134,627.6257479187947
52.87735386131422,628.2215728433515
52.93276408778948,628.8178804740943
52.987337420320586,629.4146711425828
53.04110198473302,630.01194518057
53.09408590685203,630.609702920069
53.1463173125031,631.2079446932507
53.19782432751177,631.8066708325334
53.24863507770331,632.4058816705334
53.298777688903186,633.0055775400836
53.348280286936784,633.6057587742196
53.39717099762956,634.2064257062119
53.44547794680685,634.8075786694938
53.49322926029416,635.409217997774
53.540453063916885,636.011344024947
53.58717748350037,636.6139570850886
53.63343064487006,637.217057512546
53.67924067385141,637.8206456418349
53.724635696269814,638.4247218077154
53.769643837950724,639.0292863451165
53.81429250187412,639.6343395892347
53.85860051358358,640.239881875449
53.90258108085911,640.8459135393567
53.946247314007024,641.4524349167741
53.989612323333574,642.059446343718
54.03268921914514,642.6669481564564
54.07549111174794,643.2749406914124
54.1180311114484,643.8834242852838
54.16032232855284,644.4923992749464
54.202377873367595,645.1018659975097
54.24421085619883,645.7118247902897
54.28583438735305,646.3222759908176
54.32726157713651,646.9332199368315
54.36850553585546,647.5446569663263
54.409579373816285,648.156587417463
54.45049620132531,648.7690116286277
54.49126912868883,649.381929938455
54.5319112662132,649.9953426857734
54.57243572420472,650.6092502096188
54.61285544344122,651.2236528492488
54.653175934311065,651.8385509441795
54.69339253869603,652.4539448340703
54.73349986437523,653.0698348588585
54.7734925191277,653.6862213586664
54.81336511073246,654.303104673876
54.853112246968465,654.9204851450035
54.89272853561479,655.5383631128716
54.932208584450365,656.1567389184938
54.97154700125432,656.7756129030738
55.01073839380564,657.3949854080668
55.04977736988329,658.0148567751186
55.088658537266355,658.6352273461317
55.12737650373384,659.2560974631998
55.16592587706475,659.8774674686357
55.204301265038055,660.4993377049766
55.24249727543284,661.121708514989
55.28050851602816,661.7445802416638
55.318329594602886,662.3679532281744
55.35595511893612,662.991827817957
55.39337969680699,663.6162043546396
55.43059793599437,664.2410831820902
55.46760444427724,664.8664646444021
55.504393829434775,665.4923490858469
55.54096069924586,666.1187368509743
55.577299661489604,666.7456282845316
55.61340532394499,667.3730237314642
55.64927229439098,668.0009235369671
55.684895180606674,668.6293280464529
55.72026859037109,669.2582376055559
55.75538713146321,669.8876525601237
55.790245411662056,670.5175732562445
55.82483803874666,671.1480000402156
55.859159620496,671.7789332585328
55.89320476468916,672.4103732579769
55.92696807910508,673.0423203854851
55.96044417152282,673.67477498828
55.99362764972145,674.3077374137503
56.02651312147995,674.9412080095512
56.059095194577225,675.5751871235288
56.09136847679244,676.2096751037815
56.1233275759046,676.8446722986129
56.154967099692584,677.48017905657
56.18628165593566,678.1161957264006
56.21726585241262,678.7527226570774
56.247914296902565,679.3897601978456
56.27822159718454,680.0273086981038
56.30818236103747,680.6653685075431
56.33779119624049,681.3039399760177
56.36704271057252,681.9430234536406
56.39593151181262,682.5826192907806
56.424452207739904,683.2227278379688
56.452599406133174,683.8633494460114
56.48036771477163,684.5044844659021
56.50775174143428,685.1461332489145
56.5347460939,685.7882961464907
56.56134537994791,686.430973510334
56.58754420735707,687.0741656923744
56.613337183906424,687.7178730447501
56.63871891737503,688.3620959198562
56.66368401554189,689.0068346702808
56.68822708618595,689.6520896488598
56.712342737086374,690.2978612086571
56.73602557602206,690.9441497029597
56.75927021077209,691.5909554852933
56.78207124911549,692.2382789093972
56.80442329883121,692.8861203292541
56.82632096769831,693.5344800990515
56.847758863495784,694.1833585732353
56.86873159400275,694.8327561064709
56.8892337669981,695.4826730536487
56.90925999026095,696.1331097698834
56.92880487157018,696.7840666105346
56.94786301870491,697.4355439311825
56.96642903944419,698.087542087632
56.98449754156698,698.7400614359337
57.00206313285233,699.3931023323593
57.01912042107918,700.0466651334206
57.03566401402665,700.7007501958509
57.05168851947374,701.3553578765949
57.0671885451994,702.0104885328833
57.08215869898274,702.6661425221287
57.096593588602644,703.3223202019805
57.11048782183829,703.9790219303649
57.123836006468565,704.6362480653854
57.13663275027258,705.293998965393
57.14887266102929,705.9522749889911
57.160550346517766,706.611076495006
57.17166041451699,707.2704038424919
57.18219747280594,707.9302573907308
57.19215612916375,708.5906374992587
57.201530991369395,709.2515445278145
57.210316667201795,709.9129788363961
57.21850776444009,710.5749407852404
57.226098890863256,711.237430734778
57.23308465425026,711.9004490457293
57.2394596623802,712.5639960789987
57.24521852303204,713.2280721957759
57.250355843984806,713.8926777574245
57.25486623301754,714.5578131255992
57.25874429790926,715.2234786621491
57.26198464643892,715.8896747291892
57.264581886385685,716.5564016890501
57.26653062552842,717.2236599043132
57.267825471646205,717.891449737791
57.26846103251805,718.5597715525118
57.268431915923,719.228625711776
57.26773272963996,719.8980125790745
57.266358081448146,720.5679325181965
57.26430257912645,721.2383858931222
57.261560830453845,721.9093730680792
57.258127443209474,722.5808944075478
57.253997025172254,723.2529502762048
57.24916418412127,723.9255410390163
57.243623527835524,724.598667061145
57.23736966409399,725.2723287080177
57.2303972006757,725.946526345315
57.22270074535973,726.6212603388889
57.21427490592501,727.296531054913
57.205114290150675,727.972338859722
57.19521350581559,728.6486841199779
57.18456716069895,729.3255672024786
57.17316986257964,730.0029884743547
57.1610162192367,730.6809483029244
57.14810083844915,731.3594470557621
57.13441832799606,732.0384851006712
57.11996329565639,732.7180628057064
57.104730349209234,733.3981805391678
57.088714096433506,734.0788386695757
57.071909145108265,734.7600375657015
57.05431010301257,735.441777596584
57.035911577925305,736.1240591314613
57.0167081776257,736.8068825398291
56.99669450989265,737.4902481914297
56.9758651825052,738.1741564562425
56.95421480324234,738.8586077045044
56.93173797988311,739.5436023066737
56.908429320206466,740.2291406334567
56.88428343199152,740.9152230557971
56.8592949230173,741.6018499449078
56.8334584010627,742.2890216721974
56.80676847390683,742.9767386093863
56.77921974932872,743.665001128365
56.75080683510734,744.35380960132
56.72152433902167,745.0431644006452
56.69136686885085,745.733065899026
56.660329032373795,746.4235144693394
56.62840543736962,747.1145104847278
56.59559069161722,747.8060543185948
56.5618794028957,748.4981463445673
56.52726617898401,749.190786936523
56.49174562766132,749.8839764686005
56.455312356706514,750.5777153151525
56.41796097389857,751.2720038508147
56.37968608701661,751.9668424504417
56.34048230383959,752.6622314891297
56.30034423214656,753.3581713422578
56.25926647971656,754.054662385399
56.21724365432854,754.7517049944315
56.174270363761565,755.4492995454274
56.13034121579469,756.1474464147536
56.085450818206795,756.8461459789715
56.03959377877712,757.5453986149325
55.99276470528446,758.245204699731
55.94495820550793,758.9455646106874
55.89616888722654,759.6464787253976
55.846391358219364,760.3479474216736
55.79562022626533,761.0499710776137
55.743850099143486,761.7525500715274
55.6910755846329,762.4556847820056
55.637291290512536,763.1593755878832
55.58249182456146,763.8636228682068
55.52667179455855,764.5684270023319
55.46982580828305,765.2737883698101
55.411948473513775,765.9797073504918
55.35303439802988,766.6861843244235
55.29307818961027,767.3932196719563
55.2320744560341,768.1008137736546
55.17001780508019,768.808967010355
55.10690284452775,769.5176797631235
55.04272418215575,770.2269524132995
54.97747642574316,770.9367853424906
54.91115418306896,771.6471789324736
54.84375206191234,772.3581335653928
54.77526467005211,773.0696496235512
54.70568661526747,773.781727489554
54.63501250533736,774.494367546231
54.56323694804064,775.2075701767043
54.49035455115663,775.9213357642984
54.416359922464125,776.6356646926196
54.341247669742216,777.3505573455436
54.26501240076996,778.0660141071561
54.18764872332636,778.7820353618406
54.10915590219352,779.4986214942018
54.02961113029963,780.2157728891041
53.94915610813817,780.9334899317054
53.86793447899677,781.6517730073629
53.7860898861627,782.3706225017164
53.70376597292349,783.0900388006725
53.62110638256664,783.8100222903535
53.538254758379566,784.5305733571937
53.45535474364971,785.2516923878218
53.37254998166455,785.9733797691614
53.28998411571152,786.6956358884037
53.207800789078135,787.4184611329517
53.126143645051826,788.1418558905045
53.04515632692005,788.8658205489952
52.96498247797027,789.5903554966259
52.88576574148988,790.3154611218611
52.80764976076645,791.0411378133839
52.73077817908731,791.7673859602082
52.65529463974008,792.4942059515387
52.58134145277509,793.2215981768716
52.50895035911222,793.9495630259393
52.437961351024654,794.6781008887555
52.368195292484955,795.407212155587
52.29947304746568,796.1368972169598
52.23161547993922,796.8671564636537
52.164443453878135,797.5979902866965
52.09777783325492,798.3293990773985
52.03143948204206,799.0613832273358
51.965249264212076,799.7939431283162
51.899028043737445,800.5270791724136
51.832596684590754,801.2607917519682
51.765776050744364,801.9950812596213
51.69838700617083,802.7299480882007
51.63025041484278,803.4653926308471
51.56118714073253,804.2014152809401
51.491018047812645,804.9380164321376
51.419564000055715,805.6751964783374
51.3466458614341,806.4129558137274
51.27208449597387,807.1512948327584
51.19574504667278,807.8902139300864
51.11766414530672,808.6297135007105
51.0379199334856,809.3697939398355
50.95659055281942,810.1104556429468
50.873754144918024,810.8516990058107
50.789488851391326,811.593524424434
50.70387281384933,812.335932295105
50.616984173901955,813.0789230143529
50.52890107315898,813.8224969789946
50.43970165323046,814.5666545861003
50.34946405572626,815.3113962330106
50.2582664222563,816.0567223173136
50.166186894430524,816.8026332368981
50.07330361385877,817.5491293898891
49.979694722151095,818.2962111746774
49.885438360917334,819.0438789899375
49.790612671767406,819.792133234604
49.69529579631123,820.5409743078663
49.59956587615872,821.2904026091985
49.503499126378784,822.0404185383178
49.40715382486317,822.7910224952319
49.3105784935988,823.5422148802104
49.21382155705774,824.2939960937844
49.11693143971186,825.0463665367527
49.01995656603319,825.7993266101824
48.922945360493514,826.5528767154267
48.825946247564985,827.3070172540598
48.729007651719485,828.0617486280014
48.6321779974289,828.8170712393578
48.53550570916528,829.5729854905634
48.43903921140051,830.3294917842805
48.3428269286066,831.0865905234947
48.24691728525545,831.844282111402
48.151358705819035,832.6025669514864
48.056199614769355,833.3614454475496
47.961488436578264,834.1209180035871
47.86727359571776,834.880985023924
47.773603516659875,835.6416469131274
47.68052662387646,836.4029040760471
47.588091341839515,837.1647569177987
47.496346095020954,837.9272058437875
47.405339307892774,838.6902512596488
47.315119404926946,839.453893571332
47.225734810595384,840.218133185047
47.13723394936997,840.9829705072527
47.04966524572279,841.7484059447223
46.96307712412582,842.5144399044847
46.87751800905079,843.281072793812
46.793036324969876,844.0483050203097
46.70968049635496,844.8161369918035
46.627498947677964,845.5845691164112
46.54654010341093,846.3536018025366
46.46685238802567,847.1232354588523
46.38848422599423,847.8934704942876
46.31148404178856,848.664307318083
46.23590025988062,849.4357463397121
46.161781304742334,850.2077879689479
46.089175508484374,850.9804326158454
46.018100721660375,851.7536806907175
45.94850044088753,852.5275326041652
45.88030703904903,853.3019887670845
45.81345288902804,854.077049590581
45.74787036370776,854.8527154861102
45.683491835971324,855.6289868653805
45.620249678701896,856.4058641403716
45.558076264782585,857.1833477233349
45.49690396709667,857.9614380268115
45.436665158527234,858.740135463615
45.377292211957496,859.5194404468431
45.318717500270594,860.2993533898845
45.26087339634964,861.079874706364
45.20369227307785,861.8610048102341
45.14710650333842,862.6427441156719
45.09104846001435,863.4250930372076
45.03545051598903,864.2080519895956
44.98024504414553,864.9916213878769
44.92536441736698,865.7758016474035
44.8707319551726,866.5605931837582
44.81622011755459,867.3459964128485
44.76168361730086,868.1320117508376
44.70697714881803,868.9186396141888
44.651955406512485,869.7058804196405
44.59647308479097,870.4937345841945
44.54038487805971,871.2822025251594
44.483545480725496,872.0712846601256
44.42580958719472,872.8609814069356
44.367031891874035,873.6512931837451
44.307067089169806,874.4422204089745
44.24576987348874,875.2337635013521
44.182994939237176,876.0259228798647
44.11859698082171,876.8186989638078
44.05243069264898,877.6120921727113
43.9843507691254,878.4061029264573
43.91421190465749,879.200731645169
43.841868793651855,879.9959787492419
43.76717613051497,880.7918446593998
43.68999944037145,881.5883297966333
43.61036201248422,882.3854345821932
43.528406423159936,883.183159437641
43.4442781949665,883.981504784843
43.35812285047146,884.7804710459203
43.27008591224279,885.5800586432679
43.180312902848016,886.3802679996176
43.08894934485508,887.1810995379378
42.996140760831594,887.9825536815284
42.90203267334536,888.7846308539387
42.80677060496416,889.5873314790118
42.710500078255734,890.3906559809232
42.613366615787726,891.1946047840606
42.515515740127995,891.9991783131508
42.41709297384429,892.8043769932153
42.31824383950428,893.6102012495586
42.21911385967573,894.4166515077108
42.1198485569264,895.2237281935927
42.02059345382415,896.0314317333707
41.921494072936525,896.8397625534691
41.82269593683148,897.648721080647
41.72434456807659,898.4583077419283
41.62658548923966,899.2685229646405
41.529564222888496,900.079367176402
41.43342629159076,900.8908408051096
41.33831721791424,901.7029442789772
41.244382524426754,902.5156780264651
41.15176773369589,903.3290424764095
41.06061836828954,904.1430380578232
40.97107995077536,904.9576652000947
40.883298003721194,905.7729243328794
40.79741804969467,906.5888158861518
40.71358561126365,907.4053402901278
40.63194621099581,908.2224979753556
40.55264537145894,909.0402893726707
40.475828615220706,909.8587149131896
40.40164146484898,910.6777750283359
40.33022944291136,911.4974701498406
40.26173806669533,912.3178007096845
40.196247739149754,913.1387671401885
40.133611391461926,913.9603698739558
40.07363231177612,914.7826093438721
40.01611378823682,915.6054859831321
39.9608591089883,916.4290002252394
39.90767156217501,917.2531525039484
39.856354435941256,918.0779432533427
39.806711018431514,918.9033729078026
39.75854459779006,919.7294419020184
39.711658462161466,920.5561506709586
39.66585589968983,921.3834996498693
39.62094019851983,922.2114892743275
39.57671464679564,923.0401199802145
39.53298253266172,923.8693922036643
39.48954714426239,924.6993063811689
39.44621176974218,925.5298629494791
39.40277969724528,926.3610623456392
39.3590542149162,927.1929050070183
39.31483861089933,928.0253913712729
39.269948555957995,928.8585218763852
39.224302453638956,929.6922969605786
39.177869540323485,930.5267170624429
39.13061941465938,931.3617826208025
39.08252167529437,932.1974940748689
39.03354592087615,933.0338518640623
38.98366175005253,933.8708564281504
38.932838761471174,934.7085082072233
38.88104655377984,935.5468076416394
38.828254725626266,936.3857551720662
38.77443287565822,937.225351239474
38.719550602523384,938.0655962851425
38.663577504869494,938.9064907506413
38.606483181344345,939.7480350778765
38.548237230595646,940.5902297090115
38.488809251271135,941.4330750865469
38.42816884201855,942.2765716532872
38.36628560148557,943.1207198522952
38.303129128319995,943.9655201270182
38.23867093208921,944.810972921135
38.1729300390854,945.6570786786632
38.10597506189728,946.5038378439394
38.03787693818299,947.3512508615659
37.96870660560106,948.1993181765179
37.89853500180976,949.048040233956
37.82743306446753,949.8974174795027
37.75547173123266,950.7474503589655
37.68272193976355,951.5981393184998
37.60925462771857,952.4494848046022
37.535140732756105,953.3014872640163
37.46045119253449,954.1541471438611
37.3852569447121,955.0074648914759
37.30962892694723,955.8614409545968
37.23363807689836,956.7160757812006
37.15735533222383,957.5713698196344
37.08085163058192,958.4273235185207
37.00419790963113,959.2839373267575
36.92746510702963,960.1412116936482
36.85072422553597,960.9991470686971
36.774059577737575,961.8577439018009
36.69758493445886,962.7170026431123
36.621418015828084,963.5769237431363
36.54567654197345,964.4375076526682
36.4704782330233,965.2987548227944
36.39594080910581,966.1606657049889
36.32218199034938,967.0232407509343
36.24931949688218,967.8864804127085
36.17747104883247,968.7503851426467
36.106754366328545,969.6149553934451
36.03728716949874,970.4801916180653
35.96918717847123,971.3460942698372
35.90257211337433,972.2126638023424
35.83755969433628,973.0799006694973
35.77426764148538,973.9478053255879
35.71281367494984,974.8163782251386
35.65331551485795,975.6856198230303
35.59589088133808,976.5555305744382
35.54065749451834,977.4261109348737
35.48770346304195,978.2973613601363
35.436967135245055,979.1692823063829
35.38833962513647,980.0418742300523
35.34171202885571,980.9151375878783
35.29697544254245,981.7890728369957
35.254020962336256,982.6636804347796
35.21273968437677,983.5389608389294
35.17302270480357,984.4149145075107
35.13476111975618,985.2915418988518
35.097846025374395,986.1688434716339
35.06216851779763,987.0468196848565
35.027619693165576,987.9254709977821
34.99409064761787,988.8047978701044
34.961472477293995,989.6848007617102
34.92965627833368,990.565480132897
34.8985331468765,991.4468364442406
34.86799417906201,992.3288701566435
34.83793047102978,993.21158173135
34.80823311891956,994.094971629876
34.77879566849887,994.9790403141287
34.74954293395285,995.8637882462737
34.72042131247403,996.7492158888116
34.69137762996607,997.6353237046009
34.66235871233303,998.5221121567796
34.63331138547869,999.4095817088295
34.604182475306885,1000.2977328245693
34.57491880772156,1001.1865659680911
34.54546720862649,1002.0760816038604
34.51577450392557,1002.9662801966446
34.4857875195226,1003.8571622115352
34.45545308132145,1004.7487281139479
34.42471801522606,1005.6409783696589
34.393529147140214,1006.5339134446901
34.36183330296777,1007.4275338054534
34.329577308612585,1008.3218399186858
34.29670798997856,1009.2168322513926
34.26317217296946,1010.1125112709913
34.22891668348922,1011.008877445125
34.193889342204386,1011.9059312418641
34.15808745908009,1012.8036731295483
34.12157970185402,1013.7021035768372
34.08444029116475,1014.6012230527322
34.04674344765098,1015.5010320265985
34.00856339195141,1016.4015309680645
33.96997434470464,1017.3027203471372
33.93105052654931,1018.2046006341236
33.89186615812423,1019.1071722996666
33.8524954600679,1020.0104358147744
33.813012653019086,1020.914391650691
33.773491957616415,1021.8190402791055
33.734007594498536,1022.724382171965
33.6946337843041,1023.630417801547
33.65544474767188,1024.53714764051
33.61651470524035,1025.4445721617863
33.57791787764833,1026.3526918386817
33.5397284855344,1027.2615071448058
33.50202074953731,1028.1710185540994
33.46486888434035,1029.08122654085
33.4283323283079,1029.9921315796773
33.39242391721075,1030.9037341455564
33.35714732219674,1031.816034713722
33.32250621441358,1032.7290337598151
33.28850426500915,1033.6427317597886
33.255145145131195,1034.5571291899146
33.22243252592759,1035.4722265268213
33.19037007854598,1036.3880242474424
33.158961474134344,1037.3045228290832
33.12821038384038,1038.2217227493545
33.09812047881195,1039.139624486217
33.068695430196755,1040.058228517953
33.03993890914265,1040.977535323195
33.011854586797455,1041.8975453809273
32.98444613430891,1042.818259170426
32.957717222824925,1043.7396771713488
32.931671523493236,1044.661799863646
32.90631270746164,1045.5846277276646
32.881644445877924,1046.5081612440308
32.857667798056724,1047.4324008937529
32.834364453282944,1048.3573471581553
32.811707392869806,1049.2830005188798
32.78966955648892,1050.209361457958
32.76822388381214,1051.1364304577248
32.747343314511,1052.0642080008843
32.72700078825727,1052.99269457042
32.70716924472282,1053.921890649747
32.68782162357911,1054.8517967225296
32.668930864498094,1055.7824132728342
32.65046990715135,1056.7137407850378
32.63241169121062,1057.6457797438964
32.61472915634769,1058.578530634448
32.59739524223414,1059.5119939421254
32.58038288854178,1060.4461701526886
32.563665034942346,1061.3810597522254
32.54721462110743,1062.316663227159
32.53100458670886,1063.252981064332
32.51500787141836,1064.1900137508014
32.49919759899748,1065.1277617740975
32.4835507874366,1066.0662256220035
32.46804816902019,1067.0054057826853
32.45267062411057,1067.9453027446846
32.43739903306985,1068.8859169967889
32.42221427626018,1069.8272490282607
32.40709723404382,1070.769299328602
32.39202878678287,1071.712068387722
32.37698981483959,1072.6555566958455
32.361961198576125,1073.599764743552
32.34692381835467,1074.5446930218063
32.331858554537405,1075.4903420218288
32.316746287486495,1076.4367122352949
32.30156789756413,1077.3838041541362
32.28630426513254,1078.331618270709
32.27093627055385,1079.2801550776878
32.255444794190254,1080.2294150680427
32.23981071640395,1081.1793987351928
32.224014917557156,1082.1301065728294
32.208038378009206,1083.0815390750327
32.191875846767374,1084.033696736226
32.175549761880575,1084.9865800511513
32.15908587915817,1085.9401895149563
32.14250995440915,1086.8945256231007
32.12584774344279,1087.8495888714197
32.10912500206817,1088.8053797560458
32.09236748609456,1089.7618987735561
32.07560095133101,1090.7191464208267
32.0588511535868,1091.6771231950556
32.042143848670946,1092.635829593855
32.02550479239275,1093.5952661151375
32.00895974056127,1094.555433257246
31.992534448985765,1095.516331518762
31.976254673475353,1096.4779613987369
31.96014616983919,1097.4403233965002
31.9442346938865,1098.4034180117665
31.928546001426355,1099.3672457446226
31.913105848267975,1100.331807095463
31.897939990220465,1101.2971025650781
31.883074183092987,1102.2631326546066
31.86853418269493,1103.229897865528
31.854345744835086,1104.197398699695
31.840534625322903,1105.1656356593091
31.827126579967455,1106.134609246946
31.814147364577877,1107.1043199655066
31.80162273496336,1108.074768318307
31.789578446933064,1109.0459548089493
31.778040256296208,1110.0178799414432
31.76703391886187,1110.9905442201332
31.75658519043924,1111.9639481497395
31.746719826837506,1112.9380922353503
31.737463583865775,1113.9129769823976
31.728842217333323,1114.8886028966826
31.720881483049197,1115.8649704843515
31.713607136822617,1116.8420802519272
31.707044934462658,1117.819932706263
31.701220631778625,1118.7985283546686
31.69615998457965,1119.7778677046736
31.691884703046043,1120.7579512642892
31.688370986421205,1121.7387795418579
31.685566377827513,1122.7203530460133
31.683417973515873,1123.7026722858725
31.68187286973722,1124.6857377708125
31.680878162742488,1125.6695500106546
31.680380948782528,1126.6541095155285
31.680328324108245,1127.6394167959531
31.680667384970576,1128.6254723627965
31.681345227620454,1129.6122767273157
31.68230894830876,1130.5998304011182
31.683505643286423,1131.588133896194
31.684882408804327,1132.5771877248587
31.686386341113405,1133.5669923998355
31.687964536464534,1134.557548434223
31.68956409110865,1135.5488563414387
31.69113210129666,1136.5409166353083
31.69261566327944,1137.5337298300017
31.693961873307984,1138.5272964400976
31.695118537950407,1139.5216169804712
31.69606191520964,1140.5166919664637
31.696805714658723,1141.5125219136887
31.697366198948856,1142.5091073382027
31.697759630731383,1143.5064487563598
31.69800227265756,1144.5045466849895
31.69811038737862,1145.503401641187
31.698100237545873,1146.5030141424681
31.697988085810664,1147.5033847067518
31.69779019482408,1148.5045138522403
31.697522827237634,1149.5064020975972
31.697202245702414,1150.5090499618098
31.696844712869762,1151.5124579642388
31.696466491390908,1152.5166266246504
31.696083843917194,1153.5215564631521
31.695713033099906,1154.52724800025
31.695370321590218,1155.533701756783
31.69507197203953,1156.540918254015
31.694834247098953,1157.548898013559
31.69467340237071,1158.5576415573958
31.694599172504326,1159.5671494079313
31.69460270174244,1160.5774220878654
31.69467184322903,1161.588460120348
31.69479445010802,1162.6002640288564
31.69495837552347,1163.6128343372945
31.695151472619415,1164.6261715698865
31.69536159453972,1165.6402762512414
31.695576594428502,1166.6551489064386
31.695784325429656,1167.670790060811
31.6959726406873,1168.6872002401287
31.696129393345217,1169.7043799705405
31.696242436547607,1170.7223297785838
31.69629962343842,1171.7410501911502
31.696288807161494,1172.7605417355119
31.69619784086106,1173.7808049393464
31.696014577680927,1174.8018403307294
31.695726870765128,1175.8236484380254
31.695322573257698,1176.8462297900978
31.694789538302615,1177.8695849161084
31.69411990932778,1178.893714345626
31.69333434594708,1179.9186186086279
31.69246513865724,1180.94429823544
31.691544612231297,1181.9707537567813
31.690605091441796,1182.9979857037868
31.68967890106157,1184.0259946078834
31.68879836586339,1185.0547810009925
31.687995810619952,1186.0843454153776
31.687303560104084,1187.1146883836707
31.686753939088533,1188.1458104388973
31.686379272346016,1189.1777121144698
31.686211884649254,1190.2103939441856
31.686284100771076,1191.2438564622548
31.6866282454842,1192.2781002032232
31.687276643561404,1193.3131257021005
31.68826161977546,1194.3489334941823
31.689615498899087,1195.3855241152535
31.691370605705004,1196.422898101403
31.69355926496607,1197.4610559891678
31.69621133677728,1198.4999983154396
31.699311876592503,1199.5397256175083
31.702806884997216,1200.5802384330877
31.706641054657922,1201.621537300205
31.71075907824121,1202.6636227573802
31.71510564841364,1203.706495343413
31.719625457841744,1204.750155597589
31.724263199192166,1205.7946040595075
31.72896356513138,1206.8398412692543
31.733671248326004,1207.885867767188
31.73833094144257,1208.9326840941794
31.742887337147664,1209.9802907914152
31.74728512810782,1211.028688400467
31.751469006989566,1212.0778774633686
31.755383666459608,1213.127858522497
31.758973799184304,1214.1786321206057
31.76218409783033,1215.2301988009472
31.764959255064298,1216.2825591070218
31.767243963552716,1217.3357135828298
31.768983319371387,1218.3896627727322
31.770162127728668,1219.4444072215124
31.770837847400713,1220.499947474282
31.77107569314532,1221.5562840766177
31.770940879720314,1222.613417574503
31.770498621883632,1223.6713485142327
31.769814134392988,1224.7300774426035
31.768952632006318,1225.7896049067235
31.76797932948145,1226.8499314541784
31.766959441576148,1227.9110576328749
31.765958183048355,1228.9729839911888
31.765040768655922,1230.0357110778434
31.76427241315659,1231.0992394419889
31.763718331308297,1232.1635696331848
31.763443737868812,1233.2287022013393
31.763513847596016,1234.294637696867
31.763993875247763,1235.3613766704532
31.76494903558188,1236.428919673299
31.766444543356187,1237.49726725693
31.768545613328598,1238.5664199732907
31.77129360138744,1239.6363783748013
31.774631824106308,1240.707143014161
31.778478419608064,1241.778714444597
31.782751525997924,1242.8510932196266
31.78736928138116,1243.9242798932682
31.79224982386299,1244.9982750198933
31.797311291548624,1246.0730791542962
31.802471822543254,1247.1486928516683
31.80764955495212,1248.2251166675992
31.8127626268805,1249.3023511581193
31.817729176433517,1250.3803968796412
31.82246734171642,1251.4592543889657
31.826895260834476,1252.5389242433466
31.830931071892934,1253.6194070004108
31.834492912996836,1254.7007032182194
31.837498922251626,1255.7828134552167
31.83986723776235,1256.865738270283
31.841515997634332,1257.9494782226723
31.84236333997282,1259.0340338720757
31.84233687080345,1260.119405778622
31.841458518629793,1261.2055945027785
31.83980433863576,1262.2926006054963
31.83745102893775,1263.3804246480663
31.834475287652367,1264.4690671922447
31.830953812896126,1265.5585288002274
31.82696330278563,1266.6488100345427
31.822580455437247,1267.7399114581765
31.817881968967754,1268.8318336345103
31.812944541493522,1269.924577127394
31.80784487113121,1271.0181425010105
31.802659655997303,1272.1125303200117
31.79746559420829,1273.2077411494643
31.792339383880773,1274.3037755548146
31.787357723131294,1275.4006341019701
31.782597310076426,1276.498317357182
31.778134842832657,1277.5968258872363
31.77404701951653,1278.696160259236
31.77041053824459,1279.7963210406924
31.76730056466087,1280.897308799653
31.764741879226563,1281.9991241044472
31.76269867977885,1283.1017675239138
31.761131570451113,1284.2052396272652
31.7600011553767,1285.3095409841424
31.759268038688873,1286.4146721645966
31.758892824521126,1287.520633739127
31.758836117006666,1288.6274262786812
31.759058520278927,1289.7350503545265
31.759520638471173,1290.8435065384067
31.76018307571684,1291.952795402533
31.76100643614916,1293.0629175194933
31.7619513239016,1294.1738734622704
31.76297834310742,1295.285663804325
31.764048097899973,1296.3982891195226
31.765121192412636,1297.5117499821345
31.7661582307787,1298.6260469668557
31.767119817131572,1299.7411806488337
31.767966555604573,1300.8571516036502
31.768659048464656,1301.973960407247
31.76915704445682,1303.091607636057
31.769418089664327,1304.2100938669205
31.769399379634166,1305.3294196770855
31.76905810991326,1306.4495856442365
31.768351476048537,1307.5705923464945
31.76723667358695,1308.6924403624175
31.765670898075342,1309.815130270964
31.763611345060696,1310.9386626515295
31.76101521009005,1312.0630380839486
31.757839688710106,1313.188257148485
31.75404197646793,1314.314320425804
31.749579268910423,1315.441228497057
31.744408761584566,1316.5689819437885
31.73848765003717,1317.6975813479369
31.73177312981528,1318.8270272919556
31.72422239646582,1319.9573203586833
31.715792645535572,1321.0884611313909
31.706441072571607,1322.2204501937722
31.69612487312085,1323.3532881299634
31.684815376158355,1324.486975524553
31.67256828099599,1325.6215129625723
31.659470461633845,1326.756901029431
31.645608841947734,1327.8931403110103
31.63107034581347,1329.0302313936077
31.61594189710675,1330.1681748640037
31.60031041970342,1331.306971309367
31.584262837479315,1332.4466213172836
31.567886074310167,1333.5871254758615
31.551267054071758,1334.7284843735604
31.534492700639873,1335.870698599315
31.517649937890354,1337.0137687425076
31.500825689698985,1338.157695392931
31.484106879941493,1339.3024791408152
31.467580432493662,1340.4481205768589
31.45133327123139,1341.5946202922
31.43545232003035,1342.7419788783782
31.420024502766324,1343.890196927402
31.405136743315182,1345.0392750317208
31.39087318025642,1346.189213784225
31.37727406642449,1347.3400137782376
31.36434470439039,1348.491675607513
31.352089427612043,1349.644199866306
31.340512569547144,1350.7975871491801
31.32961846365356,1351.9518380513339
31.31941144338913,1353.1069531682556
31.309895842211603,1354.2629330959355
31.30107599357882,1355.4197784308083
31.292956230948505,1356.5774897697345
31.28554088777858,1357.7360677100676
31.278834297526828,1358.8955128495206
31.27284079365097,1360.0558257863681
31.26756470960885,1361.2170071192156
31.263010378858326,1362.379057447183
31.259182134857127,1363.5419773698475
31.256084311063148,1364.7057674871567
31.253721240934084,1365.8704283996321
31.252097257927772,1367.035960708099
31.251216175450736,1368.2023650139477
31.25104354458648,1369.3696419189503
31.25148114954979,1370.5377920253675
31.252424732633642,1371.7068159358912
31.253770036131073,1372.8767142536838
31.255412802335144,1374.047487582319
31.25724877353875,1375.219136525833
31.259173692034864,1376.3916616887816
31.261083300116496,1377.565063676076
31.26287334007671,1378.739343093119
31.26443955420845,1379.9145005458058
31.2656776848047,1381.0905366404372
31.266483474158434,1382.2674519837572
31.266752664562688,1383.4452471830145
31.266380998310467,1384.6239228458735
31.265264217694664,1385.8034795805024
31.263298065008428,1386.9839179954377
31.26037828254462,1388.1652386997605
31.256400612596252,1389.3474423029593
31.251260798030557,1390.5305294150196
31.244891918034767,1391.714500646335
31.237365405470797,1392.8993566077868
31.22878473320091,1394.085097910685
31.21925337408757,1395.2717251668582
31.208874800993073,1396.4592389885547
31.197752486779734,1397.6476399884828
31.185989904309906,1398.8369287798005
31.173690526445938,1400.0271059761567
31.16095782605018,1401.2181721916618
31.14789527598495,1402.4101280408177
31.134606349112573,1403.6029741386874
31.121194518295425,1404.7967111007572
31.107763256395856,1405.9913395429164
31.094416036276158,1407.1868600816367
31.081256330798624,1408.3832733337647
31.068387612825745,1409.58057991663
31.055913355219758,1410.7787804480176
31.043937030842983,1411.9778755462178
31.03256211255777,1413.1778658299652
31.021880665281884,1414.3787519184116
31.011883691356644,1415.5805344312848
31.00250939619545,1416.7832139886489
30.993695525662247,1417.9867912111156
30.985379825621038,1419.191266719785
30.977500041935684,1420.3966411361541
30.969993920470273,1421.6029150822499
30.96279920708875,1422.8100891804966
30.955853647654976,1424.01816405389
30.949094988032954,1425.227140325804
30.942460974086686,1426.437018620124
30.935889351680117,1427.6477995611958
30.92931786667711,1428.8594837738667
30.922684264941722,1430.0720718833954
30.91592629233793,1431.2855645155935
30.908981694729675,1432.4999622966436
30.901788217980823,1433.715265853273
30.894283607955487,1434.931475812702
30.88640561051747,1436.1485928025238
30.87809340204072,1437.3666174509485
30.86932538464825,1438.585550386549
30.86012305875326,1439.8053922383726
30.85051013193987,1441.0261436360254
30.84051031179243,1442.2478052095275
30.830147305895082,1443.4703775893965
30.819444821832036,1444.6938614066064
30.808426567187468,1445.9182572926293
30.79711624954561,1447.1435658794462
30.78553757649067,1448.3697877994243
30.773714255606848,1449.5969236854814
30.761669994478353,1450.8249741710042
30.749428500689334,1452.05393988986
30.737013481824107,1453.2838214763851
30.72444864546671,1454.5146195654079
30.711757699201485,1455.746334792227
30.698964350612613,1456.9789677926121
30.68609230728427,1458.2125192028573
30.67316527680066,1459.4469896597075
30.66020696674596,1460.6823798003702
30.647241084704433,1461.9186902625672
30.634291338260283,1463.1559216845362
30.62138143499763,1464.3940747049464
30.608535082500765,1465.6331499629212
30.595775988353893,1466.8731480981735
30.58312786014116,1468.1140697508183
30.570614405446776,1469.3559155614676
30.55825933185494,1470.598686171272
30.546086346949977,1471.8423822217967
30.53411915831586,1473.0870043551672
30.522381473536996,1474.3325532139243
30.510897000197502,1475.5790294411704
30.499689445881643,1476.8264336804132
30.48878251817348,1478.0747665757442
30.47819992465739,1479.3240287716612
30.46796537291749,1480.574220913184
30.45810257053796,1481.8253436458751
30.448635225103033,1483.0773976157054
30.43958704419694,1484.3303834691792
30.430972571178046,1485.5843018532819
30.4227571352869,1486.8391534154825
30.414889616237105,1488.0949388038266
30.40731888212602,1489.3516586666851
30.399993801050556,1490.6093136531028
30.392863241108074,1491.867904412513
30.385876070395568,1493.1274315948551
30.378981157010315,1494.3878958506066
30.372127369049508,1495.649297830677
30.365263574610168,1496.9116381865254
30.35833864178963,1498.1749175700982
30.351301438684942,1499.4391366338596
30.34410083339327,1500.7042960307085
30.33668569401175,1501.9703964140847
30.329004888637627,1503.237438437895
30.32100728536801,1504.5054227566307
30.312641752300067,1505.7743500251872
30.303857157530956,1507.0442208989928
30.294602369157815,1508.3150360339966
30.284830513832986,1509.5867960866294
30.274553300972087,1510.859501713833
30.263825045846744,1512.1331535730526
30.252701024975266,1513.407752322182
30.241236514876306,1514.6832986197146
30.229486792068144,1515.9597931245837
30.217507133069375,1517.2372364962266
30.205352814398395,1518.5156293946281
30.193079112573713,1519.7949724802568
30.18074130411381,1521.0752664140548
30.168394665537022,1522.3565118575025
30.156094473361975,1523.638709472587
30.14389600410709,1524.9218599217804
30.131854534290795,1526.205963868107
30.12002534043151,1527.491021975054
30.108463699047803,1528.777034906619
30.097224886658097,1530.064003327362
30.086364179780873,1531.3519279022653
30.075936854934554,1532.6408092969198
30.065997518845307,1533.9306481773397
30.056562659939004,1535.221445210104
30.047590843337133,1536.513201062272
30.03903578467174,1537.805916401457
30.030851199574983,1539.099591895742
30.022990803678937,1540.3942282137555
30.015408312615875,1541.689826024585
30.00805744201776,1542.9863859978752
30.00089190751683,1544.283908803819
29.993865424745195,1545.5823951130465
29.986931709334982,1546.881845596759
29.980044476918323,1548.1822609266728
29.97315744312735,1549.4836417749445
29.96622432359422,1550.7859888143794
29.959198833951007,1552.08930271819
29.952034689829873,1553.3935841601397
29.944685606863032,1554.6988338145213
29.937105300682475,1556.005052356136
29.929247486920417,1557.3122404603257
29.92106588372033,1558.6203988029306
29.912528062703785,1559.9295280603226
29.903647915335085,1561.2396289093604
29.894449002566773,1562.5507020274692
29.88495488535142,1563.8627480925961
29.875189124641594,1565.1757677831658
29.86517528138981,1566.4897617781596
29.854936916548724,1567.8047307570705
29.844497591070876,1569.1206753999604
29.83388086590884,1570.4375963873156
29.82311030201521,1571.7554944002584
29.812209460342473,1573.074370120347
29.801201901843285,1574.3942242297112
29.790111187470217,1575.7150574110394
29.77896087817578,1577.036870347436
29.767774534912604,1578.3596637227008
29.756575718633258,1579.6834382209706
29.745387990290254,1581.0081945270679
29.73423491083625,1582.3339333262434
29.72314004122373,1583.660655304344
29.712126942405348,1584.9883611477358
29.70121917533362,1586.3170515432143
29.690440300961114,1587.646727178286
29.679813880240403,1588.977388740831
29.669363474124168,1590.3090369193517
29.65911264356481,1591.6416724028606
29.649084949514986,1592.9752958808467
29.639303952927293,1594.3099080434567
29.629793214754272,1595.645509581225
29.620576295948467,1596.982101185367
29.611676757462504,1598.3196835474746
29.60311816024887,1599.6582573598123
29.594924065260273,1600.9978233151342
29.587118033449144,1602.3383821066975
29.579723625768167,1603.6799344283652
29.572764403169856,1605.0224809744464
29.56626392660675,1606.3660224398795
29.56024575703148,1607.7105595200735
29.554733455396644,1609.0560929110109
29.54974874221719,1610.4026233092363
29.545270687549248,1611.7501514117441
29.541235532227944,1613.0986779161944
29.53757764089869,1614.4482035206975
29.534231378206727,1615.798728923951
29.531131108797382,1617.150254825127
29.528211197315983,1618.502781924031
29.52540600840777,1619.8563109209904
29.522649906718073,1621.2108425168174
29.5198772568923,1622.5663774129162
29.517022423575554,1623.9229163112698
29.51401977141333,1625.2804599143146
29.510803665050815,1626.6390089250906
29.507308469133363,1627.9985640471964
29.503468548306273,1629.3591259847772
29.49921826721487,1630.7206954424682
29.494491990504372,1632.0832731255225
29.4892240828203,1633.4468597396833
29.483348908807642,1634.811455991313
29.47680111396741,1636.1770625872311
29.469563422561038,1637.5436802348884
29.461720681643243,1638.9113096422516
29.453370792074367,1640.279951517862
29.444611654714777,1641.649606570755
29.435541170424727,1643.0202755105875
29.426257240064643,1644.391959047547
29.416857764494836,1645.764657892362
29.40744064457553,1647.1383727562807
29.39810378116718,1648.5131043511985
29.388945075130124,1649.8888533895083
29.38006242732459,1651.2656205841345
29.37155373861094,1652.6434066485695
29.36351690984958,1654.0222122969567
29.356049841900756,1655.4020382438318
29.349250435624867,1656.7828852044415
29.343216591882197,1658.1647538944846
29.33804621153311,1659.5476450303015
29.333837195437894,1660.9315593287092
29.330687444457027,1662.31649750712
29.32866220062138,1663.7024602835425
29.327668737838366,1665.0894483765223
29.327566632744947,1666.4774625051314
29.328215451959267,1667.866503389027
29.329474762099323,1669.2565717484772
29.331204129783288,1670.6476683042536
29.333263121629187,1672.0397937776554
29.33551130425525,1673.4329488906658
29.337808244279444,1674.827134365773
29.34001350831997,1676.2223509259709
29.341986662994742,1677.618599294879
29.3435872749221,1679.0158801967193
29.344674910720045,1680.4141943562088
29.345109137006574,1681.8135424986683
29.344749520399915,1683.2139253499627
29.343455627518125,1684.6153436365853
29.341087024979288,1686.017798085491
29.33750327940149,1687.421289424348
29.33256395740287,1688.8258183812395
29.326142509127862,1690.231385684963
29.318280174533697,1691.6379920647798
29.309129560536917,1693.045638250547
29.298845275297026,1694.4543249727903
29.28758192697336,1695.8640529624408
29.27549412372531,1697.2748229511346
29.262736473712266,1698.6866356710589
29.249463585093594,1700.0994918549147
29.235830066028768,1701.5133922360512
29.221990524677125,1702.928337548321
29.208099569197998,1704.3443285262615
29.194311807750893,1705.7613659048548
29.180781848495087,1707.1794504197808
29.16766429959003,1708.598582807189
29.15511376919514,1710.0187638039167
29.14328486546978,1711.4399941472834
29.132332196573316,1712.8622745752368
29.122410370665165,1714.285605826305
29.11367399590469,1715.7099886395974
29.106275377380797,1717.1354237547923
29.100262657272168,1718.5619119121382
29.09553953554081,1719.989453852527
29.091999082340465,1721.4180503173486
29.089534367824967,1722.8477020486255
29.08803846214812,1724.2784097889764
29.087404435463696,1725.7101742815446
29.0875253579255,1727.142996270168
29.088294299687362,1728.576876499161
29.089604330903086,1730.0118157134614
29.091348521726417,1731.4478146586184
29.093419942311215,1732.8848740807075
29.095711662811283,1734.3229947265163
29.098116753380395,1735.7621773432602
29.100528284172327,1737.2024226788803
29.102839325340966,1738.6437314817967
29.104942947040115,1740.086104501131
29.106732219423463,1741.5295424864976
29.108100212644928,1742.9740461881886
29.10894001548735,1744.4196163570023
29.109173627712067,1745.8662537443793
29.10881036251041,1747.313959102354
29.107875951501455,1748.7627331835668
29.106396126304304,1750.2125767412035
29.10439661853809,1751.6634905290823
29.10190315982186,1753.1154753016299
29.098941481774716,1754.5685318138314
29.095537316015736,1756.0226608212824
29.091716394164024,1757.4778630802125
29.08750444783871,1758.934139347375
29.082927208658816,1760.391490380172
29.078010408243443,1761.8499169366546
29.072779778211725,1763.3094197753242
29.06726105018268,1764.76999965547
29.061479955775525,1766.231657336807
29.05546222660925,1767.6943935798154
29.04923359430299,1769.1582091454259
29.042819790475733,1770.6231047952485
29.036246546746753,1772.0890812915216
29.029537643981087,1773.5561393970238
29.022703061712207,1775.02427987519
29.015746826740866,1776.493503490034
29.008672942436988,1777.9638110061762
29.001485412170325,1779.4352031888302
28.994188239310773,1780.9076808038926
28.986785427228114,1782.3812446177917
28.979280979292213,1783.8558953975262
28.97167889887291,1785.331633910817
28.96398318934004,1786.8084609259186
28.95619785406339,1788.286377211734
28.94832689641288,1789.7653835376993
28.940374319758263,1791.2454806739647
28.932344127469378,1792.7266693912788
28.92424032291612,1794.208950460888
28.916066909468242,1795.6923246547792
28.907827890495668,1797.1767927455141
28.89952726936818,1798.662355506244
28.891169049455584,1800.1490137107592
28.882757640050784,1801.6367681334661
28.87430548937462,1803.1256195493486
28.865832423772673,1804.6155687340968
28.857358543048036,1806.106616463928
28.848903947003862,1807.5987635156903
28.84048873544333,1809.0920106669012
28.832133008169677,1810.5863586955945
28.823856864985913,1812.081808380591
28.815680405695247,1813.5783605011893
28.80762373010083,1815.0760158373357
28.79970693800584,1816.5747751696615
28.791950129213404,1818.0746392793042
28.784373403526644,1819.5756089481524
28.776996860748767,1821.0776849586803
28.769840600682898,1822.5808680938942
28.762924723132187,1824.0851591375422
28.756269327899787,1825.590558873932
28.749894514788906,1827.0970680880232
28.743820383602582,1828.604687565402
28.738066920259456,1830.1134180922545
28.732640610843333,1831.6232604554343
28.727521872128193,1833.134215442397
28.722688146433143,1834.646283841226
28.71811687607729,1836.1594664406218
28.713785503379825,1837.6737640299802
28.709671470659856,1839.1891773992618
28.70575222023649,1840.7057073390454
28.70200519442892,1842.2233546406069
28.698407835556225,1843.742120095816
28.694937585937595,1845.262004497188
28.69157188789208,1846.7830086378194
28.68828818373882,1848.305133311559
28.685063915797087,1849.828379312773
28.681876526385878,1851.352747436515
28.678703457824383,1852.878238478475
28.67552215243174,1854.4048532349402
28.672310052527052,1855.9325925029143
28.66904460042943,1857.4614570799733
28.66570323845812,1858.9914477643317
28.662258674407553,1860.5225653548694
28.658662973787614,1862.0548106511333
28.65486257783772,1863.5881844532573
28.650803927675014,1865.1226875620034
28.646433464416674,1866.6583207788556
28.641697629179845,1868.1950849058726
28.6365428630817,1869.7329807457709
28.63091560723936,1871.2720091018964
28.624762302769966,1872.812170778293
28.618029390790753,1874.3534665796226
28.610663312418836,1875.895897311153
28.602610508771335,1877.439463778865
28.593817420965394,1878.9841667893193
28.584230490118244,1880.5300071497775
28.573796157347005,1882.0769856680827
28.562460863768848,1883.6251031528466
28.55017105050092,1885.1743604132243
28.53687315866034,1886.7247582590198
28.522513629364283,1888.2762975007956
28.507048048683487,1889.8289789496048
28.490529616968928,1891.3828034172996
28.473070614139743,1892.9377717162906
28.454784143604883,1894.4938846596829
28.435783308773523,1896.0511430612617
28.4161812130547,1897.6095477353858
28.396090959857645,1899.1690994971373
28.375625652591253,1900.72979916224
28.35489839466473,1902.2916475470472
28.33402228948711,1903.8546454685832
28.31311044046751,1905.4187937445568
28.292275951015057,1906.9840931932945
28.271631924538752,1908.5505446338232
28.251291464447746,1910.1181488858285
28.23136767415113,1911.6869067695757
28.21197365705791,1913.2568191060723
28.193222516577265,1914.8278867170145
28.175227356118313,1916.4001104246252
28.158101279090033,1917.973491051967
28.14195577393366,1919.548029422616
28.126843005447796,1921.123726360922
28.11274001793126,1922.7005826917907
28.099619026040045,1924.2785992408883
28.08745224443004,1925.857776834507
28.076211887757296,1927.4381162996324
28.065870170677584,1929.019618463864
28.056399307846988,1930.6022841555234
28.047771513921504,1932.1861142035739
28.039959003556987,1933.7711094376623
28.032933991409408,1935.3572706880775
28.026668692134763,1936.9445987858353
28.021135320388936,1938.5330945624978
28.01630609082798,1940.1227588505208
28.012153218107812,1941.7135924828256
28.008648916884283,1943.3055962930898
28.00576540181345,1944.898771115624
28.003474887551278,1946.4931177854962
28.001749588753682,1948.0886371384083
28.00056171717287,1949.6853300107116
27.999881546557987,1951.2831972394608
27.99967405687383,1952.8822396623195
27.999903332462566,1954.4824581177954
28.000533457666336,1956.0838534448815
28.00152851682742,1957.6864264833741
28.002852594287873,1959.290178073737
28.004469774389946,1960.8951090570583
28.006344141475836,1962.501220275164
28.00843977988771,1964.1085125705204
28.010720773967762,1965.7169867863176
28.013151208058133,1967.3266437663885
28.015695166501047,1968.9374843553057
28.01831673363867,1970.5495093982286
28.02097999381317,1972.1627197411283
28.02364903136683,1973.7771162305642
28.0262879306417,1975.3926997138105
28.02886077597995,1977.009471038843
28.03133165172389,1978.6274310543681
28.03366464221557,1980.2465806096407
28.035823831797302,1981.8669205547455
28.037773304811196,1983.4884517404441
28.03947714559942,1985.1111750180619
28.040899438504198,1986.735091239785
28.042004267867696,1988.360201258394
28.04275571803214,1989.9865059273613
28.043117873339554,1991.6140061008684
28.04305481813236,1993.2427026338328
28.04253063675256,1994.8725963817967
28.041509413542343,1996.503688201069
28.03995523284405,1998.1359789485982
28.03783217899968,1999.7694694820443
28.03510433635151,2001.4041606597937
28.03173578924168,2003.0400533408886
28.027690622012415,2004.677148385113
28.02293291900591,2006.3154466528797
28.01742676456425,2007.954949005388
28.01113624302971,2009.5956563045097
28.004025438744378,2011.2375694127759
27.996061894601525,2012.8806891935058
27.98727223933716,2014.5250165106372
27.977732656525717,2016.1705522288823
27.96752086358154,2017.8172972135449
27.95671457791906,2019.465252330805
27.945391516952554,2021.1144184473778
27.933629398096315,2022.7647964307996
27.92150593876474,2024.4163871492567
27.909098856372196,2026.0691914717165
27.896485868332945,2027.723210267754
27.883744692061356,2029.3784444076969
27.87095304497177,2031.0348947626562
27.858188644478474,2032.6925622043384
27.845529207995895,2034.3514476051757
27.83305245293829,2036.0115518384143
27.820836096720058,2037.672875777942
27.808957856755427,2039.3354202983307
27.79749545045891,2040.9991862748818
27.786526595244652,2042.6641745837283
27.776128584075906,2044.3303861015302
27.766341993812745,2045.9978217058099
27.757142860804976,2047.6664822747202
27.748500670749536,2049.336368687219
27.740384909343504,2051.0074818228813
27.732765062283818,2052.6798225620746
27.725610615267556,2054.353391785844
27.718891053991655,2056.028190376012
27.71257586415311,2057.704219215052
27.706634531448998,2059.3814791862023
27.701036541576258,2061.059971173455
27.69575138023191,2062.739696061437
27.690748533113037,2064.4206547355584
27.685997485916488,2066.102848081986
27.681467724339313,2067.786276987493
27.677128734078593,2069.4709423397567
27.67295000083132,2071.15684502705
27.668901010294405,2072.8439859383884
27.664951248164954,2074.53236596356
27.661070200139932,2076.2219859930547
27.657227351916305,2077.9128469180764
27.653392189191123,2079.6049496305905
27.649534197661353,2081.2982950233236
27.645622863024045,2082.9928839896616
27.641627670976106,2084.688717423768
27.637518107214675,2086.3857962205543
27.633263657436714,2088.084121275579
27.628833807339163,2089.783693485284
27.62419804261907,2091.484513746713
27.61932584897349,2093.186582957694
27.61418671209927,2094.8899020168346
27.608750117693575,2096.594471823422
27.602985551453315,2098.300293277528
27.596862499075513,2100.00736727989
27.59035044625722,2101.7156947320887
27.583418878695397,2103.4252765363444
27.57603728208707,2105.1361135956918
27.568175142129178,2106.848206813925
27.559801944518796,2108.561557095492
27.550891773174698,2110.2761653456737
27.541462258664183,2111.992032470408
27.531555040865925,2113.7091593764667
27.52121201069096,2115.42754697134
27.51047505905018,2117.147196163249
27.49938607685445,2118.868107861135
27.487986955014662,2120.5902829747897
27.476319584441768,2122.313722414608
27.464425856046574,2124.038427091868
27.45234766074003,2125.76439791854
27.44012688943309,2127.491635807345
27.427805433036553,2129.2201416717876
27.415425182461405,2130.949916426035
27.403028028618508,2132.6809609851443
27.390655862418754,2134.413276264867
27.37835057477301,2136.146863181619
27.36615405659228,2137.881722652726
27.35410819878743,2139.6178555961765
27.34225489226918,2141.3552629307346
27.330635357558037,2143.093945575953
27.319270455747755,2144.8339044521126
27.30815749442823,2146.5751404802395
27.297292467727118,2148.317654582151
27.286671369772108,2150.0614476804276
27.276290194690887,2151.8065206984097
27.266144936611198,2153.552874560172
27.256231589660615,2155.3005101906133
27.24654614796694,2157.0494285152913
27.237084605657827,2158.799630460651
27.22784295686094,2160.551116953826
27.21881719570402,2162.3038889227646
27.210003316314726,2164.057947296151
27.201397312820745,2165.813293003407
27.192995179349765,2167.5699269748175
27.1847929100295,2169.3278501413283
27.17678649898761,2171.0870634347334
27.168971940351753,2172.8475677875986
27.161345228249786,2174.609364133185
27.15390235680917,2176.3724534056646
27.14663932015779,2178.1368365398002
27.13955211242316,2179.9025144712973
27.13263672773317,2181.669488136514
27.12588916021528,2183.437758472677
27.1193054039974,2185.20732641776
27.112881453207052,2186.9781929104515
27.106613301972004,2188.7503588903282
27.100496944419945,2190.52382529762
27.09452837467859,2192.298593073511
27.088703586875567,2194.0746631597754
27.083018575138595,2195.8520364990977
27.07746933359533,2197.6307140349118
27.07205185637352,2199.4106967113717
27.066762137600875,2201.191985473511
27.061596171405,2202.974581267131
27.056549951913695,2204.758485038756
27.051619473254476,2206.54369773573
27.0468007295552,2208.330220306166
27.042089714943415,2210.118053699076
27.037482423546948,2211.9071988641035
27.032974849493456,2213.6976567518077
27.028562986910657,2215.489428313412
27.024242829926095,2217.2825145010565
27.0200103726676,2219.0769162675792
27.015861609262743,2220.8726345666423
27.011792533839383,2222.6696703527955
27.007799140525037,2224.4680245811787
27.003877423447534,2226.267698207916
27.000023376734447,2228.068692189816
26.996232994513605,2229.871007484596
26.992502270912524,2231.6746450505793
26.988827200059035,2233.4796058471106
26.985203776080766,2235.2858908341914
26.981627993105434,2237.0935009726527
26.978095845260725,2238.9024372241283
26.9746033266743,2240.712700551084
26.97114643147387,2242.5242919167567
26.967721153787096,2244.3372122851865
26.964323233106654,2246.151462621249
26.960944626135642,2247.9670438905605
26.957574391480875,2249.783957059575
26.954201513998584,2251.6022030956333
26.95081497854514,2253.4217829667223
26.947403769976773,2255.2426976417973
26.9439568731498,2257.0649480905113
26.94046327292051,2258.888535283357
26.936911954145245,2260.7134601916396
26.933291901680207,2262.5397237875377
26.929592100381768,2264.3673270439313
26.92580153510619,2266.1962709345758
26.921909190709755,2268.026556434057
26.91790405204884,2269.858184517696
26.913775103979617,2271.69115616174
26.909511331358402,2273.5254723432045
26.905101719041596,2275.3611340398743
26.900535251885344,2277.1981422303993
26.895800914746104,2279.0364978942494
26.890887671249573,2280.8762020116797
26.885783090617622,2282.7172555638153
26.880472508407593,2284.5596595325533
26.87494105932265,2286.4034149006943
26.86917387806622,2288.2485226517147
26.86315609934141,2290.094983770077
26.856872857851755,2291.942799240971
26.85030928830045,2293.791970050395
26.84345052539075,2295.642497185304
26.836281703826018,2297.4943816332834
26.82878795830956,2299.3476243829264
26.820954423544634,2301.20222642354
26.812766234234573,2303.058188745327
26.804208525082714,2304.9155123392693
26.795266430792225,2306.774198197263
26.785925086066555,2308.6342473118557
26.776169625608958,2310.495660676657
26.76598518412274,2312.3584392860116
26.755356896311156,2314.222584135
26.744269897804315,2316.088096219735
26.73272533120732,2317.954976536935
26.720781098136456,2319.823226084354
26.70850767492209,2321.692845860532
26.69597553789481,2323.563836864734
26.6832551633851,2325.4362000972624
26.670417027723403,2327.309936559077
26.65753160724023,2329.1850472520787
26.644669378266173,2331.061533178944
26.631900817131594,2332.939395343258
26.619296400167116,2334.8186347494834
26.606926603703187,2336.699252402794
26.594861904070257,2338.5812493092917
26.583172777598946,2340.464626475926
26.571929700619677,2342.3493849105243
26.561203149462926,2344.2355256216315
26.55106360045923,2346.1230496188227
26.541581529939123,2348.011957912339
26.532827414232997,2349.9022515134566
26.524871729671418,2351.793931434169
26.517773857317565,2353.6869986873216
26.511499593699455,2355.58145428673
26.505967786074365,2357.47729924693
26.501096929121843,2359.374534583396
26.49680551752124,2361.2731613124406
26.493012045951957,2363.173180451166
26.489635009093462,2365.0745930176504
26.486592901625187,2366.9774000307607
26.48380421822654,2368.881602510225
26.48118745357695,2370.787201476631
26.478661102355886,2372.6941979514254
26.47614365924278,2374.6025929569523
26.47355361891698,2376.512387516367
26.470809476058037,2378.4235826537392
26.46782972534527,2380.3361793939175
26.464532861458167,2382.250178762769
26.46083737907614,2384.165581786839
26.456661772878675,2386.0823894936943
26.451924537545125,2388.0006029116835
26.44654693717885,2389.9202230700575
26.440520799811168,2391.8412509989034
26.433912557467067,2393.763687729229
26.426792220393565,2395.6875342929147
26.419229798837677,2397.6127917226095
26.41129530304653,2399.539461051955
26.403058743267025,2401.467543315451
26.394590129746376,2403.3970395483507
26.38595947273157,2405.327950787006
26.377236782469566,2407.2602780684238
26.368492069207463,2409.194022430641
26.35979534319233,2411.1291849124536
26.351216614671216,2413.0657665536064
26.342825893891217,2415.00376839474
26.334693191099262,2416.9431914773418
26.326888516542425,2418.884036843834
26.319481880467805,2420.826305537383
26.31254329312239,2422.7699986021594
26.306142764753332,2424.71511708327
26.300350118567764,2426.661662026501
26.295194428993995,2428.6096344787647
26.290613310158733,2430.559035487691
26.28653191619759,2432.509866101898
26.282875401246088,2434.46212737081
26.279568919439754,2436.415820344773
26.276537624914056,2438.370946075112
26.27370667180466,2440.3275056138527
26.271001214247008,2442.2855000141044
26.26834640637668,2444.2449303297312
26.265667402329257,2446.2057976156475
26.26288935624015,2448.168102927438
26.259937422245002,2450.131847321826
26.256736754479363,2452.097031856259
26.253212507078757,2454.063657589152
26.249289834178654,2456.0317255798186
26.244893889914692,2458.0012368884554
26.23994982842231,2459.9721925761946
26.23438280383718,2461.9445937049827
26.228117970294704,2463.918441337774
26.22109573884086,2465.8937365383736
26.21333486126153,2467.8704803715086
26.204879164785723,2469.8486739027767
26.195772487919612,2471.8283181987345
26.186058669169256,2473.8094143267754
26.175781547040657,2475.791963355289
26.164984960039988,2477.775966353504
26.153712746673193,2479.7614243916114
26.142008745446418,2481.7483385406604
26.129916794865665,2483.7367098726827
26.11748073343705,2485.7265394604815
26.1047443996666,2487.7178283779504
26.091751632060436,2489.7105776997732
26.07854626912453,2491.7047885016573
26.06517214936511,2493.7004618601004
26.051673111288096,2495.697598852573
26.038092993399545,2497.696200557532
26.0244756342056,2499.696268054232
26.010864872212295,2501.697802422954
25.99730365900794,2503.700804744827
25.983823410569073,2505.7052761019227
25.970447474181157,2507.7112175772695
25.95719903148742,2509.7186302548025
25.94410126413115,2511.7275152193106
25.931177353755857,2513.7378735565976
25.9184504820048,2515.7497063533933
25.905943830521352,2517.7630146973033
25.89368058094888,2519.7777996768777
25.881683914930733,2521.79406238167
25.869977014110248,2523.8118039019832
25.858583060130826,2525.8310253292857
25.847525234635754,2527.851727755781
25.8368267192684,2529.873912274714
25.82651069567217,2531.897579980263
25.81660034549043,2533.9227319674524
25.807118850366436,2535.9493693324043
25.79808939194365,2537.977493171945
25.78953515186535,2540.007104584053
25.781478964555163,2542.0382046675586
25.773925805738486,2544.0707945222293
25.76685455714562,2546.104875248794
25.760242031617167,2548.140447948868
25.754065041993726,2550.177513725154
25.748300401115785,2552.2160736810824
25.742924921823914,2554.2561289212454
25.737915416958714,2556.297680550963
25.73324869936073,2558.340729676702
25.728901581870502,2560.3852774058405
25.724850877328635,2562.4313248465414
25.72107339857567,2564.4788731081
25.717545958452178,2566.527923300707
25.714245369798704,2568.5784765354856
25.71114844545582,2570.630533924477
25.708231998264125,2572.6840965807473
25.705472841064108,2574.739165618318
25.702847786696395,2576.7957421520923
25.700333648001532,2578.8538272980218
25.697907237820033,2580.9134221729237
25.695545368992526,2582.9745278946652
25.693224854359585,2585.037145581982
25.690922506761694,2587.101276354605
25.688615139039513,2589.1669213333016
25.686279564033498,2591.234081639672
25.683892594584307,2593.30275839639
25.681431043532456,2595.3729527270207
25.67887172371846,2597.444665756094
25.676191447982973,2599.5178986091605
25.673367029166542,2601.592652412703
25.670375280109653,2603.668928294263
25.66719301365299,2605.7467273821303
25.663797042637015,2607.826050805787
25.660164179902353,2609.9068996955375
25.65627123828952,2611.9892751828256
25.652095030639117,2614.0731783998453
25.64761236979163,2616.15861047997
25.642800068587746,2618.2455725574537
25.63763493986795,2620.334065767472
25.63209766160452,2622.4240912463442
25.62619804145379,2624.5156501311453
25.619959167067833,2626.608743560152
25.61340419369307,2628.703372672454
25.606556276575702,2630.799538608233
25.599438570962008,2632.8972425085426
25.59207423209827,2634.9964855155667
25.584486415230828,2637.0972687723256
25.576698275605878,2639.199593422899
25.568732968469874,2641.303460612352
25.56061364906887,2643.408871486719
25.552363472649347,2645.515827193041
25.544005594457474,2647.6243288793476
25.53556316973959,2649.7343776946223
25.527059353741976,2651.845974788876
25.518517301710887,2653.9591213130934
25.509960168892633,2656.07381841929
25.501411110533553,2658.1900672604197
25.492893281879816,2660.3078689904496
25.48442937806979,2662.4272247643994
25.476032136942848,2664.5481357381736
25.467704674457735,2666.6706030688074
25.459449713573548,2668.794627914183
25.451269977249154,2670.9202114333343
25.443168188443508,2673.0473547862603
25.435147070115704,2675.1760591338275
25.427209345224668,2677.306325638097
25.419357736729353,2679.4381554619627
25.41159496758874,2681.5715497695146
25.403923760761813,2683.706509725677
25.39634683920761,2685.8430364964397
25.388866925885026,2687.981131248877
25.3814867437531,2690.120795150939
25.37420901577073,2692.2620293716823
25.367036464896984,2694.4048350810976
25.359971814090812,2696.5492134503043
25.35301778631117,2698.69516565132
25.346177104517125,2700.8426928572158
25.33945241479978,2702.991796242154
25.332835201338924,2705.142476981162
25.326294189355423,2707.2947362504756
25.319795331767097,2709.44857522712
25.313304581491735,2711.603995089331
25.306787891447158,2713.7609970162903
25.300211214551155,2715.9195821882004
25.293540503721488,2718.079751786307
25.286741711876005,2720.2415069928593
25.279780791932524,2722.4048489911524
25.272623696808722,2724.569778965507
25.265236379422532,2726.736298101193
25.257584792691688,2728.904407584684
25.24963488953395,2731.0741086032504
25.241352622867225,2733.245402345444
25.232703945609188,2735.4182900006354
25.223654810677772,2737.592772759344
25.214171170990625,2739.768851813045
25.20421897946565,2741.946528354385
25.19376418902064,2744.12580357689
25.182787926331883,2746.30667867522
25.171341521131296,2748.489154845035
25.159496591884817,2750.6732332830516
25.147324759060695,2752.8589151870083
25.134897643127204,2755.046201755684
25.12228686455265,2757.23509418888
25.109564043805193,2759.425593687539
25.09680080135314,2761.61770145351
25.08406875766471,2763.8114186897874
25.071439533208206,2766.0067466004093
25.05898474845182,2768.2036863903845
25.046776023863828,2770.4022392658485
25.034884979912505,2772.602406433927
25.0233832370661,2774.804189102836
25.01234241579283,2777.007588481863
25.001834136560973,2779.2126057812693
24.991930019838748,2781.4192422124497
24.982701686094515,2783.627498987853
24.974220755796352,2785.837377320826
24.966551881915677,2788.0488784260506
24.95967991358748,2790.262003519029
24.953538774627788,2792.47675381646
24.948061564950564,2794.6931305360063
24.943181384469653,2796.9111348964493
24.938831333099102,2799.130768117674
24.93494451075273,2801.352031420529
24.931454017344493,2803.5749260269877
24.928292952788297,2805.79945316007
24.925394416998103,2808.0256140438814
24.92269150988784,2810.253409903577
24.920117331371358,2812.4828419654195
24.917604981362615,2814.713911456683
24.91508755977563,2816.9466196056924
24.912498166524188,2819.1809676419857
24.90976990152231,2821.416956796054
24.906835864683842,2823.654588299483
24.9036291559228,2825.893863384934
24.90008287515306,2828.134783286145
24.896130886826683,2830.3773492379937
24.89173861550097,2832.621562476295
24.886913580031177,2834.867424238104
24.881666225588617,2837.1149357615186
24.87600699734466,2839.364098285598
24.869946340470506,2841.614913050605
24.863494700137608,2843.8673812978873
24.85666252151725,2846.121504269818
24.84946024978072,2848.377283209919
24.841898330099298,2850.634719362696
24.833987207644412,2852.8938139738884
24.82573732758732,2855.1545682902024
24.81715913509933,2857.416983559539
24.80826307535179,2859.681061030808
24.799059593516034,2861.946801954055
24.78955913476335,2864.21420758038
24.77977214426508,2866.483279162019
24.76970906719245,2868.7540179523035
24.759380348716917,2871.026425205625
24.74879643719339,2873.300502177575
24.73797110572434,2875.5762501246813
24.72692774483798,2877.853670304718
24.71569147393504,2880.132763976519
24.70428741241642,2882.413532399983
24.692740679682856,2884.6959768361535
24.681076395135193,2886.980098547159
24.669319678174134,2889.2658987962773
24.65749564820058,2891.553378847792
24.64562942461521,2893.8425399672183
24.63374612681895,2896.133383421142
24.621870874212533,2898.4259104772395
24.61002878619678,2900.7201224042797
24.598244982172417,2903.016020472208
24.586544581540295,2905.313605952042
24.5749527037012,2907.6128801158766
24.56349446805595,2909.9138442370468
24.552194994005333,2912.216499589924
24.54107940095011,2914.520847449978
24.5301728082911,2916.8268890938634
24.519499165077576,2919.134625799293
24.50907451797781,2921.444058845125
24.49891164442346,2923.755189511423
24.489023311443276,2926.0680190791713
24.479422286065926,2928.3825488307284
24.470121335319988,2930.6987800494567
24.461133226234125,2933.016714019785
24.45247072583706,2935.3363520274183
24.444146601157456,2937.657695359089
24.43617361922381,2939.980745302682
24.428564547064894,2942.305503147217
24.42133215170935,2944.631970182891
24.414489200185784,2946.9601477010146
24.408048459522917,2949.290036993952
24.402022696749356,2951.6216393553964
24.396424678893737,2953.954956079927
24.391267172984698,2956.2899884634953
24.38656294605093,2958.6267378030484
24.382324765121155,2960.965205396759
24.378562962623477,2963.3053925439253
24.375242655262724,2965.647300544926
24.37228902817361,2967.990930701351
24.369625893840833,2970.336284315979
24.367177064748972,2972.6833626926336
24.36486635338261,2975.0321671363095
24.362617572226355,2977.382698953321
24.36035453376482,2979.7349594508396
24.358001050482585,2982.088949937382
24.35548093486426,2984.44467172266
24.3527179993944,2986.8021261174385
24.349636056557728,2989.161314433638
24.346158918838654,2991.522237984359
24.34221039872199,2993.8848980839257
24.337714308692256,2996.249296047696
24.332594461233953,2998.6154331923817
24.326774668831803,3000.983310835602
24.320178743970388,3003.352930296354
24.31273049913429,3005.724292894715
24.304354325018465,3008.09739995193
24.295034183514588,3010.472252790455
24.284864526077826,3012.8488527338295
24.27395180103639,3015.2272011068703
24.262402456718462,3017.607299235438
24.25032294145231,3019.9891484466957
24.23781970356606,3022.3727500689147
24.22499919138795,3024.7581054315865
24.21196785324622,3027.1452158652924
24.19883213746911,3029.534082701813
24.18569849238483,3031.92470727426
24.172673366321533,3034.317090916665
24.159863207607515,3036.711234964481
24.147374464570902,3039.1071407542545
24.135313585539933,3041.5048096235887
24.123787018842904,3043.904242911488
24.112901212807998,3046.305441958056
24.10276261576334,3048.7084081045186
24.093477676037196,3051.1131426933366
24.085152841957893,3053.519647068223
24.077861220117796,3055.927922573976
24.071536841205443,3058.3379705566504
24.066077479124516,3060.7497923635383
24.06138090768394,3063.1633893429976
24.057344900692357,3065.578762844712
24.053867231958833,3067.995914219455
24.050845675292095,3070.4148448192846
24.04817800450101,3072.8355559974175
24.045761993394507,3075.258049108313
24.043495415781308,3077.6823255075483
24.04127604547034,3080.108386551989
24.0390016562705,3082.5362335996865
24.036570021990485,3084.9658680098314
24.03387891643925,3087.3972911428664
24.030826113425633,3089.8305043605515
24.027309386758418,3092.265509025683
24.02322651024656,3094.7023065023777
24.01847525769884,3097.1408981558543
24.012953402924126,3099.5812853527227
24.00656791569324,3102.023469460653
23.99931898169578,3104.46745184862
23.991261006348196,3106.913233886728
23.982449066480598,3109.360816946389
23.972938238923035,3111.8102024002346
23.96278360050556,3114.261391621963
23.952040228058337,3116.714385986761
23.940763198411332,3119.1691868708403
23.92900758839474,3121.62579565166
23.91682847483864,3124.08421370795
23.904280934573052,3126.544442419645
23.891420044428116,3129.006483167999
23.878300881233855,3131.470337335318
23.864978521820404,3133.9360063052955
23.851508043017816,3136.403491462768
23.837944521656226,3138.8727941938528
23.824343034565686,3141.343915885945
23.810758658576248,3143.8168579274998
23.79724647051799,3146.2916217084326
23.78386091676228,3148.7682086197424
23.770635135908293,3151.2466200537574
23.757576308518367,3153.726857403982
23.74469004326656,3156.2089220652083
23.731981948826785,3158.6928154334714
23.719457633872963,3161.1785389060537
23.70712270707915,3163.6660938814625
23.694982777119293,3166.1554817594074
23.683043452667363,3168.646703940939
23.671310342397305,3171.139761828357
23.659789054983065,3173.6346568251483
23.648485199098673,3176.1313903361192
23.637404383418158,3178.629963767264
23.62655221661535,3181.1303785258106
23.615934307364284,3183.632636020402
23.605556264338873,3186.13673766076
23.59542369621326,3188.64268485807
23.58554221166125,3191.150479024484
23.575917419356784,3193.660121573667
23.566554917460564,3196.171613920479
23.557455042024287,3198.6849574810462
23.5486043531196,3201.200153672693
23.539987184122168,3203.7172039140573
23.53158786840754,3206.2361096251375
23.523390739351413,3208.7568722270207
23.515380130329333,3211.279493142294
23.50754037471691,3213.803973794566
23.49985580588978,3216.330315608927
23.492310757223606,3218.8585200116277
23.484889562093883,3221.3885884302194
23.477576553876304,3223.9205222935784
23.470356065946447,3226.4543230317686
23.463212431679977,3228.989992076319
23.456129984452446,3231.527530859766
23.449093057639487,3234.0669408160907
23.44208598461674,3236.6082233806515
23.435093098759722,3239.151379989909
23.42809873344413,3241.6964120816815
23.421087222045543,3244.2433210951226
23.414044062866395,3246.7921084706763
23.406961816686874,3249.3427756499636
23.399835691753395,3251.8953240760147
23.392660900987835,3254.449755193154
23.38543265731232,3257.0060704468865
23.378146173648844,3259.56427128413
23.370796662919332,3262.124359153056
23.36337933804589,3264.6863355032274
23.35588941195047,3267.250201785324
23.348322097555098,3269.815959451491
23.340672607781755,3272.383609955085
23.33293615555249,3274.95315475079
23.325107953789285,3277.524595294669
23.317183215414133,3280.097933043975
23.309157153349048,3282.6731694573423
23.301024980516075,3285.2503059947385
23.292781909837174,3287.82934411735
23.284423154234332,3290.4102852877713
23.275943926629623,3292.9931309698654
23.26733938643494,3295.577882628811
23.25860383269449,3298.164541731105
23.249730870214336,3300.7531097446818
23.24071408399641,3303.3435881385135
23.23154705904267,3305.9359783832006
23.22222338035519,3308.530281950478
23.212736632935815,3311.1265003135013
23.20308040178662,3313.724634946703
23.193248271909624,3316.324687325798
23.183233828306612,3318.9266589279946
23.173030655979744,3321.5305512315945
23.16263233993095,3324.136365716445
23.152032465162193,3326.744103863679
23.141224616675487,3329.353767155622
23.130202379472706,3331.9653570761484
23.11895933855601,3334.578875110209
23.107489078927216,3337.1943227444735
23.095785185588397,3339.8117014664776
23.083841243541457,3342.4310127655
23.071651005821963,3345.0522581319983
23.059221091310178,3347.67543905775
23.04657985145127,3350.3005570359014
23.03375773331541,3352.927613561019
23.020785183972606,3355.556610128897
23.00769265049294,3358.1875482367286
22.994510579946535,3360.8204293830822
22.981269419403418,3363.4552550679255
22.96799961593382,3366.0920267923907
22.95473161660749,3368.730746059276
22.941495868494826,3371.371414372402
22.928322818665748,3374.0140332371866
22.91524291419043,3376.65860416024
22.902286602138844,3379.305128649703
22.889484329581165,3381.953608214933
22.876866543587425,3384.6040443667735
22.86446369122774,3387.256438617312
22.852306219572114,3389.9107924801015
22.840424575690662,3392.5671074700367
22.82884920653288,3395.2253851032638
22.817595684947577,3397.8856268975405
22.8066236350912,3400.5478343718046
22.795879528583043,3403.2120090463923
22.785309837042348,3405.87815244316
22.774861032088353,3408.5462660851254
22.764479585340496,3411.2163514968033
22.75411196841793,3413.8884102040897
22.743704652939954,3416.5624437342867
22.733204110525918,3419.238453616006
22.722556812795005,3421.9164413792923
22.711709231366513,3424.596408555552
22.700607837859906,3427.278356677579
22.689199103894197,3429.962287279604
22.677429501088824,3432.6482018971506
22.665245501063083,3435.336102067232
22.65259357543613,3438.0259893282537
22.639420195827398,3440.7178652198954
22.625671833856046,3443.4117312834014
22.611294961141425,3446.107589061245
22.596246487587308,3448.805440097419
22.5805773609502,3451.5052859373163
22.564388333047617,3454.2071281276358
22.54778061046352,3456.910968216576
22.530855399781984,3459.616807753667
22.51371390758706,3462.324648289945
22.49645734046274,3465.0344913777035
22.479186904992986,3467.746338570747
22.46200380776193,3470.4601914243867
22.44500925535351,3473.176051495101
22.428304454351718,3475.893920340979
22.411990611340713,3478.6137995214267
22.396168932904374,3481.3356905973646
22.380940625626863,3484.0595951309842
22.36640689609206,3486.7855146860443
22.352668950884066,3489.5134508276756
22.339827996586905,3492.2434051223577
22.327985239784567,3494.9753791380926
22.317241887061073,3497.7093744442345
22.307695840606954,3500.445392611663
22.299352058963308,3503.183435212564
22.292112039300378,3505.9235038206252
22.28587186326905,3508.665600010994
22.280527612520274,3511.409725360149
22.275975368705048,3514.1558814461296
22.272111213474233,3516.9040698482863
22.268831228478888,3519.654292147507
22.266031495369845,3522.4065499260682
22.26360809579805,3525.1608447676886
22.2614571114145,3527.917178257578
22.259474623870062,3530.675551982291
22.257556714815706,3533.435967529976
22.255599465902378,3536.1984264900298
22.253498958781023,3538.962930453471
22.251151275102558,3541.7294810126946
22.248452496517984,3544.4980797615713
22.24529870467819,3547.268728295399
22.241585981234067,3550.0414282109314
22.237210568941777,3552.8161811064274
22.23211467242686,3555.5929885815035
22.226349556950424,3558.37185223736
22.21998230971846,3561.152773676534
22.21308001793679,3563.9357545030975
22.205709768811403,3566.7207963226388
22.19793864954815,3569.507900742059
22.189833747352964,3572.2970693699035
22.18146214943178,3575.0883038159827
22.172890942990534,3577.88160569178
22.164187215235074,3580.6769766101233
22.155418053371335,3583.4744181853644
22.14665054460528,3586.2739320333044
22.137951776142728,3589.075519771245
22.129388835189644,3591.879183017941
22.121028808951934,3594.6849233936264
22.112938784635617,3597.49274252004
22.10518584944643,3600.302642020404
22.09783709059039,3603.1146235193487
22.090959595273347,3605.9286886431673
22.084600017303302,3608.744839019385
22.07869359151823,3611.563076277296
22.07313776293583,3614.383402047404
22.067829945983135,3617.2058179619103
22.062667555087074,3620.030325654481
22.057548004674658,3622.856926760177
22.05236870917284,3625.6856229156833
22.047027083008658,3628.516415759028
22.04142054060904,3631.349306929894
22.035446496401022,3634.1842980693873
22.02900236481156,3637.0213908200662
22.02198556026761,3639.860586826173
22.014293497196235,3642.701887733224
22.00582359002439,3645.5452951884495
21.996473253179005,3648.3908108404344
21.986139901087114,3651.2384363394026
21.974720948175673,3654.0881733369097
21.96211380887175,3656.9400234862333
21.94821589760224,3659.7939884421125
21.93293479716661,3662.6500698606246
21.91632069283264,3665.5082693996487
21.898528859090874,3668.368588718352
21.879717016322758,3671.231029477527
21.86004288490966,3674.0955933394903
21.839664185233033,3676.9622819680562
21.8187386376743,3679.8310970285934
21.7974239626148,3682.7020401879986
21.775877880436042,3685.575113114646
21.754258111519363,3688.4503174784927
21.7327223762463,3691.327654951005
21.711428394998137,3694.207127205209
21.690533888156324,3697.088735915667
21.67019657610237,3699.9724827584528
21.6505741792175,3702.858369411182
21.631824417883337,3705.7463975530363
21.61410501248116,3708.636568864714
21.597573683392483,3711.528885028458
21.58238815099864,3714.4233477281105
21.568704538851506,3717.31995864893
21.5565848183642,3720.2187194779613
21.545945970375953,3723.119631903537
21.53669261324515,3726.022697615728
21.52872936533018,3728.9279183059984
21.521960844989536,3731.835295667583
21.51629167058141,3734.7448313950354
21.511626460464356,3737.656527184652
21.507869832996732,3740.5703847342406
21.504926406536924,3743.4864057431155
21.50270079944329,3746.4045919122104
21.50109763007424,3749.3249449439977
21.500021516788195,3752.2474665425448
21.499377077943535,3755.172158413487
21.49906893189865,3758.0990222639516
21.49900169701195,3761.0280598027725
21.499079991641764,3763.95927274025
21.499208434146595,3766.8926627883416
21.499291642884742,3769.828231660501
21.4992342382034,3772.7659810718155
21.498954884963467,3775.7059127389275
21.498419909096157,3778.64802838006
21.49760573718015,3781.592329715103
21.496488795794107,3784.53881846537
21.495045511516764,3787.487496353924
21.493252310926806,3790.4383651053104
21.491085620602945,3793.391426445718
21.488521867123865,3796.3466821029033
21.485537477068334,3799.3041338062426
21.48210887701498,3802.263783286737
21.478212493542543,3805.225632276849
21.473824753229735,3808.1896825108033
21.46892208265527,3811.1559357242913
21.46348090839777,3814.124393654741
21.45747765703601,3817.0950580411336
21.45088875514864,3820.067930623946
21.44369062931449,3823.0430131454254
21.435859706112154,3826.020307349377
21.42737241212032,3828.999814981135
21.418212100153966,3831.9815377876994
21.408417777899814,3834.965477517769
21.398055259012438,3837.951635921632
21.387190529015328,3840.9400147510287
21.37588957343229,3843.930615759514
21.364218377786898,3846.92344070218
21.352242927602788,3849.9184913357713
21.340029208403536,3852.9157694185747
21.327643205712917,3855.915276710641
21.315150905054452,3858.9170149735683
21.30261829195186,3861.920985970556
21.290111351928687,3864.927191466575
21.277696070508625,3867.935633228009
21.265438433215337,3870.9463130230697
21.253404425572484,3873.9592326215243
21.241660033103642,3876.9743937947514
21.230271241332474,3879.9917983158803
21.219304035782585,3883.0114479595727
21.208824401977665,3886.03334450219
21.19889590675345,3889.0574897217125
21.189524724047885,3892.0838853977953
21.180658637982475,3895.11253331166
21.17224281458877,3898.1434352463466
21.16422241989818,3901.1765929864087
21.156542619942172,3904.2120083180553
21.149148580752296,3907.249683029263
21.141985468359934,3910.2896189095554
21.13499844879661,3913.331817750172
21.128132688093757,3916.376281343931
21.12133335228293,3919.4230114854813
21.114545607395513,3922.4720099710253
21.107714619462996,3925.5232785983494
21.100785554516932,3928.576819167105
21.093703578588617,3931.632633478473
21.08641385770966,3934.6907233353645
21.07886155791155,3937.751090542364
21.070991845225677,3940.8137369056203
21.06274988568356,3943.8786642332125
21.054081079716184,3946.945874334591
21.04497337848764,3950.015369021195
21.035506381034025,3953.0871501058414
21.025771592804205,3956.161219403225
21.015860519247127,3959.237578729787
21.005864665811686,3962.316229903401
20.995875537946716,3965.3971747439155
20.98598464110117,3968.480415072644
20.976283480723964,3971.5659527127923
20.966863562263967,3974.653789489036
20.95781639117007,3977.7439272279744
20.949233472891137,3980.8363677577936
20.94120631287609,3983.9311129083803
20.93382641657385,3987.0281645112973
20.927185289433282,3990.1275243998953
20.921374436903335,3993.229194409206
20.916485364432816,3996.3331763758815
20.912609577470704,3999.4394721384015
20.909838581465806,4002.548083536955
20.908263881867157,4005.659012413332
20.907939361053394,4008.7722606111543
20.908734151831595,4011.8878299756443
20.910460770915677,4015.0057223539175
20.912931720281705,4018.1259395946095
20.915959501905803,4021.2484835482514
20.919356617764038,4024.3733560670134
20.922935569832504,4027.500559004736
20.926508860087353,4030.6300942171865
20.92988899050465,4033.761963561637
20.932888463060493,4036.896168897205
20.935319779730975,4040.032712084713
20.93699544249219,4043.171594986778
20.937727953320262,4046.312819467669
20.93732981419126,4049.456387393452
20.93561352708133,4052.602300631935
20.932391593966514,4055.7505610526114
20.927476516822964,4058.9011705268354
20.920680797626773,4062.054130927537
20.91181693835398,4065.209444129566
20.900716437612886,4068.3671120094386
20.887444647852448,4071.527136445424
20.872224215669775,4074.6895193175446
20.855280713400475,4077.85426250761
20.8368397133803,4081.0213678991877
20.817126787944886,4084.1908373775764
20.79636750942987,4087.3626728298377
20.774787450170976,4090.5368761448262
20.752612182503782,4093.713449213134
20.73006727876404,4096.892393927149
20.707378311287414,4100.073712181002
20.684770852409542,4103.257405870592
20.66247047446609,4106.443476893655
20.640702749792723,4109.631927149582
20.619693250725135,4112.822758539688
20.59966754959902,4116.015972966952
20.580851218749984,4119.211572336192
20.563469830513696,4122.409558553979
20.547748957225906,4125.609933528671
20.533910925126065,4128.81269917044
20.522026494497908,4132.017857391278
20.511953452778926,4135.22541010488
20.50353361276447,4138.435359226703
20.496608787250068,4141.647706674205
20.491020789031097,4144.862454366406
20.48661143090291,4148.079604224301
20.483222525661034,4151.2991581705655
20.48069588610079,4154.521118129739
20.478873325017616,4157.745486028105
20.47759665520698,4160.972263793784
20.47670768946429,4164.201453356821
20.476048240584902,4167.433056648924
20.475460121364307,4170.667075603615
20.474785144597803,4173.903512156315
20.473865123080998,4177.142368244116
20.47254186960913,4180.383645806164
20.470657196977726,4183.627346783247
20.468052917982163,4186.873473117975
20.4645708685957,4190.12202675487
20.460094664928818,4193.3730096402505
20.45463596748354,4196.626423722144
20.448230883332883,4199.882270950645
20.440915519550146,4203.140553277442
20.43272598320857,4206.401272656237
20.423698381381286,4209.664431042385
20.41386882114145,4212.930030393262
20.403273409562388,4216.198072668019
20.39194825371723,4219.468559827595
20.379929460679108,4222.741493834855
20.367253137521402,4226.016876654424
20.35395539131713,4229.294710252803
20.340072329139588,4232.574996598344
20.325640058061964,4235.8577376613075
20.310694685157443,4239.14293541381
20.29527231749924,4242.430591829701
20.279409062160568,4245.720708884781
20.263141026214612,4249.013288556644
20.24650431673453,4252.3083328248695
20.22953852185171,4255.605843670781
20.212308253209784,4258.9058230776245
20.194889068510292,4262.208273030515
20.177356571566634,4265.513195516315
20.159786366192122,4268.820592524033
20.14225405620013,4272.130466044245
20.124835245404,4275.442818069585
20.107605537617104,4278.757650594474
20.090640536652785,4282.074965615366
20.074015846324414,4285.39476513041
20.057807070445364,4288.717051139732
20.042089812828948,4292.041825645283
20.026939677288567,4295.369090651024
20.012432267637564,4298.6988481626195
19.998643187689254,4302.031100187811
19.985648041257093,4305.365848736172
19.97352243215434,4308.703095819141
19.962341964194337,4312.042843449994
19.9521822411906,4315.385093644028
19.943114779123988,4318.72984841844
19.935128323992558,4322.077109792243
19.928134657787353,4325.426879786385
19.92204263778811,4328.77916042375
19.916761121274334,4332.133953729135
19.91219896552593,4335.4912617292175
19.908265027822353,4338.851086452588
19.904868165443503,4342.213429929785
19.901917235668833,4345.578294193234
19.89932109577819,4348.945681277311
19.8969886030512,4352.315593218256
19.894828614767533,4355.6880320543205
19.892749988206845,4359.062999825625
19.89066158064881,4362.440498574248
19.888472249373166,4365.8205303441355
19.88609085165953,4369.203097181262
19.883426244787614,4372.5882011334725
19.880387286037063,4375.975844250518
19.876882832687585,4379.366028584245
19.87282207571272,4382.758756188224
19.86815577599856,4386.154029118027
19.862916079107578,4389.551849431394
19.8571445725012,4392.952219187729
19.850882843641216,4396.355140448448
19.844172479989254,4399.760615277075
19.83705506900685,4403.168645738902
19.829572198155716,4406.579233901268
19.82176545489739,4409.992381833471
19.813676426693576,4413.408091606769
19.805346701005874,4416.826365294287
19.79681786529588,4420.247204971272
19.78813150702527,4423.670612714782
19.77932921365567,4427.096590603996
19.77045257264865,4430.525140719944
19.76154317146589,4433.956265145686
19.752642597569007,4437.3899659661965
19.74379243841966,4440.826245268522
19.735034281479358,4444.265105141655
19.726409714209865,4447.706547676507
19.717952061001,4451.150574966005
19.70965807449508,4454.597189105154
19.701514392818382,4458.04639219076
19.693507653746195,4461.498186321839
19.685624495053958,4464.952573599209
19.67785155451702,4468.4095561257445
19.670175469910788,4471.86913600638
19.662582879010643,4475.331315347988
19.655060419591962,4478.796096259468
19.647594729430153,4482.263480851696
19.64017244630071,4485.73347123758
19.63278020797887,4489.206069531974
19.625404652240093,4492.681277851774
19.61803241685979,4496.1590983159485
19.610650139613313,4499.639533045449
19.603244458276066,4503.122584163211
19.5958020106234,4506.608253794157
19.58830943443084,4510.09654406529
19.58075336747359,4513.587457105671
19.573121801741905,4517.080995046257
19.565417442493697,4520.577160020223
19.55765202039808,4524.075954162516
19.549837396891718,4527.577379610307
19.541985433411554,4531.081438502864
19.534107991394308,4534.588132981205
19.52621693227681,4538.097465188668
19.518324117495894,4541.6094372704765
19.510441408488305,4545.124051373958
19.502580666690875,4548.641309648451
19.494753753540465,4552.161214245408
19.486972530473764,4555.683767318197
19.47924885892769,4559.208971022339
19.47159460033899,4562.736827515468
19.464021616144493,4566.267338957049
19.456541767780976,4569.800507508864
19.449166916685215,4573.336335334594
19.44190892429407,4576.874824600076
19.43477965204437,4580.415977473116
19.42779045375815,4583.959796123588
19.4209334885455,4587.506282723593
19.414176288215202,4591.055439447114
19.407484769244604,4594.607268470267
19.40082484811117,4598.161771971377
19.39416244129231,4601.718952130583
19.387463465265313,4605.278811130303
19.380693836507646,4608.841351155004
19.373819471496688,4612.406574391236
19.36680628670976,4615.974483027604
19.359620198624356,4619.54507925477
19.352227123717796,4623.118365265552
19.34459297846746,4626.694343254926
19.336683679350756,4630.273015419738
19.32846514284509,4633.854383959224
19.31990328542784,4637.438451074491
19.310964023576332,4641.025218968817
19.301613273768055,4644.614689847583
19.29181695248036,4648.206865918374
19.281541006867172,4651.801749390757
19.270774145716473,4655.3993424765085
19.25956815878331,4658.9996473893525
19.247985673819898,4662.6026663453285
19.236089318578195,4666.208401562463
19.223941720810387,4669.816855261002
19.211605508268377,4673.42802966325
19.199143308704436,4677.041926993636
19.186617749870436,4680.658549478715
19.174091459518536,4684.277899347244
19.161627065400836,4687.899978830042
19.149287195269295,4691.524790159963
19.137134476876128,4695.1523355723675
19.125231537973264,4698.782617304252
19.11364100631286,4702.415637595059
19.102425509646906,4706.051398686371
19.091647675727557,4709.689902821919
19.081370132306773,4713.331152247518
19.07165550713674,4716.975149210996
19.062566427969415,4720.621895962574
19.054150002400235,4724.271394754592
19.04635328419417,4727.923647841447
19.03908363561635,4731.578657479867
19.032248318984387,4735.236425928372
19.025754596615684,4738.896955448051
19.01950973082782,4742.560248302059
19.01342098393826,4746.226306755622
19.007395618264496,4749.895133076103
19.00134089612402,4753.566729533207
18.995164079834325,4757.241098398684
18.988772431712988,4760.918241946631
18.982073214077417,4764.59816245309
18.974973689245104,4768.280862196355
18.967381119533655,4771.966343457043
18.95920276726045,4775.654608517992
18.950345894743037,4779.345659663859
18.94071776429888,4783.039499181869
18.930225638245616,4786.736129361307
18.918776778900536,4790.435552493756
18.906284836517017,4794.137770872835
18.89277489696164,4797.842786794396
18.878366737310017,4801.550602556599
18.863183145835308,4805.26122045978
18.847346910810728,4808.974642806519
18.83098082050944,4812.690871901506
18.81420766320474,4816.409910051545
18.797150227169794,4820.1317595659975
18.779931300677788,4823.856422756276
18.76267367200191,4827.583901935844
18.745500129415433,4831.314199420663
18.728533461191546,4835.047317528718
18.711896455603494,4838.783258580394
18.69571190092435,4842.522024898104
18.680102585427477,4846.263618806767
18.66519129738606,4850.008042633201
18.651100825073172,4853.755298706767
18.637953956762146,4857.505389358968
18.62587348072617,4861.258316923485
18.614981396665883,4865.01408373631
18.605328495745624,4868.772692135618
18.596838688490408,4872.534144462008
18.589422783997804,4876.298443058024
18.582991591365385,4880.065590268843
18.577455919690664,4883.8355884415605
18.57272657807127,4887.608439925702
18.568714375604742,4891.3841470732
18.56533012138854,4895.162712237903
18.562484624520323,4898.944137776278
18.560088694097573,4902.728426046716
18.55805313921789,4906.515579410264
18.55628876897879,4910.305600229967
18.55470639247787,4914.098490871185
18.5532168188127,4917.894253701628
18.55173085708074,4921.69289109136
18.55015931637962,4925.494405412594
18.54841300580685,4929.298799039897
18.54640273446003,4933.106074349993
18.544039311436705,4936.916233722108
18.541246206053614,4940.7292795377625
18.537997412004586,4944.545214180639
18.534279525019997,4948.364040036615
18.530079140830054,4952.185759494151
18.525382855164963,4956.010374943878
18.5201772637551,4959.837888778838
18.514448962330704,4963.668303394173
18.508184546622005,4967.501621187519
18.501370612359324,4971.3378445587905
18.493993755272868,4975.176975910116
18.486040571092957,4979.019017646087
18.477497655549882,4982.86397217355
18.468351604373908,4986.711841901675
18.45858901329521,4990.562629242142
18.44819647804414,4994.416336608608
18.437160594350956,4998.272966417275
18.425467957945955,5002.132521086648
18.41310516455934,5005.995003037715
18.400058809921433,5009.860414693626
18.386321359635275,5013.728758479912
18.371941827339498,5017.600036824455
18.357000830774723,5021.474252157444
18.341579333020803,5025.351406911606
18.32575829715759,5029.231503521804
18.309618686264827,5033.114544425404
18.293241463422277,5037.000532062024
18.276707591709823,5040.889468873681
18.260098034207118,5044.781357304864
18.243493753994073,5048.676199802323
18.226975714150427,5052.573998815072
18.210624877756032,5056.474756794675
18.194522207890515,5060.378476195075
18.17874866763387,5064.28515947259
18.163385220065777,5068.194809085706
18.148512828266036,5072.107427495507
18.134212455314497,5076.023017165464
18.1205650642909,5079.941580561401
18.107651618275042,5083.86312015135
18.09555104677173,5087.787638406031
18.08427885534539,5091.7151377983755
18.07377620960537,5095.645620803862
18.06398004110858,5099.579089900224
18.05482728141189,5103.515547567566
18.046254862072118,5107.45499628854
18.038199714646197,5111.397438548286
18.030598770691,5115.342876834064
18.023388961763317,5119.291313635727
18.016507219420134,5123.242751445553
18.009890475218157,5127.197192758197
18.00347566071443,5131.1546400708885
17.99719970746571,5135.115095882988
17.990999547028878,5139.078562696502
17.98481211096086,5143.045043015799
17.978574330818475,5147.014539347716
17.972223138158625,5150.987054201635
17.965695464538157,5154.962590088977
17.958928241513945,5158.941149523968
17.951858473961636,5162.922735023355
17.944451550203127,5166.907349105999
17.936744094168574,5170.894994293434
17.928783726747554,5174.8856731094975
17.920618068829697,5178.879388080666
17.912294741304493,5182.876141735803
17.9038613650616,5186.875936606192
17.895365560990626,5190.8787752255475
17.886854949981,5194.884660130045
17.87837715292244,5198.893593858591
17.869979790704377,5202.905578952155
17.861710484216616,5206.920617954515
17.853616854348473,5210.9387134116305
17.845746521989696,5214.959867872307
17.8381471080298,5218.984083887577
17.830866233358364,5223.01136401092
17.823951518865016,5227.041710798414
17.817450585439246,5231.075126808629
17.811411053970716,5235.111614602699
17.805880545348884,5239.151176743999
17.80089392883407,5243.193815798622
17.796412204718962,5247.239534335128
17.792369837375887,5251.288334924542
17.78870125659128,5255.340220140509
17.78534089215151,5259.395192558997
17.782223173842965,5263.453254758562
17.779282531452083,5267.514409320274
17.77645339476527,5271.578658827834
17.77367019356889,5275.646005867353
17.770867357649365,5279.7164530273885
17.76797931679313,5283.790002899101
17.764940500786523,5287.866658076367
17.761685339416005,5291.946421155293
17.758148262467927,5296.029294734752
17.754263699728725,5300.115281415922
17.74996608098479,5304.204383802676
17.74518983602256,5308.296604501577
17.73986939462837,5312.391946121326
17.733939186588685,5316.490411273581
17.72733699681892,5320.592002572293
17.720051450542627,5324.696722634074
17.712110638656412,5328.804574078176
17.70354368642029,5332.915559526143
17.694379719094343,5337.029681602269
17.684647861938743,5341.146942933533
17.674377240213445,5345.267346149289
17.663596979178692,5349.390893881576
17.65233620409441,5353.51758876478
17.6406240402208,5357.647433436134
17.628489612817887,5361.7804305353675
17.615962047145786,5365.916582704724
17.603070468464523,5370.055892589142
17.58984400203424,5374.198362835997
17.57631177311505,5378.343996095448
17.56250290696697,5382.492795020134
17.548446528850093,5386.644762265288
17.53417176402452,5390.799900488708
17.519707737750323,5394.958212350907
17.505083804828686,5399.119700515007
17.490344977501962,5403.284367646658
17.475561687834187,5407.45221641401
17.46080669480179,5411.62324948794
17.446152757381086,5415.797469542211
17.43167263454859,5419.974879252709
17.41743908528069,5424.155481298402
17.403524868553788,5428.339278360423
17.390002743344283,5432.526273122919
17.376945468628648,5436.716468272631
17.364425803383227,5440.909866498623
17.35251650658452,5445.106470493025
17.341290337208846,5449.306282950181
17.330820054232603,5453.5093065674655
17.321178416632364,5457.715544044587
17.3124381833844,5461.92499808414
17.304672113465173,5466.137671391134
17.297952965851067,5470.353566673509
17.29235349951857,5474.572686641823
17.28794647193115,5478.795034008866
17.284766297764932,5483.020611490639
17.282709387766545,5487.249421805534
17.28164111547487,5491.481467674735
17.281426854429043,5495.716751822093
17.281931978167947,5499.955276973826
17.283021860230647,5504.197045859258
17.284561874156083,5508.442061210202
17.286417393483248,5512.690325761194
17.288453791751152,5516.941842249377
17.290536442498762,5521.196613414705
17.292530719265088,5525.454641999667
17.29430199558911,5529.715930749606
17.29571564500985,5533.980482412565
17.296637041066205,5538.248299739172
17.296931557297242,5542.519385482758
17.296464567242012,5546.793742399522
17.295101444439382,5551.071373248099
17.29270756242839,5555.352280790351
17.289148294748045,5559.6364677901465
17.284305426708002,5563.923937014588
17.278201484733287,5568.214691233502
17.27093058047501,5572.508733219164
17.26258739139132,5576.806065746621
17.25326659494047,5581.106691593886
17.243062868580566,5585.410613541633
17.232070889769744,5589.717834373034
17.22038533596624,5594.028356874361
17.20810088462821,5598.342183834192
17.195312213213768,5602.659318044372
17.18211399918107,5606.979762299179
17.16860091998832,5611.303519395642
17.15486765309373,5615.630592133549
17.14100887595535,5619.960983315606
17.1271192660314,5624.294695747127
17.113293500780046,5628.631732236345
17.09962625765948,5632.9720955940675
17.086212214127826,5637.315788633953
17.07314604764325,5641.662814172516
17.060520817160963,5646.0131750289665
17.048387314016722,5650.36687402534
17.036751055186485,5654.723913986333
17.02561533690492,5659.084297739594
17.014983455406693,5663.448028115599
17.00485870692637,5667.815107947419
16.99524438769876,5672.185540070962
16.986143793958448,5676.559327325015
16.97756022194008,5680.936472551251
16.96949696787837,5685.31697859407
16.96195732800797,5689.700848300475
16.954944598563486,5694.088084520487
16.948462075779645,5698.478690107064
16.94251305589104,5702.872667915779
16.937100835132384,5707.270020805069
16.932228709738382,5711.670751636196
16.927899975943603,5716.074863273289
16.92411792998277,5720.482358583272
16.920885868090522,5724.893240436061
16.918207027531253,5729.307511703926
16.916070930634845,5733.725175262667
16.914435881477402,5738.14623399044
16.913255862563645,5742.5706907683725
16.912484856398365,5746.998548480522
16.912076845486325,5751.429810013636
16.91198581233229,5755.864478257482
16.912165739441008,5760.302556104649
16.912570609317285,5764.744046450628
16.913154404465843,5769.188952193491
16.913871107391444,5773.637276234545
16.91467470059888,5778.089021477893
16.915519166592972,5782.544190830305
16.916358487878327,5787.002787201675
16.917146646959864,5791.46481350458
16.91783762634229,5795.93027265464
16.91838540853037,5800.399167570369
16.918743976028807,5804.871501173046
16.91886731134248,5809.347276386808
16.91870939697614,5813.826496138931
16.9182294327354,5818.30916335931
16.917413817919652,5822.795280981199
16.91625778689793,5827.284851940052
16.91475657871176,5831.777879174738
16.912905432402766,5836.274365627116
16.910699587012402,5840.774314241555
16.908134281582306,5845.277727965797
16.90520475515393,5849.7846097499705
16.901906246768903,5854.294962547672
16.898233995468686,5858.808789315221
16.894183240294907,5863.326093011701
16.88974922028909,5867.84687659939
16.884927174492702,5872.371143043292
16.879712341947382,5876.898895311525
16.874099961694682,5881.430136375152
16.868085272776128,5885.964869208065
16.8616635142332,5890.503096787021
16.854829925107566,5895.044822092032
16.84757974444065,5899.59004810611
16.839909458919493,5904.13877781456
16.83183209208569,5908.691014206577
16.82337238849584,5913.246760273656
16.814555341268047,5917.806019010559
16.80540594352064,5922.368793415023
16.795949188371708,5926.935086487475
16.78621006893944,5931.504901231785
16.77621357834215,5936.078240654518
16.765984709697932,5940.655107765268
16.75554845612504,5945.2355055766275
16.744929810741667,5949.819437104225
16.73415376666597,5954.406905366645
16.723245317016207,5958.9979133856095
16.71222945491057,5963.592464185587
16.70113117346719,5968.190560794186
16.68997546580441,5972.7922062421585
16.678787325040247,5977.397403563098
16.667591744293063,5982.006155793795
16.656413716680973,5986.618465973848
16.645278235322166,5991.234337145968
16.63421029333493,5995.853772355939
16.62323488383734,6000.476774652624
16.612376999947685,6005.103347087793
16.601661634784207,6009.733492716301
16.591113781464983,6014.367214596089
16.580758433108286,6019.004515788062
16.570620582832305,6023.645399356474
16.56072522375524,6028.289868368121
16.551097348995285,6032.937925893154
16.541761951670694,6037.5895750049185
16.53274402489953,6042.244818779694
16.524068561800107,6046.903660296611
16.51576055549063,6051.566102638177
16.507844999089286,6056.232148889843
16.50034688571425,6060.901802140183
16.49329120848367,6065.575065480763
16.48670296051587,6070.251942006371
16.48060713492896,6074.932434814704
16.47502872006197,6079.616547006858
16.46997545819241,6084.304281686677
16.46539906948621,6088.995641961281
16.46123991842461,6093.690630940888
16.45743836948874,6098.389251738694
16.453934787159824,6103.0915074712675
16.450669535919005,6107.797401258155
16.44758298024753,6112.5069362217655
16.44461548462651,6117.220115488014
16.441707413537145,6121.936942185768
16.438799131460627,6126.657419447195
16.435831002878146,6131.381550407246
16.432743392270865,6136.109338204181
16.42947666411996,6140.840785979439
16.425971182906665,6145.575896877733
16.422167313112084,6150.314674046615
16.41800541921745,6155.057120637005
16.41342586570393,6159.803239802841
16.408369017052692,6164.55303470135
16.40277523774496,6169.306508492785
16.396595344513372,6174.063664340651
16.38986020981568,6178.824505411617
16.38263771594275,6183.589034875391
16.374995945357725,6188.357255905251
16.367002980523864,6193.129171676989
16.358726903904326,6197.904785370153
16.350235797962327,6202.684100167207
16.341597745160954,6207.467119253982
16.33288082796355,6212.253845819321
16.324153128833203,6217.0442830551765
16.31548273023313,6221.838434157093
16.30693771462657,6226.636302323421
16.298586164476603,6231.437890755983
16.29049616224657,6236.243202659587
16.28273579039957,6241.052241242344
16.27537313139881,6245.865009715668
16.26847626770744,6250.68151129415
16.26211328178877,6255.501749195649
16.25635225610587,6260.325726640895
16.251257838090723,6265.153446854381
16.24681860810908,6269.984913063527
16.242948677090368,6274.820128499031
16.23955904050385,6279.659096394924
16.236560693818603,6284.501819988303
16.233864632503924,6289.34830251965
16.23138185202896,6294.198547232876
16.229023347862963,6299.052557374613
16.226700115475083,6303.910336195244
16.224323150334584,6308.771886948237
16.221803447910688,6313.637212890462
16.219052003672488,6318.506317281882
16.215979813089334,6323.379203385686
16.212497871630262,6328.255874468526
16.20851717476461,6333.13633380024
16.20394871796151,6338.020584654093
16.19870349669023,6342.908630306456
16.19269250641993,6347.800474036992
16.185826742619852,6352.696119128709
16.178017575621908,6357.595568868049
16.169233856408667,6362.498826544577
16.15956327107459,6367.405895451396
16.149108220574945,6372.316778884463
16.137971105865006,6377.231480143506
16.12625432790003,6382.150002531392
16.11406028763524,6387.072349354398
16.101491386025984,6391.998523921951
16.088650024027444,6396.92852954685
16.07563860259492,6401.8623695455935
16.062559522683685,6406.8000472374715
16.04951518524892,6411.741565945344
16.036607991245987,6416.686928995507
16.023940341630123,6421.636139717696
16.011614637356544,6426.589201444547
15.999733279380521,6431.546117512551
15.988398668657368,6436.506891261241
15.977713206142369,6441.471526033654
15.967779292790624,6446.440025176237
15.958699329557561,6451.41239203872
15.950550893741024,6456.388629974117
15.943294970393964,6461.36874233905
15.936858344300106,6466.352732493296
15.931167795775409,6471.340603800386
15.926150105135989,6476.332359626644
15.921732052697891,6481.328003342297
15.91784041877716,6486.327538320831
15.914401983689885,6491.330967939088
15.91134352775208,6496.338295577411
15.908591831279807,6501.349524619274
15.906073674589209,6506.364658451891
15.903715837996202,6511.383700465844
15.901445101816932,6516.406654055096
15.899188246367444,6521.433522616751
15.896872051963811,6526.464309551767
15.894423298922007,6531.499018264437
15.891768767558204,6536.537652162356
15.888835238188449,6541.580214656511
15.885549491128671,6546.626709161662
15.881842151002985,6551.67713909555
15.87768867851193,6556.7315078799775
15.873093530334188,6561.789818939503
15.868061649545425,6566.852075702612
15.862597979221405,6571.918281601209
15.856707462437953,6576.988440070525
15.850395042270847,6582.062554549454
15.843665661795853,6587.14062847999
15.836524264088766,6592.222665308027
15.82897579222535,6597.308668482854
15.821025189281372,6602.398641456963
15.812677398332653,6607.492587686809
15.803937362454889,6612.590510631829
15.794810024723972,6617.692413755283
15.78530032821564,6622.798300524037
15.775413216005603,6627.908174408176
15.76515363116971,6633.022038881254
15.754526516783812,6638.139897420717
15.743536815923505,6643.261753507341
15.732189932918573,6648.387610625193
15.720510903338706,6653.517472262289
15.70855129395376,6658.6513419097555
15.696364552144644,6663.789223062584
15.684004125292063,6668.931119219213
15.671523460776925,6674.077033881669
15.658976005980051,6679.226970555248
15.646415208282264,6684.380932749028
15.633894515064327,6689.53892397584
15.621467373707134,6694.700947751594
15.609187231591406,6699.867007596244
15.597107536098093,6705.037107032929
15.58528173460796,6710.211249588601
15.573763274501843,6715.389438793738
15.562605603160591,6720.571678182257
15.551862167964941,6725.757971291944
15.541586416295843,6730.948321663888
15.531831795534004,6736.142732842821
15.52265175306033,6741.341208377449
15.51409971992257,6746.543751819365
15.506209751236568,6751.750366724388
15.49895903017621,6756.961056651754
15.49231435884721,6762.175825164169
15.486242539355246,6767.3946758281945
15.48071037380592,6772.617612213727
15.475684664304922,6777.844637894528
15.471132212957883,6783.075756448084
15.467019821870508,6788.310971455179
15.463314293148372,6793.550286500331
15.459982428897206,6798.793705171892
15.4569910312226,6804.041231061715
15.454306902230243,6809.292867765257
15.45189684402581,6814.548618881869
15.449727658714963,6819.808488014125
15.44776614840329,6825.072478768844
15.445979115196451,6830.3405947559295
15.444333361200208,6835.612839589295
15.442795688520107,6840.889216886481
15.441332899261823,6846.169730268708
15.439916512525372,6851.454383360732
15.43855040402957,6856.743179791389
15.437252026531809,6862.036123192572
15.436038879327029,6867.333217200453
15.434928461710285,6872.6344654546165
15.433938272976533,6877.9398715984935
15.433085812420643,6883.249439279031
15.432388579337768,6888.563172147181
15.43186407302268,6893.88107385727
15.43152979277059,6899.203148067542
15.431403237876324,6904.529398440016
15.431501907634882,6909.859828640343
15.431843301341246,6915.194442337809
15.432444918290429,6920.533243205783
15.4333242577774,6925.876234920935
15.434498819097143,6931.223421164072
15.435986101544572,6936.574805619362
15.437803604414725,6941.930391975171
15.439968827002573,6947.290183923377
15.442496176111547,6952.654185159426
15.445341370579186,6958.022399383024
15.44840761847756,6963.3948302972085
15.45159627561955,6968.771481609037
15.454808697817924,6974.152357029253
15.457946240885562,6979.537460272382
15.460910260635401,6984.926795056742
15.463602112880167,6990.320365104542
15.465923153432783,6995.718174141644
15.467774738106087,7001.120225897858
15.469058222712931,7006.5265241067045
15.469674963066211,7011.937072505414
15.469526314978765,7017.3518748352835
15.46851363426336,7022.770934841328
15.46653827673299,7028.194256272242
15.463501598200423,7033.621842880693
15.459304954478526,7039.053698423286
15.453849701380122,7044.489826660162
15.447037194718149,7049.9302313556545
15.438769473350007,7055.374916277643
15.429022302861227,7060.823885197857
15.41791007306901,7066.277141892384
15.405562481820567,7071.734690140368
15.392109226963285,7077.19653372557
15.377680006344448,7082.662676435015
15.362404517811328,7088.133122060106
15.346412459211209,7093.6078743957705
15.329833528391404,7099.086937241019
15.3127974231992,7104.570314398596
15.295433841481923,7110.058009675137
15.27787248108693,7115.550026881478
15.260243039861365,7121.046369831995
15.24267521565261,7126.547042344975
15.22529870630801,7132.052048242861
15.208243209674762,7137.561391351909
15.191638423600281,7143.075075502194
15.175614045931752,7148.59310452786
15.160299774516545,7154.1154822667795
15.145825307201903,7159.642212560954
15.13229220946613,7165.173299256274
15.119682926739841,7170.708746202566
15.107948381433928,7176.248557253399
15.09703949575568,7181.792736266597
15.086907191912573,7187.3412871037835
15.07750239211201,7192.894213630643
15.068776018561351,7198.4515197166165
15.06067899346813,7204.013209235267
15.053162239039665,7209.579286064178
15.046176677483373,7215.149754084809
15.039673231006745,7220.724617182496
15.03360282181714,7226.303879246767
15.027916372121965,7231.887544171086
15.022564804128692,7237.475615852811
15.017499040044669,7243.068098193552
15.012670002077371,7248.6649950985175
15.00802861243416,7254.266310477277
15.003525793322481,7259.8720482432645
14.999112466949782,7265.4822123139265
14.994742636930013,7271.096806610785
14.990402091183725,7276.715835059285
14.98609535641117,7282.339301589058
14.981827201033752,7287.967210133769
14.97760239347295,7293.599564630868
14.973425702150251,7299.236369022107
14.969301895487064,7304.877627253131
14.96523574190492,7310.523343273901
14.961232009825252,7316.173521038072
14.957295467669482,7321.828164503621
14.953430883859141,7327.487277632441
14.94964302681565,7333.150864390703
14.94593666496047,7338.8189287484465
14.942316566715107,7344.491474679901
14.938787500500965,7350.168506163223
14.935354234739492,7355.850027180924
14.932021537852222,7361.536041719506
14.928794178260603,7367.226553769363
14.925676924386053,7372.921567325412
14.922674094363686,7378.6210863862125
14.919774357204687,7384.325114954908
14.91694706596914,7390.0336570382915
14.914160379862224,7395.746716647698
14.911382458089122,7401.464297798228
14.908581459854929,7407.186404509426
14.905725544364884,7412.913040804825
14.902782870824069,7418.644210712147
14.899721598437708,7424.379918263108
14.896509886410925,7430.12016749384
14.893115893948888,7435.864962444422
14.889507780256764,7441.614307159255
14.88565370453972,7447.368205686695
14.881521826002881,7453.126662079479
14.877080303851443,7458.88968039442
14.87229729729053,7464.657264692617
14.867140965525351,7470.42941903925
14.861579467761047,7476.20614750353
14.855580963202726,7481.987454159289
14.849113652199165,7487.7733430840835
14.842168353059293,7493.563818360153
14.834795954331682,7499.358884073631
14.827057205872762,7505.158544314811
14.819012857538723,7510.962803178526
14.810723659185982,7516.771664763517
14.802250360670826,7522.585133172914
14.7936537118496,7528.403212514028
14.78499446257861,7534.225906898466
14.776333362714126,7540.053220442077
14.76773116211254,7545.885157264959
14.759248610630209,7551.721721491309
14.750946458123352,7557.562917249738
14.74288545444837,7563.408748673235
14.735126349461552,7569.259219898784
14.727729893019202,7575.114335067808
14.720756834977692,7580.974098325954
14.714267925193283,7586.838513823155
14.708323913522364,7592.707585713846
14.702985549821207,7598.581318156382
14.69829798762234,7604.459715313627
14.694210349227689,7610.342781352702
14.690635236730628,7616.230520445195
14.687485181303785,7622.1229367667365
14.684672714119884,7628.020034497441
14.682110366351694,7633.921817821637
14.679710669171882,7639.8282909282525
14.677386153753133,7645.739458010171
14.675049351268129,7651.655323264885
14.672612792889566,7657.575890894175
14.669989009790243,7663.50116510412
14.667090533142812,7669.431150105096
14.663829894119942,7675.365850112001
14.66011962389436,7681.305269344097
14.655872253638847,7687.249412024687
14.651000314525973,7693.198282381887
14.645416337728562,7699.1518846479175
14.639032854419213,7705.110223059492
14.63176239577075,7711.073301857603
14.623523612737984,7717.041125287858
14.61433558292073,7723.0136976000995
14.604299488392584,7728.991023048463
14.593518919901683,7734.973105891769
14.582097468196125,7740.959950393031
14.57013872402409,7746.951560819797
14.557746278133692,7752.947941444034
14.545023721273012,7758.949096542086
14.532074644190232,7764.955030394624
14.519002637633449,7770.965747287086
14.505911292350788,7776.981251509138
14.49290419909039,7783.001547354838
14.480084948600364,7789.026639122759
14.467557131628922,7795.05653111604
14.455424338924132,7801.09122764218
14.443790161234062,7807.130733013145
14.432758189306924,7813.175051545547
14.422432013890841,7819.224187560034
14.41291522573394,7825.278145382351
14.404310621762008,7831.336929342179
14.396657698728447,7837.400543774198
14.38988757667856,7843.468993017031
14.38392074105343,7849.542281414368
14.378677677294064,7855.62041331413
14.374078870841643,7861.703393068703
14.370044807137162,7867.791225034995
14.366495971621802,7873.883913574608
14.363352849736629,7879.981463053793
14.360535926922708,7886.083877842778
14.357965688621121,7892.191162316893
14.355562620272991,7898.303320855796
14.353247207319384,7904.420357843757
14.350939935201367,7910.5422776694895
14.348561289360092,7916.669084726499
14.34603175523661,7922.800783412469
14.343271818271987,7928.93737813005
14.340201963907361,7935.078873286531
14.336742677583771,7941.225273293281
14.332814444809742,7947.3765825667115
14.328356679261503,7953.532805527718
14.323381066971606,7959.693946601456
14.31791654072289,7965.860010218487
14.311992033298083,7972.031000813244
14.305636477480007,7978.206922824951
14.298878806051448,7984.387780697624
14.291747951795145,7990.573578879855
14.284272847493924,7996.764321824978
14.276482425930567,8002.960013990461
14.26840561988783,8009.1606598389835
14.260071362148551,8015.366263837761
14.251508585495486,8021.576830458382
14.24274622271139,8027.792364177436
14.233813206579086,8034.012869476069
14.224738469881373,8040.238350839866
14.215550945400963,8046.4688127594945
14.206279565920767,8052.704259730073
14.196953264223453,8058.944696251125
14.187600973091847,8065.190126827607
14.178249712478845,8071.440555968609
14.168908976728886,8077.695988187922
14.159578850659287,8083.956428004334
14.150259329044587,8090.2218799411785
14.1409504066592,8096.492348526451
14.13165207827771,8102.767838293104
14.12236433867453,8109.048353778595
14.113087182624184,8115.333899525057
14.103820604901173,8121.624480079715
14.094564600279924,8127.920099994253
14.085319163535047,8134.220763825286
14.076084289440885,8140.526476134069
14.06685997277205,8146.83724148645
14.057646208303012,8153.153064453513
14.04844299080817,8159.473949610653
14.039250315062091,8165.799901538453
14.030068175839247,8172.130924821763
14.02089656791415,8178.467024050863
14.011735486061283,8184.808203820427
14.00258492505509,8191.154468729873
13.993444879670108,8197.505823383779
13.984315344680823,8203.862272391132
13.975196314861691,8210.223820366089
13.966087784987224,8216.59047192734
13.956989749831934,8222.962231698762
13.94790220417029,8229.339104308601
13.938825142776764,8235.721094390354
13.929758560425881,8242.108206582367
13.920702451892168,8248.500445527376
13.911656811949982,8254.89781587356
13.902621635373933,8261.300322273499
13.893596916938407,8267.707969384994
13.884582651418,8274.120761870548
13.875578833587184,8280.538704397432
13.866585458220442,8286.961801638094
13.8576025200922,8293.390058269708
13.848630013976987,8299.823478974342
13.839667934649327,8306.262068438973
13.83071627688365,8312.70583135561
13.821775035454493,8319.154772421058
13.812844205136344,8325.608896337046
13.80392378070367,8332.068207810173
13.795013756930985,8338.532711552209
13.786114128592743,8345.002412279571
13.777224890463444,8351.477314713977
13.768346037317642,8357.957423581678
13.75947756392975,8364.442743614187
13.75061946507428,8370.933279547735
13.741771735525731,8377.429036123944
13.732934370058572,8383.930018088933
13.724107363447288,8390.4362301941
13.715290710466448,8396.947677195656
13.70648440589045,8403.464363854855
13.697688444493807,8409.986294938195
13.688902821051002,8416.51347521676
13.680127530336563,8423.045909466939
13.671362567124973,8429.583602470022
13.662607926190688,8436.126559012378
13.653863602308206,8442.674783885286
13.64512959025204,8449.228281885236
13.636405884796687,8455.787057813583
13.627692480716547,8462.351116476837
13.618989372786245,8468.920462686632
13.610296555780224,8475.49510125947
13.60161402447288,8482.07503701704
13.592941773638827,8488.66027478586
13.584279798052506,8495.250819398061
13.575628092488387,8501.84667569038
13.56698665172101,8508.447848504755
13.558355470524802,8515.05434268822
13.54973454367429,8521.666163092965
13.541123865944002,8528.28331457641
13.532523432108349,8534.905802000663
13.523933236941843,8541.533630233365
13.515353275219013,8548.166804147168
13.506783541714327,8554.805328619663
13.498224031202241,8561.449208533824
13.48967473845731,8568.0984487777
13.481135658253962,8574.753054244313
13.472606785366764,8581.41302983219
13.464088114570131,8588.078380444726
13.455579640638561,8594.749110990408
13.447081358346608,8601.425226383331
13.438593262468643,8608.106731542272
13.430115347779264,8614.793631391436
13.42164760905294,8621.485930860283
13.413190041064126,8628.183634883217
13.404742638587322,8634.886748400033
13.39630539639704,8641.595276355789
13.387878309267762,8648.309223700639
13.379461371973989,8655.028595389953
13.37105457929016,8661.753396384267
13.362657925990831,8668.483631649719
13.354271406850444,8675.219306157005
13.34589501664351,8681.960424882805
13.337528750144543,8688.706992808558
13.329172602127969,8695.459014921084
13.320826567368329,8702.216496212583
13.312490640640092,8708.979441680343
13.304164816717773,8715.747856327054
13.295849090375782,8722.521745160617
13.287543456388732,8729.30111319435
13.279247909531023,8736.085965446675
13.270962444577165,8742.876306941444
13.262687056301687,8749.672142707623
13.254421739479028,8756.473477779926
13.246166488883688,8763.280317197828
13.23792129929015,8770.09266600675
13.229686165472941,8776.910529256824
13.221461082206574,8783.733912003696
13.213246044265446,8790.562819308681
13.205041046424071,8797.397256238186
13.196846083457004,8804.237227863976
13.188661150138685,8811.082739263178
13.180486241243614,8817.933795518225
13.172321351546245,8824.79040171724
13.164166475821162,8831.65256295335
13.156021608842764,8838.520284325257
13.147886745385549,8845.393570936994
13.139761880224071,8852.272427897997
13.131647008132774,8859.156860323295
13.123542123886125,8866.046873333078
13.115447222258666,8872.942472053022
13.107362298024881,8879.843661614159
13.099287345959212,8886.750447153276
13.09122236083617,8893.662833812088
13.08316733743024,8900.58082673839
13.075122270515962,8907.504431084733
13.067087154867806,8914.433652009691
13.0590619852602,8921.368494676928
13.051046756467727,8928.308964255953
13.043041463264785,8935.255065921252
13.03504610042593,8942.206804853231
13.027060662725603,8949.164186237665
13.01908514493833,8956.127215265758
13.011119541838582,8963.09589713403
13.003163848200884,8970.070237045078
12.995218058799693,8977.050240206447
12.987282168409507,8984.035911831392
12.97935617180481,8991.027257138952
12.971440063760085,8998.024281353197
12.963533839049845,9005.026989704174
12.955637492448602,9012.035387427364
12.947751018730813,9019.049479763731
12.93987441267089,9026.069271959672
12.932007669043443,9033.094769267605
12.924150782622945,9040.125976944817
12.916303748183822,9047.162900254942
12.9084665605006,9054.20554446682
12.900639214347791,9061.253914854693
12.89282170449988,9068.308016698853
12.885014025731323,9075.367855284812
12.877216172816631,9082.43343590402
12.869428140530246,9089.504763853165
12.861649923646766,9096.581844434877
12.853881516940604,9103.664682957426
12.846122915186243,9110.753284734463
12.838374113158252,9117.847655085608
12.83063510563099,9124.94779933588
12.82290588737905,9132.05372281615
12.815186453176892,9139.165430862506
12.807476797799012,9146.282928817483
12.79977691601988,9153.406222028654
12.792086802614008,9160.535315849535
12.784406452355853,9167.670215639404
12.776735860019969,9174.810926763044
12.769075020380768,9181.95745459101
12.761423928212807,9189.10980449964
12.753782578290483,9196.267981870988
12.746150965388452,9203.431992092643
12.73852908428104,9210.601840558389
12.730916929742804,9217.77753266716
12.723314496548241,9224.959073824162
12.715721779471806,9232.146469439896
12.708138773288027,9239.339724931091
12.700565472771373,9246.538845719777
12.693001872696371,9253.743837234028
12.685447967837405,9260.954704907826
12.677903752969087,9268.171454180689
12.670369222865844,9275.394090497986
12.662844372302203,9282.622619310898
12.655329196052605,9289.857046076608
12.647823688891606,9297.097376257723
12.640327845593603,9304.343615323134
12.63284166093321,9311.595768747102
12.625365129684766,9318.853842009987
12.617898246622886,9326.11784059813
12.610441006521967,9333.387770003585
12.602993404156607,9340.663635723873
12.59555543430119,9347.945443262974
12.588127091730243,9355.233198130605
12.580708371218293,9362.526905841967
12.57329926753981,9369.826571918813
12.565899775469262,9377.132201888055
12.55850988978112,9384.443801283034
12.551129605249983,9391.761375643004
12.543758916650205,9399.084930512665
12.53639781875637,9406.414471443102
12.529046306342892,9413.750003991066
12.52170437418431,9421.091533719438
12.51437201705508,9428.439066196912
12.507049229729773,9435.79260699806
12.4997360069828,9443.152161703549
12.492432343588689,9450.517735900003
12.48513823432188,9457.889335180023
12.477853673956929,9465.266965142184
12.470578657268291,9472.650631390776
12.463313179030422,9480.040339536486
12.456057234017862,9487.436095195932
12.448810817005125,9494.837903991402
12.441573922766608,9502.245771551665
12.434346546076881,9509.659703510975
12.427128681710428,9517.07970551022
12.419920324441733,9524.50578319571
12.41272146904521,9531.937942220411
12.405532110295482,9539.376188242728
12.39835224296695,9546.820526927659
12.391181861834085,9554.270963945997
12.384020961671453,9561.72750497454
12.37686953725347,9569.19015569623
12.369727583354688,9576.658921800157
12.362595094749565,9584.133808981645
12.355472066212627,9591.614822941778
12.348358492518287,9599.101969387873
12.341254368441085,9606.595254033373
12.33415968875552,9614.094682598039
12.32707444823609,9621.60026080749
12.31999864165725,9629.111994393616
12.31293226379347,9636.629889094384
12.30587530941932,9644.153950653907
12.298827773309213,9651.68418482239
12.291789650237646,9659.220597356616
12.284760934979204,9666.763194019055
12.277741622308241,9674.31198057836
12.270731706999328,9681.866962809785
12.263731183826991,9689.428146494358
12.256740047565643,9696.995537419594
12.249758292989725,9704.56914137914
12.24278591487385,9712.148964172657
12.235822907992443,9719.735011606372
12.228869267120047,9727.327289492401
12.221924987031088,9734.925803649445
12.214990062500092,9742.530559902098
12.208064488301531,9750.141564081561
12.201148259209887,9757.758822025016
12.194241369999688,9765.382339575917
12.18734381544536,9773.012122584125
12.180455590321444,9780.64817690593
12.173576689402452,9788.290508403563
12.166707107462841,9795.93912294597
12.15984683927708,9803.59402640771
12.15299587961971,9811.255224670558
12.146154223265142,9818.922723621843
12.139321864987949,9826.59652915564
12.132498799562569,9834.276647172295
12.125685021763502,9841.963083578356
12.118880526365288,9849.655844286995
12.112085308142369,9857.354935217265
12.105299361869186,9865.060362295346
12.098522682320322,9872.772131452884
12.091755264270205,9880.490248628537
12.084997102493361,9888.214719767357
12.078248191764288,9895.945550820292
12.071508526857443,9903.682747745122
12.064778102547308,9911.42631650597
12.05805691360841,9919.176263073445
12.051344954815207,9926.932593424373
12.044642220942222,9934.69531354195
12.037948706763927,9942.464429416086
12.031264407054763,9950.239947043152
12.024589316589328,9958.0218724259
12.017923430142005,9965.810211573267
12.01126674248735,9973.60497050123
12.00461924839989,9981.406155231613
11.997980942653967,9989.213771793075
11.991351820024207,9997.027826220992
11.98473187528505,10004.848324556888
11.978121103210967,10012.675272848655
11.971519498576527,10020.508677151276
11.964927056156085,10028.348543525693
11.958343770724284,10036.194878039809
11.951769637055492,10044.047686767786
11.945204649924293,10051.906975790413
11.938648804105085,10059.7727511951
11.932102094372425,10067.645019075904
11.92556451550081,10075.523785533314
11.919036062264666,10083.409056674252
11.912516729438522,10091.300838612524
11.906006511796889,10099.199137468457
11.899505404114208,10107.103959368917
11.893013401165007,10115.015310447383
11.886530497723768,10122.933196843956
11.88005668856492,10130.857624705583
11.873591968463046,10138.78860018549
11.86713633219263,10146.726129443765
11.860689774528126,10154.670218647076
11.854252290243963,10162.6208739689
11.847823874114724,10170.578101589164
11.84140452091492,10178.541907694624
11.834994225418967,10186.512298478568
11.82859298240136,10194.489280141206
11.822200786636586,10202.472858889512
11.815817632899183,10210.46304093667
11.809443515963622,10218.45983250294
11.803078430604387,10226.463239815386
11.796722371595948,10234.473269107582
11.790375333712802,10242.489926620357
11.78403731172952,10250.513218600201
11.777708300420471,10258.543151301521
11.771388294560182,10266.57973098477
11.765077288923209,10274.62296391775
11.758775278283963,10282.672856374547
11.752482257416943,10290.72941463595
11.746198221096662,10298.792644990073
11.739923164097604,10306.862553731753
11.73365708119428,10314.939147161991
11.727399967161148,10323.022431589414
11.721151816772732,10331.112413329116
11.714912624803489,10339.20909870288
11.708682386027888,10347.312494039787
11.702461095220443,10355.422605675323
11.696248747155693,10363.539439951994
11.69004533660808,10371.663003219319
11.683850858352088,10379.79330183363
11.6776653071622,10387.930342158073
11.67148867781296,10396.074130562545
11.665320965078791,10404.224673424143
11.659162163734223,10412.381977126879
11.653012268553766,10420.546048061318
11.646871274311849,10428.716892625545
11.640739175782983,10436.894517223926
11.63461596774168,10445.078928268284
11.62850164496244,10453.270132177253
11.622396202219733,10461.468135376288
11.616299634288012,10469.672944297956
11.610211935941848,10477.884565381664
11.60413310195564,10486.103005074105
11.59806312710397,10494.328269828593
11.592002006161252,10502.560366105825
11.585949733902012,10510.799300373066
11.579906305100693,10519.045079105197
11.57387171453189,10527.297708783539
11.567845956969961,10535.557195896597
11.561829027189532,10543.823546940303
11.555820919964972,10552.096768417194
11.549821630070852,10560.376866837396
11.543831152281612,10568.663848717366
11.537849481371751,10576.957720581237
11.53187661211581,10585.258488959935
11.5259125392882,10593.566160391785
11.519957257663492,10601.880741421775
11.514010762016042,10610.20223860253
11.508073047120533,10618.530658493271
11.50214410775132,10626.866007660818
11.496223938682931,10635.208292678892
11.49031253468985,10643.557520128299
11.484409890546544,10651.913696597305
11.47851600102753,10660.276828680966
11.47263086090733,10668.646922981816
11.46675446496036,10677.023986109429
11.46088680796116,10685.40802468049
11.455027884684228,10693.799045319041
11.449177689904005,10702.197054656419
11.443336218395046,10710.602059331095
11.437503464931766,10719.014065988624
11.431679424288703,10727.433081281797
11.42586409124037,10735.859111870954
11.420057460561168,10744.292164423312
11.414259527025692,10752.73224561358
11.40847028540837,10761.179362123972
11.402689730483687,10769.633520643367
11.396917857026168,10778.094727868473
11.391154659810283,10786.562990502913
11.385400133610531,10795.03831525808
11.379654273201382,10803.520708852224
11.373917073357347,10812.010178010996
11.368188528852883,10820.506729467765
11.362468634462573,10829.010369962782
11.356757384960773,10837.521106244038
11.35105477512208,10846.038945066344
11.345360799720922,10854.563893192575
11.339675453531825,10863.09595739237
11.333998731329245,10871.635144443293
11.32833062788768,10880.181461129687
11.322671137981644,10888.734914243923
11.317020256385646,10897.295510585476
11.31137797787413,10905.863256961242
11.305744297221565,10914.438160185398
11.300119209202506,10923.020227080026
11.294502708591423,10931.60946447427
11.288894790162772,10940.205879204816
11.28329544869105,10948.809478115967
11.27770467895077,10957.4202680592
11.272122475716401,10966.038255893944
11.266548833762485,10974.663448486495
11.260983747863492,10983.295852711286
11.255427212793805,10991.935475449869
11.249879223328108,11000.582323591398
11.244339774240729,11009.236404032637
11.238808860306207,11017.897723677894
11.233286476299043,11026.566289438948
11.227772616993732,11035.242108235057
11.222267277164747,11043.925186993441
11.21677045158657,11052.615532648433
11.211282135033741,11061.313152142022
11.205802322280732,11070.018052424115
11.20033100810197,11078.730240451907
11.194868187272007,11087.449723190444
11.189413854565288,11096.176507612161
11.183968004756366,11104.910600697285
11.178530632619726,11113.652009433523
11.173101732929766,11122.400740816553
11.16768130046107,11131.1568018494
11.162269329988092,11139.920199542914
11.156865816285332,11148.690940915547
11.151470754127246,11157.469032993362
11.146084138288373,11166.254482810591
11.140705963543184,11175.04729740847
11.13533622466619,11183.847483836416
11.129974916431806,11192.655049151263
11.1246220336146,11201.470000418132
11.119277570989027,11210.29234470934
11.113941523329572,11219.122089105189
11.10861388541079,11227.95924069359
11.103294652007065,11236.803806570626
11.097983817892967,11245.655793839442
11.09268137784295,11254.515209611696
11.087387326631571,11263.382061006612
11.082101659033214,11272.256355151058
11.076824369822361,11281.138099179725
11.071555453773641,11290.027300235537
11.06629490566145,11298.923965468615
11.061042720260247,11307.828102037814
11.055798892344612,11316.739717108881
11.05056341668893,11325.658817855836
11.045336288067773,11334.585411460976
11.040117501255622,11343.519505113762
11.034907051026948,11352.461106012039
11.029704932156207,11361.410221361471
11.02451113941801,11370.36685837581
11.019325667586685,11379.331024276078
11.014148511436787,11388.302726291884
11.008979665742885,11397.281971660459
11.003819125279364,11406.268767627473
10.998666884820722,11415.263121445912
10.993522939141542,11424.265040376902
10.988387283016223,11433.274531689956
10.983259911219292,11442.29160266201
10.978140818525205,11451.316260578495
10.973029999708487,11460.348512732611
10.967927449543623,11469.388366425335
10.962833162805083,11478.435828966492
10.957747134267407,11487.490907672971
10.952669358705009,11496.553609870447
10.947599830892443,11505.623942892007
10.942538545604151,11514.701914079707
10.937485497614645,11523.787530782536
10.932440681698452,11532.880800358646
10.927404092629985,11541.98173017363
10.922375725183784,11551.090327601438
10.917355574134348,11560.206600024145
10.912343634256146,11569.330554831871
10.907339900323691,11578.4621994228
10.90234436711141,11587.60154120359
10.897357029393845,11596.748587588652
10.892377881945464,11605.903346000816
10.887406919540808,11615.065823871253
10.882444136954291,11624.236028638834
10.877489528960453,11633.413967751127
10.872543090333764,11642.599648663492
10.867604815848765,11651.79307883993
10.86267470027984,11660.994265752423
10.857752738401572,11670.203216881022
10.852838924988404,11679.41993971437
10.847933254814848,11688.644441749364
10.8430357226554,11697.876730491009
10.838146323284533,11707.116813452345
10.833265051476744,11716.364698155361
10.828391902006487,11725.620392129606
10.823526869648347,11734.883902913685
10.81866994917668,11744.155238053861
10.813821135366084,11753.434405105061
10.808980422991013,11762.721411630724
10.804147806825952,11772.016265202134
10.7993232816454,11781.31897339953
10.794506842223825,11790.629543810848
10.78969848333577,11799.947984033168
10.78489819975563,11809.274301671201
10.780105986258008,11818.60850433882
10.775321837617327,11827.950599657557
10.770545748608086,11837.300595257957
10.765777714004741,11846.658498778912
10.76101772858189,11856.02431786734
10.75626578711389,11865.398060179205
10.751521884375308,11874.779733378256
10.746786015140628,11884.169345137487
10.742058174184322,11893.566903137693
10.73733835628093,11902.972415068509
10.732626556204863,11912.385888628158
10.72792276873065,11921.807331523214
10.72322698863276,11931.236751468863
10.718539210685734,11940.67415618832
10.71385942966404,11950.119553414534
10.709187640342122,11959.572950887828
10.70452383749452,11969.034356357774
10.699868015895731,11978.503777582266
10.69522017032017,11987.98122232762
10.690580295542446,11997.466698369097
10.685948386336946,12006.960213490478
10.68132443747821,12016.461775484087
10.676708443740694,12025.971392150961
10.672100399898923,12035.489071300615
10.667500300727369,12045.014820751383
10.662908141000528,12054.548648330352
10.658323915492886,12064.090561872943
10.653747618978926,12073.640569223777
10.64917924623316,12083.19867823548
10.644618792030087,12092.764896769992
10.64006625114412,12102.33923269797
10.635521618349827,12111.921693897937
10.630984888421693,12121.512288258275
10.62645605613416,12131.1110236756
10.621935116261767,12140.71790805546
10.617422063578985,12150.332949311485
10.612916892860284,12159.95615536721
10.608419598880161,12169.587534154185
10.603930176413172,12179.227093612935
10.59944862023373,12188.874841692976
10.594974925116304,12198.530786352298
10.590509085835492,12208.19493555808
10.586051097165665,12217.867297286342
10.581600953881363,12227.547879521533
10.577158650757141,12237.236690257578
10.57272418256737,12246.933737496582
10.568297544086647,12256.63902925033
10.563878730089371,12266.35257353898
10.55946773535004,12276.074378391606
10.555064554643252,12285.804451846381
10.550669182743405,12295.54280195041
10.54628161442497,12305.289436759744
10.541901844462487,12315.044364339214
10.537529867630468,12324.807592762798
10.533165678703341,12334.579130113447
10.52880927245559,12344.358984483019
10.524460643661783,12354.147163972455
10.52011978709632,12363.943676691712
10.515786697533812,12373.748530759416
10.511461369748588,12383.561734303668
10.507143798515202,12393.383295461788
10.502833978608223,12403.213222379449
10.498531904802064,12413.051523212094
10.494237571871253,12422.898206123544
10.489950974590244,12432.753279287497
10.48567210773352,12442.61675088614
10.481400966075626,12452.48862911103
10.477137544391013,12462.368922162768
10.472881837454153,12472.257638251082
10.46863384003953,12482.154785595023
10.464393546921684,12492.060372422713
10.460160952875142,12501.974406971178
10.45593605267429,12511.896897486884
10.451718841093651,12521.82785222558
10.44750931290777,12531.767279451866
10.443307462891042,12541.71518743999
10.439113285818024,12551.671584473075
10.4349267764632,12561.636478843662
10.430747929601068,12571.609878853531
10.426576740006084,12581.59179281355
10.422413202452745,12591.582229043941
10.418257311715564,12601.581195874393
10.414109062568983,12611.58870164379
10.409968449787584,12621.60475470015
10.405835468145767,12631.629363400985
10.401710112418087,12641.662536112952
10.397592377378942,12651.704281212225
10.393482257802887,12661.754607084607
10.38937974846445,12671.813522124627
10.385284844138027,12681.881034736458
10.38119753959819,12691.957153333751
10.377117829619365,12702.041886339646
10.373045708976122,12712.135242186505
10.368981172442886,12722.237229316113
10.364924214794144,12732.347856179602
10.360874830804391,12742.46713123781
10.356833015248185,12752.595062960947
10.352798762899923,12762.731659828414
10.348772068534146,12772.876930329543
10.344752926925324,12783.030882962888
10.34074133284797,12793.193526236413
10.336737281076523,12803.364868667682
10.33274076638557,12813.544918784068
10.328751783549492,12823.733685122195
10.324770327342762,12833.931176228338
10.320796392540004,12844.137400657964
10.316829973915688,12854.352366976751
10.31287106624417,12864.576083759323
10.30891966430005,12874.808559590447
10.304975762857822,12885.04980306432
10.301039356691888,12895.299822784571
10.29711044057683,12905.558627364557
10.29318900928709,12915.826225427367
10.289275057597209,12926.102625605841
10.285368580281585,12936.38783654221
10.281469572114773,12946.681866888477
10.277578027871286,12956.984725306334
10.273693942325522,12967.296420467552
10.26981731025208,12977.616961052872
10.265948126425371,12987.946355753325
10.262086385619924,12998.284613269583
10.258232082610206,13008.631742312074
10.254385212170732,13018.987751600802
10.25054576907597,13029.352649865736
10.246713748100404,13039.726445846629
10.24288914401852,13050.109148292946
10.23907195160487,13060.500765963963
10.235262165633884,13070.901307628872
10.231459780880044,13081.310782066614
10.227664792117906,13091.72919806597
10.223877194121883,13102.156564425779
10.22009698166653,13112.59288995456
10.216324149526287,13123.03818347072
10.212558692475653,13133.492453802659
10.208800605289127,13143.9557097885
10.205049882741207,13154.42796027657
10.20130651960639,13164.90921412475
10.197570510659133,13175.399480201439
10.19384185067392,13185.898767384428
10.19012053442529,13196.407084561764
10.186406556687686,13206.924440631574
10.182699912235648,13217.450844501598
10.179000595843647,13227.986305089973
10.175308602286151,13238.53083132447
10.171623926337688,13249.084432143467
10.167946562772642,13259.64711649482
10.164276506365653,13270.218893336914
10.160613751891091,13280.799771637643
10.156958294123541,13291.389760375456
10.1533101278374,13301.988868538801
10.149669247807267,13312.597105126333
10.146035648807526,13323.214479146169
10.142409325612732,13333.840999617498
10.138790272997369,13344.47667556919
10.13517848573585,13355.121516040179
10.131573958602786,13365.775530079949
10.127976686372591,13376.438726747501
10.124386663819763,13387.111115112895
10.1208038857188,13397.792704255635
10.1172283468442,13408.483503266023
10.113660041970448,13419.183521244307
10.110098965872012,13429.89276730089
10.106545113323406,13440.611250556723
10.102998479099128,13451.338980142647
10.099459057973647,13462.075965200363
10.095926844721447,13472.822214881206
10.092401834117027,13483.57773834758
10.08888402093497,13494.342544771362
10.08537339994956,13505.116643335145
10.081869965935425,13515.900043232159
10.07837371366709,13526.692753665811
10.07488463791897,13537.494783849688
10.071402733465533,13548.306143007962
10.067927995081362,13559.126840375011
10.064460417540886,13569.956885196112
10.060999995618573,13580.796286726105
10.057546724088951,13591.645054231138
10.054100597726531,13602.503196987616
10.050661611305742,13613.370724282035
10.047229759601123,13624.247645411457
10.04380503738713,13635.133969683735
10.040387439438291,13646.029706417226
10.036976960529046,13656.934864940518
10.03357359543395,13667.849454592824
10.030177338927402,13678.773484724203
10.026788185784,13689.706964694582
10.023406130778184,13700.649903875246
10.020031168684412,13711.602311647577
10.016663294277208,13722.564197403848
10.013302502331086,13733.535570546552
10.009948787620445,13744.516440489104
10.006602144919853,13755.50681665565
10.003262569003809,13766.5067084807
9.999930054646768,13777.516125409717
9.9966045966232,13788.53507689865
9.993286189707689,13799.563572413845
9.989974828674562,13810.601621433138
9.986670508298488,13821.64923344459
9.983373223353851,13832.706417946705
9.980082968615122,13843.773184449512
9.976799738856926,13854.84954247282
9.97352352885359,13865.93550154809
9.970254333379671,13877.03107121748
9.96699214720968,13888.136261033243
9.963736965118102,13899.251080558954
9.960488781879391,13910.375539369097
9.957247592268047,13921.509647048513
9.954013391058652,13932.65341319378
9.95078617302552,13943.806847411555
9.94756593294332,13954.969959319373
9.944352665586408,13966.142758546255
9.941146365729324,13977.325254731839
9.937947028146567,13988.517457525984
9.93475464761265,13999.719376590676
9.93156921890197,14010.931021598253
9.928390736789126,14022.152402232019
9.925219196048573,14033.38352818625
9.922054591454724,14044.624409166214
9.918896917782163,14055.87505488828
9.91574616980536,14067.135475079836
9.912602342298811,14078.4056794791
9.909465430036988,14089.685677835836
9.90633542779436,14100.975479909966
9.90321233034544,14112.275095473286
9.900096132464725,14123.584534308677
9.896986828926686,14134.903806209517
9.893884414505848,14146.232920980703
9.890788883976683,14157.57188843816
9.887700232113644,14168.920718409254
9.884618453691289,14180.279420732104
9.881543543484042,14191.648005256206
9.878475496266404,14203.026481841933
9.875414306812885,14214.41486036146
9.872359969898,14225.81315069737
9.869312480296244,14237.22136274448
9.866271832782004,14248.639506407839
9.863238022129906,14260.067591604151
9.860211043114333,14271.505628262003
9.857190890509827,14282.953626320139
9.854177559090843,14294.411595729423
9.85117104363195,14305.879546451615
9.84817133890752,14317.357488460111
9.845178439692148,14328.845431739335
9.842192340760292,14340.343386285376
9.839213036886363,14351.851362105283
9.836240522844989,14363.369369217886
9.833274793410567,14374.897417653425
9.83031584335761,14386.435517453132
9.827363667460602,14397.983678669974
9.824418260494042,14409.541911368258
9.821479617232427,14421.110225623841
9.818547732450213,14432.688631524361
9.81562260092197,14444.277139168014
9.812704217422066,14455.875758665006
9.809792576725087,14467.484500137669
9.806887673605488,14479.103373718835
9.803989502837723,14490.7323895536
9.801098059196391,14502.371557797987
9.798213337455849,14514.020888620424
9.79533533239072,14525.680392200089
9.792464038775364,14537.350078728285
9.789599451384348,14549.029958407504
9.78674156499217,14560.720041452594
9.783890374373271,14572.42033808912
9.781045874302151,14584.13085855512
9.778208059553322,14595.851613099798
9.775376924901323,14607.582611984037
9.772552465120526,14619.323865480632
9.769734674985528,14631.075383874197
9.766923549270729,14642.837177460864
9.764119082750653,14654.609256548521
9.761321270199801,14666.391631456701
9.758530106392726,14678.184312517242
9.755745586103785,14689.987310072931
9.752967704107562,14701.800634479405
9.750196455178525,14713.62429610287
9.747431834091145,14725.458305322512
9.74467383561992,14737.30267252864
9.741922454539363,14749.15740812384
9.739177685623929,14761.022522522368
9.736439523648173,14772.898026150486
9.733707963386507,14784.783929446252
9.730982999613445,14796.680242859547
9.728264627103485,14808.58697685251
9.725552840631153,14820.504141899122
9.722847634970847,14832.431748485127
9.720149004897124,14844.369807108464
9.717456945184509,14856.31832827907
9.714771450607387,14868.277322518796
9.712092515940327,14880.246800361412
9.709420135957771,14892.226772353155
9.706754305434245,14904.2172490518
9.70409501914429,14916.218241027827
9.701442271862291,14928.229758863068
9.698796058362745,14940.251813151883
9.696156373420223,14952.284414500968
9.693523211809165,14964.327573528411
9.69089656830404,14976.381300865196
9.688276437679406,14988.445607154366
9.685662814709687,15000.520503050619
9.683055694169411,15012.605999221487
9.680455070833048,15024.702106346394
9.677860900983603,15036.808835116894
9.67526689983083,15048.9261962372
9.672653699686364,15061.05420042337
9.670000286175451,15073.192858403836
9.667285644923282,15085.342180919219
9.66448876155512,15097.502178722976
9.661588621696211,15109.672862580357
9.65856421097169,15121.854243269267
9.655394515006932,15134.046331579213
9.65205851942703,15146.249138313146
9.648535209857286,15158.462674285973
9.644803571922921,15170.686950324565
9.640842591249168,15182.921977269078
9.636631253461246,15195.167765971124
9.632148544184403,15207.424327295521
9.627373449043802,15219.691672119005
9.622284953664803,15231.969811331443
9.616862043672484,15244.258755834657
9.611083704692163,15256.55851654287
9.604928922349046,15268.869104383475
9.598385338704247,15281.19053029577
9.591481871102687,15293.52280523214
9.584259725468982,15305.865940156898
9.576760109797405,15318.219946047711
9.569024232082285,15330.584833894085
9.561093300317964,15342.960614698914
9.5530085224988,15355.34729947685
9.544811106619022,15367.744899256191
9.53654226067303,15380.153425077135
9.528243192655168,15392.572887992785
9.519955110559692,15405.003299069273
9.511719222380961,15417.444669384793
9.503576736113331,15429.897010031043
9.495568859751131,15442.360332111919
9.487736801288605,15454.834646743977
9.480121768720124,15467.3199650571
9.472764970040046,15479.816298193868
9.465707613242685,15492.323657309227
9.458990906322342,15504.842053570961
9.452653108003304,15517.371498160579
9.446697447605771,15529.912002271356
9.4411041963956,15542.463577110213
9.435853226573386,15555.026233896646
9.430924410339685,15567.599983863163
9.426297619895252,15580.184838254881
9.421952727440626,15592.780808330408
9.417869605176406,15605.387905360765
9.41402812530329,15618.006140630503
9.41040816002183,15630.635525436617
9.406989581532642,15643.276071089664
9.403752262036406,15655.927788912903
9.400676073733692,15668.590690242518
9.397740888825084,15681.264786427875
9.39492657951132,15693.95008883141
9.39221301799293,15706.64660882933
9.389580076470551,15719.354357809605
9.38700762714484,15732.07334717446
9.384475542216322,15744.803588338476
9.38196367181311,15757.545092730179
9.379450897080574,15770.297871790828
9.37691477221233,15783.061936974875
9.374332755510153,15795.837299749759
9.371682305275542,15808.623971596708
9.36894087981014,15821.421964010087
9.36608593741559,15834.231288496734
9.363094936393509,15847.051956578001
9.359945335045467,15859.883979787752
9.356614591673122,15872.727369672935
9.353080164578088,15885.582137794621
9.34931951206201,15898.448295727
9.345310092426445,15911.325855056833
9.34102936397305,15924.214827385285
9.336454785003411,15937.115224326573
9.331563813819201,15950.027057508109
9.326333908721963,15962.950338570956
9.320742528013426,15975.885079169408
9.314767129995047,15988.831290971671
9.308385184515814,16001.788985658988
9.301589828795287,16014.75817492621
9.29442086380601,16027.738870481822
9.286926739239362,16040.731084047618
9.279155904786705,16053.7348273594
9.27115681013936,16066.750112166304
9.262977904988645,16079.776950230726
9.254667639025882,16092.815353328879
9.246274461942406,16105.865333250833
9.237846823429607,16118.926901800185
9.22943317317872,16132.000070793958
9.221081960881165,16145.084852062959
9.21284163622829,16158.181257452035
9.204760648911332,16171.289298819169
9.196887448621652,16184.408988036523
9.189270485050642,16197.54033698955
9.181958207889608,16210.683357577922
9.174999066829884,16223.838061715205
9.168441511562747,16237.004461328068
9.162333991779647,16250.182568357575
9.156716185206292,16263.372394758158
9.151566637183961,16276.573952498906
9.146837876284906,16289.787253561737
9.14248233524539,16303.01230994326
9.138452446801523,16316.249133653413
9.13470064368957,16329.497736716743
9.131179358645682,16342.758131171047
9.127841024406123,16356.030329068653
9.12463807370709,16369.314342475052
9.121522939284745,16382.610183470537
9.118448053875326,16395.91786414918
9.115365850214971,16409.237396618857
9.112228761039972,16422.568793001934
9.108989219086467,16435.912065434164
9.105599657090707,16449.267226066066
9.102012507788842,16462.634287061792
9.098180203917124,16476.01326059986
9.094055178211732,16489.40415887279
9.089589863408847,16502.806994087376
9.084738393626012,16516.221778464707
9.079487902121542,16529.648524239474
9.073855435998723,16543.087243661277
9.067859124818213,16556.537948993595
9.061517098140683,16570.000652513903
9.05484748552685,16583.475366514664
9.047868416537426,16596.96210330214
9.040598020733142,16610.46087519665
9.033054427674642,16623.97169453332
9.025255766922683,16637.494573661363
9.017220168037923,16651.029524944584
9.008965760581091,16664.576560760812
9.000510674112846,16678.135693502372
8.991873038193944,16691.706935576258
8.983070982385087,16705.290299403274
8.974122636246932,16718.885797419756
8.965046129340209,16732.493442075196
8.955859591225646,16746.113245834393
8.946581151463889,16759.745221177014
8.93722899259241,16773.38938059593
8.927827294005724,16787.045736599757
8.91841166594017,16800.714301711054
8.909019002318246,16814.395088467325
8.899686197062493,16828.08810942043
8.890450144095524,16841.793377136728
8.88134773733988,16855.51090419732
8.872415870718172,16869.240703198204
8.863691438152884,16882.982786750046
8.855211333566729,16896.737167477855
8.84701245088209,16910.503858021206
8.839131684021652,16924.28287103514
8.831605926907969,16938.07421918883
8.82447207346361,16951.877915166348
8.817767017611047,16965.693971666657
8.811527653272961,16979.522401403414
8.805790874371922,16993.363217105205
8.80059357483043,17007.216431515353
8.795972648571052,17021.08205739227
8.79196498951643,17034.960107508767
8.788596221866811,17048.85059465304
8.785843529304927,17062.753531627837
8.783671083238943,17076.668931251206
8.78204305491029,17090.59680635591
8.780923615560226,17104.537169789564
8.780276936430212,17118.490034415143
8.78006718876145,17132.455413110878
8.780258543795426,17146.4333187687
8.780815172773487,17160.42376429692
8.78170124693689,17174.426762618565
8.782880937527068,17188.442326671753
8.784318415785364,17202.470469409218
8.785977852953167,17216.511203799928
8.78782342027175,17230.564542826654
8.789819288982528,17244.630499488198
8.791929630326806,17258.709086798663
8.794118615546012,17272.800317786998
8.796350415881406,17286.904205496892
8.798589202574448,17301.02076298838
8.80079914686641,17315.15000333603
8.802944419998681,17329.291939629828
8.804989193212606,17343.446584975045
8.806897637749529,17357.613952492542
8.808633924850824,17371.794055318274
8.81016222575785,17385.986906603564
8.811446711711923,17400.19251951524
8.812451553954489,17414.41090723529
8.813140923726763,17428.642082961625
8.813478992270205,17442.886059906974
8.81342993082609,17457.142851299912
8.812957910635902,17471.412470384366
8.812027102940846,17485.69493042002
8.810601678982366,17499.99024468184
8.808645810001806,17514.298426460453
8.806123667240527,17528.61948906168
8.802999421939802,17542.953445807303
8.799237245341104,17557.300310035076
8.79480130868572,17571.660095097646
8.789657086538824,17586.03281436341
8.783816647087392,17600.418481216693
8.77735032901623,17614.817109057505
8.770332146382884,17629.228711301686
8.762836113244973,17643.653301380546
8.75493624366004,17658.090892740904
8.746706551685705,17672.541498845705
8.738221051379483,17687.005133173952
8.729553756799064,17701.481809219815
8.72077868200195,17715.971540493923
8.7119698410458,17730.474340522
8.70320124798809,17744.99022284627
8.694546916886452,17759.519201024974
8.686080861798487,17774.0612886315
8.67787709678177,17788.616499255553
8.67000963589389,17803.184846503038
8.662552493192365,17817.76634399583
8.655579682734881,17832.361005371175
8.649165218578986,17846.968844283205
8.64338307774689,17861.58987440121
8.638284790345764,17876.22410941141
8.6338614054184,17890.871563015357
8.630093888410244,17905.53224893094
8.626963204766682,17920.206180892426
8.624450319933302,17934.89337264996
8.622536199355409,17949.593837970104
8.621201808478503,17964.30759063497
8.620428112748044,17979.034644443494
8.62019607760952,17993.77501321059
8.62048666850832,18008.528710767794
8.62128085088996,18023.295750962396
8.622559590199828,18038.076147657976
8.624303851883411,18052.869914734532
8.62649460138617,18067.677066088923
8.629112804153522,18082.497615633318
8.632139425630925,18097.33157729754
8.635555431263882,18112.178965026393
8.639341786497809,18127.03979278225
8.643479456778124,18141.914074543012
8.647938806178246,18156.801824303817
8.652623900786523,18171.70305607614
8.657413229379884,18186.617783887315
8.662185226315842,18201.546021781713
8.666818325951851,18216.487783820623
8.671190962645241,18231.443084080875
8.675181570753622,18246.411936656514
8.678668584634352,18261.394355658333
8.68153043864497,18276.390355213614
8.683645567142804,18291.39994946616
8.684892404485424,18306.423152576444
8.685149385030243,18321.459978721497
8.68429494313473,18336.51044209559
8.682207513156328,18351.5745569092
8.678765529452448,18366.652337389696
8.673847426380647,18381.74379778135
8.667331638298293,18396.84895234524
8.659096599562886,18411.96781535926
8.649020744531867,18427.100401118027
8.63699241969104,18442.24672393288
8.623066011965847,18457.406798132182
8.607433445873482,18472.580638061467
8.590290794030807,18487.768258083204
8.571834129054707,18502.969672576415
8.552259523562,18518.184895936844
8.531763050169573,18533.413942578532
8.5105407814942,18548.656826930976
8.488788790152725,18563.91356344189
8.466703148762093,18579.184166575138
8.444479929939007,18594.46865081245
8.422315206300425,18609.767030652412
8.400405050463107,18625.079320610337
8.378945535043968,18640.40553521922
8.358132732659769,18655.745689028838
8.33816271592741,18671.099796606828
8.31923155746368,18686.467872537112
8.301535329885553,18701.84993142139
8.28527010580973,18717.245987878367
8.270630712930242,18732.656056544554
8.257708512960207,18748.08015207365
8.24641531295228,18763.518289136147
8.236644992195806,18778.97048242003
8.228291429980146,18794.436746631196
8.221248505594602,18809.91709649253
8.21541009832869,18825.41154674422
8.210670087471613,18840.920112144297
8.206922352312802,18856.442807467854
8.204060772141645,18871.979647507753
8.201979226247488,18887.530647074487
8.200571593919705,18903.095820995703
8.199731754447612,18918.675184116728
8.199353587120612,18934.26875130061
8.199330971228065,18949.876537428143
8.199557786059373,18965.498557397066
8.199927910903767,18981.134826123718
8.200335225050807,18996.78535854117
8.200673607789753,19012.450169601132
8.20083693843874,19028.12927427209
8.200744719967204,19043.822687541222
8.200415769800813,19059.530424412522
8.19989296346057,19075.252499908456
8.19921917646748,19090.988929069295
8.19843728434249,19106.73972695262
8.19759016260653,19122.504908634397
8.196720686780623,19138.284489207945
8.195871732385683,19154.07848378529
8.195086174942773,19169.886907495733
8.194406889972768,19185.7097754865
8.193876752996687,19201.547102923087
8.193538639535447,19217.39890498898
8.193435425110053,19233.265196885823
8.193609985241508,19249.145993832914
8.194105195450703,19265.041311067467
8.194963931258641,19280.95116384562
8.196229068186327,19296.875567441086
8.197943481754663,19312.814537145434
8.200150047484684,19328.768088269364
8.202884630057753,19344.7362361404
8.206117762547962,19360.718996105235
8.209784419831564,19376.716383529074
8.213819220535285,19392.728413794553
8.218156783285963,19408.755102302606
8.22273172671035,19424.796464473147
8.227478669435087,19440.852515744304
8.232332230087081,19456.923271571995
8.237227027292988,19473.008747430944
8.242097679679645,19489.10895881413
8.246878805873763,19505.223921232973
8.251505024502165,19521.35365021803
8.255910954191549,19537.498161316675
8.26003121356868,19553.65747009645
8.26380042126037,19569.831592142862
8.267153195893329,19586.020543059563
8.270024156094351,19602.224338469598
8.272347920490205,19618.44299401337
8.2740591077076,19634.67652535116
8.275093821634286,19650.9249481616
8.275432160839188,19667.188278141177
8.275104493371288,19683.466531006186
8.274143934497843,19699.759722490937
8.272583599486182,19716.067868348633
8.270456603603506,19732.390984351525
8.267796062117128,19748.72908629038
8.264635090294163,19765.082189974637
8.261006803402012,19781.450311232868
8.256944316707802,19797.833465912514
8.25248074547892,19814.231669880042
8.247649204982508,19830.64493902042
8.242482810485882,19847.073289237287
8.237014677256326,19863.51673645464
8.231277920560984,19879.975296613793
8.22530565566717,19896.44898567634
8.2191309978422,19912.937819622213
8.2127870623532,19929.441814450416
8.206306964467572,19945.960986179605
8.199723789069921,19962.495350846853
8.193060554342324,19979.04492450908
8.18631570480099,19995.609723241807
8.179484005651773,20012.189763139897
8.17256022210043,20028.785060317703
8.1655391193528,20045.395630908268
8.158415462614684,20062.02149106475
8.15118401709185,20078.66265695846
8.143839547990126,20095.31914478146
8.136376820515252,20111.99097074359
8.12879059987307,20128.678151075197
8.121075651269408,20145.380702025595
8.113226739909962,20162.09863986367
8.105238631000688,20178.83198087775
8.097106089747243,20195.580741375346
8.088823881355523,20212.344937683483
8.080386771031272,20229.12458614955
8.071789523980286,20245.91970313921
8.063026905408407,20262.730305038705
8.05409368052139,20279.556408253437
8.044991007963063,20296.398029208303
8.03575599129573,20313.255184348134
8.026438286249544,20330.12789013788
8.017087561635563,20347.01616306103
8.007753486264988,20363.92001962154
7.998485728948893,20380.839476343404
7.989333958498406,20397.77454976982
7.980347843724687,20414.725256463647
7.971577053438807,20431.69161300832
7.963071256451968,20448.67363600682
7.954880121575229,20465.671342081605
7.947053317619748,20482.684747876043
7.93964051339664,20499.71387005215
7.9326913777170915,20516.758725292628
7.926255579392134,20533.819330300164
7.920382787232924,20550.895701797628
7.91512267005065,20567.98785652763
7.910524896656369,20585.09581125256
7.9066391358612265,20602.219582755497
7.903510614805924,20619.359187839786
7.901119796686487,20636.514643327904
7.899398143009051,20653.68596606338
7.8982759031264465,20670.873172909804
7.89768332639153,20688.076280751142
7.89755066215713,20705.295306491033
7.897808159776133,20722.530267053688
7.8983860686013685,20739.781179383932
7.899214637985651,20757.04806044678
7.90022411728188,20774.330927227315
7.901344755842871,20791.629796731155
7.902506803021453,20808.944685984643
7.903640508170525,20826.275612034115
7.90467612064289,20843.62259194713
7.905543889791389,20860.985642810552
7.90617406496888,20878.364781732667
7.906496895528207,20895.760025842017
7.9064426308222835,20913.171392288023
7.905941520203811,20930.59889824012
7.904924467319162,20948.042560889426
7.90336385883208,20965.502397446224
7.90129769342947,20982.978425142683
7.898769770184089,21000.470661231244
7.895823888168692,21017.979122985093
7.8925038464560515,21035.50382769879
7.888853444118851,21053.04479268634
7.884916480229947,21070.602035283937
7.880736753862067,21088.17557284787
7.876358064087924,21105.76542275576
7.8718242099803035,21123.37160240555
7.86717899061199,21140.99412921656
7.862466205055725,21158.63302062953
7.857729652384322,21176.28829410515
7.853013131670409,21193.95996712557
7.848360441986827,21211.648057194
7.8438153824063335,21229.352581835476
7.839421752001641,21247.07355859463
7.835223349845563,21264.81100503874
7.831263973685083,21282.564938755186
7.827570804493405,21300.33537735284
7.82411292956354,21318.122338461948
7.820846748153244,21335.92583973414
7.817728659520242,21353.745898841575
7.8147150629221045,21371.582533478773
7.811762357616686,21389.43576136067
7.808826942861529,21407.305600224016
7.805865217914487,21425.1920678271
7.802833582033131,21443.095181949026
7.7996884344752715,21461.014960391247
7.796386174498508,21478.95142097577
7.792883201360567,21496.904581546114
7.789135914319246,21514.874459968236
7.785100712632129,21532.861074129192
7.780733995556929,21550.864441937167
7.775992162351372,21568.884581322425
7.770831612273142,21586.921510236865
7.765208744579965,21604.97524665391
7.759079958529526,21623.045808568837
7.752410010705191,21641.133213998346
7.745233053024251,21659.237480981665
7.7376175989350315,21677.35862757873
7.729632407432504,21695.496671871762
7.721346237511426,21713.65163196544
7.7128278481666825,21731.823525985394
7.704145998393187,21750.01237207946
7.695369447185811,21768.218188417417
7.6865669535393835,21786.44099319162
7.677807276448732,21804.68080461533
7.669159174908842,21822.93764092461
7.660691407914527,21841.2115203771
7.652472734460588,21859.50246125314
7.6445719135419665,21877.810481854413
7.6370577041535626,21896.13560050504
7.62999886529019,21914.477835551934
7.623464155946721,21932.837205363117
7.617522335118011,21951.21372832977
7.61224216179896,21969.607422864403
7.607690236313843,21988.018307403046
7.603879414989606,22006.446400402496
7.600766431896091,22024.891720343603
7.598305386500726,22043.354285728037
7.596450378271172,22061.83411508112
7.595155506674885,22080.331226949358
7.594374871179525,22098.84563990313
7.5940625712525645,22117.37737253453
7.594172706361647,22135.926443457854
7.594659375974288,22154.492871310274
7.59547667955799,22173.076674751854
7.596578716580382,22191.677872465276
7.59791958650905,22210.2964831554
7.599453388811412,22228.932525549913
7.601134222955153,22247.586018399204
7.602916188407804,22266.25698047656
7.6047533846368935,22284.94543057803
7.606599911110052,22303.651387522146
7.608409867294711,22322.37487015106
7.6101374040258065,22341.11589732835
7.611747208055107,22359.874487942227
7.6132273016707614,22378.650660902233
7.614568838204548,22397.444435141973
7.615762970988172,22416.255829617392
7.616800853353368,22435.084863307762
7.617673638631928,22453.931555215564
7.618372480155571,22472.795924365542
7.618888531256047,22491.677989806663
7.619212945265133,22510.57777061007
7.61933687551452,22529.49528587071
7.619251475335986,22548.430554706403
7.61894789806135,22567.383596258198
7.618417297022248,22586.354429690233
7.617650825550484,22605.3430741909
7.616639636977808,22624.349548970313
7.615374884635941,22643.373873263372
7.613847721856644,22662.416066327558
7.612049301971709,22681.476147444246
7.6099707783128,22700.554135917613
7.607606997471407,22719.650051076278
7.604971499223353,22738.76391227091
7.602083723620012,22757.89573887734
7.598963112965166,22777.04555029416
7.5956291095628075,22796.213365943226
7.592101155716691,22815.39920527085
7.588398693730724,22834.603087746193
7.584541165908803,22853.82503286309
7.580548014554751,22873.065060137957
7.576438681972533,22892.323189111634
7.572232610465932,22911.599439348898
7.567949242338813,22930.89383043788
7.563608019895128,22950.206381991033
7.559228385438729,22969.537113644394
7.554829781273384,22988.886045057578
7.550431649703128,23008.253195914967
7.546053433031702,23027.638585924447
7.541714573563084,23047.04223481807
7.537434513601042,23066.464162351782
7.533231531147607,23085.904388305436
7.529109028159851,23105.3629324835
7.525060131438664,23124.839814714243
7.521077763338383,23144.335054849966
7.51715484621333,23163.848672767977
7.5132843024178015,23183.3806883687
7.509459054306248,23202.931121577796
7.505672024232865,23222.49999234443
7.501916134552104,23242.087320642917
7.498184307618246,23261.69312647112
7.494469465785642,23281.317429851813
7.490764531408686,23300.960250832526
7.487062426841646,23320.62160948427
7.483356074438845,23340.30152590339
7.479638396554691,23360.000020210427
7.475902315543493,23379.7171125505
7.472140753759589,23399.45282309383
7.468346633557303,23419.207172034592
7.464512877290986,23438.980179591483
7.460632531563888,23458.771866008883
7.456704834809813,23478.582251554915
7.452737959419466,23498.41135652314
7.44874077367156,23518.259201231573
7.444722145844921,23538.12580602324
7.440690944218289,23558.011191265534
7.436656037070463,23577.91537735141
7.432626292680169,23597.838384698935
7.428610579326204,23617.78023374996
7.424617765287408,23637.74094497235
7.420656718842409,23657.720538859176
7.416736308270131,23677.719035927556
7.412865401849203,23697.736456720737
7.409052867858492,23717.772821806084
7.405307574576767,23737.82815177747
7.40163839028277,23757.90246725298
7.3980541832553115,23777.995788875585
7.39456382177309,23798.108137314714
7.391176174114932,23818.23953326425
7.3879001054442455,23838.38999744377
7.38473668161231,23858.55955059838
7.381662351878788,23878.748213497747
7.378648720774251,23898.95600693784
7.375667392829243,23919.182951739924
7.3726899725743635,23939.429068750775
7.369688064540185,23959.69437884255
7.36663327325725,23979.978902912466
7.363497203256202,24000.282661885074
7.36025145906757,24020.60567670851
7.356867645221868,24040.947968357792
7.35331736624974,24061.309557833665
7.349572226681772,24081.690466162105
7.345603831048493,24102.090714395046
7.341383783880488,24122.510323610586
7.336883689708287,24142.949314912003
7.332075153062533,24163.40770942931
7.326929778473811,24183.885528317773
7.321419170472609,24204.382792759126
7.315514933589569,24224.89952396042
7.309193406041132,24245.435743155413
7.302466061163329,24265.991471603767
7.295360178931801,24286.56673059073
7.287903115154464,24307.16154142854
7.280122225639204,24327.775925455106
7.272044866193852,24348.409904034525
7.263698392626367,24369.063498556974
7.255110160744607,24389.736730439603
7.246307526356404,24410.429621125182
7.237317845269729,24431.142192082996
7.228168473292413,24451.874464809243
7.218886766232373,24472.62646082533
7.209500079897481,24493.398201680844
7.200035770095653,24514.189708949965
7.190521192634691,24535.001004234964
7.180983703322525,24555.832109163795
7.171450657967128,24576.683045391554
7.161949412376245,24597.553834599254
7.152507322357849,24618.444498495115
7.143151743719784,24639.355058814413
7.133910032270023,24660.28553731812
7.124809543816326,24681.23595579503
7.115877634166694,24702.20633606006
7.107141659128871,24723.19669995533
7.098628974510845,24744.207069349668
7.090366936120546,24765.237466139188
7.082382899765761,24786.287912246076
7.07470422125445,24807.358429620752
7.067358256394442,24828.44904023979
7.0603723609936395,24849.559766107366
7.053773890859972,24870.690629253877
7.047590201801242,24891.841651737934
7.041848649625408,24913.012855644607
7.036576590140328,24934.204263086907
7.03180137915389,24955.415896204202
7.027550372473925,24976.647777163696
7.023850925908491,24997.89992815973
7.020730395265289,25019.172371414203
7.018215943150281,25040.465129176762
7.016308058429445,25061.778223723253
7.01495355060888,25083.111677358247
7.014092791783966,25104.465512413295
7.013666154049986,25125.83975124749
7.013614009502206,25147.23441624753
7.013876730235964,25168.64952982791
7.01439468834657,25190.085114430964
7.015108255929249,25211.54119252602
7.015957805079324,25233.017786610675
7.01688370789212,25254.514919210666
7.01782633646296,25276.03261287829
7.018726062887083,25297.570890195308
7.019523259259813,25319.129773769935
7.020158297676403,25340.709286239213
7.020571550232248,25362.30945026761
7.020703389022572,25383.93028854832
7.020494186142642,25405.57182380203
7.0198843136878395,25427.23407877716
7.018814143753389,25448.917076250782
7.017238735148922,25470.620839028295
7.015180133046428,25492.345389942948
7.0126794700398705,25514.090751856576
7.009777880124929,25535.856947658198
7.006516497297241,25557.644000266413
7.002936455552543,25579.45193262817
6.999078888886444,25601.280767717522
6.994984931294653,25623.130528538422
6.990695716772848,25645.001238121993
6.9862523793166105,25666.892919529142
6.981696052921706,25688.805595848233
6.97706787158377,25710.739290196558
6.972408969298485,25732.694025720768
6.967760480061486,25754.66982559471
6.963163537868482,25776.666713022572
6.958659276715167,25798.684711235815
6.954288830597122,25820.723843495405
6.9500933335100825,25842.784133090936
6.946113919449687,25864.865603341044
6.942387396889387,25886.96827759344
6.938901869983923,25909.092179224404
6.935614755021589,25931.237331638808
6.9324829888259245,25953.40375827146
6.9294635082205644,25975.591482585485
6.9265132500291315,25997.800528073465
6.92358915107512,26020.030918257107
6.920648148182252,26042.282676686737
6.9176471781740645,26064.555826942997
6.914543177874165,26086.85039263467
6.911293084106191,26109.166397400568
6.90785383369365,26131.503864908267
6.9041823634602935,26153.862818855097
6.900235610229572,26176.243282967785
6.895970510825165,26198.645281002136
6.8913440020706815,26221.068836744005
6.8863130207897285,26243.51397400803
6.880834503805829,26265.980716639533
6.874865387942663,26288.469088512706
6.868363761448492,26310.979113530826
6.861333903122045,26333.510815627797
6.853840934911943,26356.06421876743
6.845954130626481,26378.639346942204
6.837742764074051,26401.236224175704
6.829276109062931,26423.854874519875
6.82062343940153,26446.495322058057
6.811854028898182,26469.157590902396
6.803037151361224,26491.84170519614
6.794242080599005,26514.54768911086
6.785538090419948,26537.27556685007
6.776994454632302,26560.02536264643
6.768680447044446,26582.797100762375
6.76066534146473,26605.59080549127
6.753018411701532,26628.406501156507
6.745808931563161,26651.24421211137
6.739106174858023,26674.103962740017
6.732979415394411,26696.98577745656
6.727497926980703,26719.889680705324
6.722730954398585,26742.815696961432
6.718720727844413,26765.763850730855
6.7154324049901675,26788.73416654876
6.712817488483566,26811.72666898256
6.71082748097237,26834.741382628752
6.70941388510424,26857.778332115427
6.708528203527052,26880.837542100966
6.70812193888834,26903.91903727466
6.708146593835991,26927.02284235638
6.7085536710176825,26950.1489820966
6.7092946730811605,26973.297481277616
6.7103211026740865,26996.468364711443
6.711584462444293,27019.66165724143
6.713036255039441,27042.87738374208
6.714627983107292,27066.11556911892
6.716311149295564,27089.376238308527
6.718037256252003,27112.6594162784
6.7197578066243295,27135.965128026786
6.721424303060289,27159.29339858409
6.7229882482075425,27182.644253011556
6.724406440429931,27206.017716401315
6.7256709054146455,27229.413813877207
6.726788047461966,27252.832570594033
6.7277643134150225,27276.274011738777
6.72860615011696,27299.738162528694
6.729320004410823,27323.22504821429
6.7299123231398,27346.73469407526
6.730389553147006,27370.26712542501
6.730758141275601,27393.822367607198
6.731024534368629,27417.40044599813
6.73119517926925,27441.001386004442
6.7312765228206075,27464.62521306608
6.731275011865762,27488.271952654188
6.731197093247928,27511.941630271172
6.7310492138101665,27535.634271452283
6.730837820395607,27559.34990176353
6.730569359847408,27583.088546804247
6.730250279008644,27606.85023220441
6.729887024722487,27630.634983627624
6.729486043831983,27654.442826767623
6.729053783180362,27678.273787352053
6.728596689610669,27702.127891139957
6.728121209966048,27726.005163922804
6.727633791089644,27749.905631523754
6.727140879824546,27773.829319798868
6.7266489230139115,27797.776254636974
6.726164367500843,27821.7464619589
6.725693660128442,27845.73996771676
6.72524324773984,27869.756797896924
6.724819577178252,27893.796978517323
6.724429095286666,27917.86053562967
6.724078248908242,27941.947495316308
6.723773484886166,27966.057883693866
6.723521250063527,27990.191726910885
6.723327991283412,28014.349051149467
6.723200155389051,28038.529882623337
6.723144189223447,28062.73424758027
6.723166539629744,28086.96217230034
6.723273578625964,28111.213683096372
6.723464295855493,28135.48880631498
6.723724164425789,28159.78756833482
6.724037213257802,28184.109995568626
6.724387471272706,28208.456114461263
6.724758967391423,28232.825951491366
6.725135730535044,28257.21953317059
6.725501789624602,28281.63688604427
6.725841173581131,28306.07803669043
6.726137911325651,28330.54301172127
6.7263760317792105,28355.03183778118
6.726539563862801,28379.5445415488
6.726612536497527,28404.08114973688
6.726578978604408,28428.641689090095
6.726422919104422,28453.226186388114
6.726128386918646,28477.834668443844
6.725679410968169,28502.46716210306
6.72506002017397,28527.12369424648
6.72425424345704,28551.80429178798
6.723246109738483,28576.508981675473
6.722023655535111,28601.237790890726
6.720591397764963,28625.990746448813
6.718958089091444,28650.767875399386
6.717132482181043,28675.5692048267
6.715123329700333,28700.394761847452
6.712939384315803,28725.244573613643
6.710589398694083,28750.118667311443
6.708082125501704,28775.01707015997
6.70542631740517,28799.93980941465
6.702630727071082,28824.88691236354
6.699704107165971,28849.858406329266
6.696655210356369,28874.854318669833
6.693492789308891,28899.87467677606
6.690225596689984,28924.91950807447
6.686862385166293,28949.988840026304
6.683411907404292,28975.082700126582
6.679882916070611,29000.201115904933
6.67628416383171,29025.344114926265
6.672624403354206,29050.511724789812
6.6689123873046015,29075.703973129144
6.665156868349527,29100.920887614102
6.661366599155443,29126.162495947938
6.657550332388965,29151.428825869643
6.653716820716582,29176.719905152135
6.649874816804882,29202.035761604577
6.64603307332041,29227.37642307057
6.642200342929726,29252.741917429026
6.638385378299361,29278.132272593597
6.634596932095889,29303.547516513547
6.630843756985811,29328.98767717339
6.627134605635732,29354.45278259316
6.623478230712152,29379.94286082697
6.619883384881689,29405.45793996643
6.616358820810802,29430.998048136287
6.612913291166123,29456.563213498892
6.609555548614125,29482.153464250656
6.606294345821468,29507.768828623804
6.6031384354546105,29533.40933488704
6.600096570180085,29559.075011344125
6.597177502664522,29584.76588633457
6.59438998557448,29610.481988234307
6.591742771576406,29636.22334545342
6.589244613336945,29661.989986439785
6.58690426352257,29687.781939676574
6.584730474799869,29713.599233682544
6.582731999835431,29739.441897012694
6.58091759129573,29765.309958258324
6.579296001847325,29791.203446047082
6.577875984156847,29817.122389042182
6.576666290890813,29843.066815943494
6.57567567471574,29869.03675548654
6.574912888298172,29895.03223644447
6.5743866843046845,29921.053287625742
6.574105815401808,29947.09993787549
6.57407903425613,29973.17221607554
6.574315093534125,29999.27015114384
6.574822745902452,30025.393772035994
6.575610707056967,30051.54310774276
6.57667070856759,30077.718187292452
6.577950619349522,30103.919039750115
6.579391322352606,30130.145694217394
6.5809337005266855,30156.398179833413
6.582518636821561,30182.676525773135
6.584087014187105,30208.98076124868
6.585579715573132,30235.310915510032
6.586937623929444,30261.667017843585
6.58810162220594,30288.04909757284
6.589012593352422,30314.457184058454
6.589611420318732,30340.891306698286
6.589838986054687,30367.351494928116
6.589636173510129,30393.837778220382
6.588943865634931,30420.350186084233
6.587702945378851,30446.88874806754
6.58585429569176,30473.4534937552
6.58333879952356,30500.04445276921
6.580097339824022,30526.661654769778
6.576070799542947,30553.305129453875
6.57121545868209,30579.974906557236
6.565579583585162,30606.671015852447
6.55924545450857,30633.393487150548
6.552295406408248,30660.14235029952
6.544811774240088,30686.91763518612
6.536876892960024,30713.719371734605
6.528573097523989,30740.54758990722
6.519982722887903,30767.40231970491
6.511188104007687,30794.28359116564
6.502271575839245,30821.19143436573
6.493315473338541,30848.12587942081
6.484402131461451,30875.08695648367
6.4756138851639236,30902.074695745192
6.46703306940185,30929.089127436157
6.45874201913125,30956.130281824233
6.45082306930793,30983.19818921578
6.443358554887851,31010.292879956774
6.43643081082692,31037.414384430245
6.430122172081127,31064.562733058723
6.4245114311940625,31091.737956304318
6.419621507971087,31118.94008466545
6.415430795697745,31146.169148681318
6.411916451206849,31173.425178929538
6.409055631331086,31200.708206026626
6.406825492903366,31228.01826062738
6.405203192756389,31255.355373426966
6.404165887722968,31282.719575158037
6.403690734635887,31310.110896593495
6.4037548903279315,31337.529368545187
6.404335511631842,31364.975021863975
6.405409755380447,31392.447887439557
6.4069547784065435,31419.947996202307
6.408947737542846,31447.475379121333
6.411365789622209,31475.030067204294
6.414186091477362,31502.61209149925
6.417385799941144,31530.22148309382
6.420942071846284,31557.858273115467
6.424832064025608,31585.52249273065
6.429032790171249,31613.214173146232
6.433510711193591,31640.93334560796
6.4382146889228835,31668.680041401854
6.443091916170488,31696.454291854752
6.448089585747766,31724.256128332527
6.453154890466081,31752.08558224038
6.458235023136822,31779.94268502471
6.46327717657131,31807.827468172025
6.468228543580963,31835.739963208332
6.473036316977172,31863.68020169987
6.477647689571214,31891.648215254296
6.4820098541745494,31919.644035518242
6.486070003598485,31947.667694179436
6.489775330654453,31975.719222966047
6.493073028153745,32003.798653646303
6.495910288907808,32031.90601802947
6.4982343057279195,32060.041347965645
6.499992271425569,32088.204675344947
6.5011313788120475,32116.396032098448
6.501598820970486,32144.615450198253
6.501359992455249,32172.862961657083
6.5004477869815105,32201.138598529265
6.498910741766323,32229.442392908953
6.496797394026686,32257.774376932008
6.494156280979652,32286.134582774914
6.491035939842149,32314.523042656223
6.487484907831245,32342.939788834756
6.483551722163952,32371.384853610827
6.479284920057225,32399.858269326298
6.474733038728132,32428.3600683644
6.469944615393686,32456.890283149558
6.46496818727087,32485.4489461477
6.459852291576709,32514.036089866513
6.4546454655281735,32542.651746855307
6.4493962463423316,32571.29594970458
6.444153171236167,32599.96873104703
6.438964777426705,32628.67012355735
6.433879602130929,32657.400159950692
6.4289461825658805,32686.158872986656
6.424208504466961,32714.94629546424
6.419670197556002,32743.762460225633
6.415313794046909,32772.60740015462
6.411121642063449,32801.48114817852
6.407076089729401,32830.38373726475
6.40315948516843,32859.31520042485
6.39935417650436,32888.27557071079
6.395642511860842,32917.26488121904
6.392006839361727,32946.28316508683
6.3884295071306525,32975.33045549438
6.384892863291441,33004.406785665145
6.381379255967801,33033.51218886379
6.377871033283441,33062.64669839929
6.374350543362169,33091.8103476217
6.3708001343276806,33121.00316992529
6.367202154303726,33150.22519874646
6.363538951414043,33179.476467564535
6.3597928737824105,33208.757009901805
6.355946269532552,33238.06685932359
6.351982146721085,33267.406049439
6.3479016327654705,33296.77461389914
6.343725776577827,33326.17258639902
6.339476648446208,33355.60000067717
6.33517631865864,33385.0568905145
6.330846857503104,33414.5432897358
6.326510335267685,33444.05923221001
6.3221888222403635,33473.60475184915
6.317904388709209,33503.17988260807
6.3136791049621195,33532.784658485994
6.30953504128729,33562.419113525844
6.305494267972563,33592.08328181407
6.301578855306133,33621.777197481184
6.297810873575884,33651.500894701116
6.294212393069927,33681.254407692446
6.290805484076174,33711.03777071732
6.287612216882806,33740.85101808215
6.2846546617776795,33770.69418413728
6.2819548890489045,33800.56730327702
6.279534937532404,33830.47040994062
6.277408460712408,33860.403538611456
6.275569479849764,33890.36672381701
6.274009210570227,33920.36000012901
6.27271886849968,33950.383402163905
6.271689669263694,33980.43696458371
6.2709128284881075,34010.52072209407
6.270379561798663,34040.63470944442
6.270081084821172,34070.7789614306
6.270008613181247,34100.95351289306
6.270153362504743,34131.15839871665
6.270506548417345,34161.393653830695
6.271059386544891,34191.65931321049
6.2718030925130535,34221.95541187617
6.272728881947586,34252.2819848928
6.2738279704742865,34282.639067370605
6.275091573718882,34313.02669446536
6.276510907307127,34343.44490137792
6.278077186864721,34373.89372335479
6.2797816280174885,34404.37319568744
6.281610553304944,34434.88335371385
6.283523987690884,34465.42423281637
6.285473159739382,34495.995868423975
6.287409291757882,34526.598296010656
6.289283606053772,34557.231551097386
6.291047324934425,34587.89566924903
6.292651670707286,34618.59068607762
6.294047865679687,34649.31663724163
6.295187132159128,34680.07355844486
6.296020692452927,34710.86148543673
6.296499768868529,34741.680454013556
6.296575583713292,34772.530500018656
6.29619935929469,34803.41165933967
6.295322317920068,34834.32396791234
6.293895681896842,34865.26746171762
6.2918706735324434,34896.24217678444
6.289198515134245,34927.24814918708
6.28583042900965,34958.28541504617
6.281717637466031,34989.35401053083
6.27681651844776,35020.45397185467
6.271154443136851,35051.58533528015
6.264810449333268,35082.74813711538
6.25786474237853,35113.94241371517
6.250397527614169,35145.16820148314
6.242489010381647,35176.42553686774
6.234219396022411,35207.7144563666
6.225668889878008,35239.03499652358
6.216917697289929,35270.387193929084
6.20804602359965,35301.771085222645
6.199134074148603,35333.18670708998
6.190262054278364,35364.63409626482
6.181510169330366,35396.11328952868
6.172958624646128,35427.62432370924
6.164687625567126,35459.1672356839
6.1567773774348495,35490.7420623768
6.149308085590761,35522.34884076019
6.142359955376364,35553.98760785347
6.1360131921332055,35585.658400725035
6.130347311147702,35617.36125649054
6.125402485525271,35649.09621231506
6.121159064502407,35680.863305410545
6.117592384012013,35712.662573036716
6.11467777998709,35744.49405250362
6.112390588360569,35776.3577811682
6.110706145065407,35808.25379643505
6.109599786034522,35840.18213576038
6.1090468472008865,35872.14283664566
6.109022664497488,35904.13593664359
6.109502573857213,35936.16147335304
6.110461911213051,35968.219484424226
6.111876012497973,36000.31000755422
6.113720213644854,36032.43308049079
6.115969850586708,36064.58874102868
6.118600259256482,36096.7770270143
6.121586775587133,36128.99797634035
6.124904735511564,36161.251626950834
6.128529474962747,36193.53801683877
6.132436329208801,36225.85718404525
6.1365969211896925,36258.20916666236
6.140970452044684,36290.594002830636
6.145513527798883,36323.011730740705
6.1501827544774414,36355.46238863285
6.1549347381054815,36387.94601479704
6.15972608470814,36420.46264757202
6.164513400310568,36453.01232534819
6.1692532909378315,36485.595086564565
6.173902362615124,36518.2109697107
6.17841722136761,36550.86001332621
6.182754473220328,36583.54225600006
6.186870724198442,36616.25773637273
6.190722580327105,36649.00649313369
6.194266647631451,36681.78856502405
6.197459532136605,36714.60399083432
6.200257839867646,36747.45280940654
6.202618176849768,36780.33505963122
6.204497149108093,36813.25078045242
6.205851362667744,36846.20001086253
6.206641842323492,36879.18278990551
6.2068645737384855,36912.19915667752
6.206532161157682,36945.249150323514
6.205657309842806,36978.33281004001
6.204252725055753,37011.450175075624
6.202331112058246,37044.601284729084
6.19990517611204,37077.7861783514
6.196987622479,37111.00489534355
6.193591156420908,37144.25747515841
6.189728483199502,37177.543957300826
6.1854123080766925,37210.86438132691
6.180655336314132,37244.218786843805
6.175470273173687,37277.60721351088
6.169869823917125,37311.029701038686
6.163866693806284,37344.48628919066
6.157473588102931,37377.97701778079
6.150703212068848,37411.50192667609
6.143568270965773,37445.06105579533
6.136081470055643,37478.654445108885
6.128256373953846,37512.28213463981
6.120126486041585,37545.94416446344
6.111745345406007,37579.64057470664
6.103167369876445,37613.371405549995
6.094446977282161,37647.136697226066
6.085638585452486,37680.93649001916
6.0767966122166115,37714.77082426727
6.067975475403841,37748.639740360304
6.059229592843465,37782.543278741774
6.050613382364773,37816.48147990748
6.042181261796969,37850.45438440673
6.033987648969401,37884.4620328402
6.026086961711286,37918.50446586435
6.018533617851972,37952.58172418585
6.011382035220663,37986.693848567025
6.004686631646692,38020.8408798227
5.9985018249592486,38055.02285882002
5.99288203298768,38089.239826481484
5.987881673561262,38123.49182378124
5.983554994642333,38157.778891748945
5.979927078801083,38192.10107146663
5.976961015059388,38226.45840406979
5.974611961542948,38260.85093074969
5.97283507637772,38295.27869274963
5.971585517689533,38329.74173136716
5.970818443604145,38364.24008795476
5.970489012247441,38398.77380391905
5.970552381745321,38433.34292071954
5.970963710223543,38467.94747987223
5.971678155807965,38502.58752294451
5.972650876624471,38537.26309156181
5.973837030798862,38571.97422740135
5.975191776456967,38606.7209721961
5.976670271724643,38641.503367733436
5.978227674727762,38676.32145585611
5.979819143592124,38711.175278460585
5.981399836443529,38746.06487749997
5.98292491140792,38780.990294980154
5.984349526611041,38815.95157296381
5.985635152302805,38850.94875356904
5.986773813578608,38885.98187896813
5.987766768341132,38921.050991388685
5.988615276454425,38956.15613311456
5.98932059778285,38991.29734648429
5.989883992190613,39026.47467389308
5.990306719541849,39061.68815779042
5.9905900397007485,39096.937840682374
5.990735212531689,39132.22376513024
5.9907434978987055,39167.54597375293
5.990616155666132,39202.90450922278
5.9903544456980455,39238.29941427045
5.989959627858809,39273.73073168049
5.989432962012572,39309.19850429591
5.988775708023468,39344.70277501464
5.9879891257558455,39380.243586791796
5.987074475073825,39415.82098263759
5.986033015841642,39451.43500562101
5.984866007923529,39487.08569886514
5.983574845796241,39522.77310555176
5.982162552332468,39558.497268918836
5.980633231955167,39594.25823226041
5.978991008557372,39630.056038928844
5.977240006031849,39665.89073233244
5.975384348271504,39701.76235593744
5.973428159169288,39737.67095326589
5.97137556261805,39773.616567899095
5.969230682510684,39809.59924347402
5.966997642740083,39845.61902368649
5.964680567199167,39881.67595228847
5.96228357978076,39917.77007309007
5.959810804377852,39953.901429960526
5.9572663648832815,39990.07006682404
5.954654385189926,40026.276027665204
5.951978989190664,40062.51935652486
5.949244300778446,40098.80009750302
5.9464544438461076,40135.11829475752
5.943613542286613,40171.473992503554
5.94072571999277,40207.867235016
5.937795100857571,40244.29806662669
5.934825808773766,40280.766531727335
5.931821967634406,40317.272674767024
5.92878770133224,40353.81654025434
5.925727133760262,40390.39817275513
5.922644388811307,40427.01761689603
5.919543590378282,40463.67491736055
5.916428862354124,40500.370118893734
5.913304328631654,40537.103266296515
5.910174113103807,40573.87440443068
5.907042339663448,40610.68357821809
5.903913132203485,40647.530832637894
5.900790614616852,40684.416212730066
5.897678910796344,40721.33976359346
5.894582144634967,40758.30153038652
5.891504440025528,40795.30155832787
5.888449920860907,40832.33989269503
5.8854227110340815,40869.416578825614
5.882426934437845,40906.53166211772
5.879466714965204,40943.68518802883
5.876546176508967,40980.87720207684
5.8736694429620115,41018.10774983919
5.870840638217288,41055.376876953866
5.868063886167647,41092.68462911979
5.865343310706066,41130.031052096
5.862683035725311,41167.41619170147
5.860087185118346,41204.84009381607
5.857559882778048,41242.302804381216
5.8551052525972835,41279.804369397076
5.8527274184690015,41317.34483492788
5.850430504286081,41354.92424709501
5.8482186339414,41392.542652083524
5.84609593132781,41430.20009613904
5.844066520338288,41467.89662556805
5.842134524865628,41505.632286738706
5.840304068802766,41543.40712607992
5.838579276042651,41581.221190082695
5.8369642704780915,41619.07452529931
5.835463431277333,41656.96717834458
5.834082945120187,41694.89919589362
5.8328297788573025,41732.87062468424
5.83171090242125,41770.88151151621
5.830733285744486,41808.93190325069
5.829903898759611,41847.021846811884
5.829229711399009,41885.151389184975
5.828717693595223,41923.32057741923
5.8283748152807675,41961.52945862482
5.8282080463880845,41999.77807997466
5.828224356849773,42038.06648870396
5.8284307165982625,42076.394732111745
5.828834095566066,42114.762857558904
5.829441463685683,42153.17091246886
5.830259790889642,42191.61894432886
5.831296047110385,42230.10700068888
5.832557202280469,42268.63512916077
5.834050226332366,42307.203377421116
5.835782089198631,42345.81179321009
5.837758897258908,42384.46042432973
5.839969635700811,42423.14931864617
5.84238756538484,42461.878524089996
5.844985363626449,42500.648088653965
5.847735707740952,42539.4580603958
5.850611275043846,42578.308487436145
5.853584742850401,42617.199417960495
5.856628788476087,42656.13090021777
5.8597160892362865,42695.10298252074
5.862819322446327,42734.11571324695
5.865911165421693,42773.169140838305
5.868964295477724,42812.26331380108
5.871951389929791,42851.398280706075
5.874845126093362,42890.57409018774
5.877618181283722,42929.790790946776
5.880243232816369,42969.0484317468
5.882692958006601,43008.34706141876
5.884940034169887,43047.68672885552
5.886957138621582,43087.067483018065
5.888716948677029,43126.48937293069
5.890192141651681,43165.952447683594
5.891355394860952,43205.45675643197
5.892179385620167,43245.002348396185
5.89263679124474,43284.589272862744
5.892700289050083,43324.217579184704
5.892342556351565,43363.88731677842
5.891536270464613,43403.59853512788
5.890254108704511,43443.3512837821
5.888468748386785,43483.145612357344
5.886152866826762,43522.981570535674
5.883279141339827,43562.859208062895
5.879820249241362,43602.778574754826
5.8757488678468235,43642.739720491234
5.871037674471509,43682.742695219604
5.865659346430931,43722.78754895279
5.859586561040331,43762.87433177219
5.8527919956151635,43803.003093823856
5.845248327470884,43843.17388532224
5.836928233922805,43883.38675654881
5.82783031746888,43923.641757850564
5.81806630000996,43963.93893964323
5.807778747968484,44004.27835240919
5.797110228454983,44044.66004669916
5.786203308579786,44085.08407313007
5.7752005554533525,44125.550482386134
5.764244536186126,44166.05932522078
5.753477817888566,44206.61065245428
5.743042967671087,44247.20451497511
5.733082552644163,44287.84096373907
5.723739139918209,44328.52004977036
5.715155296603626,44369.24182416229
5.707473589810888,44410.00633807518
5.700836586650453,44450.81364273835
5.69538685423268,44491.663789448976
5.691266959668127,44532.556829573725
5.688619470067081,44573.49281454702
5.68758695254013,44614.47179587329
5.688311974197603,44655.49382512396
5.690917498854091,44696.55895394068
5.695317053198849,44737.667234035456
5.7012973179873825,44778.81871718597
5.708643202375285,44820.013455242995
5.717139615518008,44861.2515001235
5.726571466570988,44902.53290381585
5.73672366468972,44943.8577183783
5.74738111902964,44985.22599593657
5.758328738746329,45026.63778868901
5.7693514329951086,45068.093148901025
5.780234110931531,45109.592128910204
5.790761681711089,45151.134781123306
5.800719054489207,45192.72115801789
5.809891138421364,45234.35131214025
5.818062842663053,45276.02529610896
5.825019076369728,45317.743162612176
5.830544748696909,45359.50496440896
5.834424768799991,45401.31075432812
5.8364440458345115,45443.160585270576
5.836391794104372,45485.05451020817
5.834215605012503,45526.99258218278
5.830063755010883,45568.97485430742
5.824097436252984,45611.00137976731
5.816477840892247,45653.07221181901
5.807366161082243,45695.18740378856
5.7969235889763695,45737.34700907679
5.785311316728169,45779.55108115294
5.772690536491041,45821.799673560294
5.759222440418569,45864.092839912664
5.745068220664166,45906.430633896176
5.73038906938136,45948.813109269664
5.7153461787236495,45991.240319863515
5.700100740844448,46033.712319580685
5.684813947897283,46076.22916239623
5.669646992035609,46118.79090235735
5.654761065412941,46161.397593584516
5.640317360182749,46204.0492902709
5.626477068498531,46246.746046683154
5.613401326435991,46289.48791715854
5.601213642985982,46332.27495610967
5.589934670172582,46375.10721802063
5.579567644537391,46417.98475745107
5.570115802622041,46460.90762903135
5.5615823809681615,46503.87588746628
5.553970616117454,46546.88958753456
5.547283744611406,46589.94878408959
5.541525002991847,46633.0535320552
5.536697627800251,46676.20388643345
5.532804855578291,46719.39990229643
5.5298499228676405,46762.6416347933
5.527836066209929,46805.929139145126
5.52676652214673,46849.26247065065
5.52664452721973,46892.64168467836
5.527473317970561,46936.06683667465
5.529256130940851,46979.53798216056
5.531996202672204,47023.05517672989
5.535696769706291,47066.61847605334
5.54036106858473,47110.22793587492
5.5459805992138484,47153.883612015066
5.552472311666122,47197.58556036911
5.55972398030579,47241.33383690734
5.567623311714414,47285.128497675505
5.57605801247351,47328.969598794545
5.584915789164725,47372.85719646274
5.59408434836952,47416.79134695212
5.603451396669527,47460.77210661092
5.6129046406462635,47504.799531864715
5.622331786881304,47548.87367921383
5.6316205419562095,47592.99460523617
5.640658612452526,47637.1623665846
5.649333704951829,47681.377019988075
5.657533526035692,47725.63862225382
5.665145782285606,47769.94723026468
5.672058180283244,47814.302900981325
5.678158426610068,47858.70569143858
5.683334227847666,47903.15565875099
5.687473290577628,47947.65286010988
5.690469010137406,47992.19735278281
5.692312072132225,48036.78919411532
5.69307481346425,48081.42844152943
5.6928321018561405,48126.11515252676
5.6916588050305705,48170.84938468492
5.689629790710171,48215.63119565932
5.686819926617687,48260.460643185004
5.683304080475722,48305.3377850723
5.679157120006948,48350.26267921277
5.674453912934069,48395.23538357317
5.66926932697973,48440.25595620137
5.6636782298666475,48485.32445522168
5.657755489317367,48530.44093883839
5.65157597305469,48575.60546533383
5.645214548801249,48620.81809306918
5.6387460842796315,48666.078880484594
5.632245447212611,48711.387886099976
5.625787505322791,48756.745168513735
5.6194471263328865,48802.1507864036
5.613298878718268,48847.604798526736
5.607391388824368,48893.10726372018
5.601727649615071,48938.65824090066
5.596306018322849,48984.25778906397
5.591124852180201,49029.90596728722
5.5861825084196255,49075.602834725425
5.581477344273651,49121.34845061514
5.577007716974691,49167.14287427424
5.5727719837553735,49212.98616509852
5.5687685018480835,49258.878382566356
5.564995628485363,49304.819586235004
5.561451720899669,49350.809835743145
5.558135136323571,49396.84919081206
5.555044231989527,49442.93771124053
5.552177365130007,49489.075456910825
5.549532892977567,49535.26248778649
5.5471091727646495,49581.498863912006
5.544904561723783,49627.78464541193
5.542917417087452,49674.11989249484
5.5411460960880135,49720.50466544927
5.539588141139788,49766.93902464554
5.538237888813612,49813.42303053734
5.537088887358351,49859.95674365865
5.536134685023001,49906.54022462705
5.535368830056413,49953.17353414172
5.534784870707583,49999.8567329846
5.5343763552253336,50046.589882020184
5.534136831858689,50093.373042194595
5.5340598488564865,50140.20627453779
5.5341389544676645,50187.089640163715
5.534367696941189,50234.02320026723
5.534739624525926,50281.00701612634
5.5352482854708,50328.04114910379
5.535887228024762,50375.125660646416
5.536650000436708,50422.26061228175
5.537530150955561,50469.446065623124
5.538521227830245,50516.682082366584
5.539616779309682,50563.96872429422
5.54081035364284,50611.30605326857
5.542093726363149,50658.694131239215
5.543441870148541,50706.13302023892
5.544820487020843,50753.6227823856
5.546195181850365,50801.16347988024
5.54753155950732,50848.755175009566
5.548795224861962,50896.397930145475
5.549951782784532,50944.09180774365
5.550966838145243,50991.83687034557
5.551805995814405,51039.633180577504
5.552434860662231,51087.48080115136
5.552819037559004,51135.37979486448
5.55292413137488,51183.330224598285
5.552715746980212,51231.332153323514
5.552159489245184,51279.38564409198
5.551220963040066,51327.490760044675
5.549865773235126,51375.64756440757
5.548059524700548,51423.85612049282
5.545767822306644,51472.11649170034
5.5429562709236535,51520.428741513955
5.539592175340772,51568.792933505116
5.5356945360204435,51617.20913133273
5.531342199393322,51665.677398741806
5.526617352827969,51714.19779956501
5.521602183692806,51762.77039771992
5.5163788793564095,51811.39525721462
5.511029627187284,51860.07244214199
5.5056366145539215,51908.80201668382
5.50028202882487,51957.5840451088
5.495048057368649,52006.41859177298
5.490016887553708,52055.30572112102
5.485270706748651,52104.2454976863
5.480891702321884,52153.23798608888
5.476962061642027,52202.28325103633
5.473563972077528,52251.3813573272
5.470779620996922,52300.53236984782
5.46869119576877,52349.73635357133
5.467380883761493,52398.99337356116
5.466930872343667,52448.303494969645
5.467423210657387,52497.6667830378
5.4688904056026075,52547.083303096966
5.471242295072329,52596.55312056593
5.474370059426889,52646.07630095367
5.4781648790268065,52695.65290985914
5.4825179342324475,52745.2830129714
5.487320405404205,52794.96667606822
5.492463472902585,52844.70396501738
5.497838317087982,52894.49494577828
5.503336118320831,52944.3396843987
5.508848056961526,52994.23824701944
5.5142653133705295,53044.19069986847
5.5194790679082075,53094.197109266286
5.524380500935067,53144.257541624946
5.528860792811486,53194.37206344518
5.532811123897886,53244.54074132107
5.536122674554733,53294.76364193675
5.53868662514239,53345.04083206734
5.540394156021364,53395.372378580956
5.541136447552006,53445.75834843505
5.540829242162005,53496.198808681496
5.539528508426088,53546.69382646141
5.537339899704904,53597.2434690102
5.534369127581982,53647.84780365432
5.530721903640753,53698.50689781329
5.52650393946476,53749.2208189964
5.521820946637362,53799.98963480974
5.516778636742188,53850.81341294943
5.511482721362611,53901.69222120407
5.50603891208209,53952.62612745758
5.500552920484182,54003.61519968431
5.495130458152289,54054.65950595461
5.489877236669884,54105.7591144299
5.484898967620552,54156.914093366744
5.480301362587653,54208.124511113456
5.476190133154603,54259.390436114896
5.472670990905087,54310.711936908745
5.469849647422407,54362.08908212565
5.4678318142901645,54413.521940491686
5.466716949574646,54465.01058082733
5.466511516817846,54516.55507204721
5.467150685962324,54568.155483161056
5.468567809920003,54619.81188327301
5.470696241602923,54671.52434158221
5.473469333923006,54723.29292738329
5.476820439792306,54775.11771006615
5.480682912122745,54826.99875911568
5.48499010382632,54878.93614411196
5.489675367815053,54930.9299347319
5.494672057000841,54982.98020074826
5.499913524295749,55035.08701202742
5.505333122611688,55087.25043853502
5.510864204860681,55139.47055033138
5.516440123954723,55191.74741757287
5.521994232805753,55244.081110513966
5.527459884325808,55296.47169950426
5.532770431426826,55348.919254989814
5.537859227020789,55401.42384751644
5.542659855002626,55453.98554772352
5.547121099252124,55506.60442635088
5.551216108874911,55559.280554233424
5.554920225934708,55612.0140023052
5.5582087924954635,55664.80484159718
5.561057150621011,55717.65314323822
5.563440642375241,55770.55897845518
5.565334609822003,55823.52241857428
5.566714395025187,55876.54353501767
5.5675553400485995,55929.62239930914
5.5678327869562025,55982.75908306671
5.56752207781183,56035.953658012346
5.566598554679302,56089.206195962506
5.565037559622553,56142.51676883513
5.562814434705402,56195.885448646135
5.559904521991768,56249.31230751281
5.556283163545487,56302.79741764913
5.551925701430406,56356.34085137035
5.546807477710445,56409.942681092296
5.540903835814049,56463.60297932876
5.5342141269044305,56517.32181869445
5.526822896036649,56571.099271905114
5.518833577141606,56624.9354117757
5.510349604150321,56678.83031122253
5.501474410993723,56732.78404326345
5.492311431602786,56786.79668101432
5.4829640999085285,56840.86829769525
5.473535849841852,56894.99896662509
5.464130115333745,56949.18876122605
5.45485033031521,57003.43775501935
5.44579992871715,57057.74602162989
5.437082344470582,57112.113634784735
5.4288010115064935,57166.54066831086
5.421059363755788,57221.02719613812
5.413960835149453,57275.57329229906
5.407608859618463,57330.17903092855
5.402106871093807,57384.84448626326
5.397558303506429,57439.56973264457
5.394066590787304,57494.354844513044
5.3917217996910125,57549.19989641594
5.390501154163147,57604.10496300247
5.390325227485164,57659.070119024334
5.391114166377108,57714.095439337136
5.392788117559206,57769.18099890053
5.39526722775156,57824.32687277835
5.398471643674327,57879.533136136364
5.402321512047649,57934.79986424731
5.406736979591642,57990.12713248571
5.411638193026533,58045.515016332174
5.41694529907241,58100.96359137066
5.422578444449371,58156.47293329109
5.428457775877646,58212.04311788705
5.434503440077407,58267.67422105801
5.440635583768682,58323.36631880908
5.446774353671685,58379.11948724907
5.4528398965065605,58434.93380259359
5.458752358993493,58490.809341163505
5.4644318878525695,58546.74617938721
5.469799514012763,58602.74439379539
5.4747988260272535,58658.80406102903
5.479397277519709,58714.92525783257
5.483563468072262,58771.10806105775
5.487265997267087,58827.352547664246
5.490473464686303,58883.658794716874
5.493154469912071,58940.02687938785
5.495277612526522,58996.45687895654
5.496811492111831,59052.948870810855
5.497724708250047,59109.502932443684
5.4979858605234,59166.119141458475
5.497563548514023,59222.797575563105
5.496426371804006,59279.53831257762
5.494542929975566,59336.34143042599
5.491881822610807,59393.207007142984
5.488411649291805,59450.13512087057
5.484101009600806,59507.12584986099
5.478918503119928,59564.179272474044
5.472832729431289,59621.29546717845
5.465812433671431,59678.47451255161
5.457858176532483,59735.71648728065
5.449041979756288,59793.02147016423
5.439445608490928,59850.38954010639
5.4291508278846266,59907.82077612562
5.418239403085494,59965.31525734566
5.406793099241625,60022.87306300335
5.394893681501188,60080.49427244623
5.382622915012291,60138.17896513058
5.370062564923103,60195.927220623285
5.357294396381647,60253.73911860286
5.344400174536204,60311.61473885921
5.331461664534871,60369.55416129205
5.318560631525685,60427.557465913254
5.305778840656842,60485.62473284573
5.293198057076523,60543.756042324414
5.280900045932768,60601.951474696056
5.26896657237377,60660.21111041849
5.257479401547641,60718.535030062565
5.246520298602533,60776.92331431099
5.236159867122268,60835.37604395981
5.226411354074045,60893.89329991644
5.217269633772844,60952.475163201954
5.208729572200042,61011.12171495
5.200786035337131,61069.83303640781
5.19343388916549,61128.60920893508
5.186667999666582,61187.45031400675
5.180483232821871,61246.35643320972
5.1748744546127625,61305.32764824472
5.169836531020692,61364.36404092869
5.165364328027124,61423.46569319015
5.161452711613492,61482.632687072
5.158096547761204,61541.86510473561
5.155290702451765,61601.16302845184
5.153030041666568,61660.52654060949
5.151309431387048,61719.95572371201
5.150123737594612,61779.45066037809
5.149467826270765,61839.01143334009
5.149336563396929,61898.638125449485
5.14972481495451,61958.33081967044
5.150627446924972,62018.089599083956
5.152039325289763,62077.91454688805
5.1539553160302916,62137.80574639571
5.1563702851280055,62197.76328103774
5.159279098564369,62257.78723436027
5.162676622320788,62317.87769002718
5.166557722378727,62378.03473181932
5.170917264719563,62438.25844363346
5.175750115324831,62498.54890948636
5.181051140175924,62558.906213510134
5.186815205254248,62619.33043995465
5.1930371765412815,62679.82167318942
5.199711920018444,62740.37999769987
5.206834301667172,62801.00549809146
5.21439918746897,62861.69825908676
5.222401443405147,62922.458365528335
5.23083593545725,62983.2859023771
5.239697529606687,63044.18095471208
5.248980440750643,63105.14360773194
5.258645338727561,63166.17394675469
5.268603846145723,63227.27205721968
5.278763693141087,63288.43802468285
5.289032609849528,63349.671934822305
5.299318326406961,63410.97387343489
5.309528572949304,63472.343926439054
5.319571079612487,63533.78217987285
5.329353576532327,63595.28871989493
5.3387837938448115,63656.86363278527
5.347769461685829,63718.50700494439
5.356218310191323,63780.21892289399
5.364038069497084,63841.99947327765
5.37113646973917,63903.848742860486
5.3774212410533835,63965.766818528486
5.382800113575641,64027.75378729185
5.387180817441887,64089.80973627926
5.3904710827880535,64151.93475274446
5.392578639749942,64214.12892406323
5.393411230569086,64276.39233773315
5.39291292579415,64338.725081376484
5.391144161582886,64401.12724273676
5.388188625254131,64463.598909681656
5.384130004126689,64526.1401702014
5.379051985519325,64588.75111241076
5.373038256750974,64651.431824548796
5.3661725051403835,64714.18239497674
5.358538418006404,64777.00291218142
5.350219682667884,64839.89346477496
5.34129998644363,64902.85414149133
5.3318630166524486,64965.88503119202
5.32199246061316,65028.986222861655
5.311772005644613,65092.15780561049
5.301285339065629,65155.39986867552
5.290616148195028,65218.712501417416
5.27984812035163,65282.09579332214
5.269064942854243,65345.5498340039
5.258350303021743,65409.07471320254
5.24778788817288,65472.67052078242
5.237454820834969,65536.3373467353
5.227378706937287,65600.07528118008
5.217564562020883,65663.88441436265
5.208017286280892,65727.76483665638
5.1987417799124245,65791.7166385601
5.1897429431105735,65855.73991070107
5.181025676070405,65919.83474383515
5.172594878987127,65984.00122884559
5.164455452055705,66048.23945674236
5.156612295471362,66112.54951866648
5.149070309429092,66176.93150588416
5.141834394124089,66241.38550979216
5.1349094497514045,66305.91162191799
5.128300376506161,66370.50993391208
5.122012074583452,66435.18053756168
5.116049444178373,66499.92352477739
5.110417385486045,66564.7389876046
5.105120798701549,66629.62701821438
5.10016458402005,66694.58770890922
5.095553990187966,66759.62115212237
5.09130181787414,66824.72744041705
5.087428170152123,66889.90666648858
5.083953448725808,66955.15892316123
5.080898055299187,67020.48430339033
5.0782823915760815,67085.88290026344
5.076126859260484,67151.35480700052
5.074451860056328,67216.90011695036
5.0732777956674795,67282.518923596
5.072625067797887,67348.21132055206
5.072514078151528,67413.97740156403
5.072965228432167,67479.81726051273
5.07399892034384,67545.73099140883
5.075635555590466,67611.71868839678
5.077895535875953,67677.78044575565
5.080799262904165,67743.91635789585
5.084367138379093,67810.12651936224
5.088619564004631,67876.41102483198
5.093576941484741,67942.769969119
5.099259449768283,68009.20344716805
5.105654832420711,68075.71155406152
5.11268465095273,68142.294385013
5.1202623983536455,68208.95203537369
5.128301567612624,68275.68460062786
5.136715651718902,68342.49217639587
5.145418143661686,68409.37485843347
5.1543225364302,68476.3327426315
5.16334232301368,68543.36592501562
5.172390996401333,68610.47450175091
5.181382049582325,68677.65856913524
5.190228975545921,68744.91822360385
5.198845267281371,68812.25356172865
5.20714441777784,68879.66468022032
5.215039920024566,68947.15167592271
5.222445267010812,69014.71464582034
5.229273951725688,69082.35368703373
5.235439467158471,69150.06889682112
5.240855306298428,69217.86037257861
5.245434962134681,69285.72821184195
5.249110101658047,69353.67251228221
5.2518965407089695,69421.693371711
5.253834432750281,69489.79088808017
5.2549639336832,69557.96515947659
5.255325199408944,69626.21628413026
5.254958385828644,69694.54436040715
5.253903648843533,69762.94948681576
5.252201144354771,69831.43176200252
5.249891028263562,69899.99128475535
5.24701345647108,69968.62815400145
5.243608584878444,70037.34246880752
5.239716569386971,70106.13432838394
5.23537756589775,70175.00383208001
5.2306317303120125,70243.95107938471
5.22551921853092,70312.97616993134
5.220080186455647,70382.07920349378
5.214354789987453,70451.26027998721
5.208383185027401,70520.51949946831
5.202205527476764,70589.85696213755
5.195861973236731,70659.27276833626
5.189392678208449,70728.76701855107
5.182837798293093,70798.33981340738
5.17623748939188,70867.9912536768
5.169631907406028,70937.72144027324
5.163061208236684,71007.53047425569
5.156565547785007,71077.41845682442
5.150185081952202,71147.3854893252
5.143959966639471,71217.43167324756
5.13793035774799,71287.55711022696
5.132136411178948,71357.76190204005
5.126618282833547,71428.04615061186
5.121416128612921,71498.4099580116
5.116570104418287,71568.8534264528
5.112120366150847,71639.3766582966
5.108107069711764,71709.9797560474
5.104570371002225,71780.66282235614
5.101550425923406,71851.42596002208
5.099087390376553,71922.26927199043
5.097220356504451,71993.19286135005
5.095944436251827,72064.19683134087
5.095196041985645,72135.2812853474
5.094907501311226,72206.44632690206
5.095011141833723,72277.69205968593
5.095439291158414,72349.01858752694
5.096124276890521,72420.42601440057
5.096998426635267,72491.91444443165
5.097994067997888,72563.48398189407
5.09904352858365,72635.134731209
5.100079135997731,72706.86679694756
5.101033217845426,72778.68028382919
5.101838101731886,72850.5752967253
5.102426115262446,72922.55194065292
5.102729586042287,72994.6103207821
5.10268084167663,73066.7505424336
5.102212209770727,73138.97271107546
5.101256017929828,73211.2769323295
5.099744593759127,73283.66331196632
5.097610297342882,73356.13195590813
5.094819624222566,73428.68297022907
5.091437886552129,73501.31646115531
5.087548174136344,73574.03253506227
5.083233576780188,73646.83129848163
5.078577184288491,73719.71285809205
5.073662086466044,73792.67732073057
5.068571373117848,73865.72479338221
5.063388134048665,73938.85538318712
5.058195459063413,74012.06919743818
5.0530764379668796,74085.36634358279
5.048114160564026,74158.746929221
5.043391716659642,74232.21106210635
5.0389921960586435,74305.75885014862
5.034998688565864,74379.3904014089
5.031494283986163,74453.10582410615
5.028562072124444,74526.90522661316
5.026285142785568,74600.78871745578
5.024746585774324,74674.75640531954
5.024029490895643,74748.80839904131
5.024201590243351,74822.94480761657
5.025226834706089,74897.16574019584
5.027026209416292,74971.47130608602
5.029520562254049,75045.86161475065
5.032630741099354,75120.33677581172
5.036277593832281,75194.89689904568
5.0403819683328805,75269.54209438847
5.044864712481171,75344.2724719315
5.0496466741571595,75419.08814192722
5.054648701240922,75493.98921478247
5.059791641612506,75568.97580106615
5.0649963431519325,75644.04801150147
5.0701836537392495,75719.20595697424
5.075274421254463,75794.44974852883
5.080189493577606,75869.77949736624
5.084849718588828,75945.19531485083
5.089175944168048,76020.69731250305
5.093089018195343,76096.28560200664
5.096509788550762,76171.9602952035
5.099362577831002,76247.72150409779
5.101636312639627,76323.56934085285
5.1033770117891635,76399.5039177931
5.10463265924993,76475.52534740706
5.105451238992131,76551.63374234263
5.10588073498603,76627.82921540794
5.1059691312018884,76704.11187957648
5.105764411609883,76780.48184798191
5.105314560180361,76856.93923392323
5.10466756088357,76933.48415085797
5.103871397689687,77010.11671241056
5.102974054569003,77086.83703236771
5.102023515491808,77163.64522467759
5.101067764428294,77240.54140345553
5.100154785348721,77317.52568298047
5.099332562223324,77394.59817769298
5.098649079022422,77471.75900220162
5.098152319716206,77549.00827127708
5.097890268274909,77626.346099858
5.097910596387422,77703.77260304677
5.098228726323342,77781.28789611097
5.098800224012862,77858.89209448519
5.099574150596524,77936.5853137708
5.100499567214882,78014.3676697329
5.101525535008449,78092.23927830663
5.102601115117807,78170.20025559187
5.10367536868344,78248.25071785861
5.1046973568458895,78326.39078154096
5.105616140745681,78404.62056324085
5.106380781523441,78482.94017973104
5.1069403403196105,78561.34974795203
5.107243878274744,78639.84938501121
5.107240456529411,78718.43920818373
5.106879136224123,78797.11933491884
5.106108978499407,78875.88988283013
5.104879044495831,78954.75096970366
5.103138395353909,79033.70271349368
5.100836092214209,79112.74523232628
5.097921196217186,79191.87864449692
5.094365896890409,79271.10306847056
5.090238931601704,79350.41862288772
5.08563422684756,79429.82542655335
5.0806457091940445,79509.32359845011
5.075367305207152,79588.9132577291
5.069892941452963,79668.594523714
5.064316544497444,79748.36751590138
5.058732040906648,79828.23235396041
5.05323335724654,79908.18915773199
5.047914420083288,79988.23804723074
5.042869155982771,80068.37914264693
5.0381914915110855,80148.61256433997
5.03397535323424,80228.93843284665
5.030314667718287,80309.35686887859
5.027303361529249,80389.86799331899
5.02503536123308,80470.47192722646
5.02360459339593,80551.16879183691
5.023104984583682,80631.95870856047
5.023630461362487,80712.84179898113
5.025261334599733,80793.81818486107
5.027939775133845,80874.8879881369
5.031527548048686,80956.0513309234
5.03588542064432,81037.30833551029
5.040874160220852,81118.65912436724
5.046354534078361,81200.10382013713
5.052187309516967,81281.64254564152
5.058233253836704,81363.27542388326
5.064353134337722,81445.00257803874
5.070407718320041,81526.82413146559
5.076257773083853,81608.74020769839
5.08176406592915,81690.750930453
5.086787364156052,81772.85642362102
5.091188435064666,81855.0568112771
5.094828045955083,81937.35221767388
5.097566964127367,82019.74276724472
5.099265956881652,82102.2285846016
5.099785791517974,82184.80979454065
5.098987235336452,82267.48652203426
5.096734783254064,82350.25889224073
5.093019092463564,82433.12703049813
5.087984619572467,82516.0910623234
5.08178514430648,82599.1511134214
5.074574446391253,82682.30730967355
5.066506305552565,82765.55977714682
5.057734501516208,82848.90864209292
5.0484128140077615,82932.35403094269
5.038695022753103,83015.89607031402
5.0287349074779115,83099.5348870045
5.01868624790788,83183.27060800172
5.008702823768772,83267.10336047239
4.998938414786323,83351.03327177024
4.98954680068627,83435.060469434
4.98068176119429,83519.1850811859
4.972497076036149,83603.40723493851
4.965146524937566,83687.7270587837
4.958783887624307,83772.14468100427
4.953562943822064,83856.6602300671
4.9496373461497285,83941.27383462878
4.947096828006721,84025.98562352761
4.945863661866369,84110.79572579455
4.94583303093512,84195.70427064586
4.946900118419407,84280.71138748512
4.948960107525721,84365.81720590651
4.951908181460453,84451.02185569039
4.955639523430094,84536.3254668059
4.960049316641133,84621.72816941373
4.965032744299904,84707.23009386162
4.970484989613013,84792.83137068881
4.976301235786806,84878.53213062158
4.982376666027747,84964.3325045801
4.988606463542368,85050.23262367403
4.994885811537046,85136.23261920275
5.001109893218242,85222.33262265864
5.007173891792405,85308.53276572264
5.012972990466068,85394.83318027176
5.018402372445607,85481.23399837333
5.02335722093747,85567.73535228409
5.027745869589211,85654.33737445904
5.031556441057447,85741.04019754195
5.034806990059764,85827.84395437181
5.037515624438285,85914.74877798188
5.039700452035206,86001.75480159635
5.041379580692606,86088.86215863739
5.0425711182527095,86176.0709827193
5.0432931725576395,86263.38140765436
5.043563851449505,86350.79356744456
5.04340126277053,86438.30759629229
5.042823514362766,86525.92362859522
5.041848714068493,86613.64179894468
5.040494969729721,86701.46224213153
5.038780389188702,86789.38509314034
5.036723080287544,86877.410487154
5.034341150868386,86965.53855955404
5.03165270877345,87053.76944591968
5.028675861844761,87142.10328202632
5.025428717924584,87230.54020384711
5.0219298535434405,87319.08034755691
5.018205388942349,87407.723849529
5.014287535536965,87496.47084633276
5.010208678752207,87585.32147473973
5.006001204013046,87674.27587172198
5.001697496744413,87763.33417445057
4.997329942371252,87852.49652029776
4.992930926318493,87941.76304683542
4.988532834011124,88031.13389183725
4.9841680508741035,88120.60919327973
4.979868962332347,88210.18908934057
4.975667953810813,88299.87371839899
4.9715974107344465,88389.66321903544
4.967689718528163,88479.55773003634
4.9639772626169645,88569.55739038934
4.960492428425809,88659.66233928554
4.957267601379613,88749.87271611983
4.95433516690332,88840.18866049184
4.951727510421847,88930.61031220558
4.949476761168043,89021.13781126923
4.947595392000451,89111.77129789669
4.946062649948544,89202.51091250533
4.9448545752736095,89293.35679572144
4.94394720823685,89384.3090883761
4.943316589099425,89475.36793150553
4.942938758122608,89566.53346635328
4.942789755567588,89657.80583436997
4.942845621695568,89749.18517721548
4.94308239676775,89840.67163675425
4.943476121045322,89932.26535506132
4.944002834789586,90023.96647441814
4.944638578261689,90115.77513731617
4.945359391722846,90207.69148645658
4.946141315434247,90299.71566474796
4.9469603896571215,90391.84781530862
4.94779265465273,90484.08808147073
4.948614150682246,90576.43660676984
4.94940091800683,90668.89353495924
4.950128996923127,90761.45901000068
4.950778953108411,90854.13317606477
4.95134838744201,90946.9161775377
4.951838908552588,91039.80815901513
4.952252125068782,91132.80926530705
4.9525896456191845,91225.91964143427
4.95285307883249,91319.13943263136
4.95304403333725,91412.46878434885
4.953164117762171,91505.90784224523
4.9532149407358474,91599.45675220023
4.953198110886888,91693.11566030089
4.953115236843985,91786.88471285552
4.952967927235733,91880.76405638304
4.952757790690768,91974.75383762043
4.9524864358376846,92068.85420351858
4.952155471305204,92163.0653012445
4.951766505721906,92257.38727818565
4.951321147716371,92351.8202819418
4.950821005917291,92446.36446032923
4.950267688953332,92541.01996138773
4.949663126377047,92635.78693337104
4.949012141417484,92730.6655247485
4.948321090917602,92825.65588421335
4.947596345757887,92920.75816067446
4.946844276818851,93015.97250326135
4.946071254981007,93111.29906132253
4.9452836511249245,93206.7379844285
4.944487836131088,93302.28942236549
4.943690180879983,93397.95352514509
4.942897056252207,93493.7304429986
4.942114833128201,93589.62032637678
4.941349882388565,93685.62332595617
4.940608574913767,93781.73959263077
4.939897281584322,93877.96927752103
4.939222373280771,93974.31253196695
4.938590220883626,94070.76950753442
4.9380071952734,94167.34035601286
4.937479667330649,94264.0252294116
4.937014007935829,94360.82427997031
4.93661658796951,94457.73766014923
4.936293778312205,94554.76552263297
4.936051949844426,94651.9080203355
4.935897473446687,94749.16530639249
4.935836719999486,94846.53753416774
4.935876060383407,94944.02485725282
4.936021865478921,95041.6274294614
4.936280506166568,95139.34540483906
4.936658353326848,95237.17893765686
4.937161777840302,95335.12818241517
4.937797150587443,95433.19329383923
4.938570842448769,95531.37442688696
4.939489224304808,95629.671736744
4.940558667036086,95728.08537882325
4.94178554152316,95826.6155087708
4.943176218646528,95925.26228245877
4.944737069286688,96024.02585599519
4.946474464324126,96122.90638571352
4.948394774639453,96221.90402818048
4.950504303865884,96321.01894019711
4.952790099238769,96420.25127879168
4.955193482338984,96519.60120122953
4.9576491357327654,96619.06886500397
4.960091741986304,96718.65442784413
4.962455983665706,96818.35804771331
4.964676543337163,96918.17988280588
4.966688103566881,97018.12009155458
4.968425346921009,97118.17883262261
4.969822955965682,97218.3562649102
4.970815613267121,97318.65254755226
4.971338001391487,97419.06783992014
4.971324802904945,97519.60230162126
4.970710700373601,97620.25609249748
4.969430376363761,97721.02937263032
4.96741851344153,97821.92230233853
4.964609794173043,97922.93504217644
4.960938901124493,98024.06775293707
4.9563405168620704,98125.32059565188
4.950749323951925,98226.69373159247
4.944124994209986,98328.18732226898
4.936563567073549,98429.80152942824
4.928207368213933,98531.53651506198
4.919198761026564,98633.39244139804
4.909680108906812,98735.3694709092
4.899793775250089,98837.46776630441
4.8896821234517205,98939.68749053628
4.87948751690719,99042.02880680136
4.86935231901181,99144.491878535
4.859418893160964,99247.07686941874
4.849829602750091,99349.78394337503
4.840726811174505,99452.61326456771
4.832252881829703,99555.56499741008
4.824550178110968,99658.63930655547
4.817761063413727,99761.83635690183
4.812027901133348,99865.15631359354
4.80749305466523,99968.59934202046
4.804298887404812,100072.16560781823
4.802587762747365,100175.85527686658
4.8024912983092065,100279.66851529546
4.803990262330373,100383.60548948035
4.806954181258604,100487.66636604207
4.811249988355641,100591.85131185208
4.816744616883241,100696.16049402721
4.823305000103147,100800.59407993789
4.83079807127703,100905.15223719718
4.839090763666761,101009.83513367255
4.848050010533967,101114.64293747913
4.857542745140464,101219.57581698161
4.8674359007479495,101324.63394079743
4.87759641061821,101429.81747779367
4.887891208012931,101535.12659708956
4.898187226193883,101640.56146805618
4.908351398422866,101746.12226031473
4.918250657961522,101851.80914374125
4.927751938071708,101957.62228846556
4.936722172015081,102063.56186486883
4.9450282930534115,102169.62804358901
4.952538190606845,102275.82099551402
4.959176234222184,102382.14089179086
4.96495383004256,102488.58790381878
4.9698898122161665,102595.16220325329
4.974003014891224,102701.8639620066
4.977312272215812,102808.69335224728
4.979836418338252,102915.65054640149
4.981594287406608,103022.73571714963
4.9826047135690885,103129.94903743119
4.982886530973886,103237.29068044519
4.982458573769165,103344.76081964766
4.981339676103133,103452.3596287535
4.9795486721239115,103560.08728173841
4.977104395979751,103667.94395283482
4.974025681818773,103775.92981653832
4.970331363789185,103884.0450476043
4.966040276039124,103992.28982104843
4.9611712527168805,104100.66431214627
4.955743127970493,104209.16869643971
4.949774737010486,104317.80314972918
4.943292516990482,104426.56784807783
4.936348722443171,104535.46296781486
4.929001083514123,104644.48868553007
4.921307330348853,104753.64517807873
4.913325193092973,104862.93262257974
4.905112401891884,104972.35119641687
4.896726686891242,105081.90107724063
4.888225778236546,105191.58244296424
4.879667406073352,105301.39547177151
4.871109300547246,105411.34034210688
4.862609191803628,105521.41723268846
4.85422480998821,105631.62632249508
4.84601388524645,105741.96779077944
4.838034147723846,105852.44181705953
4.830343327566013,105963.04858112129
4.822999154918492,106073.78826302063
4.8160593599267685,106184.66104308379
4.809581672736442,106295.66710190859
4.803623823493041,106406.80662035805
4.798237483903009,106518.07977957293
4.793425603096807,106629.48676095926
4.789167646493723,106741.02774619874
4.785442928516389,106852.70291724376
4.782230763587364,106964.51245632017
4.779510466129267,107076.4565459247
4.777261350564643,107188.53536883222
4.7754627313160825,107300.74910808782
4.774093922806173,107413.09794701263
4.7731342394574625,107525.58206920038
4.77256299569261,107638.20165852399
4.772359505934091,107750.95689912993
4.772503084604523,107863.84797544018
4.772973046126523,107976.8750721565
4.773748704922667,108090.03837425321
4.774809375415487,108203.33806698765
4.776134372027613,108316.77433589063
4.777703009181607,108430.34736677457
4.779494601300044,108544.05734572854
4.781488462805527,108657.90445912263
4.783663908120602,108771.88889360681
4.786000251667886,108886.01083611143
4.788476807869969,109000.27047384527
4.791072891149369,109114.66799430158
4.793767815928703,109229.20358525522
4.79654089663056,109343.87743475949
4.799371447677487,109458.68973115567
4.802238783492143,109573.64066306199
4.805122218497004,109688.73041938645
4.808001067114731,109803.9591893188
4.810854643767868,109919.32716233171
4.8136622628790064,110034.83452818278
4.81640323887072,110150.48147691823
4.819056886165583,110266.268198867
4.821602519186229,110382.194884646
4.824019452355202,110498.26172515817
4.826287000095007,110614.46891159377
4.8283844768283615,110730.81663543319
4.830291196977768,110847.30508843953
4.831986474965802,110963.93446267096
4.833449625215067,111080.70495047164
4.834659962148081,111197.61674447461
4.8355968001875596,111314.67003760544
4.836239453756008,111431.86502307792
4.836567237275986,111549.20189440007
4.8365594651700405,111666.68084536676
4.836195451860888,111784.30207006886
4.83545451177099,111902.06576288975
4.834315959322964,112019.97211850258
4.832759108939413,112138.02133187566
4.830763275042841,112256.21359827358
4.828307772055922,112374.5491132538
4.82537191440116,112493.02807266549
4.821935016501243,112611.65067265724
4.817976392778647,112730.41710967272
4.813475357655989,112849.32758045198
4.808411225555844,112968.38228202872
4.802763310900801,113087.58141174038
4.796522773677964,113206.92516721584
4.7897389870215505,113326.41374638713
4.782479176876848,113446.04734748183
4.774810573885489,113565.82616902768
4.766800408689164,113685.75040985378
4.758515911929649,113805.82026908793
4.750024314248549,113926.03594615868
4.741392846287624,114046.39764079587
4.732688738688509,114166.9055530311
4.723979222093007,114287.55988319984
4.715331527142666,114408.3608319387
4.7068128844793335,114529.30860018673
4.698490524744642,114650.4033891908
4.690431678580268,114771.64540049552
4.682703576627944,114893.03483595673
4.675373449529346,115014.57189773068
4.668508527926207,115136.25678828344
4.66217604246016,115258.0897103824
4.656443223772982,115380.07086710581
4.6513730611602,115502.20046184001
4.646976282322669,115624.47869827336
4.643228438971292,115746.90578040824
4.64010442738136,115869.48191255415
4.63757914382839,115992.20729932825
4.635627484587687,116115.08214565995
4.634224345934726,116238.10665678732
4.63334462414484,116361.28103825677
4.632963215493405,116484.60549593264
4.633055016255909,116608.08023598614
4.633594922707644,116731.7054649025
4.634557831124084,116855.48138947648
4.635918637780591,116979.40821682205
4.6376522389525405,117103.48615436288
4.639733530915365,117227.71540984044
4.642137409944411,117352.09619130607
4.644838772315083,117476.62870713079
4.647812514302828,117601.31316599985
4.651033532183007,117726.14977691587
4.65447672223101,117851.13874919762
4.658116980722241,117976.28029248223
4.661929203932047,118101.5746167241
4.665888288135903,118227.02193219613
4.669969129609129,118352.62244949122
4.6741466246272125,118478.37637952185
4.678395669465431,118604.28393351905
4.682691160399244,118730.34532303612
4.687007993704043,118856.5607599485
4.691321065655231,118982.93045645076
4.695605272528184,119109.45462506068
4.699835510598291,119236.13347861875
4.703986676140971,119362.96723029141
4.7080336654315715,119489.95609356553
4.71195137474561,119617.10028225242
4.715714700358305,119744.40001049082
4.7192985385451465,119871.85549274333
4.722677785581567,119999.46694380017
4.725827337742842,120127.23457877565
4.72872209406917,120255.1586131111
4.731341976732253,120383.23926257977
4.733682313974143,120511.47674327625
4.735741377694524,120639.87127163236
4.737517439793024,120768.42306439899
4.739008772169228,120897.13233866614
4.7402136467228075,121025.99931184996
4.741130335353347,121155.02420169572
4.741757109960503,121284.2072262853
4.7420922424438885,121413.54860402655
4.742134004703146,121543.04855366502
4.741880668637904,121672.70729427587
4.741330506147733,121802.52504526965
4.740481789132332,121932.50202639021
4.739332789491286,122062.63845771614
4.7378817791242795,122192.93455966395
4.736127029930884,122323.39055298074
4.734066813810728,122454.00665875527
4.731699402663466,122584.78309840977
4.729023068388685,122715.7200937057
4.726039158519484,122846.81786674263
4.722771147786361,122978.07663995698
4.719252197011571,123109.49663612703
4.7155155079612,123241.0780783673
4.711594282401563,123372.82119013785
4.707521722098747,123504.72619523354
4.703331028818923,123636.79331779676
4.699055404328362,123769.02278230585
4.694728050393081,123901.41481358516
4.6903821687794505,124033.96963680309
4.6860509612534855,124166.68747747177
4.681767629581486,124299.56856144236
4.677565375529554,124432.61311491695
4.673477400863888,124565.82136444139
4.669536907350647,124699.19353690573
4.665777096756088,124832.72985954833
4.662231170846269,124966.43055995385
4.658932331387504,125100.29586605645
4.655913780145852,125234.326006135
4.653207725237493,125368.52120882172
4.650826232507768,125502.88170309387
4.648762625913051,125637.40771828222
4.647009516292172,125772.09948406735
4.645559514484006,125906.95723047922
4.644405231327269,126041.98118790048
4.643539277660807,126177.17158706702
4.642954264323464,126312.52865906946
4.642642802154029,126448.05263534663
4.642597501991347,126583.74374769683
4.642810974674191,126719.6022282677
4.643275831041365,126855.62830956846
4.643984681931684,126991.82222445973
4.644930138184051,127128.18420616043
4.6461048106371265,127264.71448824469
4.647501310129826,127401.41330464621
4.6491122475009234,127538.28088965779
4.650930233589264,127675.31747792747
4.6529478792336505,127812.52330446732
4.655157773931066,127949.89860464579
4.65754984167836,128087.44361419292
4.6601087843401245,128225.15856920088
4.662818697415588,128363.04370612372
4.665663676403966,128501.09926177611
4.668627816804445,128639.32547333943
4.6716952141162835,128777.72257835323
4.674849963838682,128916.29081472685
4.678076161470884,129055.03042073168
4.68135790251209,129193.94163500376
4.684679282461502,129333.02469654885
4.6880243968183635,129472.27984473479
4.691377341081889,129611.70731930138
4.69472221075128,129751.30736035078
4.698043101325766,129891.0802083583
4.701324108304604,130031.02610416838
4.704549327186925,130171.14528899342
4.707702853472043,130311.43800441429
4.710768782659173,130451.90449238753
4.713731210247445,130592.5449952376
4.7165742317361605,130733.35975566389
4.719281942624505,130874.34901673594
4.72183843841168,131015.51302189767
4.724227814596929,131156.85201496896
4.726434166679482,131298.3662401416
4.728441590158582,131440.0559419855
4.730234180533387,131581.92136544388
4.731796033303127,131723.96275583823
4.7331112439670875,131866.18035886835
4.734163908024371,132008.57442060715
4.734938120974263,132151.1451875126
4.735417978316008,132293.89290641618
4.735587575548763,132436.8178245319
4.73543100817183,132579.92018945515
4.734932371684366,132723.20024915852
4.734075761585601,132866.65825200005
4.732845273374764,133010.29444671824
4.731225002551042,133154.1090824344
4.729199044613722,133298.1024086564
4.72675464029291,133442.2746752696
4.723913233699122,133586.62613255085
4.720717264400292,133731.15703116063
4.71720947676225,133875.8676221446
4.71343261515085,134020.75815693432
4.709429423931908,134165.8288873515
4.705242647471252,134311.0800656051
4.700915030134752,134456.511944289
4.69648931628825,134602.12477639402
4.692008250297562,134747.91881529437
4.687514576528571,134893.89431475877
4.68305103934712,135040.0515289425
4.678660383119023,135186.39071239857
4.674385352210123,135332.91212007072
4.670268690986262,135479.61600729407
4.666353143813325,135626.50262979965
4.662681455057083,135773.5722437131
4.6592963690834495,135920.8251055544
4.656240630258168,136068.26147223846
4.6535563007037695,136215.8816010817
4.651259605936204,136363.68574978903
4.649333600140167,136511.67417647308
4.647759159535582,136659.84713964016
4.646517160342384,136808.20489819493
4.645588478780454,136956.7477114439
4.644953991069741,137105.47583909423
4.644594573430126,137254.38954125237
4.644491102081588,137403.4890784287
4.644624453244006,137552.7747115363
4.644975503137289,137702.24670189142
4.6455251279813865,137851.90531121244
4.64625420399625,138001.75080162432
4.647143607401688,138151.7834356564
4.648174214417693,138302.00347624597
4.649326901264189,138452.41118673407
4.650582544161111,138603.00683087116
4.651922019328325,138753.7906728137
4.653326202985809,138904.7629771299
4.654775968525627,139055.92400879742
4.6562500794843515,139207.27403320008
4.657721447864688,139358.81331613354
4.659161979519553,139510.5421238108
4.660543580301805,139662.46072284822
4.661838156064405,139814.56938028196
4.6630176126602265,139966.8683635588
4.664053855942171,140119.35794053978
4.664918791763171,140272.0383795029
4.665584325976084,140424.90994913684
4.666022364433843,140577.97291855363
4.666204812989321,140731.22755727638
4.666103577495491,140884.67413524896
4.665690563805143,141038.31292283573
4.664937677771292,141192.14419081417
4.663816825246812,141346.16821038668
4.662299912084563,141500.38525317423
4.660358844137491,141654.79559122009
4.657965527258483,141809.3994969885
4.655091867300413,141964.19724336645
4.65171952587923,142119.18910366535
4.647893107482972,142274.37535161967
4.643682204387204,142429.75626139087
4.639156472058886,142585.3321075638
4.634385565964891,142741.1031651487
4.629439141572064,142897.06970958377
4.624386854347321,143053.23201673792
4.6192983597575505,143209.59036290355
4.61424331326964,143366.14502480713
4.609291370350533,143522.89627959908
4.604512186467062,143679.84440486637
4.599975417086128,143836.98967862435
4.595750717674591,143994.3323793224
4.591907743699409,144151.87278583768
4.588516150627413,144309.61117748485
4.585645593925506,144467.5478340159
4.583365729060603,144625.68303561065
4.581746211499606,144784.01706288874
4.580856696709361,144942.55019690623
4.580762854780048,145101.28271915638
4.581460757368447,145260.21491156833
4.582887295987547,145419.3470565139
4.584977477621607,145578.67943679824
4.587666309254928,145738.21233567173
4.59088879787177,145897.94603682464
4.59457995045635,146057.88082438984
4.598674773993011,146218.01698293537
4.603108275465885,146378.35479748275
4.607815461859431,146538.8945534932
4.612731340157723,146699.63653686843
4.617790917345161,146860.5810339617
4.622929200405963,147021.7283315693
4.628081196324388,147183.07871693335
4.63318191208468,147344.63247774568
4.638166354671142,147506.38990214857
4.642969531068047,147668.35127872828
4.647526448259626,147830.51689652298
4.651772113230166,147992.88704502364
4.6556417918227595,148155.46201417057
4.659094176997328,148318.24209435622
4.662129733579263,148481.22757642603
4.664753243459771,148644.4187516812
4.666969488530242,148807.81591187432
4.668783250681969,148971.41934921534
4.670199311806286,149135.22935636804
4.6712224537945275,149299.24622645733
4.671857458537929,149463.47025306243
4.672109107927881,149627.9017302199
4.671982183855704,149792.54095242854
4.67148146821269,149957.38821464282
4.670611742890131,150122.44381228322
4.669377789779361,150287.70804122742
4.667784390771729,150453.18119781953
4.665836327758527,150618.8635788593
4.6635383826310886,150784.75548161767
4.660895337280692,150950.85720382808
4.6579119735986865,151117.16904368828
4.654593073476349,151283.69129986217
4.650950276583828,151450.42427148056
4.647022611619761,151617.3682581431
4.6428559440347215,151784.523559917
4.638496139279084,151951.89047734078
4.633989062803366,152119.46931141996
4.62938058005804,152287.26036363316
4.624716556493553,152455.26393592957
4.62004285756035,152623.48033073096
4.615405348708933,152791.90985093455
4.610849895389762,152960.55279990844
4.606422363053284,153129.40948150004
4.602168617150028,153298.48020002595
4.598134523130412,153467.76526028366
4.594365946444881,153637.26496754802
4.590908752543953,153806.9796275731
4.587808806878044,153976.90954658875
4.585111974897686,154147.05503130675
4.58286412205328,154317.41638891835
4.581111113795345,154487.9939270952
4.579891954550803,154658.7879539966
4.5791794943334025,154829.7987782573
4.578909584443608,155001.02670900244
4.5790176709913055,155172.4720558364
4.579439200086483,155344.1351288546
4.5801096178391845,155516.0162386344
4.580964370359268,155688.11569624138
4.581938903756765,155860.4338132303
4.5829686641416885,156032.97090164473
4.583989097623885,156205.72727401677
4.584935650313412,156378.70324336906
4.585743768320214,156551.89912321666
4.586348897754206,156725.31522756565
4.58668648472549,156898.95187091522
4.586691975343882,157072.80936826274
4.58630081571944,157246.8880350903
4.585448451962122,157421.1881873844
4.584070330181845,157595.71014162572
4.582101896488652,157770.45421479212
4.5794807564380875,157945.42072435733
4.576211957612827,158120.60998829507
4.572379650158084,158296.02232508102
4.56807249438036,158471.65805368708
4.5633791505861865,158647.51749359214
4.558388279081967,158823.6009647752
4.553188540174304,158999.90878771394
4.547868594169685,159176.44128339796
4.542517101374585,159353.1987733149
4.537222722095564,159530.1815794628
4.53207411663908,159707.3900243428
4.527159945311681,159884.82443096588
4.5225688684198815,160062.4851228524
4.518389546270143,160240.37242402745
4.51471063916901,160418.48665903072
4.511620807422986,160596.82815290944
4.5092087113386015,160775.39723122606
4.507563011222302,160954.19422005574
4.506772367380648,161133.21944598036
4.50692531275844,161312.4732361031
4.508060866477948,161491.95591804356
4.51009368908413,161671.66781993184
4.512919227945773,161851.60927041978
4.516432930431506,162031.78059867246
4.52053024391013,162212.1821343785
4.52510661575036,162392.8142077462
4.530057493320882,162573.6771494988
4.535278323990468,162754.77129088787
4.540664555127847,162936.09696368285
4.546111634101706,163117.65450018106
4.551515008280802,163299.44423319708
4.556770125033864,163481.46649607748
4.561772431729651,163663.72162269027
4.5664173757367905,163846.20994743137
4.57060040442407,164028.93180522928
4.574216965160247,164211.8875315318
4.577162505313964,164395.07746232324
4.579332472254052,164578.5019341174
4.580622313349153,164762.16128395702
4.580948493020188,164946.05584942418
4.580349321391893,165130.1859686214
4.57890691166412,165314.5519801981
4.576703434449044,165499.15422332947
4.573821060358966,165683.99303773482
4.570341960006246,165869.06876366332
4.566348304003043,166054.3817419066
4.561922262961687,166239.93231379276
4.557146007494481,166425.72082118707
4.552101708213669,166611.74760650375
4.546871535731526,166798.0130126889
4.541537660660282,166984.51738323594
4.536182253612324,167171.26106218278
4.530887485199884,167358.2443941068
4.525735526035206,167545.46772413538
4.520808546730549,167732.93139793974
4.516188717898288,167920.63576173928
4.511958210150624,168108.58116230273
4.508199194099802,168296.76794693928
4.504989567043012,168485.1964635213
4.502342406704727,168673.8670604624
4.500220439615532,168862.78008673154
4.498585070662372,169051.93589184925
4.4973977047321085,169241.33482589215
4.496619746711644,169430.97723948554
4.496212601487883,169620.8634838186
4.496137673947771,169810.99391063116
4.496356368978084,170001.3688722229
4.496830091465824,170191.98872144957
4.4975202462978245,170382.85381172874
4.498388238361002,170573.96449703953
4.499395472542332,170765.32113191884
4.500503353728547,170956.92407146702
4.501673286806692,171148.77367134893
4.502866676663572,171340.87028779366
4.504044928186161,171533.2142775955
4.5051694462612915,171725.8059981125
4.506201635775909,171918.6458072711
4.507103158552653,172111.73406356698
4.507853236800571,172305.07112606626
4.5084596215696,172498.65735440142
4.50893267779837,172692.49310877966
4.509282770425244,172886.57874997414
4.509520264388954,173080.91463933958
4.509655524628002,173275.5011387974
4.509698916080964,173470.33861084763
4.509660803686373,173665.4274185676
4.509551552382831,173860.76792560788
4.5093815271088005,174056.3604961995
4.5091610928029695,174252.20549515114
4.508900614403828,174448.30328785285
4.50861045684988,174644.654240273
4.508300985079785,174841.25871896694
4.5079825640320905,175038.11709106807
4.507665558645286,175235.2297242937
4.507360333858003,175432.59698694982
4.507077254608731,175630.219247926
4.506826685741686,175828.09687670248
4.506616547934385,176026.23024333877
4.5064459580544,176224.61971849218
4.50631205146064,176423.26567340747
4.506211963511944,176622.16847991807
4.5061428295671675,176821.32851045183
4.506101784985205,177020.74613802985
4.506085965124882,177220.42173626344
4.50609250534508,177420.3556793654
4.506118541004682,177620.54834214217
4.5061612074625685,177821.00009999357
4.506217640077551,178021.71132892274
4.5062849742085405,178222.68240553077
4.506360345214389,178423.91370701397
4.506440888453966,178625.40561117884
4.5065237392861235,178827.15849643046
4.506606033069772,179029.172741771
4.506684905163723,179231.44872681968
4.506757490926887,179433.98683178858
4.506820925718131,179636.78743750515
4.506872604641202,179839.8509253994
4.506912152169932,180043.17767751243
4.506940327502065,180246.76807649512
4.50695789882748,180450.6225056077
4.506965634336083,180654.741348721
4.506964302217725,180859.1249903238
4.506954670662324,181063.77381551228
4.50693750785976,181268.68821000287
4.506913581999882,181473.86856012797
4.506883661272624,181679.3152528306
4.5068485138678085,181885.02867567842
4.506808907975369,182091.00921685706
4.506765611785127,182297.25726516847
4.506719393487046,182503.77321004387
4.506671021270932,182710.5574415317
4.506621263326693,182917.6103503
4.506570887844205,183124.93232765057
4.506520663013404,183332.52376550302
4.506471357024125,183540.38505640771
4.506423738066246,183748.5165935454
4.506378574329645,183956.91877071804
4.506336634004228,184165.59198236538
4.506298685279845,184374.53662355177
4.50626549634643,184583.75308998037
4.506237835393804,184793.2417779797
4.506216470611932,185003.003084522
4.506202170190605,185213.0374072096
4.506195702319772,185423.34514427898
4.5061978351892265,185633.92669460943
4.506209336988945,185844.7824577179
4.506230975908764,186055.91283375985
4.506263520138589,186267.3182235318
4.506307737868283,186478.99902847238
4.5063643972877685,186690.9556506662
4.506434266586851,186903.18849283957
4.506518113955451,187115.69795836293
4.50661670758349,187328.48445125733
4.506730815660802,187541.54837618893
4.506861199724625,187754.89013847275
4.5070070688207835,187968.51014407506
4.507164095633726,188182.40879961062
4.507327462905806,188396.58651235182
4.507492353379291,188611.043690219
4.507653949796492,188825.78074178973
4.507807434899732,189040.79807629457
4.5079479914313225,189256.09610362616
4.508070802133645,189471.67523432843
4.508171049748924,189687.53587960702
4.508243917019527,189903.67845133317
4.508284586687751,190120.10336202872
4.5082882414959045,190336.81102488746
4.508250064186242,190553.80185376553
4.50816523750116,190771.07626317837
4.5080289441829535,190988.6346683089
4.507836366973933,191206.47748501378
4.507582688616367,191424.6051298113
4.50726309185265,191643.01801989053
4.50687275942505,191861.7165731125
4.506408450875966,192080.7012080073
4.505875152519948,192299.9723437848
4.50528052494235,192519.53040031806
4.504632230154243,192739.37579816504
4.503937930166643,192959.50895855462
4.503205286990664,193179.93030339756
4.502441962637363,193400.640255282
4.501655619117841,193621.63923747468
4.50085391844317,193842.92767391948
4.500044522624364,194064.50598925227
4.4992350936725245,194286.374608787
4.498433293598723,194508.53395852237
4.497646784414044,194730.98446514437
4.496883228129548,194953.72655602344
4.496150286756304,195176.7606592225
4.495455622305371,195400.0872034912
4.49480689678785,195623.70661826996
4.494211772214726,195847.61933369123
4.493677910597185,196071.8257805819
4.4932129739462425,196296.32639046322
4.49282462427297,196521.12159555077
4.492520523588411,196746.21182875958
4.4923083339036936,196971.59752369573
4.492195717229862,197197.27911467294
4.492190335577973,197423.2570366997
4.492299850959171,197649.53172549192
4.492531925384412,197876.10361745983
4.492894220864812,198102.97314972486
4.493394399411443,198330.1407601124
4.494040123035404,198557.60688715585
4.494839053747725,198785.37197008787
4.495798853559521,199013.4364488587
4.496927184481805,199241.80076413168
4.498231708525722,199470.46535727038
4.499720087702244,199699.43067036103
4.501399984022569,199928.69714619822
4.503279059497629,200158.26522829462
4.505364976138608,200388.13536088084
4.50766482690041,200618.30798889959
4.510155377359027,200848.78355801685
4.51276845765409,201079.56251461746
4.515432264932613,201310.64530581204
4.518074996341582,201542.03237942836
4.520624849027982,201773.72418401824
4.52301002013877,202005.72116886306
4.525158706820946,202238.02378396798
4.526999106221467,202470.63248006604
4.528459415487362,202703.54770862224
4.529467831765572,202936.76992182634
4.529952552203127,203170.2995726069
4.529841773946927,203404.13711461972
4.529063694143986,203638.2830022578
4.527546509941374,203872.73769064673
4.52521841848592,204107.5016356533
4.522007616924768,204342.57529388095
4.517842302404773,204577.95912266822
4.512650672073008,204813.65358010164
4.506360936415561,205049.65912500388
4.4989499408948035,205285.97621694385
4.490552636547164,205522.60531623365
4.481336047236383,205759.54688393127
4.471467196826168,205996.80138184628
4.461113109180246,206234.3692725266
4.450440808162384,206472.25101928314
4.439617317636333,206710.44708616773
4.428809661465763,206948.95793798906
4.4181848635144405,207187.78404030818
4.4079099476461465,207426.92585944125
4.398151937724563,207666.3838624638
4.389077857613444,207906.15851720766
4.380854731176541,208146.25029225645
4.3736495822775225,208386.65965696741
4.367629434780227,208627.38708145078
4.3629613125483075,208868.43303658284
4.359812239445532,209109.79799400127
4.35834923933561,209351.48242611563
4.358739336082323,209593.48680609206
4.3611225402281235,209835.81160788014
4.36543179088595,210078.45730618588
4.371504229489801,210321.42437648942
4.379176477748885,210564.7132950509
4.38828515737228,210808.32453889694
4.39866689006908,211052.25858583083
4.410158297548406,211296.51591443556
4.422596001519423,211541.09700406453
4.43581662369121,211786.00233486257
4.449656785772802,212031.2323877416
4.463953109473451,212276.7876444093
4.478542216502191,212522.6685873447
4.493260728568146,212768.8756998162
4.50794526738045,213015.4094658845
4.522432454648182,213262.27037038578
4.53655891208048,213509.4588989604
4.5501612613865206,213756.9755380224
4.563076124275327,214004.82077479124
4.5751401224560055,214252.9950972705
4.586194160616202,214501.49899426432
4.596174100153007,214750.3329553683
4.605108826890131,214999.49747098304
4.613031123121985,215248.99303229412
4.619973771143066,215498.8201313026
4.625969553247842,215748.9792608005
4.6310512517307245,215999.47091438726
4.635251648886225,216250.29558646842
4.6386035270087405,216501.4537722492
4.641139668392682,216752.94596774963
4.6428928553326045,217004.77266978938
4.64389587012289,217256.93437600884
4.644181495058007,217509.43158485225
4.643782512432452,217762.26479557535
4.642731704540566,218015.434508259
4.641061853676931,218268.94122378755
4.638805742135929,218522.78544387038
4.635996152212002,218776.96767103244
4.632665866199645,219031.4884086204
4.628847666393284,219286.34816079945
4.62457433508736,219541.54743256248
4.619878654576368,219797.08672972536
4.614793407154721,220052.9665589236
4.609351375116887,220309.18742763114
4.6035853407572915,220565.7498441445
4.597528086370431,220822.65431758747
4.591212394250732,221079.9013579234
4.5846710466926055,221337.49147594118
4.577936825990562,221595.42518327376
4.571042514439085,221853.70299237937
4.564020894332572,222112.32541656186
4.556904747965447,222371.2929699626
4.5497268576322085,222630.60616755896
4.542520005627281,222890.2655251799
4.535316974245163,223150.2715594885
4.528150545780292,223410.62478799783
4.521053502527067,223671.32572906595
4.514058626780013,223932.37490190062
4.507198700833527,224193.7728265592
4.500501690516643,224455.52002394863
4.493972922127881,224717.6170158269
4.487611076003688,224980.0643248109
4.48141483160056,225242.8624743716
4.475382868374922,225506.0119888339
4.469513865783185,225769.5133933846
4.463806503281845,226033.36721406918
4.458259460327369,226297.57397779636
4.4528714163761265,226562.13421233813
4.447641050884613,226827.04844632972
4.442567043309282,227092.31720927096
4.437648073106573,227357.9410315361
4.43288281973291,227623.92044436058
4.428269962644762,227890.25597985572
4.423808181298611,228156.94817100686
4.419496155150853,228423.99755166855
4.415332563657884,228691.40465657413
4.411316086276244,228959.17002133242
4.4074454024624,229227.29418243255
4.403719191672721,229495.77767724392
4.400136133363688,229764.62104401275
4.396694906991726,230033.82482187683
4.393394192013304,230303.38955085233
4.390232667884888,230573.31577184686
4.387209014062847,230843.60402664944
4.384321910003706,231114.2548579471
4.381570035163932,231385.26880930967
4.378952068999865,231656.64642520982
4.376466690968087,231928.3882509997
4.37411258052488,232200.49483294398
4.37188841712684,232472.96671819827
4.369792880230364,232745.80445480903
4.367824649291904,233019.00859173675
4.365982403767845,233292.57967883605
4.364264823114723,233566.51826686875
4.362670586788923,233840.8249075006
4.3611983742469675,234115.5001533045
4.359846864945212,234390.54455776553
4.358614713245771,234665.95867527413
4.357499503793889,234941.74306113776
4.356497374559126,235217.89827157254
4.355604360864504,235494.4248637115
4.354816498033102,235771.32339560793
4.354129821387943,236048.5944262286
4.353540366252091,236326.2385154672
4.353044167948553,236604.25622413075
4.3526372618004245,236882.64811395475
4.352315683130726,237161.41474759651
4.352075467262466,237440.5566886484
4.351912649518766,237720.07450162273
4.351823265222649,237999.96875196017
4.351803349697121,238280.24000604326
4.351848938265263,238560.88883117592
4.351956066250082,238841.91579560738
4.3521207689747285,239123.32146851663
4.352339081762125,239405.10642002447
4.352607039935364,239687.27122119337
4.352920678817526,239969.8164440207
4.353276033731589,240252.74266145224
4.35366914000069,240536.05044737895
4.354096032947751,240819.74037663665
4.354552747895951,241103.81302501308
4.355035320168241,241388.26896923923
4.355539785087728,241673.10878700472
4.356062177977407,241958.33305694925
4.356598534160369,242243.94235866945
4.35714488895961,242529.93727271364
4.3576972776982075,242816.3183806008
4.358251735699213,243103.0862647948
4.3588042982856905,243390.2415087335
4.359351000780649,243677.78469681344
4.359887878507081,243965.71641439653
4.360410966788152,244254.0372478102
4.36091630094684,244542.74778435766
4.361399916306226,244831.84861230763
4.361857848189331,245121.34032089947
4.362286131919191,245411.22350035355
4.3626808028188435,245701.49874185567
4.363037896211409,245992.1666375815
4.36335344741984,246283.22778067377
4.3636234917672425,246574.68276526677
4.363844064576654,246866.5321864707
4.364011201171081,247158.77664038382
4.364120936873604,247451.41672409076
4.364169307007288,247744.45303566256
4.364152346895125,248037.8861741601
4.364066091860209,248331.716739636
4.363906577225563,248625.94533313974
4.363669838314252,248920.57255671074
4.363351910449282,249215.5990133908
4.362948828953762,249511.0253072151
4.362456629150685,249806.8520432212
4.3618713463631025,250103.07982745432
4.361189015914093,250399.70926695495
4.36040567312665,250696.7409697784
4.3595173533238665,250994.17554497527
4.35852033841455,251292.01360262177
4.357415595106488,251590.255753793
4.35620828461164,251888.90261058428
4.354903716292924,252187.95478609885
4.353507199513388,252487.41289446387
4.352024043635964,252787.27755082693
4.350459558023687,253087.5493713399
4.348819052039445,253388.2289731985
4.347107835046245,253689.31697460994
4.345331216407047,253990.81399480923
4.343494505484884,254292.72065405909
4.34160301164269,254595.0375736555
4.3396620442434255,254897.76537591874
4.337676912650082,255200.90468421133
4.335652926225606,255504.45612292388
4.333595394333003,255808.4203174875
4.331509626335247,256112.79789437228
4.329400931595302,256417.5894810836
4.3272746194761424,256722.79570618033
4.325135999340773,257028.41719925316
4.322990380552085,257334.45459095004
4.320843072473124,257640.90851295984
4.3186993844668535,257947.77959802523
4.316564625896191,258255.0684799409
4.314444106124213,258562.77579355182
4.31234313451381,258870.9021747605
4.310267020427972,259179.44826053266
4.308221073229703,259488.41468888635
4.306210602281922,259797.80209890465
4.304240916947705,260107.6111307305
4.302317326589929,260417.84242557758
4.3004451405715685,260728.49662572128
4.298629668255643,261039.5743745117
4.296876219005128,261351.07631636813
4.295190102182971,261663.0030967755
4.293576627152149,261975.35536230652
4.292041103275622,262288.13376060163
4.29058883991641,262601.3389403817
4.289225146437445,262914.9715514505
4.287955332201733,263229.03224469227
4.286784706572206,263543.521672078
4.285718578911911,263858.44048666506
4.284762258583683,264173.78934259585
4.283921054950667,264489.56889510853
4.283200277375741,264805.7798005285
4.2826052352218795,265122.4227162808
4.282141237852045,265439.49830087967
4.28181359462927,265757.00721394503
4.281627614916502,266074.95011619537
4.281588608076689,266393.3276694495
4.281701883472806,266712.1405366307
4.281972750467887,267031.3893817684
4.28240651842485,267351.07487000234
4.283008496706643,267671.1976675824
4.283783994676327,267991.7584418709
4.284738321696807,268312.7578613425
4.285876787131087,268634.1965955843
4.287204700342102,268956.07531531126
4.28872737069284,269278.39469235303
4.290450107546349,269601.15539966157
4.292378220265533,269924.35811131314
4.294517018213327,270248.0035025143
4.296871810752805,270572.09224959434
4.299447907246886,270896.6250300168
4.302250617058533,271221.6025223797
4.305285249550749,271547.02540640405
4.30855711408644,271872.8943629667
4.312071520028681,272199.21007406386
4.315833776740405,272525.973222848
4.3198491935845595,272853.1844935988
4.324123079924149,273180.8445717563
4.3286607451221215,273508.9541439016
4.333467498541481,273837.513897761
4.33854864954516,274166.52452221164
4.343909507496207,274495.9867072899
4.349555381757483,274825.90114418324
4.3554915816920925,275156.2685252385
4.361723059811965,275487.08954396384
4.368242348883413,275818.3648950172
4.375026641496802,276150.09527423565
4.382052181127449,276482.2813786143
4.389295211250669,276814.923906316
4.39673197534168,277148.0235566714
4.404338716875841,277481.58103019133
4.41209167932837,277815.59702855063
4.419967106174553,278150.07225461246
4.42794124088968,278485.00741240446
4.435990326949053,278820.4032071427
4.44409060782796,279156.260345228
4.452218327001688,279492.57953423803
4.460349727945385,279829.36148294725
4.468461054134508,280166.6069013114
4.476528549044303,280504.3165004793
4.484528456150002,280842.4909927994
4.492437018926864,281181.1310918076
4.500230480850249,281520.23751223565
4.507885093522702,281859.8109700251
4.515381598343609,282199.85218231555
4.522712669795013,282540.361867445
4.529872942883642,282881.3407449699
4.536857052616227,283222.7895356393
4.543659633999482,283564.70896142896
4.550275322040093,283907.09974551795
4.55669875174479,284249.96261230623
4.56292455812023,284593.29828740144
4.568947376173213,284937.1074976427
4.574761840910412,285281.3909710851
4.580362587338485,285626.1494370118
4.585744250464202,285971.383625922
4.590901465294252,286317.0942695558
4.595828866835362,286663.2821008778
4.60052109009419,287009.94785408553
4.604972770077481,287357.09226461186
4.609178541791948,287704.71606912906
4.613133040244321,288052.8200055492
4.616830900441286,288401.40481302416
4.62026675738953,288750.4712319501
4.623435246095767,289100.02000396966
4.6263310015667685,289450.05187198025
4.628948658809151,289800.5675801223
4.631282852829727,290151.5678737893
4.633328218635086,290503.05349963857
4.63507939123204,290855.02520557295
4.636531005627262,291207.4837407679
4.637677696827453,291560.4298556568
4.638514099839327,291913.8643019341
4.639034849669613,292267.78783256287
4.6392345813249705,292622.20120178
4.63910792981217,292977.1051650875
4.638649530137883,293332.50047926774
4.637854017308825,293688.38790237304
4.636716026331769,294044.7681937385
4.635230192213285,294401.6421139799
4.633391149960161,294759.01042499254
4.631193534579168,295116.873889961
4.628631981076907,295475.2332733601
4.625701124460122,295834.0893409466
4.622395599735611,296193.44285978016
4.618710041909921,296553.2945982051
4.614639085989921,296913.6453258712
4.6101773669822705,297274.49581372616
4.605319519893584,297635.8468340132
4.60006017973069,297997.6991602884
4.594393981500247,298360.05356741254
4.58831556020894,298722.91083155153
4.581819550863543,299086.2717301868
4.574900588470726,299450.1370421161
4.567553308037191,299814.5075474449
4.559772344569652,300179.384027606
4.551552333074852,300544.76726534904
4.5428879085594644,300910.65804474737
4.533773706030246,301277.05715120013
4.524204360493826,301643.96537144145
4.514174506956962,302011.3834935255
4.5036793239295605,302379.31230684405
4.492757420519183,302747.752602133
4.481521815110682,303116.70517144946
4.470092834107973,303486.1708082081
4.458590803915129,303856.15030715376
4.447136050935953,304226.64446438313
4.435848901574488,304597.6540773454
4.424849682234651,304969.1799448248
4.414258719320372,305341.2228669735
4.404196339235625,305713.7836452928
4.39478286838434,306086.8630826437
4.386138633170489,306460.46198324766
4.37838395999799,306834.5811526823
4.371639175270772,307209.22139789927
4.366024605392823,307584.38352721574
4.361660576768102,307960.0683503148
4.358667415800525,308336.2766782589
4.357165448894023,308713.00932347914
4.357275002452582,309090.2670997911
4.359116402686013,309468.0508223862
4.362752695924883,309846.3613078365
4.368028052132885,310225.19937410386
4.3747343694699055,310604.565840538
4.38266354609587,310984.4615278813
4.39160748017072,311364.8872582561
4.4013580698543535,311745.84385519975
4.411707213306784,312127.3321436325
4.422446808687852,312509.3529498842
4.433368754157527,312891.9071016832
4.444264947875723,313274.99542815937
4.454927288002409,313658.61875986203
4.465147672697469,314042.7779287448
4.4747180001208875,314427.47376817703
4.48343016843252,314812.70711294195
4.491076075792364,315198.47879923705
4.497447620360333,315584.78966469684
4.502336700296368,315971.64054836176
4.505535213760311,316359.0322907078
4.506835058912245,316746.96573364234
4.506056225441853,317135.4417204955
4.5032763043099635,317524.4610960454
4.4987112896872645,317914.024706489
4.49257850331756,318304.1333994812
4.485095266944441,318694.78802410536
4.476478902311769,319085.9894308991
4.466946731163105,319477.7384718453
4.456716075242284,319870.03600037243
4.446004256292966,320262.88287136663
4.4350285960589275,320656.2799411672
4.424006416283845,321050.22806757415
4.413155038711324,321444.72810984595
4.402691785085281,321839.7809287071
4.392833977149351,322235.38738634606
4.38379893664721,322631.5483464204
4.375803985322648,323028.2646740639
4.369066444919284,323425.53723588015
4.363803637180922,323823.3668999453
4.360232883851253,324221.75453582685
4.358565534708006,324620.70101456787
4.358840358949209,325020.20720869675
4.36090136000756,325420.2739922346
4.3645821119610275,325820.9022406816
4.369716188887281,326222.0928310453
4.376137164864247,326623.84664182493
4.383678613969664,327026.16455301637
4.39217411028136,327429.04744611256
4.401457227877202,327832.49620412267
4.411361540834989,328236.51171155367
4.421720623232531,328641.0948544297
4.4323680491476125,329046.24652028305
4.443137392658102,329451.96759816166
4.453862227841768,329858.2589786318
4.464376128776493,330265.1215537833
4.474512669540005,330672.55621723004
4.484105424210242,331080.563864108
4.492987966864888,331489.14539108746
4.500993871581841,331898.3016963735
4.5079569223417195,332308.03367969947
4.513775607854328,332718.3422423391
4.518504253986208,333129.2282871094
4.52222017327297,333540.6927183712
4.525000678250223,333952.73644202726
4.526923081453447,334365.3603655392
4.528064695418223,334778.5653979067
4.52850283268009,335192.35244969896
4.528314805774642,335606.72243303136
4.52757792723736,336021.67626159923
4.526369509603867,336437.21485063306
4.524766865409703,336853.3391169516
4.522847307190389,337270.04997893836
4.5206881474814935,337687.34835654695
4.518366698818525,338105.2351713063
4.515960273737164,338523.7113463262
4.513546184772849,338942.7778062951
4.511201744461147,339362.43547748803
4.509004265337651,339782.6852877647
4.507031059937887,340203.5281665748
4.505348028679293,340624.96504496323
4.503957836459108,341046.9968555733
4.502841369057904,341469.62453263515
4.501979492058865,341892.8490119974
4.501353071045045,342316.67123109655
4.5009429715996845,342741.0921289913
4.500730059305766,343166.1126463438
4.500695199746488,343591.7337254299
4.500819258504947,344017.95631014195
4.501083101164284,344444.7813459943
4.501467593307652,344872.2097801242
4.501953600518149,345300.2425612892
4.502521988378845,345728.88063988334
4.503153622472965,346158.1249679245
4.503829368383563,346587.97649907274
4.504530091693766,347018.4361886185
4.505236657986728,347449.50499349774
4.5059299328455324,347881.18387229025
4.506590781853333,348313.47378522006
4.507200879098647,348746.3756941611
4.507753470912974,349179.8905626427
4.508250450673245,349614.0193558477
4.508693919606188,350048.7630406202
4.50908597893833,350484.12258546177
4.509428729896285,350920.0989605488
4.50972427370661,351356.69313771883
4.509974711595973,351793.9060904754
4.510182144790846,352231.7387940067
4.510348674517928,352670.19222517597
4.510476402003761,353109.2673625195
4.510567428474971,353548.9651862725
4.510623855158087,353989.28667833953
4.510647783279751,354430.23282233265
4.5106413140665325,354871.80460354214
4.510606548745088,355314.0030089596
4.510545588541888,355756.82902728097
4.51046053468356,356200.28364890255
4.510353488396802,356644.36786591867
4.5102265509080866,357089.0826721426
4.510081823444068,357534.4290630975
4.509921407231246,357980.4080360139
4.50974740349632,358427.02058985626
4.5095619134658875,358874.2677252927
4.509367038366491,359322.15044473176
4.509164879424688,359770.6697522995
4.508957537867133,360219.82665385865
4.508747114920411,360669.62215700635
4.508535711811007,361120.05727107223
4.508325429765662,361571.1330071295
4.508118370010905,362022.8503780059
4.50791663377332,362475.21039825585
4.5077223222795055,362928.2140842052
4.507537536756047,363381.8624539157
4.507364378429543,363836.15652722406
4.507204948526606,364291.0973257123
4.507061348273808,364746.6858727364
4.506935678897733,365202.923193414
4.506830041543424,365659.8103146333
4.506745770575051,366117.3482650559
4.506681557233051,366575.538075123
4.506635523668365,367034.3807770559
4.506605792032005,367493.87740485696
4.506590484474941,367954.02899431257
4.5065877231481295,368414.8365830125
4.506595630202483,368876.301210319
4.506612327789,369338.4239174148
4.506635938058693,369801.2057472591
4.506664583162404,370264.64774463314
4.506696385251203,370728.750956125
4.506729466476003,371193.5164301092
4.506761948987773,371658.9452168005
4.506791954937441,372125.0383682226
4.506817606476048,372591.7969382169
4.506837025754521,373059.22198245145
4.50684833492376,373527.31455841596
4.506849656134804,373996.07572543627
4.506839111538611,374465.5065446694
4.506815157592342,374935.6080791125
4.50677898369193,375406.3813936037
4.506733114840728,375877.8275548226
4.506680085113686,376349.947631294
4.506622428585686,376822.7426934072
4.506562679331665,377296.2138133901
4.506503371426561,377770.3620653313
4.506447038945268,378245.1885251892
4.506396215962681,378720.694270787
4.506353436553823,379196.8803818032
4.506321234793532,379673.7479398071
4.506302144756731,380151.29802822997
4.506298700518329,380629.53173238493
4.50631343615332,381108.4501394675
4.506348885736571,381588.0543385647
4.506407583342991,382068.3454206451
4.506492063047546,382549.3244785783
4.5066048589251295,383030.9926071199
4.506748505050666,383513.3509029391
4.506925326271968,383996.4004645981
4.507132556355344,384480.142392569
4.507362178070082,384964.57778924296
4.507605932965532,385449.7077589121
4.5078555625909615,385935.53340779454
4.508102808495806,386422.0558440274
4.508339412229361,386909.2761776784
4.508557115341063,387397.1955207359
4.5087476593801625,387885.8149871262
4.508902785896083,388375.13569270883
4.509014236438162,388865.15875528567
4.509073752555764,389355.8852945993
4.50907307579817,389847.31643234176
4.5090039477148025,390339.4532921559
4.508858109855041,390832.29699963034
4.508627303768165,391325.84868232824
4.5083032710035695,391820.1094697522
4.507877753110606,392315.0804933949
4.507342491638624,392810.76288669585
4.5066892857284415,393307.1577850838
4.505921073030493,393804.26632594696
4.505065136298086,394302.08964867605
4.504151975258921,394800.628894623
4.503212089640641,395299.88520713855
4.502275979170889,395799.8597315644
4.501374143577408,396300.55361523724
4.500537082587769,396801.9680074925
4.499795295929687,397304.1040596565
4.499179283330847,397806.96292508167
4.498719544518892,398310.54575911607
4.498446579221465,398814.8537191244
4.4983908871662805,399319.88796449435
4.498582968080967,399825.6496566265
4.499053321693211,400332.139958952
4.499832447730682,400839.3600369309
4.500950845921011,401347.3110580531
4.502439015991868,401855.99419184215
4.50432745767101,402365.4106098731
4.506646670685967,402875.5614857511
4.509416230802941,403386.44799514354
4.512601211604121,403898.07131575217
4.516149722969189,404410.43262735195
4.520009869339688,404923.5331117743
4.52412975515719,405437.373952897
4.52845748486321,405951.95633668493
4.532941162899391,406467.2814511716
4.537528893707204,406983.350486454
4.542168781728293,407500.16463471355
4.5468089314041436,408017.72509022366
4.55139744717637,408536.03304932686
4.555882433486488,409055.08971047687
4.56021199477604,409574.89627420745
4.564334235486626,410095.45394315687
4.568197260059847,410616.76392205706
4.571749172937189,411138.82741775835
4.574938078560223,411661.6456392213
4.577712081370549,412185.21979751234
4.5800192858096835,412709.5511058192
4.581812522120927,413234.64077945775
4.583103941572347,413760.49003586173
4.583946156927851,414287.100094598
4.584392560890365,414814.47217737394
4.5844965461628675,415342.6075080293
4.584311505448284,415871.5073125406
4.583890831449551,416401.17281905137
4.583287916869608,416931.60525783227
4.582556154411407,417462.8058613232
4.581748936777927,417994.7758641199
4.580919656672052,418527.51650297485
4.580121706796746,419061.02901680744
4.579408479854948,419595.3146467228
4.578833368549624,420130.3746359833
4.57844976558367,420666.21023004217
4.578311063660109,421202.82267652417
4.578470655481823,421740.2132252591
4.578981933751763,422278.3831282475
4.579898291172881,422817.3336397005
4.581272379950491,423357.0660160257
4.58312108166983,423897.5815158291
4.58541031064874,424438.8813999363
4.588102081437,424980.9669313674
4.5911584085844055,425523.83937537397
4.594541306640892,426067.49999942805
4.59821279015614,426611.9500732146
4.602134873680043,427157.1908686594
4.6062695717623825,427703.22365991265
4.610578898953051,428250.049723374
4.615024869801786,428797.6703376666
4.6195694988584535,429346.08678368066
4.624174800672904,429895.3003445354
4.628802789794889,430445.3123056196
4.633415480774289,430996.12395458075
4.637974888160869,431547.73658132006
4.6424430265044805,432100.1514780061
4.64678191035496,432653.36993909103
4.650953554262131,433207.3932612907
4.6549199740536125,433762.222743604
4.6586459087928915,434317.8596873236
4.662104573480647,434874.30539601255
4.665270827411462,435431.5611755452
4.668119529879988,435989.62833408127
4.670625540180808,436548.5081820913
4.672763717608532,437108.20203233976
4.6745089214578,437668.7111999108
4.67583601102325,438230.03700221295
4.67671984559945,438792.180758952
4.677135284481054,439355.14379216696
4.677057186962671,439918.92742623104
4.676460412338926,440483.5329878468
4.675319819904431,441048.96180604753
4.673610268953809,441615.2152122109
4.671306618781685,442182.29454006656
4.66838372868267,442750.2011256851
4.6648164579513605,443318.93630750437
4.660579665882409,443888.5014263086
4.655648211770412,444458.8978252426
4.650011102322182,445030.1268498413
4.6437607657742035,445602.1898479808
4.637035543114962,446175.08816994564
4.62997398261615,446748.82316838315
4.622714632549403,447323.3961983364
4.6153960411865285,447898.80861721974
4.608156756799161,448475.0617848684
4.601135327659023,449052.15706350777
4.594470302037848,449630.0958177579
4.588300228207245,450208.87941465725
4.5827636544391055,450788.5092236611
4.577999129004951,451368.9866166329
4.574145200176588,451950.3129678685
4.571340416225652,452532.48965407815
4.569723325423951,453115.51805441984
4.56943247604309,453699.3995504753
4.570606416354806,454284.13552627055
4.573383694630806,454869.72736827715
4.577902859142824,455456.17646542704
4.584293932210201,456043.48420909396
4.592510195888693,456631.6519931148
4.602338320366044,457220.681213794
4.613558477768805,457810.57326990174
4.625950840223368,458401.32956268545
4.639295579856167,458992.9514958675
4.653372868793667,459585.4404756602
4.6679628791623315,460178.7979107473
4.682845783088524,460773.0252123282
4.697801752698766,461368.12379408
4.71261096011952,461964.09507219505
4.7270535774771645,462560.94046536606
4.740909776898164,463158.66139479424
4.753959730508953,463757.2592842071
4.765983610436024,464356.73555984994
4.776761588805726,464957.09165049443
4.78607383774461,465558.3289874298
4.793700529379052,466160.4490045007
4.799421835835531,466763.45313808596
4.803018881473264,467367.3428270963
4.804397925940705,467972.11951301596
4.803713784500886,468577.78463986784
4.801150616262163,469184.3396542412
4.79689258033288,469791.7860052904
4.791123835821324,470400.1251447294
4.784028541835852,471009.35852686013
4.775790857484807,471619.4876085609
4.766594941876448,472230.51384929434
4.756624954119161,472842.4387111025
4.746065053321246,473455.2636586353
4.735099398591103,474068.9901591351
4.723912149036963,474683.61968245194
4.71268746376721,475299.15370104514
4.7016095018901325,475915.5936899815
4.690862422514087,476532.94112695043
4.6806303847473885,477151.1974922722
4.671097547698409,477770.3642688896
4.662448070475406,478390.44294238323
4.654866112186767,479011.4350009626
4.648496177276812,479633.3419355019
4.643304466900986,480256.1652395046
4.639207089452583,480879.9064091384
4.636120150682871,481504.56694322755
4.633959756343131,482130.14834326395
4.632642012184647,482756.6521134095
4.632083023958685,483384.07976050075
4.632198897416544,484012.4327940405
4.632905738309532,484641.71272624057
4.63411965238889,485271.92107198585
4.635756745405928,485903.05934886006
4.637733123111886,486535.1290771577
4.639964891258089,487168.1317798547
4.642368155595761,487802.06898266554
4.644859021876286,488436.9422140035
4.647353595850845,489072.7530050133
4.649767983270806,489709.5028895559
4.652018289887366,490347.1934042237
4.654020621451892,490985.8260883602
4.655696580767142,491625.4024840403
4.657028623429682,492265.9241360865
4.658037063361107,492907.39259207726
4.658742785373761,493549.8094023456
4.659166674280044,494193.1761199843
4.659329614892371,494837.4943008684
4.659252492022944,495482.7655036296
4.658956190484247,496128.9912896924
4.65846159508861,496776.17322326254
4.657789590648406,497424.3128713284
4.656961061975949,498073.4118036841
4.6559968938836676,498723.4715929066
4.654917971183863,499374.493814407
4.6537451786889505,500026.48004637944
4.65249940121123,500679.43186985597
4.651201523563131,501333.35086867656
4.649872430556968,501988.2386295085
4.648533007005142,502644.0967418735
4.647204137719953,503300.92679809954
4.645906707513802,503958.7303933761
4.644661601199047,504617.5091257493
4.643489703588031,505277.26459610194
4.642411899493169,505937.9984081879
4.641449073726761,506599.71216863015
4.640622111101209,507262.4074869088
4.639951896428826,507926.08597539493
4.639459314522028,508590.7492493346
4.639165250193145,509256.39892686193
4.639090588254533,509923.03662901133
4.639256213518564,510590.6639797055
4.639683010797626,511259.2826057788
4.640391864904046,511928.89413697197
4.641403660650212,512599.50020594883
4.642739282848453,513271.10244827624
4.6444196163111116,513943.7025024734
4.646465545850603,514617.3020099702
4.648897956279285,515291.9026151493
4.651737732409487,515967.50596532994
4.6550057356578805,516644.1137107808
4.658703323385481,517321.7275047258
4.662776969789121,518000.34900336433
4.667163565895606,518679.979865833
4.67180000273153,519360.6217542628
4.676623171323612,520042.2763337589
4.681569962698532,520724.94527240295
4.6865772678829245,521408.6302412809
4.691581977903567,522093.3329144553
4.696520983787053,522779.0549690047
4.7013311765601316,523465.7980850032
4.705949447249452,524153.56394554506
4.710312686881693,524842.3542367464
4.714357786483532,525532.170647733
4.718021637081705,526223.0148706755
4.721241129702804,526914.888600769
4.723953155373607,527607.7935362656
4.72609460512075,528301.7313784425
4.727602369970924,528996.7038316564
4.728413340950809,529692.7126033012
4.728481841695086,530389.759403851
4.7278764436723435,531087.8459468397
4.7267117251595465,531786.9739488823
4.72510239070553,532487.145129688
4.723163144859086,533188.3612120363
4.721008692168951,533890.6239218167
4.718753737183931,534593.9349880123
4.716512984452848,535298.2961427127
4.7144011385244085,536003.7091211248
4.712532903947462,536710.1756615704
4.711022985270773,537417.6975054963
4.709986087043092,538126.2763974841
4.709536913813253,538835.9140852564
4.709790170130006,539546.6123196675
4.71086056054213,540258.3728547208
4.712862789598361,540971.1974475827
4.715911561847605,541685.0878585889
4.720121581838612,542400.045851227
4.725607554120089,543116.0731921585
4.732476603691808,543833.1716512319
4.740700671334665,544551.3430014822
4.750135236331332,545270.5890191441
4.7606319690662104,545990.9114836232
4.772042539923888,546712.3121775569
4.784218619288822,547434.7928867742
4.79701187754543,548158.3554003475
4.810273985078325,548883.0015105378
4.823856612271982,549608.7330128587
4.837611429510801,550335.5517060554
4.85139010717937,551063.4593921113
4.865044315662132,551792.4578762616
4.87842572534359,552522.5489669883
4.891386006608286,553253.7344760458
4.90377682984068,553986.0162184479
4.915449865425245,554719.3960124777
4.9262567837464815,555453.8756797058
4.936049255188863,556189.457044997
4.944678950136947,556926.1419364889
4.951998438541693,557663.9321856295
4.957945353934548,558402.8296271724
4.9626110769655725,559142.8360991747
4.966103152138487,559883.9534430195
4.968529123957069,560626.1835034108
4.969996536925166,561369.5281283949
4.970612935546484,562113.9891693401
4.970485864324871,562859.5684809586
4.969722867764062,563606.2679213206
4.968431490367806,564354.0893518536
4.966719276640006,565103.0346373483
4.9646937710843275,565853.1056459614
4.9624625182045605,566604.3042492261
4.960133062504582,567356.6323220587
4.957812948488041,568110.091742773
4.955609720658828,568864.6843930711
4.9536309235206915,569620.412158054
4.951984101577409,570377.2769262437
4.950776799332772,571135.2805895668
4.950116561290486,571894.4250433843
4.9500774108092,572654.7121864826
4.950597469875248,573416.1439210718
4.951580424796774,574178.7221528211
4.952929961878908,574942.4487908409
4.954549767426769,575707.3257477017
4.956343527745403,576473.3549394286
4.958214929140013,577240.5382855285
4.960067657915644,578008.8777089767
4.961805400377443,578778.3751362312
4.963331842830527,579549.032497244
4.964550671579971,580320.8517254597
4.965365572930892,581093.8347578346
4.965680233188408,581867.9835348184
4.96539833865765,582643.300000395
4.964423575643693,583419.7861020594
4.96265963045164,584197.4437908458
4.960010189386708,584976.2750213342
4.9563789387538435,585756.2817516204
4.9516695648582925,586537.4659433886
4.945800986979862,587319.8295618447
4.938841547029526,588103.3745757926
4.930944296839186,588888.1029575919
4.922263256881564,589674.0166831731
4.912952447629166,590461.1177320699
4.903165889554728,591249.4080874047
4.893057603130785,592038.8897358917
4.882781608829973,592829.5646678653
4.8724919271249405,593621.434877261
4.862342578488324,594414.5023616487
4.852487583392687,595208.7691222181
4.84308096231068,596004.2371637858
4.834276735714951,596800.9084948406
4.82622892407808,597598.7851274831
4.819091547872745,598397.8690774998
4.813018627571523,599198.1623643291
4.808164183647008,599999.6670110842
4.804682236571892,600802.3850445438
4.802726806818768,601606.3184951936
4.802447792340388,602411.4693971989
4.803862824251468,603217.839788425
4.806832355170826,604025.4317104443
4.811207686312386,604834.2472085431
4.816840118889971,605644.2883317425
4.823580954117446,606455.5571327753
4.83128149320865,607268.0556681103
4.839793037377532,608081.7859979682
4.848966887837847,608896.7501863249
4.858654345803529,609712.9503009059
4.86870671248839,610530.3884132061
4.878975289106322,611349.0665984763
4.8893113768712055,612168.9869357775
4.899566276996822,612990.1515079408
4.909591290697122,613812.5624015841
4.919237719185929,614636.2217071534
4.928356863677081,615461.1315188784
4.9368000253844855,616287.2939348194
4.944418505521952,617114.711056857
4.951063736047601,617943.3849907129
4.956642442339486,618773.3178459307
4.961202222356064,619604.5117359193
4.9648127813598535,620436.9687779421
4.96754382461333,621270.6910931076
4.969465057378969,622105.6808064071
4.97064618491919,622941.9400467052
4.971156912496554,623779.4709467604
4.971066945373465,624618.2756432107
4.970445988812401,625458.3562766077
4.969363748075892,626299.7149913933
4.967889928426331,627142.3539359383
4.966094235126249,627986.2752625506
4.96404637343808,628831.4811274284
4.961816048624328,629677.9736907536
4.959472965947441,630525.7551166189
4.957086830669908,631374.8275731025
4.954727348054163,632225.1932322178
4.952464223362767,633076.8542699565
4.950367161858111,633929.8128662973
4.948496925335547,634784.0712051904
4.946861621447027,635639.6314745931
4.945450152879246,636496.4958664495
4.944251394301588,637354.666576727
4.943254220383551,638214.1458053954
4.942447505794647,639074.9357564541
4.941820125204288,639937.0386379575
4.941360953281972,640800.4566619508
4.941058864697169,641665.1920445679
4.940902734119291,642531.2470059952
4.940881436217865,643398.6237704693
4.940983845662345,644267.3245663084
4.941198837122187,645137.3516258972
4.941515285266888,646008.7071857363
4.94192206476589,646881.3934864042
4.942408050288648,647755.4127725749
4.942962116504603,648630.7672930578
4.943573138083323,649507.4593007595
4.9442299896942075,650385.4910527389
4.944921546006711,651264.8648101728
4.94563668169036,652145.5828383834
4.946364271414552,653027.647406864
4.9470931898488,653911.0607892603
4.947812311662531,654795.8252633689
4.948510511525242,655681.9431111917
4.949176664106446,656569.4166189077
4.949799644075526,657458.2480768708
4.950368326101966,658348.4397796751
4.950871584855292,659239.9940260831
4.951298295004889,660132.9131191139
4.951637331220283,661027.1993659905
4.951877568170929,661922.8550781758
4.952007880526281,662819.8825713819
4.952017142955853,663718.2841655776
4.951894230129,664618.0621849692
4.95162801671529,665519.2189580554
4.951207377384222,666421.7568176078
4.950621186805122,667325.678100684
4.949858583151709,668230.9851486266
4.948927421485493,669137.6803070905
4.947866375637602,670045.7659260326
4.946716993650924,670955.2443597532
4.945520823568302,671866.1179668576
4.9443194134325665,672778.3891102832
4.943154311286648,673692.0601573364
4.942067065173333,674607.1334796591
4.941099223135467,675523.61145327
4.94029233321595,676441.4964585445
4.9396879434576135,677360.790880248
4.939327601903329,678281.4971075293
4.939252856595928,679203.6175339395
4.939505255578283,680127.1545574405
4.940126346893251,681052.1105803846
4.941157678583693,681978.4880095714
4.942640798692423,682906.289256233
4.9446172552623295,683835.5167360229
4.947128596336242,684766.1728690634
4.950216369372441,685698.260079921
4.953898435215251,686631.7807976438
4.958106051854486,687566.7374557515
4.96275069022073,688503.1324922384
4.967743821244568,689440.9683495931
4.972996915856669,690380.2474748264
4.978421444987646,691320.9723194457
4.983928879568211,692263.1453394842
4.989430690528806,693206.7689954899
4.994838348800187,694151.8457525684
5.000063325312965,695098.3780803685
5.005017090997782,696046.3684530852
5.009611116785223,696995.8193494985
5.013756873605928,697946.7332529337
5.01736583239051,698899.1126513291
5.020349464069611,699852.9600371959
5.022619239573885,700808.2779076569
5.024086629833889,701765.0687644456
5.024663105780306,702723.335113911
5.02426013834372,703683.0794670306
5.022804306649974,704644.3043394258
5.020354039355183,705607.0122513551
5.017035803210888,706571.2057277539
5.012976631746909,707536.8872981985
5.008303558493168,708504.0594969656
5.0031436169795995,709472.7248629961
4.997623840736125,710442.8859399298
4.991871263292609,711414.5452761095
4.9860129181790285,712387.7054246056
4.980175838925248,713362.3689431852
4.974487059061161,714338.5383943563
4.9690736121167305,715316.2163453827
4.964062531621849,716295.4053682582
4.959580851106423,717276.1080397407
4.955755604100361,718258.326941367
4.9527138241335535,719242.0646594322
4.950582544736008,720227.3237850444
4.949488799437489,721214.1069140935
4.949559621768046,722202.4166472665
4.95091797866516,723192.2555900867
4.953577819255486,724183.6263528985
4.957434707126481,725176.5315508818
4.962378261735907,726170.9738040564
4.968298102541283,727166.9557372867
4.975083849000242,728164.4799803271
4.98262512057039,729163.5491677907
4.990811536709373,730164.1659391796
4.999532716874754,731166.332938879
5.008678280524165,732170.0528161876
5.018137847115241,733175.3282253172
5.027801036105586,734182.1618253969
5.037557466952762,735190.556280494
5.047296759114431,736200.5142596074
5.056908532048212,737212.0384366986
5.066282405211666,738225.1314906966
5.075307998062442,739239.7961054865
5.083874930058187,740256.0349699457
5.091872820656363,741273.8507779329
5.099191416608846,742293.2462283241
5.105752240901282,743314.2240250075
5.111550224035369,744336.7868768552
5.1165906301428805,745360.9374978243
5.120878723355645,746386.678606887
5.124419767805321,747414.0129280672
5.12721902762371,748442.9431904508
5.12928176694254,749473.472128195
5.130613249893614,750505.6024805501
5.131218740608688,751539.3369918425
5.13110350321945,752574.6784115114
5.130272801857728,753611.6294941083
5.128731900655254,754650.192999297
5.126486063743769,755690.3716918902
5.123540555255062,756732.1683418272
5.119900639320889,757775.5857242225
5.115571580072967,758820.6266193164
5.110558641643081,759867.2938125664
5.1048670881630045,760915.590094598
5.098502183764467,761965.5182612153
5.091479640147412,763017.0811134431
5.083870513233023,764070.2814575223
5.075764115705809,765125.1221049137
5.0672497715810465,766181.6058723307
5.058416804874184,767239.7355816901
5.049354539600529,768299.5140602201
5.0401522997754284,769360.944140384
5.030899409414303,770424.0286599287
5.021685192532431,771488.7704618954
5.012598973145202,772555.17239463
5.003730075268052,773623.2373117612
4.995167822916244,774692.9680722709
4.9870015401052115,775764.3675404557
4.979320550850204,776837.4385859541
4.972214179166684,777912.1840837518
4.965771749070029,778988.6069142248
4.9600825845755026,780066.7099630906
4.955236009698524,781146.4961214677
4.951321348454442,782227.9682858587
4.948422090978028,783311.1293581952
4.9465428409658045,784395.9822458035
4.9456315061685245,785482.5298614543
4.945634750900851,786570.7751233296
4.946499239477447,787660.7209550944
4.948171636213104,788752.3702858577
4.9505986054224,789845.7260502168
4.9537268114200685,790940.7911882066
4.957502918520788,792037.5686454062
4.96187359103925,793136.0613728707
4.966785493290104,794236.2723271939
4.972185289588069,795338.2044704562
4.9780196442478655,796441.8607703268
4.984235221584129,797547.2441999952
4.990778685911522,798654.3577381882
4.997596701544808,799763.204369255
5.004635932798649,800873.7870830924
5.011843043987682,801986.1088751908
5.019164699426625,803100.1727466627
5.026547869781126,804215.9817042305
5.033956423056281,805333.538760232
5.041379598854206,806452.8469326614
5.048808726256169,807573.9092451446
5.05623513434351,808696.7287269805
5.063650152197525,809821.3084131407
5.071045108899483,810947.651344263
5.078411333530752,812075.7605667092
5.0857401551725445,813205.6391325309
5.093022902906213,814337.2900995034
5.100250905813013,815470.7165311199
5.107415492974283,816605.9214966211
5.1145079934712925,817742.9080710114
5.121519736385352,818881.6793350539
5.128442050797744,820022.2383752702
5.135266265789824,821164.5882839983
5.14198371044283,822308.7321593462
5.148585713838045,823454.6731052559
5.155063605056853,824602.4142314862
5.16140871318045,825751.9586536238
5.167612367290161,826903.30949309
5.173665896467369,828056.4698771929
5.179560629793244,829211.4429390919
5.185287896349209,830368.2318178404
5.190839025216448,831526.8396583544
5.196205345476329,832687.269611485
5.201378186210121,833849.5248339996
5.206348876499163,835013.608488571
5.211108745424681,836179.5237438421
5.215649122068044,837347.2737743789
5.219961335510533,838516.8617607238
5.224036714833403,839688.2908894193
5.227866589118008,840861.5643529553
5.23144228744556,842036.6853498581
5.234755138897469,843213.657084637
5.237796472554962,844392.4827678556
5.240557617499391,845573.1656160853
5.243029902811983,846755.7088519643
5.245204657574092,847940.1157041985
5.24707521831094,849126.3894075492
5.248650561058469,850314.5332028756
5.2499469986602065,851504.5503371353
5.250980886185289,852696.4440633843
5.251768578702951,853890.2176408069
5.2523264312823414,855085.8743347354
5.2526707989926535,856283.4174166492
5.252818036903051,857482.8501641571
5.252784500082768,858684.1758610712
5.252586543600884,859887.3977973819
5.252240522526691,861092.5192692648
5.251762791929281,862299.5435791237
5.251169706877889,863508.4740355663
5.250477622441693,864719.3139534475
5.249702893689829,865932.0666538699
5.248861875691546,867146.7354641898
5.24797092351595,868363.3237180364
5.2470463922323205,869581.8347553367
5.246104636909749,870802.2719222973
5.245161964721689,872024.638571442
5.2442335960095505,873248.9380616364
5.243333672425422,874475.1737580459
5.2424762893544,875703.3490322158
5.241675542181412,876933.4672620533
5.240945526291441,878165.5318318161
5.240300337069527,879399.546132168
5.239754069900641,880635.513560174
5.239320820169851,881873.4375193061
5.2390146832620275,883113.3214194757
5.238849754562281,884355.1686770214
5.238840129455525,885598.9827147156
5.238999903326842,886844.7669618466
5.239343171561202,888092.5248541378
5.2398840295435605,889342.2598338233
5.240636572658971,890593.975349636
5.24161489629239,891847.6748568336
5.2428330958288,893103.3618172051
5.244305266653285,894361.0396990714
5.2460454585290535,895620.711977331
5.248060302584761,896882.3821334275
5.2503408675225245,898146.0536554216
5.252876261634711,899411.730037946
5.255655593213731,900679.4147822704
5.258667970552011,901949.1113962445
5.26190250194189,903220.8233944072
5.2653482956758495,904494.5542979169
5.268994460046244,905770.3076346103
5.272830103345527,907048.0869389961
5.276844333866066,908327.8957522748
5.281026259900202,909609.7376223659
5.285364989740444,910893.6161038824
5.289849631679203,912179.5347582089
5.294469294008763,913467.497153425
5.299213085021648,914757.5068644288
5.3040701130101695,916049.5674728407
5.309029486266809,917343.6825670947
5.314080313083892,918639.8557424331
5.319211701753886,919938.090600894
5.324409774443765,921238.3907513706
5.329646403992243,922540.7598095537
5.334889217667126,923845.2013980503
5.340105842012264,925151.7191462787
5.3452639035713645,926460.3166906016
5.350331028888405,927770.997674228
5.355274844507065,929083.7657473126
5.360062976971207,930398.624566924
5.364663052824611,931715.5777970718
5.369042698611125,933034.629108734
5.373169540874571,934355.7821798379
5.377011206158684,935679.0406953014
5.380535321007372,937004.4083470529
5.383709511964383,938331.8888340262
5.38650140557354,939661.4858621614
5.388878628378691,940993.2031444589
5.3908088069236015,942327.0444009744
5.39225956775212,943663.0133588389
5.39319853740804,945001.1137522405
5.393598669433686,946341.3493224854
5.39349624700759,947683.7238180055
5.392969087492773,949028.2409943128
5.392095731520087,950374.9046141077
5.39095471972027,951723.7184472332
5.389624592724132,953074.6862706892
5.388183891162328,954427.8118686747
5.386711155665765,955783.099032588
5.385284926865168,957140.5515610287
5.383983745391305,958500.1732598527
5.38288615187497,959861.9679421257
5.382070686946889,961225.9394281859
5.381615891237843,962592.0915456723
5.381600305378626,963960.4281294572
5.382102470000049,965330.9530217643
5.3832009257327655,966703.670072115
5.384974213207684,968078.5831373773
5.387500873055487,969455.6960817327
5.390859445907012,970835.012776781
5.395126877301408,972216.5371014238
5.400309976586925,973600.272942046
5.406319441731483,974986.2241923711
5.41305901837292,976374.394753567
5.420432452149086,977764.7885342675
5.428343488697763,979157.4094505045
5.436695873656802,980552.2614258277
5.445393352664041,981949.34839125
5.45433967135736,983348.6742852832
5.463438575374468,984750.2430539614
5.472593810353288,986154.0586508415
5.481709121931601,987560.1250370259
5.4906882557473295,988968.446181199
5.499434957438169,990379.0260595793
5.507852972642013,991791.8686560125
5.515846046996728,993206.9779619443
5.5233179261400664,994624.3579764295
5.530172355709922,996044.0127061825
5.536313081344062,997465.9461655506
5.541643873754367,998890.1623765649
5.546102765575085,1000316.6653689495
5.549729911756245,1001745.459180108
5.552584409509521,1003176.5478551683
5.554725356046447,1004609.9354469981
5.556211848578613,1006045.6260162066
5.557102984317652,1007483.6236311672
5.557457860475154,1008923.9323680557
5.557335574262751,1010366.5563108078
5.556795222891964,1011811.4995511932
5.555895903574509,1013258.76618881
5.5546967135219205,1014708.3603310932
5.55325674994576,1016160.2860933383
5.551635110057745,1017614.5475987316
5.54989089106941,1019071.148978323
5.548083190192287,1020530.0943711005
5.54627110463808,1021991.3879239624
5.544513731618409,1023455.0337917554
5.54287016834472,1024921.036137284
5.541399512028846,1026389.3991313046
5.540153964959785,1027860.1269526074
5.539137639239527,1029333.2237879384
5.538334165905724,1030808.6938320955
5.537727100277323,1032286.5412879309
5.537299997673287,1033766.7703663238
5.5370364134124515,1035249.3852862254
5.536919902813764,1036734.3902746983
5.536934021196188,1038221.7895668959
5.537062323878573,1039711.5874061016
5.537288366179865,1041203.7880437376
5.537595703419001,1042698.3957393595
5.537967890914842,1044195.4147607255
5.5383884839864095,1045694.8493837601
5.53884103795248,1047196.7038926317
5.53930910813213,1048700.982579679
5.53977624984411,1050207.6897455184
5.540226018407452,1051716.8296990076
5.5406419691410065,1053228.4067572784
5.541007657363764,1054742.4252457682
5.541307236449569,1056258.8894981993
5.54153647235232,1057777.803856635
5.541701664911727,1059299.1726714645
5.541809495640464,1060823.0003014589
5.5418666460512895,1062349.2911137664
5.54187979765689,1063878.0494838902
5.54185563197008,1065409.2797957824
5.5418008305035045,1066942.986441816
5.541722074769922,1068479.1738228013
5.541626046282062,1070017.8463480123
5.541519426552682,1071559.0084352104
5.54140889709447,1073102.6645106473
5.541301139420142,1074648.8190090973
5.541202835042483,1076197.4763738604
5.54112066547421,1077748.641056802
5.54106131222801,1079302.3175183167
5.541031456816626,1080858.5102274318
5.541037780752802,1082417.2236617543
5.5410869655492405,1083978.4623075118
5.541185682468225,1085542.2306595796
5.541339439573932,1087108.533221481
5.541551526159012,1088677.374505429
5.541824982133292,1090248.7590322916
5.542162847406743,1091822.6913317
5.542568161889292,1093399.175941983
5.5430439654908525,1094978.2174101926
5.5435932981213085,1096559.8202921995
5.544219199690602,1098143.9891526175
5.544924710108731,1099730.7285648768
5.545712869285467,1101320.043111226
5.546586717130822,1102911.9373827276
5.547549293554681,1104506.4159793374
5.548603638466986,1106103.4835098544
5.549752791777607,1107703.1445919839
5.550999793396585,1109305.4038523498
5.552347683233705,1110910.265926465
5.553799501198924,1112517.735458828
5.555358287202182,1114127.817102904
5.557027081153407,1115740.5155211252
5.55880892296247,1117355.8353849028
5.56070685253934,1118973.7813747325
5.5627239097939025,1120594.358180094
5.564863134636127,1122217.5704995499
5.5671275669758415,1123843.423040739
5.569520246723002,1125471.9205203725
5.572044213787606,1127103.067664316
5.574702508079483,1128736.869207545
5.577498169508587,1130373.329894195
5.580434237984804,1132012.4544775572
5.583513753418089,1133654.2477201212
5.586739755718341,1135298.7143936015
5.590115284795502,1136945.8592789334
5.59364338055947,1138595.6871662834
5.597327082920145,1140248.2028550848
5.601169431787483,1141903.4111541049
5.60517346707141,1143561.3168813356
5.609342228681811,1145221.9248641653
5.6136787565286,1146885.2399393027
5.6181838458744835,1148551.266952786
5.622834708234649,1150220.0107600933
5.627594452739402,1151891.4762260474
5.632425998776924,1153565.6682249494
5.637292265735283,1155242.5916405001
5.642156173002533,1156922.2513658695
5.646980639966742,1158604.6523037073
5.651728586016048,1160289.7993661705
5.656362930538492,1161977.6974749279
5.660846592922084,1163668.3515612034
5.66514249255512,1165361.7665657557
5.669213548825468,1167057.947438946
5.673022681121324,1168756.8991407016
5.676532808830743,1170458.6266405932
5.679706851341805,1172163.1349178457
5.682507728042623,1173870.4289612935
5.684898358321206,1175580.5137695072
5.68684166156568,1177293.3943506978
5.688300557164183,1179009.0757228367
5.689239234080006,1180727.5629136255
5.689667334552212,1182448.8609605085
5.689651383390412,1184172.9749107345
5.689261496951005,1185899.9098213348
5.688567791590444,1187629.6707591529
5.687640383665183,1189362.2628008972
5.6865493895315495,1191097.6910331377
5.685364925546011,1192835.960552275
5.684157108065023,1194577.0764646784
5.682996053444967,1196321.043886607
5.681951878042284,1198067.867944245
5.681094698213386,1199817.5537737836
5.680494630314641,1201570.1065213638
5.680221790702561,1203325.5313431583
5.6803462957335285,1205083.8334053562
5.68093826176397,1206845.0178841602
5.68206780515024,1208609.0899658834
5.683805042248892,1210376.054846936
5.68622008941621,1212145.917733778
5.689383012367287,1213918.6838430776
5.693333026239571,1215694.358401586
5.698026160831489,1217472.9466462622
5.70340456603401,1219254.453824276
5.709410391738089,1221038.8851929526
5.7159857878346685,1222826.2460199404
5.723072904214746,1224616.5415830503
5.730613890769263,1226409.777170451
5.738550897389189,1228205.9580805681
5.746826073965508,1230005.0896221672
5.755381570389147,1231807.177114349
5.764159536551105,1233612.2258865882
5.773102122342323,1235420.2412787287
5.782151477653812,1237231.2286410583
5.791249752376487,1239045.1933342514
5.800339096401302,1240862.14072946
5.809361659619242,1242682.0762083195
5.81825959192129,1244505.0051629345
5.826975043198402,1246330.9329959357
5.8354501633415055,1248159.8651205022
5.843633658919487,1249991.8069603746
5.851515272788205,1251826.7639498773
5.859100590950121,1253664.7415339223
5.866395233271163,1255505.7451680673
5.873404819617306,1257349.780318502
5.88013496985441,1259196.8524621243
5.8865913038484905,1261046.967086499
5.892779441465407,1262900.129689891
5.898705002571148,1264756.3457813482
5.904373607031644,1266615.6208806443
5.909790874712783,1268477.9605183648
5.914962425480525,1270343.3702358743
5.919893879200828,1272211.8555853846
5.924590855739609,1274083.4221299505
5.9290589749627856,1275958.0754435102
5.933303856736288,1277835.8211108996
5.937331120926089,1279716.664727856
5.941146387398064,1281600.6119010688
5.944755276018213,1283487.6682482206
5.9481634066524265,1285377.8393979464
5.951376399166605,1287271.1309899017
5.954399873426766,1289167.5486747767
5.957239449298811,1291067.098114338
5.959900746648685,1292969.784981424
5.962389385342249,1294875.6149599587
5.964710985245503,1296784.5937449932
5.966871166224351,1298696.727042758
5.968875548144766,1300612.020570656
5.970729750872664,1302530.4800572519
5.972439394273948,1304452.1112423772
5.974010098214606,1306376.919877052
5.975447482560526,1308304.911723611
5.976757167177652,1310236.0925556798
5.977944771931931,1312170.4681581813
5.979015916689249,1314108.0443273585
5.97997622131561,1316048.8268708636
5.980831305676929,1317992.821607698
5.981586789639081,1319940.034368292
5.982248293068082,1321890.4709945102
5.9828214358298055,1323844.1373396479
5.983311837790254,1325801.0392685381
5.983725118815286,1327761.1826574646
5.984066898770891,1329724.5733942788
5.984342797522942,1331691.2173783493
5.984558434937384,1333661.1205206614
5.9847194308802045,1335634.2887438035
5.984831405217307,1337610.7279819637
5.984899977814649,1339590.444180991
5.984930768538092,1341573.443298411
5.984929397253609,1343559.7313034697
5.984901483827173,1345549.3141771187
5.984852648124686,1347542.1979120513
5.984788510012081,1349538.3885127634
5.984714689355286,1351537.8919955322
5.984636806020248,1353540.714388468
5.984560479872883,1355546.8617315115
5.984491330779122,1357556.3400765068
5.984434978603545,1359569.1554871772
5.984395720452511,1361585.3140391605
5.984372722631051,1363604.8218200826
5.984363907595721,1365627.684929505
5.9843671978031665,1367653.9094789878
5.984380515710029,1369683.501592156
5.984401783772924,1371716.4674046445
5.984428924448423,1373752.8130641934
5.984459860193169,1375792.544730614
5.984492513463806,1377835.6685758536
5.984524806716905,1379882.1907840213
5.9845546624090815,1381932.1175514127
5.984580002996964,1383985.4550864876
5.984598750937209,1386042.2096099637
5.9846088286863335,1388102.3873548326
5.984608158701064,1390165.994566317
5.98459466343796,1392233.0375019552
5.984566265353649,1394303.5224316572
5.984520886904733,1396377.4556376613
5.984456450547853,1398454.8434145995
5.984371315550689,1400535.692069484
5.984267915214744,1402620.007921803
5.984150901772949,1404707.7973035076
5.984024949741027,1406799.066558997
5.983894733634742,1408893.8220452154
5.9837649279697445,1410992.0701316588
5.983640207261843,1413093.8172003508
5.983525246026744,1415199.0696459597
5.983424718780071,1417307.8338757136
5.983343300037646,1419420.11630957
5.983285664315133,1421535.9233800787
5.983256486128326,1423655.2615325416
5.983260439992847,1425778.1372249476
5.98330220042449,1427904.5569281115
5.98338644193889,1430034.527125538
5.983517839051871,1432168.0543136012
5.983701066279124,1434305.1450015216
5.983940798136331,1436445.8057112999
5.984241709139269,1438590.0429779396
5.984608153238085,1440737.8633492587
5.985034976229528,1442889.2733861015
5.98550615237221,1445044.2796622226
5.986005061146571,1447202.8887644168
5.98651508203325,1449365.107292485
5.987019594512645,1451530.9418592711
5.987501978065282,1453700.399090733
5.987945612171686,1455873.4856259157
5.9883338763123675,1458050.2081170236
5.988650149967768,1460230.573229373
5.988877812618483,1462414.5876415353
5.989000243744869,1464602.2580452925
5.989000822827521,1466793.5911456023
5.988862929347022,1468988.5936608026
5.9885699427837835,1471187.272322474
5.988105242618246,1473389.633875551
5.987452208331007,1475595.6850783173
5.986594219402548,1477805.432702448
5.985514655313324,1480018.8835330552
5.984196957394644,1482236.0443686664
5.982645141406465,1484456.9220212938
5.980913483563128,1486681.5233164742
5.97906379142691,1488909.8550932438
5.977157872560042,1491141.9242042315
5.975257534524886,1493377.7375156342
5.9734245848836025,1495617.301907255
5.971720831198525,1497860.6242725772
5.970208081031885,1500107.7115187265
5.968948141946001,1502358.570566566
5.96800282150312,1504613.2083506705
5.967433927265532,1506871.6318193786
5.967303266795469,1509133.847934831
5.967672647655164,1511399.8636729787
5.968603877407048,1513669.6860236346
5.970158763613242,1515943.3219904697
5.9723991138360475,1518220.778591086
5.975386735637784,1520502.0628570246
5.979183436580669,1522787.1818338057
5.9838510242270075,1525076.1425809045
5.989431675084248,1527368.9521718565
5.995857110138289,1529665.617694255
6.00302044993748,1531966.1462497695
6.010814774555428,1534270.5449541875
6.019133164065693,1536578.8209374654
6.027868698541766,1538890.981343693
6.036914458057325,1541207.0333312124
6.046163522685887,1543526.9840725912
6.0555089725010305,1545850.840754666
6.064843887576288,1548178.6105785274
6.07406134798525,1550510.3007596605
6.083054433801493,1552845.9185278772
6.091716225098608,1555185.4711274002
6.099939801950086,1557528.9658168291
6.107618244429602,1559876.4098692476
6.1146446326106485,1562227.81057222
6.120912046566801,1564583.1752278246
6.12631356637165,1566942.51115266
6.130742272098686,1569305.8256779215
6.13409961717376,1571673.1261494095
6.1364092694318515,1574044.4199275612
6.137787428919523,1576419.7143874364
6.1383525881739445,1578799.0169188941
6.138223239732326,1581182.334926401
6.137517876131724,1583569.6758292855
6.136354989909364,1585961.0470616012
6.134853073602372,1588356.4560722718
6.1331306197478455,1590755.910325065
6.131306120883025,1593159.4172986138
6.129498069545022,1595566.984486505
6.127824958270963,1597978.6193972414
6.126405279598046,1600394.3295543208
6.12535752606334,1602814.122496267
6.124800190204084,1605238.0057766624
6.124851764557405,1607665.9869641338
6.125630741660402,1610098.0736424422
6.127255614050284,1612534.2734104802
6.129844874264208,1614974.5938823167
6.133515645733013,1617419.0426872391
6.138298084582388,1619867.6274697762
6.1440846999867915,1622320.3558897064
6.150755821330463,1624777.2356221478
6.158191777997445,1627238.2743575228
6.166272899371904,1629703.4798016592
6.174879514838011,1632172.8596757653
6.183891953779863,1634646.4217164745
6.193190545581601,1637124.1736759245
6.202655619627407,1639606.1233217327
6.212167505301366,1642092.2784370524
6.221606531987604,1644582.6468206288
6.230853029070346,1647077.2362867624
6.239787325933662,1649576.0546654249
6.248289751961693,1652079.1098022917
6.256240636538607,1654586.4095586473
6.263520309048488,1657097.96181157
6.270009098875562,1659613.7744539203
6.275587335403841,1662133.85539435
6.2801353514842475,1664658.2125573244
6.283577647860923,1667186.8538832038
6.285993257915152,1669719.787328253
6.287494991966881,1672257.0208646285
6.288195660336186,1674798.5624805426
6.288208073342929,1677344.42018018
6.287645041307201,1679894.6019837428
6.28661937454892,1682449.1159275202
6.285243883388162,1685007.9700639124
6.283631378144847,1687571.1724615
6.281894669139007,1690138.7312049707
6.280146566690604,1692710.6543952986
6.2784998811196004,1695286.9501496698
6.277067422746043,1697867.6266015547
6.275962001889923,1700452.691900741
6.275296428871201,1703042.1542133947
6.275183514009868,1705636.0217220334
6.2757360676258855,1708234.3026256103
6.27706690003933,1710837.0051395737
6.279288821570091,1713444.137495793
6.2825000042766845,1716055.7079427517
6.286676968309308,1718671.7247454133
6.2917359545322,1721292.196185414
6.297592771887693,1723917.13056099
6.304163229317965,1726546.536187036
6.311363135765191,1729180.421395191
6.319108300171607,1731818.794533813
6.327314531479402,1734461.6639680257
6.33589763863084,1737109.038079806
6.3447734305680825,1739760.9252679811
6.35385771623335,1742417.3339481917
6.3630663045688465,1745078.2725531254
6.372315004516764,1747743.749532294
6.381519625019365,1750413.7733523168
6.39059597501884,1753088.3524967837
6.399459863457409,1755767.4954663916
6.408027099277248,1758451.2107788934
6.416213491420521,1761139.5069692347
6.4239348488295605,1763832.3925895286
6.431109031604905,1766529.8762090665
6.43770503064853,1769231.9664144563
6.443745265950682,1771938.6718095466
6.449254668596012,1774650.0010155514
6.45425816966916,1777365.9626710117
6.4587807002547635,1780086.5654318833
6.46284719143749,1782811.8179715879
6.466482574301892,1785541.7289809857
6.469711779932723,1788276.3071684905
6.472559739414564,1791015.5612600425
6.47505138383201,1793759.4999991478
6.477211644269801,1796508.1321470034
6.479065451812531,1799261.4664824475
6.480637737544768,1802019.511801997
6.481953432551251,1804782.2769199237
6.48303746791656,1807549.7706683052
6.483914774725406,1810322.0018969998
6.484610284062327,1813098.9794737613
6.4851489270120055,1815880.7122842008
6.485555634659107,1818667.2092318886
6.485855338088271,1821458.4792383683
6.486072968384093,1824254.5312431694
6.48623345663124,1827055.3742039101
6.48636173391435,1829861.0170962587
6.486482731318063,1832671.4689140383
6.486621379927001,1835486.738669252
6.486802610825805,1838306.8353920572
6.487051355099169,1841131.7681309092
6.487392543831646,1843961.5459525224
6.487851108107947,1846796.1779419223
6.488451979012623,1849635.6732025642
6.4892200876304,1852480.0408562154
6.49018036504593,1855329.2900431515
6.491357742343723,1858183.4299221057
6.492777150608589,1861042.4696703604
6.494463520925024,1863906.4184836815
6.496441784377765,1866775.2855765836
6.498736872051367,1869649.080182066
6.501373715030567,1872527.8115519036
6.504368587860526,1875411.488956596
6.507693916589446,1878300.1216853666
6.511308276568087,1881193.7190462574
6.51517023781112,1884092.2903661686
6.519238370333028,1886995.8449909007
6.523471244148382,1889904.3922851135
6.527827429271724,1892817.9416325428
6.532265495717667,1895736.502435798
6.536744013500709,1898660.0841166873
6.541221552635406,1901588.696115975
6.545656683136329,1904522.3478936388
6.550007975018005,1907461.0489288303
6.554233998295004,1910404.8087198758
6.558293322981925,1913353.6367843857
6.56214451909328,1916307.542659228
6.565746156643584,1919266.5359007062
6.569056805647492,1922230.6260843836
6.572035036119445,1925199.8228053425
6.574639418074071,1928174.1356780773
6.57683167950097,1931153.5743366317
6.5786139358735625,1934138.148434558
6.580016217987804,1937127.86764503
6.581069113019453,1940122.7416608694
6.581803208144265,1943122.7801945214
6.58224909053807,1946127.9929782066
6.58243734737664,1949138.3897638672
6.582398565835803,1952153.9803232928
6.58216333309133,1955174.7744480805
6.581762236319008,1958200.7819497467
6.581225862694623,1961232.0126597437
6.580584799393989,1964268.4764295008
6.579869633592892,1967310.1831304284
6.57911095246709,1970357.1426540564
6.578339343192425,1973409.3649120245
6.577585392944684,1976466.859836053
6.576879688899609,1979529.6373781438
6.57625281823303,1982597.7075105093
6.575735368120746,1985671.0802256032
6.575357539609641,1988749.7655362496
6.575130258754385,1991833.773475658
6.575036621571144,1994923.1140974115
6.57505755424377,1998017.7974755818
6.575173982956144,2001117.8337047168
6.57536683389209,2004223.2328999701
6.575617033235446,2007334.0051970475
6.57590550717012,2010450.1607522778
6.576213181879922,2013571.7097427025
6.576520983548733,2016698.662366091
6.5768098383603615,2019831.0288409577
6.577060672498703,2022968.8194066924
6.577254412147624,2026112.0443234632
6.57737198349092,2029260.7138724471
6.577394312712485,2032414.8383556898
6.577302325996143,2035574.4280962949
6.577076949525804,2038739.4934383677
6.576699109485247,2041910.0447471347
6.576149732058369,2045086.0924089449
6.575409746624885,2048267.64683136
6.5744681556274,2051454.7184431418
6.573339461367283,2054647.3176943136
6.572043188604923,2057845.4550562494
6.570598862100525,2061049.141021692
6.569026006614493,2064258.3861047837
6.567344146907132,2067473.2008411442
6.56557280773869,2070693.5957878856
6.56373151386957,2073919.5815236755
6.561839790060091,2077151.1686488132
6.55991716107043,2080388.367785188
6.557983151661091,2083631.189576459
6.556057286592306,2086879.6446879546
6.554159090624353,2090133.7438068541
6.552308088517606,2093393.4976421602
6.55052380503237,2096658.916924746
6.548825764928949,2099930.0124074044
6.547233492967649,2103206.794864953
6.545766513908831,2106489.275094211
6.544444352512784,2109777.4639140884
6.543286533539828,2113071.372165576
6.542312581750252,2116371.010711915
6.541542021904448,2119676.390438521
6.540994378762605,2122987.522253083
6.54068917708517,2126304.417085623
6.540645941632405,2129627.0858885013
6.540884197164601,2132955.5396365398
6.5414234684421615,2136289.7893270114
6.54228328022532,2139629.8459796743
6.543483157274366,2142975.7206368498
6.5450426243497475,2146327.4243635326
6.54698120621164,2149684.968247351
6.549318427620449,2153048.363398583
6.5520738133364915,2156417.6209503775
6.555266888120002,2159792.752058616
6.558917176731413,2163173.7679020423
6.563044203930929,2166560.6796823884
6.567667494478968,2169953.4986242554
6.5728065731357646,2173352.2359752865
6.578479300217623,2176756.903006187
6.584668244603932,2180167.511010836
6.591322269410284,2183584.071306152
6.598388890652814,2187006.5952323903
6.605815624347613,2190435.094152994
6.613549986510847,2193869.579454736
6.621539493158608,2197310.0625477554
6.62973166030703,2200756.5548656406
6.6380740039723065,2204209.067865416
6.64651404017053,2207667.6130276113
6.654999284917807,2211132.20185639
6.663477254230344,2214602.84587946
6.671895464124191,2218079.5566482833
6.6802014306155115,2221562.3457379523
6.688342669720441,2225051.22474745
6.696266697455172,2228546.205299495
6.70392102983574,2232047.299040735
6.711253182878323,2235554.5176417534
6.718210672599071,2239067.8727971064
6.724741199975284,2242587.376225421
6.730818070907503,2246113.0396693544
6.736466156138931,2249644.874895772
6.741716515468482,2253182.8936956744
6.7466002086950425,2256727.1078844103
6.75114829561754,2260277.5293015526
6.755391836034846,2263834.169811049
6.75936188974589,2267397.041301242
6.76308951654957,2270966.15568502
6.7666057762447736,2274541.5248997104
6.769941728630386,2278123.160907212
6.77312843350532,2281711.0756940832
6.776196950668506,2285305.281271563
6.779178339918801,2288905.7896756404
6.782103661055132,2292512.612966998
6.785003973876371,2296125.7632313063
6.787910338181447,2299745.2525790376
6.790853813769246,2303371.0931456327
6.793865460438724,2307003.2970915395
6.796976337988681,2310641.8766022697
6.800211539346208,2314286.8438884835
6.8035689214591315,2317938.2111859825
6.807038574597328,2321595.9907558127
6.810610588450643,2325260.1948842867
6.814275052708908,2328930.8358830395
6.818022057062009,2332607.9260891518
6.821841691199722,2336291.4778651204
6.825724044811949,2339981.5035989657
6.829659207588492,2343678.015704255
6.83363726921921,2347381.026620157
6.837648319393892,2351090.548811583
6.841682447802469,2354806.5947691086
6.845729744134729,2358529.177009149
6.84978029808056,2362258.30807388
6.85382419932975,2365994.000531498
6.857851537572145,2369736.266976073
6.861852402497604,2373485.120027692
6.8658168837960005,2377240.572332584
6.869735071157152,2381002.636563056
6.873598003181769,2384771.325417589
6.8774074128021425,2388546.6516209426
6.881171775908612,2392328.627924181
6.884899673942812,2396117.26710473
6.888599688346574,2399912.581966385
6.892280400561532,2403714.585339521
6.895950392029491,2407523.2900809315
6.899618244192169,2411338.70907409
6.903292538491272,2415160.8552290886
6.90698185636856,2418989.741482768
6.910694779265754,2422825.380798671
6.914439888624571,2426667.786167239
6.918225765886746,2430516.9706057864
6.922060992494011,2434372.9471585257
6.925954149888128,2438235.72889678
6.929913819510773,2442105.3289188384
6.933948582803708,2445981.7603501338
6.938067021208667,2449865.0363433566
6.942277716167382,2453755.170078393
6.946588911569364,2457652.174762455
6.950995289271589,2461556.063630104
6.955473654896281,2465466.8499433137
6.959999592986691,2469384.5469915993
6.96454868808604,2473309.1680919733
6.969096524737566,2477240.7265891107
6.973618687484503,2481179.235855325
6.978090760870089,2485124.7092906437
6.982488329437544,2489077.16032296
6.986786977730134,2493036.6024079504
6.990962290291051,2497003.049029247
6.994989851663547,2500976.51369844
6.998845246390843,2504957.0099551626
7.0025040590162035,2508944.551367186
7.005941874082865,2512939.151530357
7.0091342761340485,2516940.8240688923
7.012056849712948,2520949.582635156
7.014685179362843,2524965.4409099715
7.016994849626968,2528988.412602488
7.018961457693209,2533018.5114504048
7.020572440689449,2537055.751219926
7.021849040220303,2541100.145705859
7.022818491769485,2545151.7087317347
7.023508030820807,2549210.4541496877
7.023944892858012,2553276.3958407734
7.02415631336477,2557349.5477148513
7.02416952782491,2561429.9237107593
7.024011771722172,2565517.5377961933
7.023710280540328,2569612.403968027
7.02329228976312,2573714.5362521945
7.022785034874303,2577823.948703829
7.022215751357649,2581940.655407271
7.021611674696885,2586064.670476242
7.02100004037581,2590196.008053729
7.020408083878124,2594334.6823122487
7.019863040687653,2598480.7074538246
7.019392146288084,2602634.097709974
7.019022636163243,2606794.867341925
7.018781745796801,2610963.0306405695
7.018697859261081,2615138.6019265666
7.018807007239886,2619321.595550447
7.01914834377996,2623512.0258925823
7.019761032206134,2627709.9073633133
7.020684235843348,2631915.2544030854
7.021957118016488,2636128.0814824067
7.023618842050411,2640348.4031018945
7.02570857127003,2644576.233792475
7.028265469000303,2648811.588115336
7.031328698566043,2653054.4806620325
7.034937423292163,2657304.9260545736
7.0391308065035645,2661562.938945452
7.043948011525188,2665828.534017731
7.049428201681891,2670101.725985149
7.055610540298446,2674382.529592094
7.0625341906999495,2678670.9596138047
7.070238316211203,2682967.0308562308
7.078762080157091,2687270.758156384
7.088144645862485,2691582.156382181
7.098420655240446,2695901.240432569
7.109542377071605,2700228.02523765
7.121390181776491,2704562.5257587163
7.133842025473328,2708904.756988315
7.146775864280329,2713254.733950262
7.160069654315805,2717612.4716998865
7.17360135169794,2721977.985323828
7.187248912545044,2726351.2899404173
7.2008902929753305,2730732.4006995144
7.214403449107053,2735121.3327826555
7.227666337058423,2739518.101403105
7.240556912947653,2743922.7218060032
7.252953132893069,2748335.2092683413
7.264732953012924,2752755.57909907
7.275774329425403,2757183.846639229
7.285955218248773,2761620.027261844
7.295153575601333,2766064.136372213
7.303247357601208,2770516.1894078394
7.310114520366724,2774976.201838585
7.315633891472601,2779444.1891666017
7.319770477133005,2783920.166926662
7.322647179789527,2788404.150685895
7.324403787136333,2792896.156044194
7.3251800868676895,2797396.1986340145
7.325115866677862,2801904.2941206433
7.324350914261089,2806420.458202153
7.32302501731165,2810944.7066095155
7.32127796352367,2815477.0551066953
7.319249540591471,2820017.519490662
7.31707953620932,2824566.115591586
7.314907738071412,2829122.8592727506
7.312873933872012,2833687.766430727
7.311117911305331,2838260.85299545
7.309779458065648,2842842.1349302283
7.308998361847173,2847431.6282319645
7.3089144103441726,2852029.348930986
7.309667391250883,2856635.313091382
7.311397092261572,2861249.5368108363
7.314243301070405,2865872.0362209873
7.318302450998445,2870502.8274871367
7.3234925526079735,2875141.9268087745
7.329685723549687,2879789.350419143
7.336754081436268,2884445.1145858057
7.3445697438803705,2889109.2356103724
7.35300482849469,2893781.7298287232
7.361931452891881,2898462.61361104
7.371221734684653,2903151.9033619897
7.380747791485646,2907849.615520674
7.390381740907486,2912555.766560669
7.399995700562883,2917270.372990327
7.4094617880645615,2921993.451352586
7.418652121025133,2926725.0182252345
7.427438817057265,2931465.0902209473
7.43569399377364,2936213.6839872804
7.443289768786968,2940970.8162068324
7.450098259709847,2945736.503597302
7.455991584154987,2950510.7629116303
7.460841859735041,2955293.610937932
7.464536233532243,2960085.064499681
7.4671118466152535,2964885.140455786
7.468692032996103,2969693.8557006535
7.469401154923531,2974511.227164179
7.469363574646366,2979337.271812124
7.4687036544133605,2984172.0066457116
7.467545756473271,2989015.448702189
7.466014243074852,2993867.6150546162
7.464233476466887,2998728.5228120056
7.46232781889816,3003598.1891194917
7.460421632617411,3008476.6311582807
7.45863927987341,3013363.8661458623
7.457105122914953,3018259.911335962
7.455943523990811,3023164.7840187284
7.455278845349682,3028078.5015207953
7.455235449240405,3033001.0812052544
7.455937697911722,3037932.540471911
7.457509953612401,3042872.896757258
7.4600765785912415,3047822.1675344924
7.4637586922012105,3052780.370313838
7.468570492969164,3057747.5226423447
7.4743974464139455,3062723.642104233
7.481117365534104,3067708.7463206947
7.488608063328144,3072702.852950215
7.496747352794685,3077705.979688569
7.505413046932347,3082718.144268907
7.514482958739606,3087739.3644618155
7.523834901215025,3092769.6580754225
7.533346687357266,3097809.0429554833
7.542896130164806,3102857.5369855314
7.552361042636207,3107915.158086785
7.561619237770046,3112981.9242184116
7.57054852856497,3118057.8533775215
7.579026728019443,3123142.9635993224
7.58693164913204,3128237.2729570703
7.594141104901382,3133340.7995623336
7.600532908326002,3138453.5615649913
7.605984872404463,3143575.5771532054
7.610374939758046,3148706.864553755
7.613640872477248,3153847.4420319432
7.615875033882091,3158997.3278916394
7.617194430123206,3164156.5404755897
7.617716067351282,3169325.098165281
7.6175569517169635,3174503.019381209
7.616834089370968,3179690.3225827604
7.615664486463885,3184887.0262685064
7.614165149146402,3190093.148976154
7.612453083569207,3195308.7092826352
7.610645295882961,3200533.725804398
7.608858792238323,3205768.217197157
7.607210578785882,3211012.202156253
7.605817661676468,3216265.6994166747
7.604797047060629,3221528.727753057
7.604265741089023,3226801.3059798856
7.604340749912382,3232083.4529514927
7.605139079681322,3237375.1875622873
7.606777736546505,3242676.528746638
7.609373726658646,3247987.495479169
7.613020623641489,3253308.106774738
7.617671897789791,3258638.3816885026
7.623229174912865,3263978.3393161036
7.629593997015746,3269327.998793711
7.636667906103568,3274687.379298045
7.644352444181351,3280056.500046654
7.652549153254171,3285435.3802977973
7.6611595753271615,3290824.039350701
7.670085252405443,3296222.4965455094
7.679227726493991,3301630.7712635174
7.688488539597984,3307048.8829271253
7.6977692337224255,3312476.8510000464
7.7069713508725215,3317914.694987331
7.715996433053206,3323362.4344354845
7.724746022269613,3328820.088932606
7.733121660526905,3334287.6781083895
7.741024889830086,3339765.2216342418
7.748357252184206,3345252.7392234947
7.755020289594441,3350750.2506312863
7.760921926482567,3356257.7756548454
7.766070858129453,3361775.334133541
7.770556140859668,3367302.9459488806
7.774469065797533,3372840.6310246997
7.777900924067211,3378388.409327286
7.780943006793109,3383946.300865351
7.783686605099405,3389514.32569025
7.786223010110447,3395092.5038960273
7.788643512950443,3400680.855619491
7.791039404743685,3406279.401040334
7.793501976614451,3411888.1603812524
7.796122519686946,3417507.153908
7.798992325085521,3423136.4019295285
7.802202683934453,3428775.924798066
7.805844887357949,3434425.7429091376
7.810010226480287,3440085.8767018393
7.814789992425787,3445756.346658834
7.820275476318727,3451437.1733063315
7.826557969283286,3457128.3772144807
7.833727940639264,3462829.9789971486
7.841815150784129,3468541.999312267
7.850748044868041,3474264.458861761
7.860445451093611,3479997.3783917427
7.870826197663348,3485740.778692692
7.881809112779848,3491494.6805992816
7.893313024645693,3497259.104990749
7.905256761463406,3503034.0727909016
7.917559151435583,3508819.60496819
7.930139022764791,3514615.7225358873
7.94291520365357,3520422.446552037
7.955806522304485,3526239.7981197583
7.9687318069201325,3532067.798387197
7.9816098857030795,3537906.468547703
7.99435958685585,3543755.829839883
8.006899738581012,3549615.9035477275
8.019149169081146,3555486.7110007415
8.031026706558848,3561368.273573995
8.042451179216613,3567260.6126882783
8.053341415513373,3573163.749810181
8.06363392780591,3579077.7064521196
8.07333085847975,3585002.5041726446
8.082449571929487,3590938.1645763433
8.091007432549787,3596884.709313993
8.099021804735244,3602842.1600827454
8.106510052880566,3608810.538626205
8.113489541380332,3614789.8667344335
8.119977634629208,3620780.1662441823
8.125991697021789,3626781.459038897
8.131549092952753,3632793.767048952
8.13666718681668,3638817.11225163
8.14136334300828,3644851.5166713297
8.145654925922173,3650897.0023795194
8.14955929995297,3656953.591494999
8.15309382949529,3663021.3061840343
8.156275878943802,3669100.1686602845
8.159122812693127,3675190.201185089
8.16165199513793,3681291.426067397
8.163880790672764,3687403.8656640565
8.165826563692406,3693527.542379873
8.167506678591323,3699662.4786675866
8.168938499764323,3705808.697028244
8.170139391605886,3711966.220010941
8.171126718510749,3718135.0702133533
8.171917844873533,3724315.270281557
8.172530135088849,3730506.8429101133
8.172980953551331,3736709.810842389
8.173287664655604,3742924.1968705906
8.17346763279636,3749150.023835822
8.173538222368165,3755387.3146281685
8.173516797765728,3761636.0921869166
8.173420723383643,3767896.3795006117
8.173267363616532,3774168.199607119
8.173074082859088,3780451.5755938133
8.17285824550585,3786746.530597749
8.172637215951525,3793053.087805585
8.172428358590764,3799371.27045383
8.172249037818162,3805701.1018289863
8.172116618028369,3812042.605267528
8.172048463616022,3818395.80415615
8.172061938975773,3824760.721931775
8.172174408502201,3831137.3820818313
8.172403236589986,3837525.8081441503
8.172765787633764,3843926.0237072185
8.173279426028174,3850338.052410292
8.173961516167822,3856761.917943488
8.174829422447402,3863197.644047898
8.175900509261481,3869645.254515625
8.177192141004724,3876104.7731900904
8.17872168207181,3882576.2239659876
8.18050649685729,3889059.6307894806
8.182563949755846,3895555.017658269
8.184911405162168,3902062.4086217596
8.187566227470768,3908581.8277811296
8.190545781076409,3915113.299289473
8.1938674303736,3921656.847351947
8.197548539757094,3928212.496225836
8.20160645130261,3934780.2702207565
8.206052535236168,3941360.1936986055
8.210884170068084,3947952.2910739346
8.216096733131522,3954556.586813818
8.221685601759589,3961173.1054380867
8.227646153285363,3967801.871519558
8.233973765041952,3974442.909683908
8.240663814362449,3981096.2446101
8.247711678579961,3987761.9010301693
8.255112735027666,3994439.9037295706
8.262862361038586,4001130.277547301
8.270955933945828,4007833.0473758793
8.279388831082542,4014548.2381616146
8.288156429781807,4021275.8749046684
8.297254107376688,4028015.982659125
8.306677241200333,4034768.5865332824
8.31642120858585,4041533.7116895253
8.326481386866348,4048311.3833446717
8.336853153374904,4055101.6267700177
8.347531885444624,4061904.467291401
8.358509036375153,4068719.9302895293
8.369754953535505,4075548.041199732
8.38123291917941,4082388.8255125484
8.392906210499149,4089242.308773446
8.404738104687212,4096108.5165832695
8.416691878935822,4102987.474598076
8.428730810437443,4109879.208529466
8.440818176384383,4116783.744144709
8.452917253969048,4123701.1072667586
8.464991320383731,4130631.3237744947
8.47700365282084,4137574.4196027075
8.488917528472768,4144530.42074234
8.500696224531822,4151499.353240563
8.512303018190352,4158481.2432011375
8.523701186640807,4165476.1167840133
8.534854007075467,4172484.000205992
8.545724756686724,4179504.9197405903
8.556276712666929,4186538.90171829
8.566473152208431,4193585.9725265494
8.576279109736404,4200646.158609995
8.585683840625563,4207719.486470552
8.594694239407687,4214805.982667577
8.603317599856354,4221905.673818082
8.611561215745127,4229018.58659662
8.619432380847684,4236144.747735669
8.626938388937646,4243284.184025637
8.634086533788647,4250436.922315118
8.640884109174252,4257602.989510785
8.647338408868123,4264782.412577737
8.653456726643853,4271975.218539599
8.65924635627509,4279181.4344786955
8.6647145915354,4286401.087535931
8.669868726198445,4293634.204911271
8.674716054037845,4300880.81386366
8.679263868827164,4308140.941711216
8.683519464340122,4315414.615831434
8.687490134350242,4322701.863661197
8.69118317263117,4330002.712696913
8.69460587295653,4337317.190494898
8.697765529099968,4344645.324671179
8.70066943483505,4351987.142901783
8.703324883935409,4359342.672923029
8.705739170174667,4366711.942531238
8.707919587326487,4374094.979583457
8.709873429164404,4381491.811997133
8.711607989462081,4388902.467750413
8.713130561993182,4396326.974882217
8.714448440531243,4403765.361492598
8.715568918849954,4411217.655742637
8.716499290722865,4418683.885854671
8.717246849923669,4426164.08011247
8.717818890225885,4433658.266861288
8.71822270540325,4441166.474508187
8.718465589229282,4448688.731521934
8.71855483547759,4456225.066433329
8.718497737921922,4463775.507835193
8.718301590335784,4471340.084382761
8.717973687135384,4478918.824793612
8.71752495442989,4486511.757847739
8.716978479553404,4494118.912388085
8.716359892479005,4501740.317320176
8.715694823179732,4509376.001612676
8.715008901628522,4517025.994297284
8.714327757798529,4524690.3244691
8.71367702166269,4532369.021286451
8.713082323194087,4540062.11397143
8.712569292365771,4547769.631809806
8.712163559150724,4555491.604151022
8.71189075352197,4563228.060408722
8.711776505452605,4570979.030060711
8.71184644491565,4578744.542649005
8.71212620188409,4586524.627780171
8.71264140633096,4594319.315125287
8.71341768822937,4602128.6344202515
8.714480677552288,4609952.615465804
8.71585600427268,4617791.288127903
8.717569298363742,4625644.682337486
8.71964311122187,4633512.828091014
8.722075616522346,4641395.75545036
8.72485339179552,4649293.494543154
8.727962943878424,4657206.075562746
8.731390779608105,4665133.528768586
8.735123405821653,4673075.884486111
8.739147329356086,4681033.173107064
8.743449057048522,4689005.425089552
8.748015095736008,4696992.670958594
8.752831952255548,4704994.941305451
8.757886133444288,4713012.266788571
8.76316414613919,4721044.678133519
8.768652497177413,4729092.206132762
8.774337693395893,4737154.88164646
8.780206241631888,4745232.735602088
8.786244648722246,4753325.798994829
8.792439421504142,4761434.102887693
8.798777066814651,4769557.678411714
8.805244091490763,4777696.556766105
8.811827002369583,4785850.769218246
8.81851230628817,4794020.347104121
8.825286510083544,4802205.321828261
8.832136120592807,4810405.724863986
8.839047644653007,4818621.587753553
8.846007589101248,4826852.942108392
8.853002460774533,4835099.819609094
8.86001876650991,4843362.252005778
8.867043013144482,4851640.271118044
8.874061707515281,4859933.908835309
8.881061356459412,4868243.197116903
8.888028466813864,4876568.167992193
8.89494954541577,4884908.8535607485
8.901811099102133,4893265.285992642
8.908599634710086,4901637.497528512
8.91530165907659,4910025.520479516
8.921903679038806,4918429.387228019
8.928392201433724,4926849.130227199
8.934753733098404,4935284.782001564
8.940974884807844,4943736.375146978
8.947060166115307,4952203.942330859
8.953052159070523,4960687.5162924575
8.95899832042825,4969187.129842738
8.964946106943302,4977702.815864827
8.970942975370463,4986234.607314114
8.977036382464533,4994782.537218246
8.983273784980213,5003346.638677497
8.989702639672373,5011926.944864987
8.996370403295813,5020523.489026668
9.003324532605248,5029136.304481453
9.010612484355534,5037765.424621576
9.018281715301413,5046410.882912756
9.026379682197685,5055072.712894259
9.034953841799165,5063750.948179042
9.044051650860567,5072445.62245406
9.05372056613679,5081156.769480339
9.064008044382533,5089884.423093252
9.07496154235261,5098628.617202511
9.08662851680181,5107389.385792491
9.099040822402642,5116166.762922472
9.11215473104383,5124960.782726527
9.125903658303343,5133771.479413949
9.140221014847484,5142598.887269426
9.155040211342765,5151443.040653114
9.170294658455532,5160303.9740007315
9.185917766852128,5169181.721824037
9.201842947199012,5178076.318710634
9.218003610162484,5186987.79932452
9.234333166409087,5195916.198405933
9.250765026605052,5204861.550771711
9.26723260141685,5213823.891315518
9.283669301510841,5222803.255007786
9.300008537553452,5231799.67689628
9.316183720211,5240813.192105826
9.332128260149943,5249843.835838755
9.347775568036624,5258891.643375229
9.363059054537487,5267956.650073018
9.37791213031889,5277038.891368055
9.39227181252761,5286138.402774314
9.406118786640164,5295255.219884377
9.41946276160175,5304389.378369157
9.432313969762248,5313540.913978393
9.444682643471623,5322709.862540788
9.456579015079669,5331896.25996424
9.468013316936364,5341100.142235716
9.47899578139156,5350321.545421827
9.489536640795208,5359560.505668891
9.49964612749713,5368817.059202974
9.50933447384729,5378091.242330341
9.518611912195524,5387383.091437227
9.527488674891814,5396692.642990595
9.535974994285965,5406019.933537829
9.544081102727972,5415364.99970719
9.5518172325676,5424727.878207934
9.559193616154843,5434108.605830378
9.566220485839608,5443507.219446447
9.572908073971746,5452923.756009354
9.579266612901165,5462358.252554302
9.585306334977787,5471810.746198286
9.591037472551491,5481281.274140515
9.596470257972086,5490769.873662454
9.601614923589665,5500276.582128289
9.606481701753964,5509801.436984611
9.61108082481492,5519344.475761279
9.615422525122469,5528905.736070948
9.61951703502649,5538485.25560977
9.62337458687685,5548083.0721573215
9.62700541302344,5557699.223576836
9.630419745816226,5567333.747815596
9.633627817605046,5576986.682904818
9.636639860739805,5586658.066960126
9.639466107570442,5596347.938181432
9.642116790446764,5606056.334853571
9.644602141718806,5615783.295346184
9.646932393736321,5625528.8581139585
9.64911777884933,5635293.061696824
9.651168529407613,5645075.9447202375
9.65309487776112,5654877.545895543
9.654907056259802,5664697.904019612
9.656615297253481,5674537.057975568
9.658229833092093,5684395.046733028
9.659760896125505,5694271.909347707
9.661218718703623,5704167.684962422
9.662613533176412,5714082.41280657
9.663955571893652,5724016.132196903
9.66525506720528,5733968.882537328
9.666522251461245,5743940.70331931
9.6677673570114,5753931.634122127
9.669000616205665,5763941.714612946
9.67023226139392,5773970.984546917
9.671472524926045,5784019.483767781
9.672731639152005,5794087.25220776
9.674019836421607,5804174.329887795
9.675347349084802,5814280.756917729
9.676724409491484,5824406.573496751
9.678161249991547,5834551.819913488
9.679669579663909,5844716.5365459295
9.68127157228784,5854900.763862089
9.682993921751489,5865104.542419891
9.684863339860584,5875327.912867664
9.68690653842097,5885570.915944033
9.689150229238464,5895833.592478291
9.691621124118868,5906115.983390782
9.694345934867968,5916418.129692785
9.697351373291582,5926740.072486977
9.700664151195554,5937081.852967522
9.704310980385628,5947443.512420375
9.708318572667622,5957825.0922233695
9.71271363984745,5968226.633846648
9.717522893730774,5978648.178852667
9.72277304612345,5989089.7688965425
9.72849080883131,5999551.445726186
9.73470289366017,6010033.251182522
9.74143601241579,6020535.227199922
9.748716876904012,6031057.415806086
9.756570555994784,6041599.859122428
9.764989508113644,6052162.599364519
9.773936221808526,6062745.678841793
9.78337207198527,6073349.139958326
9.793258433549909,6083973.025212672
9.803556681408367,6094617.377198135
9.81422819046665,6105282.23860329
9.82523433563064,6115967.652211908
9.836536491806427,6126673.660903096
9.84809603389985,6137400.307651998
9.85987433681693,6148147.6355294585
9.871832775463602,6158915.687702686
9.883932724745847,6169704.50743526
9.896135559569686,6180514.13808732
9.908402654840941,6191344.623115877
9.920695385465692,6202196.006075221
9.932975126349845,6213068.330616892
9.94520325239941,6223961.64048986
9.957341138520306,6234875.979541067
9.969350159618486,6245811.3917153515
9.981191690599985,6256767.921055989
9.992827106370669,6267745.611704485
10.00421778183653,6278744.507901379
10.015325091903563,6289764.653985911
10.02611041147776,6300806.094396648
10.036535115465,6311868.8736715885
10.046560578771306,6322953.036448401
10.0561481763026,6334058.6274645245
10.065259282964846,6345185.691557762
10.073855273664009,6356334.273666121
10.081897523306083,6367504.418828267
10.089347406797046,6378696.172183863
10.096166299042764,6389909.5789734395
10.102315574949245,6401144.684538957
10.107756609422523,6412401.534324134
10.11245077736848,6423680.173874191
10.116359453693093,6434980.648836593
10.119444013302342,6446303.0049611535
10.121665831102163,6457647.28810005
10.12300927354454,6469013.54420839
10.123559103301986,6480401.819344407
10.123427479275847,6491812.159669434
10.122726560994366,6503244.611448374
10.121568507985813,6514699.221049856
10.120065479778503,6526176.034946717
10.118329635900608,6537675.09971592
10.116473135880412,6549196.462038944
10.114608139246243,6560740.168702031
10.112846805526331,6572306.266596484
10.111301294248904,6583894.802718824
10.110083764942246,6595505.824171085
10.10930637713463,6607139.378161161
10.109081290354368,6618795.51200287
10.109520664129604,6630474.273116252
10.110736657988667,6642175.709028013
10.112841431459842,6653899.867371587
10.115947144071384,6665646.795887252
10.120165955351553,6677416.542422953
10.125598715039928,6689209.154933747
10.132225332338407,6701024.6814828245
10.139952418186482,6712863.170241385
10.14868555775314,6724724.669488701
10.158330336207342,6736609.227612859
10.168792338718063,6748516.893110724
10.17997715045432,6760447.714588209
10.191790356585088,6772401.740760526
10.20413754227934,6784379.020452787
10.216924292706082,6796379.602599403
10.230056193034244,6808403.5362455435
10.243438828432886,6820450.8705465365
10.25697778407094,6832521.654768181
10.270578645117453,6844615.938287441
10.284146996741285,6856733.770592424
10.297588424111566,6868875.201282551
10.310808512397188,6881040.280069254
10.323712846767208,6893229.056775715
10.336207012390531,6905441.581337372
10.348197879565049,6917677.903802383
10.35963966550517,6929938.074331457
10.370546622675533,6942222.143198565
10.38093687126559,6954530.160790812
10.390828531464805,6966862.177609209
10.400239723462747,6979218.2442684425
10.409188567448865,6991598.411497205
10.417693183612627,7004002.730139001
10.42577169214357,7016431.251151591
10.433442213231146,7028884.025608051
10.44072286706485,7041361.1046966035
10.447631773834189,7053862.539720943
10.454187053728603,7066388.382100463
10.460406826937685,7078938.68337088
10.466309213650803,7091513.495184165
10.47191233405755,7104112.869308719
10.47723430834732,7116736.857630207
10.482293256709681,7129385.512151283
10.487107299334085,7142058.884991972
10.491694557756006,7154757.028390251
10.49607406143835,7167479.994702086
10.50026732358171,7180227.8364017075
10.504296278259204,7193000.606081999
10.508182859543894,7205798.356454577
10.511949001508725,7218621.1403505355
10.51561663822693,7231469.010720064
10.5192077037714,7244342.020633406
10.522744132215308,7257240.2232806785
10.526247857631603,7270163.671972265
10.529740814093444,7283112.420139259
10.533244935673864,7296086.521333752
10.53678215644588,7309086.029228661
10.540374410482585,7322110.997618793
10.544043631857008,7335161.480420462
10.547811754642225,7348237.531672097
10.551700712911284,7361339.205534581
10.555732440737245,7374466.556291291
10.559928872193169,7387619.638348646
10.564311941352088,7400798.506236307
10.568900971875962,7414003.214607306
10.57369869313112,7427233.81823882
10.57870133540716,7440490.372031839
10.58390511382781,7453772.931011987
10.589306243516688,7467081.550329454
10.594900939597665,7480416.285259508
10.600685417194342,7493777.191202898
10.606655891430407,7507164.323685789
10.612808577429647,7520577.738360269
10.61913969031572,7534017.491004822
10.62564544521237,7547483.637524406
10.632322057243286,7560976.23395077
10.639165741532125,7574495.33644275
10.646172713202773,7588041.001286789
10.653339187378748,7601613.284896981
10.66066137918385,7615212.243815539
10.668135503741752,7628837.934712937
10.675757776176212,7642490.414388491
10.68352441161089,7656169.739770344
10.691431625169528,7669875.967916162
10.69947563197583,7683609.156012888
10.707652647153509,7697369.361377724
10.715958885826268,7711156.6414578315
10.724390563117822,7724971.053831196
10.732943894151887,7738812.656206507
10.74161509405215,7752681.506423632
10.75040037794237,7766577.66245388
10.759295960946162,7780501.1824005395
10.768298058187327,7794452.124498974
10.777402884789552,7808430.547116944
10.78660665587654,7822436.508754919
10.795905586572005,7836470.0680465745
10.805295891999663,7850531.283759045
10.814773787283201,7864620.214793037
10.824335487546321,7878736.920183416
10.83397720791281,7892881.459099376
10.843695163506283,7907053.890844806
10.853485569450527,7921254.274858797
10.863344476472264,7935482.670715508
10.873253652389025,7949739.138124948
10.883169723301108,7964023.736933076
10.893046758996846,7978336.5271223
10.902838829264454,7992677.568811468
10.912500003892163,8007046.922256645
10.92198435266829,8021444.647851169
10.931245945381065,8035870.80612592
10.940238851818805,8050325.45774994
10.948917141769726,8064808.663530365
10.957234885022132,8079320.484413331
10.965146151364223,8093860.9814835675
10.972605010584346,8108430.215965476
10.97956553247073,8123028.2492228355
10.985981786811607,8137655.142759717
10.991807843395293,8152310.958220244
10.996997772010005,8166995.757389511
11.001505642444044,8181709.602193401
11.005285524485728,8196452.554699219
11.008291487926371,8211224.677116031
11.010499843501321,8226026.031794893
11.011974474549007,8240856.681229367
11.012800815187248,8255716.68805552
11.013064299533823,8270606.115052849
11.012850361706626,8285525.025143811
11.012244435823348,8300473.481395046
11.011331956001825,8315451.547017204
11.010198356359922,8330459.285365284
11.008929071015373,8345496.7599391695
11.007609534086,8360564.034384034
11.00632517968964,8375661.172490516
11.005161441944068,8390788.238194952
11.004203754967094,8405945.295580208
11.003537552876509,8421132.408875376
11.003248269790149,8436349.642456908
11.003421339825863,8451597.06084831
11.004142197101302,8466874.728720685
11.00549627573443,8482182.710893208
11.007569009842953,8497521.07233354
11.010437350470383,8512889.878157957
11.014097770744641,8528289.193631824
11.01850231070965,8543719.084169958
11.023602543712173,8559179.615337055
11.029350043099086,8574670.852848051
11.035696382217182,8590192.862568177
11.042593134413323,8605745.710513823
11.049991873034287,8621329.462852528
11.057844171426893,8636944.185903417
11.066101602938005,8652589.946137927
11.074715740914414,8668266.810179451
11.083638158702968,8683974.844804438
11.092820429650445,8699714.11694233
11.102214127103693,8715484.693676129
11.111770824409533,8731286.64224258
11.121442094914812,8747120.030032853
11.131179511966309,8762984.924592609
11.140934648910871,8778881.393622499
11.150659079095291,8794809.504978605
11.160304856352184,8810769.326672755
11.169838666228202,8826760.926872712
11.179244144150388,8842784.373903058
11.188505872810453,8858839.736245008
11.197608434900133,8874927.08253723
11.206536413111209,8891046.481575856
11.215274390135406,8907198.00231511
11.223806948664503,8923381.713867823
11.232118671390253,8939597.685505252
11.240194141004366,8955845.98665822
11.248017940198693,8972126.686916936
11.255574651664887,8988439.856031517
11.262848858094742,9004785.56391268
11.269825142180025,9021163.88063158
11.276488086612446,9037574.876420686
11.282822274083841,9054018.62167401
11.288812287285893,9070495.186947482
11.294442708910367,9087004.642959282
11.29969812164903,9103547.060590247
11.304563154052104,9120122.510884507
11.309038938413252,9136731.065049578
11.313167500901812,9153372.794456946
11.316997092502362,9170047.770642268
11.320575964199548,9186756.065306107
11.323952366977892,9203497.750314003
11.327174551822026,9220272.897697005
11.330290769716527,9237081.57965208
11.333349271645972,9253923.868542641
11.33639830859488,9270799.836898632
11.339486131547943,9287709.55741733
11.34266099148968,9304653.102963345
11.345971139404725,9321630.546569377
11.349464826277654,9338641.961436348
11.353190303093001,9355687.42093415
11.357195820835429,9372766.998601861
11.361529630489443,9389880.768147882
11.36623998303969,9407028.803450828
11.37137512947075,9424211.178559674
11.376983320767167,9441427.967694364
11.383094048423487,9458679.245245907
11.389629620781164,9475965.085777054
11.396474340909606,9493285.564022783
11.403512467080247,9510640.754890397
11.410628257564653,9528030.733460333
11.417705970634202,9545455.57498633
11.424629864560444,9562915.354895568
11.431284197614843,9580410.148790121
11.437553228068893,9597940.03244609
11.443321214194043,9615505.081814911
11.448472414261744,9633105.373023583
11.452891086543573,9650740.982374752
11.456461489310882,9668411.986347765
11.459067880835264,9686118.461598404
11.460594519388124,9703860.484960018
11.460925663241,9721638.133443262
11.459945570665283,9739451.484237082
11.457538499932582,9757300.614709022
11.453588709314289,9775185.60240537
11.447992955611582,9793106.525051957
11.44083404628104,9811063.460554384
11.43233751930785,9829056.486998593
11.422732555916852,9847085.682651186
11.412248337332642,9865151.12595999
11.401114044780172,9883252.895554302
11.38955885948404,9901391.070245687
11.377811962669213,9919565.729028061
11.366102535560302,9937776.951078359
11.35465975938213,9956024.815756705
11.343712815359424,9974309.402607413
11.333490884717008,9992630.791358957
11.32422314867965,10010989.061924344
11.316138788472003,10029384.29440207
11.309466985318963,10047816.569076069
11.304436920445283,10066285.96641653
11.30127777507569,10084792.567080356
11.30021873043492,10103336.451911116
11.301488967747801,10121917.70194001
11.305315069407143,10140536.398386255
11.311752270739007,10159192.622657474
11.320580953183352,10177886.45635002
11.331556737683883,10196617.981249936
11.344435245184187,10215387.279332493
11.358972096627951,10234194.432763727
11.374922912958809,10253039.5239002
11.392043315120361,10271922.635289663
11.41008892405631,10290843.849671626
11.428815360710288,10309803.24997766
11.447978246025926,10328800.919331953
11.46733320094684,10347836.941051934
11.486635846416746,10366911.398648372
11.505641803379262,10386024.375826225
11.524106692777963,10405175.95648497
11.541786135556606,10424366.22471893
11.558435752658724,10443595.264818128
11.573811165028047,10462863.161268324
11.587667993608164,10482169.998751936
11.599761863254002,10501515.86214809
11.609918494308246,10520900.836533455
11.618212538172969,10540325.007182611
11.624773880833047,10559788.459568357
11.629732408273384,10579291.27936267
11.633218006478884,10598833.552436505
11.63536056143441,10618415.364860822
11.636289959124852,10638036.802907152
11.636136085535071,10657697.953047559
11.63502882665,10677398.901955511
11.633098068454487,10697139.736506391
11.63047369693345,10716920.543777894
11.627285598071765,10736741.411050476
11.623663657854323,10756602.425807832
11.619737762266027,10776503.675737793
11.61563779729174,10796445.248732291
11.611493648916323,10816427.232887935
11.607435203124751,10836449.716507131
11.603592345901845,10856512.788097598
11.600094963232493,10876616.536373708
11.597061453726226,10896761.050256856
11.59451315985703,10916946.418875497
11.592422664464848,10937172.731566045
11.590762182272726,10957440.077873478
11.589503928003808,10977748.547551284
11.58862011638125,10998098.230562855
11.588082962128041,11018489.217081372
11.58786467996741,11038921.59749024
11.587937484622401,11059395.462384405
11.5882735908162,11079910.902569447
11.588845213271881,11100468.009063846
11.58962456671253,11121066.873098232
11.590583865861248,11141707.586116323
11.591695325441222,11162390.239775352
11.592931160175482,11183114.925946929
11.594263584787228,11203881.736717243
11.595664813999491,11224690.764387436
11.597107062535429,11245542.101474777
11.598562545118142,11266435.840712393
11.600004058763346,11287372.075050682
11.601419274399746,11308350.897656735
11.602811609478323,11329372.401916148
11.604185238442426,11350436.681432527
11.605544335735331,11371543.830028502
11.606893075800372,11392693.94174636
11.60823563308081,11413887.110848088
11.609576182019964,11435123.431816747
11.610918897061183,11456402.999355866
11.61226795264777,11477725.90839138
11.613627523222974,11499092.254070876
11.615001783230085,11520502.131764794
11.616394907112522,11541955.637067137
11.617811069313532,11563452.865795793
11.619254444276407,11584993.913992748
11.620729206444423,11606578.87792531
11.62223953026097,11628207.854086163
11.62378959016931,11649880.939194182
11.625383560612732,11671598.230194658
11.627025616034572,11693359.824260525
11.628719930878106,11715165.818792257
11.630470679586708,11737016.31141869
11.632282036603613,11758911.399997575
11.634158176372125,11780851.18261633
11.636103273335607,11802835.757592179
11.638121501937349,11824865.223473059
11.640217036620626,11846939.67903828
11.642394051828745,11869059.223298766
11.644656722005053,11891223.955497704
11.647009221592867,11913433.975111555
11.64945572503541,11935689.381849948
11.65200040677604,11957990.275656685
11.654647441258092,11980336.756710326
11.657401002924786,12002728.925424598
11.660265266219525,12025166.882449152
11.663244405585573,12047650.728669977
11.666342595466247,12070180.565210244
11.669564010304853,12092756.493430385
11.672912824544682,12115378.614929369
11.676390885450203,12138047.03154477
11.67998807217431,12160761.845353546
11.68369042731588,12183523.15867271
11.687483991718807,12206331.074059939
11.691354806226812,12229185.694313634
11.695288911683761,12252087.12247441
11.69927234893349,12275035.461825242
11.703291158819766,12298030.815891827
11.70733138218651,12321073.28844343
11.711379059877487,12344162.983493859
11.715420232736491,12367300.005301444
11.719440941607388,12390484.458369924
11.723427227333971,12413716.447449047
11.72736513076012,12436996.077535186
11.731240692729585,12460323.453872131
11.735039954086247,12483698.681951264
11.73874895567387,12507121.867512707
11.74235373833632,12530593.116545314
11.745840342917447,12554112.535288196
11.74919399032872,12577680.230230166
11.752389216520768,12601296.30811154
11.75539307360333,12624960.875923764
11.758172459535686,12648674.040910866
11.760694272276908,12672435.910569618
11.762925409786206,12696246.592650084
11.76483277002285,12720106.195156712
11.766383250945921,12744014.826348318
11.767543750514605,12767972.594739547
11.768281166688169,12791979.609100696
11.768562397425711,12816035.97845889
11.768354340686443,12840141.81209855
11.767623894429548,12864297.21956175
11.766337956614251,12888502.310649604
11.764463425199622,12912757.19542217
11.761967198144987,12937061.98419938
11.758816173409372,12961416.787561685
11.754977248952088,12985821.716350794
11.75041732273229,13010276.88167024
11.745104169708029,13034782.394885946
11.739050827182183,13059338.36762687
11.732336556874742,13083944.911786037
11.725045881203613,13108602.139520831
11.717263322586604,13133310.16325347
11.70907340344165,13158069.0956725
11.700560646186602,13182879.049732255
11.691809573239311,13207740.138654733
11.68290470701767,13232652.475929238
11.673930569939543,13257616.17531389
11.66497168442281,13282631.350835923
11.65611257288532,13307698.11679189
11.647437757744925,13332816.587749366
11.63903176141956,13357986.878546694
11.630979106327104,13383209.104294224
11.623364314885322,13408483.380374704
11.616271909512207,13433809.822444258
11.609786412625525,13459188.54643259
11.603992346643253,13484619.668544045
11.598974224305323,13510103.305258304
11.594787234537662,13535639.573331073
11.591392566160124,13561228.589794295
11.58873261114843,13586870.4719577
11.586749761478089,13612565.337408455
11.585386409124851,13638313.304013
11.58458494606431,13664114.489916898
11.58428776427209,13689969.013545904
11.584437255723884,13715876.993606487
11.584975812395285,13741838.549086526
11.58584582626193,13767853.799256405
11.586989689299529,13793922.863669237
11.588349793483644,13820045.862161871
11.58986853079,13846222.914855298
11.591488293194146,13872454.142155867
11.593151472671764,13898739.6647554
11.594800461198503,13925079.603632512
11.596377650749986,13951474.080052823
11.597825433301892,13977923.21556979
11.599086200829802,14004427.132025922
11.600108990389842,14030985.951552603
11.60089300262048,14057599.79657173
11.601460340093084,14084268.789795823
11.601833222684093,14110993.05422898
11.60203387026985,14137772.713167686
11.602084502726768,14164607.890201362
11.602007339931305,14191498.709213298
11.60182460175983,14218445.294381186
11.601558508088829,14245447.770177973
11.6012312787946,14272506.261372788
11.600865133753643,14299620.893031195
11.600482292842372,14326791.790516438
11.600104975937143,14354019.07948979
11.599755402914411,14381302.885912003
11.599455793650563,14408643.336042855
11.59922836802204,14436040.556443108
11.599095345905226,14463494.673974572
11.599078947176565,14491005.815801041
11.599201391712413,14518574.109389184
11.599483698435492,14546199.682509284
11.599920835168746,14573882.6632354
11.600482562545281,14601623.17994736
11.60113760908385,14629421.361330086
11.60185470330309,14657277.336375715
11.602602573721768,14685191.234383436
11.603349948858565,14713163.184960464
11.604065557232204,14741193.31802324
11.604718127361423,14769281.763797797
11.605276387764931,14797428.652820425
11.605709066961367,14825634.115938773
11.605984893469483,14853898.284312528
11.606072595808044,14882221.289414626
11.605940902495647,14910603.263030982
11.605558542051185,14939044.337262126
11.604894242993169,14967544.644523894
11.603916733840407,14996104.317548115
11.60259474311161,15024723.489383299
11.600896999325485,15053402.293395549
11.598792252697663,15082140.863269353
11.59625242147257,15110939.333008615
11.593255892605441,15139797.83693691
11.58978184234185,15168716.509698946
11.585809446927371,15197695.486260729
11.581317882607607,15226734.90191112
11.576286325628203,15255834.892261473
11.570693952234691,15284995.593248067
11.564519938672646,15314217.141131517
11.55774346118774,15343499.672498245
11.550343696025493,15372843.324261526
11.542299819431491,15402248.233661326
11.533591007651367,15431714.538266443
11.52419643693068,15461242.375974352
11.514095283515047,15490831.885012142
11.50326672365,15520483.203938344
11.491689933581213,15550196.471642118
11.47934408955419,15579971.827345293
11.466208367814602,15609809.410603108
11.452261944607969,15639709.361304833
11.437503406735203,15669671.819674164
11.422021284620172,15699696.926270852
11.405930142114244,15729784.821990995
11.389344545716341,15759935.648068674
11.372379061925372,15790149.54607546
11.355148257240245,15820426.657922732
11.337766698159925,15850767.125861296
11.320348951183362,15881171.092483262
11.303009582809466,15911638.700722456
11.285863159537172,15942170.093854718
11.26902424786536,15972765.415499905
11.25260741429301,16003424.809621966
11.23672722531903,16034148.420530265
11.22149824744237,16064936.392879894
11.207035047161924,16095788.871673118
11.193452190976643,16126706.002259906
11.18086424538545,16157687.930338934
11.169385776887282,16188734.80195881
11.159131351981102,16219846.763517931
11.150206456848252,16251023.96176674
11.142612381665884,16282266.543807484
11.13628383483244,16313574.657095784
11.13115444351601,16344948.449441308
11.12715783488477,16376388.069008434
11.124227636106852,16407893.664317613
11.122297474350447,16439465.384246051
11.121300976783644,16471103.378028484
11.12117177057469,16502807.795258326
11.121843482891691,16534578.785888229
11.123249740902807,16566416.500231698
11.125324171776171,16598321.08896295
11.12800040267993,16630292.70311877
11.131212060782289,16662331.494099082
11.134892773251352,16694437.61366775
11.138976167255322,16726611.213953743
11.143395869962333,16758852.44745182
11.148085508540504,16791161.467023827
11.152978710158052,16823538.425898783
11.158009481038448,16855983.477675132
11.163127523524693,16888496.77632049
11.16830350342488,16921078.476173423
11.173509546801242,16953728.7319439
11.178717779716123,16986447.698714007
11.183900328231772,17019235.53193962
11.189029318410462,17052092.38745109
11.194076876314512,17085018.42145387
11.199015128006167,17118013.790529452
11.203816199547788,17151078.651637275
11.208452217001607,17184213.162114266
11.212895306429886,17217417.47967699
11.217117593894969,17250691.762421902
11.22109120545909,17284036.168826424
11.224788267184564,17317450.857750405
11.228180905133684,17350935.988436628
11.23124124536875,17384491.720511504
11.233941413951953,17418118.21398706
11.236253536945682,17451815.629260678
11.238149740412211,17485584.12711732
11.239602150413788,17519423.86872939
11.240582893012729,17553335.015658475
11.241064094271309,17587317.72985597
11.24101788025176,17621372.173664298
11.240416377016444,17655498.509817686
11.23923171062765,17689696.901443146
11.237436007147622,17723967.51206198
11.235001392638651,17758310.505590413
11.23189999316304,17792726.046340108
11.228103934783064,17827214.29902003
11.223585343561012,17861775.428736985
11.21831634555916,17896409.600997116
11.212269066839823,17931116.981705673
11.20541563346525,17965897.737170063
11.197728171497772,18000752.03409882
11.189178806999607,18035680.039603807
11.179739666033129,18070681.921201352
11.169382874660528,18105757.846812267
11.158080558944164,18140907.984763775
11.145816723757662,18176132.50379055
11.132655711012646,18211431.5730355
11.118695146576641,18246805.362050045
11.104032763052288,18282254.040797073
11.08876629304224,18317777.779649835
11.072993469149225,18353376.749394763
11.056812023975908,18389051.121231128
11.040319690124932,18424801.066773262
11.023614200199049,18460626.758050952
11.006793286800843,18496528.3675104
10.989954682533053,18532506.068015918
10.973196119998349,18568560.032850083
10.95661533179944,18604690.435716003
10.940310050538969,18640897.450737204
10.924378008819573,18677181.252459355
10.908916939244008,18713542.015851494
10.894024574414928,18749979.91630657
10.879798646934972,18786495.12964281
10.866336889406881,18823087.83210493
10.853732714037207,18859758.200364955
10.841999117102972,18896506.411523324
10.831077981722629,18933332.643110663
10.820908739992504,18970237.073087797
10.811430824008923,19007219.879847664
10.802583665868212,19044281.242216036
10.794306697666684,19081421.33945287
10.786539351500693,19118640.35125317
10.779221059466508,19155938.457748372
10.772291253660484,19193315.839507185
10.76568936617889,19230772.67753671
10.75935482911811,19268309.153284397
10.75322707457444,19305925.44863752
10.747245534644208,19343621.74592596
10.74134964142371,19381398.227922365
10.735478827009288,19419255.07784372
10.729572523497254,19457192.479352187
10.723570162983933,19495210.616556417
10.717411177565623,19533309.6740128
10.711035255618242,19571489.836726643
10.704408614220611,19609751.290152468
10.697546743295561,19648094.220196716
10.690470492051986,19686518.813217636
10.68320070969881,19725025.256026734
10.67575824544484,19763613.73589064
10.668163948499,19802284.44053115
10.660438668070213,19841037.558127232
10.652603253367289,19879873.277315516
10.644678553599206,19918791.78719258
10.636685417974732,19957793.27731516
10.628644695702846,19996877.93770132
10.620577235992386,20036045.95883206
10.612503888052288,20075297.531652387
10.604445501091362,20114632.847572915
10.596422924318588,20154052.098470073
10.588457006942747,20193555.476688158
10.580568598172789,20233143.175039962
10.572778547217567,20272815.386808712
10.565107703286046,20312572.305748392
10.557569947613885,20352414.12608585
10.550150051770643,20392341.04252126
10.542825186846642,20432353.25022952
10.535572523909906,20472450.94486217
10.528369234028645,20512634.32254732
10.521192488271026,20552903.579891916
10.514019457705103,20593258.91398339
10.506827313399086,20633700.522388853
10.499593226421084,20674228.603158392
10.49229436783925,20714843.354825567
10.484907908721667,20755544.976408973
10.477411020136543,20796333.66741199
10.469780873152004,20837209.627827007
10.461994638836131,20878173.058132976
10.45402948825712,20919224.15930022
10.445862592483124,20960363.132789034
10.437471122582224,21001590.18055274
10.428832249622602,21042905.50503715
10.419923144672367,21084309.30918425
10.410722971049125,21125801.796431217
10.401231122734444,21167383.170712605
10.391458777311428,21209053.636462085
10.38141725889865,21250813.398612816
10.371117891614688,21292662.662599802
10.360571999578212,21334601.634359825
10.349790906907728,21376630.520334106
10.33878593772188,21418749.52746838
10.327568416139343,21460958.86321559
10.316149666278648,21503258.735535815
10.304541012258369,21545649.35289864
10.292753778197081,21588130.92428387
10.28079928821353,21630703.659182243
10.268688866426203,21673367.76759889
10.256433836953732,21716123.460052356
10.244045523914721,21758970.947576858
10.231535251427744,21801910.441724084
10.218914343611445,21844942.154564057
10.206194124584385,21888066.298685707
10.19338591846521,21931283.087199774
10.180501049372467,21974592.733738884
10.167550841424813,22017995.452460196
10.154546618740767,22061491.45804515
10.141499705439003,22105080.965701476
10.128421425638123,22148764.191165324
10.115323103456703,22192541.350702185
10.102216063013373,22236412.66110698
10.089111628426693,22280378.339707643
10.076021123815266,22324438.604365084
10.062955873297682,22368593.673474412
10.049927200992641,22412843.765967425
10.036946431018649,22457189.101313207
10.024024887494292,22501629.89951953
10.011173894538203,22546166.381134383
9.998404776269027,22590798.76724724
9.98572885680531,22635527.27949158
9.973157460265668,22680352.140043717
9.960701910768734,22725273.57162743
9.948373532433052,22770291.797512483
9.936183649377242,22815407.0415183
9.924143585719946,22860619.52801346
9.912264665579684,22905929.481919374
9.900558213075172,22951337.128709294
9.889035552324927,22996842.694411036
9.87770800744751,23042446.405608926
9.86658690256165,23088148.489444084
9.855683561785824,23133949.173616208
9.845009309238733,23179848.686385676
9.834575469038882,23225847.256574344
9.824393365304942,23271945.113566667
9.814474322155533,23318142.48731233
9.804829663709214,23364439.60832639
9.795470714084502,23410836.707692556
9.78640879740017,23457334.017062355
9.777655237774724,23503931.768657763
9.76922135932675,23550630.1952742
9.761118486174908,23597429.530278157
9.753357942437773,23644330.007613227
9.745943715731883,23691331.861797728
9.738835244861207,23738435.327929392
9.73197524425612,23785640.641684018
9.725306398516764,23832948.039319336
9.718771392243411,23880357.757674314
9.712312910036161,23927870.03417356
9.705873636495241,23975485.10682544
9.699396256220865,24023203.21422651
9.692823453813247,24071024.595561653
9.686097913872487,24118949.490604784
9.679162320998927,24166978.139722414
9.671959359792652,24215110.78387401
9.664431714853862,24263347.664614048
9.656522070782827,24311689.024092015
9.648173112179691,24360135.105056535
9.639327523644653,24408686.150854185
9.629927989777883,24457342.40543415
9.619917195179625,24506104.11334634
9.609237824450005,24554971.519746058
9.597835573070284,24603944.870393183
9.585704648250413,24653024.411655094
9.572878454341549,24702210.390508465
9.559391517073209,24751503.05453943
9.545278362174841,24800902.65194676
9.530573515375991,24850409.431542236
9.515311502406064,24900023.642753284
9.499526848994549,24949745.535623558
9.483254080870893,24999575.360815562
9.466527723764685,25049513.36961125
9.449382303405244,25099559.813914485
9.431852345522174,25149714.946252346
9.413972375844892,25199979.01977655
9.395776920102847,25250352.288265266
9.377300504025584,25300835.006124765
9.358577653342508,25351427.42839122
9.339642893783122,25402129.81073254
9.320530751076944,25452942.409448586
9.301275750953366,25503865.481474612
9.281912419141946,25554899.28438239
9.262475281372133,25606044.07638134
9.24299886337333,25657300.116319988
9.223517690875127,25708667.66368984
9.204066289606843,25760146.978623793
9.184679185298165,25811738.321900327
9.1653909036784,25863441.954943962
9.146235970477093,25915258.139826722
9.127248911423749,25967187.139271878
9.108464252247728,26019229.216653235
9.089916518678606,26071384.63599742
9.071640236445802,26123653.66198703
9.053669931278847,26176036.559959963
9.03604012890716,26228533.595913175
9.018785355060288,26281145.03650403
9.001940135467649,26333871.149050523
8.985538995858732,26386712.201535463
8.969616461962943,26439668.462605577
8.954207059509883,26492740.201575503
8.939345314128971,26545927.688428406
8.92505247150028,26599231.193817556
8.911299748335963,26652650.98906882
8.898046582347405,26706187.346182063
8.885252411245943,26759840.53783309
8.872876672742905,26813610.83737428
8.860878804549685,26867498.518838465
8.849218244377667,26921503.85693879
8.837854429938147,26975627.12707146
8.826746798942565,27029868.605317723
8.815854789102247,27084228.56844509
8.805137838128545,27138707.29390856
8.794555383732813,27193305.059854537
8.784066863626407,27248022.145120326
8.773631715520722,27302858.829237513
8.763209377127168,27357815.3924324
8.752759286156987,27412892.115629207
8.742240880321589,27468089.28045092
8.73161359733237,27523407.16922271
8.720836874900641,27578846.064971387
8.70987435271364,27634406.251427885
8.698727591088186,27690088.01303141
8.687418261895147,27745891.63492858
8.675968221538483,27801817.402976085
8.664399326422128,27857865.603743102
8.652733432949972,27914036.524512604
8.640992397525892,27970330.453283627
8.629198076553891,28026747.678772945
8.617372326437888,28083288.490416568
8.605537003581773,28139953.17837263
8.59371396438948,28196742.033522077
8.58192506526494,28253655.34747138
8.570192162612045,28310693.41255504
8.558537112834784,28367856.52183509
8.546981772337006,28425144.96910603
8.53554799752267,28482559.048894543
8.524257644795682,28540099.056463227
8.513132570560003,28597765.287809912
8.50219463121951,28655558.039672416
8.49146457985961,28713477.609528884
8.480932054758028,28771524.295600556
8.470552012015986,28829698.39685289
8.460277588306411,28888000.21299773
8.45006192030229,28946430.0444959
8.439858144676563,29004988.19255916
8.429619398102162,29063674.959150344
8.419298817252042,29122490.646988418
8.40884953879916,29181435.559547596
8.398224699416446,29240510.00106139
8.387377435776813,29299714.276523374
8.376260884553332,29359048.69169001
8.364828182418805,29418513.553081203
8.353032466046244,29478109.16798483
8.340826872108607,29537835.844456017
8.328164537278823,29597693.891321093
8.314998598229849,29657683.618178744
8.301282191634613,29717805.335402705
8.286968454166086,29778059.35414273
8.272010605409449,29838445.98632815
8.256385695502246,29898965.544667568
8.240127402886344,29959618.34265433
8.22327763466295,30020404.694564972
8.205878297933168,30081324.915464073
8.187971299798093,30142379.321204823
8.16959854735893,30203568.228431746
8.150801947716786,30264891.954582173
8.131623407972768,30326350.81788981
8.112104835228081,30387945.137384053
8.09228813658379,30449675.23289534
8.072215219141043,30511541.4250553
8.051927990001047,30573544.035298236
8.031468356264853,30635683.385866486
8.010878225033608,30697959.79980867
7.990199503408462,30760373.600984197
7.969474098490551,30822925.114064757
7.9487439173810515,30885614.664535604
7.928050867181,30948442.578700326
7.907436854991644,31011409.183679495
7.8869391013626,31074514.80741593
7.866569232088949,31137759.77867464
7.846330179030161,31201144.427046113
7.826224866911986,31264669.08294874
7.806256220460071,31328334.077629868
7.7864271644000524,31392139.743169125
7.766740623457622,31456086.412480175
7.7471995223584,31520174.419312697
7.727806785828108,31584404.098254833
7.708565338592365,31648775.784735613
7.689478105376907,31713289.81502676
7.670548010907282,31777946.526245352
7.651777979909241,31842746.256355617
7.633170937108446,31907689.344171405
7.61472980723056,31972776.12935889
7.596457515001191,32038006.952437703
7.578356985146044,32103382.154784545
7.560431142390826,32168902.07863364
7.542682911461128,32234567.067081984
7.525115424154407,32300377.464088205
7.507734722025347,32366333.61447666
7.4905489938382885,32432435.863940436
7.4735664784910085,32498684.55904229
7.45679541488137,32565080.047216453
7.440244041907093,32631622.676773295
7.423920598466012,32698312.796899542
7.407833323455847,32765150.757661536
7.391990455774447,32832136.910006877
7.376400234319561,32899271.60576769
7.361070897988952,32966555.197662268
7.346010685680426,33033988.03929838
7.331227836291788,33101570.4851735
7.316730588720787,33169302.890680246
7.3025271818652016,33237185.612105433
7.288625854622893,33305219.00663508
7.275034845891568,33373403.43235606
7.261762394569004,33441739.248257805
7.248816739552964,33510226.814235404
7.236205842662628,33578866.49109106
7.223921268739005,33647658.64053817
7.211929297403529,33716603.62520282
7.200194048339327,33785701.80862519
7.188679641229669,33854953.555263974
7.177350195757754,33924359.23049711
7.166169831606766,33993919.20062565
7.155102668459904,34063633.83287457
7.144112826000367,34133503.49539761
7.133164423911367,34203528.55727712
7.122221581876147,34273709.38852769
7.111248419577848,34344046.36009892
7.100209056699683,34414539.84387887
7.089067612924893,34485190.2126934
7.077788207936649,34555997.84031107
7.0663349614181215,34626963.1014462
7.054671993052565,34698086.37175935
7.042763422523166,34769368.02786141
7.030573369513149,34840808.447315805
7.018065954984053,34912408.00864011
7.005214571448164,34984167.09130951
6.992024123012271,35056086.07575893
6.978506202242542,35128165.34338727
6.964672401705286,35200405.27655655
6.95053431396677,35272806.258597426
6.936103531593204,35345368.673810534
6.9213916471509265,35418092.90746984
6.906410253206047,35490979.34582422
6.891170942324962,35564028.376100324
6.8756853070738515,35637240.38650594
6.859964940018969,35710615.76623233
6.844021433726525,35784154.905455634
6.827866380762927,35857858.19534202
6.81151137369433,35931726.02804675
6.794968005086886,36005758.79672066
6.778247867507005,36079956.89551077
6.761362553520911,36154320.719561666
6.744323655694814,36228850.66502176
6.7271427665950085,36303547.129042625
6.709829774373134,36378410.50978372
6.692380848624367,36453441.20641358
6.674785542066971,36528639.61911324
6.6570333647527065,36604006.14908025
6.639113826733464,36679541.19852855
6.62101643806092,36755245.17069353
6.602730708786908,36831118.469833694
6.584246148963189,36907161.50123394
6.565552268641568,36983374.67120804
6.546638577873807,37059758.387101114
6.527494586711683,37136313.05729267
6.50810980520707,37213039.09119937
6.488473743411603,37289936.89927805
6.468575911377201,37367006.89302882
6.448405819155525,37444249.48499537
6.427952976798466,37521665.08877134
6.4072068943577705,37599254.11900145
6.386157081885202,37677016.99138378
6.364793049432549,37754954.12267293
6.343106356655028,37833065.93068331
6.32113731675814,37911352.83429252
6.298975909622172,37989815.2534424
6.276714347375247,38068453.609143116
6.2544448421456025,38147268.32347608
6.232259606061405,38226259.81959657
6.210250851250862,38305428.521736294
6.188510789842169,38384774.85520656
6.167131633963493,38464299.246401444
6.146205595743012,38544002.12280018
6.12582488730888,38623883.91297028
6.106081720789405,38703945.04657105
6.087068308312652,38784185.954355136
6.068876862006903,38864607.068172805
6.051599594000265,38945208.82097439
6.035328716420963,39025991.64681264
6.020156441397248,39106955.98084708
6.006174981057171,39188102.25934506
5.9934765475290135,39269430.91968804
5.98215293147733,39350942.400368445
5.972218947194449,39432637.14100134
5.96352337665661,39514515.58231873
5.955893396004129,39596578.16617848
5.949156181377106,39678825.3355645
5.943138908915813,39761257.53459178
5.937668754760352,39843875.20850712
5.932572895051052,39926678.8036942
5.927678505927972,40009668.76767435
5.922812763531368,40092845.54911299
5.9178028440014,40176209.597819336
5.912475923478368,40259761.36475087
5.9066591781023305,40343501.30201758
5.900179784013574,40427429.862883046
5.892864917352213,40511547.50176814
5.884541754258521,40595854.674255274
5.875037470872684,40680351.83708978
5.864179243334846,40765039.448184796
5.85179424778525,40849917.96662266
5.837709660364084,40934987.85265922
5.821798294449266,41020249.56772759
5.8041574140304135,41105703.574438944
5.784953169794548,41191350.33658779
5.7643517307417085,41277190.31915597
5.74251926587192,41363223.98831154
5.719621944185093,41449451.811416864
5.695825934681309,41535874.257030144
5.67129740636048,41622491.79490685
5.6462025282226875,41709304.89600467
5.6207074692678844,41796314.03248832
5.594978398496053,41883519.677728854
5.56918148490719,41970922.30630936
5.54348289750132,42058522.394029066
5.51804880527844,42146320.417903975
5.493045377238502,42234316.85617251
5.468638782381532,42322512.18829825
5.444995189707484,42410906.89497197
5.422280768216453,42499501.45811651
5.400661686908322,42588296.3608898
5.38029094930161,42677292.08768633
5.361159181032505,42766489.12414387
5.343147640778241,42855887.957144044
5.326135545808185,42945489.074816346
5.310002113391562,43035292.96654302
5.294626560797653,43125300.12295964
5.279888105295811,43215511.03596135
5.265665964155204,43305926.19870433
5.251839354645213,43396546.10560986
5.238287494035106,43487371.25236804
5.224889599594164,43578402.13594093
5.2115248885916685,43669639.254565015
5.19807257829693,43761083.107757464
5.184411885979188,43852734.19631526
5.170422028907723,43944593.02232421
5.155982224351888,44036660.08915627
5.140971689580908,44128935.901478246
5.125269641864122,44221420.96525161
5.1087552984707685,44314115.78773846
5.091310001196263,44407020.87750507
5.072914616441324,44500136.74442197
5.053690047138929,44593463.8996715
5.033767720507143,44687002.85575051
5.013279063764131,44780754.12647193
4.992355504128,44874718.226969995
4.971128468816943,44968895.673703745
4.949729385049054,45063286.98446005
4.928289680042425,45157892.67835779
4.906940781015223,45252713.275851145
4.885814115185553,45347749.298731975
4.865041109771624,45443001.27013788
4.844753191991487,45538469.71454818
4.825081789063333,45634155.15779619
4.8061583282052,45730058.127066165
4.788114236635323,45826179.150900505
4.771080941571768,45922518.759202436
4.755189870232684,46019077.48323874
4.740572449836222,46115855.85564609
4.727360073716525,46212854.41043209
4.715622081014047,46310073.68297971
4.705237345909765,46407514.21005195
4.69604832186829,46505176.5297956
4.6878974623539875,46603061.181742385
4.68062722083144,46701168.70681632
4.674080050765141,46799499.647335514
4.668098405619546,46898054.547015615
4.662524738859204,46996833.950974956
4.657201503948571,47095838.40573733
4.65197115435214,47195068.459237166
4.6466761435344495,47294524.660820015
4.641158924959953,47394207.56125205
4.63526195209316,47494117.71271726
4.628827678398565,47594255.668826275
4.621698557340707,47694621.98461863
4.613717042384053,47795217.21656661
4.604725586993041,47896041.922578804
4.59456664463228,47997096.662005045
4.58308266876621,48098381.99563825
4.5701412045284115,48199898.485721126
4.555790462997521,48301646.69594732
4.540157797999285,48403627.19146916
4.523370899048189,48505840.5388965
4.50555745565859,48608287.3063044
4.486845157344945,48710968.06323683
4.4673616936216405,48813883.3807096
4.447234754003105,48917033.831213675
4.42659202800381,49020419.98872232
4.405561205138085,49124042.4286906
4.3842699749204,49227901.728063606
4.362846026865185,49331998.465278074
4.341417050486854,49436333.22026782
4.3201107352998065,49540906.574466094
4.299054770818444,49645719.11081069
4.278376846557251,49750771.41374982
4.258204652030614,49856064.069242
4.238665876752933,49961597.66476439
4.219888210238651,50067372.789314814
4.201993633802772,50173390.03341626
4.184988285831082,50279649.98911961
4.1687704436769195,50386153.25001211
4.1532342754243246,50492900.41121542
4.138273949157465,50599892.06939559
4.123783632960453,50707128.82276402
4.109657494917471,50814611.2710813
4.095789703112587,50922340.015664704
4.082074425629969,51030315.65938773
4.068405830553729,51138538.80668904
4.054678085968007,51247010.06357239
4.0407853599569705,51355730.037616
4.026621820604689,51464699.33797135
4.012081635995287,51573918.57537008
3.9970589742129903,51683388.36213082
3.9814480033418675,51793109.31215879
3.9651428914660443,51903082.040952325
3.948037806669646,52013307.1656083
3.930026917036841,52123785.30482398
3.9110049301631875,52234517.07890538
3.8909341102400816,52345503.10976582
3.8699091685788005,52456744.02093541
3.8480402086236865,52568240.437564835
3.8254373338190675,52679992.986425966
3.802210647609229,52792002.295920074
3.7784702534385417,52904268.99608228
3.754326254751291,53016793.718583755
3.729888754991805,53129577.09673697
3.70526785760444,53242619.76550128
3.68057366603351,53355922.36148671
3.6559162837233288,53469485.52295807
3.6314058141181533,53583309.889840245
3.6071523606624254,53697396.103721984
3.583266026800402,53811744.80786044
3.559856915976411,53926356.647187285
3.5370351316347666,54041232.26831212
3.5149107772198533,54156372.31952517
3.493593956175843,54271777.45080649
3.4731947719472487,54387448.3138252
3.4538029903802823,54503385.56194913
3.435418226016651,54619589.85024521
3.418015122407269,54736061.83548841
3.401568322198628,54852802.17616096
3.3860524680372492,54969811.53246366
3.3714422025695114,55087090.56631434
3.3577121684418927,55204639.94135607
3.3448370083008854,55322460.322961144
3.332791364792911,55440552.378237344
3.321549880564447,55558916.77602842
3.311087198262001,55677554.18692354
3.3013779605319655,55796465.283258945
3.292396810020847,55915650.73912469
3.2841183893750525,56035111.230368696
3.276517341241103,56154847.43460156
3.2695683082654057,56274860.03120058
3.263245933094481,56395149.70131662
3.257524858374751,56515717.12787656
3.252379726752693,56636562.99559019
3.247782761654733,56757687.9909535
3.2436798543260466,56879092.80225679
3.240000721112409,57000778.11958275
3.2366748430821275,57122744.63482067
3.233631701303409,57244993.04166331
3.2308007768445037,57367524.035615936
3.228111550773704,57490338.31400083
3.225493504159246,57613436.57596194
3.222876118069408,57736819.522469446
3.220188873572411,57860487.856325194
3.21736125173652,57984442.282168545
3.214322733630027,58108683.50647857
3.211002800321168,58233212.23758444
3.2073309328781647,58358029.18566392
3.2032366123693237,58483135.06275385
3.1986493198628807,58608530.58275272
3.193498536427086,58734216.461425014
3.187713743130246,58860193.41640922
3.1812244210405254,58986462.16722051
3.1739608076727706,59113023.435257584
3.165881830075847,59239877.94380613
3.15698327426513,59367026.41804406
3.147263348813226,59494469.585049674
3.1367202622927834,59622208.173803054
3.1253522232764084,59750242.91519387
3.113157440336707,59878574.5420258
3.1001341220463416,60007203.78902132
3.086280476977933,60136131.392827936
3.0715947137041297,60265358.092021696
3.056075040797481,60394884.62711595
3.039719666830706,60524711.74056372
3.022526800376369,60654840.17676259
3.004494650007132,60785270.682062626
2.9856214242956014,60916004.00477096
2.965905331814426,61047040.8951554
2.9453445811362258,61178382.10545289
2.923937380833607,61310028.389869735
2.9016819394792037,61441980.5045953
2.8785765099192844,61574239.20779875
2.85465256236796,61706805.259640634
2.8300337613904674,61839679.42227576
2.8048596365296277,61972862.45985826
2.7792697173282477,62106355.13854842
2.753403533329106,62240158.22651865
2.7274006140750515,62374272.49395776
2.701400489108863,62508698.71307556
2.675542687973362,62643437.65811164
2.6499667402114397,62778490.10533869
2.6248121753657614,62913856.83306769
2.6002185229792616,63049538.621654876
2.5763253125946903,63185536.25350831
2.5532720737548686,63321850.51308991
2.531198336002646,63458482.18692569
2.5102436288807723,63595432.06360645
2.4905474819320403,63732700.93379848
2.4722494246993705,63870289.59024794
2.45548898672547,64008198.82778116
2.440405697553203,64146429.4433195
2.4271128680659615,64284982.23587918
2.41555451437587,64423858.0065776
2.4056073948636936,64563057.55864046
2.3971480970965473,64702581.697409004
2.390053208641646,64842431.23033991
2.384199317066205,64982606.96701984
2.3794630099372682,65123109.71916311
2.3757208748220933,65263940.30062445
2.372849499287824,65405099.52739894
2.3707254709016468,65546588.217631616
2.3692253772307055,65688407.191623956
2.3682258058421297,65830557.27183605
2.36760334430312,65973039.28289684
2.36723458018092,66115854.051606804
2.366996101042588,66259002.40694635
2.366764494455353,66402485.180081405
2.3664163479863447,66546303.204367064
2.3658282492027496,66690457.31535746
2.3648767856717683,66834948.350809045
2.3634416917969503,66979777.15068809
2.361457715708127,67124944.5571754
2.3589064155204795,67270451.4146748
2.355770842013044,67416298.56981653
2.352034045964885,67562486.87146568
2.347679078155082,67709017.1707271
2.342688989362685,67855890.32095341
2.337046830366745,68003107.17774746
2.3307356519462843,68150668.59897238
2.32373850488041,68298575.4447565
2.316038439948173,68446828.57749806
2.3076185079286233,68595428.86187549
2.2984617596007695,68744377.1648503
2.2885512457437613,68893674.35567243
2.2778700171366495,69043321.30589205
2.266401124558385,69193318.88935998
2.2541276187881323,69343667.98223709
2.2410325506048707,69494369.46300118
2.227098970787722,69645424.21245098
2.212310208747965,69796833.11371458
2.196674866714403,69948597.05225584
2.180246641090605,70100716.91588098
2.1630838927974025,70253193.59474304
2.1452449827558695,70406027.98135042
2.1267882718868805,70559220.97057341
2.1077721211114238,70712773.4596503
2.088254891350388,70866686.3481929
2.068294943524805,71020960.53819576
2.0479506385555624,71175596.93403967
2.027280337363649,71330596.44250187
2.0063424008699826,71485959.97275825
1.9851951899955225,71641688.43639392
1.963897065661243,71797782.74740802
1.942506388788047,71954243.82222192
1.921081520296923,72111072.57968292
1.8996808211088307,72268269.94107555
1.8783626521446877,72425836.83012387
1.8571853743254252,72583774.17300068
1.8362073485720458,72742082.89833498
1.8154869358054526,72900763.9372172
1.7950824969466481,73059818.22320458
1.775052392916507,73219246.69233364
1.7554549846360459,73379050.2831204
1.7363486330262106,73539229.93657301
1.7177916990078899,73699786.59619252
1.6998425435020863,73860721.20798802
1.6825595274297314,74022034.72047593
1.666001011711785,74183728.08469008
1.650225357269207,74345802.25419083
1.6352909250228862,74508258.18506745
1.6212560758938537,74671096.8359498
1.6081791708030124,74834319.16801287
1.5961185706713223,74997926.14498232
1.5851326364197291,75161918.73314841
1.5752797289692069,75326297.90136202
1.5666182092406444,75491064.62105411
1.5592064381550301,75656219.86623435
1.5531027766333239,75821764.6135004
1.5483536615763427,75987699.84204687
1.5448904567902275,76154026.53367083
1.5425801234768812,76320745.67278029
1.5412889159588872,76487858.2464014
1.5408830885586866,76655365.24418256
1.5412288955987634,76823267.65840769
1.5421925914016015,76991566.48399875
1.5436404302896847,77160262.71852416
1.5454386665855395,77329357.36220841
1.5474535546116073,77498851.41793728
1.5495513486904002,77668745.89126366
1.5515983031444307,77839041.79042217
1.553460672296083,78009740.12632558
1.5550047104679408,78180841.91258395
1.5560966719824876,78352348.16550222
1.5566028111621222,78524259.90409493
1.5563893823294421,78696578.15008941
1.5553226398068887,78869303.92793663
1.553268837916903,79042438.26481614
1.5500969531858004,79215982.19064529
1.5457610964599269,79389936.73808587
1.5403152992873288,79564302.94255227
1.53381929649224,79739081.84221925
1.5263328228990076,79914274.47803135
1.517915613331681,80089881.893705
1.5086274026146924,80265905.13574474
1.498527925572148,80442345.25344545
1.4876769170283666,80619203.29889725
1.4761341118075535,80796480.3270025
1.463959244733985,80974177.39547679
1.4512120506318666,81152295.56485683
1.437952264325446,81330835.89851305
1.4242396206390424,81509799.46265163
1.4101338543967614,81689187.32632779
1.395694700422922,81869000.56145082
1.3809818935418008,82049240.24279094
1.3660551685775886,82229907.447992
1.3509742603545334,82411003.25757483
1.335798903696869,82592528.7549454
1.3205888334288431,82774485.02640986
1.3054037843747466,82956873.161171
1.2903034913587703,83139694.25134933
1.2753476892051623,83322949.39197941
1.260596112738213,83506639.68102582
1.2461084967820852,83690766.21938775
1.231944576161041,83875330.11091088
1.218164085699371,84060332.46239081
1.2048267602212803,84245774.38358562
1.1919923345510313,84431656.98721935
1.1797205435128433,84617981.38899817
1.1680711219309643,84804748.70760909
1.1571038046296849,84991960.06473564
1.146878326433125,85179616.58506444
1.1374544221656464,85367719.39629126
1.1288918266514827,85556269.62913246
1.1212502747148108,85745268.41733173
1.1145895011799212,85934716.89766978
1.1089692408710903,86124616.20997168
1.1044321047424006,86314967.49711725
1.10092135041252,86505771.90504542
1.0983444918381196,86697030.58277012
1.0966089958637326,86888744.68238103
1.0956223293338923,87080915.35905832
1.0952919590931316,87273543.77107774
1.0955253519860406,87466631.07982048
1.0962299748571667,87660178.44978325
1.0973132945511281,87854187.04858324
1.0986827779123303,88048658.0469707
1.1002458917854483,88243592.61883965
1.10191010301493,88438991.9412273
1.1035828784454083,88634857.19433555
1.1051716849214017,88831189.56152911
1.1065839892874862,89027990.22934951
1.1077272583882234,89225260.38752662
1.1085089590681036,89423001.22898124
1.1088365581717028,89621213.94983734
1.1086175225436108,89819899.74943358
1.1077645734188053,90019059.83032666
1.1062702142377248,90218695.39830555
1.1041889641774247,90418807.66239862
1.1015769726754456,90619397.83488351
1.0984903891694415,90820467.13129237
1.0949853630969102,91022016.77042814
1.0911180438954062,91224047.97436738
1.0869445810025695,91426561.96847464
1.082521123855841,91629559.98140593
1.0779038218929315,91833043.24512193
1.0731488245512821,92037012.99489987
1.0683122812685326,92241470.46933645
1.0634503414822518,92446416.91036044
1.058619154629966,92651853.56324604
1.0538748701492437,92857781.67661121
1.0492736374776825,93064202.50244148
1.0448716060528227,93271117.29608843
1.0407249253122473,93478527.31628367
1.0368897446934824,93686433.82514916
1.0334215520769021,93894838.08820282
1.0303305323684242,94103741.37437335
1.0275532200670057,94313144.95600669
1.0250193954794042,94523050.10887626
1.022658838912406,94733458.11219065
1.0204013306727404,94944370.24860743
1.0181766510672077,95155787.80424148
1.015914580402523,95367712.06867217
1.0135448989855291,95580144.33495648
1.0109973871228846,95793085.89963683
1.0082018251214464,96006538.062753
1.0050879932879297,96220502.12784797
1.0015856719290923,96434979.40198322
0.9976246413516918,96649971.19574536
0.993134681862486,96865478.8232554
0.988045573768332,97081503.6021822
0.9822870973758455,97298046.85374771
0.9757890329919263,97515109.90274322
0.9684811609232469,97732694.0775333
0.960293262672252,97950800.71006939
0.951186736544372,98169431.13590062
0.9412369506826934,98388586.69418055
0.9305449446194132,98608268.7276823
0.9192117578868135,98828478.58280256
0.9073384300171199,99049217.60957663
0.8950260005425292,99270487.16168886
0.8823755089953096,99492288.5964795
0.8694879949076437,99714623.27496065
0.8564644978117997,99937492.56181683
0.8434060572400028,100160897.82542807
0.8304137127244644,100384840.43787132
0.8175885037974524,100609321.7749344
0.8050314699911496,100834343.21612369
0.7928436508378098,101059906.14468043
0.7811260858696443,101286011.94758487
0.7699798146189494,101512662.01557052
0.7595058766178795,101739857.74313618
0.7498053113986884,101967600.52855095
0.7409791584936016,102195891.77387066
0.7331150579273213,102424732.8849465
0.726185544956607,102654125.27143502
0.7201045265512249,102884070.34681052
0.7147854438818797,103114569.52837288
0.7101417381191624,103345624.2372658
0.7060868504336923,103577235.89847672
0.7025342219960891,103809405.94085583
0.6993972939769719,104042135.79712635
0.6965895075469604,104275426.90389405
0.6940243038767449,104509280.7016546
0.691615124136888,104743698.63481282
0.6892754094980091,104978682.15168704
0.6869186011307846,105214232.70452185
0.6844581402057486,105450351.74950144
0.6818074678936057,105687040.74676003
0.678880025364947,105924301.16038948
0.675589253790406,106162134.4584565
0.6718485943406449,106400542.11300947
0.6675714881862262,106639525.600092
0.6626739578926504,106879086.39975291
0.6571396111309724,107119225.9960583
0.6510245451775489,107359945.87710455
0.6443884211128932,107601247.53502677
0.6372909000175326,107843132.46600957
0.629791642972009,108085602.17030768
0.6219503110569207,108328658.15224315
0.6138265653527668,108572301.92022988
0.6054800669400464,108816534.98677687
0.5969704768994006,109061358.86850376
0.5883574563113285,109306775.08615409
0.5797006662562865,109552785.16460167
0.571059767814944,109799390.63286619
0.5624944220677719,110046593.02412513
0.5540642900953259,110294393.87572321
0.5458290329781477,110542794.72918904
0.5378483117967647,110791797.13024072
0.5301817876317614,111041402.62880266
0.5228891215636509,111291612.77901264
0.5160298702090529,111542429.13924511
0.5096391289003321,111793853.2721058
0.503696233425373,112045886.74445881
0.49817278809460674,112298531.12743416
0.49304039721835125,112551787.99643344
0.48827066510700945,112805658.93115412
0.4838351960709275,113060145.51558974
0.4797055944204658,113315249.33805431
0.47585346446601307,113570971.9911809
0.4722504105178871,113827315.07194853
0.4688680368864908,114084280.18167931
0.46567794788221306,114341868.92606696
0.4626517478152863,114600082.91517559
0.4597610409962414,114858923.76345944
0.45697743173536765,115118393.08977722
0.45427252434301124,115378492.51739472
0.45161792312956095,115639223.67401068
0.44898523240540555,115900588.19175872
0.4463460564808486,116162587.7072242
0.4436719996663072,116425223.86145939
0.4409383725288052,116688498.299993
0.4381398376517893,116952412.67284293
0.4352773530991101,117216968.63453011
0.4323518803179667,117482167.84409119
0.4293643807555725,117748011.96509247
0.42631581585908407,118014502.66564195
0.42320714707572904,118281641.61840077
0.4200393358526071,118549430.50060116
0.41681334363700273,118817870.99405125
0.4135301318760014,119086964.78515825
0.41019066201684495,119356713.56493402
0.40679589550673256,119627119.02900998
0.4033467937928066,119898182.87765466
0.3998443183222662,120169906.81577922
0.39628943054228216,120442292.5529577
0.3926830919000537,120715341.80343947
0.3890262638427515,120989056.286155
0.38531990781758907,121263437.72474213
0.3815649852717229,121538487.8475475
0.37776245765232375,121814208.38764966
0.37391328640660504,122090601.08286385
0.3700184329817233,122367667.67576358
0.366078858824892,122645409.91368982
0.3620955253832676,122923829.54876386
0.358069394104092,123202928.33790363
0.35400142643445065,123482708.04283845
0.3498925838215854,123763170.43011834
0.3457438277126812,124044317.2711332
0.34155611955490883,124326150.34212148
0.3373304207954533,124608671.42418757
0.33306769288152793,124891882.3033176
0.3287688972602467,125175784.77038725
0.32443499537885145,125460380.62118116
0.3200669486844845,125745671.65640254
0.31566571862438764,126031659.68169543
0.31123226664573167,126318346.5076472
0.3067675541956447,126605733.94981538
0.3022725427213686,126893823.82872845
0.29774819367000305,127182617.96991637
0.2931954684888467,127472118.203906
0.2886153286250277,127762326.36625358
0.2840087355257026,128053244.29754746
0.27937665063812744,128344873.84342523
0.2747200354093735,128637216.85459104
0.27003985128672525,128930275.18682931
0.265337059717325,129224050.70101473
0.2606126221483862,129518545.26313424
0.25586750002702274,129813760.74429634
0.2511026548005333,130109699.02074759
0.2463190479159607,130406361.97388743
0.24151764082058946,130703751.49028587
0.2366993949615619,131001869.4616909
0.2318652717860914,131300717.78505088
0.22701623274134874,131600298.36252768
0.2221532392744905,131900613.1015061
0.21727725283273003,132201663.91462107
0.21238923486325234,132503452.71975783
0.20749014681319977,132805981.4400783
0.20258095012979993,133109252.00403167
0.197662606260252,133413266.34537241
0.19273607665166992,133718026.40317181
0.18780232275128128,134023534.1218362
0.18286230600628528,134329791.4511195
0.17791698786385268,134636800.34614143
0.17296732977114004,134944562.767405
0.16801429317534655,135253080.6808054
0.1630588395236714,135562356.05764914
0.15810193026328534,135872390.8746739
0.15314452684137336,136183187.1140553
0.14818759070510623,136494746.76343232
0.14323208330171155,136807071.81591535
0.13827896607833168,137120164.27010298
0.13332920048212316,137434026.13010263
0.1283837479603278,137748659.4055457
0.1234435699601022,138064066.1115985
0.11850962792868813,138380248.26897818
0.1135828833131427,138697207.9039788
0.10866429756075036,139014947.0484765
0.10375483211866765,139333467.73994863
0.09885544843406535,139652772.02149293
0.09396710795414265,139972861.94184178
0.0890907721260703,140293739.55537653
0.08422740239706172,140615406.92214882
0.07937796021424504,140937866.10789204
0.07454340702489048,141261119.1840407
0.06972470427608357,141585168.22774398
0.0649228134150519,141910015.3218863
0.060138695889008886,142235662.55510285
0.05537331314508265,142562112.0217913
0.05062762663048659,142889365.8221355
0.045902597792405686,143217426.06212017
0.04119918807805334,143546294.85354376
0.03651835893452926,143875974.31403926
0.03186107180908948,144206466.56709322
0.027228288148862134,144537773.74205557
0.02262096940108904,144869897.97416058
0.018040077012884126,145202841.4045461
0.01348657243153184,145536606.1802696
0.008961417104160319,145871194.45432124
0.004465572477883484,146206608.3856462
0.0,146542850.1391609
