WF,MW
0.015137700973469682,52.73490932336032
0.015042631839689256,52.80637439406904
0.014949043293328612,52.87792369052562
0.01485692516935582,52.94955729525506
0.01476626729524577,53.02127529084311
0.014677059490513735,53.093077759939725
0.014589291567415744,53.16496478525623
0.014502953330482774,53.236936449567665
0.014418034577886957,53.30899283570371
0.01433452509809256,53.381134026568006
0.014252414674408593,53.453360105115095
0.014171693081047732,53.52567115436828
0.014092350085018924,53.59806725741336
0.014014375447294614,53.670548497388054
0.013937758917931455,53.74311495751208
0.0138624902438123,53.81576672104467
0.013788559160841898,53.88850387132279
0.013715955398434135,53.961326491744174
0.01364466867984231,54.034234665759115
0.013574688718549938,54.10722847689189
0.01350600522187699,54.180308008724055
0.013438607889812184,54.253473344896236
0.01337248641373796,54.326724569117495
0.013307630478204298,54.400061765156636
0.013244029760002028,54.47348501684597
0.013181673928860124,54.54699440807659
0.013120552645979663,54.62059002280801
0.013060655566117177,54.6942719450561
0.013001972335158866,54.76804025890732
0.012944492592875603,54.841895048502764
0.012888205970579252,54.915836398049954
0.012833102091950646,54.989864391820845
0.012779170574182612,55.063979114142306
0.012726401024800974,55.13818064941747
0.012674783046184177,55.21246908209858
0.012624306231381352,55.286844496709286
0.01257496016706394,55.36130697782906
0.012526734430789048,55.43585661011024
0.012479618593857884,55.51049347826185
0.012433602220237787,55.58521766705107
0.012388674864658066,55.66002926131892
0.012344826075830716,55.73492834596113
0.012302045393950106,55.80991500594121
0.012260322352326459,55.88498932628118
0.012219646475949537,55.960151392070316
0.012180007282720064,56.03540128845823
0.012141394282476665,56.11073910066068
0.012103796977895792,56.186164913954016
0.01206720486409902,56.26167881367601
0.0120316074275672,56.33728088523564
0.011996994148881517,56.412971214093815
0.011963354499151637,56.488749885786085
0.011930677943384382,56.564616985902575
0.01189895393831945,56.640572600098764
0.011868171932245562,56.71661681410133
0.011838321367891777,56.79274971368573
0.0118093916779593,56.86897138470576
0.011781372289389403,56.94528191306782
0.011754252620474836,57.02168138474664
0.011728022081676335,57.098169885783975
0.011702670077109902,57.17474750227521
0.011678186001496746,57.25141432039067
0.011654559243824034,57.32817042635116
0.011631779183005977,57.40501590645799
0.011609835192582227,57.48195084706252
0.01158871663768316,57.55897533458109
0.011568412874664981,57.63608945550355
0.011548913253873373,57.71329329637317
0.011530207116935037,57.79058694380251
0.011512283798596167,57.86797048446203
0.01149513262463925,57.94544400509574
0.01147874291432641,58.02300759250517
0.011463103979232434,58.10066133355332
0.011448205122086844,58.17840531517641
0.011434035639632946,58.25623962436274
0.011420584819276856,58.33416434817512
0.011407841942004388,58.412179573732345
0.011395796280069983,58.490285388224166
0.011384437098572033,58.568481878902176
0.01137375365526616,58.646769133077925
0.011363735199533546,58.7251472381311
0.011354370973045078,58.803616281507274
0.011345650210241323,58.88217635071291
0.011337562137966136,58.96082753331585
0.011330095974076538,59.039569916958826
0.011323240930276366,59.11840358933894
0.011316986210000112,59.19732863821861
0.011311321008171268,59.27634515143205
0.01130623451348888,59.35545321686674
0.011301715905110764,59.43465292248764
0.011297754356265087,59.51394435631201
0.011294339031295833,59.59332760642769
0.011291459086805048,59.672802760989185
0.011289103672552859,59.75236990820821
0.011287261929407402,59.83202913636886
0.011285922991388671,59.91178053381416
0.011285075984041078,59.99162418895691
0.011284710026055045,60.07156019026755
0.011284814227097451,60.15158862629085
0.01128537769051848,60.23170958562611
0.011286389510698804,60.311923156945056
0.011287838774853367,60.39222942898127
0.011289714562667837,60.47262849052974
0.011292005944667685,60.55312043046257
0.01129470198601398,60.633705337698274
0.011297791741736979,60.714383301235586
0.011301264260291046,60.795154410132156
0.011305108582164972,60.87601875351089
0.011309313740060018,60.95697642055924
0.011313868753903425,61.03802750053191
0.01131875415896377,61.119172082746076
0.01132391605452304,61.200410256587304
0.011329269599727963,61.28174211150085
0.01133472494156574,61.36316773700652
0.011340192165597524,61.44468722267562
0.011345581292055403,61.52630065816017
0.01135080227994447,61.60800813316369
0.011355765023621671,61.68980973746354
0.0113603793545345,61.77170556090199
0.011364555041381771,61.853695693381596
0.011368201788630395,61.93578022487715
0.011371229238806955,62.01795924541719
0.011373546968759893,62.100232845114206
0.011375064494571438,62.18260111412788
0.011375691267209675,62.26506414269313
0.011375336674638576,62.347622021109274
0.011373910041491221,62.43027483974039
0.011371320628925425,62.513022689015656
0.011367477634845854,62.595865659426835
0.011362290192417517,62.67880384154239
0.011355675368018995,62.76183732598324
0.011347677659813496,62.8449662034433
0.011338553038249898,62.928190564680264
0.01132865195485793,63.011510500519876
0.011318327468973323,63.09492610184898
0.011307932887239837,63.17843745962631
0.011297821765460432,63.26204466486888
0.011288347906436557,63.345747808669714
0.011279865362908568,63.42954698217562
0.011272728434185217,63.51344227661406
0.011267291670172146,63.59743378326314
0.011263909867761424,63.68152159347761
0.011262938073403072,63.76570579867334
0.011264731581859996,63.84998649033588
0.011269645937445873,63.93436376001127
0.01127803693247519,64.01883769931943
0.011290260609108491,64.1034083999417
0.011306673258774515,64.18807595362244
0.011327631421038488,64.27284045218182
0.011353491886306214,64.35770198749468
0.011384611591464306,64.44266065151339
0.01142124609879592,64.52771653624907
0.01146325734599648,64.61286973377943
0.011510162588210797,64.69812033625328
0.011561426460106066,64.78346843588366
0.011616513219768119,64.86891412494764
0.011674886747944702,64.95445749579176
0.01173601054847158,65.04009864082909
0.011799347748335319,65.12583765253623
0.011864361096782268,65.21167462345943
0.01193051296588108,65.29760964621013
0.011997265349751913,65.38364281347016
0.012064079865725774,65.46977421798059
0.012130417752535623,65.55600395255337
0.012195739870690128,65.64233211007146
0.012259506703857411,65.72875878347449
0.012321178356038773,65.81528406577871
0.012380214553539945,65.90190805006492
0.012436074645057884,65.98863082947167
0.012488217598464876,66.07545249722145
0.012536102005508464,66.16237314658565
0.012579209139988624,66.24939287091767
0.012617360393160807,66.33651176362591
0.012650925427047125,66.4237299181942
0.012680510348023623,66.51104742816956
0.012706726902537581,66.59846438716667
0.012730187266672272,66.68598088886952
0.012751504047052824,66.77359702702496
0.012771290279963677,66.8613128954497
0.01279015943177027,66.94912858803062
0.012808725400453922,67.03704419871221
0.012827602512921931,67.12505982151761
0.012847405527925768,67.21317555053153
0.012868749635104237,67.30139147990414
0.012892250454223743,67.38970770386038
0.012918524037768605,67.47812431668109
0.012948186867597907,67.56664141272842
0.012981855859079341,67.65525908641834
0.01302014835731416,67.74397743224701
0.01306368214108056,67.83279654476495
0.013113075419103469,67.92171651860359
0.013168946576207345,68.01073744845003
0.013231752774464546,68.09985942906977
0.013301353114906569,68.18908255528606
0.013377096336805854,68.27840692199737
0.013458257483708642,68.36783262416517
0.013544111089320802,68.45735975682197
0.013633931178278132,68.54698841506502
0.013726991265240962,68.63671869406092
0.013822564355083262,68.72655068904376
0.013919922942417498,68.81648449531778
0.014018339012250117,68.9065202082507
0.01411708403829275,68.99665792328449
0.01421542898515028,69.08689773591858
0.014312644304541213,69.17723974173515
0.014407999939904164,69.2676840363671
0.014500765320871646,69.35823071553243
0.014590209367926142,69.44887987500564
0.014675600489259229,69.53963161063257
0.014756206581132175,69.63048601833063
0.014831295029227342,69.72144319407678
0.014900132705260468,69.81250323392976
0.014962026585547442,69.90366623400173
0.015016839683503282,69.9949322904813
0.015065305798065184,70.08630149962764
0.015108521182200286,70.17777395776247
0.01514758984594532,70.26934976127747
0.015183616573194097,70.36102900663485
0.015217706922539763,70.45281179036385
0.015250967227543065,70.54469820905864
0.015284504595666302,70.63668835938834
0.015319426910028222,70.72878233808969
0.015356842829924347,70.82098024196164
0.015397861789084767,70.913282167879
0.015443593998278942,71.00568821277898
0.015495150443312126,71.09819847367497
0.01555364288781271,71.19081304764094
0.015620183871135935,71.28353203182465
0.015695886709803087,71.37635552344312
0.015781865498368974,71.46928361977632
0.015879235107626892,71.56231641818084
0.01598911118727391,71.65545401607638
0.01611260932107862,71.74869651095418
0.016250488747435562,71.84204400037626
0.01640224522457585,71.93549658196207
0.016566323891508562,72.02905435342119
0.016741026342426583,72.12271741250872
0.016924652976723565,72.21648585707001
0.017115503005862877,72.31035978500134
0.017311874447297655,72.40433929427846
0.017512064126904266,72.4984244829459
0.017714367678418816,72.59261544911513
0.01791707954256589,72.68691229096672
0.018118492966751866,72.78131510674982
0.01831690000446254,72.87582399478386
0.018510591514951776,72.9704390534589
0.018697857163246002,73.06516038123306
0.01887698541955135,73.1599880766324
0.01904626355864964,73.25492223825219
0.019203977658440376,73.3499629647651
0.019348412603206057,73.44511035489978
0.019477852078397147,73.54036450746418
0.019590578573587508,73.6357255213322
0.019684956620766556,73.73119349544848
0.019760410843070907,73.82676852882938
0.01981797952703815,73.92245072055144
0.019859348531127044,74.01824016977311
0.019886215720347693,74.11413697571626
0.01990028014968232,74.21014123767348
0.01990324206557309,74.30625305500233
0.0198968029040273,74.40247252713888
0.019882665293639034,74.49879975358655
0.019862533055877263,74.59523483391234
0.019838111203191077,74.6917778677591
0.019811105941374144,74.78842895483828
0.01978322466941699,74.88518819493126
0.019756175980338273,74.98205568788615
0.019731669659844037,75.07903153362851
0.01971141668933332,75.17611583214862
0.019697129245313895,75.27330868350225
0.01969052069720075,75.37061018782833
0.019693305612912278,75.46802044532171
0.01970719975384993,75.56553955625893
0.01973391902567312,75.66316762097684
0.0197748616325315,75.76090473988958
0.019830346463620196,75.8587510134793
0.019899818156249843,75.9567065423002
0.019982608992632087,76.05477142696895
0.02007805078340027,76.1529457681832
0.020185474870401784,76.25122966670976
0.02030421212790419,76.34962322337074
0.020433592955642524,76.44812653908228
0.02057294728712832,76.54673971481493
0.020721604584943914,76.64546285160816
0.020878893838609004,76.7442960505874
0.02104414357081785,76.84323941293101
0.02121668183053227,76.94229303990045
0.021395836197657527,77.04145703282019
0.02158093377975146,77.1407314930911
0.02177130121409361,77.2401165221808
0.021966264666723436,77.33961222162537
0.022165149830578,77.43921869303995
0.022367281928596928,77.538936038104
0.022571985711277998,77.63876435856912
0.02277858545699636,77.73870375625863
0.02298640497260545,77.8387543330631
0.023194767591260528,77.93891619095095
0.023402996174914124,78.03918943195708
0.02361041311291533,78.13957415818581
0.023816340320933084,78.24007047181652
0.024020099242486936,78.34067847509692
0.024221010848157386,78.44139827034387
0.024418395633545382,78.54222995995444
0.024611573623675612,78.64317364638495
0.0247998643677418,78.74422943217095
0.024982586942318055,78.84539741991583
0.025159059949853995,78.94667771229481
0.025328601518789833,79.04807041205437
0.02549052930269827,79.14957562201647
0.02564416048294772,79.25119344506466
0.02578881176404237,79.35292398416249
0.025923799377419426,79.45476734233958
0.026048439077585292,79.5567236227075
0.02616204614858007,79.65879292842911
0.026263936444132316,79.76097536276231
0.026353662388102543,79.86327102901788
0.026431545372704333,79.9656800305883
0.02649851356788132,80.06820247093313
0.02655556901018903,80.17083845358869
0.02660371443914959,80.27358808215472
0.026643953293359703,80.37645146031085
0.026677289714401777,80.47942869180393
0.026704728544711735,80.58251988045603
0.026727275330027826,80.68572513015496
0.02674593631680375,80.78904454486548
0.026761718454361583,80.89247822862399
0.02677562939541991,80.99602628553501
0.02678867749423975,81.09968881978041
0.026801871809974932,81.20346593560666
0.026816222102584608,81.3073577373427
0.026832738838419287,81.41136432937896
0.02685243318538449,81.5154858161857
0.026876317016893175,81.6197223023
0.026905402909855863,81.72407389233312
0.026940704145951372,81.82854069096734
0.026983198595706543,81.93312280296176
0.027033463654308088,82.03782033314269
0.027091500157419127,82.14263338640822
0.027157094435636468,82.24756206773273
0.02723003006432198,82.35260648215998
0.027310090466218885,82.45776673480586
0.02739705891063687,82.5630429308633
0.027490718516448354,82.6684351755882
0.027590852246391222,82.77394357432397
0.027697242915592262,82.87956823246559
0.02780967318077286,82.985309255502
0.02792792555004052,83.09116674898154
0.02805178237714457,83.19714081852854
0.028181025863276817,83.30323156983886
0.028315438056556636,83.40943910868123
0.028454800850865946,83.51576354090419
0.028598895990233342,83.62220497241599
0.02874750506245323,83.72876350920824
0.028900409504756412,83.83543925733588
0.029057390597993105,83.94223232293967
0.029218229472853085,84.0491428122235
0.02938270710613108,84.15617083146341
0.029550604319669833,84.26331648701566
0.029721701784743138,84.37057988529827
0.029895780014743134,84.4779611328205
0.030072619376084218,84.58546033613987
0.03025200007516698,84.69307760190868
0.030433702167823706,84.80081303684644
0.03061750555850586,84.90866674773332
0.03080318999272742,85.01663884144227
0.030990535067594624,85.12472942490163
0.031179320221286753,85.23293860513166
0.031369324744775544,85.34126648920102
0.03156032776750594,85.44971318427835
0.031752108271319475,85.55827879758618
0.03194444508041306,85.66696343643096
0.03213711686693057,85.77576720818683
0.03232990214789811,85.88469022030431
0.03252257928678122,85.99373258030582
0.032714926493085904,86.10289439578577
0.03290672182047224,86.21217577441911
0.03309774791507157,86.32157682394576
0.0332878366012419,86.43109765218408
0.03347688861423977,86.54073836702608
0.03366482931004308,86.65049907643063
0.03385158423937612,86.76037988844536
0.034037078907325165,86.87038091117155
0.0342212387621655,86.98050225279971
0.03440398920233648,87.09074402159249
0.034585255576861124,87.20110632587746
0.03476496318051063,87.31158927406345
0.03494303725783408,87.4221929746297
0.03511940300022122,87.53291753613559
0.035293985550205534,87.64376306720517
0.03546670999654026,87.7547296765417
0.035637501376328054,87.86581747292433
0.03580628467701717,87.97702656519874
0.03597298483077579,88.08835706229725
0.0361375267225105,88.19980907321244
0.03629983518240877,88.31138270701832
0.0364598349889247,88.42307807286551
0.03661745087123462,88.5348952799701
0.03677260750307355,88.64683443763437
0.03692522951115085,88.75889565521939
0.03707524146460217,88.8710790421789
0.03722256788678666,88.98338470802295
0.037367133244042706,89.09581276235082
0.03750886195464289,89.2083633148261
0.03764767838270755,89.32103647519284
0.03778350684154786,89.43383235326732
0.03791627159324343,89.54675105893689
0.038045896845209225,89.65979270217326
0.038172306757870894,89.77295739300651
0.03829542543308483,89.886245241562
0.038415176926997086,89.99965635802292
0.038531485240793625,90.11319085265279
0.03864427432303124,90.22684883579409
0.038753468073545294,90.34063041785278
0.03885899033471848,90.45453570932726
0.038960764903250435,90.56856482077247
0.039058715519436835,90.68271786282843
0.039152765872615874,90.79699494620915
0.03924285081064689,90.9113961816993
0.039329014440042075,91.02592168016471
0.03941144974577652,91.1405715525416
0.039490401016549374,91.25534590984125
0.03956611313696128,91.37024486315127
0.03963883116163764,91.48526852363796
0.03970880031819125,91.60041700253558
0.039776266003925954,91.71569041115447
0.03984147378430314,91.8310888608913
0.03990466940108879,91.94661246320167
0.0399660987625143,92.06226132962752
0.04002600794939993,92.17803557178371
0.040084643214767283,92.29393530135565
0.04014225098004203,92.40996063011258
0.040199077841678796,92.52611166988696
0.04025537056145129,92.64238853260574
0.04031137607968802,92.75879133025036
0.0403673415023606,92.87532017489181
0.04042351411047153,92.99197517866682
0.040480141352573655,93.10875645379981
0.04053747043161097,93.22566411258359
0.04059570170368531,93.34269826737898
0.04065490074321822,93.45985903063536
0.040715035001054396,93.57714651487652
0.040776062060046754,93.69456083269137
0.04083793946974403,93.81210209675382
0.04090062475052361,93.92977041981571
0.040964075396140213,94.0475659146943
0.041028248867461724,94.16548869429073
0.04109310259616126,94.28353887158345
0.04115859398704613,94.40171655961673
0.041224680410355236,94.52002187152596
0.04129131921271886,94.63845492050444
0.04135846770476416,94.75701581983921
0.04142608317280521,94.87570468287906
0.0414941228692259,94.99452162306027
0.04156254401903913,95.11346675389058
0.0416313038184811,95.23254018894846
0.04170035943169466,95.35174204189477
0.04176966799283535,95.47107242647023
0.04183918660914955,95.59053145648318
0.04190887109543282,95.71011924582565
0.0419786657000349,95.82983590845618
0.04204849933311372,95.9496815584206
0.04211829580766446,96.06965630983845
0.042187978851053645,96.18976027690164
0.0422574721376202,96.30999357387685
0.04232669928528685,96.43035631512062
0.04239558386540201,96.55084861504758
0.04246404939045578,96.67147058816514
0.042532019324177196,96.79222234904722
0.04259941707646269,96.91310401234458
0.042666166001650976,97.03411569279453
0.04273218940554167,97.15525750519888
0.04279741053761605,97.27652956444425
0.042861752596120316,97.39793198549052
0.042925138726352535,97.51946488337288
0.042987492018196294,97.64112837321238
0.043048735513201694,97.76292257019293
0.04310879219526746,97.88484758958734
0.04316758499846511,98.0069035467375
0.04322503698224244,98.12909055707141
0.04328108791675273,98.2514087360843
0.043335723767455835,98.37385819935301
0.0433889632302761,98.49643906253297
0.04344082809442373,98.61915144134967
0.04349134016103746,98.7419954516164
0.043540521249131374,98.86497120921871
0.04358839319362518,98.9880788301159
0.0436349778428602,99.1113184303502
0.04368029706283249,99.23469012603454
0.043724372731467294,99.35819403337032
0.04376722674735438,99.48183026862071
0.043808881019018434,99.60559894814095
0.04384935747341446,99.72950018835817
0.04388867805343993,99.85353410577352
0.043926864715178864,99.97770081697229
0.0439639394336776,100.10200043860615
0.043999924193153225,100.22643308742448
0.044034841001827994,100.35099888022955
0.04406871187659664,100.47569793391722
0.04410155885006416,100.60053036546645
0.04413340397636125,100.72549629191406
0.04416426931878921,100.85059583038986
0.04419417695941174,100.9758290980941
0.04422314899248931,101.10119621231594
0.04425120753333981,101.22669729040521
0.044278374707207,101.35233244980404
0.04430467265736547,101.47810180802824
0.044330123543356456,101.60400548266766
0.044354749538199234,101.73004359139588
0.04437857283245922,101.85621625195887
0.044401615629422034,101.98252358218966
0.04442390015273103,102.10896569998393
0.044445448635193244,102.23554272333394
0.04446628332896427,102.36225477030334
0.044486426504800995,102.48910195901951
0.044505900440327276,102.61608440771494
0.044524727436877146,102.7432022346801
0.044542929808786325,102.87045555828603
0.044560529883388496,102.99784449699158
0.0445775500068997,103.12536916932568
0.04459401253777414,103.25302969390629
0.04460993985618036,103.38082618940942
0.044625354350433986,103.5087587746097
0.04464027842852623,103.63682756835226
0.044654734513519645,103.76503268956091
0.04466874504278067,103.89337425724281
0.04468233247337554,104.0218523904691
0.04469551927000652,104.15046720841505
0.04470832792299473,104.27921883030552
0.0447207809287592,104.4081073754704
0.04473290080729912,104.53713296329657
0.044744710088055785,104.66629571326604
0.04475623131943373,104.79559574493268
0.04476748706572043,104.92503317792593
0.044778499903482503,105.05460813196578
0.04478929243033067,105.18432072683436
0.04479988725306961,105.31417108241193
0.044810307001108884,105.44415931863723
0.04482057431202184,105.5742855555502
0.04483071184626021,105.70454991324974
0.044840742274251985,105.83495251192878
0.04485068828595836,105.96549347184953
0.044860572584939,106.09617291335775
0.04487041788990512,106.22699095688242
0.04488024693860419,106.35794772292004
0.04489008247954611,106.48904333206129
0.04489994728106351,106.62027790496555
0.04490986412536522,106.75165156237512
0.04491985581009183,106.88316442511362
0.04492994515013519,107.01481661407887
0.04494015497323585,107.14660825025774
0.04495050812724839,107.27853945470255
0.044961027471846736,107.41061034855483
0.044971735881637304,107.54282105304293
0.04498265625317805,107.6751716894535
0.044993811490957936,107.80766237917518
0.04500522452090864,107.9402932436617
0.0450169182818353,108.07306440445316
0.04502891572905863,108.2059759831683
0.04504123983468193,108.33902810150119
0.045053913583168195,108.47222088123759
0.04506695953148712,108.60555444422948
0.0450803706946362,108.73902891241568
0.04509406452056463,108.87264440781496
0.04510790778416312,109.0064010525305
0.0451217630165425,109.14029896872773
0.04513549264579604,109.2743382786785
0.04514895901289843,109.40851910471505
0.045162024361497424,109.54284156925297
0.04517455083814323,109.67730579479772
0.045186400498538226,109.8119119039238
0.04519743530123372,109.94666001929102
0.045207517109695,110.0815502636423
0.04521650769463284,110.21658275979388
0.04522426872952338,110.3517576306491
0.045230661794248825,110.48707499918896
0.04523554837428756,110.62253498847187
0.045238789858588126,110.75813772164135
0.0452402475416403,110.89388332192162
0.045239782623450096,111.02977191261584
0.04523725621030068,111.16580361710109
0.04523252930868875,111.30197855885177
0.045225475540198366,111.43829686140865
0.04521606569428149,111.57475864839535
0.04520438962644412,111.71136404352248
0.04519057188903682,111.8481131705736
0.04517473722052827,111.98500615341987
0.04515701044749268,112.12204311600819
0.045137516480436124,112.25922418237468
0.04511638032064085,112.39654947662092
0.04509372704996043,112.53401912294707
0.04506968184212038,112.6716332456179
0.045044369951469966,112.80939196899766
0.045017916724013535,112.94729541751732
0.04499044758983538,113.08534371569345
0.04496208806626698,113.22353698812088
0.044932963755817755,113.36187535948017
0.0449032003477708,113.50035895453428
0.04487292362003422,113.63898789811951
0.04484225943341668,113.77776231516549
0.0448113337392275,113.9166823306716
0.044780272573814214,114.05574806972014
0.044749202057026725,114.19495965748872
0.044718248402408664,114.33431721921245
0.044687537901841136,114.47382088023397
0.04465719694120327,114.61347076595635
0.044627351989191856,114.75326700187273
0.044598129599955044,114.89320971356652
0.044569656420395475,115.03329902668118
0.04454205917589402,115.17353506696873
0.044515464686968924,115.3139179602377
0.04448999985396889,115.45444783239924
0.04446579167086145,115.59512480942414
0.044442967210720136,115.73594901739054
0.044421653639762596,115.87692058244198
0.04440197821010602,116.0180396308024
0.044384068257201016,116.15930628879161
0.044368051209964746,116.30072068278876
0.0443540545744773,116.44228293928973
0.04434220595680612,116.5839931848295
0.04433263303712237,116.72585154606492
0.04432546359200313,116.86785814970924
0.04432082548020679,117.01001312257083
0.04431882603158657,117.15231659152784
0.04431942358848543,117.29476868355266
0.044322398643123095,117.4373695257009
0.04432748206242308,117.58011924509674
0.04433440442120469,117.72301796895964
0.044342896110061064,117.86606582459237
0.04435268733790445,118.00926293936507
0.044363508122576514,118.15260944074885
0.04437508830169561,118.29610545628128
0.04438715752196352,118.43975111360159
0.044399445252622016,118.58354654040247
0.04441168076721368,118.72749186449252
0.04442359316120437,118.87158721374331
0.04443491134309784,119.01583271610777
0.04444536403203961,119.16022849963599
0.04445467976609678,119.3047746924465
0.04446258689596158,119.44947142274151
0.04446881358255295,119.59431881882341
0.044473087808435285,119.7393170090517
0.044475137362649596,119.88446612189217
0.04447469148843933,120.0297662858728
0.04447155989964655,120.17521762962618
0.044465743905261985,120.32082028185107
0.044457366138915946,120.46657437133567
0.04444655795002147,120.61248002695046
0.044433450778567946,120.75853737764908
0.04441817615410234,120.9047465524736
0.04440086570018772,121.05110768053595
0.0443816511253002,121.19762089105208
0.044360664236672606,121.34428631329237
0.04433803692285222,121.49110407664162
0.044313901169365934,121.63807431055248
0.044288389052746686,121.78519714455466
0.044261632736392977,121.93247270827466
0.044233764477623776,122.07990113141386
0.044204916622757676,122.2274825437629
0.044175221610777755,122.37521707518945
0.04414481196841766,122.52310485565701
0.044113820318240474,122.67114601519495
0.04408237936930961,122.81934068392894
0.04405062192215218,122.96768899207103
0.04401868087266804,123.11619106989832
0.043986689199710584,123.264847047801
0.043954779981699256,123.4136570562256
0.043923086382907636,123.56262122571565
0.04389174165867413,123.71173968690306
0.043860879159818365,123.86101257048571
0.04383063232128863,124.01044000727055
0.04380113467562861,124.16002212812883
0.04377251984446961,124.30975906401758
0.043744921537269714,124.45965094599353
0.043718473560883916,124.60969790517544
0.04369330980617451,124.75990007279194
0.04366956426350488,124.91025758012668
0.04364737100678232,125.06077055857247
0.043626864206109374,125.21143913959273
0.04360817812110807,125.36226345473915
0.04359144710223287,125.51324363565152
0.04357680559439571,125.6643798140406
0.04356438812695581,125.81567212172982
0.043554329331751976,125.96712069058563
0.04354676234160099,126.118725652605
0.04354175207296266,126.27048713982708
0.04353920673908707,126.4224052844115
0.04353893814610275,126.57448021856845
0.04354075160492241,126.72671207462703
0.04354445229962058,126.87910098498307
0.04354984528096783,127.0316470821096
0.043556735461502884,127.1843504985816
0.04356492762476783,127.33721136704358
0.043574226415742684,127.49022982024351
0.04358443635060139,127.6434059909985
0.04359536181101103,127.79674001220751
0.04360680703970735,127.95023201687715
0.04361857615336116,128.10388213807192
0.04363047312783493,128.25769050896463
0.04364230181105525,128.41165726279274
0.04365386591161502,128.56578253289763
0.04366496900855703,128.72006645269173
0.04367541454487965,128.87450915567732
0.043685005828274344,129.02911077544985
0.04369354603626868,129.18387144567492
0.04370086225923651,129.33879130011732
0.043706937020409106,129.49387047261996
0.043711929058230875,129.64910909710846
0.04371604197179854,129.80450730761316
0.043719479545154934,129.9600652382152
0.043722445691431966,130.11578302311568
0.043725144469999463,130.27166079658065
0.04372778007638741,130.42769869297007
0.04373055684595124,130.58389684672977
0.04373367925468777,130.74025539238522
0.04373735191615498,130.8967744645537
0.04374177958358314,131.0534541979398
0.04374716715147084,131.2102947273259
0.04375371965172182,131.36729618758704
0.043761642256018106,131.5244587136855
0.04377114027871769,131.68178244065462
0.04378241916752584,131.839267503638
0.04379568451523392,131.99691403784914
0.043811142053253996,132.15472217858655
0.04382899765034859,132.31269206124477
0.04384945511961792,132.47082382130174
0.04387263427998508,132.62911759431182
0.04389846859394699,132.78757351592304
0.0439267801865394,132.94619172187691
0.04395738427346182,133.10497234799283
0.04399009594421426,133.26391553017135
0.0440247301583959,133.4230214044132
0.044061101752480326,133.58229010679457
0.044099025434546475,133.74172177348356
0.04413831578765582,133.9013165407281
0.04417878726509057,134.06107454487602
0.04422025419689251,134.22099592235082
0.044262530785365774,134.3810808096638
0.04430543110530291,134.54132934341604
0.04434876910553522,134.70174166029318
0.04439235860811207,134.86231789706665
0.044436013306413495,135.0230581906039
0.044479546770945164,135.18396267784325
0.044522772440829854,135.345031495826
0.04456550363252635,135.50626478166492
0.04460755353130162,135.66766267257512
0.04464875002702406,135.8292253058478
0.04468901173236854,135.99095281886503
0.044728357518418235,136.15284534909705
0.04476683057411174,136.3149030341021
0.04480447413003029,136.47712601151943
0.0448413314442312,136.63951441908324
0.04487744580573025,136.8020683946117
0.04491286053371106,136.96478807600636
0.04494761897457948,137.1276736012664
0.04498176450868229,137.29072510846078
0.045015340540106044,137.45394273576838
0.04504839050689575,137.61732662144396
0.045080957877306156,137.78087690382293
0.04511308614603278,137.94459372133986
0.04514481883933779,138.10847721251275
0.045176199513443156,138.27252751594466
0.04520727175237414,138.43674477033474
0.04523807917364663,138.6011291144542
0.045268665420158026,138.7656806871767
0.04529907416587378,138.93039962746326
0.04532934911638266,139.09528607435442
0.045359534006195266,139.26034016697815
0.04538967259684433,139.42556204456304
0.04541980868313999,139.5909518464145
0.04544998608992354,139.7565097119195
0.04548024866580459,139.92223578057968
0.04551064029760598,140.08813019195475
0.04554120489647797,140.25419308570724
0.045571986403895065,140.42042460159013
0.045603028793854666,140.58682487943236
0.04563437606550384,140.75339405916995
0.0456660722529908,140.92013228080845
0.045698161416169274,141.08703968445548
0.04573068764772597,141.25411641029652
0.04576369506797972,141.4213625986124
0.045797227827904276,141.588778389771
0.04583133010858837,141.75636392422723
0.04586604612014226,141.92411934252812
0.04590142010445874,142.09204478530057
0.04593749632970751,142.2601403932751
0.04597431909861602,142.42840630725289
0.04601193273937104,142.5968426681392
0.0460503816130789,142.76544961691843
0.04608971010824574,142.93422729467346
0.04612996264715198,143.10317584255972
0.0461711836769924,143.2722954018399
0.04621341767847589,143.44158611385487
0.046256709160841625,143.61104812003816
0.04630110266436587,143.78068156190713
0.046346642757307134,143.95048658107595
0.04639337403953259,144.1204633192428
0.046441341139738024,144.29061191819895
0.04649058871824823,144.4609325198179
0.046541161463109874,144.63142526607047
0.046593104094013627,144.8020902990117
0.04664646135921949,144.97292776079155
0.04670127804005885,145.14393779363544
0.046757598942506376,145.31512053987944
0.046815468908439434,145.48647614192782
0.04687493280494622,145.6580047422903
0.04693603553194081,145.82970648355806
0.04699882149827248,146.00158150841318
0.04706331924932846,146.17362995963225
0.047129524433615046,146.34585198006727
0.047197414187207104,146.51824771267835
0.04726696467661762,146.69081730050584
0.047338152052380456,146.86356088667378
0.04741095244303994,147.0364786144203
0.04748534197058548,147.20957062703354
0.04756129672870189,147.3828370679336
0.047638792803957726,147.55627808059984
0.047717806260605594,147.72989380861935
0.04779831314947992,147.9036843956594
0.047880289504549305,148.07764998547464
0.047963711338271264,148.25179072193345
0.04804855465548538,148.4261067489604
0.04813479543603063,148.60059821059798
0.048222409648659224,148.77526525096164
0.04831137324319665,148.95010801426236
0.04840166215168528,149.12512664480892
0.048493252293063845,149.3003212869868
0.048586119565260134,149.47569208528813
0.04868023985515964,149.65123918427395
0.048775589026848275,149.8269627286175
0.04887214293101348,150.0028628630758
0.04896987740349085,150.1789397324856
0.049068768259335704,150.35519348178946
0.04916879130022081,150.53162425601028
0.04926992230879548,150.70823220027052
0.04937213705463958,150.88501745976816
0.04947541128470378,151.0619801798157
0.049579720735561016,151.2391205057956
0.049685041124435766,151.416438583186
0.049791348150075875,151.59393455756583
0.04989861749817575,151.77160857459188
0.05000682483504326,151.9494607800201
0.05011594581151634,152.1274913196945
0.050225956060535995,152.30570033955536
0.0503368312007945,152.48408798562454
0.05044854683247208,152.6626544040194
0.050561078536904135,152.84139974096107
0.050674401885783926,153.02032414273313
0.050788492425820016,153.19942775573827
0.050903325690691184,153.37871072646402
0.051018877200468174,153.55817320147315
0.05113512245139293,153.73781532744636
0.05125203693104976,153.91763725112764
0.05136959610222488,154.09763911938103
0.051487775419080235,154.27782107913356
0.05160655031187173,154.45818327742754
0.05172589619818258,154.63872586138663
0.05184578847887067,154.81944897822285
0.051966202535534516,155.0003527752499
0.05208711373618344,155.1814373998623
0.05220849742891848,155.36270299955748
0.05233032894825913,155.54414972191387
0.05245258360911331,155.72577771461098
0.052575236711538756,155.9075871254151
0.0526982635388366,156.0895781021821
0.052821639354653636,156.27175079287275
0.05294533941003789,156.45410534552627
0.053069338937343,156.6366419082772
0.05319361315117348,156.8193606293574
0.05331814763833403,157.0022616570842
0.05344298233441836,157.18534513987078
0.053568212813104275,157.36861122622702
0.053693946350123915,157.55206006474685
0.0538202902921671,157.7356918041188
0.053947352056477535,157.9195065931325
0.05407523913678722,158.1035045806537
0.054204059094125,158.287685915657
0.05433391956439636,158.4720507472041
0.05446492825776727,158.6565992244381
0.05459719295003965,158.84133149662063
0.054730821498288576,159.0262477130752
0.05486592182323515,159.21134802324627
0.055002601925946734,159.3966325766441
0.05514096987212627,159.58210152289718
0.05528113380553667,159.76775501171056
0.055423201939962585,159.95359319288758
0.05556728256055383,160.13961621633052
0.055713484029616525,160.3258242320156
0.05586191477439821,160.51221739003836
0.05601268197992237,160.69879584056696
0.05616585996752068,160.88555973387065
0.05632145918780454,161.07250922031966
0.056479456335160015,161.25964445035194
0.0566398266179833,161.4469655745323
0.05680254523497839,161.6344727434983
0.05696758736585259,161.8221661079813
0.05713492817058676,162.01004581881614
0.057304542795709505,162.19811202691778
0.05747640636696082,162.3863648833053
0.05765049399276421,162.5748045390958
0.057826780768473765,162.7634311454841
0.05800524176861842,162.95224485376667
0.058185852048980864,163.14124581534304
0.05836858665408354,163.33043418168396
0.05855342060292432,163.51981010438124
0.05874032890432548,163.70937373509972
0.05892928654548357,163.89912522560988
0.05912026849842014,164.08906472777016
0.05931324971783182,164.27919239353093
0.0595082051396255,164.46950837494114
0.05970510968015611,164.66001282415675
0.0599039382475838,164.8507058933934
0.0601046657198895,165.0415877350026
0.06030726697019666,165.23265850139126
0.060511716844691144,165.4239183450877
0.06071799017661859,165.61536741870515
0.06092606178074504,165.80700587495426
0.0611359064563387,165.9988338666323
0.06134749898267572,166.19085154663892
0.06156081412277222,166.38305906796631
0.06177582662188183,166.57545658370316
0.06199251121091567,166.7680442470197
0.06221084259654694,166.9608222112046
0.06243079547528822,167.15379062962046
0.06265234452167405,167.3469496557364
0.06287546439629607,167.54029944310537
0.06310012973693213,167.7338401453938
0.06332631517208268,167.9275719163366
0.06355399530390662,168.12149490979021
0.06378314472375639,168.315609279689
0.06401373800205053,168.5099151800711
0.06424574969492991,168.70441276505906
0.06447915433676678,168.8991021888844
0.0647139264472556,169.09398360586837
0.06495004053106103,169.2890571704155
0.06518747106781636,169.48432303705138
0.0654261925297192,169.67978136036623
0.06566617936188283,169.87543229507344
0.06590740599880891,170.07127599596424
0.06614984685390886,170.26731261793446
0.06639347632598273,170.4635423159663
0.06663826879351413,170.65996524514543
0.06688419861873864,170.85658156065136
0.06713124014766393,171.05339141775363
0.06737936770468288,171.25039497183224
0.06762855560209274,171.44759237834768
0.06787877813139383,171.64498379286348
0.06813000956995387,171.84256937102694
0.0683822241705098,172.04034926860487
0.06863539617459301,172.23832364144613
0.06888949980839212,172.4364926454815
0.06914450927125426,172.63485643676708
0.06940039875308615,172.83341517143606
0.06965714242417254,173.03216900571968
0.06991471443599623,173.23111809594957
0.07017308892251155,173.43026259855608
0.07043224000362491,173.62960267005352
0.07069214177869901,173.8291384670581
0.07095276832649063,174.02887014629647
0.07121409371390107,174.22879786457761
0.07147609199077415,174.4289217787989
0.0717387371823515,174.6292420459764
0.0720020033038444,174.82975882320363
0.07226586434849176,175.03047226768072
0.0725302942933116,175.2313825367023
0.07279526709957412,175.43248978765257
0.07306075670513702,175.6337941780315
0.07332673703750645,175.83529586541738
0.07359318200393847,176.03699500748763
0.07386006549275585,176.23889176202118
0.07412736137240004,176.4409862869055
0.07439504383343752,176.64327874009274
0.07466309386013972,176.84576927966583
0.07493150487052497,177.0484580637871
0.0752002764396488,177.2513452507156
0.07546940835654266,177.45443099882377
0.07573890042029102,177.6577154665499
0.07600875241569266,177.86119881246844
0.07627896413904157,178.06488119522425
0.07654953538361209,178.2687627735595
0.07682046593579014,178.47284370633645
0.07709175559218635,178.67712415248718
0.0773634041415688,178.88160427105748
0.07763541137533266,179.08628422118593
0.07790777708319628,179.29116416211292
0.0781805010551184,179.4962442531774
0.07845358308569521,179.7015246537979
0.07872702296005571,179.9070055235158
0.0790008204703944,180.11268702195437
0.07927497540377919,180.3185693088473
0.07954948755294734,180.52465254400977
0.07982435670548829,180.73093688736495
0.0800995826472425,180.93742249894387
0.08037516517327856,181.1441095388467
0.08065110406597611,181.35099816730292
0.08092739911595995,181.55808854462316
0.08120405011163637,181.76538083121733
0.08148105683966354,181.97287518759813
0.08175841908848834,182.1805717743715
0.08203613664225173,182.38847075225453
0.08231420929404931,182.5965722820356
0.08259263682241885,182.80487652464038
0.08287141902104407,183.0133836410555
0.08315055567155556,183.22209379239266
0.08343004656464703,183.4310071398388
0.08370989148197101,183.640123844701
0.08399009020803028,183.84944406838366
0.08427064253391273,184.05896797236727
0.08455154823894807,184.2686957182596
0.08483280711326704,184.4786274677407
0.0851144189346227,184.6887633826214
0.0853963834953628,184.89910362477363
0.0856787005743394,185.10964835619768
0.08596136995438972,185.32039773899038
0.08624439142510325,185.53135193532458
0.08652776476510794,185.74251110749736
0.08681148975761058,185.95387541789898
0.087095566189392,186.1654450290051
0.08737999384049752,186.37722010340525
0.08766477249179629,186.5892008037909
0.08794990192884773,186.8013872929391
0.08823538193205561,187.01377973373621
0.08852121228322692,187.22637828916612
0.08880739276559897,187.43918312230628
0.0890939231588522,187.65219439634166
0.0893808032429677,187.86541227455896
0.0896680328010427,188.07883692033533
0.08995561161202754,188.29246849715605
0.09024353946082747,188.5063071685885
0.09053181611856931,188.7203530983371
0.09082044137478926,188.93460645016148
0.09110941500122742,189.14906738796066
0.09139873678588341,189.36373607569413
0.09168840649940307,189.57861267746173
0.09197842392475976,189.79369735743916
0.0922687888435869,190.00899027989686
0.09255950102745668,190.22449160923324
0.09285056026041832,190.44020150991844
0.09314196631760062,190.65612014654
0.09343371897854404,190.87224768377615
0.09372581801904765,191.08858428641378
0.09401826321759968,191.30513011933408
0.09431105435305694,191.52188534751406
0.0946041911969387,191.73885013605155
0.09489767353177354,191.95602465011865
0.0951915011291731,192.17340905501104
0.0954856737682429,192.39100351610966
0.09578019122428101,192.60880819890156
0.0960750532723391,192.826823268976
0.0963702596896443,193.0450488920162
0.09666581024774361,193.2634852338208
0.09696170472399102,193.482132460277
0.09725794289492234,193.70099073736964
0.09755452453011294,193.92006023120305
0.09785144940867925,194.1393411079609
0.09814871730030546,194.35883353394775
0.09844632798428635,194.57853767554616
0.0987442812273279,194.79845369926886
0.09904257680764848,195.01858177170575
0.09934121449828948,195.2389220595536
0.09964019406766407,195.4594747296253
0.09993951529269672,195.6802399488156
0.10023917794318746,195.90121788413424
0.10053918179499437,196.122408702677
0.10083952661235371,196.3438125716707
0.10114021217700231,196.56542965840197
0.10144123825139491,196.78726013029979
0.10174260461045426,197.00930415487235
0.10204431102698226,197.23156189972775
0.102346357263889,197.45403353260338
0.10264874310574748,197.6767192212838
0.10295146830526403,197.89961913372775
0.10325453264789052,198.12273343792674
0.10355793589225633,198.34606230202695
0.1038616778143001,198.5696058942437
0.1041657581812581,198.79336438290787
0.10447017675812406,199.01733793646332
0.10477493332150291,199.2415267234265
0.10508002763459193,199.46593091244165
0.10538545946427423,199.690550672254
0.10569122858384783,199.91538617169303
0.105997334756394,200.14043757971115
0.1063037777520813,200.36570506534989
0.10661055733682884,200.59118879776054
0.10691767327764824,200.81688894619577
0.10722512534198719,201.0428056800087
0.10753291329638036,201.26893916865606
0.10784103690575635,201.49528958170166
0.10814949593888838,201.72185708880232
0.10845829015885389,201.9486418597291
0.10876741933189404,202.17564406435127
0.10907688322539641,202.40286387263524
0.10938668160099434,202.63030145466354
0.10969681422489576,202.85795698061398
0.11000728086447505,203.08583062076048
0.11031808127921632,203.31392254549797
0.11062921523880777,203.5422329253027
0.11094068249941508,203.77076193078375
0.11125248283377749,203.99950973261747
0.11156461599966119,204.22847650161052
0.11187708175735643,204.45766240867601
0.11218987987896087,204.6870676247995
0.112503010118615,204.91669232110573
0.11281647224441482,205.146536668797
0.11313026601280639,205.37660083920275
0.11344439119215163,205.60688500373053
0.11375884753982422,205.83738933391163
0.11407363481724431,206.06811400137684
0.11438875278776414,206.29905917785445
0.11470420121233499,206.53022503517872
0.1150199798480143,206.7616117452992
0.11533608845962373,206.99321948025272
0.1156525268059199,207.22504841218904
0.11596929464760596,207.4570987133585
0.11628639173850448,207.68937055613424
0.11660381784693351,207.92186411296115
0.11692157272547443,208.15457955641756
0.11723965614053791,208.38751705915723
0.11755806784044834,208.62067679397708
0.11787680759413893,208.85405893373704
0.11819587515238944,209.08766365143427
0.11851527027544169,209.32149112015665
0.11883499272331788,209.55554151309218
0.11915504224824376,209.78981500355172
0.11947541861581669,210.02431176492098
0.11979612157471885,210.25903197072347
0.12011715088857498,210.4939757945594
0.12043850630551538,210.72914341016514
0.12076018758869896,210.96453499135396
0.12108219449495111,211.2001507120487
0.12140452677622317,211.43599074628918
0.12172718418727652,211.67205526821925
0.12205016648650346,211.9083444520781
0.12237347342974707,212.14485847221107
0.12269710476557728,212.38159750308768
0.12302106025792418,212.61856171924984
0.12334533965249829,212.85575129537895
0.12366994270727755,213.09316640624215
0.12399486917845663,213.33080722670945
0.12432011881487576,213.5686739317722
0.12464569136984407,213.8067666965231
0.12497158660200282,214.04508569614467
0.12529780426021717,214.28363110594196
0.12562434409466353,214.52240310132896
0.12595120586488762,214.7614018578029
0.12627838931415022,215.00062755099884
0.12660589420152893,215.24008035662916
0.12693372027377883,215.47976045053275
0.1272618672879169,215.71966800863427
0.12759033498773706,215.95980320699044
0.12791912312977816,216.20016622174145
0.128248231462201,216.44075722914607
0.12857765973535484,216.68157640556714
0.12890740770016518,216.92262392747165
0.12923747510566638,217.16389997143636
0.12956786170394718,217.40540471413664
0.12989856723940105,217.6471383323709
0.1302295914652787,217.88910100302797
0.13056093412878172,218.13129290311196
0.13089259498186914,218.37371420972283
0.1312245737662124,218.6163651000893
0.13155687023578805,218.85924575152433
0.13188948413594673,219.10235634146036
0.13222241521514794,219.34569704743222
0.1325556632207622,219.58926804708264
0.13288922789565588,219.83306951817303
0.1332231089977572,220.07710163853795
0.13355730626091147,220.32136458616418
0.13389181943573164,220.5658585391227
0.13422664827692596,220.81058367557205
0.13456179251662523,221.05554017382377
0.1348972519090425,221.3007282122608
0.13523302619696306,221.54614796938853
0.13556911512637154,221.79179962381528
0.1359055184447539,222.0376833542506
0.136242235887141,222.28379933954037
0.13657926721098912,222.53014775859384
0.13691661214992687,222.7767287904685
0.137254270453954,223.0235426143036
0.13759224186228786,223.27058940936382
0.13793052612181764,223.51786935500826
0.1382691229756676,223.76538263070742
0.13860803216404038,224.01312941604687
0.13894725343132183,224.2611098907134
0.13928678651719215,224.50932423451076
0.1396266311709181,224.75777262732936
0.1399667871245036,225.00645524920077
0.14030725412763087,225.25537228023472
0.14064803191715933,225.5045239006684
0.14098912023690024,225.75391029083647
0.14133051882498937,226.00353163119178
0.14167222742474814,226.25338810228618
0.14201424577288113,226.5034798847922
0.1423565736167912,226.7538071594688
0.1426992106835083,227.00437010722388
0.14304215672820947,227.25516890902185
0.1433854114738094,227.50620374598378
0.14372897307976956,227.75747479930646
0.1440728340480552,228.0089822503225
0.14441698219237048,228.2607262804356
0.14476140464783493,228.5127070712105
0.14510608856803708,228.76492480427814
0.14545102108508848,229.01737966139336
0.14579618931978824,229.2700718244311
0.14614158039477046,229.5230014753567
0.14648718141386452,229.7761687962624
0.14683297948467774,230.029573969326
0.14717896168933403,230.2832171768662
0.1475251151156493,230.53709860129072
0.14787142683919086,230.79121842511876
0.148217883922272,231.0455768309899
0.1485644734301842,231.30017400163047
0.14891118239867154,231.55501011991794
0.14925799788664307,231.8100853687812
0.14960490690800915,232.0653999313218
0.14995189649801563,232.32095399070596
0.15029895366800758,232.5767477302299
0.150646065423718,232.83278133329918
0.15099321876920374,233.08905498341386
0.15134040068639906,233.3455688642092
0.15168759816238606,233.60232315940925
0.15203479816303747,233.85931805287078
0.15238198766043257,234.11655372853556
0.15272915360737035,234.37403037046977
0.15307628295109016,234.6317481628479
0.15342336262735365,234.88970728996247
0.1537703795693589,235.14790793620685
0.1541173207008329,235.4063502860825
0.1544641729280246,235.66503452422123
0.15481092316463588,235.923960835337
0.1551575583008888,236.18312940427765
0.15550406522749857,236.44254041598924
0.15585043081963765,236.7021940555416
0.1561966419489875,236.96209050810998
0.15654268548582373,237.22222995896124
0.15688854827369758,237.48261259350556
0.15723421715977354,237.7432385972512
0.1575796789816995,238.0041081558167
0.15792492057373494,238.26522145491788
0.15826992874424395,238.5265786804149
0.15861469031352973,238.7881800182475
0.15895919207594547,239.05002565449485
0.15930342083480692,239.31211577531838
0.1596473633705019,239.57445056701135
0.15999100645899966,239.83703021597734
0.16033433687397838,240.0998549087182
0.16067734136813025,240.36292483186986
0.16102000669496014,240.62624017216905
0.16136231960470315,240.88980111644855
0.16170426682024047,241.15360785168733
0.1620458350758096,241.4176605649467
0.1623870110887607,241.68195944340687
0.1627277815615736,241.94650467437611
0.1630681331997911,242.21129644525678
0.16340805269516429,242.47633494356813
0.16374752672346413,242.74162035695994
0.16408654197425457,243.00715287315234
0.1644250850977057,243.27293268002896
0.16476314275994453,243.5389599655525
0.16510070160790252,243.80523491781042
0.16543774828748606,244.07175772498837
0.1657742694220943,244.33852857541
0.16611025163623558,244.60554765750226
0.1664456815545511,244.8728151597827
0.16678054576935017,245.14033127092347
0.16711483089037993,245.40809617966994
0.1674485235004188,245.67611007490586
0.1677816101823833,245.94437314561793
0.16811407750628488,246.21288558091288
0.16844591203905496,246.48164757000148
0.16877710033470988,246.75065930221294
0.16910762893870884,247.019920966992
0.16943748439126458,247.28943275389054
0.16976665321410206,247.55919485259443
0.17009512194139523,247.82920745286555
0.17042287707443737,248.0994707446162
0.17074990512257526,248.36998491785073
0.17107619257995585,248.64075016269436
0.17140172593104497,248.91176666939054
0.17172649165957649,249.18303462828192
0.17205047622393732,249.45455422985606
0.1723736660986107,249.72632566467388
0.17269604773160055,249.99834912343192
0.17301760755666826,250.2706247969613
0.17333833202609245,250.54315287615952
0.17365820755198105,250.8159335520865
0.17397722056616569,251.08896701587298
0.1742953574647035,251.36225345880706
0.17461260465665343,251.63579307226183
0.17492894853343136,251.9095860477342
0.17524437547673413,252.18363257684
0.1755588718700026,252.45793285128946
0.17587242406403317,252.73248706295146
0.1761850184377886,253.00729540374883
0.1764966413191252,253.28235806578664
0.176807279071101,253.5576752412168
0.1771169180078255,253.83324712236652
0.1774255444613938,254.1090739016448
0.177733144749578,254.385155771577
0.17803970517344037,254.66149292481884
0.17834521203710021,254.93808555412346
0.17864965162679244,255.2149338523722
0.17895301022483867,255.49203801255615
0.1792552741026468,255.76939822778593
0.1795564295218661,256.04701469129196
0.1798564627449772,256.32488759640256
0.18015536001413318,256.6030171365778
0.18045310756642247,256.881403505393
0.1807496916362701,257.1600468965273
0.18104509843887745,257.438947503793
0.18133931419152172,257.71810552110315
0.18163232509459754,257.9975211424987
0.1819241173506311,258.2771945621174
0.18221467713330053,258.55712597424906
0.18250399063514547,258.83731557325666
0.18279204401503787,259.1177635536552
0.1830788234412106,259.39847011005133
0.1833643150613283,259.6794354371848
0.18364850502167124,259.9606597299026
0.1839313794575347,260.24214318317024
0.18421292449562793,260.52388599206984
0.18449312625043793,260.8058883518085
0.18477197083876298,261.0881504576909
0.18504944435670503,261.3706725051552
0.1853255328929626,261.65345468976085
0.18560022254103645,261.93649720715973
0.18587349936513303,262.21980025315275
0.186145349441599,262.5033640236278
0.1864157588272216,262.7871887145999
0.18668471356159547,263.07127452222267
0.18695219969533186,263.3556216427375
0.18721820325696573,263.6402302725189
0.1874827102688811,263.925100608059
0.18774570675474248,264.21023284594645
0.18800717870740272,264.49562718292555
0.188267112134579,264.7812838158251
0.1885254930242837,265.06720294160186
0.18878230734970924,265.35338475734676
0.18903754109283405,265.6398294602401
0.18929118021213828,265.9265372475989
0.18954321066371554,266.21350831685174
0.1897936183913165,266.50074286555184
0.1900423893388445,266.7882410913545
0.19028950942533537,267.0760031920606
0.19053496458000452,267.3640293655619
0.1907787407109399,267.6523198098836
0.19102082372264378,267.9408747231638
0.19126119950850062,268.2296943036625
0.19149985395581193,268.51877874975486
0.19173677294328242,268.8081282599326
0.19197194233468662,269.0977430328183
0.19220534799277708,269.387623267144
0.19243697577298569,269.677769161754
0.19266681151580076,269.96818091561954
0.19289484105181712,270.2588587278383
0.19312105021192935,270.54980279761173
0.19334542481079112,270.84101332427076
0.1935679506621069,271.1324905072514
0.19378861355179636,271.424234546145
0.19400739929042785,271.7162456406079
0.1942242936441198,272.0085239904682
0.19443928240114142,272.30106979562856
0.1946523513167745,272.59388325614543
0.19486348614665797,272.88696457218987
0.19507267264942404,273.18031394402817
0.19527989655577133,273.4739315720747
0.19548514360714048,273.7678176568334
0.19568839951051595,274.0619723989708
0.195889649991417,274.3563959992355
0.19608888075512568,274.6510886585047
0.1962860774853186,274.946050577805
0.196481225894721,275.241281958218
0.1966743116354682,275.5367830010249
0.19686532039267596,275.8325539075752
0.19705423783377368,276.12859487933713
0.19724104959930688,276.424906117933
0.19742574133946098,276.7214878250837
0.1976082986932094,277.0183402026293
0.1977887072869888,277.3154634525346
0.19796695274255074,277.61285777687874
0.19814302065990458,277.910523377887
0.198316896651439,278.20846045787414
0.19848856631043849,278.50666921928354
0.1986580152136633,278.8051498646973
0.19882522894505208,279.10390259679497
0.19899019306807378,279.4029276183919
0.19915289313888537,279.70222513242777
0.19931331471559757,280.0017953419436
0.19947144333184255,280.30163845012544
0.19962726452718235,280.60175466026
0.1997807638206446,280.9021441757724
0.19993192672925608,281.2028072002021
0.20008073876674454,281.50374393719636
0.20022718541429715,281.80495459056806
0.2003712521856919,282.10643936418495
0.2005129245395304,282.4081984621053
0.20065218796305798,282.7102320884595
0.2007890279202659,283.01254044751084
0.20092342985316367,283.3151237436748
0.201055379217824,283.6179821814576
0.20118486145905187,283.9211159654798
0.20131186199564208,284.2245253005134
0.2014363662444335,284.5282103914536
0.2015583596417954,284.8321714432607
0.20167782755917435,285.13640866110796
0.20179475541302486,285.4409222502189
0.20190912858301413,285.7457124159705
0.2020209324495818,286.0507793638518
0.2021301523791662,286.35612329948214
0.2022367737295746,286.66174442860813
0.20234078185941803,286.96764295708203
0.20244216210925978,287.2738190908899
0.20254089980968112,287.58027303614847
0.20263698029343252,287.8870049990786
0.2027303888751969,288.19401518603627
0.202821110858321,288.50130380351027
0.20290913155239715,288.80887105808756
0.20299443624487523,289.1167171564948
0.20307701021321617,289.4248423055913
0.20315683873979704,289.7332467123374
0.20323390708618197,290.0419305838324
0.20330820051208415,290.3508941272902
0.20337970425909463,290.6601375500656
0.20344840357646204,290.96966105961087
0.20351428369123972,291.27946486351846
0.2035773298204876,291.58954916951416
0.20363752718486947,291.8999141854283
0.20369486098963233,292.2105601192202
0.20374931642595093,292.52148717898615
0.20380087868998237,292.83269557292374
0.20384953295292327,293.1441855093799
0.20389526438823205,293.4559571968135
0.20393805816347257,293.76801084379724
0.2039778994239516,294.0803466590519
0.20401477331725115,294.39296485140994
0.20404866498233057,294.7058656298244
0.20407955954270032,295.01904920338484
0.2041074421214321,295.3325157812929
0.20413229782887762,295.6462655728785
0.20415411175856438,295.96029878761533
0.20417286901588325,296.27461563506756
0.20418855467710637,296.58921632495304
0.20420115521057913,296.9041010671051
0.20421078879016688,297.2192700714837
0.2042179389165291,297.53472354816154
0.20422334892825816,297.85046170736945
0.2042277872755184,298.1664847594225
0.20423202287193734,298.48279291479736
0.20423682514252292,298.7993863840597
0.2042429639758027,299.1162653779385
0.20425120976628128,299.4334301072669
0.20426233338983651,299.75088078301087
0.20427710621059458,300.06861761626504
0.20429630009055336,300.38664081822947
0.2043206873594715,300.70495060026565
0.20435104086011638,301.023547173823
0.204388133897586,301.3424307505188
0.20443274029417674,301.6616015420507
0.20448563433730763,301.981059760274
0.20454759080284884,302.30080561718296
0.20461938498537457,302.6208393248413
0.2047017926254117,302.94116109550407
0.20479558997950362,303.2617711415214
0.2049014825507815,303.58266967536565
0.20501955759022233,303.9038569096492
0.20514910107633352,304.2253330571049
0.20528914328855294,304.54709833060974
0.2054387125237014,304.86915294312394
0.20559683642631094,305.1914971077897
0.20576254205622335,305.514131037827
0.20593485582222867,305.83705494663707
0.2061128035525694,306.1602690476893
0.20629541042431268,306.4837735546282
0.20648170101732174,306.8075686811984
0.20667069928512247,307.1316546412816
0.20686142855899767,307.4560316488985
0.2070529115730168,307.7806999181579
0.2072441704055092,308.1056596633605
0.20743422655565,308.43091109887825
0.2076221008877019,308.7564544392245
0.20780681363508952,309.08228989907013
0.2079873844395342,309.4084176931714
0.20816283230346525,309.7348380364405
0.2083321781810663,310.06155114391896
0.20849464591064654,310.3885572307713
0.20865000180794363,310.7158565122654
0.20879838736960826,311.0434492038361
0.2089399775026847,311.37133552104024
0.20907494723640238,311.69951567954286
0.20920347170105377,312.02798989515065
0.20932572614208017,312.35675838379734
0.2094418859144357,312.68582136155226
0.20955212649107124,313.0151790446045
0.2096566234544706,313.3448316492753
0.2097555524994784,313.6747793920145
0.20984908943047473,314.00502248940825
0.20993741017129824,314.3355611581598
0.21002069075392413,314.666395615105
0.21009910731562093,314.9975260772263
0.2101728361202385,315.3289527616134
0.21024205353694173,315.66067588549106
0.2103069360387772,315.9926956662342
0.21036766023820902,316.3250123212971
0.21042440281605804,316.65762606833914
0.21047736642022905,316.99053712507583
0.2105269648747644,317.32374570939396
0.21057387852234288,317.6572520393131
0.21061886945182365,317.9910563329594
0.21066270055867983,318.3251588086059
0.21070613522325046,318.65955968465346
0.21074993731077168,318.99425917962253
0.21079487115571077,319.3292575121849
0.21084170158603374,319.66455490112344
0.21089119390326136,320.00015156536017
0.21094411388676193,320.33604772395665
0.21100122780805777,320.67224359608514
0.21106330240942567,321.0087394010613
0.2111311049096163,321.3455353583464
0.21120540302962473,321.6826316874937
0.21128696494694446,322.02002860822216
0.21137655932990893,322.3577263403747
0.21147495533056931,322.69572510391856
0.21158292257898478,323.0340251189548
0.21170123118610462,323.3726266057158
0.21183064625019088,323.7115297845591
0.21197156312306756,324.05073487601385
0.21212342627397096,324.390242100663
0.21228504027674824,324.73005167930864
0.21245515600288856,325.0701638328079
0.21263252349553718,325.4105787822133
0.21281589204438717,325.75129674865957
0.21300401012506792,326.0923179534568
0.21319562544819762,326.43364261801605
0.2133894849290268,326.7752709638876
0.2135843346931641,327.11720321276107
0.2137789200837925,327.45943958645296
0.21397198565148307,327.80198030692395
0.21416227517305636,328.1448255962432
0.21434853162539225,328.48797567662984
0.21452949719408543,328.8314307704533
0.21470391330259642,329.1751911001709
0.21487052055680952,329.5192568884204
0.21502805880629378,329.8636283579226
0.2151752670800018,330.2083057315866
0.21531088364763254,330.553289232416
0.21543376633216488,330.898579083556
0.21554370057127573,331.24417550830276
0.21564161232002793,331.5900787300452
0.21572876169730879,331.9362889723664
0.21580641068081857,332.28280645892494
0.21587582201732242,332.629631413541
0.21593825924909682,332.97676406017126
0.21599498671543724,333.3242046229002
0.21604726954828,333.67195332594423
0.2160963736707556,334.02001039365484
0.21614356580015953,334.36837605051426
0.21619011343913946,334.71705052115453
0.2162372848963464,335.0660340303193
0.21628634925846335,335.4153268029106
0.2163385764167596,335.7649290639482
0.2163952370538532,336.11484103858305
0.21645760263339542,336.46506295212464
0.21652694543109308,336.81559502998493
0.2166045384948661,337.16643749774425
0.2166916556862281,337.51759058108456
0.216789564756805,337.8690545058452
0.21689913562059737,338.22082949800006
0.21702025169400802,338.5729157836528
0.21715215116297126,338.92531358903693
0.2172940218973071,339.27802314052326
0.21744505125121721,339.631044664633
0.21760442607662553,339.98437838801397
0.217771332724682,340.338024537426
0.21794495701450783,340.69198333980177
0.21812448426587902,341.04625502220375
0.21830909930523118,341.400839811793
0.21849798641642154,341.75573793592207
0.21869032940486247,342.1109496220323
0.21888531154227212,342.46647509773777
0.2190821156144979,342.8223145907473
0.21927992387061557,343.17846832895
0.21947791806483075,343.5349365403566
0.21967527945203527,343.8917194530866
0.21987118875473674,344.24881729543097
0.22006482619456957,344.6062302958129
0.22025537149233163,344.96395868277284
0.2204420573048133,345.322002685001
0.22062450513621862,345.6803625313373
0.22080280231970942,346.03903845072796
0.2209771666654173,346.3980306722757
0.2211478163997635,346.757339425239
0.2213149699147941,347.1169649389584
0.22147884570302961,347.47690744296824
0.2216396624135308,347.83716716691947
0.22179763883525808,348.1977443405882
0.22195299388491146,348.5586391939006
0.22210594661451225,348.91985195692916
0.2222567162251212,349.2813828598619
0.2224055220440024,349.6432321330384
0.22255258353221907,350.00540000694855
0.22269812029990968,350.36788671220046
0.22284235209104122,350.7306924795381
0.22298549878033802,351.0938175398534
0.22312778038092107,351.4572621241779
0.22326941703818207,351.8210264636954
0.22341062905892742,352.1851107896782
0.22355163685311377,352.54951533358974
0.22369266098136492,352.91424032702344
0.22383392215656847,353.27928600167616
0.22397564119621383,353.6446525894403
0.22411803909005684,354.01034032229074
0.2242613369401272,354.376349432374
0.2244057559961243,354.74268015196196
0.22455151763384082,355.1093327134869
0.2246988433844874,355.476307349488
0.22484795489764411,355.8436042926712
0.22499907396595628,356.21122377588
0.22515242253600762,356.57916603205757
0.22530822264791217,356.94743129436813
0.22546669653757107,357.31601979601703
0.22562806652507608,357.6849317704276
0.22579255509377813,358.0541674511344
0.22596038487017434,358.4237270717888
0.22613177859122457,358.7936108662296
0.22630695915724144,359.16381906839615
0.22648614958675686,359.53435191239623
0.22666957305236057,359.9052096324487
0.22685745284638503,360.2763924629397
0.22705001240586406,360.64790063838944
0.22724747530630343,361.01973439345505
0.22745006526482678,361.39189396292056
0.22765800612449877,361.764379581727
0.2278715218621263,362.13719148497205
0.22809083661341667,362.51032990785336
0.2283161746242632,362.88379508575207
0.22854776029633198,363.25758725416483
0.22878581816980137,363.63170664871507
0.2290305728933321,364.0061535052249
0.22928224929037758,364.3809280595982
0.22954107229760337,364.7560305479103
0.2298072669964779,365.131461206369
0.23008105860855496,365.5072202713135
0.23036267247162326,365.8833079792678
0.23065233409215286,366.25972456684576
0.2309502690928497,366.6364702708281
0.23125670323488481,367.0135453281415
0.23157186242590502,367.3909499758367
0.23189596708876303,367.76868445114303
0.23222899104624972,368.14674899137117
0.23257033932077106,368.5251438340382
0.23291906561744813,368.90386921676844
0.23327419966004026,369.2829253773356
0.23363477057229776,369.6623125536558
0.233999806877961,370.04203098378855
0.23436833649427127,370.42208090595165
0.23473938676441408,370.80246255845356
0.23511198438123923,371.18317617983666
0.2354851554944448,371.5642220086984
0.23585792562123425,371.94560028381636
0.23622931967876046,372.3273112441221
0.23659836199560144,372.70935512867374
0.2369640762921607,373.09173217668456
0.2373254857019795,373.47444262748553
0.2376816127339609,373.85748672059475
0.2380314793216726,374.2408646956386
0.23837410678719365,374.62457679239947
0.23870851585592287,375.00862325079834
0.23903372664500594,375.39300431091783
0.23934885709795062,375.77772021296335
0.23965366568558405,376.1627711972942
0.2399486394850969,376.5481575044208
0.24023445209991012,376.9338793749873
0.24051177771053367,377.31993704978936
0.24078129092086356,377.7063307697539
0.24104366673981503,378.09306077597284
0.24129958059967757,378.4801273096776
0.24154970835783193,378.86753061222464
0.24179472626488635,379.2552709251586
0.2420353110284303,379.6433484900963
0.24227213971226383,380.03176354890536
0.24250588986581034,380.42051634348957
0.24273723940471997,380.8096071159655
0.24296686667138379,381.1990361085982
0.24319545045696522,381.5888035637322
0.24342366991355696,381.978909723951
0.24365220466739754,382.36935483189484
0.2438817347072252,382.76013913043664
0.24411294049435625,383.15126286250455
0.24434649906166417,383.54272627124476
0.2445829401935141,383.9345295999335
0.24482246527496718,384.32667309196086
0.24506507878956854,384.7191569908986
0.24531077309750457,385.11198154043245
0.24555954051924192,385.50514698446045
0.24581137342605372,385.89865356693025
0.24606626412552338,386.2925015320238
0.2463242049590064,386.6866911240168
0.24658518824517126,387.08122258735125
0.24684920629193569,387.4760961666341
0.24711625142743415,387.8713121065713
0.2473863159467217,388.2668706520549
0.24765939214440694,388.66277204812843
0.24793547232678292,389.0590165399499
0.2482145487669329,389.455604372872
0.2484966137738798,389.8525357923203
0.24878165959219817,390.2498110439682
0.24906967852153256,390.64743037354384
0.24936066281607466,391.04539402697503
0.2496546047313424,391.4437022503404
0.2499514965329473,391.8423552898375
0.25025133046175907,392.2413533918416
0.2505540987775124,392.640696802832
0.2508597936924022,393.0403857695113
0.2511684074637693,393.4404205386519
0.2514799323101319,393.8408013572148
0.2517943604461353,394.24152847232006
0.25211168410017887,394.6426021312014
0.2524318954704508,395.044022581281
0.2527549867759835,395.4457900700867
0.2530809501966914,395.847904845353
0.2534097779475404,396.25036715489796
0.25374146220964455,396.65317724672235
0.25407599515493695,397.05633536899677
0.2544133689746139,397.4598417699986
0.254753575827635,397.86369669819646
0.25509660788871674,398.26790040217725
0.25544245731452697,398.67245313069367
0.255791116268655,399.07735513262423
0.25614257688405273,399.482606657043
0.2564968313131248,399.8882079531402
0.2568538716937468,400.29415927026355
0.2572136901564024,400.70046085791546
0.2575762788331896,401.10711296573464
0.2579416298379988,401.51411584353184
0.25830973528632256,401.92146974126285
0.2586805872971236,402.32917490901286
0.2590541779620422,402.73723159705514
0.2594304993943215,403.1456400557698
0.25980954366709574,403.5544005357466
0.26019130288791303,403.9635132876638
0.2605757691350996,404.3729785623752
0.2609629344667199,404.78279661092625
0.2613527909791245,405.1929676844393
0.261745330719161,405.60349203425164
0.26214054576107065,406.0143699118034
0.26253842813858635,406.4256015687456
0.2629389699240036,406.83718725680933
0.26334216313981024,407.24912722794375
0.2637479998379452,407.6614217342001
0.26415647203702275,408.07407102782344
0.2645675717741265,408.48707536117536
0.2649812910677873,408.90043498678267
0.2653976219197352,409.3141501573541
0.26581655636149787,409.7282211256885
0.26623808637799473,410.1426481447984
0.26666220397465457,410.5574314678174
0.2670889011419683,410.97257134804244
0.2675181698704549,411.388068038913
0.26795000213752035,411.80392179403395
0.268384389916829,412.22013286716435
0.26882132518777485,412.6367015121937
0.26926079989769425,413.0536279832119
0.2697028060318462,413.47091253438754
0.2701473355149431,413.88855542012936
0.2705943803096931,414.30655689494324
0.2710439323542289,414.724917213509
0.2714959835906074,415.14363663064466
0.271950525938088,415.5627154013532
0.2724075513332617,415.9821537807565
0.2728670516918212,416.4019520241486
0.273329018424672,416.8221103869882
0.27379342754445324,417.2426291248666
0.2742602229923722,417.6635084935311
0.2747293305732017,418.084748748912
0.2752006751193526,418.5063501470677
0.27567418141332356,418.92831294420887
0.2761497741740376,419.3506373967353
0.2766273781074015,419.7733237611471
0.27710691783821034,420.19637229415
0.2775883179646488,420.6197832525847
0.27807150303493255,421.04355689345016
0.27855639755710304,421.4676934738876
0.2790429259833306,421.89219325120746
0.2795310127137678,422.3170564828956
0.280020582130102,422.7422834265457
0.2805115585364022,423.1678743399526
0.2810038662123986,423.5938294810388
0.28149742938188044,424.02014910789364
0.28199217221658796,424.44683347877935
0.2824880188660945,424.8738828520725
0.2829848934040473,425.30129748635
0.28348271988598367,425.7290776403031
0.2839814222813523,426.1572235728496
0.2844809245676566,426.5857355429809
0.2849811506382855,427.0146138098894
0.2854820243506023,427.443858632917
0.2859834695118855,427.8734702715721
0.2864854098873978,428.3034489855172
0.2869877692044875,428.7337950345543
0.287490471126224,429.1645086786716
0.28799343929198806,429.5955901779804
0.28849659727480614,430.0270397927767
0.28899986860161697,430.45885778352704
0.2895031767840205,430.8910444107993
0.2900064452425879,431.3235999353867
0.2905095973907945,431.75652461818726
0.2910125565632438,432.18981872030633
0.29151524608351076,432.62348250295406
0.29201758919619647,433.0575162275451
0.29251950912051633,433.49192015562835
0.29302092902972837,433.9266945489022
0.2935217720240883,434.36183966927473
0.2940219612056431,434.7973557787376
0.2945214195763478,435.23324313952173
0.2950200701463637,435.66950201393695
0.2955178358339497,436.10613266451423
0.2960146395301392,436.54313535393015
0.2965104040926066,436.9805103449931
0.2970050523057402,437.4182579007128
0.297498506943737,437.85637828420136
0.29799069068421097,438.2948717588115
0.29848152621792434,438.7337385879691
0.2989709361346927,439.1729790353379
0.2994588430228448,439.61259336468083
0.29994516940145177,440.052581839945
0.30042983773506193,440.49294472526253
0.30091277046997245,440.93368228488436
0.30139388998521977,441.3747947832467
0.30187311862457594,441.81628248493274
0.30235037867730535,442.258145654699
0.3028255923910081,442.7003845574599
0.30329868196734905,443.142999458291
0.30376964342670265,443.5859906224385
0.30423886202677614,444.02935831525497
0.3047071226994476,444.47310280235195
0.305175295054573,444.9172243494048
0.3056442491621452,445.36172322233614
0.3061148556685781,445.8065996871478
0.30658798569022744,446.2518540100719
0.30706451088724424,446.69748645748155
0.30754530345717157,447.1434972958714
0.3080312360714512,447.5898867919693
0.30852318196946504,448.0366552125989
0.3090220148686738,448.4838028248052
0.30952860904579094,448.93132989573854
0.3100438392597858,449.3792366927644
0.3105685808223193,449.827523483365
0.3111037095314923,450.27619053523495
0.3116501017403558,450.7252381161808
0.3122086342971138,451.1746664941993
0.31278018456937806,451.6244759374605
0.3133656304619978,452.07466671426846
0.31396583379385956,452.5252390931233
0.31458123832382745,452.9761933426662
0.31521147219279555,453.42752973169695
0.31585573048458593,453.8792485292023
0.31651318887032387,454.3313500043115
0.3171830225081184,454.7838344263471
0.31786440608600514,455.236702064759
0.3185565137813307,455.68995318917575
0.31925851926744664,456.14358806941283
0.3199695957456283,456.5976069754183
0.3206889159087335,457.0520101773174
0.32141565196404015,457.5067979453844
0.3221489755942657,457.9619705501118
0.32288805803338383,458.41752826209216
0.32363206999321037,458.8734713521093
0.32438018167701677,459.32980009114783
0.32513156284913036,459.78651475026703
0.32588538270051326,460.24361560080536
0.3266408100090045,460.7011029141545
0.32739701298347673,461.15897696197305
0.3281531593897169,461.61723801602653
0.32890841648992014,462.07588634824356
0.3296619510261042,462.5349222307625
0.3304129292907747,462.9943459358211
0.3311605170279597,463.4541577359005
0.3319038795300129,463.9143579035989
0.33264218159053616,464.3749467116711
0.33337458747572013,464.83592443309476
0.33410026100295964,465.2972913409534
0.3348183654574869,465.75904770854675
0.3355280636688953,466.22119380928564
0.33622851792971176,466.6837299168072
0.3369188900673912,467.14665630488656
0.33759834142290696,467.60997324744096
0.3382660327926784,468.07368101863983
0.3389211245592931,468.53777989270606
0.33956277653656186,469.0022701441244
0.3401901480980971,469.4671520474815
0.3408023980801212,469.93242587759136
0.34139868485700947,470.3980919094017
0.3419781663122022,470.8641504180098
0.3425400470884405,471.33060167872975
0.3430846164239295,471.79744596701073
0.3436142124881861,472.264683558467
0.344132227742616,472.73231472889535
0.3446420985503208,473.2003397542927
0.34514726336057466,473.6687589107431
0.3456511625948553,474.1375724745785
0.34615723874063553,474.60678072227165
0.3466689363340128,475.07638393042714
0.34718970189227943,475.5463823758987
0.3477229840232357,476.01677633563673
0.3482722333253445,476.4875660868138
0.3488409024648996,476.9587519067252
0.34943244611583696,477.4303340728627
0.35005032098446903,477.9023128628987
0.35069798582692807,478.37468855465033
0.35137890141374767,478.84746142612676
0.3520965305623944,479.3206317554876
0.3528543381118344,479.794199821073
0.3536557909349273,480.26816590139185
0.3545043579193031,480.7425302751449
0.3554027684734546,481.2172932211554
0.356350223814945,481.69245501847263
0.3573424810416745,482.1680159462776
0.3583746394750387,482.64397628392624
0.35944179551972627,483.1203363109779
0.3605390427078721,483.59709630713337
0.36166147167110485,484.07425655225586
0.36280417010943966,484.55181732643723
0.3639622228828133,485.02977890986244
0.3651307119070811,485.50814158293963
0.3663047162116247,485.9869056262496
0.36747931195043115,486.46607132051037
0.3686495723469358,486.9456389466595
0.36981056776576937,487.4256087857584
0.37095736563609183,487.9059811190949
0.37208503054252473,488.3867562280585
0.37318862410511255,488.8679343943086
0.3742632051433062,489.3495158995478
0.3753038294664359,489.8315010258061
0.3763055501005076,490.313890055153
0.3772635100889887,490.7966832698995
0.37817479733099907,491.2798809525282
0.3790400626168007,491.7634833856604
0.3798617308377669,492.24749085213324
0.38064229224398416,492.73190363492085
0.38138423853138387,493.21672201720685
0.3820900628882291,493.70194628232923
0.3827622599813235,494.18757671378296
0.3834033259171032,494.6736135952868
0.3840157583244536,495.1600572106668
0.3846020562576636,495.6469078439786
0.3851647202515636,496.13416577946134
0.3857062523576997,496.62183130145854
0.3862291560411482,497.1099046945576
0.3867359362778214,497.59838624347867
0.3872290994789446,498.0872762331686
0.3877111535860186,498.5765749486665
0.38818460793901555,499.0662826752789
0.3886519734022995,499.55639969843344
0.3891157623028445,500.046926303728
0.38957848840622766,500.5378627769844
0.39004264833961094,501.0292094041439
0.3905106556667104,501.5209664713591
0.3909848450126064,502.01313426495227
0.3914675378463964,502.50571307142184
0.39196105699423595,502.9987031774376
0.3924677266335032,503.49210486984805
0.3929898722869135,503.9859184356941
0.3935298208622211,504.4801441621461
0.3940899005665782,504.9747823366241
0.394672441026127,505.46983324664177
0.395279773143033,505.96529717999226
0.3959142292554657,506.46117442454374
0.39657814299718586,506.9574652683997
0.39727384937467564,507.454169999825
0.3980036847440411,507.9512889072646
0.39876998679923054,508.4488222793679
0.39957509462680346,508.94677040490535
0.4004213486218943,509.44513357287417
0.4013110905574711,509.9439120724228
0.40224666354648575,510.4431061928892
0.40323031055510994,510.94271622381547
0.4042623278308983,511.442742454859
0.4053395543341313,511.94318517592853
0.40645716242733776,512.444044677056
0.4076102676245939,512.9453212484702
0.4087939825744799,513.4470151806055
0.41000341710496224,513.9491267640328
0.4112336781644771,514.451656289531
0.4124798698608697,514.954604048047
0.41373709343788595,515.4579703307265
0.4150004473206298,515.9617554288454
0.41626502702866186,516.4659596339296
0.4175259252787887,516.9705832376335
0.4187782319130829,517.4756265318142
0.42001703392639717,517.9810898085118
0.42123741549132543,518.4869733598998
0.422434457860606,518.9932774784312
0.4236032395206708,519.5000024566457
0.42473883606953783,520.0071485872911
0.4258363202507453,520.5147161633121
0.42689076211480503,521.02270547784
0.4278979574740859,521.5311168241666
0.4288568423694092,522.0399504957663
0.42976926612644295,522.5492067863076
0.43063757867092034,523.0588859896375
0.4314641313104217,523.5689883997738
0.4322512767090457,524.079514310942
0.4330013689343991,524.5904640175155
0.43371676340391324,525.1018378140755
0.43439981691927804,525.61363599538
0.4350528876663422,526.1258588563537
0.4356783351705037,526.6385066921539
0.4362785203917465,527.1515797980446
0.43685580560057985,527.6650784695438
0.43741255448272803,528.1790030023134
0.4379511320912859,528.6933536921952
0.4384739048400727,529.2081308352292
0.4389832405129696,529.7233347276526
0.4394815082765445,530.2389656658802
0.439971078702409,530.7550239464549
0.44045432365461157,531.2715098662068
0.44093361664308506,531.7884237220428
0.44141133565020985,532.3057658111434
0.44188986556682835,532.8235364308123
0.442371595172325,533.3417358785798
0.44285891473072875,533.8603644521233
0.44335421585833035,534.3794224493314
0.4438598915590123,534.8989101682722
0.4443783362241021,535.4188279071816
0.44491194558666886,535.9391759645321
0.445463116822088,536.4599546388988
0.44603424840143224,536.9811642291384
0.44662774025735086,537.5028050341948
0.44724599362409745,538.0248773532799
0.44789141115476166,538.5473814857546
0.44856639687869354,539.0703177311555
0.449273356181557,539.5936863892277
0.4500146958313018,540.1174877599033
0.4507928239845989,540.6417221432813
0.4516101501536661,541.1663898396703
0.4524690852423131,541.6914911495495
0.4533720411630159,542.2170263735761
0.4543206493548644,542.7429958126222
0.4553133277839533,543.2693997677452
0.45634558826186167,543.7962385401528
0.4574124678314933,544.3235124312812
0.4585090006988513,544.8512217427271
0.4596302181866317,545.3793667762986
0.46077114876820485,545.9079478339794
0.46192681806146424,546.4369652179266
0.4630922488021917,546.9664192305082
0.46426246086808576,547.4963101742874
0.46543247129634274,548.0266383519871
0.46659729424671753,548.5574040665344
0.4677519410189279,549.0886076210481
0.4688914200600071,549.6202493188277
0.47001073695795514,550.1523294633594
0.47110489443182957,550.6848483583308
0.4721688923390284,551.2178063076335
0.4731977277174416,551.7512036152955
0.4741863946923025,552.2850405855975
0.4751298845877677,552.8193175229467
0.47602333567502847,553.3540347320213
0.47686432359235476,553.8891925175853
0.4776545007553371,554.4247911846974
0.4783973560625059,554.9608310385331
0.4790964278263944,555.4973123844932
0.47975525640154226,556.0342355281741
0.4803773842195306,556.5716007753061
0.48096635567570056,557.1094084318995
0.4815257172806502,557.647658804073
0.4820590175114289,558.186352198215
0.48256980694926255,558.7254889208326
0.4830616381693941,559.2650692786599
0.4835380657867655,559.8050935786289
0.48400264646638846,560.3455621278474
0.4844589389052384,560.8864752336132
0.4849105038176025,561.4278332034421
0.48536090397753556,561.9696363450169
0.48581370418643216,562.5118849662117
0.4862724712690531,563.0545793751085
0.48674077409104427,563.5977198799767
0.48722218315142,564.1413067892679
0.4877198014765281,564.6853404116478
0.4882348922555276,565.2298210559516
0.48876709700723714,565.774749031232
0.48931580732797697,566.3201246467229
0.48988041447313496,566.8659482118301
0.4904603093030322,567.412220036209
0.4910548823949927,567.9589404296265
0.49166352388062423,568.5061097021569
0.4922856236522945,569.0537281639411
0.4929205711566157,569.6017961254074
0.49356775551770227,570.1503138971709
0.494226565562978,570.6992817899577
0.49489638967017135,571.2487001148008
0.49557661594596253,571.7985691828507
0.49626663208736815,572.3488893055181
0.4969658255245242,572.8996607943016
0.49767358321918154,573.4508839610287
0.49838929188480124,574.0025591176212
0.49911233782882486,574.5546865762435
0.4998421070151034,575.1072666492599
0.5005779918253287,575.6602996491899
0.5013194857638398,576.2137858887796
0.5020662467790808,576.7677256809961
0.5028180042855012,577.3221193389377
0.5035744891259546,577.876967175948
0.5043354320002155,578.4322695055698
0.505100563480045,578.9880266415081
0.5058696139495452,579.5442388976992
0.506642313661149,580.1009065882566
0.5074183927095446,580.6580300274895
0.508197581020387,581.215609529924
0.508979608376579,581.7736454102791
0.5097642044334914,582.3321379834271
0.5105510986171283,582.8910875645344
0.5113400203015256,583.4504944688508
0.5121306986199513,584.0103590119099
0.512922862593409,584.5706815094128
0.5137162410853364,585.1314622772564
0.5145105628054156,585.692701631533
0.5153055562943282,586.2543998885538
0.5161009499542603,586.8165573648173
0.5168964720413971,587.3791743770041
0.5176918506314684,587.9422512420258
0.5184868136541598,588.5057882769972
0.5192810889355758,589.0697857991604
0.5200744040636555,589.6342441260485
0.5208664865227532,590.1991635753595
0.5216570636398937,590.7645444649893
0.5224458626002796,591.3303871130113
0.5232326104085826,591.8966918377259
0.5240170339082,592.4634589576606
0.5247988598396686,593.0306887914812
0.525577814743541,593.598381658098
0.5263536250225822,594.1665378766124
0.5271260169223482,594.7351577663345
0.5278947165586403,595.3042416467417
0.5286594498548791,595.873789837555
0.5294199425968995,596.4438026586932
0.5301759204567507,597.0142804302175
0.5309271088628048,597.5852234724991
0.5316732331927556,598.1566321060054
0.5324140245580677,598.7285066514507
0.5331492969816356,599.3008474297776
0.5338789953939531,599.8736547620945
0.534603119629631,600.4469289697217
0.5353216706289488,601.0206703741761
0.5360346493105158,601.5948792972113
0.5367420566509793,602.1695560607163
0.537443893557437,602.7447009868604
0.5381401609870845,603.3203143979779
0.5388308599034394,603.8963966165877
0.5395159912161147,604.4729479654854
0.5401955559373038,605.0499687675525
0.5408695549609369,605.6274593460041
0.5415379892796635,606.2054200241687
0.5422008598481852,606.7838511256061
0.5428581676153411,607.3627529740968
0.5435099135402526,607.9421258936271
0.544156098620768,608.5219702083346
0.5447967237840637,609.1022862426428
0.5454317900284776,609.6830743211153
0.5460612983099644,610.264334768561
0.5466852496192605,610.8460679099603
0.5473036449127038,611.4282740705409
0.5479164851773942,612.0109535757117
0.5485237714109136,612.5941067510676
0.549125504584503,613.1777339224361
0.5497216856469893,613.7618354159051
0.5503123156724925,614.3464115576116
0.5508973955486576,614.9314626741085
0.5514769263666285,615.5169890919447
0.5520509090430451,616.1029911380522
0.5526193446161143,616.6894691394641
0.553182234081056,617.2764234234485
0.5537395784187932,617.8638543175126
0.5542913786703934,618.451762149301
0.5548376357964518,619.0401472467579
0.5553783508384812,619.6290099379593
0.5559135247988655,620.2183505512199
0.5564431586780643,620.8081694150789
0.5569672535079034,621.3984668582502
0.5574858103058811,621.9892432096656
0.5579988300959426,622.5804987984594
0.5585063138667343,623.1722339540299
0.5590082626633979,623.7644490059342
0.5595046775376251,624.3571442839096
0.5599955594722622,624.9503201179898
0.5604809095487133,625.5439768383139
0.560960728750107,626.1381147753372
0.5614350181457025,626.7327342596452
0.5619037787524905,627.3278356220854
0.5623670116359812,627.9234191936634
0.5628247178219206,628.5194853056366
0.5632768983551523,629.1160342894634
0.5637235542743625,629.7130664768272
0.5641646866627585,630.3105821995637
0.5646002965213581,630.9085817898185
0.5650303849506679,631.5070655798482
0.5654549529858488,632.1060339021792
0.5658740016897285,632.7054870895312
0.5662875321104629,633.3054254748586
0.5666955453282011,633.9058493912944
0.5670980423999321,634.5067591722059
0.5674950244147052,635.1081551511347
0.5678864924000459,635.7100376619142
0.5682724474495826,636.3124070385335
0.5686528906593165,636.9152636151729
0.5690278230849182,637.5186077262703
0.5693972457928387,638.1224397064859
0.5697611598860058,638.7267598906535
0.5701195664525992,639.3315686138238
0.5704724665617003,639.9368662112915
0.5708198613060779,640.5426530185493
0.5711617517765312,641.148929371306
0.5714981390661683,641.755695605485
0.5718290242918853,642.36295205719
0.5721544085041717,642.9706990628256
0.572474292863237,643.5789369588904
0.5727886784198508,644.1876660822124
0.5730975662958744,644.79688676978
0.5734009576112219,645.4065993587844
0.5736988534493374,646.0168041866821
0.5739912549563391,646.6275015910747
0.5742781632202888,647.2386919098408
0.5745595793487871,647.8503754810738
0.5748355044906515,648.4625526430314
0.5751059397581533,649.0752237342169
0.5753708862615352,649.6883890933664
0.5756303451263275,650.3020490594256
0.5758843174890543,650.9162039715438
0.576132804497259,651.5308541690638
0.5763758072270794,652.1459999916449
0.5766133268871088,652.7616417790157
0.5768453645581069,653.3777798712526
0.5770719214099692,653.9944146085704
0.5772929985454066,654.6115463314807
0.5775085971825038,655.2291753805741
0.5777187184025296,655.8473020968033
0.5779233633499276,656.465926821312
0.5781225332368285,657.0850498953614
0.5783162291557519,657.7046716605632
0.578504452306112,658.3247924586444
0.578687203802474,658.9454126316452
0.578864484848968,659.5665325217315
0.5790362965822659,660.1881524713536
0.5792026401806554,660.810272823147
0.5793635167898212,661.4328939200093
0.5795189276102254,662.0560161049965
0.5796688738009792,662.6796397214225
0.5798133565147653,663.3037651128507
0.5799523769766208,663.9283926229739
0.5800859363132775,664.5535225958179
0.5802140357369752,665.1791553755509
0.5803366764360498,665.8052913065717
0.5804538595748896,666.431930733538
0.5805655863465154,667.0590740013101
0.5806718579682398,667.6867214549304
0.5807726756071027,668.3148734397186
0.580868040463191,668.9435303011958
0.5809579537345605,669.5726923851074
0.5810424166304056,670.2023600374075
0.581121430335928,670.8325336043049
0.5811949960826115,671.4632134321796
0.5812631150471838,672.0943998676985
0.5813257884658556,672.7260932576917
0.581383017542044,673.3582939492417
0.5814348034639234,673.9910022896918
0.581481147518797,674.6242186264806
0.5815220508423763,675.2579433074445
0.581557514704706,675.89217668052
0.5815875403210071,676.5269190939077
0.5816121289176663,677.1621708960286
0.5816312817146291,677.7979324355413
0.581644999947416,678.4342040613184
0.5816532848671356,679.07098612243
0.5816561376832194,679.7082789682249
0.5816535596515173,680.3460829482328
0.5816455519861927,680.9843984122629
0.5816321159786927,681.6232257102549
0.5816132528435205,682.2625651924521
0.5815889638019499,682.9024172093506
0.581559250161382,683.5427821115629
0.5815241131346199,684.1836602500255
0.5814835539941509,684.8250519758499
0.58143757397516,685.4669576404206
0.5813861743725331,686.1093775952788
0.5813293564262159,686.7523121922483
0.5812671213829415,687.3957617833971
0.5811994705491543,688.0397267209453
0.5811264051675339,688.6842073574068
0.5810479265184241,689.329204045493
0.5809640358757341,689.9747171381493
0.5808747345069384,690.620746988563
0.580780023712769,691.2672939501086
0.5806799047390183,691.9143583764601
0.5805743789000144,692.5619406214491
0.580463447468378,693.2100410391753
0.5803471117367595,693.8586599839526
0.5802253729957915,694.5077978103272
0.5800982325296828,695.1574548730887
0.5799656916470786,695.8076315272301
0.5798277516325692,696.4583281280032
0.5796844137995885,697.1095450308603
0.5795356794419289,697.7612825915064
0.5793815498734072,698.4135411658567
0.5792220263882091,699.0663211100846
0.5790571103049492,699.7196227805721
0.578886802927023,700.3734465339512
0.5787111055822478,701.0277927270586
0.5785300195920297,701.6826617169619
0.5783435462361611,702.33805386103
0.5781516868936807,702.9939695167438
0.5779544428535938,703.6504090419089
0.5777518154337338,704.3073727945571
0.5775438060071212,704.9648611328732
0.5773304158436241,705.6228744154043
0.5771116463342595,706.2814130007978
0.5768874987889023,706.9404772480109
0.5766579745330453,707.6000675162422
0.5764230749473122,708.2601841648478
0.5761828013268789,708.9208275535227
0.5759371550615706,709.5819980420924
0.5756861374733632,710.2436959906868
0.5754297499086143,710.9059217596625
0.5751679937511873,711.5686757095543
0.5749008703215629,712.2319582012101
0.5746283810128068,712.8957695956308
0.5743505271327359,713.5601102541646
0.5740673101142851,714.2249805382413
0.5737787312526189,714.8903808096891
0.5734847919767122,715.5563114304241
0.5731854936128817,716.2227727627093
0.5728808375555277,716.8897651689805
0.5725708251621006,717.5572890119524
0.5722554578318281,718.2253446545274
0.5719347369444907,718.8939324598568
0.5716086638342766,719.5630527914132
0.5712772399731535,720.2327060127237
0.5709404666652649,720.9028924877498
0.57059834533068,721.5736125805877
0.5702508773744143,722.2448666555654
0.5698980641777582,722.9166550772795
0.5695399071636371,723.5889782105102
0.5691764076529359,724.2618364204297
0.5688075671561268,724.9352300722094
0.5684333870033442,725.609159531454
0.5680538686055064,726.283625163956
0.5676690134106942,726.9586273356783
0.5672788227912331,727.6341664129172
0.5668832981913642,728.3102427621291
0.5664824409840158,728.986856750106
0.5660762526572836,729.664008743729
0.5656647345586775,730.3416991102927
0.5652478881551445,731.0199282172093
0.5648257148640821,731.698696432173
0.5643982161010321,732.3780041231362
0.5639653933315185,733.0578516582214
0.5635272479457386,733.7382394058909
0.5630837814054558,734.4191677347745
0.5626349951446419,735.100637013767
0.5621808905868081,735.7826476120331
0.5617214692139172,736.4651998988974
0.5612567324371537,737.148294244013
0.5607866817175298,737.8319310172301
0.560311318496998,738.5161105886646
0.5598306442500331,739.2008333286301
0.5593446604020336,739.8860996077506
0.5588533684237975,740.5719097968508
0.55835676980139,741.2582642669595
0.557854865941949,741.9451633894657
0.5573476583792402,742.6326075358421
0.5568351485082823,743.3205970779808
0.5563173378633932,744.0091323878544
0.5557942278745048,744.6982138377975
0.5552658200423424,745.3878418003158
0.5547321158231643,746.0780166482136
0.5541931167183124,746.768738754488
0.5536488241932574,747.4600084924248
0.553099239745727,748.1518262355204
0.5525443648461603,748.8441923575563
0.5519842010141667,749.5371072324928
0.5514187496954573,750.230571234642
0.5508480124399661,750.9245847384286
0.5502719906984015,751.6191481186459
0.5496906860001608,752.3142617502472
0.5491040998347927,753.0099260084763
0.5485122337112317,753.7061412688058
0.5479150928180562,754.402907906983
0.5473127167811885,755.1002262989371
0.5467051910954918,755.798096820928
0.5460926166734049,756.4965198494087
0.5454750945786729,757.1954957610832
0.5448527259175245,757.8950249329212
0.5442256118638461,758.5951077421274
0.5435938536339985,759.2957445661738
0.5429575525202996,759.99693578275
0.5423168098491506,760.6986817698197
0.5416717270103182,761.400982905589
0.541022405461042,762.1038395684895
0.5403689466843348,762.8072521372421
0.5397114522223765,763.5112209908302
0.5390500237387639,764.2157465083739
0.5383847628439147,764.9208290693836
0.5377157712738081,765.6264690535519
0.5370431508026646,766.3326668408326
0.5363670032802254,767.0394228113894
0.5356874305531609,767.7467373457227
0.5350045345891203,768.4546108245038
0.5343184173692208,769.163043628697
0.5336291809417606,769.8720361395106
0.5329369274097999,770.581588738404
0.5322417589393542,771.2917018070724
0.5315437777388237,772.002375727476
0.5308430860631439,772.7136108818497
0.5301397862506351,773.4254076526386
0.5294339806778656,774.1377664225527
0.5287257717678945,774.8506875745695
0.5280152619943784,775.5641714919409
0.5273025539304315,776.2782185580954
0.526587750150747,776.9928291567801
0.5258709532968794,777.7080036719973
0.5251522660852639,778.4237424879733
0.5244317912868165,779.1400459891718
0.5237096316905014,779.8569145603685
0.522985890172236,780.5743485865607
0.5222606696543096,781.2923484530061
0.5215340731255701,782.0109145451916
0.5208062036050969,782.7300472488932
0.5200771641745001,783.4497469501421
0.519347057985881,784.1700140351968
0.5186159882135858,784.8908488906222
0.5178840581505174,785.612251903133
0.5171513710437026,786.3342234598479
0.5164180302906654,787.0567639480192
0.5156841392831905,787.7798737552257
0.5149498014913655,788.5035532692809
0.51421512044351,789.2278028782405
0.5134801997022863,789.9526229704495
0.5127451429084663,790.6780139344759
0.5120100537490474,791.4039761591453
0.5112750359256127,792.1305100336203
0.5105401932731782,792.8576159472038
0.5098056296135652,793.5852942895381
0.5090714488622866,794.3135454504732
0.5083377549534446,795.0423698201719
0.5076046519146691,795.771767789
0.5068722437843572,796.5017397476463
0.5061406347021554,797.2322860869922
0.5054099286462774,797.9634071982122
0.5046802147239172,798.6951034727524
0.5039515420822752,799.4273753022959
0.5032239321142632,800.1602230788008
0.5024974037493793,800.8936471944651
0.5017719759226956,801.6276480417455
0.5010476675360138,802.3622260134479
0.5003244975939959,803.0973815024904
0.4996024850213549,803.8331149021703
0.49888164880667757,804.5694266059779
0.4981620079015399,805.3063170077393
0.49744358132892386,806.0437865014458
0.49672638806326536,806.7818354814281
0.49601044710785314,807.520464342271
0.4952957775139271,808.2596734787419
0.4945823982536702,808.9994632860167
0.4938703284087457,809.7398341593923
0.49315958700490836,810.4807864945053
0.49245019309277355,811.2223206872513
0.49174216575535246,811.9644371337428
0.49103552403158074,812.7071362304491
0.49033028705004605,813.4504183739739
0.48962647386099917,814.1942839613155
0.4889241035889616,814.9387333896532
0.488223195341194,815.683767056457
0.48752376823440385,816.4293853594681
0.48682584139474067,817.1755886966992
0.48612943398047953,817.9223774663817
0.48543456511767263,818.6697520670805
0.484741253983385,819.4177128975646
0.4840495197225582,820.1662603569372
0.4833593815347918,820.9153948444975
0.4826708585951566,821.6651167598559
0.48198397009943017,822.4154265028803
0.48129873525277866,823.1663244737065
0.48061517328846526,823.9178110726938
0.4799333033929768,824.6698867005714
0.4792531448295548,825.4225517582368
0.47857471683338165,826.1758066468974
0.47789803864904706,826.9296517680401
0.47722312955285123,827.6840875233793
0.4765500087895303,828.4391143149721
0.47587869568006413,829.1947325450271
0.4752092094656815,829.9509426161692
0.4745415694896833,830.707744931148
0.4738757950269014,831.4651398930988
0.47321190541702307,832.2231279053467
0.4725499199757896,832.9817093715317
0.47188985802832856,833.7408846955811
0.47123173895325704,834.5006542816059
0.4705755820722649,835.2610185340925
0.46992140676785593,836.0219778577291
0.4692692324097822,836.7835326574981
0.46861907836980726,837.5456833386775
0.46797096405827343,838.308430306764
0.4673249088582492,839.0717739675854
0.4666809322059102,839.8357147271647
0.4660390534847331,840.6002529919075
0.46539929216398296,841.3653891683645
0.46476166765666743,842.1311236634542
0.46412619940695066,842.897456884357
0.4634929068900111,843.6643892384786
0.4628618095540403,844.4319211335586
0.4622329268963137,845.2000529775414
0.4616062783727515,845.9687851787362
0.4609818835207328,846.7381181455933
0.46035976178950744,847.5080522870101
0.4597399327348822,848.2785880120052
0.45912241586066227,849.0497257299535
0.4585072306835613,849.8214658505265
0.4578943967833128,850.5938087835598
0.45728393366999265,851.3667549392972
0.4566758609309682,852.1403047281535
0.4560701981162966,852.9144585608891
0.4554669647960261,853.6892168485441
0.45486618059572465,854.4645800023293
0.4542678650646405,855.2405484338839
0.453672037832469,856.0171225550216
0.4530787185060553,856.7943027778733
0.4524879267191825,857.5720895148136
0.45189968208999576,858.3504831785408
0.4513140042600247,859.1294841820198
0.4507309128870346,859.9090929384755
0.45015042763792806,860.689309861399
0.44957256816760566,861.4701353646037
0.44899735415426634,862.2515698621692
0.44842480530986584,863.0336137683908
0.44785494128870085,863.8162674979754
0.44728778182453427,864.5995314657987
0.4467233466426295,865.3834060870145
0.4461616554248633,866.167891777176
0.44560272796027917,866.9529889519325
0.44504658394207797,867.7386980273936
0.44449324314950955,868.5250194198321
0.44394272532553886,869.3119535458736
0.443395050253631,870.0995008223724
0.44285023770892123,870.887661666487
0.44230830748607686,871.6764364956357
0.44176927935415716,872.4658257275994
0.4412331731468541,873.2558297803437
0.44070000868260767,874.0464490721313
0.4401698057543627,874.8376840215955
0.4396425842229692,875.62953504755
0.43911836262174136,876.4220025691179
0.43859714986048176,877.2150870057794
0.4380789433853763,878.0087887771631
0.43756373731002907,878.8031083033302
0.4370515258021144,879.5980460045248
0.43654230300812186,880.3936023012784
0.43603606303973735,881.1897776144788
0.43553280004247896,881.9865723652406
0.43503250814419875,882.7839869749762
0.43453518147223846,883.5820218653744
0.4340408141363462,884.3806774584408
0.43354940025261457,885.179954176459
0.43306093395365075,885.9798524419416
0.4325754093170085,886.7803726777925
0.43209282047423403,887.581515307098
0.43161316149850243,888.3832807533333
0.43113642652024714,889.1856694401406
0.4306626096082215,889.9886817915484
0.4301917048442832,890.7923182318693
0.4297237063368442,891.5965791856325
0.4292586081598859,892.4014650776958
0.42879640436998984,893.206976333257
0.42833708906037987,894.0131133777271
0.42788065631354516,894.8198766367868
0.42742710015413093,895.6272665365336
0.42697641466693675,896.4352835032502
0.4265285939125933,897.2439279635214
0.4260836319410879,898.0532003442358
0.4256415228018633,898.863101072569
0.4252022605370966,899.6736305759966
0.42476583918841404,900.4847892822827
0.42433225280691317,901.2965776194442
0.42390149538624966,902.1089960159173
0.4234735610131675,902.9220449002282
0.42304844367019245,903.7357247013754
0.4226261374094444,904.5500358485206
0.4222066362190706,905.3649787712336
0.4217899341399955,906.1805538992717
0.4213760251559399,906.996761662788
0.42096490330329506,907.8136024921158
0.4205565625679698,908.63107681796
0.42015099693865987,909.4491850713314
0.41974820043664746,910.267927683449
0.41934816703617617,911.0873050858993
0.4189508907076441,911.9073177105963
0.41855636547380615,912.7279659896162
0.4181645852906246,913.5492503554373
0.4177755441201413,914.3711712408491
0.4173892359667152,915.193729078827
0.4170056547647948,916.0169243027718
0.41662479449772305,916.8407573462898
0.41624664912843407,917.6652286432932
0.41587121259623233,918.4903386280431
0.415498478866146,919.3160877350422
0.41512844187957404,920.1424763991231
0.41476109557732516,920.969505055419
0.41439643390943826,921.797174139328
0.4140344508122073,922.6254840865565
0.41367514020167306,923.454435333158
0.41331849602928017,924.2840283153992
0.41296451220330543,925.1142634699179
0.41261318264451485,925.9451412336343
0.412264501286104,926.7766620437192
0.41191846202472904,927.6088263377079
0.4115750587760197,928.4416345534003
0.4112342854354231,929.2750871289315
0.4108961359205635,930.1091845026785
0.4105606041223779,930.9439271133551
0.41022768392794084,931.779315399989
0.4098973692302073,932.6153498018923
0.40956965392149147,933.4520307586622
0.4092445318837268,934.2893587102046
0.40892199698524845,935.1273340967564
0.40860204310349735,935.9659573588374
0.40828466410232106,936.8052289372929
0.4079698538772896,937.6451492731746
0.4076576062553785,938.4857188079768
0.40734791511792895,939.3269379833907
0.4070407743003869,940.168807241494
0.4067361776763179,941.011327024579
0.40643411907667215,941.8544977753145
0.40613459234468385,942.6983199366573
0.40583759134226255,943.5427939517992
0.40554310986303005,944.3879202643898
0.4052511417869052,945.23369931819
0.4049616809030351,946.0801315574374
0.4046747210546229,946.9272174265742
0.40439025605849005,947.7749573703791
0.40410827971797836,948.6233518339736
0.40382878587429116,949.4724012626818
0.4035517683006009,950.3221061022759
0.4032772208367807,951.1724667986866
0.40300513725793446,952.0234837982703
0.40273551136736696,952.8751575476433
0.4024683369613164,953.7274884937267
0.4022036078225705,954.5804770837733
0.401941317752442,955.4341237652868
0.4016814605132335,956.2884289861572
0.40142402990173665,957.1433931945026
0.4011690196693839,957.999016838841
0.4009164235893119,958.8553003679672
0.4006662354626701,959.712244230876
0.4004184489943239,960.5698488770936
0.40017305799683034,961.4281147562215
0.3999300561865186,962.2870423183527
0.39968943733955836,963.1466320137681
0.39945119518372263,964.0068842931482
0.39921532347157723,964.8677996074341
0.39898181595183,965.7293784078576
0.3987506663248888,966.5916211460861
0.398521868369888,967.454528273907
0.3982954157764039,968.3181002435956
0.3980713022936515,969.1823375076158
0.39784952162260095,970.047240518834
0.3976300674889305,970.9128097303789
0.3974129336018047,971.7790455957127
0.3971981136728925,972.6459485685984
0.39698560141951794,973.5135191030747
0.3967753905045584,974.3817576536331
0.39656747465982883,975.2506646749243
0.396361847572185,976.1202406219727
0.3961585029215078,976.9904859501421
0.39595743439649805,977.8614011150914
0.39575863568834063,978.7329865727676
0.3955621004559892,979.6052427795062
0.3953678223924503,980.4781701918765
0.3951757951648141,981.3517692667949
0.39498601242059916,982.2260404615545
0.3947984678413378,983.1009842336821
0.3946131550984208,983.9766010410008
0.3944300678058869,984.8528913418014
0.3942491996495477,985.729855594533
0.3940705442704559,986.6074942580213
0.3938940952932812,987.4858077914678
0.3937198463954993,988.3647966542449
0.3935477911627223,989.244461306255
0.3933779232710814,990.1248022075167
0.39321023632688096,991.0058198184904
0.3930447239609088,991.8875145999124
0.39288137979072285,992.7698870128554
0.39272019743635717,993.6529375186997
0.3925611705140403,994.536666579139
0.39240429261424037,995.4210746562551
0.392249557370682,996.3061622123355
0.39209695836623715,997.1919297100841
0.3919464892019396,998.0783776124955
0.3917981434781556,998.965506382869
0.39165191477892103,999.8533164848544
0.39150779668448454,1000.7418083824391
0.39136578280261713,1001.6309825398414
0.39122586668093123,1002.520839421738
0.3910880419102209,1003.4113794930402
0.3909523020680902,1004.3026032189805
0.39081864071271,1005.1945110651543
0.3906870513953457,1006.0871034975144
0.39055752771039004,1006.9803809822058
0.3904300631859007,1007.8743439858351
0.3903046513774305,1008.7689929752912
0.39018128584612366,1009.6643284177496
0.3900599601180915,1010.5603507807906
0.38994066776565983,1011.4570605321919
0.38982340228552326,1012.3544581402336
0.3897081572362023,1013.2525440733905
0.38959492615369373,1014.1513188004708
0.389483702545245,1015.0507827906833
0.3893744799330679,1015.9509365135426
0.38926725186368955,1016.8517804387939
0.3891620118174491,1017.7533150366628
0.38905875331461215,1018.6555407776311
0.3889574698841482,1019.5584581324451
0.38885815499511156,1020.4620675723247
0.38876080218141457,1021.36636956866
0.38866540490771173,1022.2713645933201
0.3885719566847928,1023.177053118402
0.38848045100097506,1024.0834356163562
0.38839088133146604,1024.9905125599953
0.3883032411633027,1025.8982844224315
0.38821752396729786,1026.8067516771366
0.3881337232323229,1027.7159147978532
0.3880518324092188,1028.625774258739
0.38797184497311954,1029.536330534229
0.3878937543891734,1030.447584099091
0.38781755409697544,1031.359535428496
0.3877432375853272,1032.2721849978047
0.3876707982738701,1033.1855332828618
0.3876002296189934,1034.0995807597753
0.3875315250702267,1035.0143279049776
0.3874646780577867,1035.9297751952745
0.38739968202994585,1036.8459231077532
0.3873365304032128,1037.7627721199037
0.387275216618381,1038.6803227094902
0.3872157340969391,1039.5985753546372
0.3871580762566407,1040.5175305338134
0.38710223652084497,1041.4371887257976
0.38704820828116016,1042.3575504097898
0.38699598498461196,1043.278616065168
0.3869455600028954,1044.200386171814
0.38689692676623827,1045.1228612098057
0.38685007864821996,1046.0460416596816
0.38680500906227616,1046.969928002221
0.3867617113869888,1047.8945207186102
0.38672017900966926,1048.8198202903566
0.3866804053325857,1049.745827199242
0.3866423837138175,1050.6725419274862
0.38660610753262886,1051.599964957612
0.3865715701676816,1052.5280967724639
0.38653876500014905,1053.456937855188
0.3865076853670169,1054.386488689388
0.3864783246420326,1055.3167497589284
0.3864506761983466,1056.2477215479753
0.38642473336492283,1057.1794045411434
0.3864004895043819,1058.1117992233144
0.3863779379631824,1059.0449060797278
0.38635707207785014,1059.9787255959866
0.386337885206123,1060.9132582579628
0.3863203706553172,1061.8485045519938
0.3863045217851153,1062.7844649646258
0.3862903318860839,1063.7211399829184
0.3862777943354367,1064.658530094036
0.38626690240388106,1065.596635785734
0.38625764943320356,1066.5354575459603
0.38625002873969094,1067.4749958630264
0.3862440336078879,1068.4152512256842
0.38623965738410104,1069.3562241228524
0.3862368933299086,1070.2979150439928
0.38623573476866174,1071.240324478773
0.3862361749826174,1072.183452917282
0.38623820727217434,1073.1273008499072
0.3862418249215778,1074.0718687674052
0.3862470211989128,1075.0171571609335
0.386253789421616,1075.96316652184
0.38626212282233685,1076.9098973420278
0.386272014711167,1077.857350113557
0.38628345832275635,1078.805525329007
0.38629644694737464,1079.7544234811735
0.38631097384977964,1080.7040450632203
0.38632703225983495,1081.6543905687677
0.3863446154599369,1082.6054604916476
0.38636371668510155,1083.5572553261343
0.3863843291916639,1084.5097755667994
0.3864064462104286,1085.463021708622
0.3864300609997845,1086.416994246847
0.38645516677383634,1087.3716936771766
0.3864817567899131,1088.3271204955445
0.3865098242485442,1089.2832751983706
0.38653936239662745,1090.2401582823113
0.38657036443988374,1091.197770244462
0.3866028236210461,1092.1561115821585
0.38663673311975627,1093.1151827932472
0.38667208617145477,1094.0749843757942
0.38670887597038367,1095.0355168282963
0.3867470957384466,1095.99678064952
0.3867867386406709,1096.9587763387358
0.38682779791360417,1097.921504395378
0.386870266718115,1098.8849653193997
0.3869141382458835,1099.849159611062
0.3869594057100378,1100.8140877708795
0.3870060622573795,1101.7797502998856
0.38705410108123095,1102.7461476993708
0.38710351535874754,1103.7132804709888
0.3871542982540436,1104.6811491167784
0.38720644293701667,1105.6497541391163
0.3872599425645209,1106.6190960407644
0.3873147903054821,1107.5891753247988
0.38737097930636505,1108.5599924947032
0.38742850273514096,1109.531548054247
0.38748735370903153,1110.503842507698
0.38754752541706144,1111.4768763594782
0.38760901096921196,1112.4506501145427
0.3876718035001268,1113.4251642781792
0.3877358961754451,1114.4004193559135
0.3878012820816916,1115.376415853837
0.3878679543898858,1116.353154278182
0.38793590619190743,1117.330635135715
0.38800513063269854,1118.3088589334309
0.3880756207937549,1119.2878261788476
0.38814736981912157,1120.267537379684
0.38822037080198707,1121.247993044121
0.3882946168603069,1122.2291936806341
0.3883701010926807,1123.2111397980912
0.3884468165751741,1124.1938319058022
0.38852475643705625,1125.1772705132826
0.38860391373773073,1126.1614561305755
0.3886842815898336,1127.1463892679535
0.3887658530550461,1128.1320704361694
0.38884862123884884,1129.1185001462181
0.38893257919574054,1130.1056789095753
0.3890177200082396,1131.0936072380196
0.38910403674263894,1132.0822856437196
0.38919152246797983,1133.0717146391953
0.3892801702497309,1134.0618947373239
0.3893699731307839,1135.0528264514169
0.38946092418845873,1136.0445102950466
0.3895530164584977,1137.0369467822431
0.3896462429984187,1138.0301364273482
0.3897405968368102,1139.0240797451456
0.3898360710430927,1140.0187772506579
0.38993265861333243,1141.014229459472
0.3900303526320592,1142.0104368872971
0.3901291460818427,1143.0074000504596
0.39022903203060166,1144.0051194654384
0.39033000345692737,1145.0035956493043
0.39043205341847265,1146.0028291192982
0.3905351749184947,1147.0028203931292
0.39063936096304414,1148.0035699888854
0.39074460456734844,1149.0050784249968
0.3908508987367277,1150.0073462202715
0.3909582364697694,1151.0103738939038
0.3910666107647,1152.0141619654573
0.39117601462258267,1153.0187109548438
0.391286441021811,1154.0240213824072
0.39139788296274897,1155.030093768799
0.3915103334326686,1156.0369286350497
0.3916237853961501,1157.044526502631
0.3917382318429714,1158.0528878933183
0.39185366573702674,1159.0620133293182
0.391970080048259,1160.071903333199
0.39208746775907966,1161.0825584278448
0.39220582181959945,1162.093979136585
0.3923251351891928,1163.1061659831107
0.3924454008173065,1164.1191194915136
0.3925666116819022,1165.1328401861576
0.3926887607029714,1166.1473285919271
0.3928118408258055,1167.1625852340499
0.39293584502747614,1168.178610637993
0.39306076620777786,1169.1954053298
0.39318659732394506,1170.2129698357548
0.393313331294351,1171.2313046826011
0.39344095116886707,1172.2504103974334
0.39356939265153945,1173.2702875076927
0.39369854505140267,1174.2909365412636
0.39382828876232184,1175.3123580263957
0.39395850413355166,1176.3345524916817
0.3940890714440215,1177.357520466134
0.3942198709313405,1178.3812624791135
0.3943507827660725,1179.4057790603974
0.3944816870743207,1180.4310707401246
0.3946124639184246,1181.4571380488462
0.3947429933228026,1182.4839815174519
0.39487315523526734,1183.5116016772768
0.39500282958517496,1184.5399990599358
0.39513189619949196,1185.5691741975597
0.3952602348932776,1186.599127622566
0.39538772540187045,1187.6298598678172
0.3955142474261855,1188.6613714665107
0.3956396806036482,1189.6936629522434
0.39576390450497145,1190.7267348590476
0.39588679867305837,1191.7605877212764
0.3960082439628276,1192.7952220737116
0.3961281505312738,1193.8306384515522
0.3962464824929042,1194.866837390219
0.39636323081527736,1195.9038194257764
0.39647838753102727,1196.941585094482
0.39659194463080255,1197.98013493305
0.396703894111946,1199.0194694785625
0.39681422795250354,1200.059589268547
0.3969229381469759,1201.1004948408774
0.3970300166965974,1202.1421867337638
0.3971354555475076,1203.1846654859678
0.39723924672417066,1204.227931636417
0.3973413821536174,1205.2719857246811
0.39744185385754394,1206.3168282904667
0.39754065375689296,1207.3624598741276
0.39763777386408944,1208.408881016168
0.3977332061103087,1209.4560922576707
0.39782694246608896,1210.504094140033
0.39791897490549927,1211.5528872049929
0.39800929535390045,1212.6024719948196
0.39809789578914145,1213.6528490520354
0.3981847681305492,1214.7040189197076
0.39826990436632526,1215.7559821410919
0.39835329639670913,1216.8087392600635
0.39843493618431053,1217.8622908207467
0.39851481566587066,1218.9166373676921
0.3985929267620483,1219.9717794458982
0.3986692614199656,1221.0277176006798
0.39874381156413014,1222.0844523777812
0.39881656909313234,1223.1419843234457
0.39888752597464594,1224.2003139840976
0.3989566740849204,1225.2594419067889
0.39902400536931637,1226.3193686387965
0.39908951172434276,1227.3800947279015
0.39915318506976816,1228.441620722223
0.3992150172994378,1229.5039471703458
0.3992750003337626,1230.5670746211708
0.39933312606394794,1231.6310036240616
0.3993893863848018,1232.6957347287828
0.3994437732111699,1233.7612684854166
0.39949627839582874,1234.827605444631
0.3995468966843949,1235.8947461572461
0.39959567722285,1236.962691174722
0.39964276635705054,1238.0314410487322
0.3996883574047481,1239.1009963314755
0.39973264533084757,1240.1713575755434
0.39977582520974364,1241.2425253338452
0.3998180921627584,1242.314500159802
0.3998596414304479,1243.3872826071588
0.3999006683297767,1244.4608732300715
0.3999413682342884,1245.5352725832104
0.39998193666293463,1246.6104812214844
0.4000225691614838,1247.6864997003588
0.4000634614144215,1248.7633285755646
0.40010480913948354,1249.8409684033795
0.4001468081831295,1250.9194197403885
0.40018965445458493,1251.9986831436327
0.4002335439554313,1253.0787591705503
0.4002786727861461,1254.1596483789385
0.40032523709326745,1255.2413513271235
0.40037343315838386,1256.3238685737153
0.400423457297697,1257.4072006778297
0.40047544426638787,1258.4913481988624
0.40052926103606107,1259.5763116967908
0.4005845254483501,1260.662091731904
0.4006408121819556,1261.748688864839
0.4006976956630102,1262.8361036568597
0.40075475023372276,1263.9243366693513
0.40081154995425755,1265.0133884643471
0.40086766874166135,1266.1032596042278
0.4009226803468988,1267.193950651696
0.40097615829214867,1268.2854621699798
0.4010276759370859,1269.3777947226818
0.4010768064525661,1270.4709488738226
0.40112312282738544,1271.564925187823
0.40116619786842506,1272.6597242294988
0.4012056041643573,1273.755346564195
0.4012409141818384,1274.8517927574899
0.40127170013647084,1275.949063375548
0.4012975341188336,1277.047158984788
0.4013179879620755,1278.1460801522635
0.40133263339451225,1279.2458274452358
0.4013410531653573,1280.3464014314206
0.4013430303196844,1281.4478026791335
0.4013386945429653,1282.5500317568444
0.40132833762648384,1283.653089233661
0.4013122563365789,1284.7569756789362
0.40129074752384936,1285.8616916625533
0.4012641081761219,1286.967237754833
0.4012326354448962,1288.073614526406
0.40119662656562843,1289.1808225484538
0.40115637896047485,1290.2888623924082
0.4011121901021737,1291.3977346303604
0.40106435767982584,1292.507439834596
0.40101317944950354,1293.6179785779736
0.40095895334031506,1294.7293514336588
0.4009019773713659,1295.8415589753522
0.400842549714693,1296.954601777135
0.40078096869516205,1298.0684804134082
0.40071753269748817,1299.1831954592117
0.40065254030877134,1300.2987474898273
0.400586290198984,1301.415137081072
0.4005190812202803,1302.5323648090407
0.40045122761063656,1303.650431250476
0.40038310724039294,1304.7693369823476
0.4003151556087378,1305.889082582154
0.4002478178215161,1307.0096686278303
0.4001815392023937,1308.1310956976467
0.4001167652363444,1309.2533643703698
0.40005394159934066,1310.3764752252232
0.3999935141747762,1311.500428841817
0.39993592904005226,1312.6252258001582
0.399881632439909,1313.7508666807532
0.3998310708326793,1314.8773520644775
0.3997846908503616,1316.0046825326788
0.39974293931504035,1317.1328586671543
0.39970626327187636,1318.2618810500112
0.3996751098928361,1319.3917502639788
0.3996499266058016,1320.5224668920425
0.399631160981724,1321.6540315177308
0.39961926080076127,1322.7864447249676
0.39961467403555206,1323.9197070980872
0.3996178488477484,1325.0538192218382
0.39962921085490216,1326.1887816815963
0.3996488127713949,1327.3245950628557
0.39967608108230435,1328.4612599518
0.3997101590110052,1329.5987769349063
0.3997501819372094,1330.7371465992157
0.39979528492632405,1331.87636953203
0.3998446026102784,1333.016446321261
0.39989726929734437,1334.1573775551456
0.3999524189027294,1335.2991638224098
0.40000918498207144,1336.441805712192
0.4000667007118096,1337.585303814104
0.4001240989160646,1338.7296587181427
0.40018051204035665,1339.8748710147574
0.4002350721518933,1341.0209412948807
0.40028691095981805,1342.1678701498706
0.40033515981885026,1343.3156581714672
0.40037894969299104,1344.464305951914
0.40041741118243,1345.613814083909
0.40044967454715813,1346.7641831604967
0.40047486965068463,1347.9154137752341
0.4004921261210269,1349.0675065221506
0.40050073540170456,1350.2204619957026
0.4005006287131639,1351.3742807906171
0.4004923028683671,1352.5289635024108
0.40047634272100263,1353.6845107267163
0.40045333330131383,1354.8409230597754
0.400423859909173,1355.9982010982446
0.4003885081005566,1357.1563454391976
0.40034786365735137,1358.3153566802341
0.4003025126571272,1359.4752354192472
0.4002530413529739,1360.635982254806
0.400200036343237,1361.7975977856345
0.40014408437138627,1362.9600826111955
0.4000857725157388,1364.12343733117
0.40002568804930855,1365.2876625458111
0.39996441849291564,1366.45275885587
0.399902551674944,1367.6187268623326
0.3998406755845504,1368.7855671668867
0.3997793785346971,1369.9532803714615
0.3997192490320237,1371.121867078571
0.39966087584992666,1372.291327891153
0.3996048352073975,1373.46166341258
0.39955150876703155,1374.6328742466221
0.3995009609342006,1375.8049609976094
0.39945311757560786,1376.9779242702512
0.3994079012973628,1378.1517646697234
0.3993652346755838,1379.3264828016404
0.39932504023311327,1380.5020792721493
0.39928724049948916,1381.6785546877231
0.399251757924385,1382.855909655427
0.39921851497421634,1384.0341447826286
0.3991874340289254,1385.213260677308
0.3991584374752606,1386.3932579478023
0.39913144765684805,1387.5741372029102
0.3991063868708859,1388.7558990519365
0.3990831774081415,1389.9385441045538
0.3990617414730358,1391.1220729710794
0.3990420013302393,1392.3064862619826
0.3990238791048282,1393.4917845884977
0.39900729696219883,1394.677968562139
0.39899217700149336,1395.8650387949597
0.3989784413122644,1397.052995899398
0.3989660119245229,1398.2418404884318
0.39895481085208306,1399.4315731754643
0.398944760079263,1400.6221945743348
0.3989357815375811,1401.8137052994143
0.39892779716577986,1403.0061059653956
0.3989207288098563,1404.1993971876223
0.3989144983330894,1405.393579581777
0.398909027556069,1406.588653764001
0.39890423824004867,1407.7846203509969
0.39890005215032526,1408.9814799598287
0.39889639100291846,1410.1792332080477
0.3988931764712629,1411.3778807137164
0.39889033020958264,1412.577423095333
0.39888777384291874,1413.777860971834
0.3988854289571473,1414.9791949626347
0.3988832170823197,1416.1814256877215
0.39888105978612626,1417.3845537673005
0.39887887850373643,1418.588579822359
0.39887659472136855,1419.7935044741348
0.39887412987287135,1420.9993283443337
0.39887140531971066,1422.2060520552823
0.39886834244446906,1423.413676229625
0.39886486255406206,1424.6222014906016
0.3988608869732544,1425.8316284617558
0.39885633693449507,1427.0419577672842
0.3988511336848048,1428.2531900317317
0.39884519841567584,1429.4653258801718
0.39883845228647696,1430.67836593817
0.39883081645120877,1431.8923108316621
0.39882221199171874,1433.107161187179
0.3988125600012535,1434.3229176315876
0.39880178148424894,1435.5395807924165
0.3987897974799952,1436.7571512974655
0.39877652894236815,1437.9756297751505
0.3987618968133734,1439.1950168543337
0.3987458220164971,1440.4153131642897
0.39872822541662595,1441.6365193348518
0.398709027870214,1442.8586359962633
0.39868815017516973,1444.0816637793362
0.3986655131410895,1445.3056033152113
0.3986410375168079,1446.530455235656
0.398614654419333,1447.7562201728497
0.39858633230073154,1448.9828987593828
0.39855607090519424,1450.2104916285045
0.3985238743904367,1451.4389994137555
0.39848974686636796,1452.6684227492929
0.39845369248203066,1453.8987622696477
0.3984157153587207,1455.1300186099193
0.3983758196401458,1456.3621924056365
0.398334009469016,1457.5952842928048
0.39829028897366636,1458.8292949079798
0.39824466230818545,1460.0642248881327
0.3981971336290038,1461.3000748706859
0.3981477070614545,1462.536845493671
0.3980963867666511,1463.7745373955208
0.398043176901358,1465.0131512151515
0.397988081638052,1466.2526875918932
0.39793110508801943,1467.4931471658047
0.3978722514618442,1468.734530577125
0.39781152489220173,1469.9768384667973
0.3977489295508787,1471.2200714761743
0.3976844821547457,1472.464230247059
0.3976183638337977,1473.7093154218524
0.39755100873417504,1474.9553276433028
0.3974829539521135,1476.2022675547935
0.3974147386703736,1477.4501358000502
0.3973469022558774,1478.6989330233732
0.39727998428290817,1479.9486598696303
0.39721452460307094,1481.1993169839611
0.3971510632114378,1482.4509050122156
0.39709014036663215,1483.7034246006206
0.39703229653048094,1484.956876395916
0.396978072381178,1486.2112610453332
0.39692800881642,1487.4665791965829
0.396882646919798,1488.7228314979986
0.39684252806748477,1489.9800185981303
0.39680819375767207,1491.2381411463064
0.39678018576068014,1492.4971997922182
0.3967590460653097,1493.7571951859945
0.39674531681516306,1495.0181279784929
0.3967395404754695,1496.2799988206962
0.3967422590449648,1497.542808364455
0.39675382218153915,1498.8065572618846
0.39677391574585047,1500.0712461657404
0.3968016825652922,1501.3368757291169
0.3968361939407458,1502.6034466057781
0.39687652085645253,1503.8709594498
0.3969217338533139,1505.1394149159985
0.39697090316968825,1506.4088136594814
0.397023098644772,1507.6791563358902
0.39707738971557643,1508.9504436014986
0.3971328454942518,1510.222676112946
0.39718853469482196,1511.4958545274349
0.3972435256670029,1512.7699795026624
0.39729688640661726,1514.0450516967467
0.3973476844922976,1515.321071768481
0.3973949871829959,1516.5980403770182
0.39743786134798936,1517.8759581820482
0.3974753734739232,1519.1548258438288
0.3975065896986958,1520.434644023071
0.39753057579506296,1521.7154133809538
0.3975463971475139,1522.9971345792264
0.3975531612655064,1524.279808280145
0.3975504944027903,1525.5634351463718
0.39753879869324926,1526.8480158412701
0.397518780615191,1528.1335510285276
0.3974911515380363,1529.420041372418
0.39745662312198105,1530.7074875377116
0.3974159073009458,1531.995890189739
0.39736971631922124,1533.2852499942414
0.39731876268085037,1534.5755676175331
0.39726375916613943,1535.8668437264919
0.39720541887836275,1537.1590789883558
0.39714445514952446,1538.4522740710495
0.39708158163740415,1539.7464296428843
0.39701751225481013,1541.0415463727622
0.39695296122634366,1542.3376249299836
0.39688864301095816,1543.6346659845258
0.39682527238891135,1544.9326702067747
0.39676356440445376,1546.2316382676656
0.3967042343890355,1547.5315708386315
0.39664799795096406,1548.8324685916243
0.39659557055546296,1550.1343321990971
0.396547560392033,1551.437162334108
0.39650422104156396,1552.74095967004
0.3964655233575339,1554.045724881131
0.39643140337084903,1555.351458641696
0.39640179696164674,1556.6581616269489
0.3963766400605401,1557.9658345124205
0.3963558685413253,1559.274477974233
0.3963394182578959,1560.5840926890187
0.3963272250476224,1561.8946793338791
0.3963192246911248,1563.206238586557
0.3963153529894509,1564.5187711251483
0.39631554566681426,1565.832277628434
0.3963197384444219,1567.1467587756788
0.3963278670472223,1568.4622152465204
0.3963398670965376,1569.7786477214054
0.3963556742812495,1571.0960568809933
0.39637522417993687,1572.4144434067298
0.3963984524085949,1573.7338079803915
0.39642529451659186,1575.0541512843934
0.3964556860336898,1576.3754740016866
0.39648955148296183,1577.6977768156398
0.39652668975460587,1579.0210604103165
0.39656671715986064,1580.3453254701278
0.3966091809226917,1581.6705726801279
0.39665362721902936,1582.9968027258255
0.39669960201456866,1584.3240162933942
0.39674665113555624,1585.6522140694317
0.3967943202454552,1586.9813967409536
0.3968421547509088,1588.3115649958218
0.39688969998360296,1589.6427195221036
0.39693650102548017,1590.9748610086122
0.39698210281996943,1592.307990144598
0.39702605012841846,1593.6421076198453
0.39706788752016065,1594.9772141247447
0.39710715941985386,1596.313310350115
0.39714341004702686,1597.6503969874038
0.3971761834667951,1598.9884747285398
0.3972050235664608,1600.327544265981
0.39722947404220466,1601.667606292795
0.39724907844309565,1603.0086615024961
0.3972633809538061,1604.3507105891763
0.39727208436962447,1605.6937542474925
0.39727539371401294,1607.0377931725961
0.3972739038365912,1608.3828280601706
0.39726825517628533,1609.7288596064795
0.39725908842259244,1611.075888508332
0.3972470445288247,1612.4239154630036
0.3972327646646107,1613.7729411684195
0.39721689027638196,1615.122966322949
0.39720006303312044,1616.473991625578
0.3971829248834773,1617.826017775698
0.3971661179576323,1619.1790454734887
0.3971502846986739,1620.5330754194702
0.3971360677712091,1621.8881083147307
0.3971241100712271,1623.2441448609657
0.3971150547427182,1624.6011857604292
0.39710954519429725,1625.9592317158429
0.39710822506518506,1627.318283430496
0.3971117382350737,1628.6783416082435
0.39712072881035265,1630.039406953585
0.3971358412049149,1631.4014801713079
0.3971576732142406,1632.7645619670498
0.39718632384741065,1634.1286530467637
0.3972211861904837,1635.493754117128
0.39726139677281525,1636.8598658851902
0.39730608894942804,1638.2269890586995
0.3973543957617304,1639.595124345939
0.397405449944647,1640.9642724556325
0.39745838385932813,1642.334434097213
0.39751232958482774,1643.7056099805036
0.39756641882711097,1645.0778008160269
0.3976197829938453,1646.4510073147694
0.39767155316430874,1647.8252301882399
0.3977208600490941,1649.2004701486753
0.3977668340920617,1650.5767279086572
0.39780860536570645,1651.9540041814475
0.39784530363925463,1653.332299680787
0.3978760583146332,1654.7116151211503
0.39789999854545904,1656.0919512172695
0.3979162530712969,1657.4733086847286
0.39792395036378436,1658.8556882395121
0.39792222039031955,1660.23909059821
0.39791047048065914,1661.6235164779132
0.3978889505261006,1663.008966596343
0.3978585472455405,1664.395441671748
0.397820217406644,1665.7829424229944
0.39777491815957033,1667.1714695694418
0.3977236070094443,1668.5610238310103
0.3976672418193562,1669.9516059281905
0.3976067807964057,1671.3432165821237
0.39754318254896504,1672.7358565143622
0.39747740600149767,1674.129526447171
0.3974104104653863,1675.5242271033085
0.3973431556114036,1676.9199592060759
0.39727660146592875,1678.3167234793332
0.39721170839021247,1679.7145206476214
0.3971494371342257,1681.1133514359594
0.3970907488091369,1682.5132165698801
0.39703660484963127,1683.9141167756159
0.39698796707452766,1685.3160527798966
0.3969457976694307,1686.7190253099438
0.3969110591219355,1688.1230350937767
0.3968846661174138,1689.5280828596851
0.3968670512336541,1690.9341693368067
0.39685798337934575,1692.3412952546942
0.3968569995376177,1693.7494613434305
0.3968636343713326,1695.158668333912
0.39687742246278945,1696.568916957248
0.39689789811049,1697.9802079455058
0.3969245955327724,1699.392542031015
0.39695704871541304,1700.8059199468426
0.3969947914830267,1702.2203424266195
0.3970373575060596,1703.635810204456
0.3970842802365064,1705.0523240152138
0.3971350930031262,1706.4698845941575
0.3971893289199962,1707.8884926772619
0.3972465209749807,1709.308149000887
0.3973062019008666,1710.7288543022987
0.3973679043623808,1712.1506093189607
0.397431160759348,1713.5734147892135
0.3974955033695842,1714.9972714518392
0.39756046428453323,1716.422180046225
0.3976255755755129,1717.848141312396
0.39769038889501673,1719.2751559908295
0.3977545131809108,1720.7032248227154
0.39781759953579937,1722.1323485497226
0.39787930324248016,1723.5625279142762
0.39793927951889535,1724.993763659152
0.3979971834127328,1726.4260565278287
0.3980526698321874,1727.8594072644796
0.3981053936142648,1729.2938166136576
0.3981550094329353,1730.7292853205931
0.39820117182310794,1732.1658141312032
0.3982435352523898,1733.603403791752
0.3982817539780096,1735.0420550494207
0.39831548222772106,1736.4817686516321
0.39834437401916717,1737.9225453466904
0.3983680833135454,1739.364385883255
0.3983862638860911,1740.8072910107983
0.39839856944567226,1742.2512614791808
0.3984046535257121,1743.696298039034
0.3984041695833357,1745.1424014414092
0.3983967709141657,1746.5895724380678
0.39838214513517944,1748.0378117813411
0.39836030293338204,1749.4871202241732
0.3983316879667862,1750.9374985200031
0.39829688926012136,1752.388947423028
0.3982564971618548,1753.841467687885
0.398211102199227,1755.2950600699385
0.39816129515313664,1756.749725325008
0.3981076669759255,1758.2054642096775
0.3980508088833355,1759.6622774809564
0.39799131226888274,1761.1201658965704
0.3979297687377586,1762.5791302149146
0.39786677018169175,1764.0391711946527
0.39780290858066847,1765.5002895955429
0.397738776255329,1766.9624861775135
0.39767496566869737,1768.4257617012877
0.3976120695010417,1769.8901169282376
0.3975506806871627,1771.3555526201599
0.3974913923205704,1772.822069539658
0.3974347977590346,1774.2896684497562
0.39738149052194643,1775.7583501142792
0.39733206306568586,1777.228115297437
0.3972869753618016,1778.6989647642536
0.3972463160077486,1780.1708992801573
0.3972099076182082,1781.6439196114238
0.3971775471441526,1783.1180265247413
0.3971490314485581,1784.5932207873934
0.3971241572791932,1786.0695031674622
0.39710272136424546,1787.5468744334507
0.3970845203100414,1789.0253353546477
0.39706935071374355,1790.5048867006822
0.3970570090166988,1791.9855292420975
0.3970472916342016,1793.467263749936
0.39703999493511427,1794.9500909956735
0.39703491513272854,1796.4340117517313
0.3970318484452775,1797.9190267908816
0.3970305909799701,1799.405136886609
0.39703093877403695,1800.8923428130167
0.3970326877948213,1802.3806453448196
0.3970356339398669,1803.8700452573285
0.3970395730335925,1805.360543326458
0.39704430080688585,1806.8521403288437
0.39704961295867264,1808.3448370415713
0.3970553050706122,1809.8386342425065
0.39706117269941943,1811.3335327099412
0.3970670112607902,1812.8295332230696
0.3970726161661621,1814.3266365614759
0.3970777827237151,1815.8248435054347
0.39708230617604656,1817.3241548358178
0.39708598169000875,1818.8245713341255
0.3970886043431193,1820.3260937825767
0.39708996916809397,1821.8287229639247
0.3970898711255918,1823.3324596615075
0.3970881050803657,1824.8373046593856
0.397084465856063,1826.3432587421203
0.39707874815665956,1827.8503226951077
0.39707074668625325,1829.3584973040784
0.39706025599524114,1830.8677833557003
0.3970470706343308,1832.3781816370179
0.39703098503148604,1833.8896929358782
0.39701179357753846,1835.4023180406407
0.3969892905783864,1836.9160577403197
0.3969632710790446,1838.4309128246596
0.39693359874219025,1839.9468840839027
0.3969003221929652,1841.4639723089372
0.3968636188894612,1842.9821782913878
0.39682367801647406,1844.5015028234207
0.39678068881259654,1846.0219466978738
0.3967348406009295,1847.5435107081353
0.39668632272399373,1849.0661956484487
0.3966353246702367,1850.5900023133734
0.39658203591656965,1852.114931498386
0.39652664605487065,1853.6409839994549
0.3964693447371614,1855.1681606131729
0.3964103216550024,1856.6964621369013
0.3963497666078209,1858.225889368483
0.39628786942757804,1859.7564431065175
0.3962248200402482,1861.2881241501382
0.39616080840417806,1862.820933299265
0.3960960245852368,1864.3548713542991
0.3960306586849197,1865.8899391163832
0.3959649008847175,1867.4261373872614
0.3958989414186815,1868.9634669693878
0.3958329686406057,1870.50192866572
0.39576715451243466,1872.0415232799592
0.39570165019254905,1873.5822516164912
0.3956366004664556,1875.1241144802875
0.39557215014075314,1876.6671126769384
0.39550844406171903,1878.2112470127145
0.3954456271323307,1879.7565182945063
0.3953838442746193,1881.3029273300199
0.3953232405389293,1882.8504749272554
0.39526396092962185,1884.3991618952218
0.39520615055874053,1885.9489890434133
0.3951499545878698,1887.4999571819176
0.39509551818367056,1889.0520671216836
0.39504298663052423,1890.6053196740295
0.39499250520068524,1892.1597156511402
0.39494421924301254,1893.7152558657863
0.39489827415558226,1895.271941131379
0.3948548153719647,1896.829772262051
0.3948139884089633,1898.3887500724277
0.3947759387777691,1899.9488753780197
0.3947408113358265,1901.5101489947913
0.3947086977723586,1903.0725717394507
0.3946795518192249,1904.6361444293311
0.39465323371201516,1906.2008678825298
0.39462959578414153,1907.7667429176702
0.39460849029704553,1909.3337703540874
0.39458976945050533,1910.9019510118515
0.39457328544758546,1912.471285711422
0.3945588903444445,1914.0417752743274
0.3945464362279808,1915.6134205224857
0.3945357751202809,1917.186222278451
0.3945267589445251,1918.760181365672
0.39451923965143343,1920.3352986079271
0.39451306904170996,1921.911574830075
0.3945080989710674,1923.489010857225
0.39450418116240815,1925.067607515437
0.3945011673220409,1926.6473656313572
0.3944989091226726,1928.2282860321816
0.3944972581385488,1929.8103695459797
0.3944960659343662,1931.393617001353
0.39449518401066413,1932.978029227599
0.3944944638141435,1934.5636070547066
0.394493756751406,1936.1503513132852
0.3944929141582547,1937.738262834714
0.3944917873578816,1939.3273424508707
0.39449022757204016,1940.9175909945184
0.39448808601000906,1942.509009298978
0.3944852138276332,1944.1015981982218
0.3944814621239693,1945.6953585269118
0.39447668194135094,1947.2902911204255
0.39447072426203306,1948.886396814906
0.39446344008352036,1950.4836764468494
0.3944546802578554,1952.0821308538148
0.3944442956661535,1953.6817608737558
0.39443213708524805,1955.2825673455127
0.3944180552869765,1956.8845511084314
0.3944019009663984,1958.4877130026205
0.3943835247658132,1960.0920538689184
0.39436277730220587,1961.6975745487402
0.3943395091262493,1963.3042758842312
0.39431357074632933,1964.9121587181914
0.3942848132904364,1966.5212238942163
0.3942531293491589,1968.1314722564239
0.3942185151233916,1969.7429046497643
0.3941810351244637,1971.355521919711
0.3941407592218692,1972.9693249125712
0.3940977573265245,1974.5843144753032
0.3940520993941587,1976.2004914554268
0.3940038553465718,1977.8178567014227
0.3939530952119085,1979.4364110621095
0.39389988896721473,1981.056155387277
0.3938443066513293,1982.6770905272979
0.3937864183135258,1984.2992173332934
0.3937262940647998,1985.9225366568708
0.3936640039683595,1987.5470493506468
0.39359961817643846,1989.1727562676983
0.393533206841315,1990.799658261845
0.3934648401358083,1992.427756187622
0.3933945882464101,1994.0570509003364
0.39332252142454355,1995.6875432557927
0.39324870989420446,1997.3192341106983
0.39317322393399634,1998.9521243223628
0.39309615632224215,2000.5862147487674
0.393017766012525,2002.2215062486684
0.39293851233052046,2003.8579996813933
0.3928589114032723,2005.4956959072395
0.3927794797596874,2007.134595786763
0.39270073399265454,2008.7747001816422
0.39262319092623293,2010.4160099540704
0.39254736755048725,2012.058525966909
0.39247378099393126,2013.7022490838708
0.39240294859501057,2015.347180169203
0.3923353878301425,2016.9933200879618
0.3922716163544576,2018.6406697058906
0.39221215199131304,2020.289229889435
0.3921575127457059,2021.9390015056642
0.3921082167596562,2023.5899854224886
0.39206478235634246,2025.2421825085144
0.3920277280466845,2026.8955936329392
0.39199757248131545,2028.5502196657726
0.39197483449471293,2030.2060614776683
0.39196003305716903,2031.8631199401577
0.39195368216712834,2033.5213959251505
0.39195602454947687,2035.1808903056017
0.39196664892497585,2036.8416039550336
0.391984725222842,2038.5035377477056
0.392009392451529,2040.166692558525
0.39203978932377875,2041.8310692631574
0.3920750542467623,2043.4966687381516
0.39211432541813673,2045.1634918604311
0.39215674067613504,2046.8315395079499
0.3922014376332102,2048.5008125591753
0.39224755358075913,2050.1713118934686
0.3922942255749771,2051.8430383907125
0.3923405903517978,2053.5159929316715
0.3923857843956765,2055.1901763977285
0.39242894388869765,2056.865589671096
0.39246920476571356,2058.542233634572
0.3925057026565887,2060.2201091717775
0.39253757291739433,2061.899217167081
0.3925639506616334,2063.579558505384
0.3925839706579389,2065.261134072634
0.3925967674742804,2066.9439447551995
0.39260154456831864,2068.627991440246
0.39259798853847566,2070.313275015911
0.3925863536770368,2071.999796370689
0.3925670480040439,2073.6875563940575
0.3925404799503409,2075.376555976146
0.3925070580802263,2077.0667960078017
0.3924671910912599,2078.758277380587
0.39242128780036883,2080.451000986869
0.3923697571744872,2082.144967719683
0.3923130082995337,2083.840178472853
0.3922514504178951,2085.536634140814
0.39218549285973425,2087.2343356189476
0.39211554514896696,2088.9332838030914
0.39204201686950985,2090.6334795901366
0.39196531780548644,2092.334923877428
0.39188585782803337,2094.0376175632073
0.39180404695674065,2095.7415615463974
0.39172029533207053,2097.4467567267156
0.39163501323569927,2099.1532040045813
0.3915486110903165,2100.860904281071
0.39146149941837355,2102.5698584581437
0.3913740888863756,2104.280067438487
0.3912867903149337,2105.991532125388
0.3912000146170072,2107.704253423034
0.39111417285927275,2109.4182322362753
0.3910296762243109,2111.133469470765
0.39094693604801467,2112.8499660327752
0.3908663637544488,2114.5677228295185
0.39078837093768476,2116.2867407687913
0.39071336930008366,2118.007020759196
0.39064177067602207,2119.7285637100777
0.3905739870180317,2121.451370531595
0.3905104304341775,2123.175442134525
0.39045151313320414,2124.900779430498
0.3903976474619147,2126.627383331876
0.3903492458947248,2128.35525475177
0.39030672104029396,2130.0843946040013
0.39027048562425176,2131.8148038031813
0.39024095249924773,2133.5464832646912
0.3902185346413355,2135.279433904706
0.3902036451805079,2137.013656640003
0.3901966335597763,2138.7491523882563
0.3901974278414247,2140.485922067909
0.3902054737246359,2142.2239665980137
0.3902200919273783,2143.9632868985623
0.39024060285686984,2145.7038838901926
0.39026632669966166,2147.445758494303
0.3902965834185424,2149.1889116331067
0.3903306927699484,2150.9333442295656
0.39036797429745684,2152.6790572074005
0.3904077473389524,2154.426051491053
0.3904493310030198,2156.1743280058117
0.39049204420688305,2157.923887677638
0.39053520563569705,2159.674731433354
0.39057813379076445,2161.426860200406
0.39062014691801433,2163.180274907234
0.3906605631007177,2164.934976482844
0.39069870019480796,2166.6909658570353
0.39073387582234514,2168.4482439605226
0.39076540744032584,2170.2068117245835
0.3907926122519876,2171.966670081459
0.3908148127729017,2173.727819964023
0.39083155169314526,2175.4902623060016
0.39084286662550105,2177.253998041897
0.39084909418143443,2179.019028106868
0.39085058986093674,2180.785353436999
0.39084770928862306,2182.5529749691377
0.3908408082238491,2184.321893640759
0.39083024249541554,2186.092110390302
0.39081636808708625,2187.863626156774
0.3907995410311524,2189.636441880274
0.3907801175522366,2191.41055850129
0.39075845390257197,2193.1859769614484
0.3907349065023825,2194.9626982029313
0.3907098318608641,2196.740723168751
0.39068358657943675,2198.520052802819
0.39065652741328133,2200.3006880496014
0.39062901117174426,2202.082629854604
0.3906013948175874,2203.8658791639327
0.3905740353982455,2205.6504369245686
0.3905472900867928,2207.4363040841936
0.39052151613377,2209.223481591439
0.39049704218724496,2211.011970395515
0.3904740170070506,2212.8017714466173
0.3904523887120384,2214.59288569566
0.3904320558737024,2216.3853140942374
0.39041291697296765,2218.1790575948708
0.3903948704733261,2219.9741171508404
0.3903778148140287,2221.770493716174
0.3903616483724155,2223.568188245872
0.3903462695634114,2225.3672016953706
0.39033157668869,2227.167535021261
0.3903174680670343,2228.969189180774
0.39030384197265977,2230.7721651319857
0.39029059667985,2232.5764638335713
0.39027763036011154,2234.3820862453763
0.3902648412297076,2236.1890333277315
0.3902521274399525,2237.9973060418597
0.3902393871012682,2239.806905349874
0.3902265183175377,2241.617832214585
0.39021341915871477,2243.430087599585
0.3901999876368577,2245.2436724694253
0.39018612271219627,2247.0585877892718
0.39017175672002813,2248.874834525216
0.39015689456290015,2250.6924136440825
0.3901415836618954,2252.511326113662
0.3901258739796937,2254.331572902267
0.3901098154219495,2256.153154979359
0.3900934579848208,2257.9760733148605
0.3900768516142496,2259.80032887978
0.3900600463123183,2261.6259226457805
0.39004309206515847,2263.4528555854868
0.39002603891499704,2265.281128672128
0.3900089368811936,2267.1107428798978
0.3899918360082664,2268.941699183798
0.3899747863761645,2270.7739985595153
0.38995783803845907,2272.607641983762
0.3899410410978333,2274.4426304339368
0.389924445671734,2276.278964888209
0.38990810187174885,2278.116646325662
0.3898920598379094,2279.95567572615
0.38987636971806877,2281.7960540703784
0.38986108167474176,2283.6377823398916
0.38984623594566903,2285.4808615169222
0.3898318136638332,2287.3252925847646
0.3898177317893753,2289.1710765272487
0.3898038920902797,2291.01821432925
0.38979019632546585,2292.8667069763933
0.38977654622495717,2294.7165554551148
0.38976284348306167,2296.5677607527095
0.38974898976872324,2298.4203238572895
0.38973488672557066,2300.2742457577724
0.38972043597540157,2302.129527443839
0.3897055390701471,2303.986169906245
0.3896900976018279,2305.844174136232
0.3896740130617845,2307.703541126211
0.3896571869712434,2309.5642718691684
0.3896395207817586,2311.426367359107
0.38962091595426446,2313.289828590672
0.3896012738835525,2315.154656559519
0.38958049595328437,2317.020852262094
0.38955848353947636,2318.8884166955354
0.3895351379418428,2320.757350858063
0.3895103612801846,2322.6276557486212
0.3894840816107771,2324.499332366835
0.38945628135307075,2326.3723817135515
0.3894269739942328,2328.2468047899756
0.38939617458999637,2330.1226025985798
0.38936389827314777,2331.999776142352
0.3893301601195371,2333.8783264254234
0.3892949752545683,2335.758254452596
0.389258358808531,2337.6395612294496
0.38922032588911143,2339.5222477625402
0.38918089162260855,2341.406315059243
0.3891400711333152,2343.2917641278236
0.38909787958129555,2345.1785959772105
0.3890543320868085,2347.0668116173847
0.38900944379213037,2348.956412059156
0.38896322987184756,2350.8473983139984
0.3889157054504213,2352.7397713945247
0.388866885718951,2354.6335323138983
0.38881678581153206,2356.5286820864344
0.3887654209254426,2358.4252217270305
0.38871280621811805,2360.323152251629
0.3886589568723853,2362.222474676963
0.3886038880861515,2364.1231900205285
0.38854761502433477,2366.0252993008926
0.388490152890951,2367.928803537341
0.38843151689820493,2369.8337037499487
0.3883717222287297,2371.7400009598337
0.3883107841042253,2373.647696188823
0.38824871772710495,2375.5567904597156
0.3881855383250997,2377.4672847960746
0.3881212611100755,2379.379180222425
0.3880559013260578,2381.2924777640064
0.38798947417375357,2383.2071784471946
0.38792199492717105,2385.1232832988744
0.3878534787964108,2387.040793347122
0.3877839410442742,2388.959709620678
0.3877133969142314,2390.880033149245
0.3876418616681358,2392.8017649633266
0.3875693505553611,2394.7249060943914
0.38749587884022013,2396.6494575747574
0.38742146181565845,2398.5754204374307
0.38734611471757363,2400.5027957166367
0.38726985284817905,2402.4315844471994
0.3871926915005961,2404.3617876648004
0.38711464592118,2406.293406406334
0.3870357314465296,2408.226441709133
0.3869559633424886,2410.1608946117494
0.3868753569342876,2412.09676615336
0.3867939275174968,2414.034057374157
0.38671169038199965,2415.9727693153404
0.38662866088385994,2417.912903018634
0.3865448542981366,2419.8544595270805
0.38646028599341753,2421.797439884158
0.3863749712709766,2423.7418451345475
0.3862889254605828,2425.6876763237733
0.38620216391363493,2427.6349344981336
0.386114701962112,2429.5836207049224
0.3860265549732807,2431.533735992145
0.385937738260796,2433.4852814090273
0.385848267228271,2435.4382580052315
0.3857581571881069,2437.392666831789
0.3856674235357948,2439.348508940273
0.3855761164896875,2441.305785383197
0.385484472343378,2443.264497214239
0.38539291981987167,2445.2246454875703
0.38530192872354546,2447.186231258571
0.38521196902977894,2449.149255583342
0.38512351081565976,2451.1137195190204
0.3850370243177726,2453.0796241234757
0.3849529798705198,2455.0469704556244
0.38487184796389545,2457.0157595751434
0.3847940991852389,2458.9859925427736
0.384720204273579,2460.9576704200645
0.38465063410232614,2462.9307942693767
0.3845858596381079,2464.9053651541694
0.3845263520019137,2466.881384138699
0.3844725824449748,2468.8588522880673
0.38442502232124526,2470.8377706684105
0.38438414313148256,2472.818140346687
0.38435041648891005,2474.7999623908313
0.3843243141564697,2476.7832378695375
0.38430630798521903,2478.767967852611
0.3842968572181212,2480.754153410665
0.38429609069376663,2482.741795615185
0.38430348760435884,2484.730895538694
0.3843181795621703,2486.7214542543807
0.3843392822966485,2488.7134728366846
0.3843659113533838,2490.7069523606847
0.3843971819922661,2492.7018939025993
0.3844322092732069,2494.698298539349
0.3844701079986197,2496.6961673488004
0.3845099926933857,2498.6955014100113
0.38455097771451713,2500.6963018025817
0.3845921771185245,2502.6985696073148
0.3846327047608521,2504.7023059057638
0.3846716742417255,2506.7075117804707
0.3847081989168457,2508.7141883149698
0.3847413919320085,2510.72233659356
0.3847703661723341,2512.7319577015646
0.3847942342900504,2514.743052725241
0.3848121087015396,2516.755622751791
0.38482310160147565,2518.7696688692586
0.3848263249359448,2520.785192166665
0.3848210014750841,2522.802193734066
0.38480691734462286,2524.82067466214
0.3847844261904301,2526.840636042937
0.38475399702858576,2528.8620789690563
0.3847160989619735,2530.885004534171
0.38467120120736137,2532.9094138330374
0.3846197731601081,2534.9353079610473
0.38456228427769584,2536.9626880148803
0.38449920422646205,2538.9915550916876
0.384431002696793,2541.0219102901165
0.3843581495976844,2543.0537547093113
0.38428111491979283,2545.087089449511
0.3842003687591285,2547.121915612094
0.3841163814090359,2549.1582342989586
0.38402962321647743,2551.1960466132787
0.38394056468426657,2553.235353659074
0.3838496764366616,2555.2761565413175
0.3837574292361862,2557.3184563658215
0.38366429392877416,2559.3622542395988
0.38357074152885223,2561.4075512704007
0.3834772378564186,2563.454348566892
0.38338412390162363,2565.502647238879
0.3832915029428375,2567.5524483970103
0.3831993550320087,2569.603753152875
0.38310765518757556,2571.656562618972
0.3830163784008229,2573.7108779088826
0.38292549966998873,2575.7667001371037
0.38283499399685805,2577.8240304190067
0.3827448363629221,2579.8828698709776
0.382655001739623,2581.9432196104017
0.38256546511220285,2584.0050807555
0.38247620142522804,2586.068454425649
0.38238718566432695,2588.133341740917
0.38229839275065597,2590.19974382265
0.3822097976566603,2592.267661792857
0.3821213753039675,2594.3370967747214
0.3820331006246704,2596.408049892345
0.38194494856472727,2598.4805222706304
0.3818568940193457,2600.554515035694
0.3817689119112344,2602.630029314474
0.381680977129396,2604.707066235043
0.3815930646141395,2606.7856269260637
0.3815051492177085,2608.865712517615
0.3814172058538674,2610.947324140413
0.38132920937216097,2613.0304629264697
0.38124113468704923,2615.115130008355
0.38115295662843096,2617.201326520032
0.3810646500775455,2619.289053596168
0.38097618988545723,2621.3783123724907
0.380887550893457,2623.4691039857526
0.3807987079568339,2625.561429573555
0.3807096358973651,2627.6552902746275
0.38062030954745885,2629.750687228614
0.3805307037331923,2631.8476215761225
0.3804407932777162,2633.946094458697
0.3803505529673556,2636.0461070190786
0.38025995763301895,2638.147660400705
0.38016898205864313,2640.250755748186
0.38007760103546945,2642.3553942070785
0.3799857893552686,2644.4615769238744
0.3798935217798559,2646.5693050462114
0.37980077393637923,2648.678579722501
0.37970753931198487,2650.7894021022594
0.3796138444059386,2652.9017733360306
0.37951973231570635,2655.015694575193
0.3794252467186967,2657.131166972388
0.3793304313542595,2659.2481916809847
0.3792353299424101,2661.3667698554646
0.37913998621089795,2663.4869026513743
0.3790444439323916,2665.608591225033
0.3789487468297371,2667.7318367341336
0.3788529387179956,2669.8566403368995
0.3787570633522243,2671.9830031929005
0.37866116451539494,2674.110926462723
0.37856528604876694,2676.240411307611
0.37846947173019263,2678.3714588902317
0.3783737654160337,2680.5040703738955
0.3782782109093647,2682.6382469232904
0.37818285208831615,2684.773989703758
0.3780877328013406,2686.911299881821
0.3779928969043535,2689.050178625095
0.3778983883045812,2691.1906271019416
0.37780425086265756,2693.3326464820634
0.3777105285107193,2695.476237935834
0.37761726514102584,2697.621402634898
0.3775245046835405,2699.7681417517997
0.3774322910654259,2701.9164564601733
0.37734066822788553,2704.0663479346813
0.3772496801665797,2706.2178173506463
0.37715937077992984,2708.3708658851037
0.37706978409828495,2710.5254947154517
0.37698096408842097,2712.6817050204363
0.3768929547512498,2714.8394979797404
0.37680580008810216,2716.9988747741363
0.3767195441175462,2719.159836585399
0.3766342308921881,2721.3223845961256
0.3765499044178548,2723.486519990299
0.3764666087613,2725.6522439526843
0.3763843879929405,2727.819557669036
0.37630328615319825,2729.9884623264297
0.3762233473635051,2732.1589591125335
0.37614461567152413,2734.3310492165406
0.37606713354057514,2736.504733828231
0.37599091049545746,2738.680014138669
0.37591589723154945,2740.856891339905
0.37584201584616644,2743.035366625055
0.3757691874805383,2745.215441188143
0.37569733322947185,2747.397116224385
0.3756263741884497,2749.5803929299427
0.37555623142342487,2751.76527250206
0.37548682598766425,2753.9517561389866
0.37541807891507084,2756.139845039992
0.37534991120679356,2758.329540405488
0.37528224385813985,2760.5208434368683
0.375214997855253,2762.7137553364664
0.37514809412143835,2764.9082773079654
0.37508145362464146,2767.1044105557103
0.3750149972599867,2769.302156285372
0.3749486459270358,2771.5015157035805
0.3748823205096843,2773.7024900179667
0.3748159418560722,2775.90508043732
0.374749430818893,2778.1092881713375
0.3746827081997626,2780.3151144309822
0.37461570332325184,2782.52256042804
0.37454838260263307,2784.7316273755246
0.374480747135033,2786.9423164873524
0.3744128040163631,2789.154628978653
0.37434456036446123,2791.3685660655183
0.37427602328555576,2793.5841289651758
0.3742071999044347,2795.8013188958093
0.37413809734097514,2798.020137076661
0.3740687226866871,2800.240584728286
0.37399908309183333,2802.4626630719563
0.3739291856682489,2804.686373330188
0.3738590375295537,2806.9117167266204
0.37378864582128635,2809.1386944857572
0.3737180176472181,2811.367307833435
0.3736471601564244,2813.5975579963106
0.3735760804629105,2815.829446202325
0.3735047857226164,2818.062973680227
0.37343328304637263,2820.2981416601224
0.3733615795735434,2822.534951373088
0.37328968245193156,2824.7734040511973
0.37321759886800604,2827.013500927659
0.37314533692079693,2829.255243236751
0.3730729062794871,2831.498632213888
0.37300031737216305,2833.7436690954555
0.37292758062812825,2835.990355119069
0.3728547065126149,2838.2386915232055
0.3727817054565597,2840.4886795476377
0.372708587916781,2842.7403204331085
0.3726353643425432,2844.9936154214984
0.37256204518557895,2847.2485657557936
0.37248864091344674,2849.5051726799693
0.3724151619894745,2851.7634374390846
0.37234161885606126,2854.0233612794846
0.37226802199479336,2856.2849454483903
0.3721943818629742,2858.548191194258
0.372120708950392,2860.813099766422
0.3720470136958455,2863.0796724156785
0.37197330660398265,2865.3479103935424
0.37189959814180706,2867.6178149528077
0.3718258987754021,2869.8893873474562
0.37175221900995786,2872.1626288323164
0.37167856931302296,2874.4375406635395
0.3716049601745589,2876.714124098296
0.3715314021002498,2878.992380394716
0.371457905541471,2881.27231081245
0.37138448103867094,2883.553916611705
0.37131113905464425,2885.8371990542387
0.37123789010455843,2888.1221594026615
0.37116474467927163,2890.4087989208365
0.3710917132986535,2892.6971188735492
0.37101880644493485,2894.987120526962
0.3709460346459992,2897.2788051480934
0.37087340839875205,2899.5721740052577
0.37080093821908316,2901.8672283678097
0.3707286346285319,2904.163969506172
0.3706565081376363,2906.462398691959
0.37058456927256256,2908.762517197825
0.3705128285451376,2911.0643262976528
0.37044129648613205,2913.367827266352
0.37036998361862494,2915.6730213800056
0.37029890046798475,2917.979909915837
0.3702280575884732,2920.288494151966
0.3701574654734249,2922.598775368082
0.3700871346916245,2924.910754844562
0.37001707577420423,2927.224433863077
0.36994729925123304,2929.5398137064967
0.3698778156650101,2931.8568956587897
0.3698086355700523,2934.1756810049596
0.3697397695031725,2936.4961710312664
0.3696712280333283,2938.8183670248823
0.3696030216818611,2941.1422702744576
0.3695351610221796,2943.4678820694953
0.3694676566066482,2945.795203700728
0.36940051898652393,2948.1242364600766
0.3693337587318758,2950.454981640484
0.36926738640168594,2952.787440536097
0.3692014125604511,2955.1216144421924
0.3691358477648978,2957.4575046552795
0.3690707026004908,2959.795112472825
0.3690059876249949,2962.134439193614
0.3689417134149428,2964.475486117509
0.3688778905385875,2966.8182545454265
0.3688145067070874,2969.162745779563
0.3687514589408101,2971.508961123293
0.3686885638342999,2973.8569018809294
0.3686256253464822,2976.206569358158
0.3685624474066534,2978.5579648617945
0.36849883392452853,2980.91108969961
0.36843458874061114,2983.265945180653
0.36836951563957787,2985.622532615299
0.3683034184067379,2987.980853314796
0.36823610075189767,2990.3409085917165
0.3681673663591946,2992.7026997596977
0.3680970188474385,2995.06622813372
0.36802486183980126,2997.431495029581
0.3679506988479742,2999.7985017647243
0.36787433342465553,3002.167249657212
0.3677955690046737,3004.53774002673
0.3677142090276424,3006.9099741938953
0.3676300568784566,3009.283953480538
0.367542915894032,3011.6596792097175
0.36745258938989034,3014.0371527055167
0.367358887604274,3016.416375293391
0.3672617282556553,3018.7973482997218
0.36716120478727565,3021.1800730523246
0.367057487804156,3023.5645508800244
0.36695074975648545,3025.9507831128903
0.3668411631357845,3028.338771082156
0.3667289004847159,3030.728516120106
0.3666141343474314,3033.1200195604724
0.3664970373520639,3035.5132827378675
0.3663777821181497,3037.9083069883886
0.36625654133578806,3040.3050936491413
0.3661334877424075,3042.703644058256
0.3660087940566964,3045.1039595554703
0.36588263309727637,3047.506041481329
0.36575517768363586,3049.90989117775
0.3656266006888036,3052.315509987746
0.3654970750029947,3054.7228992556666
0.36536677358293834,3057.1320603268523
0.3652358693957708,3059.5429945479873
0.3651045354485968,3061.9557032669823
0.36497294480812686,3064.37018783276
0.36484127055121124,3066.786449595591
0.36470968581081153,3069.204489906815
0.3645783637265712,3071.6243101191994
0.3644474775071945,3074.045911586517
0.36431720038759324,3076.46929566375
0.3641877056288065,3078.894463707166
0.36405916653104653,3081.321417074242
0.36393175645328985,3083.750157123459
0.36380564873440124,3086.1806852149257
0.36368101683415505,3088.6130027093513
0.3635580341395521,3091.047110969405
0.36343687418451026,3093.483011358249
0.36331771045625216,3095.920705240725
0.36320071652637287,3098.3601939825926
0.3630860659556892,3100.801478951157
0.3629739323891624,3103.244561514618
0.3628644894706186,3105.6894430426037
0.3627579109081567,3108.136124905749
0.36265437040202214,3110.5846084762306
0.36255404173616257,3113.034895127124
0.3624570905995141,3115.4869862328383
0.3623635672589328,3117.9408831691935
0.3622733386559671,3120.396587312869
0.36218619399682195,3122.85410004207
0.36210192085877496,3125.3134227360947
0.3620203067615683,3127.774556775559
0.36194113920021015,3130.2375035421537
0.36186420559934607,3132.702264418978
0.3617892933558613,3135.168840790284
0.36171618982266024,3137.6372340415382
0.361644682312052,3140.107445559384
0.3615745580599574,3142.5794767319912
0.3615056043239801,3145.0533289482773
0.3614376082398765,3147.5290035989324
0.36137035697510633,3150.0065020753864
0.36130363758859807,3152.4858257707315
0.36123723713531414,3154.9669760791057
0.36117094262720156,3157.4499543958214
0.3611045410104804,3159.934762117603
0.3610378192049164,3162.421400642345
0.36097056414640755,3164.909871369133
0.36090259140338654,3167.4001756983243
0.36083382041010453,3169.892315031693
0.3607642581404891,3172.3862907720777
0.36069392379532855,3174.882104323544
0.36062283655345684,3177.3797570916386
0.3605510156434369,3179.8792504828252
0.3604784802555649,3182.3805859050835
0.36040524959074405,3184.883764767698
0.360331342886522,3187.388788480939
0.36025677933240086,3189.895658456725
0.3601815781935699,3192.404376107691
0.36010575865786143,3194.9149428482924
0.36002933998224795,3197.4273600938395
0.3599523413691373,3199.9416292613414
0.359874782106297,3202.4577517684484
0.3597966813878777,3204.9757290347625
0.3597180584966036,3207.4955624806094
0.3596389326573704,3210.0172535279853
0.3595593231413193,3212.540803599896
0.35947924920402974,3215.0662141207135
0.35939873280590207,3217.593486516142
0.3593178317317548,3220.1226222129662
0.35923665899831464,3222.65362263955
0.3591553502604592,3225.186489225246
0.3590740415780767,3227.721223400864
0.35899286903428024,3230.2578265985944
0.35891196879376747,3232.7963002514207
0.35883147695663026,3235.3366457942757
0.35875152972711133,3237.8788646628973
0.3586722632934023,3240.422958294549
0.3585938138957304,3242.968928127602
0.3585163177776038,3245.516775601866
0.3584399112149387,3248.066502158442
0.3583647305224624,3250.6181092396073
0.35829091202120167,3253.171598289075
0.35821859207732026,3255.726970751712
0.3581479070696129,3258.2842280737527
0.3580789934023989,3260.843371702752
0.35801198750544505,3263.4044030875884
0.35794702585008387,3265.96732367829
0.3578842447748582,3268.5321349263722
0.35782373321710764,3271.0988382845744
0.3577654156978242,3273.667435206882
0.35770908177397504,3276.2379271486425
0.35765450314068237,3278.810315566643
0.3576014514911986,3281.3846019186167
0.35754969841666523,3283.9607876640257
0.35749901550337826,3286.538874263437
0.3574491742972998,3289.1188631786204
0.3573999462621166,3291.700755872994
0.3573511028699968,3294.2845538109123
0.35730241550786423,3296.870258458319
0.3572536555519641,3299.4578712822404
0.35720459428386686,3302.04739375147
0.3571550030232512,3304.6388273354996
0.35710465298244687,3307.2321735055207
0.3570533153345158,3309.8274337341527
0.3570007612521887,3312.4246094950013
0.3569467618206717,3315.023702263304
0.3568910881218654,3317.6247135153453
0.3568335111504238,3320.227644729093
0.3567738019173491,3322.832497383394
0.3567117313305056,3325.439272958871
0.35664707029174036,3328.0479729372955
0.3565795896776048,3330.6585988015577
0.3565090602587094,3333.2711520364237
0.3564352528614129,3335.8856341272394
0.3563579381514976,3338.5020465616058
0.35627688688626186,3341.1203908274797
0.35619186965949706,3343.740668415011
0.3561026571018532,3346.3628808152475
0.3560090197840857,3348.9870295206256
0.35591072823011555,3351.613116024977
0.35580755291716726,3354.241141823578
0.35569926430815957,3356.871108412836
0.35558563280344935,3359.5030172906445
0.35546642877,3362.1368699562227
0.3553414225221773,3364.7726679102875
0.3552103843637727,3367.4104126546836
0.35507308454301534,3370.0501056926705
0.35492929325917005,3372.691748528977
0.3547787812381591,3375.335342669579
0.3546214632437176,3377.980889621731
0.3544577321372523,3380.628390894446
0.35428836315707746,3383.2778479975477
0.354114179213629,3385.9292624426935
0.35393600341534437,3388.5826357425813
0.35375465898785297,3391.237969411496
0.35357096932488796,3393.895264964968
0.3533857579653194,3396.554523919889
0.35319984857986597,3399.215747794679
0.35301406501228627,3401.8789381089364
0.3528292312404243,3404.5440963836863
0.35264617136936033,3407.2112241415443
0.3524657096981328,3409.8803229061077
0.3522886706264434,3412.5513942026423
0.35211587871498895,3415.2244395577327
0.35194815866577644,3417.899460499385
0.35178633533761394,3420.576458556866
0.3516312337168766,3423.2554352609354
0.3514836789425787,3425.9363921436816
0.35134449629311654,3428.619330738592
0.35121446737085305,3431.304252580543
0.35109386962221684,3433.9911592059484
0.35098224472296613,3436.6800521522728
0.35087885511904243,3439.3709329587646
0.350782959462433,3442.0638031657527
0.35069381624408485,3444.7586643151426
0.3506106838357528,3447.4555179501667
0.3505328204713222,3450.1543656155054
0.3504594842536156,3452.855208857265
0.35038993317073397,3455.5580492227955
0.35032342505512465,3458.262888261046
0.35025921763174594,3460.969727522213
0.3501965684739609,3463.6785685580835
0.3501347350580489,3466.389412921583
0.3500729746936692,3469.1022621673424
0.3500105445942619,3471.817117851182
0.3499467018266053,3474.5339815304583
0.3498807033366907,3477.252854763918
0.34981180595015404,3479.9737391116505
0.34973926634729063,3482.6966361353334
0.34966234181650313,3485.4215473978315
0.34958042971710995,3488.148474463562
0.3494933733196066,3490.877418898491
0.3494013631585646,3493.6083822696987
0.3493046305078553,3496.34136614596
0.3492034067078179,3499.0763720973055
0.34909792311750965,3501.8134016953773
0.34898841116534285,3504.5524565130145
0.348875102295009,3507.293538124656
0.3487582279939061,3510.0366481062156
0.3486380198215159,3512.781788034714
0.3485147093173579,3515.52895948912
0.34838852812444465,3518.278164049365
0.34825970787824984,3521.029403297155
0.3481284802920923,3523.782678815336
0.3479950770778475,3526.537992188536
0.3478597300249421,3529.295345002549
0.3477226709495713,3532.054738844635
0.34758413168194424,3534.816175303781
0.3474443441356886,3537.5796559700693
0.3473035402350059,3540.3451824351914
0.34716195194615224,3543.1127562923066
0.3470198112804503,3545.8823791359714
0.34687735027521627,3548.6540525623254
0.34673480103463605,3551.427778168698
0.3465923956633842,3554.2035575541754
0.34645036633902593,3556.9813923190413
0.3463089452456728,3559.7612840652882
0.3461683646368732,3562.5432343961206
0.34602885677876555,3565.3272449163796
0.3458906539783018,3568.1133172324094
0.3457539886051207,3570.901452951769
0.34561909302533994,3573.6916536838257
0.3454861996894942,3576.4839210390223
0.34535554103177496,3579.2782566297165
0.3452273495799128,3582.0746620692826
0.34510185784505126,3584.8731389729846
0.3449792984158621,3587.6736889572744
0.344859903895583,3590.4763136402153
0.3447439069332842,3593.2810146412894
0.3446315402111718,3596.0877935814688
0.34452303598222256,3598.8966520832464
0.3444185546802783,3601.707591770586
0.344318037496067,3604.520614268821
0.344221259346083,3607.3357212050387
0.34412797679501933,3610.1529142075065
0.3440379463328549,3612.972194906252
0.3439509244470454,3615.793564932458
0.343866667541244,3618.617025919163
0.3437849320043397,3621.4425795007664
0.3437054741949319,3624.270227313025
0.34362805040392796,3627.0999709934367
0.34355241691726623,3629.9318121807
0.3434783299472337,3632.765752515288
0.34340554568579396,3635.601793639069
0.343333820282832,3638.4399371954314
0.34326290985255353,3641.2801848292265
0.3431925704736269,3644.1225381867494
0.3431225581580806,3646.966998916101
0.3430526289326974,3649.8135686664136
0.3429825387204197,3652.6622490888867
0.34291204347484033,3655.513041835663
0.3428409081274243,3658.365948560895
0.34276898915143805,3661.2209709200524
0.34269626945162834,3664.0781105698807
0.34262277625628784,3666.937369169161
0.34254853727153967,3669.7987483777033
0.34247358016749513,3672.6622498571146
0.34239793263130036,3675.5278752704717
0.34232162235775165,3678.3956262823394
0.34224467703992384,3681.2655045588617
0.3421671243785101,3684.137511767701
0.34208899208492033,3687.0116495779694
0.3420103078625611,3689.887919660416
0.3419310994286404,3692.7663236872613
0.3418513944985671,3695.646863332311
0.3417712207952841,3698.5295402708957
0.3416906060492477,3701.4143561798455
0.34160957799218356,3704.301312737547
0.34152816435707123,3707.1904116239634
0.34144639288746664,3710.0816545205525
0.34136429132814733,3712.97504311033
0.34128188742509735,3715.870579077897
0.34119920893482464,3718.768264109353
0.34111628360568064,3721.6680998924767
0.3410331392182716,3724.5700881163248
0.3409498035201429,3727.474230471823
0.34086630430037895,3730.380528651134
0.34078266930877077,3733.2889843483754
0.34069892634903176,3736.199599258801
0.34061510319487764,3739.1123750794472
0.34053122762109506,3742.0273135090347
0.3404473274376758,3744.944416247553
0.340363430430798,3747.863684996758
0.3402795644031786,3750.7851214598913
0.34019575715542766,3753.7087273418183
0.34011203649534455,3756.634504348958
0.34002843024410184,3759.562454189184
0.33994496620211073,3762.492578572183
0.3398616722017284,3765.424879208989
0.3397785760576268,3768.3593578123873
0.3396957056070779,3771.2960160965804
0.33961308867584156,3774.234855777473
0.33953075087592666,3777.1758785724833
0.33944869674436157,3780.1190862006265
0.339366902477501,3783.0644803826244
0.33928533474085415,3786.012062840503
0.33920396008588216,3788.9618352982015
0.33912274509318263,3791.9137994809626
0.33904165630442185,3794.8679571159355
0.33896066029352084,3797.824309931536
0.3388797236078894,3800.782859657899
0.33879881277465135,3803.7436080269845
0.33871789436249544,3806.7065567719046
0.3386369348858522,3809.6717076277805
0.3385559008914736,3812.6390623310353
0.3384747588904584,3815.608622619966
0.33839347541080483,3818.5803902343296
0.33831201698196944,3821.554366915352
0.3382303500978378,3824.5305544061653
0.3381484412785048,3827.508954451272
0.33806625701163123,3830.489568797041
0.3379837638265373,3833.4723991909814
0.3379009283525609,3836.4574473828043
0.33781773453620595,3839.444715123563
0.33773421498611417,3842.4342041657274
0.33765043722193666,3845.4259162637563
0.33756647220381725,3848.419853173513
0.33748239088956017,3851.416016652567
0.33739826425924535,3854.4144084599766
0.3373141632782135,3857.4150303566744
0.33723015894631636,3860.4178841050316
0.33714632226706354,3863.42297146905
0.3370627242352737,3866.4302942145846
0.33697943589551854,3869.4398541087257
0.3368965282558936,3872.4516529206003
0.336814072364923,3875.4656924207516
0.33673213927458007,3878.481974381365
0.33665080002795167,3881.5005005764856
0.3365701257176217,3884.521272781405
0.336490187396459,3887.544292773499
0.3364110561667328,3890.5695623314737
0.33633280311858826,3893.5970832358366
0.33625549936688304,3896.6268572685926
0.3361792033141141,3899.6588862136896
0.3361038604868892,3902.6931718564397
0.3360292686070056,3905.7297159838786
0.335955177512278,3908.768520384867
0.33588133674420506,3911.8095868497016
0.3358074957920404,3914.8529171704804
0.33573340412670266,3917.898513140811
0.3356588111579777,3920.9463765562564
0.33558346629602165,3923.9965092137554
0.33550711889936363,3927.048912912025
0.3354295182934666,3930.1035894514825
0.3353504137770072,3933.160540634157
0.3352695546067027,3936.2197682638525
0.3351866900250421,3939.28127414585
0.33510156922366663,3942.3450600872484
0.33501394135579154,3945.4111278969663
0.33492355557003617,3948.4794793853357
0.334830160964638,3951.550116364483
0.3347335066121057,3954.6230406481645
0.33463334154101,3957.6982540519593
0.33452941580311985,3960.775758393054
0.33442156793903954,3963.855555490208
0.33430987618505364,3966.9376471641726
0.3341945863658739,3970.0220352370084
0.3340759595608345,3973.108721532866
0.33395425693022884,3976.197707877158
0.3338297396204591,3979.2889960974435
0.33370266884939026,3982.382588022703
0.33357330585732936,3985.4784854836735
0.33344191192213224,3988.576690312756
0.33330874834075164,3991.6772043442365
0.3331740764717617,3994.780029413847
0.33303815768337386,3997.8851673592194
0.33290125338681054,4000.9926200196614
0.3327636250239573,4004.102389236232
0.3326255340854611,4007.214476851521
0.3324872420710125,4010.3288847100653
0.33234901053786714,4013.4456146578896
0.33221110104898394,4016.564668543011
0.332073775224556,4019.6860482149696
0.33193729470840483,4022.8097555250724
0.3318019046439367,4025.935792326394
0.3316677118013008,4029.064160473682
0.33153464656606224,4032.1948618233837
0.3314025845285816,4035.3278982338625
0.33127140103285074,4038.4632715649886
0.33114097139183724,4041.600983678467
0.3310111709027303,4044.7410364377674
0.33088187484701703,4047.883431708129
0.33075295850569003,4051.0281713563436
0.33062429711996777,4054.175257251177
0.3304957659337527,4057.3246912629925
0.3303672401694895,4060.476475263933
0.3302385950373182,4063.6306111278436
0.33010970571097964,4066.787100730595
0.32998044739134136,4069.945945949375
0.3298506952279159,4073.1071486634164
0.32972032436728116,4076.270710753649
0.32958920995011826,4079.4366341026284
0.32945722707508873,4082.6049205949766
0.3293242508592439,4085.7755721167705
0.3291901572983448,4088.9485905559686
0.32905488775953234,4092.1239778023205
0.3289185540980831,4095.3017357472445
0.3287813840424662,4098.481866284171
0.3286436152530175,4101.664371307928
0.32850548538560725,4104.849252715388
0.3283672321366492,4108.036512405143
0.3282290932279055,4111.226152277604
0.3280913064273757,4114.418174234726
0.32795410949807263,4117.612580180585
0.32781774025796573,4120.809372020813
0.32768243654378504,4124.008551662872
0.32754843621988744,4127.210121016016
0.3274159771751143,4130.414081991325
0.32728529732564676,4133.6204365016965
0.32715663462684386,4136.829186461681
0.32703022705510737,4140.040333787615
0.32690631258978475,4143.253880397957
0.3267851292789025,4146.469828212552
0.32666691517014057,4149.688179153233
0.32655190833764836,4152.908935143698
0.3264403287288294,4156.132098109326
0.3263322529492772,4159.357669977244
0.32622757962759164,4162.585652676638
0.3261261544543808,4165.816048138339
0.3260278229135008,4169.0488582949765
0.3259324304699635,4172.28408508096
0.32583982255809163,4175.521730432665
0.32574984461445217,4178.761796288061
0.3256623420331772,4182.004284587174
0.32557716020187644,4185.249197271789
0.3254941445017196,4188.496536285338
0.32541314026876056,4191.746303573362
0.3253339928506932,4194.998501082926
0.3252565475532747,4198.253130763134
0.3251806496732193,4201.51019456488
0.3251061444923261,4204.769694440842
0.32503287726565694,4208.031632345634
0.3249606932514175,4211.296010235459
0.324889437657446,4214.5628300687
0.32481895569789127,4217.8320938053985
0.3247490921548088,4221.103803407383
0.32467966633206674,4224.377960838439
0.3246104335889324,4227.654568064223
0.324541107025851,4230.9336270519925
0.3244713963289243,4234.215139771115
0.3244010111585948,4237.499108192835
0.3243296611617106,4240.785534290046
0.32425705593305004,4244.074420037694
0.3241829050600901,4247.365767412305
0.32410691806671843,4250.6595783926205
0.3240288044758181,4253.955854958967
0.3239482737589343,4257.254599093736
0.3238650353721014,4260.555812781046
0.3237787987352269,4263.859498006915
0.32368927323821456,4267.165656759231
0.32359616823224263,4270.474291027891
0.3234991930685088,4273.785402804304
0.3233980570212827,4277.098994082271
0.3232924693889279,4280.415066856919
0.32318213938733176,4283.733623125811
0.3230667762479175,4287.054664887977
0.3229461358420899,4290.378194144378
0.3228203217252418,4293.704212898014
0.32268985795529376,4297.032723153909
0.32255538844847015,4300.363726918371
0.3224175574110495,4303.697226200467
0.32227700920051017,4307.033223010338
0.32213438818021733,4310.371719360581
0.3219903388136423,4313.712717265435
0.3218455056255272,4317.056218741045
0.3217005331926511,4320.402225805647
0.32155606618179894,4323.750740479145
0.3214127493080445,4327.101764783502
0.32127122736680314,4330.4553007424165
0.32113214519216793,4333.811350381828
0.3209961477154489,4337.169915729259
0.320863879914678,4340.530998814273
0.32073598683189736,4343.894601668384
0.32061311358158356,4347.260726324912
0.32049590532377387,4350.629374819319
0.3203850073048417,4354.000549188744
0.32028105896550174,4357.374251472353
0.32018438908479213,4360.750483711325
0.32009457394095797,4364.129247948544
0.3200107063131128,4367.510546229126
0.31993184317391876,4370.89438059981
0.31985704137419246,4374.280753109531
0.31978535768459165,4377.669665809057
0.31971584877565185,4381.0611207511565
0.31964757125063387,4384.455119990151
0.3195795815639782,4387.851665582944
0.31951093611869086,4391.250759588077
0.3194406912287816,4394.652404065896
0.3193679030993291,4398.056601078853
0.3192916278475945,4401.463352691373
0.3192109215036025,4404.872660969816
0.31912484001072194,4408.2845279824505
0.31903243921453556,4411.6989557996185
0.3189327748897802,4415.115946493403
0.31882490270286606,4418.535502138046
0.3187078782388201,4421.957624809766
0.31858075701063365,4425.382316586536
0.3184427049791136,4428.809579548604
0.3182936661292405,4432.239415777918
0.3181345012156506,4435.6718273585575
0.3179663207870175,4439.106816376452
0.3177902359142643,4442.544384919685
0.3176073577902608,4445.984535078174
0.3174187977028743,4449.4272689439495
0.3172256670663452,4452.872588610753
0.3170290773652418,4456.320496174729
0.3168301402295001,4459.770993733564
0.3166299673551266,4463.224083387332
0.3164296705646287,4466.67976723791
0.31623036178883673,4470.138047389012
0.31603315303137747,4473.598925946699
0.3158391564231669,4477.062405018791
0.3156494841839678,4480.528486715208
0.3154652486391124,4483.99717314781
0.31528756220721615,4487.468466430521
0.31511753741396703,4490.9423686791715
0.3149562868740628,4494.418882011674
0.31480491485895956,4497.898008548036
0.31466413462405385,4501.3797504101985
0.3145337454961714,4504.8641097220925
0.31441297630194887,4508.351088609677
0.31430101663415494,4511.840689200841
0.31419705598418474,4515.332913625862
0.31410028381183075,4518.827764016551
0.3140098894620936,4522.325242507159
0.3139250622349345,4525.825351233678
0.31384499134538807,4529.328092334203
0.3137688659211986,4532.833467949095
0.31369587504943897,4536.341480220391
0.3136252077193675,4539.8521312924
0.3135560528604002,4543.365423311381
0.31348759932244796,4546.881358425748
0.3134190359052171,4550.399938785682
0.31334955130400605,4553.921166543837
0.3132783341764323,4557.445043854608
0.3132045731026265,4560.971572874458
0.3131274565857448,4564.500755762016
0.3130461730726148,4568.032594677839
0.3129599710216699,4571.567091784771
0.31286849887687745,4575.104249247506
0.3127718643775887,4578.6440692328015
0.31267029478757047,4582.186553909636
0.31256401753918517,4585.731705448872
0.3124532600712402,4589.27952602358
0.3123382498489584,4592.830017808874
0.31221921436382566,4596.383182981843
0.31209638110763127,4599.939023721932
0.3119699776296933,4603.497542210185
0.31184023145928125,4607.058740630164
0.31170737016283645,4610.622621167404
0.3115716213380708,4614.189186009336
0.3114332125765983,4617.7584373457885
0.31129237151819605,4621.330377368353
0.311149325799136,4624.905008270943
0.3110043030778151,4628.482332249613
0.3108575310574596,4632.062351502143
0.3107092374173956,4635.645068228916
0.3105596498872122,4639.230484632142
0.3104089962180192,4642.818602915981
0.3102575041537839,4646.4094252870145
0.310105401474,4650.002953953803
0.3099529159792627,4653.599191126932
0.30980027546834005,4657.198139019384
0.30964770779499945,4660.799799845774
0.30949544078812574,4664.404175823316
0.3093437023256066,4668.011269171031
0.3091927202829621,4671.621082110272
0.30904272256733634,4675.233616864373
0.3088939370974456,4678.848875658829
0.30874659180912656,4682.466860721255
0.30860091464952044,4686.087574281508
0.30845713359679144,4689.711018571392
0.3083154766344437,4693.337195824941
0.30817617175120493,4696.96610827857
0.30803944700320884,4700.597758170095
0.3079055303807023,4704.232147740495
0.307774649969357,4707.869279232027
0.30764703381420194,4711.509154889693
0.307522910010067,4715.151776960318
0.3074024851606814,4718.797147692736
0.3072858303118761,4722.445269338363
0.3071728648526092,4726.09614415055
0.3070634704812778,4729.749774384891
0.30695752886829214,4733.406162299077
0.30685492169099665,4737.065310152625
0.3067555305660244,4740.72722020789
0.30665923713968124,4744.391894729064
0.30656592304849345,4748.059335982403
0.30647546991364744,4751.729546236344
0.3063877593326189,4755.402527761708
0.3063026729046154,4759.078282831439
0.3062200922221884,4762.7568137206035
0.30613989887411885,4766.438122706319
0.3060619744285953,4770.122212067988
0.3059862004361164,4773.8090840873865
0.30591245844645537,4777.498741048466
0.30584063003403844,4781.191185236792
0.30577059670236834,4784.886418940874
0.30570223998819396,4788.584444451026
0.30563543882935956,4792.285264059981
0.30556997909326167,4795.988880062324
0.30550544366721977,4799.695294755193
0.30544129599945585,4803.404510437701
0.30537699246396405,4807.116529411473
0.30531198943417115,4810.831353979855
0.30524574319900977,4814.548986449
0.30517771006717154,4818.269429126564
0.3051073462467072,4821.992684323224
0.30503410796328667,4825.718754351312
0.3049574513763219,4829.447641525714
0.3048768326438489,4833.179348163055
0.3047917078443191,4836.913876582746
0.30470153305268133,4840.651229106129
0.30460576429304337,4844.391408056994
0.30450385757545506,4848.134415761098
0.30439526886821444,4851.88025454647
0.30427945409542306,4855.628926743532
0.30415586914854087,4859.380434685069
0.3040239699063086,4863.134780705846
0.3038832122182743,4866.8919671426875
0.30373315088800656,4870.651996335272
0.30357393215883227,4874.414870625204
0.30340634745681017,4878.180592356031
0.30323134101227145,4881.949163874253
0.3030498572264395,4885.720587527867
0.30286284050114887,4889.494865667895
0.30267123535819385,4893.272000646914
0.30247598633557404,4897.051994820255
0.30227803804545267,4900.834850545465
0.30207833518463906,4904.620570181934
0.30187782245613426,4908.409156092038
0.3016774446741996,4912.2006106398185
0.30147814668591355,4915.994936191794
0.3012808733928391,4919.79213511685
0.3010865697532092,4923.592209786226
0.30089618080071767,4927.395162573157
0.3007106515940525,4931.200995853566
0.30053092729106995,4935.009712005041
0.30035795304856067,4938.821313408165
0.3001926741129814,4942.635802445485
0.3000360253718312,4946.453181502113
0.2998886056873231,4950.273452964602
0.2997503054015998,4954.096619222919
0.29962061028911197,4957.922682668847
0.2994989842106381,4961.751645696282
0.29938489095970916,4965.583510701894
0.29927779433462626,4969.4182800841745
0.299177158067134,4973.25595624432
0.299082445866858,4977.0965415858145
0.2989931214326317,4980.9400385140725
0.29890864839227205,4984.786449437334
0.2988284903744874,4988.635776765774
0.2987521109431704,4992.488022912357
0.29867897367200974,4996.34319029184
0.2986085420760601,5000.201281321555
0.29854027963409413,5004.062298421352
0.29847364981092767,5007.926244013248
0.29840811604125755,5011.793120521526
0.2983431417162658,5015.662930373021
0.2982781902141774,5019.535675996691
0.2982127248731263,5023.411359823956
0.2981462366302411,5027.289984288794
0.29807837297736506,5031.171551826976
0.29800894780962095,5035.056064877222
0.2979378126047737,5038.943525880316
0.29786481882672655,5042.833937279509
0.2977898179322619,5046.7273015204555
0.29771266137935914,5050.623621051052
0.297633200621798,5054.522898321446
0.2975512870845904,5058.425135784477
0.29746677219970896,5062.330335895274
0.29737950739247127,5066.238501111347
0.2972893440980591,5070.149633892264
0.29719613371232945,5074.063736700407
0.2970997276439332,5077.980812000389
0.29699997728703514,5081.900862259332
0.29689673405422456,5085.823889946343
0.2967898493164447,5089.749897533371
0.2966791744605174,5093.678887494548
0.2965645608482354,5097.610862306714
0.2964458598847364,5101.545824448314
0.29632292777553576,5105.4837764012545
0.2961957626505761,5109.424720649082
0.29606465187347814,5113.368659678141
0.2959300430821703,5117.315595976952
0.2957923918802686,5121.265532036559
0.29565215389425975,5125.218470350466
0.2955097847786557,5129.174413414519
0.29536574019665496,5133.133363727235
0.29522047586610745,5137.095323789037
0.2950744474884933,5141.060296103258
0.2949281108084835,5145.0282831754475
0.2947819215837366,5148.999287513674
0.29463633558734564,5152.973311628595
0.29449180865095914,5156.950358032647
0.29434879656951934,5160.930429241464
0.2942077551796907,5164.913527773048
0.2940691403676473,5168.899656147321
0.2939334079983295,5172.888816887152
0.29380101398289693,5176.88101251753
0.29367241422699203,5180.876245566251
0.2935480646737622,5184.874518563371
0.29342836197488203,5188.875834041387
0.29331338391404,5192.88019453517
0.29320287767757336,5196.887602582368
0.29309651945962506,5200.898060722846
0.29299398543180505,5204.9115714989375
0.29289495173706487,5208.928137455696
0.29279909453307856,5212.947761140188
0.2927060899169028,5216.970445102645
0.29261561401689634,5220.996191895212
0.29252734293087973,5225.025004072591
0.29244095273444526,5229.056884192105
0.29235611948386586,5233.091834813755
0.2922725192459221,5237.129858499678
0.292189828063083,5241.170957814556
0.29210772194296053,5245.2151353259715
0.2920258769257982,5249.262393603325
0.29194396898510433,5253.312735219268
0.2918616741220339,5257.366162748493
0.2917786683144674,5261.422678768242
0.2916946275226032,5265.482285858345
0.2916092322187407,5269.54498660113
0.29152228150411574,5273.610783581615
0.2914338086751129,5277.679679387113
0.2913439727974364,5281.75167660735
0.29125293862769674,5285.8267778349755
0.29116087094253607,5289.904985665111
0.2910679345599573,5293.986302694719
0.29097429422657073,5298.070731524481
0.2908801147784093,5302.158274756508
0.2907855610040604,5306.248934996052
0.29069079770356643,5310.342714851028
0.2905959897257977,5314.439616931144
0.2905013018531869,5318.539643849728
0.29040689895157984,5322.642798221591
0.29031294582556727,5326.749082664984
0.2902196073281189,5330.858499800228
0.29012704831229524,5334.971052250126
0.29003543361511863,5339.086742640389
0.28994492809490396,5343.205573599145
0.289855696607092,5347.327547757222
0.289767904030857,5351.452667747701
0.28968167466258776,5355.580936206383
0.2895969255775207,5359.7123557718105
0.28951336442854325,5363.846929084984
0.2894306560797913,5367.984658789402
0.2893484653735761,5372.125547531294
0.2892664571466322,5376.269597959443
0.2891842962303226,5380.416812725117
0.2891016474321941,5384.567194482381
0.28901817555485226,5388.720745887903
0.288933545417464,5392.877469600418
0.2888474217787412,5397.037368282006
0.2887594694197175,5401.200444597057
0.2886693531146487,5405.366701212426
0.2885767376205854,5409.536140797647
0.2884812876829134,5413.7087660249235
0.28838266802759704,5417.884579569347
0.28828054341188664,5422.063584107958
0.28817457853151124,5426.24578232119
0.2880644381218641,5430.431176891453
0.2879497868785168,5434.619770504167
0.28783029829022316,5438.811565847428
0.28770585530586157,5443.0065656116385
0.28757674124481974,5447.204772490226
0.287443447829315,5451.406189178702
0.2873064753545568,5455.610818376126
0.2871663241994936,5459.818662783206
0.2870234947072953,5464.029725103896
0.2868784872538994,5468.244008044631
0.2867318022185831,5472.461514314697
0.28658394000744425,5476.682246625862
0.28643540104249093,5480.906207692427
0.28628668574548594,5485.133400231525
0.2861382945561263,5489.363826962925
0.2859907279106256,5493.5974906094125
0.28584448629939607,5497.834393895753
0.28570007019289806,5502.074539549692
0.2855579800624553,5506.317930301973
0.28541871641679484,5510.564568885675
0.2852827797595953,5514.814458036748
0.2851506706233732,5519.0676004935085
0.28502288952433924,5523.32399899735
0.2848998665145182,5527.583656292207
0.28478168943510307,5531.846575124675
0.284668108927722,5536.112758244064
0.2845588101542943,5540.382208402514
0.2844534782865954,5544.654928354531
0.28435179845400194,5548.930920857903
0.2842534558249721,5553.210188672388
0.28415813549978064,5557.492734561418
0.2840655226417318,5561.778561290064
0.28397530235160573,5566.067671626808
0.28388715972812856,5570.360068343018
0.2838007799074005,5574.655754211975
0.28371584796888577,5578.95473201035
0.28363204899581396,5583.257004517579
0.28354906809104635,5587.562574515368
0.2834665903066918,5591.871444788894
0.2833843007540757,5596.183618124984
0.28330188447066845,5600.499097314168
0.2832190265169737,5604.817885149503
0.2831354119584183,5609.1399844265625
0.2830507305866852,5613.4653979438735
0.28296477523283964,5617.794128502503
0.28287752957229856,5622.126178906636
0.28278907348900595,5626.461551963007
0.28269949047719356,5630.800250480974
0.28260886401986574,5635.142277272849
0.28251727759658074,5639.487635153916
0.2824248147146476,5643.836326941797
0.2823315588569788,5648.188355457252
0.28223759352891037,5652.543723523506
0.28214300221910327,5656.90243396683
0.28204786842552065,5661.264489616225
0.28195227564496356,5665.6298933035405
0.28185630738081946,5669.998647863349
0.28176004714819375,5674.370756132734
0.2816635784348922,5678.746220952042
0.2815669847351615,5683.125045164552
0.2814703495911396,5687.507231615418
0.281373756476003,5691.892783153677
0.2812772889159016,5696.281702630494
0.2811810304039588,5700.6739929003525
0.28108505503801157,5705.0696568201365
0.28098939337434176,5709.468697249775
0.2808940341728217,5713.871117051799
0.2807989584677241,5718.276919091816
0.28070414729559434,5722.686106238325
0.2806095817056064,5727.098681362435
0.28051524274920925,5731.51464733792
0.2804211114439412,5735.934007042017
0.28032716884327474,5740.356763354326
0.2802333959900675,5744.782919157338
0.2801397739165887,5749.212477336597
0.28004628367294937,5753.645440780192
0.27995290628837205,5758.081812379405
0.27985962280735516,5762.521595028171
0.27976641425613136,5766.964791623638
0.27967326170716583,5771.411405064922
0.2795801461656867,5775.861438255073
0.2794870486780215,5780.314894099567
0.2793939502954822,5784.7717755065105
0.2793008320408961,5789.232085387361
0.27920767511832817,5793.695826656032
0.27911446374768434,5798.16300222967
0.27902118761775646,5802.633615028233
0.2789278390876486,5807.107667974386
0.27883441059879394,5811.58516399375
0.27874089458746987,5816.066106014972
0.27864728349765483,5820.550496969499
0.2785535697553424,5825.038339792081
0.2784597458327538,5829.5296374194995
0.2783658041558788,5834.02439279208
0.27827173715073555,5838.522608853305
0.2781775372818438,5843.024288548899
0.278083196982946,5847.529434827877
0.2779887086955054,5852.038050642121
0.2778940648558885,5856.550138946564
0.27779925790818416,5861.065702698974
0.27770428029651373,5865.584744860004
0.2776091244650371,5870.107268393214
0.2775137828502812,5874.633276265244
0.27741824789138864,5879.162771445703
0.27732251203856134,5883.6957569069455
0.27722657328521033,5888.232235624459
0.27713045406109793,5892.77221057652
0.2770341996600901,5897.315684744537
0.27693785937950627,5901.86266111296
0.27684148253462515,5906.413142668847
0.2767451184177998,5910.967132402586
0.2766488163392732,5915.524633307258
0.2765526256041709,5920.085648378925
0.27645659548953944,5924.650180617276
0.27636077533863307,5929.218233023764
0.2762652144232343,5933.789808603919
0.2761699620506788,5938.3649103658845
0.2760750675255859,5942.94354132077
0.2759805801650975,5947.525704482328
0.2758865492479558,5952.111402868002
0.2757930240831874,5956.700639497856
0.2757000539693519,5961.293417395092
0.275607688219937,5965.8897395855765
0.2755159761277426,5970.489609098486
0.27542496698773367,5975.093028966081
0.2753347065055339,5979.70000222359
0.2752451748502718,5984.310531909144
0.2751562379965153,5988.924621063875
0.2750677080334844,5993.542272732028
0.27497939541513433,5998.163489960925
0.2748911105961459,6002.788275800966
0.27480266404724707,6007.416633305249
0.27471386620465565,6012.048565530598
0.2746245275563374,6016.684075535983
0.2745344585433383,6021.323166384177
0.2744434696358837,6025.965841140636
0.2743513712980452,6030.6121028739435
0.274257973995458,6035.261954655734
0.27416308819291285,6039.915399560779
0.27406652435195517,6044.5724406670815
0.2739680929638463,6049.233081055135
0.2738676044915654,6053.897323808938
0.2737648694053181,6058.565172015613
0.27365969818012414,6063.236628765373
0.2735519013110638,6067.911697151119
0.2734412892904155,6072.590380269153
0.2733277222722369,6077.272681218934
0.2732112684343556,6081.958603102914
0.27309218584391387,6086.648149026652
0.2729707640885986,6091.34132209869
0.2728472927542798,6096.038125430583
0.2727220613971689,6100.738562137619
0.2725953596115505,6105.442635337555
0.2724674769667121,6110.150348151536
0.27233870304195945,6114.861703703592
0.2722093273988018,6119.576705121139
0.2720796396033789,6124.295355534645
0.27194992921121536,6129.017658077908
0.27182048580213686,6133.7436158872715
0.27169159892241607,6138.473232102648
0.2715635581172059,6143.206509867199
0.27143665294786384,6147.9434523268355
0.2713111729467031,6152.684062631057
0.2711874076618664,6157.4283439322
0.2710656466321075,6162.176299385759
0.27094617938162585,6166.927932150605
0.2708292954448701,6171.683245388502
0.270715284336375,6176.442242264649
0.2706044355855344,6181.204925947013
0.27049703868650676,6185.971299607299
0.27039338315043454,6190.741366420116
0.27029375849275694,6195.51512956288
0.2701984541906695,6200.292592216801
0.27010775974773454,6205.073757565713
0.2700219646264373,6209.858628797303
0.26994135831773064,6214.64720910188
0.2698662302835854,6219.439501673281
0.26979687000408975,6224.235509708007
0.2697335669101038,6229.035236406585
0.26967661046018676,6233.838684972265
0.26962629010309314,6238.6458586113895
0.2695828952676547,6243.456760533723
0.26954671537006336,6248.271393952464
0.26951803985095235,6253.0897620833475
0.26949715808825253,6257.911868146398
0.2694843595237149,6262.737715363517
0.2694799333913471,6267.567306961125
0.2694839885788076,6272.400646168099
0.2694959132499582,6277.237736216917
0.26951445432380083,6282.078580342826
0.2695382578577305,6286.923181784993
0.26956596996611526,6291.771543785324
0.2695962367664989,6296.623669589355
0.2696277044226951,6301.4795624455255
0.2696590191183162,6306.3392256055595
0.2696888270526533,6311.202662324733
0.26971577446389994,6316.069875861508
0.2697385076200708,6320.940869477614
0.2697556728372621,6325.815646437588
0.26976591642581127,6330.694210009946
0.26976788475082,6335.576563466233
0.2697602242205823,6340.462710080974
0.269741581245174,6345.352653132637
0.26971060230941124,6350.246395902259
0.2696659339065751,6355.143941674568
0.2696062225666235,6360.045293737719
0.26953011486698775,6364.950455383045
0.2694363232084069,6369.859429904669
0.2693245810472121,6374.772220601019
0.26919629814256785,6379.688830773028
0.26905362286858087,6384.609263725335
0.26889872128374614,6389.53352276597
0.2687337594242615,6394.461611205637
0.26856090322584064,6399.393532359321
0.2683823186041269,6404.329289544965
0.2682001714334438,6409.2688860834105
0.2680166275058613,6414.21232529928
0.26783385256200787,6419.159610520588
0.26765401228475005,6424.110745078791
0.26747927232740154,6429.065732307972
0.2673117982309646,6434.024575546553
0.267153755518942,6438.987278135586
0.2670073096269352,6443.95384341986
0.2668746259283986,6448.924274747596
0.2667578697504696,6453.898575469939
0.2666592063283256,6458.876748941815
0.26658080083825647,6463.858798521447
0.26652481773498693,6468.844727570442
0.26649287068647615,6473.834539453931
0.2664844729396671,6478.828237539772
0.2664973162065259,6483.825825200123
0.2665288211226578,6488.827305810166
0.26657640839909164,6493.832682748263
0.2666374987993509,6498.84195939655
0.2667095131779257,6503.855139140275
0.2667898724573422,6508.872225368176
0.26687599762240627,6513.893221472821
0.2669653097636273,6518.918130849721
0.26705523005182447,6523.946956897579
0.2671431797052949,6528.979703019275
0.2672265800578709,6534.016372620633
0.2673028525088759,6539.056969111292
0.2673694185764614,6544.101495903612
0.2674236998228874,6549.149956414238
0.2674631179423637,6554.202354062494
0.2674850946715162,6559.258692272191
0.2674870519068379,6564.318974469265
0.2674664115781663,6569.383204084166
0.2674206919787962,6574.451384550508
0.2673487960105627,6579.523519305254
0.2672518342931931,6584.599611788754
0.26713185662444694,6589.679665445305
0.26699093259674095,6594.763683722045
0.26683113170273115,6599.851670070268
0.2666545234053565,6604.943627944017
0.26646317705539574,6610.0395608017325
0.2662591619859878,6615.139472104338
0.2660445474155362,6620.24336531701
0.2658214025029043,6625.351243908413
0.2655917963534018,6630.4631113502455
0.265357797985612,6635.578971117793
0.2651214763203663,6640.698826690448
0.26488490023078415,6645.822681550653
0.2646501385140164,6650.9505391841185
0.26441925985338915,6656.082403080836
0.2641943328975639,6661.218276733418
0.2639774261617634,6666.358163639022
0.26377060812143954,6671.502067297598
0.2635759464664092,6676.649991212803
0.26339513659722363,6681.801938892061
0.26322851739816117,6686.957913845918
0.2630752813681416,6692.1179195892455
0.2629344596934813,6697.281959639542
0.262805083556192,6702.450037518545
0.26268618419276485,6707.622156751272
0.26257679286812907,6712.798320866437
0.2624759408859514,6717.978533396306
0.2623826595940758,6723.1627978765155
0.2622959803537134,6728.351117846859
0.2622149346053043,6733.543496849837
0.2621385537821444,6738.739938432431
0.2620658693883056,6743.940446144716
0.2619959129630045,6749.145023540323
0.2619277160715707,6754.353674176828
0.2618603103253714,6759.566401615461
0.2617927274041167,6764.783209420376
0.2617239989865284,6770.004101160208
0.2616531568329456,6775.229080406492
0.2615792327184251,6780.4581507349285
0.2615012910060946,6785.691315724862
0.26141883094528834,6790.928578958727
0.2613320255006095,6796.169944022907
0.2612413241445508,6801.415414507672
0.2611471814370519,6806.664994006626
0.26105005190893016,6811.918686117173
0.26095039008083737,6817.176494440126
0.26084865043893257,6822.438422580253
0.26074528745143266,6827.7044741460595
0.26064075557552163,6832.974652749521
0.26053550925464575,6838.248962005977
0.2604300028822394,6843.527405535075
0.26032469085423604,6848.809986959748
0.2602200275303929,6854.096709906915
0.2601164672699645,6859.387578006668
0.26001446438827286,6864.682594893164
0.259914473178007,6869.981764204394
0.2598169479256831,6875.285089581698
0.2597223428778442,6880.592574670432
0.2596311122742754,6885.9042231193
0.259543710079701,6891.220038581256
0.25946050490351613,6896.540024712314
0.25938156774233995,6901.864185172679
0.2593067245765222,6907.192523626327
0.2592357688271436,6912.525043740482
0.2591684939004294,6917.8617491865425
0.25910469321892304,6923.202643639623
0.25904416021683907,6928.5477307785595
0.258986688347341,6933.89701428564
0.258932071063591,6939.250497847008
0.2588801018069734,6944.608185153223
0.25883057408111676,6949.970079897432
0.2587832813495272,6955.33618577745
0.25873801710008004,6960.706506494824
0.25869457485228015,6966.081045754301
0.25865274810975075,6971.459807264877
0.25861233039133635,6976.842794739386
0.25857311524550924,6982.230011893947
0.25853489620526604,6987.621462448997
0.25849746683586894,6993.017150128344
0.25846062068737513,6998.41707866022
0.2584241513542585,7003.821251775966
0.2583878524184296,7009.229673211128
0.25835151748743307,7014.642346704769
0.25831494016603435,7020.059276000068
0.2582779140682483,7025.480464844251
0.2582402328483692,7030.905916987673
0.25820169014641786,7036.335636184944
0.25816207961680643,7041.769626194582
0.2581211949403447,7047.2078907786
0.25807882978635166,7052.6504337034
0.2580347778674303,7058.09725873856
0.2579888328825811,7063.548369657989
0.25794078854346963,7069.003770239648
0.2578904386125337,7074.46346426436
0.2578375768081534,7079.927455518019
0.2577819968949946,7085.3957477899385
0.2577234926674983,7090.868344872678
0.2576618578907085,7096.345250563578
0.25759688636446165,7101.826468663643
0.2575283719140092,7107.312002977384
0.257456108596721,7112.801857313409
0.2573799538708654,7118.296035484723
0.25729997684725936,7123.794541307229
0.25721641632280007,7129.2973786014645
0.25712953239194225,7134.804551191804
0.25703958514159353,7140.316062906359
0.2569468346343884,7145.831917577361
0.25685154092981444,7151.352119040694
0.2567539640651245,7156.876671136239
0.25665436405282566,7162.405577708118
0.2565530009112239,7167.938842603908
0.25645013461702576,7173.476469675712
0.25634602516183413,7179.018462778891
0.25624093249769625,7184.56482577317
0.25613511656055715,7190.115562522376
0.25602883728187376,7195.670676894073
0.25592235457665374,7201.23017275968
0.25581592834094025,7206.794053994567
0.25570981843518487,7212.362324478633
0.25560428473821,7217.934988094971
0.255499587076456,7223.512048731391
0.2553959746246826,7229.093510278903
0.255293572619503,7234.679376633092
0.25519232485078924,7240.269651693801
0.25509210599323096,7245.864339363898
0.25499278975097206,7251.463443551
0.2548942498479516,7257.066968166657
0.25479636002795836,7262.674917126103
0.25469899401485924,7268.287294349309
0.2546020255853333,7273.904103759214
0.2545053284822456,7279.525349283612
0.25440877648033294,7285.151034853919
0.25431224334179153,7290.781164406125
0.2542156028725143,7296.415741879418
0.25411872885432196,7302.0547712176485
0.25402149508715893,7307.698256368669
0.25392377538448374,7313.3462012842865
0.25382544357567177,7318.99860992008
0.25372637347108024,7324.655486236422
0.2536264389298261,7330.31683419685
0.25352551377817817,7335.982657769911
0.2534234721514968,7341.652960927293
0.25332024121738034,7347.327747645629
0.25321591789788,7353.007021904885
0.2531107316635597,7358.690787689854
0.25300492767851457,7364.379048988771
0.25289875107092213,7370.071809794292
0.25279244694687747,7375.769074103437
0.2526862604204553,7381.470845916692
0.2525804365624043,7387.177129239151
0.252475220432553,7392.887928080009
0.2523708570796399,7398.603246452401
0.2522675915341863,7404.323088373492
0.25216566879211544,7410.0474578650255
0.2520653338517125,7415.776358952446
0.2519668316717304,7421.509795665834
0.25187040722453924,7427.247772038589
0.25177630542183643,7432.990292109206
0.2516847711886189,7438.7373599197135
0.2515960494143949,7444.488979516593
0.251510384973872,7450.24515495044
0.2514280227267937,7456.00589027587
0.2513491945787445,7461.7711895518905
0.2512739920967626,7467.5410568417155
0.25120230695963597,7473.315496212407
0.25113395749786593,7479.094511735722
0.25106876123874866,7484.878107487088
0.2510065357016143,7490.666287546586
0.2509470984348747,7496.459055998162
0.2508902669838331,7502.25641693037
0.2508358589300098,7508.058374435401
0.2507836918405204,7513.864932610303
0.2507335833143104,7519.676095556039
0.2506853509661214,7525.491867377612
0.2506388124104769,7531.312252184585
0.2505937852825388,7537.137254090685
0.25055008723130706,7542.966877213883
0.2505075359197316,7548.8011256764
0.25046594903173275,7554.640003604483
0.2504251442515966,7560.4835151289535
0.2503849392825077,7566.331664384903
0.2503451518466598,7572.184455511586
0.2503055996853647,7578.04189265232
0.25026610054076426,7583.903979955028
0.25022647217894917,7589.7707215717555
0.2501865323693743,7595.642121659192
0.2501460989217595,7601.51818437765
0.2501049896356205,7607.39891389225
0.25006302233487193,7613.284314372322
0.25002001486104003,7619.1743899914145
0.24997578506648332,7625.069144927507
0.2499301508236972,7630.968583362794
0.24988293002082898,7636.872709483735
0.2498339405480206,7642.78152748156
0.24978300033884296,7648.69504155113
0.24972992731531557,7654.613255892242
0.2496745394293393,7660.536174708821
0.24961665464903438,7666.463802209093
0.24955609095885223,7672.396142605584
0.24949266634593906,7678.333200115617
0.24942619884380043,7684.27497896009
0.24935650647281674,7690.221483364901
0.2492834072724592,7696.172717560514
0.24920673293671844,7702.128685780933
0.24912645352240942,7708.089392265279
0.24904273091493692,7714.054841256659
0.24895579464305156,7720.025037003068
0.24886587488708115,7725.999983756193
0.2487732017832915,7731.979685772645
0.24867800545576735,7737.964147313422
0.24858051602082062,7743.95337264358
0.24848096355259416,7749.947366033208
0.2483795781331488,7755.946131756153
0.2482765898043823,7761.949674091113
0.24817222860211538,7767.957997320893
0.24806672452174833,7773.971105733317
0.24796030756142626,7779.989003620164
0.24785320769225855,7786.011695277688
0.24774565486046507,7792.039185006719
0.2476378789872461,7798.071477112764
0.24753010999364794,7804.108575905222
0.24742257774812487,7810.150485698794
0.24731551213686023,7816.1972108116925
0.2472091426356052,7822.248755567278
0.2471036528853138,7828.305124293426
0.24699909156046443,7834.366321322121
0.24689540736236626,7840.432350990208
0.24679253856393824,7846.503217638447
0.2466904234072167,7852.578925613119
0.24658900018269955,7858.6594792639835
0.24648820715462297,7864.74488294599
0.2463879826153496,7870.835141018057
0.24628826483336136,7876.930257844443
0.24618899211211406,7883.030237793302
0.24609010275387197,7889.135085237298
0.24599153505298751,7895.244804554035
0.24589322732756486,7901.35940012522
0.24579511788110844,7907.478876337653
0.2456971450386837,7913.603237582383
0.24559924712889122,7919.732488255004
0.2455013624884138,7925.866632755538
0.24540342945079044,7932.005675488812
0.24530538634647392,7938.149620864688
0.24520717154564092,7944.298473296684
0.2451087262246669,7950.452237203426
0.24501001854899956,7956.610917008051
0.2449110530721267,7962.774517138553
0.24481184670552872,7968.9430420269455
0.2447124164255291,7975.116496110622
0.24461277923833152,7981.294883830805
0.2445129521216114,7987.47820963396
0.24441295206044444,7993.666477971139
0.24431279605848366,7999.859693297312
0.24421250107516898,8006.057860073261
0.24411208411539392,8012.260982763244
0.24401156214208658,8018.469065837149
0.24391095215012742,8024.682113768692
0.2438102711014046,8030.9001310370495
0.2437095359852336,8037.1231221253565
0.2436087637713555,8043.351091521765
0.2435079714300684,8049.584043719138
0.24340717592104927,8055.821983215419
0.2433063942513867,8062.06491451165
0.24320564334161926,8068.312842115848
0.2431049401479043,8074.56577053911
0.24300429779886473,8080.823704297578
0.24290371865566743,8087.086647912626
0.2428031973599397,8093.354605909486
0.242702727755472,8099.627582819116
0.24260230372007027,8105.905583176431
0.24250191911656216,8112.18861152134
0.24240156781284078,8118.476672398374
0.24230124367074854,8124.769770357016
0.24220094055498023,8131.067909951522
0.24210065233530212,8137.371095740802
0.24200037288210666,8143.6793322884605
0.2419000960708536,8149.99262416264
0.24179981575324114,8156.310975937045
0.24169952581709855,8162.634392189223
0.2415992201176443,8168.962877502353
0.24149889254398482,8175.296436463505
0.24139853695043853,8181.635073665471
0.24129814722077014,8187.978793705179
0.2411977172261195,8194.327601184596
0.24109724083387524,8200.681500710733
0.24099671264727354,8207.04049689481
0.24089613365753956,8213.404594353568
0.24079551330348326,8219.773797707967
0.24069486374039817,8226.148111584473
0.24059419716794392,8232.527540613608
0.2404935257624065,8238.9120894312
0.24039286169216129,8245.301762678373
0.24029221715952645,8251.696565000055
0.24019160433683712,8258.096501046595
0.2400910353929055,8264.501575473467
0.23999052250841568,8270.91179294074
0.23989007786489305,8277.327158113152
0.23978971362271748,8283.747675660932
0.23968944197168032,8290.173350258337
0.239589275062847,8296.604186585544
0.23948922508105056,8303.040189326746
0.23938930419216378,8309.48136317135
0.23928952455628427,8315.927712813898
0.23918989834088572,8322.379242953692
0.23909043770764918,8328.835958295069
0.23899115483217065,8335.297863546737
0.23889206185795864,8341.764963423226
0.2387931709555617,8348.237262643343
0.238694494278763,8354.714765931149
0.23859604398646522,8361.197478015529
0.23849783223174437,8367.685403630441
0.23839987117495526,8374.178547514508
0.23830217295532738,8380.676914411957
0.23820474973245542,8387.180509071459
0.2381076136578949,8393.689336246684
0.23801077687734595,8400.203400696435
0.2379142515371929,8406.722707184454
0.23781804977360357,8413.247260479864
0.23772218374301987,8419.777065356131
0.2376266655872829,8426.312126591907
0.2375315074293035,8432.852448971593
0.2374367214296276,8439.398037283467
0.23734231971244485,8445.948896321679
0.237248314413453,8452.50503088524
0.2371547176776509,8459.066445777757
0.23706154162674614,8465.633145808464
0.23696879839174262,8472.20513579153
0.2368765001085718,8478.78242054589
0.23678465890072634,8485.365004895826
0.23669328690311453,8491.95289367027
0.2366023962208687,8498.546091704162
0.2365119989943543,8505.14460383654
0.23642210734064764,8511.748434911942
0.23633273337953511,8518.357589779953
0.23624388922700892,8524.972073295337
0.2361555869952653,8531.591890318134
0.2360678388143088,8538.21704571279
0.23598065678222643,8544.847544349715
0.23589405301706,8551.483391103979
0.23580803962653946,8558.12459085594
0.23572262872103825,8564.771148490996
0.23563783240924271,8571.423068899609
0.23555366279167864,8578.080356977618
0.2354701319671819,8584.74301762613
0.23538725204581357,8591.411055750992
0.23530503512944934,8598.084476263248
0.2352234933010227,8604.763284079792
0.23514263867619026,8611.447484121649
0.23506248333227897,8618.13708131605
0.23498303937285184,8624.832080594706
0.2349043188889605,8631.532486894685
0.2348263339656023,8638.23830515844
0.23474909668816624,8644.949540333666
0.23467261914671406,8651.666197373062
0.2345969134273757,8658.388281234518
0.23452199160591172,8665.115796881455
0.23444786576273266,8671.848749282444
0.23437454799145654,8678.587143410648
0.234302050343151,8685.330984245798
0.23423038491852524,8692.080276771405
0.23415956377359518,8698.835025977347
0.23408959898398038,8705.595236858331
0.23402050262345903,8712.360914414225
0.23395228675540042,8719.13206365041
0.2338849634477443,8725.908689577398
0.23381854476229294,8732.69079721112
0.23375304275898526,8739.47839157287
0.233688469506575,8746.271477688828
0.2336248370612426,8753.070060590711
0.23356215746660455,8759.874145316076
0.2335004427921542,8766.683736906969
0.23343970508411988,8773.498840411245
0.2333799563974963,8780.319460881828
0.23332120877895793,8787.145603377132
0.233263474268992,8793.977272961174
0.2332067649189529,8800.814474702938
0.2331510927718549,8807.65721367687
0.23309646987089827,8814.505494962683
0.2330429082488054,8821.359323645782
0.23299041994486502,8828.218704816747
0.2329390169985248,8835.083643571405
0.23288871143873768,8841.954145011212
0.23283951529886399,8848.830214242862
0.23279144060388884,8855.71185637869
0.23274449939169686,8862.59907653588
0.23269870367050888,8869.49187983797
0.23265406547844586,8876.390271412994
0.2326105966233877,8883.294256394824
0.23256829582466682,8890.203839922802
0.2325271287705422,8897.119027141494
0.23248703922419411,8904.039823201447
0.23244796922441816,8910.966233257841
0.23240986079183149,8917.898262472012
0.23237265596502682,8924.83591601061
0.23233629679847387,8931.77919904537
0.23230072534132473,8938.728116753839
0.23226588364806894,8945.682674319252
0.2322317137955437,8952.642876929884
0.2321981578553807,8959.608729779804
0.23216515791950254,8966.580238068165
0.23213265606409592,8973.557407000411
0.23210059439419312,8980.540241787003
0.23206891501825003,8987.528747643928
0.23203756005030354,8994.522929792733
0.23200647161636684,9001.522793460319
0.23197559183327274,9008.528343879761
0.23194486285109112,9015.539586288927
0.23191422680442714,9022.556525931916
0.231883625859066,9029.579168057642
0.23185300216328802,9036.60751792138
0.23182229789449926,9043.641580783391
0.23179145522115033,9050.681361910036
0.23176041633664407,9057.72686657276
0.2317291234360831,9064.778100048628
0.23169751870784627,9071.835067620934
0.231665544373825,9078.897774577792
0.2316331426429112,9085.966226213528
0.231600255744881,9093.04042782777
0.2315668259156193,9100.120384725733
0.23153279538658944,9107.206102218795
0.23149810642714466,9114.29758562295
0.23146270127058308,9121.394840261277
0.23142652220928883,9128.497871460982
0.23138951149967274,9135.60668455619
0.2313516114403815,9142.721284885716
0.23131276430896341,9149.841677794971
0.23127291241892353,9156.96786863424
0.23123199807330208,9164.099862759975
0.23118996358793917,9171.23766553434
0.23114675129572274,9178.381282324865
0.23110230352763267,9185.530718505091
0.23105656263387328,9192.685979453921
0.23100947095438445,9199.847070556661
0.23096097086526154,9207.01399720347
0.2309110047197631,9214.186764791262
0.2308595149157889,9221.365378721544
0.23080644382427176,9228.549844402663
0.230751733856626,9235.740167247764
0.23069532740370463,9242.936352676688
0.23063716689478758,9250.13840611412
0.23057719474498878,9257.346332991154
0.23051535338266216,9264.560138744726
0.23045158525783593,9271.77982881712
0.2303858328191126,9279.005408656634
0.23031803852422497,9286.23688371745
0.23024814484426925,9293.47425945943
0.23017609425743407,9300.71754134828
0.23010182924484285,9307.96673485584
0.23002529231577193,9315.221845459086
0.2299464259678074,9322.48287864143
0.22986517270997736,9329.7498398923
0.22978147507954455,9337.02273470628
0.22969527561268022,9344.30156858392
0.22960651683405278,9351.586347032557
0.22951514131340656,9358.87707556432
0.22942109160904436,9366.173759697682
0.2293243102867237,9373.476404957237
0.22922473994268372,9380.785016872676
0.2291223231535007,9388.099600980524
0.22901700252003346,9395.42016282299
0.22890872066742338,9402.746707947495
0.22879742020129182,9410.079241908321
0.22868304375996434,9417.417770265049
0.22856553397694232,9424.762298583624
0.22844483350804493,9432.112832435549
0.2283208850064379,9439.46937739867
0.22819363115181734,9446.831939056192
0.2280630146046722,9454.200522998364
0.22792897807702578,9461.57513482
0.22779146424931035,9468.955780123164
0.22765041584106457,9476.342464515106
0.2275057755694106,9483.735193609342
0.22735748615741616,9491.133973025655
0.22720549035691598,9498.538808389138
0.22704973090296843,9505.949705331797
0.2268901505718653,9513.366669490631
0.22672669211702068,9520.789706509739
0.22655929832691893,9528.21882203859
0.22638791199411856,9535.654021732727
0.226212475917371,9543.095311253886
0.22603293290167215,9550.542696270124
0.22584922577682598,9557.996182455066
0.2256612973706984,9565.455775488745
0.22546909052778696,9572.921481057107
0.22527254810101993,9580.393304852223
0.225071612951799,9587.871252572357
0.22486622795413824,9595.355329921844
0.22465633599673376,9602.845542610921
0.22444187997071596,9610.341896356225
0.2242228027840142,9617.844396880337
0.22399911367297454,9625.353049912217
0.22377126656169397,9632.867861186782
0.22354022761966683,9640.388836444734
0.22330709695978235,9647.915981433667
0.223072974696519,9655.449301906836
0.2228389607667192,9662.98880362366
0.22260615492085112,9670.534492350274
0.22237565676088092,9678.086373858014
0.22214856568083968,9685.644453925497
0.22192598092693924,9693.208738336645
0.22170900154632556,9700.779232882316
0.2214987264288741,9708.355943358878
0.22129625427018554,9715.938875569416
0.22110268359113383,9723.52803532323
0.22091911274322648,9731.123428435416
0.2207466398797879,9738.725060727968
0.2205863629935198,9746.332938028423
0.22043937987565956,9753.947066171293
0.22030678815348528,9761.567450996743
0.22018968526556693,9769.194098351265
0.22008915555754538,9776.827014088263
0.22000574816786891,9784.466204066834
0.21993879942110384,9792.111674152482
0.21988690778135342,9799.763430216932
0.219848624516119,9807.42147813865
0.21982250113790153,9815.085823801983
0.21980708938905483,9822.756473097485
0.21980094123265043,9830.433431922538
0.2198026088753282,9838.116706180623
0.2198106447601549,9845.806301781386
0.2198236015574857,9853.502224641108
0.21984003217381684,9861.204480682576
0.21985848976663497,9868.91307583435
0.2198775277192844,9876.628016031653
0.2198956996498179,9884.349307216364
0.2199115594198468,9892.076955336766
0.21992366114939402,9899.810966346653
0.21993055916576082,9907.551346207467
0.21993080806236376,9915.298100886428
0.2199229626715963,9923.051236357183
0.2199055780676788,9930.810758599837
0.2198773407414437,9938.576673600524
0.21983776988775133,9946.348987353225
0.21978731961305853,9954.127705856685
0.21972667751682087,9961.912835117273
0.2196565312673372,9969.704381147163
0.21957756841289502,9977.50234996514
0.21949047638337416,9985.306747596804
0.21939594250381056,9993.117580074018
0.2192946539879943,10000.934853434987
0.21918729792610928,10008.758573724801
0.2190745613062506,10016.588746994646
0.21895713099210237,10024.425379302551
0.21883569374045717,10032.268476712794
0.2187109361789302,10040.118045296796
0.2185835448393555,10047.974091131811
0.21845420612953784,10055.836620301725
0.21832360633088943,10063.705638897443
0.21819243161589627,10071.581153016306
0.2180613680437289,10079.46316876202
0.2179311015558657,10087.351692244722
0.21780231346345566,10095.24672958166
0.21767551946762426,10103.148286896423
0.21755087277245688,10111.056370319147
0.21742831244090297,10118.970985986507
0.217307764826107,10126.89214004228
0.21718915630701785,10134.819838636395
0.21707241327065313,10142.754087925443
0.21695746211018233,10150.694894072902
0.21684422923680127,10158.64226324873
0.21673264107188686,10166.596201629593
0.21662262404114727,10174.55671539926
0.21651410460220277,10182.523810747389
0.21640700921314385,10190.497493870542
0.21630126433457245,10198.477770972524
0.21619679644929204,10206.464648263665
0.2160935320662481,10214.458131960248
0.21599139768132986,10222.458228286185
0.2158903198225423,10230.464943471463
0.21579022500887604,10238.478283753717
0.21569103979542298,10246.498255376526
0.2155926907440131,10254.524864590196
0.21549510441936395,10262.558117652181
0.21539820740869162,10270.598020826394
0.21530192629633293,10278.644580384242
0.21520618770678399,10286.697802602834
0.21511091825588535,10294.757693766689
0.21501604457627665,10302.824260167134
0.21492149331353133,10310.897508102375
0.21482719113204324,10318.977443877182
0.2147330647072654,10327.064073803125
0.21463904071991777,10335.157404198966
0.21454504587550638,10343.257441389875
0.21445100688294444,10351.364191708202
0.21435685046822667,10359.477661493092
0.21426250337251843,10367.597857090437
0.21416789235025255,10375.724784852944
0.21407294415946646,10383.858451140673
0.21397758558127006,10391.998862320332
0.2138817434218032,10400.146024764781
0.21378534447154543,10408.299944854942
0.21368831555192838,10416.460628978246
0.21359058434064557,10424.628083528538
0.21349210590226086,10432.80231490777
0.2133928933569784,10440.983329523078
0.21329299303000365,10449.171133790464
0.21319245309176954,10457.36573413185
0.2130913217041231,10465.56713697577
0.21298964699520245,10473.77534875879
0.21288747711156694,10481.990375923519
0.2127848601698895,10490.212224920324
0.21268184429553197,10498.440902205948
0.21257847759550258,10506.676414244404
0.2124748081700041,10514.918767506686
0.21237088410278168,10523.167968471262
0.21226675349380825,10531.424023622487
0.21216246439768005,10539.6869394532
0.2120580648909288,10547.956722462266
0.21195360303350622,10556.233379155601
0.2118491268515067,10564.516916047498
0.21174468441009303,10572.80733965735
0.211640323723238,10581.10465651306
0.2115360928112904,10589.408873149321
0.21143203539543975,10597.71999610771
0.2113281706974063,10606.03803193677
0.21122449179035122,10614.362987192906
0.21112098583994368,10622.694868438643
0.21101763998853246,10631.03368224459
0.21091444139994342,10639.379435187813
0.21081137722698617,10647.732133853042
0.21070843463438907,10656.091784831808
0.2106056007873415,10664.458394722797
0.2105028628457896,10672.83197013224
0.2104002079816062,10681.212517673235
0.21029762336905447,10689.600043965906
0.21019509616767082,10697.99455563847
0.21009261356985923,10706.39605932507
0.20999016273619645,10714.804561668432
0.2098877308601175,10723.220069317387
0.20978530512227558,10731.642588928384
0.20968287270007818,10740.072127165531
0.20958042079046751,10748.508690699491
0.20947793657765842,10756.952286208714
0.20937540737682622,10765.402920379169
0.20927282431126445,10773.860599903064
0.20917018622805944,10782.325331481024
0.20906749630402885,10790.797121820362
0.20896475792992592,10799.275977635587
0.20886197448452554,10807.761905649066
0.20875914935353465,10816.254912590342
0.20865628592390872,10824.755005196188
0.20855338758761893,10833.262190210291
0.20845045771523993,10841.776474384666
0.20834749970499358,10850.297864477498
0.2082445169224079,10858.82636725569
0.20814151276439816,10867.361989492267
0.20803849059897817,10875.904737968754
0.2079354538217414,10884.454619472883
0.2078324057975272,10893.011640801042
0.20772934991309044,10901.575808756254
0.20762628954700332,10910.147130149126
0.20752322808093024,10918.725611797476
0.20742016887898954,10927.311260527455
0.2073171153346494,10935.904083171354
0.20721407051139754,10944.504086570088
0.20711103586870447,10953.111277571543
0.20700801118237044,10961.725663030818
0.20690499584895616,10970.347249811199
0.20680198928196547,10978.97604478281
0.20669899088379198,10987.612054823681
0.2065960000625523,10996.25528681916
0.2064930162246088,11004.905747662162
0.20639003877457404,11013.563444253257
0.20628706711904357,11022.228383500522
0.20618410066659204,11030.900572319475
0.2060811388259055,11039.580017633112
0.20597818099461868,11048.266726372633
0.20587522659096072,11056.960705475929
0.20577227502024154,11065.661961888816
0.20566932568232016,11074.370502565162
0.20556637799204394,11083.086334465803
0.205463431351372,11091.809464559712
0.20536048517352143,11100.53989982302
0.20525753886254902,11109.277647239847
0.2051545918273423,11118.022713801642
0.2050516433938464,11126.775106508067
0.2049486927566602,11135.534832366062
0.20484573904104206,11144.301898389593
0.2047427813374497,11153.076311601864
0.20463981877166926,11161.858079032387
0.2045368504474794,11170.647207719167
0.20443387547992953,11179.443704707526
0.2043308929842438,11188.247577050352
0.20422790206291863,11197.058831808923
0.20412490183523593,11205.877476051608
0.20402189140959734,11214.703516854905
0.20391886989643784,11223.536961303114
0.20381583641557943,11232.377816487791
0.20371279006863102,11241.226089509144
0.2036097299849707,11250.08178747385
0.20350665526107495,11258.944917497824
0.20340356501566653,11267.81548670407
0.20330045836947938,11276.69350222304
0.2031973344214208,11285.57897119414
0.2030941922981021,11294.471900763443
0.20299103152425374,11303.372298085396
0.20288785375929821,11312.280170322214
0.2027846628175802,11321.195524644336
0.2026814629716024,11330.118368229352
0.20257825847469757,11339.048708263545
0.20247505359942253,11347.986551940154
0.2023718525955253,11356.931906461297
0.2022686597283055,11365.88477903639
0.20216547925669348,11374.845176882898
0.2020623154387271,11383.813107226211
0.2019591725297279,11392.788577299787
0.2018560547895851,11401.771594344747
0.20175296646273005,11410.76216561098
0.20164991181816455,11419.760298355133
0.20154689510578722,11428.765999842397
0.20144392056915097,11437.779277346483
0.20134099247269627,11446.800138148035
0.2012381150563461,11455.828589536737
0.2011352925754479,11464.86463880967
0.20103252928442092,11473.908293271697
0.20092982920324115,11482.959560237072
0.20082719132792448,11492.01844702621
0.20072460489795915,11501.084960969185
0.2006220541075409,11510.159109402786
0.2005195229108787,11519.240899673312
0.20041699529269408,11528.330339134032
0.20031445522845653,11537.4274351467
0.20021188669885434,11546.532195081121
0.20010927368619433,11555.644626315341
0.2000066001780183,11564.764736235498
0.19990385016710766,11573.892532235735
0.1998010076496875,11583.028021718264
0.1996980566182418,11592.171212093863
0.19959498107592225,11601.322110781224
0.1994917650329441,11610.480725206897
0.19938839248683643,11619.64706280647
0.19928484746197028,11628.821131022625
0.19918111396287796,11638.002937307272
0.19907717601734143,11647.192489119676
0.19897301763873015,11656.389793928149
0.19886862285828838,11665.594859208668
0.19876398221726477,11674.807692445322
0.19865911805402858,11684.028301131042
0.19855408415160578,11693.256692766861
0.1984489404304769,11702.492874861831
0.19834374679994277,11711.736854933013
0.1982385631366824,11720.988640506868
0.1981334493346939,11730.248239116729
0.1980284652428095,11739.515658305725
0.19792367072708295,11748.79090562395
0.19781912561905604,11758.073988630662
0.19771488974068868,11767.364914893555
0.19761102291498167,11776.663691987838
0.19750758492859186,11785.970327498228
0.1974046355833585,11795.284829016382
0.19730223462875493,11804.60720414437
0.19720044185064345,11813.937460490219
0.19709931697183883,11823.275605672628
0.19699891974256586,11832.621647316926
0.19689930986948695,11841.975593058156
0.19680054705999256,11851.33745053939
0.19670268769444682,11860.70722741168
0.19660571523274942,11870.084931335095
0.19650947755785905,11879.470569977782
0.19641375395643315,11888.864151016976
0.1963183211699348,11898.265682137837
0.19622295598747244,11907.675171033916
0.19612743523534992,11917.092625407982
0.19603153580541416,11926.518052970614
0.19593503462696346,11935.951461441477
0.1958377086880226,11945.392858548388
0.19573933502664853,11954.842252027556
0.19563969071874765,11964.299649624476
0.19553855290283148,11973.765059092746
0.19543569876957034,11983.238488194256
0.19533090554611673,11992.719944700255
0.19522395052608654,12002.209436389878
0.19511461104509462,12011.706971051168
0.19500266448966466,12021.212556480892
0.19488788829910228,12030.726200484398
0.19477005996911054,12040.247910875314
0.19464895703187376,12049.777695476809
0.1945243932853468,12059.315562119837
0.19439635080178516,12068.861518644238
0.19426497379513064,12078.415572899194
0.19413043657385173,12087.977732741332
0.19399291338019536,12097.548006037377
0.19385257843892836,12107.126400661917
0.19370960593629125,12116.71292449792
0.19356416999731255,12126.307585438444
0.19341644473267927,12135.910391384263
0.19326660420558342,12145.52135024513
0.19311482243859313,12155.140469939715
0.19296127342222263,12164.767758395028
0.19280613109404426,12174.403223547673
0.19264956936803965,12184.046873342311
0.19249176210680086,12193.698715732997
0.19233288314564764,12203.35875868196
0.19217310626661455,12213.027010160971
0.19201260521908944,12222.703478150474
0.19185155372140664,12232.38817063913
0.19169012543148048,12242.0810956256
0.19152849416179615,12251.782261116085
0.19136683704245502,12261.491675127203
0.19120533729596662,12271.209345683304
0.19104418108575608,12280.935280817788
0.19088355462270676,12290.669488573812
0.19072364409497136,12300.411977002426
0.19056463563018253,12310.16275416441
0.19040671532445255,12319.921828128949
0.19025006922174734,12329.68920697459
0.1900948833257544,12339.46489878877
0.18994134359806072,12349.248911667804
0.1897896359529401,12359.041253717172
0.18963994626576666,12368.841933051077
0.18949246035760345,12378.650957793356
0.18934736402229987,12388.468336075926
0.18920484299240284,12398.29407604054
0.18906508295267907,12408.128185838632
0.18892826958066294,12417.97067362833
0.18879458846012784,12427.821547579268
0.18866422515555575,12437.680815869342
0.18853736517972303,12447.548486685504
0.18841415069376624,12457.424568223476
0.18829453218770087,12467.309068688637
0.18817828012203677,12477.201996295371
0.18806513328558241,12487.103359266948
0.18795483051587253,12497.013165836557
0.1878471107313166,12506.93142424541
0.18774171289260458,12516.858142744737
0.18763837602475214,12526.793329595062
0.18753683923066847,12536.736993064964
0.18743684164257474,12546.689141434052
0.1873381224859823,12556.649782989618
0.1872404210294487,12566.618926028956
0.18714347660823033,12576.596578858465
0.18704702862440833,12586.582749793426
0.1869508165286089,12596.577447159181
0.1868545798486172,12606.580679289618
0.1867580581627286,12616.592454528489
0.1866609911216438,12626.61278122833
0.18656311843021436,12636.641667751403
0.18646417986262642,12646.679122468935
0.18636392206448846,12656.725153762132
0.1862622174776637,12666.779770020708
0.18615915846109185,12676.842979644636
0.18605494158108477,12686.914791042374
0.18594976655402978,12696.995212632399
0.18584383305188354,12707.084252842593
0.1857373407037141,12717.181920109935
0.18563048908727506,12727.288222880918
0.185523477733886,12737.403169611345
0.18541650612002547,12747.526768766915
0.18530977368216292,12757.659028822382
0.18520347980337312,12767.799958262192
0.18509782382151818,12777.949565580107
0.18499300502417015,12788.107859279426
0.18488922265015936,12798.274847872948
0.18478667588451128,12808.450539883408
0.18468556387321478,12818.634943842533
0.18458608571483207,12828.828068291168
0.1844884404373002,12839.029921781137
0.18439282704073945,12849.240512872868
0.1842994444604199,12859.459850136143
0.18420844780031329,12869.68794215061
0.18411980759285526,12879.92479750601
0.18403332537694406,12890.170424801256
0.18394877449170816,12900.424832644698
0.1838659283262896,12910.68802965455
0.18378456032490467,12920.960024458771
0.1837044439869688,12931.240825695078
0.1836253528737767,12941.530442010393
0.18354706059549292,12951.82888206161
0.18346934081948438,12962.136154515263
0.18339196726224752,12972.45226804816
0.18331471371574112,12982.777231345532
0.18323735400491337,12993.111053103552
0.18315966202222772,13003.453742027712
0.183081411714677,13013.805306833321
0.1830023770904456,13024.165756245027
0.18292233219941936,13034.535098998249
0.1828410511692562,13044.913343836935
0.18275830816140134,13055.30049951615
0.18267387741855767,13065.696574799333
0.1825875332125875,13076.101578461374
0.1824990499000916,13086.515519285484
0.1824082018752411,13096.938406065648
0.18231476359435933,13107.370247605682
0.18221850957602823,13117.81105271895
0.18211921439306836,13128.2608302288
0.18201665267429318,13138.719588968628
0.18191059911274926,13149.187337781283
0.18180082844310858,13159.66408552065
0.18168711548560523,13170.149841048838
0.18156923508613088,13180.644613239783
0.1814469621763548,13191.148410975922
0.18132007173007667,13201.661243150433
0.18118833878279902,13212.183118666479
0.1810515384366781,13222.71404643661
0.18090944583963722,13233.254035384161
0.1807618362113301,13243.803094441719
0.18060848481421668,13254.361232552965
0.1804491669875433,13264.928458670638
0.1802836581200518,13275.504781757914
0.18011173372938366,13286.090210788007
0.17993327585808613,13296.684754744503
0.17974859457185205,13307.288422620426
0.1795583819288028,13317.9012234201
0.17936339035776874,13328.523166156087
0.17916437206227676,13339.154259853163
0.17896207908095998,13349.794513545037
0.1787572632551488,13360.443936275673
0.17855067622691756,13371.102537099834
0.1783430694641584,13381.770325081277
0.1781351942172259,13392.447309295592
0.1779278015678316,13403.13349882729
0.17772164239841998,13413.828902771122
0.17751746738074264,13424.53353023345
0.1773160270229441,13435.247390329037
0.17711807160904064,13445.970492184688
0.1769243512585775,13456.70284493561
0.17673561586467632,13467.444457729222
0.17655261515355902,13478.195339721628
0.17637609863374154,13488.95550008048
0.17620681562870172,13499.724947983348
0.1760454926893426,13510.503692617036
0.17589250187994762,13521.291743180667
0.1757476313864944,13532.089108882637
0.17561041101120994,13542.895798941627
0.17548036436446915,13553.711822587098
0.17535701518401944,13564.537189058536
0.17523988731805368,13575.371907606663
0.17512850475978686,13586.215987490956
0.1750223915884459,13597.069437983702
0.1749210720381224,13607.932268365856
0.17482407045591974,13618.804487928955
0.1747309112960179,13629.686105976263
0.17464111916191635,13640.577131819875
0.17455421875226254,13651.47757478412
0.1744697349170484,13662.387444202115
0.17438719260349722,13673.306749419124
0.17430611690444198,13684.235499789695
0.17422603302133105,13695.17370467982
0.17414646628929603,13706.12137346558
0.1740669421649935,13717.078515533743
0.1739869862676047,13728.045140281984
0.1739061610813194,13739.021257117904
0.17382417012709264,13750.006875460527
0.1737408396439296,13761.002004738875
0.17365601429615807,13772.006654393224
0.17356953879589238,13783.020833874225
0.17348125789692975,13794.044552643118
0.17339101639791227,13805.077820171442
0.17329865912237824,13816.120645942785
0.17320403095583342,13827.173039450317
0.1731069768211602,13838.23501019791
0.1730073416740997,13849.306567700867
0.1729049705248695,13860.387721484476
0.17279970841210662,13871.478481085725
0.17269140042447098,13882.578856052174
0.17257989170376725,13893.688855941125
0.17246502741741138,13904.808490321659
0.1723466527738792,13915.93776877422
0.17222461304879613,13927.076700888221
0.17209875352073445,13938.225296266712
0.17196891956001736,13949.383564520343
0.1718349687940723,13960.55151527328
0.1716969370063726,13971.729158159847
0.17155514503087307,13982.91650282458
0.17141003544441769,13994.113558923058
0.17126205330763797,14005.320336123168
0.17111164358833045,14016.536844102142
0.1709592511201349,14027.763092548852
0.1708053206175336,14038.999091163365
0.17065029668319306,14050.244849656196
0.17049462379256694,14061.500377749313
0.17033874630277052,14072.765685175762
0.1701831084583837,14084.040781678981
0.17002815437459018,14095.325677013954
0.1698743280460332,14106.620380946932
0.16972207335110176,14117.924903254996
0.1695718340456644,14129.239253726373
0.16942405377035946,14140.563442159786
0.1692791760278178,14151.897478366347
0.16913764422000957,14163.241372166889
0.16899990160595885,14174.5951333948
0.16886639117868402,14185.958771893529
0.16873746283711993,14197.332297518107
0.1686131255835467,14208.715720134845
0.16849309944282767,14220.109049621224
0.16837706353676046,14231.512295865325
0.1682646970540649,14242.925468768035
0.16815567929831282,14254.348578239518
0.16804968963586442,14265.781634202613
0.1679464075318383,14277.224646590827
0.16784551253387442,14288.677625349206
0.16774668427826023,14300.140580434065
0.16764960249157596,14311.613521812711
0.16755394698045933,14323.09645946436
0.1674593976481126,14334.589403378948
0.16736563447664843,14346.092363558397
0.1672723375465432,14357.605350015236
0.16717918701455722,14369.128372774187
0.1670858631316961,14380.661441871194
0.16699204624335515,14392.204567352986
0.1668974167732061,14403.757759278396
0.16680165523964255,14415.3210277174
0.16670445366591158,14426.894382751632
0.16660565822194184,14438.477834474468
0.1665053547221296,14450.071392989892
0.16640372775425588,14461.675068413502
0.16630096369164096,14473.288870874
0.1661972488870807,14484.912810509419
0.16609276961531552,14496.54689747098
0.16598771211709684,14508.191141920335
0.16588226256966962,14519.845554031435
0.16577660709992123,14531.510143989974
0.16567093179307651,14543.184921992382
0.16556542267205943,14554.869898247269
0.1654602657076807,14566.565082975088
0.16535564682293005,14578.270486407691
0.16525175189286775,14589.986118788016
0.1651487667226033,14601.711990372136
0.16504687708813318,14613.448111426156
0.1649462686953219,14625.19449222893
0.16484712720027644,14636.951143071135
0.16474963821652588,14648.718074254304
0.1646539870953102,14660.495296092296
0.16456028084878685,14672.282818910791
0.16446835197934362,14684.080653047356
0.1643778062710126,14695.888808850828
0.16428821922193595,14707.707296682642
0.16419916646736823,14719.536126914601
0.16411022373777545,14731.375309932178
0.16402096690116286,14743.224856131756
0.16393097194440426,14755.08477592144
0.1638398149691171,14766.955079721633
0.16374707220057694,14778.835777964545
0.1636523199879231,14790.726881093977
0.16355513479424846,14802.628399566249
0.1634550932127211,14814.540343848992
0.16335177194945333,14826.462724422428
0.16324474784104762,14838.395551778129
0.16313359783604997,14850.338836420447
0.16301789902255265,14862.292588864268
0.16289722858374805,14874.256819638658
0.16277116385430565,14886.23153928272
0.1626392822702028,14898.216758349026
0.16250119337173038,14910.212487401124
0.1623569082493384,14922.21873701584
0.16220704485106033,14934.23551778069
0.16205246220647068,14946.262840296291
0.16189402301758835,14958.300715175194
0.16173258973843893,14970.34915304224
0.16156902458460984,14982.408164533588
0.1614041895099805,14994.477760298632
0.16123894622628426,15006.557950998851
0.16107415620690793,15018.648747306921
0.160910680660852,15030.750159908848
0.16074938055932633,15042.862199502142
0.1605911166140081,15054.984876797353
0.16043674929647492,15067.118202516616
0.16028713882923937,15079.262187393855
0.16014314516554085,15091.416842176965
0.16000562802710022,15103.582177624856
0.1598754468768104,15115.758204509048
0.15975346092256704,15127.944933613722
0.1596405291323315,15140.142375734187
0.15953750927253582,15152.350541680113
0.1594449967113699,15164.569442272386
0.15936270673666245,15176.799088343862
0.1592896465007373,15189.039490741334
0.15922473391142117,15201.290660322147
0.1591668871669383,15213.55260795772
0.1591150247929567,15225.825344531071
0.1590680656276806,15238.108880937554
0.159024928811186,15250.403228086263
0.15898453382099773,15262.708396896975
0.15894580042638343,15275.024398303778
0.1589076487295236,15287.35124325224
0.158868999147833,15299.688942700217
0.15882877240190893,15312.037507619441
0.15878588954685557,15324.396948993064
0.158739271947631,15336.767277817271
0.15868784128518598,15349.148505101328
0.15863051957376592,15361.54064186582
0.1585662291251167,15373.94369914586
0.15849389259372476,15386.357687987605
0.15841243293963903,15398.782619450936
0.15832082677202805,15411.218504607572
0.1582186756481092,15423.6653545425
0.15810649935610416,15436.123180354169
0.15798516921964662,15448.591993152357
0.1578555611725648,15461.07180406017
0.1577185508919896,15473.562624213608
0.1575750137937609,15486.064464762085
0.15742582505001942,15498.577336866632
0.1572718595624168,15511.101251701937
0.15711399197832965,15523.636220455388
0.1569530966876467,15536.182254327075
0.15679004782370662,15548.73936452953
0.15662571924218846,15561.307562290025
0.15646098456756183,15573.886858846367
0.15629671714164275,15586.47726545074
0.15613379005074368,15599.078793368171
0.15597307612521105,15611.69145387611
0.1558154479293778,15624.31525826515
0.1556617777570525,15636.950217839896
0.15551293765983726,15649.596343916131
0.15536979850101143,15662.253647824522
0.1552330386991442,15674.922140907325
0.15510271833531608,15687.601834520554
0.15497841291079686,15700.29274003318
0.15485964029046762,15712.99486882829
0.15474591850540542,15725.708232299909
0.1546367657068388,15738.432841856833
0.1545317001990542,15751.168708920484
0.15443024042467646,15763.91584492603
0.1543319049784787,15776.674261321154
0.15423621259539774,15789.443969566899
0.15414268215755458,15802.224981137202
0.1540508326823057,15815.017307520182
0.1539601833400837,15827.820960216777
0.15387025345460587,15840.635950740058
0.15378056247068117,15853.462290618634
0.15369063000444436,15866.299991392458
0.15359997580440582,15879.149064615583
0.15350811976655185,15892.009521855463
0.15341458193188112,15904.881374693188
0.1533188825014444,15917.76463472175
0.15322056828612152,15930.659313549511
0.15311947630687014,15943.56542279739
0.1530158583113205,15956.482974098819
0.15291011884966474,15969.41197910238
0.1528026641571486,15982.352449468803
0.15269390033749355,15995.304396872747
0.15258423336808463,16008.267833002816
0.15247406911583047,16021.242769559765
0.15236381330350715,16034.229218259628
0.152253871548361,16047.227190830516
0.15214464932581714,16060.236699015632
0.15203655200800847,16073.257754569815
0.15192998482353687,16086.290369262879
0.15182535288263707,16099.334554877954
0.15172306117030596,16112.39032321181
0.1516235145447774,16125.457686075033
0.15152711774795496,16138.536655290787
0.15143427537864276,16151.62724269746
0.15134539192025967,16164.729460146573
0.1512608717339822,16177.843319502736
0.15118111822935051,16190.9688326452
0.15110639994445002,16204.106011466065
0.1510365696679765,16217.254867872454
0.15097116295262417,16230.415413783558
0.15090967987262424,16243.587661134557
0.15085162068079605,16256.771621872329
0.15079648576911048,16269.96730795845
0.1507437756782046,16283.17473136928
0.150692991122704,16296.393904093153
0.1506436329505337,16309.624838134023
0.1505952021788008,16322.867545508661
0.1505471999702817,16336.122038248526
0.15049912765212398,16349.388328398141
0.15045048669236413,16362.666428017455
0.15040077873837016,16375.956349178077
0.15034950556308388,16389.258103968335
0.15029616912187818,16402.571704488502
0.1502402715133013,16415.897162853696
0.15018131499116788,16429.23449119347
0.15011880197793542,16442.583701650277
0.1500522350373471,16455.944806382016
0.14998114314574026,16469.317817559655
0.14990532455246036,16482.702747368894
0.1498249519281104,16496.099608009252
0.14974033065136538,16509.508411694667
0.14965176730007806,16522.929170653373
0.1495595683650012,16536.36189712686
0.1494640402273959,16549.806603372177
0.14936548918766573,16563.263301659397
0.14926422143514656,16576.732004274356
0.1491605430858297,16590.212723514982
0.14905476013392663,16603.705471695877
0.1489471785012926,16617.210261143908
0.1488381039968644,16630.727104201655
0.14872784234257655,16644.256013225386
0.1486166991575958,16657.797000586375
0.14850497997766374,16671.350078668867
0.148392990223785,16684.915259873153
0.14828103523195088,16698.4925566132
0.14816942024388385,16712.081981316784
0.14805845038748602,16725.683546427997
0.14794843025953078,16739.297264402914
0.14783960372109164,16752.92314771399
0.1477320350775516,16766.561208848325
0.14762565524227422,16780.21146030539
0.14752038105780835,16793.87391460167
0.1474161294121434,16807.548584266704
0.14731281720909709,16821.235481845462
0.14721036138509827,16834.934619896983
0.14710867890149704,16848.646010994875
0.14700768674332823,16862.369667727617
0.14690730192064125,16876.105602698648
0.14680744147238722,16889.853828525967
0.14670802246772904,16903.61435784176
0.1466089619996694,16917.38720329288
0.14651017717871007,16931.172377542105
0.1464115851584685,16944.96989326532
0.14631310309864265,16958.779763155224
0.1462146482110365,16972.601999916813
0.14611613771108142,16986.436616271792
0.14601748885106589,17000.2836249561
0.14591861890995808,17014.143038720427
0.14581944907281894,17028.014870330546
0.14571993789958604,17041.899132566898
0.14562009452024008,17055.795838224876
0.14551994528937207,17069.705000115355
0.14541951670315903,17083.626631062703
0.14531883522902758,17097.56074390832
0.14521792734874822,17111.507351506392
0.1451168195128105,17125.4664667283
0.14501553818346002,17139.438102458626
0.1449141098043064,17153.422271597614
0.14481256080918056,17167.418987060846
0.14471091762212696,17181.42826177945
0.14460920666999333,17195.450108698347
0.1445074543622358,17209.484540778132
0.14440568709597015,17223.531570995223
0.1443039312710556,17237.59121234002
0.14420221326743662,17251.66347781915
0.14410055946148445,17265.7483804542
0.14399899622847318,17279.845933280856
0.14389754991748352,17293.9561493519
0.1437962468090977,17308.079041734127
0.14369510513169195,17322.214623509855
0.14359412023780893,17336.362907776725
0.14349327093875297,17350.523907647654
0.14339253441324518,17364.69763625129
0.14329188785243252,17378.88410673114
0.14319130845240347,17393.08333224621
0.1430907734154527,17407.295325971078
0.14299025995507317,17421.520101095317
0.1428897452847653,17435.757670824794
0.14278920663670577,17450.00804837965
0.14268862124061762,17464.27124699638
0.14258796633869988,17478.54727992659
0.14248721917694604,17492.836160437848
0.14238635701383445,17507.13790181275
0.14228535711166032,17521.45251734976
0.1421841967452136,17535.78002036229
0.14208285318941885,17550.120424180117
0.1419813037267794,17564.473742148963
0.14187952565848602,17578.839987628933
0.14177749628466924,17593.219173996295
0.1416751962946077,17607.611314643334
0.1415726369648398,17622.01642297791
0.14146986986487797,17636.434512423777
0.14136695973829488,17650.865596419975
0.1412639713914113,17665.309688421083
0.14116096960293187,17679.766801898106
0.14105801913129207,17694.236950338076
0.14095518471951926,17708.720147243122
0.14085253108906312,17723.21640613085
0.14075012292876604,17737.725740536036
0.14064802491441625,17752.248164008783
0.1405463017050246,17766.7836901142
0.14044501792448583,17781.332332434762
0.14034423818962308,17795.89410456739
0.1402440270772339,17810.469020127028
0.14014444916548738,17825.057092742165
0.14004556899248072,17839.65833605885
0.13994745107814158,17854.27276373922
0.13985015992903888,17868.900389460396
0.1397537600201323,17883.54122691645
0.13965831522957098,17898.195289817522
0.1395638380612114,17912.86259188867
0.13947020047723702,17927.54314687317
0.13937717559915044,17942.236968528727
0.13928452744595685,17956.944070629987
0.13919202011945805,17971.664466967464
0.1390994178007277,17986.398171347755
0.1390064847466041,18001.145197594138
0.13891298529462667,18015.905559546205
0.13881868386434168,18030.67927105957
0.1387233449561988,18045.46634600583
0.13862673314804705,18060.266798273
0.1385286130940509,18075.080641766057
0.1384287495356081,18089.907890405513
0.13832690728344632,18104.74855812965
0.1382228512477145,18119.60265889082
0.13811634639852122,18134.47020665979
0.1380071577936252,18149.35121542352
0.1378950505797049,18164.24569918422
0.13777978996855797,18179.153671962304
0.13766114126946946,18194.0751477929
0.13753888988594462,18209.010140729108
0.13741299165446422,18223.95866483982
0.13728362102349068,18238.920734211064
0.13715102101810853,18253.896362944135
0.13701543490510018,18268.885565159308
0.1368771058908658,18283.888354991257
0.13673627708569072,18298.904746592627
0.13659319152853983,18313.934754131522
0.13644809216445344,18328.978391794022
0.1363012218621961,18344.035673782637
0.13615282341175783,18359.106614316006
0.13600313951481016,18374.19122763014
0.13585241279638452,18389.28952797711
0.13570088578594783,18404.401529627576
0.13554880095371458,18419.527246866142
0.13539640065887343,18434.66669399741
0.1352439272022806,18449.81988534031
0.13509162278765194,18464.986835231834
0.13493972953554173,18480.167558026304
0.1347884894913903,18495.362068094008
0.13463814401160953,18510.57037982302
0.13448888963717118,18525.792507617058
0.13434080500640763,18541.028465899377
0.1341938880951736,18556.278269107395
0.13404812986816342,18571.54193169728
0.13390352129973923,18586.819468141763
0.13376005336349334,18602.11089293111
0.1336177170392004,18617.41622057239
0.13347650331164704,18632.7354655893
0.13333640316025702,18648.06864252366
0.13319740757524867,18663.41576593365
0.13305950754035484,18678.77685039582
0.1329226940581335,18694.151910501856
0.13278695811204258,18709.540960863265
0.13265229070665396,18724.944016106987
0.13251868284238505,18740.361090877646
0.1323861255166833,18755.792199838197
0.1322546097423282,18771.237357667396
0.13212412652683947,18786.696579061972
0.13199466687708272,18802.16987873678
0.1318662218106701,18817.657271423195
0.13173878234569014,18833.15877187007
0.13161233949845477,18848.674394844333
0.13148688429487018,18864.204155129635
0.13136240775794,18879.748067527704
0.1312389009145921,18895.306146857853
0.13111635479906786,18910.878407956312
0.13099476044386632,18926.46486567724
0.1308741088842853,18942.06553489255
0.1307543911584258,18957.68043049191
0.13063559831395494,18973.309567381526
0.13051772138781886,18988.952960487044
0.13040075143554541,19004.610624749894
0.13028467949972278,19020.282575131114
0.13016949664149607,19035.96882660757
0.13005519390911083,19051.669394175788
0.12994176236934715,19067.38429284817
0.12982919307724172,19083.113537656624
0.1297174771018695,19098.85714364965
0.12960660550842723,19114.61512589428
0.12949656936719484,19130.387499475284
0.12938735975464294,19146.17427949472
0.12927896773894484,19161.975481074172
0.12917138441007178,19177.791119350677
0.12906460083858254,19193.62120948195
0.12895860811792886,19209.46576664138
0.12885339732886464,19225.324806022127
0.12874895956612445,19241.198342834177
0.12864528592065683,19257.086392306257
0.1285423674896165,19272.98896968481
0.1284401953708272,19288.906090234697
0.12833876066721278,19304.837769238613
0.12823805448237685,19320.78402199768
0.1281380679228227,19336.74486383133
0.12803879210566835,19352.72031007592
0.12794021813770298,19368.710376087653
0.12784233713304452,19384.715077240995
0.12774514021752123,19400.734428927295
0.12764861851326614,19416.768446556634
0.12755276313874864,19432.817145558627
0.1274575652274412,19448.88054137981
0.12736301590805799,19464.95864948584
0.1272691063155338,19481.051485360418
0.1271758275866418,19497.159064505722
0.127083170860001,19513.281402442604
0.12699112727717712,19529.418514710487
0.1268996879903199,19545.570416865998
0.12680884413925114,19561.737124486335
0.12671858687875479,19577.918653166067
0.12662890736656113,19594.115018517914
0.1265397967535676,19610.326236174616
0.12645124620995407,19626.552321785257
0.12636324688929984,19642.793291020054
0.1262757899612051,19659.04915956661
0.1261888665960695,19675.319943131246
0.12610246796835492,19691.60565743862
0.12601658524792606,19707.906318233312
0.12593120961738502,19724.22194127748
0.1258463322547514,19740.55254235297
0.12576194434644952,19756.898137259806
0.1256780370808196,19773.258741816768
0.12559460164596914,19789.634371861983
0.1255116292351746,19806.02504325234
0.1254291110436488,19822.43077186381
0.12534703827392701,19838.85157359061
0.1252654021304795,19855.287464345718
0.1251841938079054,19871.738460063316
0.1251034045274758,19888.20457669337
0.12502302549093294,19904.685830207614
0.1249430479180865,19921.182236595152
0.1248634630264152,19937.69381186452
0.12478426203215999,19954.2205720442
0.12470543616317599,19970.762533180692
0.12462697664501322,19987.31971134012
0.12454887470521181,20003.892122608173
0.12447112157971157,20020.479783088944
0.12439370850003996,20037.08270890682
0.12431662671358941,20053.70091620348
0.12423986744950202,20070.334421142987
0.12416342196556608,20086.983239905312
0.1240872814992182,20103.64738869275
0.12401143730906855,20120.326883724727
0.12393588064723524,20137.021741241
0.12386060276999145,20153.731977500793
0.12378559493776566,20170.457608782708
0.12371084841408139,20187.198651384788
0.12363635446767993,20203.955121624145
0.12356210436828385,20220.727035837554
0.12348808938237721,20237.514410382588
0.12341430079542211,20254.317261634038
0.12334072987907437,20271.135605988453
0.12326736791973604,20287.969459860586
0.12319420619848238,20304.81883968602
0.12312123601006299,20321.683761918408
0.12304844864075604,20338.564243032608
0.12297583538630096,20355.46029952261
0.12290338754662257,20372.371947901793
0.1228310964184741,20389.299204704337
0.12275895331226608,20406.24208648259
0.1226869495289456,20423.20060981049
0.12261507638206723,20440.174791280726
0.12254332518518707,20457.16464750607
0.1224716872539722,20474.170195119426
0.12240015391039506,20491.19145077312
0.12232871647435807,20508.228431140204
0.12225736627625791,20525.28115291265
0.12218609463920811,20542.349632804006
0.12211489289890967,20559.433887546795
0.12204375239736479,20576.533933892486
0.12197266446410734,20593.649788615025
0.12190162044334162,20610.781468507404
0.1218306116855801,20627.928990381784
0.12175962953411378,20645.092371071965
0.12168866534272318,20662.27162743112
0.1216177104631902,20679.46677633346
0.12154675626089187,20696.677834671664
0.12147579408987116,20713.904819360752
0.12140481531673349,20731.14774733509
0.12133381131233086,20748.406635548836
0.12126277344037323,20765.68150097828
0.12119169308436781,20782.972360617583
0.12112056161654865,20800.279231483073
0.12104937041652652,20817.602130611387
0.12097811087127923,20834.94107505885
0.12090677436275979,20852.296081903638
0.12083535229061153,20869.667168242042
0.1207638360381193,20887.0543511938
0.12069221700934897,20904.457647896917
0.12062048660233705,20921.87707551095
0.12054863621735384,20939.31265121662
0.12047665726615664,20956.76439221393
0.12040454115553562,20974.23231572462
0.12033227929863421,20991.716438990912
0.12025986311289034,21009.216779275524
0.12018728401798695,21026.733353862015
0.12011453343278755,21044.266180055638
0.12004160279274911,21061.815275180117
0.11996848351817953,21079.380656582733
0.11989516704700569,21096.96234162984
0.11982164481226107,21114.560347709707
0.11974790825742457,21132.174692230445
0.1196739488200826,21149.80539262251
0.11959975795030772,21167.452466336093
0.11952532709637391,21185.115930842883
0.11945064770986492,21202.79580363578
0.11937571124872902,21220.492102228214
0.11930050916609466,21238.204844156215
0.11922503293467035,21255.93404697421
0.11914927401016583,21273.679728260795
0.11907322386887888,21291.441905613407
0.11899687398129646,21309.220596651667
0.11892021582225679,21327.015819016502
0.11884324087094666,21344.827590370005
0.11876594061191256,21362.655928395143
0.11868830652596728,21380.50085079745
0.11861033011040353,21398.362375301618
0.11853200285171885,21416.240519655687
0.11845331624582811,21434.135301628645
0.11837426179602868,21452.046739009988
0.11829483099890209,21469.974849612358
0.11821501536647648,21487.91965126803
0.11813480640809809,21505.881161831287
0.11805419563045852,21523.859399179295
0.11797317455266855,21541.85438120967
0.11789173469720436,21559.866125841152
0.11780986758390223,21577.894651015056
0.11772756473899325,21595.939974694084
0.1176448176930925,21614.002114862433
0.11756161797820305,21632.0810895263
0.11747795713271894,21650.1769167131
0.11739382669143902,21668.289614473324
0.11730921820453853,21686.419200877266
0.11722412321561296,21704.565694018278
0.11713853327067769,21722.72911201228
0.11705243992911266,21740.909472995372
0.11696583474673589,21759.10679512626
0.11687870927881355,21777.321096586707
0.11679105509495638,21795.55239557864
0.11670286375925852,21813.80071032719
0.11661412684221925,21832.06605907925
0.11652483591974529,21850.34846010334
0.1164349825652377,21868.647931691165
0.11634455836344605,21886.964492155283
0.11625355489958414,21905.298159830512
0.1161619637554042,21923.648953075302
0.11606977662661089,21942.01689026894
0.11597698896799508,21960.40198981302
0.11588360449958995,21978.80427013219
0.11578963185134511,21997.223749671975
0.11569507993243403,22015.6604469023
0.11559995765861977,22034.114380314157
0.11550427394437084,22052.58556842002
0.11540803768523435,22071.074029757743
0.1153112577960333,22089.57978288395
0.11521394316973482,22108.102846380334
0.11511610270485745,22126.643238850073
0.11501774529275126,22145.200978919514
0.11491887982735312,22163.776085236485
0.11481951519153345,22182.368576472643
0.11471966026782136,22200.978471322225
0.11461932394324369,22219.605788500383
0.11451851508890978,22238.250546746935
0.11441724257848453,22256.91276482393
0.11431551528622004,22275.592461515236
0.11421334207532531,22294.289655628767
0.11411073181152945,22313.004365994442
0.11400770170688265,22331.736611465203
0.11390431954659533,22350.486410917074
0.113800708633156,22369.253783248925
0.11369700554350864,22388.038747382074
0.11359334680159158,22406.841322261684
0.11348986888192023,22425.661526855416
0.11338670820951462,22444.49938015287
0.11328400114161229,22463.354901169463
0.11318188400024817,22482.22810894077
0.11308049304149566,22501.119022527142
0.11297996447076725,22520.027661012013
0.11288043444465787,22538.95404350095
0.11278203905751351,22557.89818912425
0.11268491435857407,22576.860117034095
0.11258919633950117,22595.83984640625
0.11249502093244237,22614.83739644123
0.11240252403091171,22633.852786360017
0.11231184145643719,22652.8860354099
0.11222310898989267,22671.93716285965
0.11213646235053566,22691.00618800259
0.11205203581916864,22710.093130154295
0.1119699172947328,22729.19800865561
0.1118900961725892,22748.320842868226
0.11181250514561031,22767.46165218056
0.11173707381261606,22786.620456002565
0.11166373179656987,22805.79727376776
0.11159240874084793,22824.99212493466
0.11152303432530035,22844.205028983866
0.11145553824836267,22863.43600542105
0.11138985023840023,22882.685073775552
0.11132590005936546,22901.952253598472
0.11126361748637435,22921.23756446753
0.11120293233488578,22940.54102598237
0.1111437744400495,22959.86265776761
0.11108607366894296,22979.202479471074
0.11102975991590054,22998.560510764168
0.1109747630959855,23017.936771343662
0.11092101315907418,23037.33128092919
0.1108684400786388,23056.744059264878
0.1108169738573919,23076.175126118636
0.11076654452544031,23095.624501282262
0.11071708213657795,23115.09220457253
0.11066851677672118,23134.578255829616
0.11062077855739418,23154.08267491807
0.11057379761669311,23173.605481726903
0.11052750412117883,23193.146696169308
0.11048182826683237,23212.706338182263
0.11043670027349221,23232.284427727747
0.11039205038954206,23251.88098479216
0.11034780889658496,23271.496029384976
0.11030390609179586,23291.129581542493
0.11026027231584806,23310.781661322548
0.11021683792133155,23330.45228881023
0.11017353330251484,23350.141484112697
0.11013028886843838,23369.84926736403
0.11008703506893205,23389.57565872054
0.11004370236773586,23409.32067836574
0.11000022127219916,23429.08434650489
0.10995652230457016,23448.866683369928
0.10991253601778464,23468.66770921758
0.10986819299825887,23488.48744432818
0.10982342441514455,23508.325909007417
0.10977817817530622,23528.183123585706
0.10973243656741465,23548.059108419075
0.10968620108391897,23567.95388388668
0.10963947418114928,23587.86747039435
0.10959225831831425,23607.799888372698
0.1095445559611765,23627.751158275474
0.10949636956084985,23647.721300584053
0.10944770158144916,23667.710335802418
0.10939855447337422,23687.718284462004
0.10934893069816749,23707.745167117242
0.10929883270918311,23727.791004348757
0.1092482629571174,23747.855816763164
0.10919722390010905,23767.939624990737
0.10914571799270709,23788.042449686887
0.10909374768037576,23808.164311534278
0.10904131541875987,23828.30523123902
0.10898842365533815,23848.465229533787
0.10893507484316982,23868.644327175345
0.10888127142624072,23888.842544947518
0.1088270158559418,23909.05990365814
0.10877231057916559,23929.29642414088
0.10871715803740471,23949.5521272562
0.10866156068136361,23969.827033888178
0.10860552095359997,23990.121164947508
0.1085490412940148,24010.434541371378
0.1084921241516977,24030.76718412048
0.10843477196577964,24051.119114182606
0.10837698717546627,24071.490352571516
0.10831877222185357,24091.880920326323
0.1082601295451908,24112.290838511773
0.10820106158578885,24132.720128218014
0.10814157077585017,24153.168810562798
0.10808165955671821,24173.636906687963
0.1080213303634418,24194.124437762002
0.10796058562931761,24214.6314249798
0.10789942779222746,24235.157889561066
0.10783785928195892,24255.703852752908
0.10777588253287933,24276.26933582768
0.10771349997579151,24296.854360084297
0.10765071404154902,24317.458946847706
0.10758752716285676,24338.0831174683
0.10752394176524961,24358.726893323972
0.10745996027791783,24379.390295818288
0.10739558512919316,24400.073346380916
0.10733081874564764,24420.776066467974
0.10726566355299422,24441.4984775619
0.10720012197339224,24462.240601172365
0.10713419643532646,24483.002458833893
0.10706788936012977,24503.78407210843
0.10700120316917404,24524.585462584524
0.10693414028297059,24545.406651877463
0.10686670312295753,24566.247661628735
0.10679889411328093,24587.108513505256
0.10673071566559363,24607.989229203104
0.10666217020141443,24628.88983044331
0.10659326013781507,24649.810338973977
0.10652398789010677,24670.750776570232
0.10645435587540476,24691.711165033397
0.10638436650549775,24712.691526192575
0.10631402219575735,24733.691881902967
0.1062433253588998,24754.712254046837
0.10617227840499012,24775.752664533946
0.10610088374943553,24796.81313529952
0.10602914379611486,24817.89368830809
0.10595706095867981,24838.99434554931
0.1058846376428084,24860.115129041154
0.10581187626038503,24881.25606082713
0.1057387792126787,24902.41716297996
0.10566534890892547,24923.598457597946
0.1055915877504091,24944.79996680806
0.1055174981454779,24966.02171276285
0.10544308249453517,24987.263717643444
0.10536834319974883,25008.526003658015
0.10529328266416058,25029.808593041616
0.10521790328464733,25051.111508057955
0.1051422074651143,25072.4347709965
0.10506619760066739,25093.778404175744
0.10498987609079503,25115.142429940817
0.10491324533321378,25136.526870664322
0.1048363077203715,25157.93174874764
0.10475906565170649,25179.357086618103
0.1046815215178851,25200.80290673222
0.104603677713058,25222.269231573635
0.10452553663135064,25243.756083653272
0.10444710066250147,25265.26348551057
0.10436837219797093,25286.79145971237
0.10428935362657918,25308.340028853727
0.1042100473379906,25329.90921555725
0.10413045572009885,25351.499042473584
0.10405058115816213,25373.1095322819
0.10397042604001243,25394.740707688674
0.10388999275170761,25416.392591428346
0.10380928367320776,25438.065206264906
0.10372830119569106,25459.758574987594
0.10364704769298827,25481.472720417325
0.10356552555359254,25503.207665400183
0.10348373715126963,25524.96343281339
0.10340168487441113,25546.74004555901
0.10331937109497463,25568.537526570522
0.10323679819091508,25590.355898809048
0.10315396854529289,25612.1951852622
0.10307088452735859,25634.055408948872
0.10298754851834133,25655.93659291378
0.10290396288654045,25677.838760232717
0.10282013001049368,25699.76193400778
0.1027360522609628,25721.70613737072
0.10265173200609232,25743.671393482873
0.10256717162336851,25765.65772553168
0.10248237347483606,25787.665156736504
0.10239733993613694,25809.693710342435
0.10231207337260435,25831.74340962492
0.1022265761495129,25853.814277888516
0.1021408506337729,25875.906338466193
0.10205489919137005,25898.01961471964
0.10196872418566928,25920.154130039886
0.1018823279825054,25942.309907846007
0.10179571294085393,25964.48697158751
0.10170888142216233,25986.68534474259
0.10162183579033227,26008.905050817455
0.10153457840157365,26031.14611334893
0.10144711161624234,26053.408555902108
0.10135943779375936,26075.69240207094
0.10127155928587792,26097.99767548051
0.10118347845184973,26120.324399783516
0.10109519764746273,26142.672598662117
0.10100671922505279,26165.042295828513
0.1009180455377073,26187.43351502413
0.1008291789392554,26209.846280019312
0.10074012177840297,26232.280614614938
0.1006508764087816,26254.736542640043
0.10056144517472458,26277.214087955283
0.10047183042882481,26299.713274449015
0.10038203451772107,26322.234126039977
0.10029205978878271,26344.776666676284
0.10020190858344666,26367.34092033725
0.1001115832521975,26389.92691102959
0.10002108613293549,26412.534662792452
0.09993041957508085,26435.16419969196
0.09983958591383134,26457.81554582715
0.0997485874950533,26480.488725324565
0.09965742665372988,26503.18376234301
0.09956610573630566,26525.90068106822
0.09947462707257694,26548.63950571967
0.09938299300378849,26571.400260544608
0.09929120586775061,26594.182969820347
0.09919926799556275,26616.987657856
0.09910718172478632,26639.814348989315
0.09901494938873673,26662.663067588706
0.0989225733156798,26685.53383805434
0.09883005584113723,26708.426684814833
0.09873739929557086,26731.341632329706
0.09864460600685517,26754.278705089484
0.09855167830355027,26777.237927615
0.09845861851244708,26800.2193244579
0.09836542896345782,26823.222920199172
0.09827211197901342,26846.248739451945
0.09817866988629302,26869.296806858765
0.09808510500663528,26892.367147094017
0.09799141966610955,26915.459784861414
0.09789761618251813,26938.57474489724
0.09780369688081565,26961.712051966715
0.09770966407608353,26984.871730868123
0.09761552009215578,27008.053806428357
0.097521267238526,27031.258303506424
0.09742690768430111,27054.485246992408
0.09733244334378291,27077.734661807623
0.09723787600959034,27101.006572903236
0.09714320746281942,27124.301005263045
0.09704843948865885,27147.617983901077
0.09695357386994899,27170.95753386274
0.09685861238719076,27194.31968022529
0.09676355682415304,27217.704448096192
0.09666840895985922,27241.11186261515
0.09657317057579289,27264.541948952447
0.09647784344870296,27287.994732310854
0.09638242935859073,27311.47023792375
0.09628693008073005,27334.96849105709
0.09619134739840478,27358.489517005746
0.0960956830798393,27382.033341099883
0.09599993890602913,27405.59998869829
0.09590411664769595,27429.189485193594
0.09580821808432877,27452.801856007598
0.09571224498121181,27476.437126597484
0.0956161991199763,27500.095322448047
0.09552008696631263,27523.776469079665
0.09542393592412737,27547.48059204284
0.09532779311783342,27571.207716919154
0.09523170914378211,27594.957869324608
0.09513573458726092,27618.731074904492
0.09503991999967483,27642.52735933923
0.09494431592444363,27666.346748337623
0.09484897286717549,27690.189267644564
0.094753941325436,27714.05494303381
0.094659271762891,27737.943800314228
0.0945650146319703,27761.85586532423
0.09447122035353658,27785.79116393672
0.09437793933092684,27809.74972205622
0.09428522194602561,27833.73156561918
0.09419311855380771,27857.736720595887
0.0941016794947565,27881.765212987004
0.09401095507931151,27905.81706882752
0.09392099559640661,27929.89231418554
0.09383185131963419,27953.99097515973
0.0937435724940635,27978.113077882645
0.09365620934320003,28002.258648519688
0.09356981206973623,28026.427713268662
0.09348443085244743,28050.620298360573
0.09340011585002926,28074.836430058633
0.0933169171941554,28099.076134660376
0.09323488500023018,28123.339438494688
0.09315406935737355,28147.626367924186
0.09307452033148803,28171.936949345043
0.09299628796983862,28196.271209185426
0.0929194222933721,28220.629173907582
0.09284397330283133,28245.010870006416
0.09276999097491188,28269.416324010504
0.09269752526606546,28293.84556248101
0.09262662610638009,28318.29861201351
0.09255734340567015,28342.77549923669
0.09248972705497131,28367.276250811134
0.09242382691435017,28391.800893433217
0.09235969282962926,28416.34945383072
0.0922973746164027,28440.921958767
0.0922369220752144,28465.518435037025
0.09217838497560371,28490.13890947171
0.09212181307504716,28514.78340893267
0.09206725609696548,28539.451960318187
0.09201476374964847,28564.14459055873
0.09196438571412466,28588.861326619826
0.09191617165699707,28613.602195498148
0.09187017120927314,28638.367224227855
0.09182643398976707,28663.15643987467
0.0917850095869636,28687.969869540357
0.09174594757635032,28712.807540357826
0.09170929750004723,28737.66947949674
0.09167510888337498,28762.555714159724
0.09164343122504526,28787.466271584744
0.09161431400768168,28812.401179041888
0.09158780668200595,28837.360463837987
0.09156395868412118,28862.34415331213
0.09154281941895878,28887.352274840116
0.0915244382790468,28912.384855829172
0.09150886462346197,28937.441923723673
0.09149614779208821,28962.523506002224
0.09148633710559603,28987.62963017672
0.0914794727820985,29012.760323794108
0.09147543925355378,29037.915614436934
0.09147385558111246,29063.095529721584
0.09147421884448932,29088.30009729881
0.09147602292923056,29113.52934485658
0.09147876195708375,29138.783300114854
0.09148193026741108,29164.061990830494
0.09148502243234252,29189.36544479338
0.09148753324194189,29214.693689830798
0.09148895771935628,29240.046753803566
0.09148879111122865,29265.424664608254
0.09148652889310242,29290.827450175882
0.0914816667643326,29316.25513847352
0.09147370065273867,29341.70775750331
0.09146212671326187,29367.185335302733
0.09144644132812198,29392.6878999446
0.09142614110996608,29418.215479535953
0.09140072289154609,29443.768102221533
0.09136968374084245,29469.345796179772
0.09133252094700382,29494.94858962664
0.09128873209807352,29520.57651081038
0.0912379176799273,29546.229588018345
0.09118009367813688,29571.907849572774
0.09111564808924619,29597.611323830428
0.09104502807601819,29623.340039183648
0.09096868059518899,29649.094024063084
0.0908870524129688,29674.87330693297
0.0908005900900106,29700.677916294968
0.09070973999168383,29726.50788068553
0.0906149482805065,29752.36322867777
0.09051666091898175,29778.24398888114
0.09041532366946131,29804.15018994146
0.09031138209622178,29830.08186054005
0.09020528156310308,29856.039029394044
0.09009746722969049,29882.021725258062
0.08998838405487851,29908.02997692375
0.08987847680480825,29934.06381321627
0.08976819003361798,29960.123263000365
0.08965796810168365,29986.208355175568
0.08954825516666097,30012.319118677988
0.08943949518043849,30038.45558248207
0.08933212343285578,30064.617775596143
0.08922644080301946,30090.805727067298
0.08912252602854778,30117.01946597895
0.08902035908854876,30143.259021451355
0.08891991752361438,30169.524422641316
0.08882117888250073,30195.815698742997
0.08872412072576306,30222.132878986777
0.0886287206214139,30248.4759926406
0.08853495614566423,30274.845069010364
0.08844280488942892,30301.240137437468
0.0883522444496613,30327.66122730126
0.08826325243297849,30354.10836801853
0.08817580645710568,30380.581589042922
0.08808988414656684,30407.080919866516
0.08800546314274904,30433.60639001616
0.08792252108739289,30460.158029058868
0.08784103563481475,30486.73586659914
0.0877609844561892,30513.339932276212
0.08768234522166293,30539.970255770062
0.0876050956196816,30566.626866795923
0.08752921334127221,30593.309795108915
0.08745467609219006,30620.019070500708
0.0873814615900566,30646.75472279938
0.08730954755298381,30673.51678187401
0.08723891171737709,30700.30527762942
0.08716953182655159,30727.120240008848
0.08710138563358706,30753.961698993524
0.08703445089921016,30780.829684603756
0.08696870540030126,30807.724226895672
0.08690412691573447,30834.645355965884
0.0868406932384269,30861.593101948354
0.08677838217109138,30888.567495015097
0.08671717152694929,30915.568565375954
0.08665703912198383,30942.59634328197
0.08659796279539264,30969.650859018162
0.08653992038351117,30996.73214291155
0.08648288973674094,31023.840225327272
0.08642684872024164,31050.97513666698
0.08637177520058355,31078.13690737362
0.08631764706121664,31105.325567926895
0.08626444219193699,31132.541148846016
0.08621213849240912,31159.783680689252
0.08616071387217233,31187.05319405398
0.08611014625414401,31214.34971957506
0.08606041356483002,31241.673287928425
0.08601149374832122,31269.023929826537
0.08596336475022043,31296.40167602357
0.08591600453232533,31323.806557311225
0.08586939106355258,31351.238604521033
0.08582350232413267,31378.69784852337
0.08577831630491589,31406.18432022735
0.08573381100041996,31433.698050584015
0.08568996442554244,31461.239070580403
0.08564675459538432,31488.807411245885
0.08560415954403654,31516.403103646393
0.0855621573037382,31544.026178891556
0.0855207259305811,31571.67666812618
0.0854798434774418,31599.354602538922
0.0854394880203513,31627.060013353796
0.08539963763215382,31654.79293183882
0.08536027040469403,31682.55338929948
0.08532136442730653,31710.341417080977
0.08528289104701565,31738.157046571414
0.08524479676211252,31766.000309194307
0.08520700691971664,31793.871236416875
0.08516944388266427,31821.769859745684
0.085132030051844,31849.696210726484
0.08509468786207906,31877.65032094564
0.08505733978146585,31905.632222031163
0.08501990831828792,31933.641945650328
0.08498231601758707,31961.679523510033
0.08494448545568208,31989.74498735935
0.08490633924982538,32017.83836898643
0.08486780004997006,32045.95970022105
0.08482879054291956,32074.10901293373
0.08478923345440634,32102.286339034596
0.08474905154362108,32130.4917104752
0.08470816760598154,32158.725159248155
0.08466650447315671,32186.986717387183
0.08462398501719426,32215.276416965127
0.08458053213821665,32243.594290098798
0.08453606878087613,32271.940368943535
0.08449051792273471,32300.314685696365
0.08444380257498113,32328.717272596878
0.08439584579064835,32357.148161924022
0.08434657065575203,32385.60738599886
0.08429590029204986,32414.09497718438
0.0842437578604701,32442.610967884022
0.08419006655908075,32471.155390541906
0.08413474961495233,32499.72827764677
0.08407773030050861,32528.329661726264
0.08401893192265396,32556.95957534959
0.08395827782076934,32585.61805112922
0.08389569137487954,32614.30512171825
0.08383109599888863,32643.02081981251
0.08376441514737601,32671.76517814806
0.08369557230748974,32700.538229504054
0.08362449100101225,32729.340006703147
0.08355109479652932,32758.170542605978
0.08347530728717044,32787.02987011924
0.083397052109533,32815.91802219011
0.08331625293627387,32844.835031807976
0.08323283359299315,32873.7809320049
0.0831467663409932,32902.75575585377
0.08305819410757123,32931.75953647316
0.08296740123854117,32960.79230702109
0.0828746910438898,32989.85410069804
0.08278036668460273,33018.94495075018
0.08268473118861906,33048.064890463225
0.08258808743604444,33077.21395316704
0.08249073816774324,33106.39217223291
0.08239298597593846,33135.59958107743
0.08229513331875526,33164.83621315693
0.08219748250286348,33194.10210197357
0.08210033569932317,33223.397281070094
0.08200399492892459,33252.72178403495
0.08190876207798241,33282.07564449659
0.08181493888172924,33311.45889612922
0.08172282693678493,33340.87157264896
0.08163272769381638,33370.31370781625
0.08154494246469181,33399.78533543281
0.08145977241057119,33429.28648934656
0.08137751855496382,33458.81720344712
0.08129847052253147,33488.377511669074
0.08122277518604673,33517.96744798741
0.08115036295484292,33547.58704642496
0.08108107783278284,33577.23634104577
0.08101476246466766,33606.91536595818
0.08095125956837582,33636.62415531474
0.0808904119375099,33666.36274331108
0.08083206243623177,33696.13116418811
0.08077605400581325,33725.92945222976
0.08072222965947541,33755.75764176456
0.08067043248632799,33785.61576716449
0.080620505646222,33815.50386284701
0.08057229237627944,33845.42196327278
0.08052563598704149,33875.37010294675
0.08048037985992738,33905.34831641978
0.08043636745633248,33935.35663828501
0.08039344230732111,33965.39510318135
0.080351448016265,33995.46374579397
0.08031022826920739,34025.56260084914
0.08026962682005728,34055.69170311959
0.08022948749644826,34085.851087423696
0.08018965420235653,34116.04078862429
0.08014997091749299,34146.26084162845
0.08011028169605534,34176.51128138772
0.080070430662915,34206.79214290039
0.08003026202073296,34237.103461209015
0.0799896200474248,34267.445271400735
0.07994834909106949,34297.81760860999
0.0799062935834226,34328.22050801262
0.07986329801943486,34358.6540048342
0.07981920697717053,34389.118134343225
0.07977386510758842,34419.612931853764
0.07972711713330982,34450.13843272705
0.07967880785761201,34480.69467236762
0.07962878215296149,34511.28168622778
0.07957688497000236,34541.89950980473
0.0795229613356737,34572.54817864051
0.07946685634751532,34603.227728324855
0.07940841518263024,34633.938194491915
0.07934748308880964,34664.67961282363
0.07928390539348178,34695.45201904648
0.07921753387967723,34726.25544893267
0.07914829583326335,34757.08993830271
0.07907622986069043,34787.95552302096
0.07900141737916401,34818.8522389998
0.07892394037429552,34849.780122198805
0.07884388080067821,34880.73920862026
0.07876132056228718,34911.729534317856
0.07867634153455737,34942.7511353884
0.07858902554984126,34973.804047976475
0.07849945440306633,35004.8883082729
0.07840770984794261,35036.00395251659
0.07831387360134066,35067.15101699289
0.07821802734325835,35098.329538032995
0.07812025271366367,35129.53955201507
0.07802063130936282,35160.78109536675
0.07791924469459822,35192.05420456054
0.07781617439289719,35223.35891611628
0.07771150188706369,35254.69526660195
0.07760530862351263,35286.063292631836
0.0774976760060379,35317.463030869425
0.07738868545514455,35348.89451802365
0.07727842953731234,35380.357790852984
0.07716703696787255,35411.852886160355
0.07705466485751138,35443.37984079952
0.07694147366358989,35474.9386916716
0.07682762377025851,35506.52947572312
0.07671327547613425,35538.152229951884
0.07659858901083154,35569.80699140011
0.07648372451898218,35601.493797160816
0.07636884207122278,35633.212684374055
0.07625410166169055,35664.963690227065
0.07613966320068395,35696.74685195829
0.0760256865310461,35728.562206849805
0.07591233140563901,35760.40979223707
0.07579975750916043,35792.28964550048
0.07568812444535418,35824.201804069235
0.07557759173699433,35856.146305422786
0.07546831883188343,35888.123187088306
0.07536046509798526,35920.13248664256
0.07525418983059531,35952.17424170814
0.07514965223908465,35984.24848995969
0.07504701145947704,36016.355269119216
0.07494642654661199,36048.49461695907
0.07484805648306973,36080.666571297625
0.07475206016301382,36112.871170007114
0.07465859641481683,36145.10845100338
0.07456782397718452,36177.378452256075
0.07447990151579638,36209.681211782736
0.07439498762027028,36242.016767648485
0.0743132407952365,36274.385157970915
0.07423481947274557,36306.786420914774
0.07415988200275181,36339.22059469574
0.07408858665781225,36371.68771757892
0.07402109163186253,36404.187827879134
0.07395755504253218,36436.72096395951
0.07389813492227894,36469.28716423627
0.07384298923188691,36501.88646717275
0.07379227584866153,36534.51891128416
0.07374615257520645,36567.18453513383
0.07370477713116759,36599.883377336984
0.07366830715847839,36632.61547655907
0.07363689964389278,36665.380871514164
0.07361061258982923,36698.179600969626
0.07358919726787329,36731.01170373933
0.07357217011130547,36763.87721869265
0.07355902123194406,36796.77618474356
0.07354924097796343,36829.708640862234
0.0735423199533119,36862.67462606785
0.07353774901607672,36895.674179427006
0.07353501926108756,36928.70734006352
0.07353362204632265,36961.77414714651
0.07353304897259244,36994.87463989826
0.0735327918900878,37028.00885759303
0.07353234290083902,37061.17683955595
0.0735311943582534,37094.37862516256
0.07352883886548707,37127.61425383962
0.07352476927498487,37160.88376506584
0.07351847868918586,37194.187198372034
0.07350946046297932,37227.52459333995
0.07349720820265805,37260.89598960226
0.07348121576312468,37294.30142684441
0.07346097725267688,37327.74094480259
0.07343601049860131,37361.21458326664
0.07340607634429971,37394.72238207585
0.07337127463430515,37428.264381124536
0.07333182597855271,37461.84062035469
0.07328795207479556,37495.45113976607
0.07323987452479092,37529.095979405145
0.07318781481216824,37562.77517937486
0.07313199431805746,37596.48877982837
0.0730726343134849,37630.23682097167
0.07300995595990659,37664.0193430641
0.0729441803132047,37697.83638641609
0.07287552831900303,37731.68799139119
0.07280422081262304,37765.57419840682
0.07273047852307125,37799.495047932505
0.07265452207067241,37833.45058049033
0.07257657196529455,37867.44083665636
0.07249684861261668,37901.46585705694
0.07241557230029849,37935.52568237643
0.07233296321915532,37969.6203533466
0.07224924143960204,38003.749910757615
0.07216462692993543,38037.91439545054
0.07207933954996971,38072.11384831868
0.07199359904415047,38106.34831031221
0.07190762505575456,38140.617822431115
0.0718216371108914,38174.9224257328
0.07173585463324492,38209.262161325474
0.07165049693491758,38243.63707037136
0.07156578321413336,38278.047194089646
0.07148193256763972,38312.492573749594
0.07139916397819689,38346.97325067593
0.0713176963179372,38381.48926624855
0.07123774835113432,38416.0406619012
0.07115953873526451,38450.62747911978
0.07108328601083903,38485.249759448576
0.0710092086187745,38519.90754448106
0.07093752488012649,38554.6008758699
0.07086845301063908,38589.32979532126
0.07080221111955254,38624.09434459347
0.07073901720060591,38658.89456550211
0.07067908913926484,38693.730499917445
0.07062264471377816,38728.60218976282
0.07056988682140282,38763.50967701967
0.07052087502861792,38798.45300372025
0.07047547427606443,38833.43221195563
0.07043348290498466,38868.44734387166
0.07039469881318951,38903.498441667674
0.07035891999646178,38938.58554759897
0.07032594454916377,38973.70870397749
0.0702955706692746,39008.86795316915
0.07026759665123014,39044.06333759747
0.07024182089483286,39079.29489973909
0.07021804189588357,39114.56268212835
0.07019605825342458,39149.86672735418
0.07017566866259464,39185.207078064275
0.07015667192739142,39220.583776957705
0.07013886694302851,39255.99686679428
0.07012205271421586,39291.44639038551
0.07010602833753067,39326.93239060363
0.07009059301747644,39362.454910374
0.07007554605493449,39398.013992680375
0.07006068685603721,39433.60968056049
0.07004581492173549,39469.24201711188
0.07003072985776952,39504.91104548749
0.07001523137305556,39540.616808895065
0.06999911927146786,39576.359350602375
0.06998219346400239,39612.13871393119
0.06996425395725735,39647.954942263066
0.06994510086393532,39683.808079034236
0.06992453439408398,39719.698167739945
0.06990235486338853,39755.62525193012
0.06987836268277317,39791.58937521527
0.06985235836888735,39827.590581261626
0.06982414253920126,39863.62891379273
0.06979351591259929,39899.704416589455
0.0697602793083273,39935.81713349087
0.06972423364549203,39971.96710839533
0.06968517994967656,40008.15438525636
0.06964291934585821,40044.37900808564
0.06959725305736632,40080.64102095512
0.0695479824146724,40116.94046799196
0.06949490884395663,40153.27739338477
0.06943783387971086,40189.651841376995
0.06937657638427376,40226.063856272514
0.06931111233887109,40262.51348243189
0.0692416253882751,40299.00076427766
0.06916836741358716,40335.52574628687
0.06909159061305403,40372.088472997995
0.06901154706303136,40408.688989005524
0.06892848870654712,40445.32733896648
0.06884266736570378,40482.003567594096
0.06875433473511522,40518.71771965989
0.06866374237701049,40555.46983999791
0.06857114173357888,40592.25997349776
0.06847678411344905,40629.088165111796
0.06838092070507622,40665.954459847795
0.068283802563262,40702.85890277615
0.06818568061983092,40739.80153902473
0.06808680567607822,40776.782413782756
0.06798742840753218,40813.80157229869
0.06788779936495017,40850.85905987861
0.06778816896681483,40887.95492189091
0.06768878750567689,40925.08920376377
0.06758990471763716,40962.261950984386
0.06749173099448587,40999.47320910084
0.06739436878794189,41036.72302372036
0.06729784432655272,41074.0114405112
0.06720217670141339,41111.33850520318
0.06710738499728529,41148.7042635844
0.06701348828679964,41186.10876150406
0.06692050563099264,41223.55204487337
0.06682845608244897,41261.03415966379
0.06673735868632934,41298.55515190544
0.06664723247149107,41336.11506769313
0.06655809646405536,41373.71395317858
0.0664699696738449,41411.35185457778
0.06638287110376175,41449.02881816679
0.06629681974665327,41486.744890282556
0.06621183458427461,41524.50011732403
0.06612793459039003,41562.29454575009
0.06604513872405031,41600.128222084226
0.0659634659409531,41638.00119290761
0.06588293517950458,41675.91350486722
0.06580356537473399,41713.86520466814
0.0657253754469595,41751.85633907955
0.06564838430796331,41789.88695493219
0.06557261086046513,41827.957099117935
0.06549807399453611,41866.06681859248
0.06542479259373553,41904.21616037152
0.0653527855264178,41942.40517153636
0.06528207165645436,41980.633899227614
0.06521266983454918,42018.902390649586
0.06514459890231754,42057.21069306861
0.06507787768872506,42095.55885381564
0.0650125250161803,42133.946920282484
0.06494855969595426,42172.37493992383
0.06488600052717182,42210.84296025886
0.06482486630187079,42249.35102886798
0.06476517579842135,42287.899193397025
0.06470694779061532,42326.48750155129
0.06465020103403722,42365.11600110457
0.06459495428220002,42403.784739889554
0.06454122627293168,42442.493765805295
0.06448903573844149,42481.243126811605
0.06443840139475925,42520.032870935946
0.06438934195328844,42558.86304626672
0.06434187611376614,42597.73370095632
0.06429602256376656,42636.644883222674
0.06425179998320585,42675.59664134641
0.06420922704132986,42714.58902367222
0.06416832239571543,42753.62207861006
0.06412910469476688,42792.69585463398
0.06409159257671052,42831.81040028247
0.06405580467009134,42870.965764158114
0.06402175959227356,42910.16199492873
0.06398947595143,42949.39914132629
0.06395897234603931,42988.67725214681
0.0639302673599117,43027.99637625474
0.06390337957511084,43067.3565625739
0.06387832755356236,43106.75786009934
0.06385512985443935,43146.200317887466
0.06383380502521523,43185.68398505989
0.06381437159968215,43225.20891080616
0.06379684810637727,43264.77514437829
0.06378125305965465,43304.38273509602
0.06376759444030784,43344.031732345684
0.06375579523580484,43383.72218557527
0.06374567187526568,43423.45414430261
0.06373700863609534,43463.227658109216
0.06372958977662473,43503.04277664542
0.06372319967276817,43542.89954962376
0.06371762280520425,43582.79802682727
0.06371264377376085,43622.73825810064
0.06370804728262433,43662.72029335944
0.06370361815224548,43702.74418258379
0.06369914131542702,43742.80997581938
0.06369440181242553,43782.91772318189
0.06368918480186067,43823.06747484969
0.06368327554840862,43863.259281071434
0.06367645943173347,43903.49319216162
0.0636685219435654,43943.7692585016
0.0636592486877417,43984.08753053956
0.06364842537827485,44024.44805879264
0.06363583784383386,44064.85089384399
0.06362127202334592,44105.29608634552
0.06360451478744014,44145.78368701416
0.06358540629653273,44186.3137466381
0.06356392234540637,44226.8863160715
0.06354012931454532,44267.501446235365
0.0635141009436173,44308.15918812058
0.06348591093547729,44348.85959278616
0.06345563295664138,44389.60271135825
0.06342334063481454,44430.38859503163
0.0633891075593694,44471.21729506993
0.06335300728329371,44512.08886280429
0.06331511331925362,44553.0033496361
0.06327549914497019,44593.96080703367
0.06323423819683809,44634.96128653642
0.06319140387823034,44676.004839749294
0.06314706954872511,44717.09151834999
0.06310130853484602,44758.221374082525
0.06305419412271708,44799.39445876122
0.06300579955903342,44840.61082427151
0.06295619805835058,44881.87052256375
0.06290546278943658,44923.173605662974
0.06285366689034408,44964.520125659204
0.06280088345526669,45005.910134715705
0.0627471855423065,45047.343685065236
0.062692646175386,45088.82082900703
0.06263733833309333,45130.341618915285
0.06258133496223152,45171.90610723065
0.06252470896908582,45213.514346464865
0.062467533220386944,45255.16638920143
0.062409880546194826,45296.862288093806
0.062351823740838905,45338.60209586362
0.06229343555472268,45380.385865307355
0.062234788706822135,45422.2136492877
0.06217595587216866,45464.0855007418
0.06211700969000941,45506.00147267696
0.06205802276282418,45547.961618170084
0.06199906765343688,45589.96599036973
0.06194021688500978,45632.014642497255
0.06188154294389918,45674.10762784486
0.061823118281063974,45716.244999773335
0.061765015301567985,45758.4268117209
0.061707306381720714,45800.65311719102
0.06165006358119271,45842.92396976397
0.06159334375410267,45885.239423088846
0.06153716644893273,45927.599530888416
0.06148152699424293,45970.00434695625
0.061426418876189375,46012.453925160444
0.06137183558751321,46054.94831943927
0.06131777062280694,46097.487583804
0.06126421748040691,46140.07177233791
0.06121116966050892,46182.7009391981
0.06115862066752919,46225.375138614094
0.061106564008220655,46268.09442488928
0.06105499319684448,46310.85885239624
0.06100390174436027,46353.66847558523
0.060953283170645904,46396.523348976116
0.06090313099323259,46439.42352716629
0.06085343873996438,46482.3690648215
0.06080419993681435,46525.36001668374
0.06075540811398089,46568.39643756871
0.06070705680401762,46611.4783823671
0.06065913954883031,46654.60590603801
0.060611649882887766,46697.77906362258
0.06056458135560142,46740.99791022792
0.06051792750989337,46784.26250104173
0.06047168189942425,46827.57289132104
0.0604258380732497,46870.92913640341
0.06038038959486289,46914.331291692215
0.060335330019914854,46957.77941267279
0.060290652911998734,47001.27355490351
0.060246351840780483,47044.813774014554
0.06020242037367321,47088.40012571507
0.0601588520864783,47132.03266578571
0.06011564055321939,47175.71145008614
0.06007277935814476,47219.43653454579
0.06003026207958603,47263.207975176454
0.0599880823079381,47307.02582805959
0.05994623363275432,47350.89014935406
0.05990470964506161,47394.80099529684
0.05986350394425148,47438.75842219681
0.05982261012980775,47482.76248644032
0.05978202180315366,47526.81324449161
0.059741732572693794,47570.91075288839
0.05970173587960366,47615.05506824734
0.05966201702020771,47659.24624725881
0.059622541980627046,47703.48434668982
0.05958326456894228,47747.76942338669
0.059544137758840494,47792.10153427062
0.059505114548610474,47836.48073633948
0.059466147962062205,47880.90708666721
0.059427191044894384,47925.380642407705
0.059388196871987396,47969.90146078916
0.05934911854012801,48014.46959911927
0.059309909173475825,48059.08511478158
0.059270521921295005,48103.74806523649
0.05923090995433706,48148.45850802543
0.05919102647346473,48193.216500764
0.05915082470240302,48238.02210114652
0.05911025788820802,48282.87536694734
0.059069279306699654,48327.77635601611
0.059027842255687885,48372.72512628301
0.058985900061305024,48417.72173575388
0.05894340607169296,48462.766242515296
0.05890031366152524,48507.85870473183
0.05885657623066048,48552.999180646744
0.05881214720459845,48598.18772858155
0.05876698003358824,48643.42440693686
0.05872102819308613,48688.7092741923
0.05867424518286694,48734.04238890766
0.05862658452972208,48779.42380972061
0.05857799978477432,48824.85359534854
0.05852844452438365,48870.331804588306
0.05847787234926245,48915.85849631742
0.05842623688805292,48961.43372949072
0.05837349179108659,49007.05756314563
0.058319590735748474,49052.73005639884
0.05826448742692006,49098.45126844453
0.05820813559075861,49144.22125856001
0.058150488979160614,49190.04008610379
0.05809150137375438,49235.90781051066
0.05803112657570493,49281.82449130027
0.05796931841680171,49327.7901880688
0.057906030747961315,49373.80496049844
0.0578412174529344,49419.86886834617
0.057774833259121604,49465.98197145476
0.05770686829599276,49512.14432974598
0.0576373936067323,49558.35600322484
0.0575665298129193,49604.617051974594
0.057494400721022784,49650.92753616189
0.05742113007067736,49697.2875160363
0.05734684153815995,49743.69705192649
0.05727165873155306,49790.15620424367
0.057195705191171266,49836.66503348271
0.05711910439259511,49883.223600219484
0.057041979745336376,49929.831965111254
0.05696445459021423,49976.49018889958
0.056886652204545016,50023.19833240586
0.05680869579475534,50069.95645653798
0.05673070850631737,50116.7646222818
0.0566528134133477,50163.62289070939
0.056575133523787374,50210.531322976676
0.056497791782814104,50257.489980318984
0.05642091106678945,50304.49892405537
0.05634461418154516,50351.55821559269
0.05626902387137018,50398.66791641773
0.05619426281383058,50445.82808809942
0.0561204536159146,50493.03879229381
0.05604771882127794,50540.30009073831
0.055976180902974605,50587.612045258036
0.05590596227407723,50634.974717755744
0.055837185273198045,50682.38817022454
0.05576997217680037,50729.852464738775
0.05570444519238275,50777.36766345894
0.055640726463121015,50824.93382862756
0.0555789380623506,50872.55102257423
0.0555192019973563,50920.21930771343
0.0554616402101922,50967.93874654274
0.05540637457387098,51015.70940164653
0.05535352689571566,51063.53133569347
0.05530321891481904,51111.40461143883
0.05525557230580241,51159.32929172086
0.05521070867292566,51207.305439466276
0.055168749556358664,51255.33311768522
0.05512981642629977,51303.41238947639
0.055094030689650665,51351.543318021024
0.05506151203035121,51399.725966589016
0.055032317378346844,51447.96039853654
0.05500636512957255,51496.24667730374
0.05498349125431956,51544.58486642076
0.05496352681629812,51592.975029500696
0.054946302966647,51641.417230246545
0.05493165095020401,51689.91153244634
0.054919402101370605,51738.457999976614
0.054909387849127474,51787.05669679737
0.05490143970791349,51835.707686961425
0.0548953892880449,51884.41103460585
0.054891068290750085,51933.16680395474
0.054888308506950326,51981.975059321296
0.05488694182060737,52030.835865105066
0.05488680020459649,52079.74928579614
0.05488771572737337,52128.71538596858
0.05488952054303661,52177.734230290174
0.05489204690463455,52226.80588351005
0.054895127148833045,52275.93041047263
0.05489859370839166,52325.10787610813
0.05490227910886661,52374.33834543309
0.054906019901664084,52423.62188355608
0.05490967674784033,52472.95855567389
0.0549131368471106,52522.348427073
0.054916293849732886,52571.79156312617
0.054919041461995464,52621.28802930041
0.054921273453524905,52670.837891148105
0.054922883650665735,52720.44121431169
0.05492376593483691,52770.09806452753
0.054923814251667806,52819.80850761663
0.05492292260189316,52869.57260949197
0.0549209850434413,52919.39043615873
0.054917895695592744,52969.26205371003
0.054913548735265084,53019.187528329436
0.05490783839619955,53069.166926292986
0.05490065897311843,53119.20031396519
0.0548919048163559,53169.287757804275
0.054881470339323495,53219.42932435473
0.054869250006523894,53269.62508025977
0.054855138350942585,53319.8750922444
0.054839029955032745,53370.179427132636
0.05482081946396665,53420.53815183777
0.054800401583164626,53470.95133336209
0.05477767107170236,53521.41903880472
0.0547525227530597,53571.94133535137
0.05472485150357897,53622.51829028517
0.054694552263617593,53673.14997097677
0.05466152002807828,53723.836444892586
0.05462564985424997,53774.577779587955
0.05458683685276951,53825.37404271641
0.05454497619915064,53876.22530201869
0.05449996312310908,53927.13162533216
0.054451692916379975,53978.09308058415
0.05440006092657715,54029.109735797676
0.054344962560492406,54080.18165908976
0.05428629328655589,54131.30891866755
0.05422394862830941,54182.491582835166
0.0541578241717713,54233.72971998681
0.0540878155568872,54285.023398615616
0.05401381848650975,54336.37268730567
0.05393572872232812,54387.7776547341
0.05385344208245315,54439.238369674706
0.053766908525446286,54490.75490099515
0.053676390782844884,54542.32731765715
0.05358248732530303,54593.95568871798
0.05348587354640109,54645.64008332899
0.053387224480283234,54697.380570736816
0.05328721478786078,54749.17722028383
0.0531865187575255,54801.03010140758
0.05308581030545361,54852.93928363987
0.052985762972724976,54904.904836610294
0.0528870499296196,54956.92683004188
0.05279034397075206,55009.00533375586
0.052696317519354864,55061.14041766778
0.05260564262480364,55113.3321517892
0.052518990961746476,55165.58060622937
0.05243703383199235,55217.88585119361
0.05236044216324048,55270.247956984516
0.052289886510954973,55322.66699399941
0.05222603705591987,55375.143032732594
0.05216956360181414,55427.676143779754
0.05212113558451546,55480.26639782706
0.05208140938976955,55532.91386566457
0.0520506572979702,55585.618618175286
0.052028358820660654,55638.380726340896
0.05201354939683259,55691.20026124317
0.05200524217810717,55744.077294058734
0.052002450859895064,55797.01189606485
0.052004189687365275,55850.004138633434
0.05200947344817505,55903.05409323936
0.052017317479214994,55956.161831454876
0.052026737667902744,56009.3274249455
0.052036750440240885,56062.55094548516
0.052046372779237904,56115.83246493699
0.05205462220673654,56169.17205527164
0.05206051679872047,56222.569788552835
0.0520630751757045,56276.02573694575
0.052061316504804264,56329.53997271729
0.0520542605041417,56383.11256823095
0.05204092743673848,56436.743595953274
0.05202033811725162,56490.433128446995
0.051991513905869834,56544.18123837729
0.051953476711159796,56597.98799851045
0.05190540059611888,56651.853481711
0.051847292023274906,56705.777760945944
0.051780028487069356,56759.760909283905
0.05170467775409675,56813.802999889755
0.05162230700103393,56867.90410603571
0.051533982816087315,56922.06430109001
0.05144077118921271,56976.283658526525
0.05134373752045457,57030.56225191601
0.051243946610595045,57084.900154936375
0.05114246267137642,57139.29744136175
0.05104034931465408,57193.75418507392
0.05093866956258147,57248.27046005175
0.05083848583908797,57302.846340379525
0.05074085997432673,57357.48190024329
0.050646853204156864,57412.17721393061
0.05055752616661709,57466.93235583523
0.05047393890972311,57521.747400447275
0.05039715087927795,57576.62242236739
0.050328220930051897,57631.55749629573
0.0502682073207527,57686.552697035266
0.05021814890279966,57741.60809949353
0.05017857042506363,57796.723778682834
0.0501489698698307,57851.899809717055
0.050128287487648006,57907.13626781537
0.050115437871716226,57962.43322830278
0.05010933622478177,58017.79076660491
0.05010889835292135,58073.2089582554
0.05011304067164151,58128.687878889905
0.05012068020115778,58184.2276042513
0.050130734570997315,58239.828210185035
0.05014212201602446,58295.489772643494
0.050153761378804354,58351.21236768461
0.05016457211122091,58406.99607146906
0.050173474270127076,58462.84096026585
0.05017938852157221,58518.747110448465
0.050181236137569425,58574.714598499064
0.05017793900293369,58630.74350099947
0.05016841960346823,58686.83389464585
0.050151601039515464,58742.985856234336
0.0501264070163815,58799.19946267034
0.05009176184744321,58855.47479096749
0.05004676123475083,58911.811918243184
0.049991391344637696,58968.21092172334
0.04992654674751178,59024.6718787415
0.04985331078183214,59081.1948667378
0.049772766178653095,59137.779963260095
0.04968599505984913,59194.42724596587
0.04959407894278586,59251.13679261542
0.04949809873024562,59307.90868108488
0.04939913472392851,59364.74298935018
0.04929826661108784,59421.63979550148
0.04919657347359552,59478.59917773436
0.049095133781959815,59535.6212143562
0.04899502540031903,59592.70598378057
0.04889732558266878,59649.85356453065
0.048803110974565286,59707.06403523756
0.04871345760974932,59764.337474645385
0.04862944091509788,59821.67396160538
0.04855213570796586,59879.07357507769
0.04848261619391423,59936.53639413523
0.048421955972708236,59994.06249795568
0.048371206657023866,60051.6519658322
0.04833089075710362,60109.30487716767
0.048300507514546,60167.02131147275
0.04827901748462505,60224.80134836964
0.048265358679118756,60282.645067592646
0.04825846970902287,60340.55254898738
0.04825728978573712,60398.52387250847
0.04826075871796549,60456.55911822386
0.048267816914689246,60514.65836631197
0.04827740538313869,60572.8216970644
0.04828846573211979,60631.04919088166
0.048299940166771194,60689.34092828036
0.04831077149581943,60747.69698988438
0.04831990312347669,60806.1174564352
0.048326279056695544,60864.60240878422
0.04832884390242203,60923.15192789475
0.048326542866278244,60981.766094844716
0.04831832175517192,61040.44499082402
0.04830312697562011,61099.188697136706
0.04827990553564296,61157.997295198715
0.04824760504167049,61216.870866542595
0.048205345655866615,61275.80949281121
0.048153099574496885,61334.813255762216
0.04809168639359087,61393.88223727068
0.0480220931006382,61453.01651932088
0.0479453061215657,61512.216184014236
0.0478623113241898,61571.48131356633
0.04777409401599501,61630.811990310176
0.047681638949320086,61690.20829668832
0.047585930313144606,61749.67031526327
0.047487951739687,61809.19812871047
0.047388686301131445,61868.791819821316
0.0472891165095362,61928.45147150418
0.047190224319177514,61988.177166780915
0.04709299112330635,62047.968988790715
0.046998397755104664,62107.8270207901
0.04690742448966514,62167.75134614954
0.046821051040425936,62227.74204835809
0.04674025656115673,62287.79921102176
0.046666019647233346,62347.92291786063
0.046599318331753334,62408.113252714065
0.04654111088798367,62468.37029954097
0.04649192306454529,62528.69414241281
0.04645147021100516,62589.084865521356
0.04641905440472729,62649.542553177125
0.04639396200391243,62710.06728980681
0.04637547977179666,62770.659159955096
0.04636289487570121,62831.31824828725
0.046355494890514895,62892.04463958442
0.0463525677946707,62952.83841874912
0.04635340197362725,63013.699670801485
0.04635728621891444,63074.62848087957
0.04636350972683933,63135.62493424187
0.04637136209991907,63196.68911626606
0.04638013334524531,63257.82111245218
0.04638911387932394,63319.02100841512
0.046397594522348824,63380.2888898918
0.04640486649963226,63441.624842741854
0.04641022144610372,63503.028952940236
0.04641295139751378,63564.501306590646
0.046412348804136,63626.041989905745
0.04640770651504908,63687.65108923044
0.04639840350506247,63749.32869102395
0.04638422274447907,63811.074881868786
0.046365338929366215,63872.88974847016
0.04634200035337996,63934.773377651676
0.04631445516639271,63996.725856362486
0.04628295137821354,64058.74727167353
0.04624773686025765,64120.83771077297
0.046209059338392394,64182.99726097706
0.046167166399705806,64245.22600972262
0.04612230549044297,64307.52404456811
0.04607472391361572,64369.89145319815
0.046024668833713665,64432.32832341689
0.04597238727228614,64494.83474315342
0.04591812610927449,64557.4108004615
0.04586213208534397,64620.05658351544
0.04580465179681448,64682.772180617816
0.04574593170202494,64745.557680190715
0.0456862181152648,64808.413170783766
0.045625757209777684,64871.33874107173
0.04556479502007205,64934.33447984951
0.045503577435217164,64997.40047604236
0.045442350206168436,65060.53681869648
0.04538135894073942,65123.74359698491
0.045320849104586655,65187.02090020804
0.045261066024173464,65250.36881778836
0.04520225488342539,65313.78743927451
0.04514466072272486,65377.276854344775
0.04508852844286137,65440.83715280186
0.04503410280400805,65504.46842457236
0.044981628422735245,65568.17075971173
0.04493134977430161,65631.94424840246
0.04488351119263051,65695.78898095393
0.044838356869633306,65759.70504780325
0.04479613085715332,65823.69253951196
0.044757077063340485,65887.75154677156
0.04472143925460203,65951.8821604022
0.044689461056560596,66016.08447135081
0.04466138595370374,66080.35857069075
0.04463745728577743,66144.70454962854
0.04461791825494116,66209.12249949301
0.04460301190968018,66273.61251174756
0.044592893406385274,66338.17467797901
0.04458732452080604,66402.8090899103
0.0445856951966554,66467.51583938625
0.0445873292685779,66532.29501838525
0.044591550960678655,66597.14671901822
0.044597684891457504,66662.07103351926
0.04460505606605991,66727.06805425664
0.04461298988056117,66792.13787372895
0.04462081212137056,66857.28058456583
0.04462784896691398,66922.49627952458
0.04463342698345994,66987.78505149731
0.0446368731297278,67053.14699350488
0.0446375147543405,67118.5821987
0.04463467959555305,67184.09076036906
0.04462769578520751,67249.67277192528
0.044615891842283574,67315.32832691883
0.04459859667847969,67381.05751903009
0.04457513959696267,67446.86044207001
0.04454485028884934,67512.73718998709
0.04450705884007496,67578.68785685688
0.04446111751332328,67644.71253689076
0.044406789686025905,67710.81132443582
0.04434456302409714,67776.98431396572
0.04427527108532122,67843.23160009543
0.04419975792588161,67909.55327756685
0.04411886710938236,67975.9494412618
0.04403344171354519,68042.42018619354
0.04394432432788078,68108.96560750801
0.043852357051388,68175.58580048874
0.04375838149505282,68242.28086055403
0.04366323878241134,68309.05088325495
0.04356776954662106,68375.89596427987
0.04347281393262597,68442.81619945227
0.0433792115970854,68509.8116847298
0.04328780170641578,68576.88251620793
0.043199422938311714,68644.02879011855
0.043114913482618415,68711.25060282741
0.04303511103875658,68778.54805083814
0.042960852817233136,68845.92123079105
0.04289297553801989,68913.37023946615
0.042832315399807516,68980.8951737739
0.04277956672012042,69048.49613076914
0.04273481986021793,69116.17320764042
0.04269760864167251,69183.92650171481
0.04266737283979784,69251.75611045735
0.042643552553580294,69319.66213147363
0.04262558820943261,69387.64466250234
0.04261292055535968,69455.70380142538
0.04260499066440408,69523.83964626477
0.04260123993777335,69592.0522951748
0.042601110096543694,69660.3418464571
0.04260404319127243,69728.7083985456
0.042609481593395206,69797.15205002007
0.04261686800174796,69865.67289959738
0.04262564544106447,69934.27104613127
0.04263525725645989,70002.9465886245
0.042645147124272934,70071.69962621055
0.042654759040376675,70140.53025817215
0.04266353732947767,70209.43858392804
0.042670926641450085,70278.42470303632
0.042676371947052115,70347.4887152049
0.04267932843333696,70416.63072027499
0.04267942307581074,70485.85081823393
0.042676576405117794,70555.14910920887
0.042670844593592216,70624.52569347217
0.04266228762816733,70693.98067143562
0.04265096545902829,70763.51414365847
0.04263693800608288,70833.12621083553
0.042620265150631956,70902.81697381151
0.042601006742148034,70972.58653357145
0.04257922259426464,71042.43499124692
0.042554972488772776,71112.36244810879
0.04252831617069355,71182.36900557559
0.042499313351965155,71252.45476520873
0.04246802370898044,71322.61982871666
0.042434506886876826,71392.8642979466
0.04239882249217335,71463.18827489777
0.04236103009981784,71533.59186171147
0.04232118925042028,71604.0751606734
0.0422793594484185,71674.63827421851
0.04223560016665365,71745.2813049228
0.04218997084178614,71816.00435551052
0.04214253087521402,71886.80752885505
0.04209333963580544,71957.69092797382
0.04204245645806488,72028.65465603012
0.04198994064091824,72099.69881633628
0.04193585144983212,72170.82351235067
0.041880248115596326,72242.0288476794
0.04182318983432276,72313.31492607709
0.04176473576744255,72384.6818514477
0.0417049450447084,72456.12972783738
0.041643876757572654,72527.65865944719
0.04158158996490239,72599.26875062528
0.04151814369206387,72670.96010586646
0.04145359692852471,72742.73282981684
0.04138800863054304,72814.58702727
0.041321437717882624,72886.52280317337
0.04125394307976426,72958.54026261673
0.041185583566827194,73030.6395108467
0.04111641799678232,73102.82065325935
0.04104650515498533,73175.0837953964
0.040975903788815354,73247.42904295653
0.04090467099770758,73319.85650178473
0.04083283796598512,73392.36627787905
0.04076039288257815,73464.95847738953
0.04068730474571869,73537.63320661843
0.04061354209016951,73610.39057201575
0.04053907346566384,73683.23068019131
0.040463867445955384,73756.15363789727
0.04038789261745414,73829.15955204982
0.040311117591449085,73902.24852970724
0.04023351099278006,73975.42067808984
0.04015504146940663,74048.6761045637
0.04007567768430976,74122.0149166551
0.03999538832184845,74195.43722204011
0.039914142084582875,74268.94312854903
0.039831907692423944,74342.53274416976
0.03974865388692935,74416.20617703904
0.039664349425012575,74489.96353545478
0.03957896308494474,74563.80492786586
0.03949246366292931,74637.73046287737
0.03940481997339401,74711.74024925142
0.03931600089136023,74785.8343959022
0.039226016653434434,74860.01301190341
0.039135038060223074,74934.27620648494
0.03904337646633183,75008.62408903138
0.03895136444009915,75083.05676908296
0.038859334350756544,75157.57435634226
0.03876761837399328,75232.17696066265
0.03867654848580193,75306.86469205987
0.038586456467469665,75381.63766070301
0.03849767390057259,75456.49597692507
0.03841053217331523,75531.4397512101
0.03832536247306529,75606.46909420798
0.038242495794317904,75681.58411671912
0.038162262930440186,75756.78492971063
0.03808499447996731,75832.07164430612
0.03801102084547435,75907.44437178495
0.03794067222920783,75982.90322359314
0.03787427864014303,76058.44831132915
0.03781216988663392,76134.07974675843
0.03775467558263541,76209.79764180194
0.03770212514308383,76285.60210854493
0.03765483629965942,76361.49325923037
0.037612956348175124,76437.47120626323
0.037576357937787214,76513.53606221404
0.037544795357391476,76589.68793981042
0.03751802040764117,76665.9269519406
0.0374957850329408,76742.25321166075
0.037477841326015816,76818.66683218625
0.03746394152604675,76895.16792689334
0.03745383801627582,76971.75660932617
0.03744728332883428,77048.43299318658
0.037444030139140216,77125.19719234628
0.03744383127259273,77202.04932083254
0.037446439696835025,77278.9894928445
0.03745160852791169,77356.01782274294
0.03745909102921245,77433.13442504924
0.03746864060747766,77510.33941445594
0.03748001081868585,77587.63290581481
0.03749295536218868,77665.01501414928
0.03750722808713582,77742.4858546409
0.03752258298607299,77820.04554264224
0.03753877417068757,77897.69419367256
0.03755553809942703,77975.43192341362
0.03757254535040235,78053.25884771397
0.037589410323151586,78131.17508259349
0.03760573953550321,78209.18074423618
0.03762113974024136,78287.27594899225
0.03763521792405107,78365.46081338185
0.03764758130967795,78443.7354540908
0.03765783735353363,78522.09998797614
0.03766559374785582,78600.55453206252
0.03767045842072522,78679.0992035408
0.03767203953500941,78757.73411976999
0.03766994548569922,78836.45939828639
0.03766378490769572,78915.27515678578
0.03765316666725135,78994.18151314041
0.03763769986787941,79073.1785853887
0.03761699384661975,79152.26649174259
0.03759065817699906,79231.44535058223
0.0375583026674383,79310.71528045824
0.03751953736020221,79390.07640009602
0.03747397253541554,79469.52882838616
0.03742124434825998,79549.07268439849
0.03736134186238472,79628.7080873686
0.03729480674214098,79708.43515670644
0.03722241036725341,79788.25401199507
0.03714492813192557,79868.16477298908
0.03706313496664147,79948.16755961807
0.03697780534076762,80028.26249198012
0.0368897132577875,80108.44969035331
0.036799632260007285,80188.72927518707
0.03670833542798122,80269.1013671
0.03661659537527006,80349.56608689456
0.03652518425649247,80430.12355553918
0.03643487376104204,80510.7738941802
0.03634643511437308,80591.51722414214
0.036260639080295226,80672.35366692225
0.036178255959644245,80753.28334419146
0.03610005558820542,80834.30637780104
0.03602680734027973,80915.42288977483
0.03595928012532577,80996.63300231664
0.035898242390491907,81077.93683780548
0.03584446171367966,81159.33451879601
0.03579852982070287,81240.82616802177
0.03576041599410339,81322.41190839457
0.03572957207364897,81404.09186300385
0.03570537984053528,81485.86615511647
0.0356872214450842,81567.73490817902
0.0356744794080307,81649.69824581478
0.035666536618272335,81731.7562918303
0.03566277633692962,81813.90917020504
0.0356625821915649,81896.15700510601
0.03566533818301506,81978.49992087198
0.03567042867835007,82060.93804203015
0.035677238417955635,82143.47149328004
0.035685152508997696,82226.10039950843
0.03569355642972913,82308.82488578165
0.035701836029257625,82391.64507734397
0.03570937752428782,82474.56109962682
0.035715567504437135,82557.57307823602
0.03571979292519126,82640.68113896952
0.03572144111574432,82723.88540779991
0.03571989977397153,82807.18601088345
0.035714576468081745,82890.58307456598
0.03570512865645442,82974.07672536757
0.035691593983897575,83057.66708999968
0.03567416261508701,83141.35429534974
0.035653027168995786,83225.13846850034
0.035628380154014795,83309.01973670862
0.035600413961398895,83392.99822741887
0.03556932086576999,83477.07406826588
0.035535293029879886,83561.24738706186
0.035498522497329314,83645.51831181481
0.035459201201582795,83729.88697070628
0.035417520956196255,83814.35349211455
0.03537367346256923,83898.9180045985
0.035327850304940844,83983.58063690874
0.035280242954623495,84068.34151797733
0.03523104276576158,84153.20077692802
0.03518044097806657,84238.1585430715
0.03512862871655758,84323.21494590475
0.0350757969895772,84408.3701151172
0.03502213669225044,84493.62418058232
0.03496783860350785,84578.97727236364
0.03491309338608978,84664.42952071765
0.03485809158949271,84749.98105608557
0.03480302364627488,84835.63200910241
0.03474807987573221,84921.38251058795
0.03469345047924056,85007.23269155936
0.03463932554490255,85093.182683221
0.03458589504582357,85179.2326169662
0.03453334883767805,85265.382624386
0.034481876664054494,85351.63283725495
0.034431668150376765,85437.98338754632
0.03438291280803003,85524.43440742411
0.03433580003458741,85610.98602923946
0.03429051910873807,85697.63838554651
0.034247259197764786,85784.39160908341
0.03420620935102755,85871.24583278765
0.0341675585042965,85958.2011897866
0.03413149547710121,86045.25781340359
0.03409820897345108,86132.41583715791
0.034067887583266544,86219.67539476027
0.03404071977950401,86307.03662012098
0.03401688194994787,86394.49964733997
0.033996407555412986,86482.06461071616
0.03397911858672737,86569.73164474669
0.03396475535143773,86657.5008841194
0.03395305712842937,86745.37246372495
0.03394376335655557,86833.34651864474
0.033936613630594206,86921.42318416084
0.03393134770244499,87009.60259575592
0.03392770548446463,87097.88488910187
0.03392542704257597,87186.27020007964
0.03392425260459476,87274.75866475751
0.03392392255215251,87363.35041941181
0.03392417742640701,87452.04560051503
0.033924757927095,87540.84434473464
0.03392540490944889,87629.74678894322
0.033925859387053656,87718.7530702131
0.033925862531850336,87807.86332581486
0.033925155672715424,87897.07769322136
0.03392348029689036,87986.39631010425
0.0339205780485615,88075.81931433816
0.03391619091941491,88165.34684400097
0.03391010458227754,88254.97903737098
0.03390224637245152,88344.7160329282
0.033892655388031115,88434.55796935367
0.03388138422759803,88524.50498553678
0.033868485460061305,88614.55722056584
0.033854011622522176,88704.71481373176
0.033838015218144814,88794.9779045376
0.033820548723015216,88885.34663267784
0.033801664577153064,88975.82113806246
0.03378141519160366,89066.40156080105
0.033759852944891686,89157.08804121042
0.03373703018490795,89247.88071980965
0.0337129992260805,89338.77973732949
0.03368781235290875,89429.78523470343
0.033661521818310294,89520.89735307025
0.0336341798429165,89612.11623377717
0.03360583861601235,89703.44201837831
0.03357655029459752,89794.87484863822
0.033546367005962904,89886.41486652364
0.03351534084370662,89978.06221421485
0.0334835238714798,90069.81703409654
0.03345096811994559,90161.67946876615
0.033417725589580956,90253.64966102646
0.033383848247876054,90345.72775389365
0.03334938803236257,90437.91389058894
0.03331439684642596,90530.20821455179
0.033278926566042095,90622.6108694194
0.033243029030490395,90715.12199905392
0.033206756050940506,90807.74174752139
0.03317015940696572,90900.47025909682
0.03313329084423597,90993.30767827417
0.033096202079138375,91086.25414975383
0.03305894479485183,91179.30981845301
0.03302157064434328,91272.47482949789
0.032984131248063764,91365.7493282299
0.03294667819418309,91459.1334602076
0.03290926304225525,91552.62737119342
0.03287193731565596,91646.23120717774
0.03283475251120048,91739.94511435121
0.032797760089306564,91833.76923913285
0.032761011482676475,91927.7037281468
0.03272455808990592,92021.74872823912
0.03268845127958758,92115.90438646765
0.0326527423880314,92210.17085010745
0.03261748271858981,92304.54826665623
0.03258272354641772,92399.0367838179
0.0325485161112185,92493.63654952458
0.032514911624491445,92588.34771191666
0.03248196126274686,92683.1704193627
0.03244971617495787,92778.10482043723
0.032418227474212975,92873.15106394578
0.03238754624515668,92968.30929890502
0.032357723539256575,93063.57967455479
0.032328810376830754,93158.96234035412
0.03230085774682205,93254.45744598116
0.0322739166065715,93350.06514133398
0.03224803788092494,93445.7855765349
0.032223272464024226,93541.61890192535
0.0321996712188569,93637.56526806587
0.03217728497480137,93733.62482574586
0.03215616453253609,93829.79772596806
0.03213635931844051,93926.08411996617
0.03211790475354503,94022.48415918992
0.032100816654145374,94118.99799531816
0.032085103811433806,94215.62578025208
0.03207077494027233,94312.36766611098
0.03205783874643363,94409.22380524967
0.03204630393326431,94506.19435023869
0.03203617919702115,94603.27945387585
0.03202747322798245,94700.47926918542
0.032020194710006854,94797.79394942132
0.03201435232363353,94895.22364805537
0.03200995474054418,94992.76851879536
0.03200701062998763,95090.42871556568
0.03200552865213598,95188.20439252788
0.0320055174636208,95286.09570406577
0.0320069857142123,95384.10280479433
0.032009942049475104,95482.22584955127
0.032014395106786726,95580.46499341083
0.03202035351954093,95678.82039167252
0.03202782591559975,95777.29219986287
0.032036820417576224,95875.88057374458
0.03204727565247289,95974.58566930276
0.03205892231775078,96073.4076427634
0.03207133563610014,96172.34665057165
0.03208407440496749,96271.4028494143
0.03209669769605881,96370.57639620543
0.03210876485356804,96469.86744808896
0.03211983549196034,96569.27616244846
0.0321294695010666,96668.80269689017
0.03213722703943379,96768.44720926456
0.03214266854075048,96868.20985764789
0.032145354709855065,96968.09080035216
0.032144846522733965,97068.09019592893
0.03214070523006586,97168.20820315662
0.032132492352785355,97268.444981054
0.032119769684962454,97368.8006888733
0.032102099292469995,97469.27548610407
0.03207904351364467,97569.86953247181
0.03205016495972508,97670.5829879356
0.03201502651263911,97771.41601269675
0.031973191327212006,97872.36876719368
0.03192426385064259,97973.44141209504
0.03186825001459738,98074.63410831739
0.03180570277111513,98175.94701700928
0.031737363134075804,98277.38029956276
0.0316639732468951,98378.93411760722
0.03158627479547436,98480.60863300787
0.03150500900516105,98582.40400787885
0.03142091664597234,98684.32040456607
0.03133473802717346,98786.35798566477
0.031247213002690767,98888.51691400202
0.031159080966150426,98990.79735265221
0.03107108085305026,99093.1994649339
0.03098395114246955,99195.72341440181
0.030898429853229464,99298.36936486061
0.030815254547739795,99401.13748035318
0.030735162330293726,99504.02792516406
0.03065888984475946,99607.04086383127
0.030587173279868103,99710.17646112817
0.03052074836499458,99813.434882075
0.030460350371016992,99916.81629193941
0.030406712344195883,100020.32085623391
0.030360367077302438,100123.94874071711
0.030321272674814225,100227.70011139076
0.030288968851354268,100331.57513451096
0.030262953501107425,100435.57397657244
0.030242724826485844,100539.69680432294
0.03022778134061968,100643.94378475708
0.030217621867349765,100748.31508511477
0.03021174553852988,100852.81087289323
0.030209651799408044,100957.43131582683
0.030210840401993233,101062.17658191023
0.030214811410434153,101167.04683938243
0.030221065198322242,101272.04225673393
0.030229102449514076,101377.16300270498
0.03023842415688272,101482.40924629179
0.030248531624796134,101587.7811567375
0.03025892646683324,101693.2789035395
0.030269110607641436,101798.90265644294
0.030278586279614727,101904.65258545487
0.030286856027651944,102010.5288608277
0.03029342270542004,102116.53165307046
0.030297817827257965,102222.6611329491
0.030299833668690806,102328.91747147543
0.0302996082965002,102435.30083992964
0.03029739403512931,102541.81140983166
0.030293443823715998,102648.4493529709
0.030288010447399028,102755.21484138325
0.03028134653214219,102862.10804736763
0.03027370454763887,102969.1291434786
0.030265336807313876,103076.27830252369
0.030256495466258398,103183.55569757197
0.030247432522476858,103290.9615019522
0.0302383998177169,103398.49588924891
0.03022964903602707,103506.15903330754
0.03022143170500035,103613.95110823048
0.030213999194333246,103721.87228838302
0.03020760271706967,103829.92274839008
0.030202493329192545,103938.1026631373
0.030198921929834376,104046.41220777048
0.03019713926128184,104154.85155769519
0.03019739590712745,104263.42088858644
0.030199940919362036,104372.1203763728
0.030204894687356414,104480.95019725253
0.030212022359959234,104589.91052768339
0.030220837457043154,104699.00154438768
0.03023083005333648,104808.22342435305
0.030241490542279967,104917.57634483025
0.030252309635193708,105027.06048333657
0.030262778362296145,105136.67601765213
0.030272388071251315,105246.42312582604
0.030280630427982652,105356.30198617515
0.030286997418517883,105466.31277727456
0.03029098134382302,105576.45567797925
0.030292074826802226,105686.7308673984
0.030289770804656398,105797.13852492388
0.030283562537325188,105907.67883019883
0.03027294359819844,106018.35196315216
0.03025740788255427,106129.1581039703
0.030236449601777078,106240.09743311537
0.030209563285613042,106351.17013132099
0.030176243783388023,106462.37637958505
0.030135986261321357,106573.71635917961
0.03008833918673832,106685.19025165243
0.0300333091738964,106796.79823881848
0.029971494462575698,106908.54050276626
0.02990368069876865,107020.41722585837
0.02983065404074467,107132.42859072695
0.029753200153699803,107244.57478028598
0.029672104213829115,107356.85597771563
0.02958815090489943,107469.2723664739
0.029502124419487248,107581.82413029463
0.029414808459396754,107694.5114531858
0.029326986234877388,107807.3345194329
0.029239440465443346,107920.29351359647
0.02915295337929489,108033.38862051428
0.029068306713537793,108146.62002530157
0.028986281713615333,108259.98791335487
0.028907659135494274,108373.49247034211
0.028833219242339777,108487.13388221654
0.028763741807681622,108600.91233520552
0.02870000611308486,108714.82801581967
0.028642790949542078,108828.8811108489
0.028592871431803925,108943.07180736374
0.02855077291648587,109057.4002927122
0.02851635749776278,109171.86675452974
0.028489030185952842,109286.47138073205
0.02846815601847038,109401.21435951162
0.0284531004276797,109516.09587935376
0.02844322924608491,109631.11612901515
0.02843790870033846,109746.27529754868
0.028436505416425183,109861.57357428498
0.028438386417332692,109977.01114883817
0.028442919122842202,110092.58821110832
0.02844947134912428,110208.30495128594
0.028457411311030148,110324.16155984138
0.028466107619379847,110440.1582275355
0.028474929282673957,110556.29514541425
0.028483245706304908,110672.57250481157
0.02849042669215302,110788.9904973529
0.028495842441069206,110905.5493149427
0.028498863548040942,111022.24914978669
0.0284988610073719,111139.09019437198
0.028495206209772243,111256.07264147609
0.028487310261046513,111373.19668417085
0.028474904682844575,111490.46251581416
0.028458123915347244,111607.87033006115
0.028437224861739198,111725.4203208501
0.02841246476218812,111843.11268241992
0.028384100696756544,111960.94760930019
0.028352389585213363,112078.925296309
0.028317588185125257,112197.0459385622
0.028279953092827197,112315.30973147255
0.028239740744574783,112433.71687074391
0.02819720741597384,112552.26755237134
0.028152609219897057,112670.96197265311
0.028106202109350532,112789.80032818046
0.028058241876147503,112908.78281584161
0.02800898415186174,113027.90963281709
0.027958684404815897,113147.18097659621
0.027907597945375992,113266.59704495358
0.027855979920301647,113386.15803597277
0.02780408531727512,113505.86414802918
0.02775216896208871,113625.71557980061
0.027700485100095016,113745.71253026681
0.02764925992170426,113865.855198705
0.027598648030989322,113986.14378469405
0.027548756020387703,114106.57848811446
0.027499686466177054,114227.15950914871
0.027451541879207605,114347.8870482842
0.02740442470619964,114468.7613063069
0.02735843732771493,114589.78248431116
0.02731368206000795,114710.95078369284
0.027270261154839534,114832.26640614787
0.027228276796914367,114953.72955368733
0.02718783110828775,115075.34042861767
0.02714902614397117,115197.09923355983
0.02711196389596086,115319.00617143187
0.02707674628922513,115441.06144546752
0.02704347518462913,115563.26525920589
0.02701225237856991,115685.61781649044
0.026983179601709536,115808.11932147568
0.02695635851952756,115930.76997862711
0.0269318907334102,116053.56999271529
0.026909877778483332,116176.51956882705
0.026890407933481426,116299.61891234812
0.026873468132131557,116422.86822899232
0.026858921161515763,116546.26772477059
0.02684659371178823,116669.81760601289
0.026836312474070433,116793.51807936067
0.026827904249479433,116917.36935176348
0.026821195946422734,117041.37163049483
0.026816014584729143,117165.5251231333
0.026812187291864253,117289.83003757923
0.026809541306339873,117414.28658203888
0.026807903973932515,117538.89496504315
0.026807102750731362,117663.65539543564
0.02680696520241204,117788.56808237347
0.02680731900243361,117913.6332353385
0.026807991934903647,118038.85106412454
0.026808811892596665,118164.22177884504
0.026809606877485345,118289.74558993215
0.0268102050005526,118415.42270813877
0.026810434482143753,118541.25334453717
0.026810123651958586,118667.2377105189
0.026809101840708255,118793.37601779425
0.026807249509121365,118919.66847840468
0.02680457313921811,119046.1153047019
0.026801161321566545,119172.71670936563
0.026797108897034287,119299.4729053978
0.026792510646039793,119426.38410612647
0.026787461289273402,119553.45052520302
0.026782055488416796,119680.67237659586
0.026776387842746732,119808.04987461002
0.026770552893256135,119935.58323386958
0.026764645119973764,120063.2726693286
0.026758758943757212,120191.1183962634
0.02675298872468853,120319.12063028011
0.026747428762793755,120447.27958731368
0.026742173298404486,120575.59548362574
0.0267373165116267,120704.06853580743
0.026732952521988245,120832.69896078316
0.026729175390406652,120961.48697579972
0.02672607911616102,121090.43279844186
0.02672375763992775,121219.5366466186
0.026722304840577582,121348.7987385801
0.02672179902363364,121478.21929289718
0.026722205968751918,121607.79852848426
0.026723357152923826,121737.53666458129
0.026725046704723792,121867.43392076655
0.02672706880502328,121997.4905169505
0.026729217765568906,122127.7066733791
0.026731288028615997,122258.08261063785
0.026733074169054523,122388.61854963913
0.026734370890660254,122519.31471164254
0.026734973030001268,122650.17131823701
0.026734675553578332,122781.18859135368
0.02673327355923899,122912.36675326109
0.02673056227616637,123043.70602656416
0.0267263370636232,123175.20663421205
0.026720393413075017,123306.86879948742
0.026712526945156755,123438.69274602312
0.026702533413749948,123570.67869778138
0.026690208701174115,123702.82687907838
0.02667534882314835,123835.1375145604
0.026657749924341993,123967.61082922481
0.02663720980811515,124100.24704841338
0.02661360236313202,124233.04639780568
0.026586982383720086,124366.00910342764
0.026557519204486412,124499.13539165424
0.026525390234282593,124632.42548920361
0.02649077276935963,124765.87962313923
0.026453843993552835,124899.49802086918
0.026414780976887157,125033.28091015661
0.026373760678046098,125167.22851910774
0.026330959943323008,125301.34107617429
0.026286555505059084,125435.61881016509
0.02624072398479812,125570.06195022994
0.026193641889979156,125704.6707258764
0.02614548561638833,125839.44536695992
0.026096431447814095,125974.38610368248
0.026046655553288715,126109.49316661201
0.025996333992806517,126244.76678665029
0.025945642710249045,126380.20719507069
0.025894757539952806,126515.81462348657
0.02584385420223574,126651.58930387149
0.02579310830530398,126787.53146855313
0.02574269534440568,126923.64135021885
0.02569279070354723,127059.91918190537
0.025643569653284057,127196.36519701077
0.0255952073524358,127332.97962928683
0.025547878846737357,127469.76271284698
0.025501759069699318,127606.71468216358
0.025457022843290503,127743.8357720623
0.025413844875587264,127881.12621773724
0.025372399763817867,128018.58625473501
0.02533286199201493,128156.21611896649
0.02529540593186999,128294.01604670487
0.025260205842910055,128431.98627458513
0.025227435872674505,128570.1270396023
0.025197270055391786,128708.43857912108
0.02516988231465737,128846.92113086014
0.025145446459780497,128985.57493291365
0.025124136189291064,129124.40022373409
0.025106125089119555,129263.3972421398
0.025091586632113267,129402.5662273214
0.025080694180367177,129541.90741882776
0.02507361740566971,129681.42105658467
0.02507036993263224,129821.10738087547
0.025070607052527064,129960.96663236205
0.025073763719082435,130100.99905207343
0.02507926064185347,130241.20488140592
0.025086518901695443,130381.58436212473
0.02509495994956983,130522.13773637416
0.02510400560899069,130662.86524666402
0.02511307807449946,130803.76713587517
0.0251215999103033,130944.84364727244
0.025128994054379204,131086.09502447853
0.0251346838131379,131227.5215115046
0.0251380928658578,131369.1233527279
0.02513864526150178,131510.90079290885
0.025135765421826474,131652.85407717258
0.025128878137038627,131794.9834510354
0.025117408570063598,131937.2891603834
0.0251007822546846,132079.77145147795
0.025078425094512614,132222.43057096485
0.025049763364437417,132365.26676586797
0.025014223710257064,132508.28028358976
0.024971312234645254,132651.47137191676
0.02492104821531129,132794.84027901018
0.024864032580275402,132938.38725342083
0.024801013927467114,133082.11254407733
0.024732740500418234,133226.01640029252
0.024659960062289567,133370.09907176456
0.02458341989608357,133514.36080857716
0.024503866805658615,133658.80186119146
0.0244220471130345,133803.42248046552
0.024338706661830994,133948.2229176352
0.02425459081457925,134093.20342432964
0.024170444454856384,134238.36425256007
0.024087011985737046,134383.70565472904
0.024005037330169864,134529.2278836319
0.023925263932447663,134674.93119244653
0.023848434756361208,134820.81583474454
0.0237752922862,134966.88206448808
0.02370657852617904,135113.13013603532
0.023643035002358374,135259.5603041266
0.023585402759428036,135406.1728239068
0.023534415567050014,135552.96795090573
0.023490544786369114,135699.94594105246
0.023453680146464196,135847.10705066985
0.02342336397838665,135994.45153647504
0.02339911762110834,136141.97965558048
0.023380462719881367,136289.6916655033
0.023366921229271843,136437.5878241427
0.023358015408070032,136585.6683898151
0.023353267824312473,136733.93362122518
0.023352201353257482,136882.38377747184
0.0233543391752114,137031.0191180684
0.023359204779318944,137179.8399029194
0.023366321961236176,137328.84639233144
0.02337521482309616,137478.03884701687
0.023385407774239846,137627.4175280901
0.0233964255308773,137776.98269706898
0.023407793116358853,137926.73461587296
0.023419035860222006,138076.67354683025
0.023429679399229766,138226.79975267244
0.023439249676416158,138377.11349654075
0.02344727294227763,138527.61504197813
0.02345331884331566,138678.30465293973
0.02345722198085568,138829.18259378494
0.02345910965079848,138980.24912928801
0.02345918012011781,139131.5045246312
0.023457631561191846,139282.94904540142
0.023454662017890256,139434.58295760027
0.023450469405589643,139586.40652764944
0.023445251514251624,139738.42002236692
0.02343920600368926,139890.62370899884
0.023432530407562997,140043.01785519725
0.023425422131404954,140195.60272903024
0.023418078453093405,140348.37859898148
0.023410696522408826,140501.3457339548
0.02340347336272916,140654.50440326202
0.02339660586875378,140807.85487663775
0.02339029080774082,140961.39742423524
0.023384724819216805,141115.1323166291
0.023380104416211103,141269.0598248049
0.023376625983289323,141423.18022017245
0.023374485777027124,141577.49377456802
0.02337387660812915,141732.000760243
0.02337487731122214,141886.70144987272
0.023377322458820318,142041.59611655542
0.023380905048121292,142196.6850338148
0.02338531027007073,142351.96847559683
0.023390223519023756,142507.44671627646
0.023395330393786475,142663.12003065026
0.023400316696981834,142818.98869393964
0.02340486843395912,142975.0529818018
0.023408671815053853,143131.313170315
0.023411413254039275,143287.76953598636
0.023412779367797443,143444.4223557574
0.023412456977664014,143601.27190699556
0.023410133108185176,143758.31846750155
0.023405494988157874,143915.56231550284
0.023398230048625245,144073.0037296699
0.02338802592589552,144230.64298909582
0.023374570459080615,144388.48037330998
0.023357551690376135,144546.5161622809
0.023336657866402186,144704.7506364065
0.02331157743620434,144863.1840765283
0.02328206053096346,145021.81676391498
0.023248215442568113,145180.64898028146
0.023210536167653756,145339.6810077743
0.02316960567520362,145498.91312898672
0.023126006575817634,145658.3456269404
0.023080321100559468,145817.97878510848
0.023033131103412458,145977.8128874026
0.022985018061021222,146137.84821817192
0.022936563071990105,146298.08506220812
0.022888346856192787,146458.52370475646
0.022840949757349613,146619.16443149687
0.022794951740990492,146780.00752855657
0.02275093239510003,146941.05328250834
0.022709470930019404,147102.3019803731
0.02267114617908462,147263.7539096154
0.02263653659749782,147425.4093581534
0.02260622026370107,147587.26861435105
0.02258077487912899,147749.3319670176
0.022560777766942607,147911.59970542032
0.022546805873836052,148074.07211927397
0.022539427049486332,148236.74949874403
0.022538940909935072,148399.63213444903
0.022545091204659234,148562.72031746095
0.022557309077371687,148726.01433930878
0.02257500979351159,148889.5144919693
0.022597608996417395,149053.2210678864
0.02262452271078163,149217.13435994438
0.022655167338219186,149381.25466150197
0.0226889596611623,149545.58226636657
0.022725316841499688,149710.1174687981
0.02276365641832371,149874.86056353123
0.02280339631154752,150039.8118457505
0.022843954819360232,150204.97161110502
0.022884750619648307,150370.340155699
0.02292520276728683,150535.9177761156
0.022964730698965007,150701.7047693792
0.02300275422736731,150867.70143299684
0.02303869354541315,151033.9080649333
0.023071969224578312,151200.32496361836
0.023102002214842078,151366.95242794912
0.023128213844782832,151533.79075728974
0.023150078364794983,151700.84025147438
0.02316736068600784,151868.10121080396
0.023180130846696286,152035.57393605268
0.023188526064930888,152203.25872845954
0.023192683473788448,152371.15588973975
0.023192740118404335,152539.26572207778
0.023188832955386388,152707.58852813166
0.0231810988526773,152876.12461103633
0.023169674590611238,153044.8742743954
0.023154696860133554,153213.83782229584
0.023136302265349917,153383.0155592889
0.023114627320554006,153552.40779041252
0.023089808452327682,153722.0148211802
0.023061981998808146,153891.83695758565
0.023031284210440928,154061.8745060966
0.022997851248656095,154232.12777366576
0.02296181918706773,154402.59706772416
0.022923324011039588,154573.28269618363
0.02288250161681379,154744.1849674473
0.022839487814175736,154915.30419038766
0.022794418322784667,155086.640674375
0.022747428775713573,155258.1947292534
0.022698654716381998,155429.9666653637
0.02264823160134984,155601.95679352427
0.02259629479828097,155774.1654250449
0.022542979586688792,155946.59287172477
0.022488421158093203,156119.23944585194
0.022432754616030694,156292.1054602028
0.02237611497577813,156465.1912280452
0.02231863716436706,156638.49706314044
0.022260456021026366,156812.02327974013
0.02220170629647927,156985.77019259334
0.02214252265438258,157159.73811693367
0.02208303966863302,157333.92736850464
0.022023391826936026,157508.33826353145
0.021963713527552987,157682.97111874638
0.021904139081440437,157857.8262513753
0.02184480271183321,158032.9039791383
0.021785838552856474,158208.20462026447
0.02172738065192198,158383.72849347402
0.021669562967918807,158559.4759179901
0.02161250988696067,158735.44721354468
0.02155629595517337,158911.64270036673
0.021500944710558297,159088.0626991833
0.021446468986082698,159264.70753123995
0.021392881607780124,159441.57751827338
0.02134019539166673,159618.67298253675
0.02128842314607618,159795.9942467828
0.02123757767001856,159973.5416342774
0.02118767175400424,160151.31546879566
0.021138718180583858,160329.31607461497
0.02109072972258746,160507.54377653234
0.021043719145158558,160685.99889984878
0.020997699203864746,160864.68177038606
0.020952682646718512,161043.59271447
0.020908682212563,161222.73205894267
0.02086571063121385,161402.10013116617
0.020823780624527992,161581.69725901322
0.020782904905336953,161761.523770876
0.02074309617798236,161941.57999566375
0.020704367138579875,162121.86626279878
0.020666730473697555,162302.38290223153
0.020630198861814955,162483.13024443007
0.020594784973451744,162664.1086203751
0.02056050146906299,162845.3183615824
0.020527361001673457,163026.75980008207
0.02049537621516905,163208.43326843134
0.020464559745477756,163390.33909970452
0.02043492421834974,163572.47762751768
0.0204064822528856,163754.84918599666
0.020379246458403732,163937.4541098019
0.020353229435359013,164120.29273412825
0.020328443777160417,164303.36539468306
0.02030490206679738,164486.67242771896
0.020282616879567138,164670.2141700145
0.02026160078216689,164853.99095887857
0.020241866332308883,165038.0031321572
0.02022342608001203,165222.25102822
0.020206292565154004,165406.73498598643
0.02019047832069433,165591.4553448969
0.02017599586984233,165776.41244493693
0.020162857727603616,165961.60662662756
0.02015106876715459,166147.03823102824
0.020140595804596644,166332.70759973582
0.020131367683316262,166518.61507488423
0.020123305715618198,166704.7609991621
0.02011633126722278,166891.1457157815
0.020110365753800753,167077.76956850948
0.02010533064288542,167264.6329016562
0.020101147454119662,167451.7360600688
0.020097737757586286,167639.07938914967
0.020095023175589075,167826.66323484192
0.020092925381494646,168014.48794363905
0.02009136610023533,168202.55386258266
0.020090267108556093,168390.86133925815
0.020089550233602288,168579.41072181234
0.020089137355080996,168768.20235893293
0.0200889504033394,168957.23659986613
0.020088911360503454,169146.51379440812
0.020088942259705058,169336.0342929136
0.020088965186348808,169525.79844628222
0.020088902275681143,169715.80660598513
0.020088676499856066,169906.05912403745
0.02008822873777709,170096.55635301876
0.0200875335331627,170287.2986460629
0.020086582679123333,170478.28635686834
0.020085368655015735,170669.51983969315
0.020083883945099096,170860.99944935908
0.020082121039425745,171052.72554124112
0.020080072431803646,171244.69847128988
0.020077730621831453,171436.918596016
0.02007508811400756,171629.38627249643
0.02007213741811035,171822.101858371
0.02006887104856136,172015.0657118504
0.0200652815246789,172208.27819171676
0.020061361371439674,172401.7396573153
0.020057103117827203,172595.45046857267
0.02005249929962274,172789.41098596755
0.020047542455470167,172983.62157057138
0.02004222513030222,173178.08258402045
0.020036539873816404,173372.79438852693
0.02003047924098114,173567.75734687463
0.020024035791508556,173762.97182242695
0.020017212392780925,173958.43817912805
0.02001006074852393,174154.1567814953
0.020002680066932253,174350.12799462696
0.019995178497587224,174546.3521842037
0.01998766411899409,174742.82971648307
0.019980244937458567,174939.56095831393
0.01997302888899212,175136.5462771168
0.019966123837051958,175333.7860409071
0.019959637574573252,175531.2806182779
0.019953677822466737,175729.03037841409
0.019948352230388187,175927.03569108882
0.019943768377128347,176125.29692665755
0.019940033769617324,176323.81445606888
0.01993725584331563,176522.58865086513
0.01993554196298095,176721.61988317338
0.019934999421423273,176920.90852571873
0.01993573544039691,177120.45495181886
0.01993785717073919,177320.25953538023
0.019941471690874703,177520.32265091827
0.019946686009466988,177720.64467352993
0.01995360036554559,177921.22597891928
0.019962175641601625,178122.06694338733
0.01997211850841631,178323.16794383098
0.019983009676711596,178524.52935775684
0.019994425628600303,178726.1515632613
0.02000594312531064,178928.03493905626
0.02001713920990629,179130.17986444128
0.02002759120358454,179332.58671934402
0.020036876710288223,179535.25588427304
0.02004457361199498,179738.1877403634
0.02005026007219546,179941.38266934652
0.02005351453370114,180144.84105356893
0.020053915719602775,180348.56327598647
0.02005104263309486,180552.54972016398
0.020044474557298766,180756.80077027765
0.020033791054582695,180961.3168111252
0.020018571968275493,181166.0982281065
0.01999839742034853,181371.14540724817
0.019972847813002712,181576.4587351905
0.019941503828740232,181782.03859918192
0.019903946435965107,181987.8853871004
0.019859859244180142,182193.99948744703
0.019809387799545622,182400.3812893242
0.019753115713039598,182607.03118248354
0.019691705034718492,182813.949557273
0.01962581737453097,183021.13680468482
0.01955611390574403,183228.59331632586
0.019483255363533764,183436.31948442926
0.019407902044945597,183644.31570186006
0.019330713809343415,183852.58236211428
0.01925235007945582,184061.11985930434
0.019173469839030285,184269.92858818907
0.019094731635695375,184479.00894414497
0.0190167935785098,184688.36132319467
0.018940313340560056,184897.98612197937
0.018865948156176704,185107.88373779313
0.018794354823869756,185318.0545685534
0.01872618970485969,185528.49901281367
0.018662108722695712,185739.21746977465
0.018602767364629746,185950.21033927213
0.018548820681105804,186161.47802178084
0.018500908673156007,186373.02091841778
0.018459392347834468,186584.83943094267
0.018424139383250538,186796.9339617631
0.018394780793224392,187009.30491392425
0.01837094022070082,187221.95269112528
0.018352241558240865,187434.87769770256
0.018338308946023785,187648.0803386554
0.01832876677455642,187861.56101961265
0.018323239681071996,188075.32014687688
0.01832135255349657,188289.3581273784
0.018322730526393726,188503.6753687224
0.01832699898423949,188718.2722791546
0.01833378355977389,188933.14926757442
0.018342710133496826,189148.30674354697
0.01835340483476651,189363.74511729195
0.018365494041753905,189579.46479967958
0.018378604380251184,189795.46620224632
0.018392362724081558,190011.74973719625
0.01840639619666033,190228.31581737648
0.018420332167734966,190445.16485631888
0.018433798263249906,190662.29726820387
0.01844645175017241,190879.7134678848
0.018458076399034812,191097.41387087415
0.01846857294042654,191315.39889336622
0.01847786210998027,191533.66895221005
0.018485864695747315,191752.22446493013
0.01849250153887737,191971.06584972347
0.018497693533953485,192190.19352545467
0.018501361627829813,192409.60791167355
0.018503426822041525,192629.30942858267
0.0185038101688761,192849.2984970892
0.018502432775971443,193069.5755387515
0.018499215802619484,193290.14097581833
0.01849408046102288,193510.99523122422
0.018486948017435684,193732.138728571
0.018477739790770192,193953.5718921419
0.018466377151898253,194175.29514691868
0.01845278152594059,194397.3089185544
0.018436874390530312,194619.61363339005
0.018418577276148297,194842.2097184554
0.01839781176657109,195065.09760146297
0.018374504469974972,195288.277710822
0.018348669222760423,195511.75047562554
0.01832046957346015,195735.51632565726
0.018290138479354068,195959.57569140254
0.01825791074490142,196183.92900402722
0.01822402101732656,196408.5766954039
0.018188703788352516,196633.51919809455
0.01815219339309738,196858.756945364
0.018114724011459166,197084.2903711617
0.018076529665443864,197310.11991016223
0.01803784422324498,197536.2459977131
0.01799890139500567,197762.669069888
0.017959934736548527,197989.38956344378
0.01792117764638644,198216.4079158574
0.01788286336776439,198443.72456530618
0.017845224987797326,198671.3399506776
0.01780849543849766,198899.25451155388
0.01777290749470471,199127.46868824412
0.01773869377588859,199355.98292176815
0.017706086746834257,199584.79765383975
0.01767531869922545,199813.91332690636
0.017646589997984543,200043.3303841168
0.01761997076075031,200273.04926934282
0.017595413727262737,200503.07042717395
0.01757285268604581,200733.39430290682
0.017552221468072428,200964.0213425762
0.01753345394936831,201194.95199292206
0.017516484049262118,201426.1867014079
0.017501245730054373,201657.72591623437
0.017487672998851365,201889.57008631388
0.017475699906147134,202121.71966128546
0.0174652605458163,202354.17509152042
0.01745628905575404,202586.93682811508
0.01744871961721901,202820.00532290034
0.01744248645579641,203053.38102842838
0.017437523839771735,203287.06439799716
0.01743376608206193,203521.05588562612
0.017431147538590937,203755.35594607686
0.017429602609358053,203989.96503484118
0.017429065737459982,204224.88360815658
0.017429471410159124,204460.11212299258
0.017430754158013345,204695.65103706258
0.01743284855540532,204931.50080881835
0.017435689220211107,205167.661897455
0.017439210813899115,205404.13476291165
0.017443348041198608,205640.9198658793
0.01744803565127375,205878.01766778226
0.01745320843610162,206115.42863080086
0.017458801231216018,206353.15321786748
0.017464748916021726,206591.19189266142
0.01747098641357069,206829.54511961003
0.017477448690014045,207068.21336389973
0.017484070755455088,207307.19709146555
0.01749078766286361,207546.49676900852
0.017497534509574357,207786.11286397505
0.01750424643566209,208026.04584457958
0.017510858625549876,208266.29617978306
0.017517306306059,208506.86433932214
0.0175235247480169,208747.75079369248
0.01752944926592558,208988.95601414886
0.01753501521752016,209230.48047271272
0.017540158007038346,209472.32464217208
0.017544816467167934,209714.48899608027
0.01754894269723957,209956.97400877418
0.017552500455300546,210199.78015533875
0.017555455304104777,210442.90791164117
0.017557772829337945,210686.35775433164
0.01755941864101612,210930.13016081997
0.017560358371646607,211174.22560930005
0.017560557677409338,211418.64457873715
0.017559982237396365,211663.38754887902
0.017558597753607106,211908.4550002616
0.01755636995256207,212153.8474141811
0.017553264582169582,212399.56527274317
0.017549247415386233,212645.60905881238
0.01754428424719414,212891.97925605197
0.017538340895674496,213138.67634891864
0.017531383203400714,213385.70082263643
0.017523377034205305,213633.0531632477
0.017514288277370043,213880.7338575534
0.017504082843319634,214128.74339317338
0.017492726666734393,214377.08225851087
0.01748018773829259,214625.75094276122
0.017466464499238825,214874.7499359203
0.017451604653069226,215124.0797287881
0.017435677220867883,215373.74081295042
0.017418751659281518,215623.73368080685
0.017400897379277608,215874.05882554944
0.017382183744872597,216124.71674118063
0.017362680073782617,216375.707922509
0.01734245563785746,216627.0328651396
0.01732157966160281,216878.69206549984
0.017300121324313616,217130.68602080925
0.01727814975753883,217383.01522911858
0.01725573404795148,217635.68018926933
0.017232943234396163,217888.68140093843
0.017209846310646506,218142.01936460083
0.01718651222361913,218395.69458155183
0.017163009873597732,218649.70755391178
0.017139408115083157,218904.05878461347
0.017115775755962452,219158.74877741438
0.01709218155814894,219413.77803688898
0.017068694236754858,219669.147068444
0.017045382461042237,219924.8563783068
0.017022314854326454,220180.90647352271
0.016999559992530895,220437.29786198493
0.016977186406588962,220694.03105239884
0.016955262580478785,220951.10655430972
0.016933856952272276,221208.52487809135
0.016913037913833074,221466.28653495008
0.016892873810209402,221724.39203694006
0.01687343294150064,221982.84189693216
0.016854783560391252,222241.6366286531
0.016836993874018772,222500.77674666297
0.016820132043569077,222760.26276635713
0.01680426618315868,223020.09520399035
0.016789464361999344,223280.27457664278
0.01677579460225519,223540.80140225252
0.016763324880385632,223801.6761996
0.016752123126540595,224062.89948831795
0.016742257224878904,224324.4717888885
0.016733795013577538,224586.39362264334
0.016726804284739622,224848.66551176604
0.016721346864289572,225111.2879793029
0.01671740232742625,225374.26154915194
0.01671482097020489,225637.58674606506
0.01671339911149468,225901.26409565995
0.016712932136520437,226165.29412441148
0.016713215568033794,226429.67735965995
0.01671404506658815,226694.41432960902
0.01671521643050734,226959.5055633255
0.016716525595753217,227224.95159074158
0.016717768635387383,227490.75294266865
0.016718741760962358,227756.91015077283
0.016719241320865306,228023.42374760084
0.016719063800693483,228290.29426658325
0.016718005824949932,228557.5222419994
0.016715864154066857,228825.10820902692
0.0167124356867105,229093.05270371155
0.01670751745863316,229361.35626298262
0.016700906643047624,229630.0194246496
0.016692400550798726,229899.04272739717
0.016681796629217267,230168.42671080888
0.016668892553744513,230438.17191534006
0.01665352690738971,230708.27888234414
0.016635683842068965,230978.74815405073
0.01661546892791552,231249.58027359593
0.01659300430378223,231520.77578499095
0.01656841202549011,231792.3352331599
0.016541814068462463,232064.25916389463
0.016513332324327813,232336.54812391612
0.01648308860425149,232609.2026608254
0.016451204637644743,232882.2233231144
0.016417802070790168,233155.61066020062
0.01638300246955288,233429.3652223832
0.01634692731680966,233703.48756088593
0.016309698014851298,233977.978227819
0.01627143588361395,234252.83777620565
0.0162322621606071,234528.06675999606
0.01619229800299856,234803.66573402844
0.01615166448517178,235079.63525406958
0.01611048260051329,235355.97587678995
0.0160688732603533,235632.68815978098
0.016026957294280365,235909.77266155614
0.015984855450645326,236187.22994154147
0.01594268839599547,236465.06056008567
0.01590057671519289,236743.26507846251
0.01585864091172225,237021.84405886676
0.0158170014073243,237300.79806442244
0.015775778542589818,237580.12765917263
0.015735092575642543,237859.8334081099
0.015695063684635337,238139.9158771289
0.015655811964819015,238420.37563307973
0.015617457430465338,238701.21324374393
0.015580120015161677,238982.42927782057
0.015543919569664152,239264.0243049721
0.015508975864647338,239545.99889577838
0.015475408588373738,239828.35362177782
0.01544333734877438,240111.08905543177
0.0154128816712262,240394.20577016886
0.015384161000995334,240677.70434034232
0.015357294701207789,240961.58534126548
0.015332402053985747,241245.84934919872
0.015309602260279854,241530.49694135058
0.015289014342011437,241815.52869588832
0.015270725954161382,242100.94519192152
0.015254717878664151,242386.74700952697
0.015240884053556024,242672.93472973915
0.015229107250007812,242959.50893454353
0.01521927031773096,243246.47020689183
0.01521125618523565,243533.81913070288
0.015204947860270027,243821.55629085342
0.015200228429343283,244109.68227318552
0.01519698105743355,244398.19766451788
0.015195088988609738,244687.1030526366
0.0151944355463779,244976.39902628088
0.015194904131469629,245266.0861751954
0.015196378224747746,245556.16509007796
0.015198741385359907,245846.6363626076
0.015201877251177434,246137.50058544183
0.015205669538684923,246428.75835222076
0.01521000204323502,246720.4102575633
0.015214758638756605,247012.45689707267
0.01521982327773605,247304.89886734038
0.015225079991380406,247597.73676594422
0.015230413014648031,247890.97119145113
0.015235708167846347,248184.602743408
0.015240853586458634,248478.63202237396
0.01524573835283862,248773.0596298916
0.01525025163751217,249067.88616849625
0.015254282685840876,249363.11224173085
0.015257720819008527,249658.73845412728
0.015260455432905648,249954.76541122957
0.015262375999392706,250251.1937195691
0.015263372064450985,250548.02398670526
0.015263333250178028,250845.25682119012
0.015262149254036593,251142.8928325737
0.01525970984737319,251440.932631445
0.015255904878143134,251739.3768293786
0.015250624268423493,252038.22603897992
0.015243758016131401,252337.48087385614
0.015235196193543504,252637.14194864637
0.015224828948465502,252937.2098790031
0.015212546503755607,253237.68528159818
0.015198239157215576,253538.5687741278
0.015181797412884904,253839.86097531568
0.01516314304456361,254141.56250490888
0.015142299889902297,254443.673983684
0.0151193725716598,254746.19603345374
0.01509447550173979,255049.12927705035
0.015067723013974578,255352.47433835763
0.015039229365770129,255656.23184228013
0.015009108736680396,255960.40241477202
0.014977475229686489,256264.9866828138
0.014944442869958476,256569.98527443924
0.01491012560559319,256875.3988187287
0.014874637308165354,257181.2279457923
0.014838091771498611,257487.47328679758
0.014800602712310195,257794.13547396474
0.014762283770582694,258101.2151405579
0.014723248508962932,258408.71292089875
0.014683610413310616,258716.6294503573
0.014643482892189199,259024.96536536486
0.014602979276975079,259333.72130341874
0.014562212822661985,259642.8979030632
0.014521296706744614,259952.4958039138
0.014480344030108705,260262.51564664344
0.01443946781627114,260572.95807300112
0.014398781012348568,260883.82372579313
0.014358396488042106,261195.1132489069
0.014318427036518165,261506.82728729636
0.014278985374336865,261818.9664869792
0.014240184140280124,262131.53149507203
0.014202135897330234,262444.5229597492
0.014164953131155596,262757.9415302718
0.01412874825064281,263071.7878569849
0.014093633588083255,263386.06259131315
0.01405972139885493,263700.76638577087
0.014027123861696092,264015.8998939586
0.013995953078805586,264331.46377056127
0.013966321075278778,264647.4586713649
0.01393833980004455,264963.8852532385
0.013912121124885764,265280.7441741569
0.013887776845537462,265598.03609317914
0.01386541868046531,265915.7616704777
0.013845158271960123,266233.92156732053
0.013827106978895793,266552.51644607657
0.013811338392893165,266871.54697022133
0.013797807885972,267191.01380433724
0.013786379705610472,267510.9176141193
0.013776907716331038,267831.2590663753
0.013769245882173797,268152.0388290142
0.013763248265607896,268473.25757107546
0.013758769028651599,268794.9159627061
0.01375566243219385,269117.0146751747
0.013753782836050868,269439.5543808739
0.013752984699185839,269762.53575331584
0.013753122579357863,270085.9594671417
0.01375405113350453,270409.8261981139
0.013755625117064286,270734.13662313437
0.013757699384766855,271058.89142022806
0.013760128889874358,271384.0912685612
0.013762768685134673,271709.7368484162
0.013765473920798462,272035.82884124806
0.013768099847448836,272362.3679296153
0.013770501813366342,272689.3547972392
0.013772535265971225,273016.7901289771
0.01377406151438162,273344.6746108341
0.01377500260255308,273673.0089299742
0.013775365885975131,274001.7937746907
0.01377518942030945,274331.02983443695
0.013774511557545138,274660.71779982897
0.013773370623946311,274990.8583626328
0.013771804919895492,275321.45221576514
0.01376985271892276,275652.5000533265
0.013767552269911035,275984.00257054385
0.013764941794171768,276315.9604638449
0.013762059488057119,276648.37443080364
0.013758943521663148,276981.24517016386
0.013755632038756127,277314.5733818501
0.013752163157511576,277648.3597669513
0.013748574970032358,277982.6050277303
0.013744905542030604,278317.3098676404
0.013741192913809347,278652.4749913014
0.01373747509970063,278988.10110450885
0.013733790087098813,279324.18891427165
0.013730175838981744,279660.739128746
0.013726670242416023,279997.7524573009
0.01372330415017716,280335.2296104934
0.013720087307459081,280673.17130006326
0.013717013614709185,281011.5782389594
0.013714075265561478,281350.4511413117
0.013711264458708653,281689.79072244966
0.013708573397659274,282029.5976989198
0.013705994291787314,282369.8727884608
0.013703519355844422,282710.61671000975
0.013701140809152192,283051.8301837323
0.013698850877457817,283393.51393097395
0.013696641790510477,283735.6686743238
0.013694505784400839,284078.29513756244
0.013692435099865131,284421.3940457004
0.013690421983573946,284764.96612494905
0.01368845868659947,285109.0121027633
0.013686537466026142,285453.5327078063
0.013684650583820868,285798.5286699751
0.013682790307798133,286144.00072037714
0.013680948910169287,286489.94959137274
0.013679118669151637,286836.37601653876
0.01367729189276781,287183.2807306894
0.01367546113860721,287530.66446987505
0.013673619303524644,287878.52797138767
0.013671759405047034,288226.87197375926
0.013669874466564466,288575.69721676165
0.013667957516166913,288925.0044414131
0.013666001586562554,289274.79438998556
0.013663999715719032,289625.0678059866
0.013661944945738252,289975.8254341923
0.013659830323979145,290327.06802062277
0.013657648902333414,290678.7963125601
0.01365539373762578,291031.0110585412
0.013653057891372401,291383.71300836536
0.013650634429698954,291736.90291310125
0.013648116423980164,292090.58152506955
0.013645496949638054,292444.7495978783
0.01364276908750111,292799.4078863916
0.013639925923162082,293154.55714674026
0.01363696054609807,293510.1981363578
0.01363386605174781,293866.3316139257
0.01363063559830441,294222.9583394212
0.01362726917639747,294580.07907409756
0.01362378650620564,294937.6945804999
0.013620221719042926,295295.8056224452
0.0136166103859552,295654.4129650597
0.013612988054423633,296013.5173747398
0.013609390246856827,296373.11961919384
0.013605852461713646,296733.22046741855
0.013602410173110634,297093.8206897074
0.01359909883082851,297454.92105765257
0.013595953860160305,297816.5223441535
0.013593010661838439,298178.625323427
0.013590304613074438,298541.23077097465
0.013587871066134677,298904.339463621
0.013585745349063011,299267.95217950444
0.013583962765607452,299632.0696980807
0.013582558595623913,299996.6928001093
0.013581568094050872,300361.82226768654
0.013581026492026915,300727.45888422057
0.013580968996263086,301093.6034344465
0.013581430789207666,301460.2567044265
0.01358244066369129,301827.4194815621
0.013583968436104925,302195.0925545675
0.01358590542500273,302563.2767135033
0.013588116911493585,302931.9727497775
0.013590468087557574,303301.18145610765
0.013592824236362917,303670.9036265875
0.013595050734619384,304041.1400566266
0.013597013050730298,304411.8915429978
0.013598576745559053,304783.1588838265
0.013599607473038315,305154.94287856447
0.013599970978321501,305527.24432804785
0.013599533099580181,305900.0640344557
0.013598159767344567,306273.4028013181
0.013595717003685752,306647.26143354963
0.013592070923933183,307021.64073739963
0.013587087734668964,307396.5415205078
0.013580633735126916,307771.964591874
0.013572575316771937,308147.91076186433
0.01356277896279999,308524.380842231
0.013551111248980905,308901.37564608926
0.013537439251249223,309278.89598794706
0.013521669203976714,309656.94268368045
0.013503815933222151,310035.5165505627
0.013483971467334788,310414.6184072376
0.013462235117270358,310794.2490737551
0.013438706126610455,311174.4093715497
0.013413483671266185,311555.1001234446
0.013386666859028866,311936.3221536716
0.013358354730446319,312318.0762878489
0.013328646257907464,312700.36335301003
0.013297640346515942,313083.18417758273
0.013265435833641447,313466.53959140077
0.01323213148886299,313850.43042571226
0.013197826013989599,314234.8575131862
0.013162618043691976,314619.8216878931
0.013126606144981737,315005.3237853177
0.013089888816699462,315391.36464238685
0.013052564490981983,315777.94509742677
0.013014731532059908,316165.0659901942
0.012976488236507797,316552.72816188086
0.012937932833491119,316940.9324551096
0.012899163485082892,317329.6797139221
0.012860278285158311,317718.9707838203
0.012821375261209212,318108.8065117108
0.012782552372123437,318499.1877459773
0.012743907510438402,318890.11533641745
0.0127055385005777,319281.590134296
0.012667543099981323,319673.61299231835
0.012630018998826664,320066.184764636
0.012593063819681644,320459.3063068637
0.01255677511803791,320852.97847606754
0.012521250381963374,321247.20213077764
0.012486587032340572,321641.9781309853
0.012452882423028657,322037.30733813654
0.012420233840089277,322433.1906151655
0.012388738503031993,322829.62882645754
0.012358493563680458,323226.62283788563
0.012329596107125942,323624.1735167848
0.01230214315095859,324022.28173197905
0.012276231645858235,324420.9483537676
0.012251958475257287,324820.17425393837
0.012229420095805733,325219.9603057612
0.01220868410043651,325620.30738400004
0.012189741065844665,326021.2163649062
0.012172528301631833,326422.6881262271
0.0121569784167194,326824.72354721476
0.012143024066320788,327227.3235086121
0.01213059795164535,327630.48889266065
0.012119632819397324,328034.2205831277
0.012110061462882574,328438.5194652692
0.01210181672087569,328843.38642586773
0.01209483147837751,329248.8223532132
0.012089038666530102,329654.8281370998
0.012084371261697478,330061.4046688669
0.012080762286778662,330468.55284135905
0.012078144810287746,330876.2735489534
0.012076451946827943,331284.56768754695
0.012075616856591895,331693.4361545772
0.01207557274569712,332102.87984901655
0.012076252866380753,332512.8996713625
0.012077590516429784,332923.4965236589
0.0120795190394473,333334.67130949453
0.012081971824908095,333746.4249340021
0.012084882308145781,334158.75830385886
0.012088183970200811,334571.672327294
0.012091810337876369,334985.16791409045
0.01209569498358629,335399.2459755951
0.012099771525759471,335813.90742470475
0.012103973628409561,336229.1531758808
0.01210823500125994,336644.98414514994
0.012112489399661766,337061.40125011094
0.012116670624719666,337478.4054099317
0.012120712523278517,337895.9975453513
0.012124548987771148,338314.17857868597
0.012128113956204641,338732.94943383615
0.012131341412356368,339152.31103627954
0.012134165385481958,339572.26431308454
0.01213651995051069,339992.8101929067
0.012138339228172493,340413.94960598217
0.012139557384286709,340835.6834841599
0.012140108630585159,341258.01276087714
0.012139927224420873,341680.93837116606
0.012138947970700115,342104.4612516785
0.012137139843613417,342528.5823406461
0.012134559662876231,342953.3025779387
0.012131323327316134,343378.62290502375
0.012127551572664921,343804.54426497174
0.012123365050751348,344231.067602498
0.01211888433084666,344658.1938639205
0.012114229898785663,345085.92399718915
0.01210952215747679,345514.2589518718
0.012104881426371013,345943.1996791804
0.012100427942250228,346372.7471319451
0.012096281858418588,346802.90226464684
0.012092563245558957,347233.6660333914
0.012089392090995897,347665.03939593735
0.012086888299203822,348097.02331168647
0.01208517169176248,348529.61874168494
0.012084362007243695,348962.8266486316
0.012084578901235724,349396.6479968835
0.012085941946574936,349831.0837524502
0.012088570633093779,350266.13488300645
0.012092584367853125,350701.80235788994
0.012098080406007421,351138.0871480899
0.01210498521282392,351574.9902263038
0.012113015310480093,352012.51256685366
0.012121825868441,352450.6551457724
0.01213107210163148,352889.4189407606
0.012140409463264596,353328.80493119126
0.012149493644009007,353768.814098149
0.012157980573443387,354209.447424373
0.012165526418113047,354650.70589432924
0.012171787583333163,355092.5904941469
0.012176420711660026,355535.1022116683
0.012179082683375484,355978.2420364417
0.012179430616624728,356422.01095971337
0.01217712186727558,356866.40997442673
0.012171814028222507,357311.44007525453
0.012163164930149146,357757.102258575
0.012150832641248437,358203.3975224721
0.0121344754663888,358650.32686677744
0.012113751948497882,359097.89129301475
0.012088320867105635,359546.09180445
0.01205784372861881,359994.92940608336
0.012022127513163576,360444.4051046382
0.01198133956165392,360894.51990858023
0.011935882843740921,361345.2748281052
0.0118861783266115,361796.6708751581
0.011832646687174776,362248.70906343637
0.01177570831235191,362701.3904083834
0.011715783299292178,363154.7159271799
0.01165329145478945,363608.6866387748
0.01158865229584094,364063.30356387695
0.011522285049667132,364518.5677249604
0.011454608654124196,364974.4801462471
0.011386041756874314,365431.0418537528
0.011317002716648941,365888.25387524295
0.011247909602422957,366346.1172402672
0.011179180193829415,366804.6329801565
0.011111231981309483,367263.8021280224
0.011044482166197961,367723.6257187575
0.010979347660684572,368184.1047890443
0.01091624508790241,368645.24037736113
0.01085559078226442,369107.03352397226
0.010797776140780063,369569.4852709627
0.010743012272490457,370032.5966621812
0.01069129441076127,370496.36874332407
0.010642557286709797,370960.8025618696
0.010596735541375904,371425.89916710136
0.010553763859838911,371891.65961014613
0.010513576972228876,372358.08494393365
0.01047610965316932,372825.176223214
0.01044129672170578,373292.9345045687
0.010409073041590527,373761.3608463982
0.010379373520853911,374230.4563089464
0.01035213311220565,374700.221954286
0.010327286812727089,375170.65884633403
0.010304769664033684,375641.7680508493
0.010284516752261243,376113.55063543207
0.01026646320787827,376586.0076695378
0.01025054420602169,377059.14022446115
0.01023669496584411,377532.9493733734
0.01022485075108228,378007.4361913046
0.010214946870331653,378482.6017551181
0.010206918675702538,378958.4471435859
0.010200701564541335,379434.9734373113
0.010196230977742289,379912.181718809
0.010193442401234522,380390.0730724414
0.010192271364930673,380868.6485844624
0.010192653443116704,381347.90934300877
0.01019452425426591,381827.85643811326
0.010197819461428803,382308.4909616853
0.010202474771643332,382789.8140075409
0.010208425936325125,383271.8266713921
0.010215608751138876,383754.5300508528
0.010223959056215119,384237.92524542625
0.010233412735329407,384722.01335655444
0.01024390571692751,385206.7954875758
0.010255373973534718,385692.27274374804
0.01026775352203154,386178.44623223576
0.010280980423119411,386665.3170621438
0.01029499078176962,387152.88634450384
0.010309720747326634,387641.1551922647
0.010325106512972183,388130.1247203214
0.010341084316117672,388619.7960455043
0.01035759043845028,389110.1702865727
0.01037456120527735,389601.2485642561
0.010391932986445604,390093.032001213
0.010409642195628394,390585.52172206296
0.010427625290779178,391078.7188533676
0.010445818773355514,391572.62452367716
0.010464159189656774,392067.23986346414
0.01048258312898675,392562.56600521633
0.010501027225642055,393058.6040833463
0.010519428157130944,393555.3552342736
0.010537722645338641,394052.8205963799
0.010555847455863996,394551.0013100406
0.010573739398598682,395049.89851759654
0.010591335326942153,395549.5133633963
0.010608572138321086,396049.8469937815
0.010625386774356163,396550.90055707225
0.010641716220013139,397052.6752036158
0.010657497504662746,397555.1720857399
0.010672667701112113,398058.3923577984
0.01068716392648806,398562.3371761319
0.010700923174721492,399067.00769913284
0.01071387511015235,399572.4050871779
0.010725932422212084,400078.53050269256
0.010736997342916513,400585.3851101147
0.010746971468603126,401092.97007592034
0.010755756464337775,401601.2865686142
0.010763254063772458,402110.3357587367
0.010769366068821506,402620.1188188886
0.010773994350485054,403130.6369236901
0.010777040847680348,403641.89124983974
0.010778407568488392,404153.8829760565
0.010777996588742414,404666.6132831519
0.010775710053154336,405180.08335398545
0.010771450175171603,405694.2943734583
0.010765119235869001,406209.2475285789
0.010756619585194579,406724.944008415
0.010745853641645474,407241.38500409515
0.010732723891703863,407758.57170884334
0.010717132890116684,408276.5053179787
0.01069898326047419,408795.1870288785
0.010678177693868288,409314.6180410519
0.01065464357492054,409834.79955607274
0.01062846917738559,410355.7327776316
0.010599925748991351,410877.4189115071
0.010569331223710088,411399.859165609
0.010537003357993818,411923.05474995717
0.010503259688216105,412447.00687665644
0.010468417529447256,412971.7167599726
0.010432793976937188,413497.1856162726
0.010396705905303446,414023.41466406523
0.010360469969301244,414550.40512396616
0.010324402602847718,415078.1582187619
0.010288820020252524,415606.675173357
0.010254038215706111,416135.9572147962
0.01022037296289485,416666.00557230675
0.010188139816444185,417196.8214772227
0.010157654110330615,417728.40616307314
0.010129230959377974,418260.7608655167
0.010103185258191368,418793.88682240236
0.01007983168218984,419327.78527372377
0.010059484686661069,419862.4574616805
0.010042454886938357,420397.9046306136
0.010028910907701031,420934.12802706717
0.010018705179219605,421471.12889976666
0.010011500574768802,422008.90849962656
0.010006948461607726,422547.4680797417
0.010004700448639114,423086.808895427
0.010004408387001822,423626.9322041883
0.010005724369713788,424167.83926573524
0.010008300731539481,424709.53134198836
0.010011790048968735,425252.009697083
0.010015845140082665,425795.2755973772
0.010020119064532488,426339.33031145507
0.010024265123740845,426884.17511010787
0.010027936860098806,427429.8112663818
0.010030788057725068,427976.2400555393
0.010032472741607483,428523.4627551047
0.010032645178473503,429071.48064481287
0.010030959875429114,429620.2950066877
0.010027071581387183,430169.9071249628
0.010020635285539347,430720.3182861617
0.010011306218171095,431271.52977906587
0.009998778054538504,431823.5428946882
0.00998298101380113,432376.3589263491
0.009964107498386813,432929.9791696289
0.009942413832845628,433484.40492239204
0.009918156196151414,434039.6374847699
0.009891590589287201,434595.67815918033
0.009862972835084144,435152.528250357
0.0098325585789932,435710.18906531157
0.009800603288756137,436268.6619133493
0.00976736225419219,436827.9481060963
0.009733090587907566,437388.048957464
0.009698043224592886,437948.9657836963
0.009662474921463247,438510.69990336406
0.009626640258849305,439073.2526373215
0.00959079363918147,439636.6253087744
0.009555189287639942,440200.8192432631
0.009520081252370268,440765.83576865
0.009485723404115954,441331.67621514946
0.009452369436803791,441898.3419152973
0.009420272866970237,442465.83420399285
0.00938968514930064,443034.15441849444
0.009360791940967835,443603.303898414
0.009333637382361011,444173.283985706
0.009308183230601562,444744.09602471115
0.009284386565552935,445315.7413621407
0.009262204496986276,445888.2213470505
0.009241594163442113,446461.537330928
0.009222512733759791,447035.6906676019
0.009204917405889324,447610.6827133082
0.00918876540749582,448186.514826663
0.00917401399554138,448763.18836869276
0.009160620456531673,449340.70470282744
0.009148542106708072,449919.0651948829
0.009137736291429773,450498.2712131069
0.009128160385621078,451078.32412816305
0.009119771793862058,451659.2253131188
0.009112527949874157,452240.97614348633
0.009106386317166388,452823.57799718296
0.00910130438827038,453407.0322545859
0.009097239685334609,453991.3402985046
0.009094149760214935,454576.5035141633
0.009091992193460975,455162.5232892821
0.009090724595561856,455749.4010140068
0.00909030460643385,456337.1380809258
0.009090689894859682,456925.73588512524
0.009091838159431825,457515.1958241336
0.009093707127940819,458105.5192979556
0.009096254557466385,458696.7077090773
0.00909943823451818,459288.7624624586
0.009103215974775066,459881.68496555655
0.009107545623577355,460475.47662829084
0.009112385054964348,461070.1388631186
0.009117692172918204,461665.6730849559
0.009123424910201045,462262.0807112526
0.009129541229147817,462859.36316195154
0.009135999121305425,463457.52185950836
0.009142756607272406,464056.55822891346
0.00914977173709099,464656.4736976714
0.009157002589986146,465257.2696958167
0.00916440727460823,465858.9476558975
0.00917194392831742,466461.50901303615
0.009179570718080834,467064.9552048786
0.009187245840161647,467669.28767160146
0.009194927519452169,468274.50785597577
0.009202574010625757,468880.6172032938
0.00921014359716735,469487.6171614279
0.009217594591869263,470095.50918081
0.009224885336568671,470704.29471445055
0.009231974202390445,471313.9752179255
0.009238819589332767,471924.5521494113
0.009245379926713157,472536.02696966106
0.009251613673006993,473148.4011420117
0.009257479315685109,473761.67613240005
0.009262935371102727,474375.85340938496
0.009267940385048155,474990.9344441104
0.009272452932174392,475606.9207103418
0.009276431616396142,476223.81368444464
0.009279835070269084,476841.6148454366
0.009282621955845385,477460.32567493303
0.009284750963901061,478079.9476571983
0.009286180814332256,478700.48227913
0.009286870256196934,479321.93103025225
0.009286788102469494,479944.29540277156
0.009285959019073682,480567.576891506
0.009284466499796341,481191.7769939553
0.009282407035757877,481816.89721027215
0.009279877051626115,482442.9390432822
0.009276972904817238,483069.9039984823
0.009273790885517757,483697.79358404124
0.009270427216606161,484326.6093108121
0.009266978053675438,484956.3526923406
0.009263539485207348,485587.02524485847
0.00926020753244375,486218.62848729716
0.0092570781493077,486851.1639413065
0.009254247223083543,487484.63313120324
0.009251810573175374,488119.03758407093
0.009249863952596775,488754.3788296672
0.00924850304662769,489390.6584005199
0.00924782347435364,490027.8778318219
0.009247920786919722,490666.03866155935
0.009248890469018858,491305.1424304285
0.0092508279381572,491945.19068188034
0.00925382566071038,492586.18496210955
0.009257895154364692,493228.12682007265
0.009262884861841047,493871.01780747983
0.009268553961324944,494514.85947880364
0.009274657495101844,495159.6533913105
0.0092809506771964,495805.4011050102
0.009287188892403962,496452.1041827238
0.009293127696940831,497099.76419004763
0.009298522818183684,497748.3826953613
0.009303130154307537,498397.9612698619
0.009306705774886416,499048.50148751785
0.009309005919770238,499700.0049251572
0.009309787000496913,500352.47316236567
0.009308805598713174,501005.9077815942
0.009305818467383336,501660.31036808155
0.00930058252971763,502315.6825099262
0.009292854879772426,502972.025798056
0.009282392782441305,503629.3418262126
0.009268953672689258,504287.63219101436
0.009252295156050963,504946.8984919359
0.009232175008822887,505607.1423312783
0.009208407573085053,506268.36531423085
0.009181105213070997,506930.56904885126
0.009150686312160684,507593.7551460481
0.00911763358426327,508257.92521963804
0.009082429406904485,508923.0808863045
0.009045555820227754,509589.2237656256
0.009007494527111382,510256.35548008606
0.008968726893627064,510924.47765505256
0.00892973394866502,511593.5919188154
0.008890996384441371,512263.6999025686
0.008852994556321275,512934.8032404373
0.008816208483416839,513606.90356943995
0.00878111784779044,514280.00252957194
0.008748201995767917,514954.1017637186
0.008717939936955578,515629.2029177388
0.008690810345118191,516305.3076404203
0.008667291557914375,516982.4175835062
0.008647861577014188,517660.53440170933
0.008632998068590192,518339.65975267993
0.00862317836277725,519019.7952970674
0.008618870136138919,519700.94269848324
0.008620304336764483,520383.1036235051
0.008627250316381525,521066.27974173054
0.008639232456102009,521750.472725718
0.00865576468794401,522435.68425104255
0.008676361283654921,523121.9159962738
0.00870053685431377,523809.1696430043
0.008727806350637043,524497.446875816
0.008757685062155436,525186.7493823471
0.008789688617993913,525877.0788532263
0.00882333298585596,526568.4369821467
0.008858134472616788,527260.8254658213
0.008893609723827163,527954.2460040121
0.008929275723691107,528648.700299531
0.008964649794803088,529344.1900582633
0.008999249598562757,530040.7169891235
0.009032593134235168,530738.2828041259
0.009064198739609201,531436.889218334
0.00909358509034514,532136.5379499036
0.009120271199952313,532837.2307200908
0.009143776420164323,533538.9692532106
0.009163682187926075,534241.7552767069
0.009179880129029594,534945.5905211101
0.009192572391628953,535650.4767200629
0.009202023303934928,536356.4156103309
0.00920849700961969,537063.4089317932
0.009212257467730587,537771.4584274592
0.009213568452754577,538480.5658434781
0.009212693554732069,539190.7329291425
0.009209896179569192,539901.9614368672
0.009205439548455922,540614.2531222494
0.00919958669872472,541327.6097440138
0.009192600483022275,542042.033064092
0.009184743570413701,542757.5248475461
0.009176278445654187,543474.0868626242
0.009167467409402864,544191.7208807687
0.009158572578483836,544910.4286766073
0.00914985588575361,545630.212027975
0.009141579080707299,546351.0727158628
0.00913400372841007,547073.0125245238
0.009127391210841312,547796.0332413828
0.009121997959879013,548520.1366571342
0.009117970339208581,549245.324565633
0.009115246824179496,549971.598764025
0.009113658994156427,550698.9610526517
0.009113034268505025,551427.4132351392
0.00911320018788146,552156.9571183367
0.009113984413700002,552887.5945123518
0.009115214727993069,553619.3272305746
0.009116719033858378,554352.1570896431
0.009118325354828642,555086.0859094945
0.009119861835368061,555821.1155133317
0.00912115674058498,556557.2477276387
0.009122038455797362,557294.4843822349
0.009122335487421283,558032.8273101998
0.009121876462046421,558772.2783479439
0.00912049012698112,559512.8393351699
0.00911800534952492,560254.5121149439
0.009114251118002207,560997.2985336063
0.009109056540398923,561741.2004408869
0.009102250845591063,562486.2196898127
0.009093663382677362,563232.3581367619
0.009083146059274056,563979.6176415037
0.00907065795619012,564728.0000671141
0.009056262751976832,565477.5072800976
0.009040044028726907,566228.1411502679
0.009022085309657323,566979.9035508585
0.009002470059906734,567732.7963584808
0.008981281686457437,568486.8214531281
0.008958603537771621,569241.9807182201
0.008934518904533024,569998.2760405454
0.008909111018849879,570755.7093103325
0.00888246305475697,571514.2824212303
0.00885465812832942,572273.9972702931
0.008825779297227807,573034.8557580318
0.008795909561335441,573796.8597883664
0.008765131862069514,574560.0112686958
0.008733529083062188,575324.3121098508
0.008701184049757879,576089.7642261321
0.008668179529713828,576856.369535292
0.008634598232248932,577624.1299585785
0.008600522808928557,578393.0474207008
0.008566035853260346,579163.1238498584
0.008531219900762051,579934.3611777504
0.008496157429119057,580706.7613395676
0.008460930857977528,581480.326274022
0.00842562254937232,582255.0579233103
0.008390314807160178,583030.9582331771
0.008355089877447795,583808.0291528937
0.008320029948699788,584586.2726352451
0.008285217151357965,585365.6906365764
0.008250733558174161,586146.2851167759
0.008216661184273128,586928.0580392687
0.008183081986734222,587711.0113710727
0.008150077865096647,588495.1470827665
0.00811773066133275,589280.4671484852
0.008086122159521624,590066.9735459659
0.008055334086260916,590854.6682565183
0.00802544811029856,591643.553265072
0.007996545843026545,592433.6305601352
0.007968708837988062,593224.902133852
0.007942018591367386,594017.3699819653
0.00791655654113089,594811.0361038405
0.007892393633861084,595605.9025025028
0.007869553396834062,596401.9711845696
0.007848014236966757,597199.244160368
0.007827746407159998,597997.7234438043
0.007808720180244318,598797.4110525147
0.007790905850307641,599598.3090077415
0.007774273731482125,600400.4193344617
0.007758794159097553,601203.7440612735
0.007744437488557023,602008.2852205185
0.007731174096239247,602814.0448482016
0.007718974378994498,603621.0249840381
0.007707808754262065,604429.227671454
0.0076976476600629515,605238.6549575925
0.007688461554869739,606049.3088933423
0.007680220918048954,606861.1915332852
0.007672896249159244,607674.3049357799
0.007666458068637329,608488.6511628971
0.007660876917098641,609304.2322805033
0.007656123356022049,610121.0503581963
0.0076521679672541,610939.1074693562
0.007648981353366683,611758.4056911113
0.007646534137001119,612578.9471044281
0.007644796961794559,613400.7337940161
0.007643740491600523,614223.7678484078
0.007643335410887733,615048.0513599315
0.007643552424489917,615873.586424743
0.007644362257962776,616700.3751427899
0.007645735657049724,617528.4196178758
0.007647643388039504,618357.7219576407
0.007650056237880301,619188.2842735397
0.007652945013605017,620020.1086809202
0.0076562805430532245,620853.1972989513
0.007660033674256234,621687.5522506903
0.00766417527579438,622523.1756630569
0.007668676236627008,623360.0696668542
0.007673507466045184,624198.2363967879
0.007678639893948043,625037.6779914359
0.007684044470388646,625878.3965933062
0.0076896921660949465,626720.394348786
0.0076955539718937885,627563.6734082109
0.007701600898986793,628408.2359258567
0.00770780397943229,629254.0840598673
0.0077141342648764655,630101.2199724162
0.007720562828051348,630949.6458295516
0.0077270607614240445,631799.3638013443
0.007733599178330073,632650.3760617755
0.007740149212109671,633502.6847888258
0.0077466820164269696,634356.2921644677
0.007753168765466206,635211.2003746369
0.00775958065347532,636067.4116092944
0.00776588889520834,636924.9280623846
0.007772064725672429,637783.7519318634
0.007778079400038118,638643.8854197229
0.007783904193754765,639505.3307319926
0.007789510402831211,640368.0900787001
0.007794869343211664,641232.1656739498
0.007799952351302238,642097.5597358765
0.007804730783512143,642964.2744867089
0.007809176016862423,643832.3121526993
0.007813259448155859,644701.6749642303
0.007816952495038856,645572.3651556916
0.007820227062228343,646444.3849656559
0.007823063363590984,647317.7366367382
0.007825455918256573,648192.4224156602
0.007827405914300492,649068.4445532991
0.007828914734219605,649945.8053046104
0.007829983759220699,650824.5069287285
0.007830614370003618,651704.5516888897
0.00783080794622538,652585.9418524887
0.007830565866459948,653468.6796911112
0.00782988950889839,654352.7674804492
0.00782878025031975,655238.2075004255
0.007827239467037788,656125.0020351032
0.0078252685342022,657013.1533727658
0.007822868826415816,657902.6638058524
0.007820041716871213,658793.5356310772
0.007816788578501817,659685.7711493012
0.007813110783078472,660579.3726656246
0.007809009701209931,661474.3424894288
0.007804486703204219,662370.6829342684
0.007799543158044644,663268.3963179919
0.007794180434523845,664167.4849626662
0.0077884006897966694,665067.9511946673
0.007782209333819853,665969.7973445985
0.007775614716532526,666873.025747384
0.00776862566198994,667777.638742222
0.007761250988152488,668683.6386725979
0.007753499506684743,669591.0278863225
0.007745380023202017,670499.8087355179
0.007736901337272118,671409.9835766159
0.007728072242134243,672321.5547704075
0.007718901525146551,673234.5246819961
0.0077093979673025885,674148.895680863
0.0076995703437189,675064.6701408204
0.007689427423152506,675981.8504400754
0.007678977968487151,676900.4389611818
0.007668230736292476,677820.4380910997
0.007657194477148685,678741.85022117
0.007645877935406589,679664.677747152
0.007634289849511311,680588.9230691886
0.0076224389516444235,681514.5885918566
0.007610333967885795,682441.6767241649
0.007597983618216061,683370.1898795639
0.00758539661671722,684300.1304759178
0.007572581671059137,685231.5009355837
0.007559547483096189,686164.3036853498
0.007546302748355154,687098.5411565052
0.007532856156433253,688034.2157848054
0.007519216390880313,688971.3300104819
0.007505392129083759,689909.8862782705
0.007491392042193289,690849.887037443
0.007477224795553783,691791.3347417554
0.007462899048276586,692734.2318495035
0.007448423453554174,693678.5808234927
0.007433806658195399,694624.3841311152
0.007419057303327794,695571.644244266
0.007404184023661741,696520.3636394435
0.007389195447997348,697470.5447977051
0.007374100199263754,698422.1902046513
0.007358906893905459,699375.3023505269
0.007343624142692912,700329.8837301293
0.007328260550109381,701285.9368428873
0.007312824714660763,702243.46419284
0.007297325228876916,703202.4682886361
0.0072817706790479,704162.9516435855
0.007266169645568404,705124.9167756259
0.0072505307028627895,706088.3662073272
0.007234862419086038,707053.3024659508
0.007219173356466059,708019.7280834208
0.007203472071154387,708987.6455963491
0.007187767113416528,709957.0575460114
0.007172067027334074,710927.9664783966
0.0071563803509570294,711900.3749442068
0.007140715616380734,712874.2854988512
0.0071250813495993505,713849.7007024749
0.007109486070692987,714826.6231199418
0.007093938293497602,715805.055320896
0.007078446526124319,716784.9998796959
0.007063019270481277,717766.4593754819
0.007047665022425225,718749.4363921802
0.0070323922720189076,719733.9335184647
0.007017209502984583,720719.9533478505
0.007002125193400765,721707.4984786026
0.006987147814939093,722696.5715138582
0.006972285833775291,723687.1750614968
0.006957547709538805,724679.3117343045
0.006942941896222008,725672.9841498658
0.006928476841602804,726668.1949306463
0.006914160987859624,727664.9467039019
0.006900002770567543,728663.2421018472
0.006886010619741377,729663.0837615303
0.00687219295940728,730664.4743248714
0.006858558207355607,731667.4164387288
0.006845114775606761,732671.9127548418
0.00683187107009302,733677.9659298819
0.006818835490838441,734685.5786254369
0.006806016431854711,735694.7535080349
0.0067934222811083305,736705.4932491668
0.006781061420804757,737717.8005252442
0.00676894222686295,738731.6780176956
0.006757073069550417,739747.1284128814
0.0067454623129587134,740764.1544021752
0.00673411831535592,741782.7586819265
0.00672304942887511,742802.9439535197
0.006712263999864748,743824.7129233333
0.006701770368613138,744848.0683027843
0.006691576869523879,745873.0128083167
0.006681691831048201,746899.5491614158
0.006672123575515885,747927.6800886574
0.006662880419585884,748957.4083216425
0.006653970673799202,749988.7365970671
0.006645402642720904,751021.6676567276
0.00663718462514755,752056.2042474886
0.006629324913765508,753092.3491213458
0.0066218317953950345,754130.1050354068
0.0066147135509909616,755169.4747518915
0.006607978455406615,756210.4610381867
0.006601634777737398,757253.0666668038
0.006595690781117845,758297.2944154094
0.006590154722622676,759343.147066866
0.006585034853540964,760390.6274091995
0.006580339419276145,761439.7382356111
0.006576076659178659,762490.482344524
0.006572254806786059,763542.862539557
0.006568881106794885,764596.8816295619
0.006565949015860737,765652.5424286094
0.006563430236134742,766709.847756031
0.006561287346076127,767768.8004363725
0.006559482765874072,768829.4032994851
0.006557978942410399,769891.6591804659
0.006556738348945412,770955.5709197093
0.006555723485344118,772021.1413628759
0.006554896877593621,773088.3733609973
0.0065542210786698136,774157.2697703268
0.0065536586674486514,775227.8334525257
0.006553172249572257,776300.0672745481
0.006552724457000462,777373.9741087034
0.006552277948135584,778449.5568326506
0.006551795407576682,779526.8183294614
0.006551239546681585,780605.7614875236
0.006550573102883486,781686.3892006562
0.006549758840152241,782768.7043680543
0.006548759548613853,783852.7098943635
0.006547538045011042,784938.4086896076
0.006546057196032955,786025.8036692629
0.006544291221952513,787114.8977542729
0.006542255011955851,788205.6938709768
0.0065399974895794955,789298.1949512393
0.006537572244809564,790392.4039323794
0.006535032829738974,791488.3237572073
0.006532432758715736,792585.9573740059
0.006529825508056287,793685.307736603
0.006527264516361418,794786.3778043385
0.006524803184397252,795889.170542093
0.006522494875276736,796993.688920262
0.006520392914173368,798099.9359148208
0.006518550588636798,799207.9145072876
0.006517021148306447,800317.6276847883
0.006515857805260983,801429.078440011
0.0065151137338314465,802542.2697712401
0.006514842070516083,803657.2046823987
0.006515095914229516,804773.886183023
0.00651592832641608,805892.3172882299
0.006517392330365093,807012.501018876
0.006519540912258946,808134.4404013862
0.006522421597039511,809258.1384678985
0.006526011169016354,810383.5982562208
0.006530177950663137,811510.8228098154
0.006534746388828434,812639.8151779352
0.006539540284497326,813770.5784154418
0.006544383562794488,814903.1155829895
0.006549100273670285,816037.4297469282
0.0065535145914513105,817173.5239793716
0.00655745081489243,818311.4013582065
0.006560733367262017,819451.0649670751
0.0065631867962604095,820592.5178953783
0.006564635773636535,821735.7632383624
0.006564905095742051,822880.8040970202
0.006563819682846651,824027.6435782108
0.006561204579558541,825176.2847946013
0.0065568849546085075,826326.7308646927
0.0065506861008344745,827478.9849128232
0.006542433434866193,828633.0500692443
0.0065319524975776195,829788.9294700415
0.0065190689536041915,830946.6262572146
0.006503608768616034,832106.1435786114
0.006485457277385155,833267.4845880503
0.006464703328112435,834430.652445257
0.006441601701237058,835595.6503158656
0.006416428640271016,836762.4813714747
0.0063894601936798235,837931.1487896384
0.006360972214860406,839101.6557538991
0.006331240362379819,840274.005453767
0.0063005401000173124,841448.2010847233
0.006269146696519309,842624.2458483095
0.006237335226253397,843802.1429520263
0.006205380568644624,844981.895609465
0.0061735574088878625,846163.5070402
0.006142140237454237,847346.9804699039
0.006111403350483995,848532.3191303156
0.006081620849891739,849719.5262592336
0.006053066643348172,850908.6051005358
0.006026014444111999,852099.5589042652
0.006000737771751387,853292.3909264996
0.005977509951422348,854487.1044295214
0.005956604114648755,855683.7026816998
0.005938281461318212,856882.188957606
0.005922660408628639,858082.5665379111
0.005909646605904194,859284.8387095283
0.005899062686178229,860489.0087655372
0.005890730154829174,861695.0800052062
0.005884470643000268,862903.0557340531
0.0058801059078796136,864112.9392637876
0.00587745783232234,865324.7339123881
0.005876348425009561,866538.4430040811
0.005876599820369949,867754.0698693497
0.005878034278411169,868971.6178449782
0.005880474184997763,870191.0902739807
0.005883742051146834,871412.4905057683
0.0058876605137231,872635.8218960174
0.005892052335002762,873861.0878067336
0.005896740402713278,875088.2916062507
0.005901547729774881,876317.4366693008
0.00590629745454956,877548.526376972
0.005910812840822329,878781.564116688
0.005914917277242987,880016.5532823472
0.005918434412261488,881253.497274177
0.0059212211249547505,882492.3994988721
0.005923243265947375,883733.2633695605
0.005924553244318232,884976.0923057942
0.0059252140736268605,886220.8897335627
0.005925288722603807,887467.659085412
0.005924840115947356,888716.4038002833
0.0059239311335914325,889967.1273236661
0.005922624611142478,891219.8331075425
0.005920983339718296,892474.5246104324
0.00591907006608413,893731.2052973812
0.005916947492521101,894989.8786400078
0.005914678277083472,896250.5481164607
0.00591232503337626,897513.2172114758
0.005909950330543354,898777.8894164186
0.0059076166936435,900044.5682292082
0.0059053866031906176,901313.2571544326
0.005903322495736973,902583.9597032315
0.005901486763116774,903856.6793934884
0.00589994175329758,905131.4197496718
0.005898749769832236,906408.1843029475
0.005897969189790048,907686.9765911922
0.005897614308131592,908967.8001589142
0.005897635529104573,910250.6585574115
0.005897959260492277,911535.5553446503
0.005898511653855467,912822.4940853689
0.005899218913156738,914111.4783510331
0.00590000729441204,915402.5117199307
0.005900803106264851,916695.5977770368
0.005901532709103394,917990.740114225
0.005902122515872088,919287.9423301121
0.005902498991664144,920587.2080301212
0.005902588653403764,921888.5408265991
0.005902318070598205,923191.9443386486
0.005901613864544202,924497.4221922986
0.0059004027089004886,925804.9780203928
0.005898611329044863,927114.6154627532
0.0058961665027356565,928426.3381660446
0.005892995059674687,929740.1497838548
0.005889023881487121,931056.0539767296
0.005884179901878181,932374.0544121456
0.005878390201691989,933694.154764565
0.005871599857338552,935016.35871538
0.005863810550927706,936340.6699530464
0.005855067751975561,937667.0921729254
0.005845421969654223,938995.6290775128
0.005834923678047265,940326.2843762189
0.005823623315135955,941659.0617856111
0.005811571283693414,942993.9650292422
0.005798817950741944,944330.9978377677
0.0057854136477426,945670.1639489414
0.005771408670668276,947011.4671076078
0.0057568532798724205,948354.9110657554
0.005741797700334319,949700.4995824698
0.005726292121413551,951048.2364240051
0.0057103866969797305,952398.1253637858
0.005694131545426669,953750.1701824206
0.005677576749829097,955104.3746676674
0.005660772357586604,956460.7426145446
0.00564376838086426,957819.2778252491
0.005626614796237942,959179.9841092546
0.00560936154499203,960542.8652832657
0.00559205853310346,961907.925171216
0.005574755630836955,963275.1676044154
0.0055575026735700805,964644.5964213496
0.005540349460885949,966016.2154679178
0.005523345757312507,967390.0285972904
0.005506541291919064,968766.0396700085
0.00548998575863539,970144.2525539207
0.005473728815879055,971524.6711243016
0.005457820087010332,972907.2992637558
0.005442309159881303,974292.1408623536
0.005427245587313631,975679.1998175336
0.005412678886839612,977068.4800341649
0.00539865854063647,978459.9854246073
0.00538523399589183,979853.7199086265
0.00537245466446648,981249.6874134894
0.00536036992304454,982647.8918739611
0.005349029113200361,984048.3372322998
0.0053384815413060815,985451.0274383005
0.005328776478679355,986855.966449271
0.005319963161357769,988263.1582301216
0.005312090679478035,989672.6067532856
0.005305191648000073,991084.3159987695
0.005299248929081438,992498.2899542185
0.005294207914991616,993914.5326149138
0.0052900099528220695,995333.0479836827
0.005286596430832124,996753.8400710556
0.00528390877869675,998176.9128952452
0.005281888467726954,999602.2704820685
0.005280477010247274,1001029.9168651418
0.0052796159603421,1002459.8560856873
0.005279246913207911,1003892.0921926985
0.005279311505425788,1005326.6292429024
0.005279751414813506,1006763.4713008143
0.005280508360723773,1008202.6224386476
0.005281524103423621,1009644.0867365107
0.0052827404449180305,1011087.8682821803
0.0052840992279351885,1012533.9711713968
0.00528554233690818,1013982.3995076148
0.005287011697116911,1015433.1574022349
0.005288449275302681,1016886.2489744609
0.005289797079257502,1018341.6783514065
0.005290999350144237,1019799.449668126
0.00529202217693476,1021259.5670674893
0.005292861616029078,1022722.0347003934
0.005293524148749222,1024186.856725652
0.005294016344374485,1025654.0373100482
0.0052943447676365735,1027123.5806283149
0.005294515978406041,1028595.4908632588
0.005294536532271989,1030069.7722056038
0.005294412979913772,1031546.428854174
0.005294151867444574,1033025.4650158486
0.005293759736543752,1034506.8849055092
0.00529324312403906,1035990.6927461799
0.005292608562328808,1037476.8927689347
0.005291862579068285,1038965.4892129947
0.005291011697355556,1040456.4863257045
0.005290062435681129,1041949.8883625556
0.005289021308007877,1043445.6995871705
0.0052878948235369466,1044943.9242713974
0.005286689486920213,1046444.5666952811
0.005285411798287616,1047947.6311470564
0.005284068253092074,1049453.1219232064
0.005282665342242152,1050961.0433284491
0.0052812095520775315,1052471.3996757483
0.005279707364162149,1053984.1952864137
0.005278165255652062,1055499.434490013
0.005276589699140166,1057017.1216244036
0.005274987162396927,1058537.2610358566
0.0052733641089730285,1060059.8570788791
0.005271726997443998,1061584.9141164562
0.0052700822820124045,1063112.4365199201
0.005268436412405598,1064642.428668952
0.005266795833512109,1066174.8949517286
0.005265166985800714,1067709.8397648328
0.005263556305166261,1069247.267513294
0.0052619702229048234,1070787.182610618
0.005260415165716472,1072329.5894788094
0.005258897555784644,1073874.4925483656
0.005257423810647918,1075421.8962583337
0.005256000343462005,1076971.805056238
0.005254633562534212,1078524.2233982496
0.005253329871792554,1080079.1557490816
0.005252095183028678,1081636.6065819892
0.005250930849193187,1083196.5803789156
0.005249832135557491,1084759.0816303906
0.005248792275546599,1086324.1148356134
0.005247804492787179,1087891.6845024317
0.005246862015628534,1089461.7951474031
0.005245958077399749,1091034.4512957227
0.005245085915916215,1092609.657481404
0.005244238774098099,1094187.418247113
0.005243409899503248,1095767.7381443013
0.0052425925444799844,1097350.621733203
0.005241779966217229,1098936.0735828266
0.0052409654266389865,1100524.0982710065
0.0052401421924798556,1102114.7003844008
0.005239303535334272,1103707.8845184785
0.005238442731371727,1105303.6552776424
0.005237553061772611,1106902.017275113
0.005236627812339043,1108502.9751330486
0.005235660273674273,1110106.533482533
0.005234643741308812,1111712.6969635226
0.005233571547250017,1113321.4702250215
0.0052324401635035316,1114932.857924938
0.005231254818445289,1116546.8647302357
0.005230026987552236,1118163.4953167916
0.005228768737568322,1119782.7543696472
0.005227492127085032,1121404.6465827748
0.0052262092058772336,1123029.1766592776
0.005224932015240617,1124656.3493113336
0.005223672587994927,1126286.1692601892
0.005222442948205581,1127918.6412362875
0.005221255111597574,1129553.7699791593
0.0052201210852510765,1131191.5602375201
0.005219052867784462,1132832.0167692383
0.005218062449204411,1134475.1443414032
0.005217161810960236,1136120.9477303417
0.005216362926050221,1137769.4317215993
0.0052156777589992195,1139420.6011099461
0.005215118265632225,1141074.4606994896
0.005214696393359145,1142731.015303615
0.005214424081229222,1144390.2697449508
0.005214313259398278,1146052.2288555922
0.005214374945294571,1147716.8974768673
0.005214612204869832,1149384.2804595274
0.005215017765704391,1151054.382663747
0.005215581043953453,1152727.2089590244
0.0052162914440234244,1154402.7642244003
0.0052171383781234645,1156081.0533482754
0.0052181112658033005,1157762.0812285542
0.005219199534154296,1159445.8527726135
0.0052203926176018,1161132.3728974063
0.005221679958361856,1162821.6465293067
0.005223051005800026,1164513.678604341
0.005224495217015151,1166208.4740680319
0.0052260020564021065,1167906.037875541
0.00522756099600681,1169606.3749915794
0.005229161515165025,1171309.490390539
0.005230793100729498,1173015.3890564595
0.005232445247091946,1174724.0759830216
0.005234107456052316,1176435.5561736014
0.005235769236841737,1178149.8346412973
0.005237420106221322,1179866.9164089062
0.005239049588274462,1181586.8065090198
0.005240647214684853,1183309.5099839498
0.005242202524426965,1185035.0318858474
0.0052437050640438895,1186763.3772766348
0.005245144387490982,1188494.5512280618
0.0052465100560559795,1190228.5588217694
0.005247791638534765,1191965.405149258
0.005248978711305171,1193705.0953118436
0.00525006085781233,1195447.6344208801
0.0052510276692816936,1197193.0275975459
0.0052518687440508876,1198941.2799730725
0.005252573688231505,1200692.39668854
0.0052531321149390875,1202446.3828951581
0.005253533645005822,1204203.2437540682
0.005253767906593552,1205962.984436451
0.005253824535216753,1207725.6101235622
0.005253693173790564,1209491.126006745
0.005253363472627163,1211259.5372874492
0.005252825089535423,1213030.8491772034
0.0052520676895618955,1214805.0668977275
0.00525108094531999,1216582.1956808404
0.005249854536629395,1218362.2407686003
0.005248378150716887,1220145.2074132832
0.005246641482366751,1221931.1008773171
0.005244634233560195,1223719.9264334254
0.0052423461136763445,1225511.6893646051
0.005239766839438429,1227306.3949641641
0.00523688613516479,1229104.0485356224
0.005233693732155159,1230904.6553929667
0.005230179369400146,1232708.22086044
0.005226332793069033,1234514.7502727078
0.00522214375676102,1236324.2489748122
0.005217602021401015,1238136.7223222186
0.005212697355235593,1239952.1756808478
0.005207419533906742,1241770.614427064
0.005201758340321967,1243592.0439477493
0.005195703564852701,1245416.469640242
0.005189245005104864,1247243.8969124362
0.005182372466016348,1249074.3311827853
0.005175075759853877,1250907.777880324
0.005167344706335389,1252744.2424446242
0.005159169192329646,1254583.7303259447
0.005150543275215227,1256426.2469851398
0.005141471784323384,1258271.7978937195
0.0051319668203230785,1260120.3885339354
0.005122041086096814,1261972.0243986864
0.005111707275556474,1263826.7109915868
0.005100978073499067,1265684.4538270768
0.005089866156006795,1267545.2584302924
0.00507838419003076,1269409.1303372388
0.00506654483386197,1271276.0750946244
0.005054360736496348,1273146.0982601398
0.005041844538326251,1275019.2054022334
0.005029008870653789,1276895.4021002902
0.0050158663559142554,1278774.6939445944
0.005002429607703696,1280657.0865363204
0.004988711230517201,1282542.5854876798
0.0049747238201391835,1284431.1964217965
0.00496047996340474,1286322.9249727956
0.004945992238132651,1288217.776785884
0.00493127321348796,1290115.7575172142
0.004916335449436348,1292016.8728341323
0.0049011914973673435,1293921.1284149624
0.004885853899574935,1295828.529949212
0.0048703351895466535,1297739.083137515
0.0048546478919421895,1299652.7936916403
0.0048388045224103116,1301569.667334605
0.004822817587943563,1303489.7098005498
0.004806699586437976,1305412.92683494
0.004790463007186014,1307339.3241943894
0.004774120330369347,1309268.9076468903
0.004757684027433945,1311201.6829717143
0.004741166561023566,1313137.655959432
0.004724580384936873,1315076.8324119472
0.004707937943972445,1317019.218142616
0.004691251674297027,1318964.8189761152
0.004674534003107909,1320913.6407485888
0.004657797348840536,1322865.6893076054
0.004641054121059864,1324820.9705122213
0.004624316720531631,1326779.4902329831
0.0046075975392474025,1328741.254351928
0.004590908960273517,1330706.2687626858
0.004574263358020355,1332674.5393703845
0.004557673097892992,1334646.0720918318
0.004541150536691079,1336620.87285537
0.0045247080222612914,1338598.9476010436
0.004508357893785991,1340580.3022805047
0.004492112481567608,1342564.9428571211
0.004475984107099336,1344552.875305999
0.0044599850831978675,1346544.1056139288
0.004444127713769804,1348538.6397795225
0.004428424294073167,1350536.4838131196
0.004412887110486292,1352537.6437369166
0.004397528440660464,1354542.125584936
0.004382360553522991,1356549.9354030332
0.004367395709134405,1358561.0792490044
0.004352646158901928,1360575.5631925124
0.0043381241454565934,1362593.3933151523
0.004323841902574942,1364614.5757105437
0.004309811655473576,1366639.1164842015
0.0042960456204390336,1368667.021753734
0.004282556005142434,1370698.29764874
0.004269355008477627,1372732.9503108887
0.0042564548205861205,1374770.9858939531
0.004243867622881413,1376812.4105638291
0.004231605588153806,1378857.230498488
0.00421968088037089,1380905.4518881002
0.004208105654682892,1382957.0809351085
0.0041968920578091574,1385012.123854025
0.004186052227497175,1387070.5868717164
0.004175598292929704,1389132.476227262
0.004165542374547171,1391197.798172044
0.0041558965840718266,1393266.5589697794
0.004146673024571119,1395338.7648965083
0.004137883790381994,1397414.4222406633
0.004129540967194054,1399493.5373030538
0.004121656631973941,1401576.116396931
0.004114242853068079,1403662.1658479627
0.004107311690028936,1405751.6919943597
0.004100875193933237,1407844.7011867266
0.0040949454069346,1409941.1997883297
0.00408953436275744,1412041.1941748806
0.004084654086367123,1414144.6907346968
0.004080316414149073,1416251.695868764
0.004076523902443716,1418362.2159905906
0.004073256822689677,1420476.257526498
0.0040704812346272655,1422593.826915333
0.0040681621861069625,1424714.9306087731
0.004066264749924217,1426839.5750711504
0.004064754023420406,1428967.7667796933
0.00406359512899636,1431099.5122242514
0.004062753213500338,1433234.8179076328
0.00406219344860556,1435373.6903454817
0.00406188103087641,1437516.136066189
0.004061781181216196,1439662.1616112594
0.00406185914563085,1441811.7735349182
0.004062080194463578,1443964.9784045229
0.004062409623003145,1446121.7828002833
0.004062812751008851,1448282.193315514
0.004063254923010444,1450446.216556519
0.004063701508161176,1452613.8591426644
0.004064117900169368,1454785.127706464
0.004064469517462184,1456960.028893507
0.004064721803000588,1459138.5693625775
0.004064842711163876,1461320.7557855477
0.00406481751185835,1463506.5948476319
0.004064651747793028,1465696.093247166
0.004064356423309153,1467889.2576957573
0.004063942543404939,1470086.0949184028
0.004063421105486094,1472286.6116533098
0.004062803099021091,1474490.8146520895
0.004062099505737989,1476698.7106797006
0.004061321299550161,1478910.3065145132
0.004060479446540452,1481125.6089483588
0.00405958490510006,1483344.624786472
0.004058648625738461,1485567.360847623
0.004057681551260288,1487793.8239640591
0.004056694616595597,1490024.0209816284
0.004055698748976272,1492257.9587597253
0.0040547048678819505,1494495.6441713194
0.004053723884927401,1496737.084103071
0.004052766704077789,1498982.2854552383
0.004051844221460081,1501231.2551418012
0.004050967325423472,1503484.0000904857
0.004050146805470749,1505740.527242723
0.004049389331437407,1508000.8435537487
0.00404869203208445,1510264.9559925518
0.00404804612294828,1512532.8715420526
0.004047442426284532,1514804.5971989627
0.004046871770831663,1517080.1399738872
0.004046324991788605,1519359.506891394
0.004045792930908255,1521642.704989994
0.004045266436436843,1523929.7413221963
0.004044736363226092,1526220.6229544538
0.004044193572500904,1528515.3569673325
0.004043628932047793,1530813.9504554542
0.004043033316173496,1533116.4105275269
0.0040423976056834544,1535422.7443063804
0.004041712687745078,1537732.9589291099
0.004040969456324096,1540047.061546807
0.00404015881153277,1542365.0593249719
0.004039271660161677,1544686.9594432805
0.004038298915447449,1547012.7690957033
0.004037231497184655,1549342.4954904583
0.004036060331455939,1551676.1458502272
0.0040347767848381375,1554013.7274119854
0.004033375084275745,1556355.2474271618
0.00403185272017577,1558700.7131615435
0.004030208024414495,1561050.131895457
0.004028439330959423,1563403.5109237062
0.004026544974988112,1565760.857555627
0.004024523292924836,1568122.1791150777
0.004022372622326126,1570487.4829405523
0.004020091301994498,1572856.7763851534
0.004017677671939757,1575230.066816637
0.004015130073454434,1577607.361617374
0.004012446848790987,1579988.6681846231
0.004009626341804924,1582373.9939301377
0.004006666897084672,1584763.3462807334
0.0040035668608764344,1587156.7326777761
0.004000324580347107,1589554.1605776013
0.003996938403867601,1591955.6374514615
0.003993406681200282,1594361.1707853882
0.003989727763121622,1596770.7680804506
0.003985900001760562,1599184.4368525925
0.003981921750278381,1601602.1846328662
0.003977791363206262,1604024.0189672573
0.003973507196181973,1606449.9474168543
0.003969067606024215,1608879.9775578696
0.003964470950826101,1611314.1169815965
0.003959715589842088,1613752.3732944992
0.003954799883524477,1616194.7541182349
0.00394972219350503,1618641.2670897003
0.0039444808826314855,1621091.9198610447
0.003939074314984586,1623546.7200996715
0.0039335008557489955,1626005.6754883686
0.003927758871416006,1628468.7937252102
0.0039218467295422735,1630936.082523745
0.003915762799063654,1633407.5496128125
0.0039095054499071556,1635883.202736829
0.003903073053321816,1638363.049655632
0.0038964639816581707,1640847.0981446425
0.00388967660862362,1643335.355994712
0.0038827093088981356,1645827.831012417
0.0038755604585535165,1648324.5310198292
0.0038682284346882208,1650825.463854774
0.0038607116156821383,1653330.637370719
0.003853008381122609,1655840.059436825
0.0038451171117318173,1658353.7379380313
0.0038370361894027967,1660871.6807750955
0.0038287639972705944,1663393.8958645647
0.003820298919657499,1665920.3911388295
0.003811639342090617,1668451.1745461375
0.003802783651176283,1670986.254050742
0.0037937302347782584,1673525.6376328282
0.0037844774819813594,1676069.3332885352
0.0037750237830723172,1678617.3490299871
0.0037653675293280293,1681169.6928855241
0.0037555071134738327,1683726.372899409
0.003745440929259431,1686287.3971321085
0.003735167371600365,1688852.7736602938
0.003724684836751182,1691422.5105767061
0.0037139917219387434,1693996.6159904625
0.003703086425727954,1696575.0980268554
0.003691967347794476,1699157.964827515
0.003680632889080408,1701745.2245503282
0.00366908145150075,1704336.8853697216
0.0036573114384069088,1706932.9554763527
0.003645321254174324,1709533.4430773987
0.003633109304339832,1712138.3563965554
0.0036206739957701708,1714747.7036739024
0.003608013736288595,1717361.493166231
0.0035951269351311163,1719979.733146744
0.003582012002507291,1722602.4319053963
0.0035686673498695905,1725229.5977487839
0.00355509138997793,1727861.239000059
0.003541282536533395,1730497.3639992685
0.003527239204593472,1733137.9811031055
0.0035129598102727065,1735783.0986851384
0.0034984427709568422,1738432.7251356961
0.003483686505089502,1741086.8688620687
0.0034686894324640984,1743745.5382882971
0.0034534499737695935,1746408.7418555922
0.0034379665512044087,1749076.4880218783
0.0034222375878149624,1751748.785262328
0.0034062615080415123,1754425.642069017
0.003390036737365263,1757107.0669511955
0.003373561702546598,1759793.0684351444
0.003356834831387086,1762483.6550644054
0.003339854552950128,1765178.8353996566
0.0033226192974187075,1767878.6180188418
0.0033051274961727276,1770583.0115171513
0.0032873775817421243,1773292.0245070918
0.0032693679877761287,1776005.6656185726
0.0032510971492406534,1778723.9434987355
0.0032325635020527144,1781446.866812319
0.003213765483429474,1784174.4442414402
0.0031947015317503056,1786906.6844856846
0.0031753700864824677,1789643.5962622429
0.003155769588358637,1792385.1883057803
0.0031358984791252844,1795131.4693687132
0.003115755201880327,1797882.4482209312
0.0030953382006922454,1800638.1336501695
0.003074645920933872,1803398.5344617716
0.0030536768090649504,1806163.659478887
0.0030324293126902393,1808933.5175424959
0.0030109018806428805,1811708.117511347
0.0029890930405095015,1814487.468262142
0.002967003776246497,1817271.5786894206
0.00294464020901696,1820060.4577057324
0.0029220113709568403,1822854.1142416082
0.002899126442735467,1825652.55724557
0.002875994598469597,1828455.7956842803
0.0028526250058746377,1831263.838542433
0.0028290268261206546,1834076.694822928
0.002805209213927979,1836894.3735468392
0.0027811813175432428,1839716.8837534664
0.002756952278768388,1842544.234500335
0.0027325312328865146,1845376.434863329
0.002707927308754017,1848213.4939366418
0.0026831496287397015,1851055.4208328787
0.002658207308778709,1853902.224683041
0.0026331094583132274,1856753.9146366394
0.002607865180416973,1859610.4998615761
0.0025824835715551166,1862471.9895444878
0.002556973721938521,1865338.3928903816
0.0025313447151889814,1868209.7191230215
0.0025056056285342916,1871085.9774848071
0.002479767755842026,1873967.1772368224
0.002453854836180258,1876853.3276589422
0.0024279037616453383,1879744.4380497518
0.002401954338868021,1882640.5177267028
0.0023760463464103663,1885541.5760261242
0.002350219534517623,1888447.6223032668
0.0023245136251945978,1891358.66593222
0.0022989683120235352,1894274.716306237
0.002273623260446291,1897195.7828374323
0.0022485181075305063,1900121.8749571117
0.002223692462152707,1903053.0021156257
0.002199185904935835,1905989.1737824706
0.002175037988212359,1908930.3994464464
0.002151288236228876,1911876.6886153917
0.0021279761448669316,1914828.0508166407
0.0021051411819650104,1917784.4955966491
0.0020828227870355307,1920746.0325214453
0.0020610603715883725,1923712.6711762222
0.002039893318825479,1926684.421165822
0.002019360983921691,1929661.292114424
0.001999502282507413,1932643.2936659157
0.001980344410645672,1935630.4354835418
0.001961890871551639,1938622.727250259
0.0019441321385022285,1941620.178668789
0.0019270580568002214,1944622.7994613475
0.0019106584787287764,1947630.5993700493
0.001894923263736445,1950643.5881566976
0.0018798422783102055,1953661.7756030057
0.0018654053960770274,1956685.1715104743
0.0018516024976969626,1959713.7857006006
0.0018384234709716348,1962747.6280147352
0.0018258582107046157,1965786.7083143585
0.0018138966188429389,1968831.0364808992
0.0018025286043804865,1971880.6224158914
0.0017917440833802678,1974935.4760410015
0.0017815329789715392,1977995.6072980673
0.0017718852213303904,1981061.026149189
0.0017627907477174127,1984131.742576692
0.0017542395024738875,1987207.7665831293
0.0017462214369061426,1990289.1081915798
0.0017387265094679382,1993375.777445362
0.0017317446856199813,1996467.7844082671
0.0017252659378359885,1999565.1391646527
0.0017192802456943925,2002667.8518192912
0.0017137775957639957,2005775.9324975968
0.0017087479816646823,2008889.3913455862
0.0017041814040640892,2012008.238529893
0.0017000678706194264,2015132.4842379363
0.001696397396068264,2018262.1386777782
0.0016931600021007696,2021397.2120784123
0.001690345717496731,2024537.7146895528
0.0016879445780133256,2027683.6567818485
0.0016859466264056776,2030835.048646939
0.0016843419125011497,2033991.900597311
0.001683120493064523,2037154.2229665974
0.0016822724319183993,2040322.0261094042
0.0016817877998480321,2043495.3204015181
0.0016816566746518595,2046674.1162398718
0.0016818691411381772,2049858.4240425602
0.0016824152910608532,2053048.2542490326
0.001683285223231221,2056243.6173198996
0.0016844690433845946,2059444.5237372173
0.0016859568642616327,2062650.9840044132
0.0016877388055897375,2065863.0086463296
0.0016898049940570702,2069080.6082093245
0.0016921455633398523,2072303.7932612563
0.0016947506540844726,2075532.5743915485
0.001697610413849752,2078766.9622113893
0.0017007149972816484,2082006.9673533752
0.001704054565855389,2085252.6004720498
0.0017076192880420519,2088503.8722437173
0.0017113993393448512,2091760.793366304
0.00171538490210132,2095023.3745598132
0.0017195661656748786,2098291.626566039
0.001723933326358621,2101565.5601487337
0.0017284765873559226,2104845.186093727
0.001733186158848237,2108130.5152088404
0.0017380522579369738,2111421.5583240045
0.001743065108647903,2114718.3262913274
0.0017482149419523194,2118020.829985084
0.0017534919957319052,2121329.080301824
0.0017588865148073325,2124643.088160364
0.001764388750903448,2127962.8645018926
0.001769988962686295,2131288.42028994
0.0017756774156954638,2134619.7665105592
0.0017814443824133526,2137956.914172247
0.0017872801422384847,2141299.8743060054
0.0017931749814578434,2144648.6579654375
0.001799119193226835,2148003.276226874
0.0018051030776483608,2151363.74018926
0.0018111169417371906,2154730.0609741993
0.0018171510993097756,2158102.249726275
0.0018231958711702287,2161480.317612735
0.0018292415849676124,2164864.275823755
0.0018352785751920458,2168254.1355725615
0.0018412971833049105,2171649.908095189
0.0018472877575778643,2175051.604650802
0.0018532406531722816,2178459.2365216375
0.001859146232086687,2181872.81501316
0.0018649948632878267,2185292.35145381
0.0018707769224714564,2188717.8571955096
0.001876482792313068,2192149.3436132725
0.0018821028622525982,2195586.8221056145
0.0018876275286788093,2199030.304094265
0.0018930471947296273,2202479.801024583
0.0018983522704684947,2205935.324365304
0.0019035331727877073,2209396.885608709
0.0019085803253784568,2212864.4962707795
0.0019134841588492892,2216338.1678909953
0.001918235110558526,2219817.9120326946
0.0019228236247927106,2223303.740282787
0.0019272401525644396,2226795.664252175
0.001931475151782853,2230293.695575525
0.001935519087180848,2233797.8459113785
0.0019393624302946313,2237308.1269422546
0.0019429956594253723,2240824.55037483
0.0019464092598294035,2244347.127939563
0.001949593723407338,2247875.871391321
0.0019525395489823983,2251410.7925089807
0.0019552372421568313,2254951.9030956496
0.0019576773153084383,2258499.2149787704
0.0019598502876229064,2262052.7400101237
0.0019617466851264433,2265612.490065797
0.0019633591403000967,2269178.477046339
0.001964690376226651,2272750.7128769336
0.0019657529972479564,2276329.209507023
0.0019665614966418517,2279913.9789109714
0.001967130357580191,2283505.033087519
0.0019674740528587017,2287102.3840603027
0.0019676070450796264,2290706.0438776305
0.0019675437865578145,2294316.024612693
0.0019672987193969003,2297932.338363485
0.001966886275458303,2301554.997252895
0.001966320876303859,2305184.01342893
0.0019656169333423417,2308819.399064493
0.0019647888477008274,2312461.1663576593
0.0019638510103183278,2316109.327531582
0.001962817801861617,2319763.8948347317
0.0019617035928451584,2323424.8805407276
0.0019605227435472664,2327092.2969485237
0.001959289604049649,2330766.156382416
0.0019580185141981374,2334446.471192208
0.001956723803687263,2338133.2537531047
0.0019554197769131,2341826.5164658884
0.0019541204069862066,2345526.2717568995
0.0019528390661381516,2349232.532078108
0.001951588821291556,2352945.3099072957
0.001950382719282407,2356664.617747871
0.0019492337975945974,2360390.468129169
0.0019481550844955046,2364122.873606246
0.0019471595988650827,2367861.8467603065
0.0019462603504100478,2371607.4001983604
0.0019454703395195114,2375359.546553502
0.0019448025572781366,2379118.2984850295
0.0019442699855660114,2382883.668678292
0.0019438855969934573,2386655.6698448304
0.0019436623548440895,2390434.314722628
0.0019436132132446234,2394219.6160758254
0.0019437511170295363,2398011.586694996
0.0019440890017717518,2401810.239397212
0.0019446397938040472,2405615.5870260894
0.0019454164102932917,2409427.6424516365
0.0019464317590785613,2413246.418570669
0.0019476987386744405,2417071.928306588
0.0019492269881345122,2420904.184609608
0.0019510112871051679,2424743.200456622
0.001953032229467047,2428588.9888515742
0.00195526783513287,2432441.5628250428
0.0019576961394554685,2436300.9354348956
0.001960295193474121,2440167.119765907
0.0019630430638293487,2444040.1289298674
0.001965917832693932,2447919.9760657814
0.0019688975977833487,2451806.674339968
0.0019719604724369303,2455700.2369459113
0.0019750845855134973,2459600.6771044857
0.0019782480814373757,2463508.0080639287
0.001981429120173815,2467422.2430999186
0.0019846058771861405,2471343.395515742
0.001987756543517382,2475271.47864216
0.001990859325676943,2479206.5058376794
0.001993892445739746,2483148.490488406
0.0019968341412323824,2487097.4460083116
0.0019996626652244607,2491053.385839118
0.0020023562862496397,2495016.323450472
0.002004893288361278,2498986.272339886
0.0020072519710181967,2502963.2460330366
0.002009410649229409,2506947.258083524
0.0020113476534129285,2510938.322073171
0.0020130413294688794,2514936.4516119515
0.002014470038719189,2518941.6603381597
0.0020156121579811962,2522953.961918288
0.0020164460794252275,2526973.3700473793
0.0020169502107389423,2530999.898448746
0.0020171029749491156,2535033.5608743634
0.002016882810549467,2539074.3711046865
0.0020162681714124683,2543122.342948853
0.002015237526836549,2547177.490244637
0.0020137693614667488,2551239.8268586732
0.0020118421753867756,2555309.366686316
0.0020094344839951595,2559386.123651945
0.0020065248181498313,2563470.111708695
0.002003091723965294,2567561.3448389377
0.001999113763010639,2571659.8370539346
0.0019945695121143347,2575765.602394278
0.0019894375635187886,2579878.6549296463
0.001983696524783259,2583999.008758992
0.0019773250187506215,2588126.6780107273
0.001970301683672896,2592261.6768424725
0.001962605173018971,2596404.0194415087
0.001954214155608385,2600553.7200246127
0.001945107315594998,2604710.792838048
0.0019352633523556182,2608875.2521579005
0.0019246609806044736,2613047.1122898916
0.0019132789303166412,2617226.3875695653
0.0019010959467214061,2621413.092362387
0.001888090790354742,2625607.2410636498
0.0018742422369840892,2629808.8480986785
0.0018595290775770214,2634017.9279230274
0.0018439301184767268,2638234.4950220487
0.0018274241811052233,2642458.563911638
0.0018099901022204507,2646690.149137765
0.001791606733768708,2650929.2652767664
0.0017722529429110236,2655175.926935381
0.0017519076120158976,2659430.1487508165
0.0017305496386291405,2663691.9453909006
0.00170815793555948,2667961.3315538703
0.0016847114307093959,2672238.321968858
0.0016601890672296748,2676522.9313955945
0.001634569803420019,2680815.1746246507
0.0016078326127522747,2685115.066477444
0.0015799564838208835,2689422.6218064604
0.0015509204204210987,2693737.85549508
0.0015207034414767824,2698060.7824577624
0.0014892845810286022,2702391.4176401906
0.0014566428882607362,2706729.776019249
0.0014227574274798835,2711075.872603114
0.0013876072781207486,2715429.722431265
0.0013511715347009684,2719791.340574689
0.001313429306864512,2724160.742135799
0.0012743597193141836,2728537.942248712
0.0012339419118810378,2732922.956079063
0.001192155039458568,2737315.798824226
0.0011489782720184014,2741716.48571333
0.0011043907945825296,2746125.032007423
0.0010583718072336382,2750541.45299952
0.001010900537527064,2754965.7640144634
0.0009619864381301952,2759397.980409299
0.0009117642294450402,2763838.1175731514
0.0008604822677158987,2768286.1909273975
0.0008084073959689308,2772742.2159256525
0.0007558062676167285,2777206.2080539577
0.0007029453465805644,2781678.1828306103
0.0006500909073151445,2786158.1558066625
0.0005975090349733117,2790646.142565521
0.0005454656254341288,2795142.1587233436
0.0004942263854227108,2799646.219928925
0.00044405683257512887,2804158.3418639577
0.000395222295549065,2808678.5402429076
0.0003479879140953548,2813206.8308131965
0.0003026186391489474,2817743.229355285
0.0002593792329215095,2822287.7516826456
0.00021853426897697382,2826840.413642078
0.00018034813234207544,2831401.2311132927
0.0001450850195598308,2835970.2200097255
0.00011300893881275029,2840547.3962778114
8.438370998426725e-05,2845132.7758976175
5.946420950384707e-05,2849726.3748828326
3.836049905028961e-05,2854328.209280497
2.0939562306552785e-05,2858938.295171549
6.958444097965435e-06,2863556.6486705737
3.987616594481671e-07,2868183.2859260626
0.0,2872818.223120273
0.0,2877461.4764695726
0.0,2882113.0622243583
0.0,2886772.9966691267
0.0,2891441.2961226557
0.0,2896117.9769378984
0.0,2900803.0555021986
0.0,2905496.5482374644
3.02764969198439e-06,2910198.471599985
1.0051111833910567e-05,2914908.842080677
1.823370561351707e-05,2919627.676205156
2.6675700441938833e-05,2924354.9905337156
3.5133663009219206e-05,2929090.80166159
4.3364333059796384e-05,2933835.126218793
5.112462331024058e-05,2938587.980870447
5.817164607963274e-05,2943349.3823165772
6.429685277180351e-05,2948119.347292547
6.942699360197208e-05,2952897.8925687945
7.360846506479161e-05,2957685.034951083
7.690622265481666e-05,2962480.7912805555
7.938517585195031e-05,2967285.1784338388
8.111018814361911e-05,2972098.2133230874
8.214607704621202e-05,2976919.9128959733
8.255761412265376e-05,2981750.2941360865
8.240952501122018e-05,2986589.3740625367
8.176648943907682e-05,2991437.1697304496
8.06931412482803e-05,2996293.698230819
7.925406841489235e-05,3001158.9766907003
7.751381307185273e-05,3006033.022273235
7.553687153006103e-05,3010915.852177675
7.338769429760115e-05,3015807.483639653
7.113068610457646e-05,3020707.9339310117
6.883020591998418e-05,3025617.2203601757
6.655056697926277e-05,3030535.3602718073
6.435603679716015e-05,3035462.3710474838
6.231083719732037e-05,3040398.270105239
6.0477635283779735e-05,3045343.0748999314
5.889600394205457e-05,3050296.8029231094
5.7567885356846795e-05,3055259.4717035107
5.647877307943919e-05,3060231.098806598
5.5613786418469304e-05,3065211.7018351774
5.495805522128243e-05,3070201.2984289257
5.449671986353023e-05,3075199.9062649747
5.421493124804206e-05,3080207.5430577463
5.4097850798139664e-05,3085224.226559109
5.413065045509635e-05,3090249.9745582584
5.429851266879277e-05,3095284.804882226
5.4586630397874685e-05,3100328.7353955135
5.498020710098897e-05,3105381.7840005555
5.5464456735328936e-05,3110443.968637412
5.602460374768253e-05,3115515.307284225
5.6645883072981544e-05,3120595.8179570762
5.731354012766761e-05,3125685.518710223
5.801283080616311e-05,3130784.4276359444
5.8729021473404306e-05,3135892.5628649653
5.944738896285194e-05,3141009.9425663203
6.015322291402744e-05,3146136.5849473123
6.083361728690148e-05,3151272.50825403
6.148245065366577e-05,3156417.7307710373
6.209944916407792e-05,3161572.2708214875
6.268519889261103e-05,3166736.1467675306
6.324028550380053e-05,3171909.377010172
6.376529425353572e-05,3177091.9799891617
6.426080998437757e-05,3182283.974183536
6.472741713035304e-05,3187485.378111345
6.51656997138578e-05,3192696.2103299894
6.55762413504265e-05,3197916.4894359093
6.595962524186139e-05,3203146.234065268
6.631643418338695e-05,3208385.4628935023
6.664725055894077e-05,3213634.1946358127
6.695265634535483e-05,3218892.4480468854
6.723323310910235e-05,3224160.2419212484
6.74895620079225e-05,3229437.5950932996
6.772222379180688e-05,3234724.5264372965
6.793179880054722e-05,3240021.054867685
6.811886696846775e-05,3245327.1993388133
6.828400781935512e-05,3250642.9788454343
6.842780047025505e-05,3255968.412422523
6.855082363109532e-05,3261303.519145385
6.865365560338643e-05,3266648.318129904
6.873687428175839e-05,3272002.8285325146
6.880105715458286e-05,3277367.0695502115
6.884678130148226e-05,3282741.060420923
6.887462339632262e-05,3288124.8204233805
6.888515970749751e-05,3293518.368877153
6.887896609581407e-05,3298921.7251429483
6.885661801680606e-05,3304334.90862251
6.881869051866994e-05,3309757.9387589293
6.876575824586697e-05,3315190.835036472
6.869839543508854e-05,3320633.616980985
6.861717592046668e-05,3326086.304159561
6.85226731275611e-05,3331548.9161811667
6.841546007962299e-05,3337021.472696281
6.829610939450974e-05,3342503.993397168
6.816519328395028e-05,3347996.4980181213
6.802328355791473e-05,3353499.006335182
6.787095161973799e-05,3359011.538166625
6.77087684694387e-05,3364534.1133728893
6.753730470431271e-05,3370066.7518565506
6.735713051681894e-05,3375609.4735626094
6.716881569565579e-05,3381162.298478579
6.697292962747581e-05,3386725.2466343837
6.67700412946419e-05,3392298.3381026993
6.656071927719305e-05,3397881.5929989163
6.634553175265096e-05,3403475.031481223
6.612504649576222e-05,3409078.6737507554
6.589983087851931e-05,3414692.5400517117
6.567045187146447e-05,3420316.6506713736
6.543747604269482e-05,3425951.0259402925
6.520146955912349e-05,3431595.6862322614
6.496299818436675e-05,3437250.651964698
6.47226272841676e-05,3442915.9435981903
6.448092181844655e-05,3448591.5816373313
6.423844635059877e-05,3454277.5866300804
6.399576503916544e-05,3459973.9791685552
6.375344164547828e-05,3465680.7798884828
6.351203952795384e-05,3471398.0094698267
6.327212164649851e-05,3477125.688636508
6.303425055962812e-05,3482863.8381567337
6.279898842563818e-05,3488612.4788431665
6.256689700589192e-05,3494371.631552576
6.233853765908747e-05,3500141.317186483
6.211447134581727e-05,3505921.556690978
6.18952586279364e-05,3511712.3710568342
6.16814596673824e-05,3517513.7813197356
6.147363422893189e-05,3523325.8085601116
6.127234167697058e-05,3529148.4739036188
6.107814097875165e-05,3534981.798520916
6.0891590702329204e-05,3540825.8036279567
6.071324901888252e-05,3546680.5104859727
6.0543673701297514e-05,3552545.94040165
6.0383422124316256e-05,3558422.1147272484
6.023305126636653e-05,3564309.0548605835
6.009311770655494e-05,3570206.782245433
5.996417763011713e-05,3576115.318371094
5.984678682248501e-05,3582034.6847731015
5.974150067421147e-05,3587964.903032869
5.964887417733978e-05,3593905.994778205
5.956946126690779e-05,3599857.9816827793
5.950358308246015e-05,3605820.8854671344
5.945075795029045e-05,3611794.7278978964
5.940984738408553e-05,3617779.5307885604
5.9379627369176685e-05,3623775.3159990567
5.935887475601105e-05,3629782.1054362543
5.9346367261487454e-05,3635799.9210539795
5.934088347021123e-05,3641828.784853008
5.9341202832631414e-05,3647868.7188811665
5.9346105663828955e-05,3653919.745233575
5.935437314417476e-05,3659981.886052752
5.936478731937827e-05,3666055.1635285523
5.937613109885519e-05,3672139.5998984487
5.9387188256716896e-05,3678235.2174474783
5.939674342923814e-05,3684342.038508551
5.940358211678663e-05,3690460.0854623863
5.940649068184507e-05,3696589.380737781
5.940425635037849e-05,3702729.946811443
5.939566720748464e-05,3708881.8062085724
5.9379512203263536e-05,3715044.981502329
5.935458114622015e-05,3721219.495314546
5.9319747367763616e-05,3727405.370315659
5.927489852419147e-05,3733602.6292243917
5.922143961552315e-05,3739811.2948085265
5.916137026831447e-05,3746031.3898846917
5.909669785811666e-05,3752262.9373184377
5.902942833657286e-05,3758505.960024342
5.896156623108705e-05,3764760.4809662905
5.889511464714288e-05,3771026.523157459
5.8832075268162466e-05,3777304.1096603726
5.877444835539244e-05,3783593.2635871605
5.872423274926026e-05,3789894.008099717
5.868342587187776e-05,3796206.366409503
5.865402372444646e-05,3802530.361777952
5.863802088949245e-05,3808866.0175165646
5.863741053265681e-05,3815213.356986799
5.865418440107894e-05,3821572.4036004613
5.869033282632288e-05,3827943.180819588
5.874784472237106e-05,3834325.712156819
5.882870758906683e-05,3840720.021175323
5.8934907512401905e-05,3847126.131488793
5.906842445393111e-05,3853544.066761815
5.923003055489464e-05,3859973.8507100856
5.941650763645542e-05,3866415.5071001025
5.962145754943378e-05,3872869.0597494887
5.983809228777385e-05,3879334.532527323
6.005962866200601e-05,3885811.949353936
6.027928829459208e-05,3892301.334201227
6.04902976189147e-05,3898802.711092663
6.068588787605271e-05,3905316.1041035047
6.085929511399671e-05,3911841.5373607725
6.100376018265473e-05,3918379.0350436587
6.111252873562356e-05,3924928.6213831836
6.117885122358313e-05,3931490.3206627807
6.119598289443503e-05,3938064.157218217
6.115718379188916e-05,3944650.15543753
6.105571874988215e-05,3951248.3397615566
6.088485739325033e-05,3957858.7346837744
6.063787413608109e-05,3964481.364750221
6.030804817426242e-05,3971116.2545602936
5.9888663489837975e-05,3977763.4287661677
5.93730088451347e-05,3984422.912073168
5.875459793592476e-05,3991094.729240204
5.80294689904991e-05,3997778.905079271
5.719733152003676e-05,4004475.464456166
5.625928227624103e-05,4011184.4322901685
5.521643543136689e-05,4017905.833554482
5.40699043860384e-05,4024639.6932761953
5.282080176952166e-05,4031386.0365363527
5.147023943870454e-05,4038144.888470361
5.001932848156147e-05,4044916.2742676036
4.8469179212005776e-05,4051700.2191722593
4.682090117681816e-05,4058496.7484826907
4.507560315109372e-05,4065305.8875521356
4.3234393140535256e-05,4072127.661788579
4.1298378382162615e-05,4078962.0966548333
3.926866534329714e-05,4085809.2176689566
3.7146359723908775e-05,4092669.050403895
3.4932566454096015e-05,4099541.6204881812
3.2628389698017576e-05,4106426.9536054796
3.023493285120542e-05,4113325.0754951607
2.775329854205413e-05,4120236.0119523304
2.518458863278344e-05,4127159.7888277834
2.252990421885935e-05,4134096.4320283625
1.9790345630247233e-05,4141045.967516814
1.6967012430960106e-05,4148008.421312156
1.4061003419425972e-05,4154983.819489763
1.1073416629198122e-05,4161972.188181395
8.005349329728901e-06,4168973.5535754515
4.8578980259256745e-06,4175987.941916981
1.6321584587367532e-06,4183015.3795078895
