RI,MW
2.0572477394774324,52.62790094701555
2.0439074182748556,52.69923986457873
2.0307729440235818,52.77066288423894
2.0178428330404614,52.84217008843006
2.005115601642615,52.91376155964673
1.9925897661471197,52.98543738044432
1.98026384287094,53.057197633441255
1.968136348131054,53.1290424013179
1.9562057982445822,53.200971766817744
1.9444707095285025,53.27298581274172
1.932929598299836,53.345084621959245
1.9215809808756177,53.41726827739648
1.9104233735728542,53.489536862044346
1.8994552927086232,53.56189045895702
1.888675254599903,53.63432915124438
1.8780817755637145,53.70685302208951
1.867673371917121,53.77946215472628
1.8574485599771577,53.85215663245729
1.8474058560607745,53.924936538648545
1.8375437764850915,53.997801956722256
1.8278608375671013,54.07075297016868
1.818355555623782,54.14378966253893
1.809026446972183,54.2169121174438
1.799872027929382,54.290120418559596
1.7908908148123714,54.36341464962429
1.7820813239381152,54.43679489443874
1.7734420716237338,54.510261236863975
1.7649715741862195,54.583813760826665
1.7566683479426217,54.657452550312954
1.7485309092099186,54.73117768937586
1.7405577743051168,54.80498926212713
1.732747459545294,54.878887352742346
1.7250984812475423,54.95287204546135
1.7176093557286976,55.02694342458199
1.710278599305937,55.10110157447231
1.7031047282962533,55.17534657955649
1.6960862590166812,55.24967852432502
1.6892217077841991,55.32409749332771
1.682509590915899,55.39860357118273
1.675948424728773,55.47319684256881
1.669536725539814,55.54787739222365
1.6632730096661135,55.62264530495383
1.6571557934246641,55.69750066562536
1.6511835931324157,55.77244355916926
1.6453549251065596,55.847474070577206
1.6396683056640171,55.922592284905946
1.6341222511218234,55.997798287274136
1.628715277796985,56.073092162865166
1.62344590200658,56.1484739969244
1.6183126400676002,56.22394387475881
1.6133140082970954,56.29950188174337
1.6084485230120578,56.37514810331033
1.6037147005295367,56.45088262496083
1.5991110571665388,56.52670553225533
1.594636109240156,56.602616910817616
1.5902883730672954,56.67861684634009
1.5860663649650633,56.75470542457052
1.5819686012504945,56.83088273132734
1.5779935982405817,56.90714885248766
1.5741398722523314,56.98350387399365
1.5704059396028356,57.059947881853866
1.5667903166091008,57.13648096213476
1.5632915195881054,57.213103200972036
1.5599080648568986,57.28981468455812
1.5566384687325439,57.36661549915803
1.5534812475319768,57.443505731094355
1.550434917572332,57.52048546675218
1.5474979951705734,57.59755479258643
1.5446689966437788,57.674713795110925
1.5419464383088979,57.75196256090531
1.53932883648298,57.82930117660979
1.536814707483103,57.906729728933755
1.5344025676262163,57.98424830464803
1.5320909332293837,58.061856990584886
1.5298783206096402,58.139555873645904
1.5277632460840636,58.21734504079046
1.5257442259695608,58.2952245790469
1.523819776583224,58.37319457550387
1.5219884142420597,58.4512551173174
1.5202486552631314,58.529406291707254
1.5185990159634173,58.60764818595437
1.517038012659981,58.68598088740552
1.5155641616698148,58.764404483473356
1.5141759793099823,58.84291906163306
1.5128719818974616,58.92152470942159
1.5116506857493448,59.000221514446416
1.5105106071826242,59.079009564374765
1.5094502625142638,59.15788894693733
1.508468168061384,59.23685974993381
1.5075628401409347,59.31592206122243
1.506732795070036,59.39507596873257
1.5059765491656378,59.474321560452196
1.5052926187447753,59.55365892443586
1.504679520124455,59.633088148804745
1.5041357696217972,59.71260932174039
1.5036598835537376,59.792222531492705
1.5032503782373396,59.871927866373674
1.5029057699896526,59.9517254147625
1.5026245751276122,60.0316152650992
1.502405309968296,60.111597505893634
1.502246490828739,60.19167222571529
1.5021466340259764,60.2718395132018
1.5021042558770148,60.35209945705478
1.5021178726989035,60.43245214603809
1.502186000808635,60.51289766898774
1.5023071565232442,60.59343611479476
1.5024798561597805,60.674067572421976
1.5027026160352364,60.75479213089543
1.502973952466661,60.835609879305736
1.5032923817710184,60.916520906808074
1.5036564190050967,60.99752530262396
1.504062327843215,61.0786231560387
1.5044994780844547,61.159814556404434
1.5049559245117052,61.241099593135374
1.5054197219077992,61.322478355716136
1.5058789250556543,61.403950933689124
1.5063215887382029,61.48551741666982
1.5067357677382631,61.5671778943324
1.5071095168386535,61.64893245641983
1.5074308908223628,61.73078119274127
1.5076879444722238,61.81272419316815
1.5078687325710831,61.89476154764082
1.5079613099018587,61.9768933461584
1.5079537312474116,62.059119678795604
1.507834051390617,62.141440635683786
1.5075903251143785,62.22385630702335
1.5072106072015572,62.306366783080634
1.5066829524350425,62.38897215418714
1.5059954155976527,62.47167251073948
1.5051360514723768,62.554467943197714
1.5040929148419764,62.63735854209416
1.502856177522105,62.72034439802021
1.501447647610874,62.8034256016356
1.4999134660292555,62.88660224366538
1.4983003984198575,62.96987441490171
1.496655210425203,63.05324220619989
1.4950246676878152,63.13670570848417
1.493455535850316,63.22026501274065
1.4919945805552146,63.30392021002669
1.4906885674450763,63.387671391459314
1.4895842621624524,63.47151864822914
1.4887284303499229,63.55546207158514
1.488167837650039,63.63950175284679
1.4879492497052809,63.72363778339782
1.4881194321583138,63.80787025468986
1.4887251506516606,63.89219925823747
1.4898131708278157,63.97662488562545
1.4914302583293733,64.06114722850295
1.4936231787989556,64.1457663785826
1.4964386978790145,64.23048242764875
1.499923581212144,64.31529546754604
1.5041245676844568,64.40020559019094
1.5090616118884412,64.48521288756302
1.5146775768284613,64.5703174517073
1.5209015398561405,64.65551937473795
1.5276625783232163,64.7408187488351
1.5348897695813406,64.82621566624346
1.542512190982194,64.91171021927566
1.550458919877343,64.99730250031128
1.5586590336185822,65.08299260179459
1.5670416095575632,65.16878061623781
1.5755357250458815,65.25466663621935
1.5840704574352742,65.34065075438656
1.5925748840774219,65.42673306344925
1.600978082323934,65.51291365618533
1.6092091295265618,65.59919262544275
1.6171971030369008,65.68557006413057
1.6248710802066597,65.77204606522933
1.6321601383875333,65.8586207217864
1.638993354931145,65.94529412690991
1.6452998071891614,66.03206637378428
1.6510085725133052,66.11893755565185
1.6560547915560448,66.20590776582907
1.660457037475382,66.29297709769362
1.6642945733073446,66.38014564469401
1.6676480319454328,66.46741350034438
1.6705980462833168,66.5547807582259
1.6732252492145818,66.64224751198832
1.6756102736328558,66.72981385534608
1.6778337524316953,66.81747988208183
1.6799763185046999,66.90524568604769
1.6821186047455399,66.99311136115737
1.684341244047772,67.08107700139753
1.6867248693050385,67.1691427008202
1.6893501134109385,67.25730855354283
1.692297609258972,67.34557465375453
1.6956479897428949,67.43394109570556
1.6994818877562636,67.5224079737208
1.703879936192621,67.61097538218583
1.7089227679456513,67.69964341555995
1.7146910159089401,67.78841216836328
1.7212653129760156,67.87728173519015
1.7287262244985726,67.96625221069674
1.7371120410060144,68.0553236896121
1.7463466192036918,68.14449626672807
1.7563346422226545,68.2337700369076
1.76698079319398,68.32314509507931
1.7781897552487038,68.41262153624109
1.7898662115178752,68.50219945545705
1.8019148451326572,68.59187894785963
1.814240339224014,68.68166010864906
1.8267473769230378,68.77154303309487
1.839340641360863,68.86152781653209
1.8519248156684398,68.95161455436703
1.8644045829768743,69.04180334206806
1.8766846264172585,69.13209427517945
1.888669629120642,69.22248744930455
1.900264274218074,69.31298296012314
1.9113732448406608,69.40358090337814
1.9219012241194235,69.4942813748811
1.93175289518544,69.58508447051412
1.9408329411697594,69.67599028622256
1.9490460452034597,69.76699891802735
1.9563074914702412,69.85811046201027
1.9626671999329801,69.94932501432429
1.968267690243195,70.04064267119318
1.9732533049259757,70.13206352890604
1.977768386506341,70.22358768382033
1.9819572775091814,70.31521523236334
1.9859643204595017,70.40694627103035
1.9899338578822778,70.49878089638254
1.9940102323025428,70.59071920505308
1.9983377862452443,70.68276129374415
2.0030608622353583,70.77490725922247
2.0083238027978183,70.86715719832682
2.0142709504577425,70.9595112079616
2.0210466477400217,71.05196938510385
2.028795237169561,71.14453182679524
2.0376610612714927,71.23719863014819
2.047788462570736,71.3299698923448
2.059321783592253,71.42284571063249
2.0724053668610622,71.5158261823314
2.087183554902083,71.60891140482805
2.1038004708741767,71.7021014755788
2.1223075837642966,71.79539649211044
2.1425203553658605,71.88879655201153
2.164217219209874,71.9823017529513
2.187176608827258,72.07591219265625
2.211176957748904,72.16962796893209
2.2359966995058187,72.26344917964492
2.2614142676288367,72.35737592273395
2.287208095648978,72.45140829620858
2.3131566170972206,72.54554639814629
2.3390382655043425,72.63979032669324
2.3646314744014205,72.73414018006429
2.389714677319276,72.828596056544
2.4140663077889144,72.92315805448727
2.4374647993412992,73.01782627231779
2.45968858550728,73.11260080852753
2.480516099817862,73.2074817616773
2.499725775803981,73.3024692304025
2.5170960469964996,73.39756331340068
2.5324053469264243,73.49276410944302
2.5454321091246612,73.58807171736915
2.5559763390035357,73.6834862360887
2.5640914428252444,73.77900776458249
2.569995567730274,73.87463640189512
2.573909663546061,73.97037224714711
2.576054680100043,74.06621539952654
2.576651567219699,74.16216595829117
2.5759212747323375,74.25822402276528
2.5740847524654527,74.35438969234768
2.5713629502464954,74.45066306650693
2.567976817902874,74.54704424477721
2.564147305261997,74.64353332676514
2.5600953621512588,74.74013041214724
2.556041938398195,74.83683560066991
2.552207983830158,74.9336489921474
2.548814448274541,75.03057068646814
2.5460822815588244,75.12760078358846
2.544232433510416,75.22473938353099
2.5434858539567813,75.32198658639588
2.5440634927253143,75.41934249234643
2.5461862996434377,75.51680720162143
2.5500749523000366,75.61438081452503
2.555868060408457,75.71206343143473
2.5635074155042616,75.80985515279778
2.5729059144460535,75.90775607913272
2.5839764540926637,76.00576631102355
2.5966319313027952,76.10388594912999
2.6107852429351794,76.20211509418317
2.6263492858484767,76.30045384697489
2.6432369569015037,76.39890230837982
2.661361152952935,76.49746057933656
2.6806347708615164,76.59612876085096
2.700970707485979,76.69490695400859
2.72228185968504,76.79379525995687
2.7444811243174314,76.89279377991926
2.7674813982418556,76.99190261518655
2.791195578317101,77.09112186712291
2.8155365614018137,77.1904516371615
2.8404172443547964,77.28989202680408
2.8657505240347376,77.38944313762799
2.891449297300383,77.48910507127866
2.917426461010436,77.5888779294723
2.943594912023613,77.68876181399652
2.9698675471986746,77.78875682670757
2.9961572633943803,77.88886306953648
3.022376957469362,77.98908064448355
3.0484395262824364,78.08940965361839
3.074257866692264,78.1898501990838
3.099744875557633,78.29040238309256
3.124813449737232,78.39106630792676
3.1493764860897784,78.49184207594521
3.1733468814740604,78.5927297895717
3.1966375327486958,78.69372955130454
3.219161336772544,78.79484146371206
3.240831190404265,78.89606562943389
3.261559990502519,78.99740215118088
3.2812606339261805,79.09885113173794
3.299846017533838,79.20041267395575
3.317229038184294,79.30208688076024
3.3333225927362946,79.40387385514647
3.3480395780484997,79.50577370018715
3.3612928909796977,79.60778651901512
3.3729956977941384,79.70991241484658
3.383121663609657,79.81215149096079
3.391781135879455,79.91450385071246
3.3991032226649622,80.01696959752624
3.4052170320276787,80.11954883490121
3.4102516720290197,80.22224166640355
3.4143362507304147,80.32504819567508
3.4175998761933783,80.42796852642765
3.420171656479255,80.53100276244658
3.4221806996496014,80.6341510075855
3.423756113765762,80.73741336577216
3.4250270068892377,80.8407899410067
3.426122487081514,80.9442808373589
3.4271716624039783,81.04788615897324
3.4283036409181022,81.15160601006218
3.429647530685344,81.25544049491586
3.431332439767118,81.35938971789126
3.4334874762248973,81.46345378342089
3.436241748120139,81.56763279600696
3.4397243635143013,81.6719268602244
3.4440644304687424,81.7763360807197
3.4493818306940796,81.88086056221441
3.4557032059361603,81.98550040949993
3.4630010922789154,82.09025572743879
3.471247360629917,82.19512662096808
3.480413881896652,82.30011319509602
3.4904725269867782,82.40521555490258
3.501395166807754,82.51043380554306
3.5131536722672365,82.61576805223982
3.525719914272699,82.72121840029591
3.5390657637317844,82.8267849550757
3.553163091551937,82.93246782202657
3.5679837686408433,83.03826710666321
3.5834996659059613,83.14418291457343
3.5996826542548774,83.25021535141705
3.6165046045951783,83.3563645229265
3.6339373878343793,83.46263053491163
3.6519528748800383,83.56901349324787
3.670522936639742,83.67551350388811
3.6896194440210337,83.78213067285328
3.7092142679315145,83.88886510624421
3.729279279278657,83.9957169102304
3.7497863489700762,84.10268619105241
3.770707347913344,84.20977305502791
3.7920141470159763,84.31697760854148
3.813678617185545,84.42429995806083
3.8356726293295935,84.53174021011353
3.8579680543556805,84.6392984713103
3.8805367631714205,84.74697484833439
3.9033506266843006,84.85476944793368
3.926381515801893,84.96268237693941
3.9496013014317555,85.07071374224756
3.9729818544815174,85.17886365083696
3.996495045858623,85.28713220974633
4.020112746470716,85.39551952610101
4.043806827225296,85.50402570709113
4.06754915902998,85.61265085998436
4.0913116127922535,85.72139509211934
4.115066059419732,85.83025851090932
4.138784369819959,85.93924122384031
4.1624384149004925,86.04834333847062
4.18600006556882,86.15756496243628
4.2094423961147385,86.2669062034426
4.232749788389455,86.37636716927025
4.2559128197819405,86.48594796777414
4.278922131140902,86.59564870687846
4.301768363314864,86.70546949458972
4.324442157152504,86.81541043897761
4.346934153502374,86.92547164819234
4.369234993213254,87.0356532304591
4.391335317133652,87.14595529407134
4.413225766112262,87.25637794739941
4.434896980997664,87.36692129888627
4.456339602638465,87.47758545705248
4.477544271883332,87.58837053048761
4.4985016295809,87.699276627857
4.519202316579737,87.81030385790189
4.539636973728534,87.92145232943312
4.559796241875901,88.03272215134254
4.5796707618704176,88.14411343258914
4.59925117456082,88.2556262822086
4.61852812079556,88.36726080931321
4.637492241423416,88.47901712308447
4.656134177292955,88.5908953327844
4.674444569252813,88.70289554774106
4.6924140581515985,88.81501787736629
4.710033284837962,88.9272624311374
4.7272928901604985,89.03962931861301
4.744183514967915,89.15211864942174
4.760695800108692,89.26473053326914
4.776820386431595,89.3774650799346
4.792547914785175,89.49032239926946
4.807869026018139,89.60330260120533
4.822774360978997,89.71640579573945
4.837254560516456,89.82963209295448
4.851300265479097,89.9429816030001
4.864902116715598,90.0564544361019
4.878050755074497,90.17005070256336
4.890736821404516,90.2837705127563
4.902950956554264,90.39761397713694
4.914683801372291,90.51158120622729
4.925925996707292,90.62567231062805
4.936668183407903,90.73988740101545
4.946903825504535,90.85422658813802
4.956651088245252,90.96868998282248
4.965940910299693,91.08327769596856
4.974804337553223,91.19798983855036
4.9832724158910935,91.31282652161764
4.991376191198611,91.42778785629785
4.999146709361042,91.54287395378967
5.006615016263652,91.6580849253662
5.013812157791762,91.77342088238294
5.020769179830623,91.8888819362621
5.0275171282655435,92.0044681985057
5.0340870489818315,92.12017978069105
5.040509987864738,92.23601679446745
5.046816990799542,92.3519793515642
5.05303910367158,92.46806756377937
5.059207372366018,92.58428154299695
5.065352842768277,92.70062140116589
5.071506560763581,92.8170872503165
5.077699572237222,92.93367920255005
5.083962923074452,93.0503973700499
5.090327553672665,93.16724186507236
5.096812710843821,93.28421279994343
5.103415484840411,93.40131028707138
5.110130495934641,93.51853443894147
5.116952364398699,93.63588536810806
5.123875710504777,93.75336318720524
5.1308951545251205,93.87096800894555
5.138005316731892,93.98869994611138
5.145200817397253,94.10655911156428
5.152476276793479,94.22454561824372
5.159826315192774,94.34265957915906
5.1672455528672145,94.46090110740366
5.174728610089176,94.57927031613751
5.182270107130705,94.69776731860532
5.189864664264093,94.81639222812115
5.197506901761514,94.93514515808056
5.205191439895174,95.0540262219539
5.212912898937262,95.17303553328361
5.220665899159897,95.29217320569104
5.228445060835455,95.41143935287717
5.236245004236025,95.53083408861451
5.244060034580372,95.65035752675527
5.251881887066105,95.77000978122254
5.25970104317426,95.88979096602124
5.2675079759307835,96.00970119523271
5.27529315836162,96.129740583012
5.283047063492603,96.24990924358856
5.290760164349663,96.3702072912766
5.298422933958761,96.49063484045726
5.3060258453458005,96.61119200559584
5.313559371536698,96.73187890123009
5.3210139855573715,96.85269564197309
5.328380160433696,96.97364234252072
5.335648369191702,97.09471911763949
5.342809084857137,97.215926082176
5.349852780456061,97.33726335105234
5.356769929014305,97.45873103926603
5.363551003557802,97.58032926189694
5.37018647711254,97.70205813409426
5.376666822704294,97.82391777108964
5.382982513359096,97.94590828818822
5.389124067298624,98.06802980077701
5.39508613362942,98.1902824243152
5.400870749771414,98.3126662743404
5.406480719692979,98.43518146646878
5.411918847362372,98.55782811638937
5.417187936747936,98.68060633987406
5.422290791817943,98.80351625277049
5.427230216540735,98.92655797100076
5.432009014884585,99.04973161056705
5.436629990817778,99.17303728754537
5.4410959483087,99.29647511809534
5.44540969132558,99.4200452184456
5.449574023836703,99.54374770490917
5.453591749810457,99.66758269387518
5.45746567321514,99.7915503018074
5.461198598018996,99.91565064525066
5.464793328190382,100.03988384082099
5.468252667697584,100.16425000522332
5.471579420508874,100.28874925522747
5.474776390592638,100.41338170768731
5.477846381917118,100.53814747954007
5.480792198450615,100.66304668778939
5.483616644161415,100.78807944952304
5.486322523017932,100.91324588190375
5.488912638988424,101.03854610217854
5.491389796041133,101.16398022766299
5.493756798144403,101.28954837575702
5.496016449266577,101.41525066393784
5.498171553375897,101.54108720975772
5.500224914440679,101.66705813084982
5.502179336429322,101.79316354492252
5.5040376233099835,101.91940356976728
5.505802579051078,102.04577832324505
5.507477007620878,102.17228792330431
5.509063712987654,102.29893248797033
5.510565499119821,102.42571213533645
5.511985169985536,102.55262698358878
5.513325529553185,102.679677150983
5.514589381791055,102.80686275585168
5.515779530667501,102.93418391661162
5.51689878015074,103.06164075175433
5.5179499342091844,103.18923337985564
5.518935796811064,103.31696191955815
5.519859171924679,103.44482648959251
5.520722863518344,103.57282720876567
5.521529675560416,103.7009641959625
5.522282412019138,103.82923757014937
5.522983876862838,103.95764745036253
5.523636874059861,104.08619395573088
5.52424420757842,104.21487720544731
5.524808681386901,104.34369731879603
5.525333099453576,104.47265441512972
5.525820265746773,104.60174861388727
5.5262729842347795,104.7309800345842
5.526694058885923,104.86034879681202
5.5270862936685035,104.98985502024786
5.527452492550694,105.11949882463885
5.527795459501064,105.2492803298209
5.528117998487701,105.37919965569846
5.528422913478963,105.50925692226629
5.528713008443177,105.63945224958859
5.528991087348743,105.76978575781538
5.529259954163763,105.90025756717148
5.529522412856693,106.03086779796233
5.5297812673957765,106.16161657057572
5.530039321749385,106.29250400547194
5.530299379885733,106.42353022319817
5.530564245773178,106.55469534437643
5.53083672338002,106.68599948970889
5.531119616674559,106.8174427799787
5.531415729625095,106.94902533604548
5.531727866199958,107.08074727885365
5.5320588303674185,107.21260872941959
5.532411426095834,107.34460980884307
5.532788457353433,107.47675063830964
5.533192728108617,107.60903133907222
5.533627042329584,107.7414520324742
5.534094203984736,107.87401283993253
5.534597017042302,108.00671388294629
5.535138285470637,108.1395552830943
5.5357208132380435,108.27253716203222
5.536347404312778,108.40565964150247
5.537020752602558,108.53892284332048
5.537736401562682,108.67232688938394
5.538478485044337,108.80587190167128
5.539230116261493,108.9395580022441
5.539974408428051,109.07338531323319
5.540694474757899,109.2073539568634
5.541373428464979,109.34146405543117
5.541994382763136,109.47571573131238
5.542540450866397,109.61010910696928
5.542994745988622,109.74464430493896
5.543340381343697,109.87932144784033
5.543560470145579,110.01414065837497
5.543638125608254,110.14910205932091
5.543556460945538,110.28420577353971
5.543298589371318,110.41945192397255
5.542847624099622,110.55484063363876
5.542186678344265,110.69037202564049
5.54129886531922,110.82604622316124
5.540167298238401,110.96186334946431
5.538775090315738,111.09782352788883
5.537105354765117,111.23392688186412
5.535144315262173,111.37017353489381
5.532898891482333,111.5065636105615
5.530384452389455,111.64309723253548
5.527616391977176,111.77977452456089
5.524610104239173,111.91659561046689
5.521380983169053,112.05356061416109
5.517944422760536,112.19066965963681
5.5143158170072155,112.32792287095955
5.510510559902784,112.46532037228457
5.506544045440876,112.60286228784013
5.5024316676151415,112.74054874194515
5.498188820419216,112.87837985899327
5.493830897846834,113.01635576346006
5.489373293891575,113.1544765799006
5.484831402547101,113.29274243295364
5.480220617807092,113.43115344734073
5.475556333665182,113.56970974785992
5.470853944115021,113.70841145939697
5.466128843150258,113.8472587069134
5.4613964247645725,113.98625161545122
5.4566720829516555,114.12539031014289
5.4519712117051,114.26467491618926
5.447309205018541,114.40410555888573
5.442701456885715,114.54368236359947
5.438163361300184,114.68340545578164
5.433710312255656,114.82327496097156
5.429357703745737,114.96329100477797
5.425120929764134,115.10345371290514
5.421015384304496,115.24376321112685
5.41705646136046,115.38421962530845
5.413259554925716,115.52482308138558
5.409640058993816,115.66557370538888
5.406213367558578,115.80647162342429
5.402994874613498,115.94751696167637
5.39999997415228,116.08870984641986
5.397244060168617,116.23005040399913
5.394742526656145,116.37153876085952
5.392510767608499,116.51317504350617
5.390564177019343,116.65495937854533
5.388918148882382,116.7968918926546
5.38758807719114,116.93897271259875
5.386584343176665,117.08120196521814
5.385886110483995,117.22357977744116
5.385460545582617,117.36610627628099
5.385274790026756,117.50878158882482
5.385295985370732,117.65160584224803
5.385491273168938,117.79457916381092
5.3858277949756115,117.93770168084703
5.386272692345145,118.08097352078157
5.386793106831732,118.2243948111147
5.387356179989823,118.3679656794393
5.387929053373597,118.51168625341474
5.388478868537476,118.65555666079993
5.388972767035739,118.79957702942885
5.389377890422693,118.9437474872148
5.389661380252662,119.08806816216226
5.389790378079994,119.23253918235176
5.389732025458898,119.37716067594492
5.389453463943795,119.52193277119724
5.388921835088979,119.66685559643355
5.388104280448715,119.81192928007263
5.386968337379784,119.95715395060607
5.3855006864310155,120.10252973661947
5.383715297667621,120.24805676677387
5.381628230699704,120.39373516981507
5.379255545137411,120.539565074572
5.376613300590833,120.68554660995672
5.373717556670059,120.83167990496797
5.370584372985178,120.97796508867995
5.3672298091463375,121.12440229026137
5.363669924763585,121.2709916389487
5.35992077944708,121.41773326407731
5.355998432806857,121.56462729506076
5.351918944453132,121.71167386139003
5.3476983739958825,121.85887309264645
5.343352781045255,122.00622511849139
5.338898225211395,122.1537300686724
5.334350766104336,122.30138807301711
5.329726463334225,122.44919926144371
5.325041376511223,122.59716376394454
5.320311565245277,122.7452817106008
5.315553089146661,122.89355323158095
5.310782007825296,123.04197845712586
5.30601438089144,123.19055751757595
5.301266267955157,123.33929054334239
5.296553728626492,123.48817766492456
5.291892822515635,123.63721901291022
5.287299609232633,123.78641471796055
5.282790148387562,123.93576491083388
5.2783804995905825,124.08526972236385
5.274086722451784,124.23492928346634
5.269924876581257,124.38474372515114
5.265911021589105,124.53471317850067
5.26206121708546,124.68483777469484
5.258391522680384,124.83511764498273
5.254917997983995,124.98555292070922
5.2516567026063825,125.13614373329823
5.248623696157665,125.28689021425885
5.245835038247975,125.4377924951873
5.243306788487317,125.58885070775617
5.2410550064859365,125.7400649837386
5.239095751853853,125.89143545496995
5.237444704721938,126.04296225339331
5.236101491143643,126.19464551101582
5.235044096328579,126.34648535994627
5.234248977326104,126.49848193236106
5.233692591185701,126.65063536053837
5.2333513949568555,126.80294577683483
5.233201845688939,126.95541331368467
5.233220400431335,127.10803810361595
5.233383516233559,127.26082027923437
5.2336676501449375,127.41375997324046
5.234049259215013,127.56685731841249
5.234504800493141,127.72011244760917
5.235010731028737,127.87352549378782
5.235543507871299,128.02709658997722
5.236079588070211,128.18082586930217
5.236595428674903,128.33471346496256
5.237067486734759,128.4887595102526
5.237472219299235,128.64296413854535
5.237786083417802,128.7973274833
5.23798553613986,128.95184967806657
5.238047034514864,129.10653085647215
5.237952801130305,129.2613711522356
5.237716574741114,129.4163706991585
5.237362808743015,129.57152963112514
5.236915965393294,129.72684808211716
5.236400506949252,129.88232618618252
5.235840895668133,130.0379640774713
5.235261593807252,130.19376189021085
5.234687063623923,130.349719758717
5.234141767375334,130.50583781739218
5.233650167318899,130.66211620072087
5.233236725711777,130.8185550432761
5.232925904811296,130.97515447971855
5.232742166874843,131.13191464479013
5.232709974159533,131.28883567332142
5.232853788922739,131.4459177002308
5.2331980734217325,131.60316086051336
5.2337672899138,131.76056528926313
5.234585900656214,131.9181311216538
5.23567836790626,132.0758584929423
5.237069153921254,132.23374753847727
5.238782196095599,132.3917983936936
5.240821860016652,132.55001119410574
5.243167558051212,132.70838607531726
5.245797081473015,132.8669231730237
5.24868822155598,133.02562262300313
5.251818769573916,133.18448456111528
5.255166516800557,133.34350912331388
5.258709254509824,133.50269644563434
5.262424773975454,133.6620466642005
5.26629086647138,133.8215599152189
5.270285323271338,133.9812363349903
5.274385935649178,134.14107605989733
5.2785704948787355,134.30107922640832
5.282816792233817,134.46124597108013
5.287102618988214,134.6215764305555
5.291405766415835,134.78207074156293
5.295704025790457,134.94272904092358
5.299975188385858,135.1035514655367
5.304197045475917,135.26453815239623
5.308347388334454,135.42568923857536
5.312404008235262,135.58700486124187
5.316348226324678,135.74848515764583
5.320179455213761,135.9101302651253
5.3239028878355015,136.07194032110647
5.327523719669372,136.23391546310356
5.331047146195061,136.39605582871414
5.334478362892099,136.55836155562687
5.337822565240074,136.72083278161676
5.341084948718574,136.88346964454317
5.344270708807244,137.04627228235864
5.347385040985571,137.2092408330934
5.350433140733202,137.37237543487672
5.35342020352968,137.53567622592155
5.356351424854623,137.69914334452247
5.359232000187575,137.8627769290674
5.362067125008181,138.02657711803096
5.364861994795973,138.19054404997343
5.367621805030538,138.35467786354764
5.370351751191492,138.51897869748535
5.373057028758382,138.68344669061293
5.375742833210879,138.8480819818465
5.378414360028401,139.01288471018512
5.381076804690679,139.1778550147138
5.383735362677257,139.3429930346133
5.386395229467695,139.50829890914744
5.389061600541581,139.67377277766215
5.391739671378502,139.83941477960718
5.394434637458033,140.00522505450556
5.397151694259861,140.17120374197336
5.399896037263403,140.33735098171786
5.402672861948332,140.50366691352752
5.405487363794265,140.67015167728914
5.408344738280718,140.8368054129687
5.4112501808872935,141.00362826062656
5.414208887093594,141.17062036040653
5.417226052379178,141.33778185254377
5.420306872223662,141.5051128773619
5.423456542106578,141.67261357527212
5.426680257507584,141.8402840867761
5.42998321390624,142.0081245524591
5.433370606782034,142.17613511300308
5.436847631614697,142.3443159091696
5.440419483883716,142.512667081816
5.444091359068693,142.68118877188428
5.44786845264926,142.8498811204104
5.451755960104933,143.01874426850995
5.455759076915342,143.18777835739658
5.459882998560033,143.35698352836877
5.464132920518665,143.52635992281503
5.468514038270698,143.69590768220976
5.473031547295861,143.86562694812056
5.477690643073615,144.03551786220206
5.4824965210836325,144.20558056619998
5.487454376805374,144.37581520194527
5.492569405718612,144.54622191136207
5.497846803302778,144.71680083646183
5.503291765037503,144.8875521193483
5.5089094864023735,145.0584759022064
5.514705162876979,145.22957232732176
5.520683989940892,145.40084153705914
5.526851163073701,145.57228367387992
5.533211877754994,145.743898880332
5.539771206896859,145.9156872990528
5.546530602371433,146.08764907277242
5.553487383977114,146.25978434430232
5.560638646179058,146.432093256553
5.567981483442594,146.60457595252157
5.575512990232852,146.7772325752897
5.583230261015132,146.95006326804344
5.591130390254676,147.12306817403683
5.599210472416701,147.29624743663467
5.607467601966476,147.46960119927812
5.615898873369218,147.6431296055056
5.624501381090184,147.81683279894148
5.633272219594545,147.99071092329692
5.642208483347574,148.16476412238794
5.651307266814584,148.3389925401029
5.660565664460677,148.51339632043295
5.669980770751238,148.68797560745207
5.679549680151382,148.8627305453256
5.689269487126424,149.0376612783145
5.699137286141536,149.2127679507627
5.70915017166206,149.388050707113
5.71930523815314,149.56350969188696
5.72959958008002,149.73914504970733
5.740030291907999,149.9149569252863
5.750594468102221,150.09094546341916
5.761289203128015,150.26711080899935
5.772111591450582,150.44345310700663
5.7830587275351775,150.61997250251588
5.794127705846975,150.79666914068406
5.805315620851317,150.9735431667718
5.816619567013376,151.150594726121
5.82803663879838,151.32782396416434
5.839563930671545,151.505231026432
5.851198537098213,151.68281605853858
5.862937552543585,151.86057920619294
5.874778071472818,152.038520615194
5.886717188351184,152.2166404314349
5.898751997643984,152.39493880089466
5.910879593816418,152.5734158696445
5.9230970713337,152.75207178385554
5.935401524661103,152.93090668977393
5.947790048263855,153.10992073375016
5.960259736607142,153.28911406222608
5.972807684156322,153.46848682172413
5.985430985376581,153.64803915887228
5.99812673473302,153.82777122037587
6.010892026691053,154.00768315304597
6.02372395571588,154.18777510377103
6.036619616272702,154.36804721954204
6.049576102826734,154.54849964743843
6.062590509843318,154.72913253462804
6.075659931787584,154.90994602837594
6.08878146312486,155.0909402760335
6.101952198320305,155.2721154250495
6.115169231839133,155.45347162295909
6.1284296581467,155.63500901739368
6.141730571708223,155.8167277560746
6.1550690669888155,155.99862798681292
6.168442238453835,156.18070985751947
6.181847180568454,156.36297351619066
6.1952809877979576,156.54541911091502
6.208740754607618,156.7280467898766
6.222225997170256,156.91085670134834
6.235746481656378,157.09384899369664
6.249314685617179,157.27702381538356
6.2629430866210924,157.46038131495908
6.276644162236465,157.64392164106556
6.2904303900316165,157.82764494244353
6.304314247574936,158.01155136791698
6.318308212434815,158.19564106641033
6.332424762179656,158.37991418693952
6.346676374377736,158.56437087860525
6.361075526597503,158.7490112906155
6.375634696407303,158.9338355722553
6.390366361375541,159.11884387291596
6.405282999070479,159.30403634206806
6.420397087060579,159.48941312928747
6.435721102914243,159.6749743842362
6.4512675241997215,159.86072025667045
6.467048828485517,160.04665089644382
6.483077493339891,160.23276645349168
6.499365996331278,160.41906707785614
6.515926507968558,160.60555291966335
6.532763854953984,160.7922241291349
6.549875360338973,160.9790808565914
6.567258008142261,161.16612325243176
6.584908782382399,161.35335146716545
6.602824667078025,161.54076565138735
6.621002646247732,161.72836595578332
6.639439703910199,161.91615253113852
6.658132824083978,162.1041255283247
6.677078990787777,162.29228509831177
6.696275188040133,162.4806313921678
6.715718399859739,162.66916456104533
6.735405610265104,162.8578847561929
6.755333803274979,163.04679212895965
6.775499962907901,163.23588683077585
6.795901073182492,163.42516901317944
6.816534118117417,163.61463882779296
6.837396081731299,163.80429642633757
6.858483948042704,163.99414196062597
6.879794701070338,164.1841755825626
6.90132532483274,164.3743974441483
6.9230728033485605,164.56480769748725
6.9450341206364214,164.75540649475803
6.967206260714917,164.9461939882544
6.989586207602699,165.13717033034564
7.012170945318417,165.328335673507
7.034957457880665,165.51969017030578
7.057942729308039,165.71123397340477
7.081123743619159,165.90296723555647
7.104497484832677,166.09489010961144
7.128060936967174,166.28700274851468
7.151811084041299,166.479305305307
7.175744910073703,166.67179793311547
7.199859399082982,166.8644807851749
7.224151535087742,167.05735401480527
7.248618302106578,167.25041777542603
7.2732566841581985,167.44367222054558
7.2980636652611395,167.63711750377772
7.323036229434024,167.83075377881698
7.348171360695545,168.0245811994658
7.373466043064241,168.2185999196146
7.398917260558818,168.41281009325226
7.4245219971978145,168.6072118744568
7.450277236999895,168.80180541740853
7.476179963983682,168.99659087638176
7.5022271621677845,169.1915684057376
7.528415815570838,169.3867381599468
7.5547429082114235,169.58210029355976
7.581205424108234,169.77765496123556
7.6078003472797775,169.97340231772134
7.634524661744777,170.1693425178634
7.661375351521812,170.36547571659867
7.688349400629519,170.56180206896317
7.715443793086493,170.75832173008862
7.742655512911412,170.95503485519862
7.769981544122814,171.15194159962104
7.7974188707394205,171.34904211877213
7.824964476779698,171.54633656816637
7.8526153462624535,171.74382510340675
7.880368463206182,171.9415078802055
7.908220811629562,172.13938505436593
7.936169375551117,172.33745678177632
7.96421113898964,172.53572321843683
7.992343085963611,172.73418452043632
8.020562200491739,172.93284084395856
8.048865466592517,173.1316923452859
8.077249868284738,173.33073918079936
8.105712389586841,173.5299815069688
8.134250014517619,173.72941948036166
8.162859727095537,173.92905325765153
8.191538511339374,174.12888299560225
8.220283351267625,174.32890885106667
8.249091230898983,174.5291309810065
8.277959134252058,174.72954954247126
8.306884045345413,174.9301646926109
8.3358629481977,175.13097658867184
8.364892826827585,175.33198538799232
8.393970665253633,175.53319124801845
8.423093447494452,175.7345943262844
8.452258157568778,175.9361947804199
8.481461779495078,176.13799276815408
8.510701297292059,176.3399884473217
8.539973770519254,176.54218197583572
8.569277746915674,176.74457351172245
8.598613135828785,176.9471632130989
8.627979896770114,177.1499512381767
8.657377989251316,177.35293774527474
8.686807372783818,177.5561228927915
8.716268006879233,177.7595068392428
8.745759851049101,177.96308974323043
8.775282864804979,178.16687176344982
8.80483700765842,178.37085305870758
8.834422239120954,178.57503378789397
8.864038518704177,178.779414110003
8.893685805919574,178.98399418412495
8.923364060278743,179.18877416945026
8.953073241293225,179.39375422526834
8.982813308474562,179.5989345109547
9.012584221334293,179.80431518599545
9.042385939384019,180.00989640996806
9.072218422135265,180.2156783425542
9.102081629099544,180.42166114352457
9.13197551978844,180.6278449727515
9.161900053713481,180.8342299902131
9.191855190386264,181.04081635596881
9.221840889318301,181.24760423019154
9.25185711002112,181.45459377314594
9.281903812006377,181.66178514519353
9.31198095478554,181.8691785067966
9.342088497870094,182.0767740185132
9.372226400771737,182.28457184100742
9.402394623001939,182.4925721350262
9.432593124072213,182.70077506143565
9.462821863494213,182.90918078118222
9.49308080077941,183.1177894553225
9.523369895439373,183.32660124500003
9.553689106985672,183.53561631146735
9.58403839492982,183.74483481607822
9.614417718783415,183.95425692027092
9.644827038057969,184.1638827855967
9.675266312265052,184.3737125736927
9.705735500916205,184.58374644631184
9.736234563522999,184.79398456528637
9.766763459596973,185.00442709256058
9.797322148649641,185.21507419018045
9.827910590192545,185.42592602027653
9.858528743737338,185.63698274509042
9.889176568795506,185.8482445269628
9.919854024878617,186.05971152832433
9.950561071498157,186.2713839117116
9.98129766816578,186.48326183976448
10.012063774392942,186.69534547521422
10.042859349691241,186.90763498089555
10.073684353572247,187.1201305197426
10.104538745547472,187.33283225478505
10.135422485128487,187.54574034915612
10.166335531826775,187.75885496609135
10.19727784515402,187.97217626892066
10.228249384621648,188.1857044210776
10.259250109741316,188.39943958608487
10.29027998002445,188.61338192758637
10.321338954982792,188.82753160930312
10.352426994127626,189.0418887950748
10.38354405697072,189.25645364882104
10.414690103023503,189.4712263345815
10.445865091797657,189.6862070164866
10.477068982804582,189.9013958587601
10.508301735555932,190.1167930257422
10.539563309563192,190.3323986818597
10.570853664337989,190.54821299164655
10.602172759391777,190.76423611973294
10.633520554236156,190.9804682308535
10.664897008382752,191.19690948984055
10.696302081342907,191.4135600616229
10.727735732628418,191.630420111242
10.759197921750683,191.84748980382642
10.790688608221302,192.06476930461616
10.822207751551787,192.28225877894516
10.853755311253792,192.49995839224943
10.885331246838717,192.71786831006713
10.916935517818217,192.93598869803319
10.948568083703805,193.1543197218916
10.980228904007049,193.37286154748188
11.01191793823952,193.5916143407404
11.043635145912702,193.8105782677155
11.075380486538194,194.02975349454576
11.107153919627592,194.2491401874804
11.138955404692268,194.46873851285758
11.17078490124399,194.68854863713176
11.202642368794187,194.90857072684776
11.234527766854455,195.12880494865166
11.26644105493628,195.34925146930075
11.298382192551259,195.569910455644
11.33035113921099,195.7907820746375
11.362347854426957,196.0118664933305
11.394372297710731,196.23316387889062
11.426424428573881,196.45467439856486
11.45850420652792,196.67639821972148
11.490611591084416,196.89833550982206
11.522746541754941,197.12048643642586
11.55490901805095,197.34285116721088
11.587098979484153,197.56542986992616
11.61931638556598,197.78822271246057
11.651561195808,198.01122986277136
11.683833369721839,198.23445148894174
11.716132866818924,198.45788775914303
11.74845964661094,198.68153884165292
11.78081366860934,198.90540490485986
11.813194892325669,199.1294861172376
11.845603277271493,199.35378264737363
11.87803878295847,199.57829466396055
11.910501368898025,199.8030223357822
11.942990994601729,200.02796583173483
11.975507619581151,200.25312532081153
12.008051203347861,200.47850097211088
12.040621705413344,200.70409295483415
12.073219085289224,200.92990143828385
12.105843302487045,201.15592659186532
12.138494316518262,201.38216858508954
12.171172086894586,201.60862758756474
12.203876573127417,201.83530376900765
12.236607734728409,202.06219729923674
12.269365531209075,202.28930834816907
12.302149922080986,202.51663708583206
12.334960866855624,202.74418368235334
12.367798325044618,202.9719483079581
12.400662256159421,203.1999311329847
12.433552619711719,203.42813232786335
12.46646937521291,203.6565520631436
12.499412482174705,203.8851905094595
12.532381900108533,204.11404783756018
12.56537758852599,204.34312421830407
12.598399506938648,204.57241982263437
12.631447614858047,204.80193482161528
12.6645218717957,205.0316693864031
12.697622237263175,205.26162368826954
12.730748670772044,205.49179789857686
12.76390113183382,205.72219218880005
12.797079579960126,205.95280673051792
12.830283974662365,206.18364169540894
12.863514275452332,206.41469725525545
12.896770441841312,206.6459735819513
12.930052433341018,206.87747084748557
12.963360209462934,207.10918922395456
12.996693729718658,207.3411288835572
13.030052953619787,207.57328999860854
13.063437840677693,207.80567274151028
13.096848350404088,208.0382772847818
13.130284442310511,208.2711038010321
13.163746075908392,208.50415246299542
13.197233210709385,208.73742344348983
13.230745806225002,208.9709169154528
13.264283821966842,209.20463305192203
13.297847217446389,209.43857202603547
13.331435952175212,209.67273401104632
13.365049985664939,209.9071191802961
13.398689277426996,210.14172770724767
13.432353786973039,210.37655976545548
13.466043473814551,210.61161552859525
13.499758297463131,210.84689517043438
13.533498217430235,211.08239886484392
13.567263193227575,211.31812678580744
13.601053184366549,211.5540791074153
13.634868150358812,211.79025600385717
13.668708050715878,212.02665764942643
13.70257284494923,212.26328421853393
13.736462492570524,212.50013588567788
13.770376953091244,212.7372128254786
13.804316186022959,212.9745152126543
13.838280150877267,213.2120432220244
13.872268807165625,213.44979702852294
13.906282114399659,213.68777680718972
13.940320032090852,213.92598273315969
13.974382519750861,214.1644149816812
14.00846953689117,214.40307372811304
14.04258104302329,214.64195914790628
14.07671699765882,214.88107141663465
14.110877360309274,215.12041070996432
14.145062090486306,215.3599772036766
14.1792711477014,215.59977107364838
14.213504491466011,215.83979249587642
14.247762081291853,216.0800416464531
14.28204387669038,216.32051870158176
14.316349837173107,216.56122383757202
14.350679922251686,216.80215723083845
14.38503409143766,217.04331905790372
14.419412304242485,217.28470949539232
14.453814520177843,217.52632872004472
14.488240698755163,217.7681769087002
14.522690799486014,218.01025423830805
14.55716478188205,218.25256088591792
14.591662605454701,218.49509702869884
14.626184229715562,218.73786284391582
14.660729614176176,218.98085850894552
14.695298718348141,219.22408420127
14.72989150174297,219.46754009847842
14.764507923872173,219.71122637827483
14.799147944247352,219.95514321845025
14.833811522380046,220.1992907969262
14.868498617781853,220.44366929172386
14.90320918996423,220.68827888095598
14.93794319843883,220.93311974286783
14.972700602717083,221.17819205579647
15.007481362310642,221.42349599819119
15.04228543673102,221.66903174860724
15.07711278548976,221.91479948570282
15.111963368098458,222.16079938826118
15.146837144068542,222.40703163514962
15.181734072911752,222.6534964053622
15.21665411413943,222.9001938779898
15.251597227263233,223.14712423223915
15.286563371794756,223.39428764741857
15.321552507245542,223.64168430294447
15.356564593127018,223.88931437834606
15.391599588950896,224.13717805325763
15.426657454228632,224.38527550742637
15.461738148471795,224.63360692069503
15.496841631191899,224.8821724730322
15.53196786190054,225.13097234450055
15.567116800109261,225.3800067152791
15.602288405329631,225.62927576565068
15.637482637073191,225.87877967601142
15.672699454851454,226.12851862686125
15.707938818176018,226.37849279881522
15.743200686558367,226.62870237258429
15.778485019510185,226.87914752901068
15.813791776542843,227.12982844901813
15.849120916380684,227.3807453136619
15.884472048731453,227.6318983040916
15.919843887164518,227.88328760157887
15.955235003420825,228.13491338748335
15.99064396924112,228.38677584330145
16.02606935636635,228.63887515061924
16.061509736537317,228.89121149113532
16.096963681494856,229.14378504666584
16.13242976297974,229.39659599912642
16.167906552732944,229.6496445305504
16.203392622495272,229.90293082306746
16.238886544007556,230.1564550589333
16.2743868890106,230.41021742050492
16.309892229245293,230.6642180902475
16.345401136452466,230.91845725074242
16.38091218237301,231.17293508466778
16.41642393874767,231.42765177483454
16.45193497731742,231.6826075041323
16.48744386982304,231.93780245559196
16.522949188005327,232.19323681233462
16.55844950360523,232.44891075759813
16.5939433883635,232.70482447473216
16.629429414021047,232.96097814718664
16.66490615231865,233.217371958535
16.7003721749972,233.47400609245116
16.73582605379758,233.7308807327309
16.771266360460487,233.98799606326733
16.806691666726977,234.24535226806896
16.84210054433774,234.50294953125493
16.877491565033665,234.76078803705997
16.912863300555586,235.01886796982456
16.94821432264439,235.27718951399652
16.98354320304091,235.53575285414632
17.018848513485892,235.7945581749401
17.054128825720312,236.05360566116514
17.089382711485,236.31289549771455
17.124608742520678,236.57242786959927
17.159805490568402,236.83220296193974
17.19497152736878,237.09222095995406
17.230105424662867,237.3524820489884
17.265205754191385,237.61298641449693
17.300271087695194,237.87373424204344
17.335299996915154,238.13472571729307
17.37029105359207,238.39596102604096
17.405242829466857,238.65744035417865
17.44015389628035,238.9191638877228
17.47502282577335,239.1811318127865
17.50984818968672,239.44334431560307
17.544628559761293,239.70580158251926
17.579362507737983,239.96850379998523
17.61404860535751,240.23145115457498
17.64868542436085,240.49464383297104
17.683271536488775,240.75808202195606
17.717805513482148,241.02176590844357
17.752285927081772,241.28569567944564
17.786711349028565,241.54987152208645
17.821080351063358,241.81429362361288
17.855391504926956,242.07896217137548
17.88964338236022,242.34387735283724
17.92383455510398,242.6090393555857
17.9579635948991,242.8744483672968
17.992029073486435,243.1401045757849
18.02602956260685,243.4060081689633
18.059963634001093,243.6721593348614
18.093829859410135,243.9385582616127
18.127626810574753,244.20520513747758
18.16135305923578,244.47210015082737
18.1950071771341,244.73924349013092
18.228587736010496,245.00663534399263
18.26209330760591,245.27427590111083
18.295522463661086,245.54216535030753
18.328873775917003,245.81030388051445
18.36214581611435,246.07869168078008
18.395337155994014,246.347328940261
18.428446367296885,246.61621584822896
18.461472021763825,246.88535259407098
18.494412691135636,247.154739367284
18.527266947153123,247.42437635749096
18.56003336155723,247.69426375440736
18.592710506088736,247.96440174787992
18.625296952488497,248.23479052786047
18.657791272497377,248.5054302844164
18.69019203785618,248.7763212077325
18.722497820305847,249.04746348809877
18.754707191587045,249.31885731593695
18.786818723440803,249.59050288176158
18.818830987607896,249.86240037620848
18.85074255582913,250.1345499900437
18.88255199984536,250.40695191412092
18.91425789139751,250.6796063394313
18.945858802226354,250.9525134570591
18.97735330407272,251.2256734582244
19.008739968677503,251.49908653424936
19.040017367781587,251.77275287657258
19.071184073125664,252.04667267675086
19.102238656450737,252.32084612644326
19.13317968949758,252.59527341744874
19.164005744007,252.8699547416488
19.19471539171994,253.14489029107403
19.225307204377202,253.42008025783588
19.255779753719565,253.69552483418963
19.286131611487974,253.97122421249307
19.316361349423232,254.2471785852157
19.3464675392662,254.52338814495113
19.376448752757653,254.79985308439936
19.406303561638566,255.07657359638125
19.436030537649657,255.35354987383118
19.465628252531815,255.630782109801
19.49509527802593,255.90827049746164
19.524430185872802,256.1860152300889
19.553631547813296,256.4640165010815
19.582697935588158,256.74227450395585
19.611627920938332,257.0207894323368
19.640420075604766,257.2995614799743
19.66907297132812,257.57859084072686
19.697585179849312,257.8578777085748
19.725955272909147,258.1374222776032
19.754181822248512,258.4172247420338
19.782263399608297,258.6972852961824
19.810198576729334,258.9776041344976
19.837985925352342,259.2581814515334
19.865624017218266,259.53901744196764
19.893111424067968,259.82011230059095
19.92044671764225,260.1014662223105
19.947628469682,260.38307940215003
19.97465525192797,260.6649520352557
20.00152563612113,260.94708431687917
20.0282381940022,261.2294764423965
20.05479149731221,261.51212860730607
20.081184117791736,261.7950410072085
20.107414627181868,262.078213837838
20.133481597223295,262.3616472950312
20.159383599656962,262.64534157474367
20.185119206223675,262.929296873063
20.210686988664236,263.21351338617933
20.23608551871962,263.4979913104057
20.261313368130516,263.78273084217454
20.286369108637842,264.0677321780225
20.31125131198243,264.3529955146245
20.335958549905143,264.6385210487582
20.36048939414684,264.92430897732066
20.384842416448265,265.21035949733806
20.409016188550396,265.4966728059394
20.433009282194064,265.78324910037907
20.456820269120016,266.07008857802754
20.480447721069112,266.3571914363771
20.5038902097823,266.6445578730287
20.52714630700035,266.93218808571663
20.55021458446413,267.22008227228014
20.573093613914494,267.50824063068245
20.595781967092222,267.79666335900333
20.618278215738172,268.08535065544277
20.64058093159329,268.3743027183175
20.662688686398326,268.6635197460609
20.684600051894165,268.9530019372325
20.706313599821613,269.24274949050687
20.727827901921557,269.53276260467163
20.749141529934832,269.8230414786369
20.770253055602296,270.1135863114378
20.791161050664726,270.40439730222045
20.81186408686304,270.69547465025397
20.83236073593801,270.98681855491895
20.852649569630586,271.2784292157363
20.87272915968157,271.5703068323174
20.892598077831735,271.8624516044179
20.91225489582206,272.1548637318917
20.93169818539323,272.44754341472753
20.950926518286252,272.74049085303574
20.969938466241814,273.0337062470307
20.98873260100089,273.32718979706004
21.007307494304285,273.6209417035756
21.025661717892802,273.9149621671724
21.043793843507387,274.2092513885478
21.06170244288873,274.50380956851905
21.079386087777806,274.798636908043
21.09684334991539,275.09373360815965
21.11407280104237,275.3890998700698
21.131073012899606,275.6847358950734
21.147842557227847,275.98064188458255
21.164380005768066,276.2768180401495
21.18068393026101,276.573264563439
21.19675290244757,276.86998165623254
21.21258549406855,277.1669695204339
21.22818027686486,277.4642283580638
21.243535822577286,277.76175837127926
21.25865070294671,278.05955976234253
21.273523489713966,278.35763273363654
21.288152754619915,278.65597748767703
21.30253706940536,278.954594227089
21.316675005811135,279.2534831546243
21.330565135578155,279.55264447315994
21.344206030447225,279.8520783856824
21.357596262159177,280.1517850953111
21.3707344024549,280.45176480527704
21.383619023075227,280.7520177189406
21.39624869576096,281.0525440397816
21.40862199225299,281.35334397139144
21.420737484292147,281.6544177175092
21.432593743619265,281.9557654819597
21.444189341975175,282.25738746872344
21.45552285110074,282.55928388188084
21.466592842736844,282.8614549256342
21.477397888624267,283.1639008043279
21.487936560503925,283.46662172241435
21.498207430116594,283.769617884458
21.50820906920319,284.0728894951616
21.51794004950446,284.3764367593563
21.527398942761323,284.6802598819592
21.53658432071461,284.9843590680584
21.545494755105125,285.28873452283204
21.554128817673814,285.593386451591
21.56248508016145,285.89831505976485
21.570562114308842,286.2035205529097
21.578358491856903,286.50900313670866
21.58587278454641,286.81476301695756
21.593103564118337,287.12080039957914
21.600049402313374,287.42711549062534
21.606708870872495,287.7337084962609
21.61308054153639,288.0405796227778
21.619162986046064,288.3477290765994
21.624954776142374,288.65515706425816
21.630454483565956,288.96286379241593
21.63566068005784,289.2708494678662
21.64057193735883,289.5791142975137
21.645186827209756,289.88765848839284
21.649503921351453,290.19648224765774
21.65352179152478,290.5055857825963
21.6572390094706,290.81496930060604
21.660654146929687,291.12463300921434
21.663765775642986,291.4345771160809
21.666572467351244,291.7448018289792
21.669072793795493,292.0553073558065
21.67126532671628,292.36609390459296
21.67314863785475,292.67716168348016
21.67472129895154,292.98851090074663
21.675981881747532,293.3001417647912
21.67692895798362,293.6120544841286
21.677561099400663,293.9242492674108
21.677876877739436,294.2367263234102
21.67787486474083,294.54948586101966
21.677553632145703,294.8625280892631
21.67691175169486,295.17585321728296
21.67594779512919,295.48946145434667
21.674660334189554,295.8033530098591
21.673047940616698,296.11752809333143
21.67110918615154,296.4319869144125
21.668842937791794,296.7467296828742
21.666275718147887,297.0617566086139
21.663483889847157,297.37706790164566
21.660549036132437,297.6926637721282
21.657552740246842,298.0085444303244
21.65457658543329,298.3247100866397
21.651702154934725,298.64116095158636
21.649011031994178,298.9578972358211
21.64658479985465,299.2749191501183
21.644505041759032,299.59222690538
21.64285334095038,299.9098207126367
21.641711280671643,300.2277007830319
21.641160444165763,300.5458673278544
21.641282414675715,300.86432055850014
21.64215877544453,301.1830606865126
21.643871109715178,301.502087923538
21.64650100073061,301.821402481362
21.650130031733823,302.1410045719093
21.654839785967766,302.4608944071973
21.66071184667547,302.7810721994018
21.667827797099818,303.10153816081487
21.676254150802123,303.4222925038487
21.685941636950787,303.74333544104906
21.69678731247413,304.06466718508625
21.708687940621047,304.3862879487686
21.72154028464024,304.7081979450055
21.735241107780524,305.03039738686164
21.749687173290766,305.3528864875052
21.764775244419525,305.6756654602598
21.780402084415783,305.99873451854614
21.79646445652824,306.3220938759342
21.812859124005655,306.6457437461103
21.829482850096923,306.9696843428912
21.84623239805066,307.2939158802294
21.863004531115763,307.61843857218173
21.87969601254096,307.9432526329676
21.896203605575067,308.26835827690803
21.91242407346681,308.59375571845237
21.92825417946503,308.9194451721975
21.94359068681851,309.2454268528468
21.958330358775925,309.5717009752426
21.972370499656506,309.8982677543602
21.985650776982055,310.22512740530095
21.99818295124973,310.55228014327724
22.00998580210708,310.8797261836498
22.02107810920168,311.2074657419101
22.031478652181107,311.53549903366525
22.04120621069299,311.86382627465554
22.050279564384965,312.1924476807501
22.05871749290452,312.5213634679515
22.066538775899318,312.85057385238684
22.07376219301696,313.1800790503125
22.08040652390494,313.50987927811383
22.086490548210918,313.8399747523101
22.092033045582525,314.17036568954325
22.09705279566728,314.5010523065844
22.101568578112847,314.8320348203457
22.105599172566684,315.1633134478575
22.109163358676568,315.49488840627987
22.11227991608996,315.8267599129161
22.114967624454465,316.1589281851701
22.11724526341777,316.49139344061615
22.119137036383194,316.8241558969226
22.120706079089672,317.1572157719035
22.122032535832062,317.4905732835099
22.1231966221236,317.8242286498095
22.124278553477495,318.15818208900714
22.12535854540701,318.492433819438
22.126516813425468,318.826984059561
22.12783357304599,319.1618330279769
22.12938903978184,319.49698094340795
22.131263429146316,319.83242802470943
22.13353695665262,320.16817449087426
22.136289837813933,320.50422056101485
22.139602288143664,320.84056645437914
22.143554523154904,321.17721239035734
22.148226758360863,321.51415858844825
22.15369920927489,321.8514052682975
22.160052091410193,322.18895264968234
22.167365620280037,322.5268009525065
22.175720011397573,322.86495039680534
22.18519548027612,323.2034012027457
22.19587109085245,323.5421535906213
22.207749508367044,323.881207780883
22.220710577581457,324.22056399406966
22.234623046204632,324.56022245089565
22.249355661945657,324.9001833721705
22.264777172513476,325.2404469788657
22.280756325617062,325.58101349206163
22.297161868965418,325.92188313299175
22.313862550267544,326.26305612300797
22.330727117232442,326.60453268359436
22.34762431756903,326.94631303637215
22.36442289898639,327.2883974030927
22.380991609193444,327.6307860056469
22.397199195899333,327.97347906604443
22.412914406812746,328.3164768064347
22.428005989642912,328.6597794491138
22.442342692098777,329.0033872164852
22.455793261889312,329.34730033110867
22.46822644672349,329.6915190156513
22.479510994310317,330.03604349294153
22.48951565235879,330.3808739859245
22.498134300613884,330.72601071767883
22.505429514432052,331.07145391142814
22.5115332886524,331.41720379050616
22.51657783281155,331.763260578413
22.520695356445884,332.1096244987543
22.524018069091966,332.45629577527876
22.52667818028624,332.80327463187376
22.52880789956518,333.15056129255805
22.530539436465375,333.49815598148217
22.532005000523185,333.84605892293064
22.53333680127517,334.19427034131974
22.53466704825783,334.5427904612096
22.536127951007586,334.89161950728277
22.537851719061024,335.240757704368
22.53997056195456,335.5902052774215
22.54261668922473,335.9399624515292
22.545922310407946,336.29002945192616
22.55001963504077,336.6404065039653
22.555040872659674,336.9910938331513
22.561118232801135,337.3420916651068
22.568382491412507,337.6934002255991
22.576882887256687,338.04501974053306
22.586544786282445,338.3969504359462
22.59728318674925,338.7491925380067
22.609013086916406,339.10174627301774
22.621649485043264,339.4546118674279
22.63510737938924,339.80778954781863
22.649301768213633,340.16127954089023
22.664147649775828,340.5150820734979
22.67956002233521,340.86919737263514
22.695453884151192,341.22362566540704
22.711744233483017,341.5783671790837
22.728346068590128,341.93342214104945
22.74517438773188,342.28879077884164
22.762144189167657,342.64447332011207
22.77917047115676,343.0004699926707
22.796168231958603,343.3567810244613
22.81305246983254,343.71340664354483
22.82973818303799,344.07034707813557
22.846140369834217,344.42760255658715
22.86217402848061,344.7851733073776
22.877765249010366,345.1430595591265
22.89290979933014,345.5012615406004
22.907630440315103,345.85977948068546
22.92194999177235,346.2186136084123
22.935891273508844,346.5777641529634
22.949477105331397,346.93723134362676
22.96273030704714,347.2970154098544
22.97567369846294,347.6571165812311
22.98833009938565,348.0175350874692
23.000722329622334,348.37827115842344
23.01287320898001,348.73932502409394
23.024805557265495,349.1006969146059
23.036542194285772,349.46238706022757
23.048105939847773,349.8243956913749
23.059519613758567,350.18672303859194
23.070806035824944,350.54936933255607
23.081988025854002,350.9123348040876
23.09308840365256,351.2756196841478
23.104129989027598,351.6392242038462
23.115135601786164,352.0031485944009
23.126128061735187,352.3673930871935
23.137130188681482,352.7319579137468
23.14816480243215,353.0968433056997
23.15925472279403,353.4620494948601
23.170422769574174,353.8275767131472
23.181691762579476,354.19342519263176
23.193084521616896,354.55959516551854
23.204623866493392,354.9260868641641
23.216332617015865,355.2929005210467
23.22823359299136,355.6600363687964
23.240349614226716,356.02749464018547
23.25270350052901,356.3952755681002
23.26531807170508,356.76337938561215
23.278216147562034,357.13180632588205
23.291420547906625,357.50055662224577
23.30495409254587,357.8696305081715
23.318839601286783,358.2390282172497
23.333099893936236,358.6087499832363
23.347757790301245,358.9787960400095
23.362836110188795,359.34916662160066
23.378357673405702,359.719861962166
23.39434529975904,360.09088229601514
23.410821809055676,360.462227857598
23.4278100211026,360.8338988815027
23.445332755706772,361.2058956024479
23.46341283267509,361.5782182553006
23.482073071814597,361.9508670750816
23.501336292932194,362.32384229692946
23.52122531583484,362.69714415614453
23.541762960329407,363.07077288815805
23.562972046222967,363.4447287285294
23.584875393322392,363.81901191299306
23.607495821434696,364.1936226773965
23.63085615036678,364.568561257739
23.654979199925634,364.943827890159
23.679887789918126,365.31942281092864
23.70560474015133,365.69534625648805
23.73215287043206,366.0715984633932
23.75955500056736,366.4481796683498
23.787833950364217,366.82509010821093
23.817012539629474,367.20233001996144
23.847112436630198,367.57989964074915
23.87810574823075,367.9577992078305
23.909897279018992,368.3360289586356
23.94238702940399,368.71458913072416
23.975474999794955,369.09347996179844
24.009061190601045,369.47270168970334
24.0430456022315,369.8522545524268
24.07732823509548,370.23213878811003
24.11180908960219,370.6123546350057
24.14638816616079,370.99290233155966
24.180965465180492,371.3737821163188
24.215440987070508,371.75499422798384
24.249714732239994,372.13653890540934
24.283686701098077,372.5184163875856
24.317256894054083,372.9006269136516
24.350325311517082,373.2831707228742
24.382791953896287,373.6660480546879
24.41455682160091,374.04925914865504
24.445519915040194,374.43280424448466
24.475581234623235,374.8166835820271
24.504640780759274,375.2008974012876
24.53261871651128,375.58544594240476
24.559546364140544,375.9703294456644
24.585493146248098,376.355548151502
24.61052851931538,376.74110230049223
24.634721939823606,377.12699213335696
24.658142864254103,377.51321789095493
24.680860749088254,377.8997798143002
24.7029450508073,378.2866781445518
24.724465225892658,378.6739131230004
24.745490730825537,379.06148499110583
24.766091022087352,379.4493939904328
24.786335556159372,379.83764036274783
24.80629378952287,380.226224349909
24.826035178659282,380.61514619394666
24.845629180049855,381.0044061370477
24.865145250175885,381.394004421504
24.884652845518787,381.783941289802
24.904221422559743,382.1742169845306
24.923920437780197,382.56483174846795
24.94381934766139,382.95578582449235
24.96398683336767,383.3470794556606
24.984462191693723,383.73871288517586
25.005246979832407,384.13068635636586
25.026340275740324,384.52300011272104
25.04774115737399,384.915654397862
25.06944870268987,385.3086494555943
25.091461989644444,385.7019855298183
25.11378009619412,386.09566286462194
25.1364021002955,386.4896817042185
25.15932707990501,386.8840422929737
25.182554112979204,387.27874487541396
25.20608227747445,387.6737896961855
25.229910651347325,388.0691770000984
25.254038312554314,388.46490703211845
25.27846433905185,388.8609800373394
25.30318780879648,389.2573962610278
25.328207799744717,389.65415594855614
25.353523389852967,390.0512593454975
25.379133657077773,390.4487066975284
25.405037679375567,390.8464982504928
25.431234534702952,391.2446342503912
25.457723301016244,391.6431149433554
25.48450305627202,392.0419405756795
25.511572878426847,392.44111139378117
25.538931845437077,392.84062764426795
25.56657903525928,393.24048957385725
25.594513525849948,393.64069742942894
25.62273439516551,394.041251458023
25.65124072116248,394.4421519068086
25.68003158179735,394.84339902312354
25.70910605502661,395.2449930544323
25.7384632188068,395.64693424837947
25.76810215109427,396.0492228527251
25.798021929845646,396.45185911538994
25.828221633017392,396.85484328446114
25.85870033856591,397.2581756081528
25.889457124447773,397.66185633484855
25.920491068619413,398.0658857130677
25.951801249037374,398.470263991485
25.983386743658087,398.8749914189112
26.01524663043807,399.28006824433237
26.04737998733387,399.6854947168709
26.079785892301828,400.09127108579935
26.11246342329858,400.4973976005434
26.145411658280523,400.9038745106709
26.178629675204178,401.3107020659115
26.212116552026032,401.7178805161457
26.245871366702517,402.12541011139047
26.279893197190233,402.5332911018336
26.314181121445557,402.94152373779104
26.34873421742506,403.3501082697614
26.383551563085206,403.759044948363
26.41863223638242,404.1683340243711
26.45397531527331,404.5779757487412
26.48957987771425,404.9879703725399
26.52544500166178,405.3983181470144
26.56156976507239,405.8090193235404
26.597953245902573,406.2200741536772
26.634594522108813,406.6314828890986
26.671492671647542,407.04324578166205
26.708646772475333,407.4553630833541
26.74605590254859,407.86783504633365
26.78371913982383,408.2806619228948
26.821635562257654,408.69384396548674
26.85980424780641,409.10738142673165
26.898224274426582,409.52127455936954
26.936894720074747,409.9355236163221
26.975814662707336,410.3501288506523
27.014983180280836,410.76509051557906
27.054399350751765,411.18040886446835
27.094062252076554,411.5960841508454
27.133970962211777,412.01211662839137
27.174124559113892,412.4285065509263
27.214522120739332,412.84525417245004
27.25516272504464,413.26235974707504
27.296045449986252,413.6798235291113
27.337169373520766,414.0976457729993
27.37853357360453,414.5158267333391
27.420137128194085,414.93436666487617
27.46197911524598,415.35326582252753
27.504058612716648,415.77252446134685
27.546374698562545,416.19214283654804
27.588926350440715,416.61212120350814
27.63170953915042,417.0324598177471
27.674716779154522,417.4531589349364
27.717940394173382,417.8742188109201
27.761372707927364,418.29563970168516
27.80500604413669,418.71742186336763
27.848832726521806,419.1395655522794
27.89284507880288,419.56207102485786
27.937035424700497,419.9849385377193
27.981396087934826,420.40816834762956
28.02591939222623,420.83176071150996
28.070597661294983,421.2557158864284
28.115423218861594,421.68003412961446
28.160388388646254,422.10471569846857
28.2054854943693,422.52976085052
28.25070685975112,422.95516984347506
28.296044808512022,423.38094293518424
28.34149166437234,423.8070803836572
28.387039751052413,424.23358244707197
28.432681392272542,424.660449383739
28.47840891175315,425.08768145214634
28.524214633214484,425.5152789109175
28.57009088037688,425.94324201887224
28.616029976960732,426.3715710349447
28.662024246686343,426.8002662182412
28.70806601327402,427.2293278280251
28.754147600444185,427.6587561237231
28.800261331917085,428.08855136491917
28.846399531413113,428.5187138113426
28.892554522652517,428.9492437228953
28.93871862935569,429.3801413596187
28.984884175242996,429.811406981724
29.031043484034683,430.2430408495927
29.0771888794512,430.6750432237304
29.12331268521274,431.1074143648346
29.169407225039805,431.54015453373637
29.215464822652592,431.9732639914497
29.26147780177149,432.4067429991193
29.30743848611681,432.8405918180698
29.353339199408936,433.2748107097755
29.399172265368122,433.70939993586
29.444930007714817,434.1443597581365
29.49060475016924,434.5796904385372
29.536188816451755,435.01539223919355
29.581674530282783,435.4514654223558
29.627054215382543,435.8879102504614
29.6723201954714,436.32472698610724
29.717464794269773,436.76191589203114
29.762480335497912,437.19947723115223
29.807359142876066,437.6374112665183
29.85209354012474,438.0757182613804
29.896675850964186,438.5143984791062
29.941098399114765,438.95345218326065
29.985353508296782,439.3928796375408
30.029433502230603,439.83268110581025
30.073330704636533,440.2728568521118
30.117037439234963,440.7134071406268
30.160546029746115,441.15433223570676
30.20384879989038,441.5956324018574
30.246938073388208,442.0373079037518
30.289806173959732,442.4793590062239
30.33244542532543,442.92178597426863
30.37486291366082,443.36458907304853
30.417128733523924,443.8077685678528
30.45932978666164,444.25132472418557
30.50155297498054,444.6952578076651
30.54388520038694,445.13956808411245
30.58641336478732,445.5842558194694
30.62922437008811,446.02932127987106
30.67240511819577,446.4747647316114
30.716042511016695,446.9205864411181
30.76022345045726,447.3667866750189
30.805034838424064,447.8133657000722
30.850563576823447,448.26032378322753
30.896896567561754,448.7076611915682
30.944120712545526,449.1553781923657
30.992322913681164,449.6034750530319
31.041590072875152,450.0519520411673
31.092009092033777,450.5008094245096
31.14366687306358,450.9500474709694
31.19665031787099,451.3996664486301
31.251046328362463,451.84966662572236
31.306938502259612,452.3000482706563
31.364330349976314,452.75081165199623
31.423142953638035,453.2019570384634
31.48329362286728,453.653484698956
31.544699667286466,454.1053949025263
31.607278396518154,454.5576879184068
31.670947120184707,455.010364015975
31.73562314790871,455.4634234647755
31.801223789312644,455.9168665345337
31.867666354019008,456.3706934951234
31.934868151650164,456.8249046165861
32.00274649182879,457.2795001691183
32.07121868417718,457.73448042311395
32.140202038317994,458.1898456490994
32.20961386387356,458.64559611777264
32.27937147046649,459.1017321000228
32.349392167719174,459.5582538668523
32.41959326525421,460.0151616894877
32.489892072693976,460.47245583926554
32.56020589966104,460.9301365877372
32.630452055777766,461.38820420659675
32.700547850666794,461.8466589676946
32.770410593950544,462.30550114307323
32.83995759525146,462.7647310049052
32.90910616419214,463.2243488255687
32.977773610394934,463.6843548775888
33.04587724348241,464.14474943364365
33.11333437307701,464.6055327666111
33.1800623088013,465.06670514950594
33.24597836027769,465.52826685553316
33.31099983712869,465.9902181580348
33.375044048976775,466.4525593305497
33.43802830544445,466.9152906467743
33.49986991615421,467.37841238055205
33.56048619072851,467.8419248059439
33.619794438789796,468.3058281971187
33.67771196996068,468.77012282845584
33.73415609386356,469.2348089744729
33.78904412012096,469.6998869098852
33.84229335835528,470.1653569095629
33.89382111818915,470.6312192485275
33.94355407358614,471.0974742019957
33.99162438438975,471.56412204533905
34.03836434549217,472.03116305409105
34.08411454572715,472.4985975039606
34.129215573928434,472.96642567084865
34.17400801892978,473.4346478307783
34.21883246956497,473.90326425997847
34.2640295146677,474.3722752348406
34.309939743071766,474.8416810318983
34.35690374361096,475.31148192789857
34.405262105118965,475.781678199724
34.45535541642943,476.25227012445055
34.50752426637641,476.7232579793003
34.5621092437934,477.19464204167525
34.61945093751419,477.66642258915755
34.67988993637263,478.13859989948605
34.7437668292024,478.61117425057984
34.81142220483724,479.0841459205184
34.88319665211097,479.55751518755477
34.95943075985733,480.03128233011284
35.04046511569001,480.50544762680084
35.126493906508045,480.98001135637054
35.217160947267956,481.4549737977719
35.31198074379313,481.93033523010905
35.41046780190709,482.40609593265384
35.51213662743331,482.8822561848699
35.616501726195196,483.3588162663789
35.72307760401628,483.8357764569635
35.831378766720064,484.31313703661266
35.940919720129926,484.79089828544585
36.05121497006937,485.26906048377504
36.16177902236191,485.7476239120914
36.27212638283092,486.2265888510374
36.38177155730003,486.70595558145214
36.490229051592536,487.185724384323
36.597013371532,487.6658955408376
36.70163902294189,488.1464693323182
36.80362051164562,488.6274460403118
36.90247234346677,489.1088259464691
36.99770902422867,489.59060933269376
37.08884505975496,490.07279648099995
37.17541325869888,490.5553876735997
37.25731147130847,491.03838319288536
37.33477398441144,491.52178332140204
37.40804765471819,492.0055883418895
37.47737933893899,492.48979853724376
37.54301589378437,492.97441419055247
37.6052041759645,493.4594355850703
37.66419104218983,493.9448630042121
37.72022334917071,494.4306967315952
37.773547953617395,494.9169370509763
37.82441171224039,495.4035842463112
37.873061481749914,495.8906386017446
37.91974411885636,496.3781004015539
37.964706480270166,496.86596993022306
38.00819542270156,497.35424747239347
38.050457802860905,497.84293331291025
38.09174047745867,498.33202773674776
38.13229030320511,498.82153102910183
38.17235413681058,499.3114434753229
38.21217883498545,499.8017653609263
38.25201125420273,500.2924969716317
38.29209459038921,500.7836385933065
38.33265912182347,501.27519051200824
38.37393227877405,501.7671530139709
38.41614149150945,502.2595263856049
38.45951419029822,502.7523109134934
38.50427780540883,503.2455068843965
38.55065976710986,503.7391145852616
38.598887505669694,504.23313430318456
38.64918845135702,504.7275663254776
38.70179003444022,505.22241093958706
38.75691968518785,505.7176684331905
38.814804833868465,506.21333909409265
38.87567291075047,506.70942321029736
38.93975134610261,507.2059210699825
39.00726757019311,507.7028329615039
39.07844901329068,508.2001591734132
39.153523105663766,508.697899994408
39.23271727758086,509.1960557133854
39.31625895931049,509.6946266194103
39.40437558112126,510.1936130017296
39.497274715034024,510.69301514978685
39.59480266332909,511.1928333531683
39.69649067453011,511.69306790167514
39.80185943643366,512.1937190852624
39.9104296368364,512.6947871940677
40.021721963534816,513.1962725184262
40.135257104325575,513.6981753488307
40.25055574700522,514.2004959759643
40.36713857937045,514.7032346906861
40.48452628921777,515.2063917840464
40.602239564343705,515.7099675472458
40.71979909254512,516.2139622717017
40.836725561618294,516.7183762489896
40.952539659359985,517.2232097708727
41.06676207356679,517.7284631292988
41.17891349203521,518.2341366163662
41.288514602561946,518.7402305244095
41.39508609294367,519.2467451459003
41.49814865097676,519.7536807734941
41.59722296445793,520.2610377000394
41.691829750801645,520.7688162185731
41.78163183037529,521.2770166223021
41.86676289528751,521.7856392046116
41.94745403821648,522.2946842590757
42.02393635184055,522.8041520794502
42.096440928838035,523.3140429596659
42.16519886188726,523.82435719385
42.23044124366655,524.3350950762937
42.29239916685424,524.8462569014815
42.3513037241286,525.3578429640805
42.40738600816795,525.8698535589293
42.46087711165063,526.382288981079
42.51200812725497,526.8951495257228
42.56101014765923,527.4084354882701
42.60811426554173,527.922147164299
42.653551573580955,528.4362848495631
42.697553164454945,528.9508488400072
42.74035013084219,529.4658394317709
42.782173565421004,529.9812569211771
42.823254560869685,530.4971016046957
42.86382420986652,531.0133737790364
42.90411364013963,531.5300737410407
42.9443545629199,532.0472017877759
42.984779170878,532.5647582164668
43.02561967108497,533.0827433245421
43.06710827061207,533.6011574095962
43.10947717653036,534.1200007694197
43.15295859591106,534.639273701988
43.19778473582528,535.1589765054504
43.24418780334415,535.6791094781715
43.29240000553884,536.1996729186563
43.3426535494805,536.7206671256444
43.39518064224026,537.2420923980113
43.450213490889354,537.763949034857
43.50798430249884,538.2862373354554
43.56872528413979,538.8089575992555
43.632668642883544,539.3321101259037
43.70004658580112,539.8556952152368
43.77109131996369,540.3797131672665
43.84603505244232,540.9041642822024
43.92510999030836,541.4290488604338
44.008548269595195,541.9543672025287
44.09643047994027,542.4801196092577
44.18836548698181,543.0063063815827
44.283870635337735,543.5329278206294
44.3824632696263,544.0599842277306
44.48366073446553,544.587475904395
44.58698037447357,545.1154031523307
44.69193953426847,545.6437662734298
44.79805555846835,546.172565569761
44.90484579169137,546.7018013435925
45.01182757855554,547.231473897389
45.11851826367908,547.7615835337878
45.22443519167996,548.2921305556189
45.32909570717632,548.823115265905
45.432017154786394,549.3545379678535
45.53271687912809,549.8863989648574
45.63071222481963,550.4186985605063
45.725520536479024,550.9514370585911
45.81665915872452,551.4846147630607
45.90364543617409,552.0182319780852
45.98599671344587,552.5522890079928
46.063259315614545,553.0867861573452
46.13542235537068,553.6217237308387
46.20282054756211,554.1571020334111
46.26579777548304,554.6929213701591
46.32469792242813,555.2291820463818
46.379864871691666,555.7658843675766
46.431642506568124,556.3030286393963
46.48037471035204,556.8406151677318
46.52640536633757,557.378644258626
46.57007835781937,557.917116218352
46.611737568091854,558.4560313533391
46.65172688044933,558.9953899702197
46.69039017818628,559.5351923758258
46.72807134459717,560.0754388771735
46.76511426297637,560.6161297814666
46.801862816618325,561.1572653961169
46.838660888817486,561.6988460287168
46.875852362868216,562.2408719870467
46.9137811220651,562.7833435790878
46.952791049702284,563.3262611130137
46.9932259505583,563.8696248971831
47.03533919440335,564.4134352401595
47.079119585981175,564.9576924506875
47.12450780513436,565.5023968377171
47.17144453170502,566.0475487103877
47.21987044553569,566.5931483780159
47.26972622646872,567.1391961501446
47.32095255434635,567.6856923364659
47.373490109011016,568.2326372469265
47.42727957030499,568.7800311916029
47.482261618070794,569.3278744808059
47.53837693215061,569.8761674250493
47.595566192386826,570.4249103349882
47.653770078621875,570.97410352153
47.71292927069811,571.5237472957438
47.77298444845778,572.0738419689267
47.83387629174334,572.6243878525099
47.89554548039706,573.1753852581891
47.957932694261444,573.7268344978105
48.02097861317867,574.2787358834325
48.08462391699118,574.8310897273175
48.148810581098786,575.3838963418991
48.21349879594348,575.9371560398195
48.278662198490025,576.4908691339373
48.344274739928096,577.0450359372709
48.41031037144759,577.5996567630557
48.47674304423825,578.1547319247318
48.54354670948993,578.710261735916
48.61069531839243,579.2662465104381
48.67816282213559,579.8226865623171
48.7459231719092,580.3795822057654
48.81395031890307,580.9369337552044
48.88221821430702,581.4947415252542
48.95070080931086,582.0530058307028
49.01937205510441,582.6117269865905
49.088205902877434,583.1709053080974
49.15717630381974,583.7305411106391
49.226257209121286,584.2906347098216
49.29542256997175,584.8511864214448
49.364646337560885,585.4121965615036
49.43390246307868,585.9736654462038
49.50316489771481,586.5355933919461
49.57240759265923,587.0979807153182
49.64160449910153,587.6608277331233
49.71072956823173,588.2241347623726
49.77975675123949,588.7879021202311
49.84865999931472,589.3521301241094
49.917413263647205,589.9168190916095
49.98599049542679,590.4819693405293
50.05436564584315,591.0475811888506
50.122512666086294,591.6136549547675
50.190405507345844,592.1801909566963
50.25801812081178,592.7471895132196
50.32532445767376,593.3146509431385
50.39229846912181,593.8825755654544
50.458914106345475,594.4509636993745
50.52514532053473,595.0198156642859
50.590966062879374,595.5891317797987
50.656350284569186,596.1589123657284
50.72127193679404,596.7291577420544
50.78570497074364,597.2998682290175
50.849623337607824,597.8710441470095
50.913002125046575,598.442685816637
50.975831159382466,599.0147935587307
51.03811055504869,599.5873676943065
51.099840636621565,600.1604085445833
51.161021728677355,600.7339164309785
51.22165415579221,601.3078916751336
51.2817382425425,601.8823345988554
51.34127431350444,602.4572455241921
51.400262693254234,603.0326247733826
51.4587037063682,603.6084726688526
51.516597677422624,604.1847895332745
51.57394493099363,604.7615756894598
51.63074579165769,605.3388314604894
51.68700058399091,605.916557169609
51.7427096325695,606.4947531402737
51.7978732619699,607.0734196961557
51.85249179676819,607.6525571611367
51.90656556154073,608.2321658592685
51.96009488086375,608.8122461148514
52.013080079313426,609.3927982523606
52.06552148146622,609.9738225964942
52.1174194118982,610.5553194721383
52.16877419518565,611.1372892044067
52.21958615590492,611.7197321186101
52.26985561863219,612.3026485402484
52.319582907943726,612.8860387950402
52.36876834841581,613.4699032089502
52.41741226462469,614.0542421080578
52.46551498114661,614.6390558187583
52.51307682255782,615.2243446675492
52.560098113434634,615.8101089812178
52.60657917835323,616.3963490867153
52.652520341889925,616.9830653112041
52.6979219286209,617.5702579820764
52.74278426312256,618.1579274268928
52.787107669970965,618.7460739734695
52.83089247374264,619.334697949796
52.874138999013525,619.9237996840786
52.91684757036009,620.5133795047454
52.95901851235854,621.1034377404153
53.000652149585136,621.6939747199154
53.041748806616084,622.2849907722781
53.082308808027705,622.8764862267793
53.12233247839626,623.4684614128826
53.16182014229793,624.0609166602339
53.200772124309054,624.6538522987379
53.23918874900582,625.2472686584553
53.27707034096457,625.8411660697099
53.314417224761456,626.4355448630001
53.35122972497285,627.030405369057
53.38750816617497,627.6257479187947
53.423252872943976,628.221572843356
53.458464169856285,628.8178804740943
53.493142381487985,629.4146711425828
53.52728783241545,630.01194518057
53.560900847214924,630.609702920069
53.59398175046269,631.2079446932552
53.626530866734925,631.8066708325379
53.65854852060798,632.4058816705334
53.690035036657974,633.0055775400836
53.720990739461314,633.6057587742241
53.75141595359415,634.2064257062119
53.78131100363282,634.8075786694938
53.81067621415352,635.409217997774
53.839511909732465,636.011344024947
53.86781841494607,636.6139570850976
53.895596054370486,637.217057512546
53.92284515258194,637.8206456418393
53.94956603415679,638.4247218077154
53.9757590236712,639.029286345121
54.001424445701474,639.6343395892347
54.02656262482387,640.2398818754444
54.051173885614645,640.8459135393522
54.075258552649984,641.4524349167741
54.09881695050623,642.059446343718
54.1218494037596,642.6669481564564
54.1443562369864,643.2749406914124
54.166337774762866,643.8834242852791
54.18779434166518,644.4923992749464
54.20872626226972,645.1018659975051
54.22913386115269,645.7118247902897
54.24901746289032,646.3222759908131
54.26837739205891,646.9332199368315
54.287213973234685,647.5446569663263
54.305527530993885,648.156587417463
54.32331838991283,648.7690116286323
54.34058687456772,649.381929938455
54.35733330953482,649.9953426857687
54.37355801939046,650.6092502096188
54.38926132871083,651.2236528492488
54.4044435620722,651.8385509441795
54.41910504405078,652.4539448340703
54.433246099222885,653.0698348588585
54.44686705216483,653.6862213586664
54.45996822745272,654.303104673876
54.47254994966298,654.9204851450081
54.484612543371696,655.5383631128716
54.496156333155255,656.1567389184985
54.50718164358986,656.7756129030738
54.5176887992518,657.3949854080668
54.52767812471723,658.0148567751186
54.53714994456257,658.6352273461364
54.54610458336393,659.2560974631998
54.55454236569767,659.8774674686357
54.56246361613998,660.4993377049766
54.5698686592672,661.1217085149984
54.57675781965551,661.7445802416638
54.58313142188118,662.3679532281697
54.58898979052057,662.991827817957
54.594333250149674,663.6162043546349
54.59916212534503,664.2410831820902
54.603476740682794,664.8664646443973
54.607277420739194,665.4923490858469
54.610564490090525,666.1187368509743
54.61333827331296,666.7456282845316
54.61559909498291,667.3730237314642
54.61734727967641,668.0009235369671
54.61858315197003,668.6293280464529
54.61930703643975,669.2582376055559
54.61951925766198,669.8876525601237
54.61922014021286,670.5175732562445
54.61841000866883,671.1480000402013
54.6170891876059,671.7789332585328
54.615258001600495,672.4103732579721
54.612916775228854,673.0423203854851
54.610065833067154,673.6747749882895
54.6067054996918,674.3077374137503
54.60283609967891,674.9412080095465
54.598457957604836,675.5751871235288
54.593571398045725,676.2096751037815
54.58817674557801,676.8446722986129
54.58227432477773,677.4801790565651
54.57586446022131,678.1161957264006
54.56894747648491,678.7527226570869
54.56152369814487,679.3897601978456
54.553593449777395,680.0273086981038
54.545157055958754,680.6653685075431
54.53621484126518,681.3039399760177
54.52676713027293,681.9430234536406
54.51681424755833,682.5826192907806
54.506356517697526,683.2227278379688
54.49539426526695,683.8633494460066
54.4839278148427,684.5044844659021
54.47195749100106,685.1461332489145
54.45948361831833,685.7882961464907
54.44650652137071,686.4309735103291
54.433026524734515,687.0741656923744
54.419043952986016,687.717873044755
54.40455913070133,688.3620959198562
54.38957238245695,689.0068346702808
54.37408403282893,689.6520896488598
54.35809440639363,690.297861208662
54.341603827727255,690.9441497029597
54.32461262140609,691.5909554852933
54.3071211120064,692.2382789093972
54.28912962410439,692.8861203292493
54.27063848227644,693.5344800990515
54.25164801109861,694.1833585732353
54.23215853514739,694.8327561064709
54.21217037899879,695.4826730536437
54.191683867229244,696.1331097698834
54.17069932441498,696.7840666105346
54.14921707513224,697.4355439311825
54.127237443957284,698.087542087632
54.104760755466344,698.7400614359337
54.081787334235685,699.3931023323593
54.0583175048416,700.0466651334206
54.034351591860315,700.7007501958459
54.009889919868044,701.3553578765899
53.98493281344119,702.0104885328833
53.959480597155874,702.6661425221237
53.933533595588386,703.3223202019805
53.90709213331499,703.9790219303649
53.88015653491195,704.6362480653704
53.852727124955464,705.293998965393
53.82480422802192,705.9522749889962
53.7963881686874,706.611076495006
53.767479271528344,707.2704038424969
53.738077861120814,707.9302573907308
53.70818426204133,708.5906374992587
53.677798798865894,709.2515445278145
53.64692179617094,709.9129788363961
53.6155535785326,710.5749407852404
53.583694470527206,711.2374307347831
53.551344796730945,711.9004490457344
53.51850488172013,712.5639960789987
53.485175050071064,713.2280721957759
53.451355626359856,713.8926777574195
53.41704693516297,714.5578131255992
53.382249301056476,715.2234786621491
53.346963048616715,715.8896747291892
53.31118850241995,716.5564016890501
53.274925987042394,717.2236599043183
53.23817582706036,717.891449737791
53.200938347050055,718.5597715525016
53.16321387158777,719.228625711776
53.12500272524974,719.8980125790745
53.08630523261226,720.5679325181914
53.047121718251475,721.2383858931222
53.00745250674382,721.9093730680843
52.967297922665466,722.5808944075478
52.92665829059263,723.2529502761894
52.88553393510156,723.9255410390163
52.84392518076862,724.598667061145
52.80183235217001,725.2723287080177
52.75925577388196,725.9465263453098
52.716195770480766,726.6212603388889
52.67265266654263,727.2965310549077
52.62862678664388,727.972338859722
52.584118455360766,728.6486841199779
52.53912799726942,729.3255672024786
52.493655736946295,730.0029884743547
52.44770199896752,730.6809483029244
52.40126710790935,731.3594470557568
52.354351388348135,732.0384851006764
52.30695516486,732.7180628057064
52.259078762021346,733.3981805391627
52.21072250440835,734.0788386695706
52.16188671659725,734.7600375657015
52.112571723164336,735.4417775965892
52.0627778486859,736.1240591314613
52.01250541773808,736.8068825398291
51.96175475489727,737.4902481914297
51.910526184739666,738.174156456253
51.85882003184159,738.8586077045044
51.80663662077919,739.5436023066685
51.75397627612867,740.2291406334567
51.70083932246652,740.9152230557919
51.64722608436878,741.6018499449078
51.59313688641191,742.2890216721974
51.538572053171976,742.9767386093863
51.48353190922538,743.665001128365
51.42801677914824,744.35380960132
51.372026987516904,745.0431644006505
51.31556285890761,745.733065899026
51.258624717896595,746.423514469334
51.201212889060145,747.1145104847278
51.14332769697455,747.8060543185895
51.084969466215995,748.4981463445673
51.02613852136079,749.1907869365176
50.96683518698504,749.8839764686005
50.907059787665304,750.5777153151525
50.84681264797754,751.2720038508147
50.78609409249819,751.9668424504364
50.724904445803446,752.6622314891297
50.66324403246958,753.3581713422471
50.60111385979644,754.0546623854044
50.53852060753988,754.7517049944262
50.47547376563455,755.4492995454274
50.41198284413525,756.1474464147483
50.34805735309726,756.8461459789715
50.283706802575495,757.545398614938
50.218940702625105,758.245204699731
50.153768563301014,758.9455646106928
50.088199894658345,759.6464787253976
50.02224420675222,760.347947421679
49.955911009637504,761.049971077619
49.889209813369376,761.7525500715327
49.8221501280029,762.4556847820056
49.754741463593064,763.1593755878887
49.68699333019495,763.8636228682121
49.61891523786355,764.5684270023264
49.550516696654,765.2737883698101
49.48180721662132,765.9797073504918
49.41279630782057,766.6861843244235
49.343493480306705,767.3932196719563
49.273908244134844,768.1008137736546
49.20405010936011,768.8089670103495
49.13392858603743,769.5176797631235
49.063553184221945,770.2269524133105
48.99293341396864,770.9367853424851
48.922078785332616,771.647178932479
48.850998808368814,772.3581335653928
48.779702993132474,773.0696496235566
48.708200849678434,773.781727489554
48.63650188806193,774.494367546231
48.564615618337854,775.2075701767043
48.49255155056133,775.9213357642984
48.420319194787425,776.6356646926196
48.3479280610712,777.350557345538
48.27538765946764,778.0660141071615
48.202707500031835,778.782035361835
48.129897092818766,779.4986214941907
48.05696594788364,780.2157728891041
47.98392357528135,780.9334899317054
47.910779485067025,781.6517730073629
47.837543187295665,782.3706225017164
47.76422419202237,783.0900388006669
47.69083200930217,783.8100222903535
47.61737614919008,784.5305733571993
47.54386612174116,785.2516923878218
47.47031143701054,785.9733797691725
47.39672160505316,786.6956358884037
47.323106135924206,787.4184611329517
47.249474539678545,788.1418558905045
47.17583632637135,788.8658205489952
47.10220100605761,789.5903554966314
47.02857808879244,790.3154611218611
46.95497708463088,791.0411378133839
46.88140750362791,791.7673859602082
46.807878855838595,792.4942059515387
46.734400651318055,793.2215981768716
46.66098240012127,793.9495630259393
46.587633612303335,794.678100888761
46.51436379791923,795.407212155587
46.44118246702416,796.1368972169598
46.36809912967297,796.867156463648
46.29512326218514,797.5979902866908
46.22226163858568,798.3293990773985
46.149516399402046,799.0613832273301
46.07688922962197,799.7939431283105
46.00438181423314,800.5270791724136
45.9319958382232,801.2607917519682
45.859732986579985,801.9950812596213
45.787594944291044,802.7299480882007
45.715583396344215,803.4653926308471
45.64370002772708,804.2014152809343
45.57194652342733,804.9380164321376
45.500324568432745,805.6751964783431
45.42883584773094,806.4129558137331
45.35748204630974,807.1512948327584
45.28626484915671,807.8902139300807
45.21518594125962,808.6297135007047
45.14424700760614,809.3697939398298
45.07344973318388,810.1104556429468
45.002795802980756,810.8516990058165
44.93228690198424,811.593524424434
44.86192471518223,812.3359322951108
44.791710927562235,813.0789230143529
44.721647224112075,813.8224969789946
44.651735289819385,814.5666545861003
44.581976809671886,815.3113962330048
44.5123734686573,816.0567223173136
44.44292695176324,816.802633236904
44.37363894397751,817.5491293898891
44.30451113028775,818.2962111746833
44.23554519568174,819.0438789899375
44.166742825147026,819.792133234604
44.098105703671365,820.5409743078663
44.029635516242536,821.2904026091927
43.961333947848146,822.0404185383178
43.89320268347589,822.7910224952436
43.82524340811352,823.5422148802104
43.75745780674873,824.2939960937844
43.68984756436916,825.0463665367527
43.62241436596253,825.7993266101824
43.555159896516585,826.5528767154209
43.48808584101894,827.3070172540598
43.42119388445741,828.0617486280014
43.354485711819535,828.8170712393519
43.287963008093215,829.5729854905634
43.22162745826594,830.3294917842865
43.15548074732553,831.0865905234947
43.08952456025966,831.8442821113961
43.02376058205596,832.6025669514864
42.95819049770225,833.3614454475496
42.892815992186144,834.1209180035871
42.82763875049537,834.880985023924
42.76266045761756,835.6416469131274
42.69788279854049,836.4029040760412
42.633307458251835,837.1647569177987
42.568936121739284,837.9272058437756
42.50477047399053,838.6902512596488
42.440812199993246,839.453893571326
42.37706298473529,840.218133185047
42.31352451320413,840.9829705072586
42.25019847038757,841.7484059447223
42.18708654127332,842.5144399044788
42.124190410849025,843.281072793812
42.061511764102505,844.0483050203097
41.99905228602131,844.8161369917975
41.93681366159322,845.5845691164233
41.87479757580584,846.3536018025366
41.81300571364696,847.1232354588523
41.75143976010429,847.8934704942876
41.690101400165474,848.6643073180649
41.628992318818206,849.4357463397059
41.56811420105018,850.2077879689418
41.50746873184923,850.9804326158454
41.447057596202825,851.7536806907175
41.38688247909883,852.5275326041652
41.326945065524825,853.3019887670845
41.26724704046862,854.077049590581
41.20779008891785,854.8527154861163
41.14857589586026,855.6289868653865
41.089606146283444,856.4058641403777
41.0308825251752,857.1833477233349
40.97240671752323,857.9614380268055
40.91418040831516,858.740135463615
40.856205282538696,859.5194404468554
40.79848302518158,860.2993533898845
40.741015321231515,861.079874706364
40.68380385567613,861.8610048102341
40.62685031350318,862.6427441156719
40.570156379700364,863.4250930372076
40.51372373925537,864.2080519896017
40.457554077155834,864.9916213878769
40.40164907838957,865.7758016474096
40.34601042794415,866.5605931837582
40.29063981080736,867.3459964128485
40.2355389119669,868.1320117508376
40.18070941641042,868.918639614195
40.12615300912563,869.7058804196466
40.07187137510019,870.4937345842069
40.0178661993219,871.2822025251594
39.96413916677838,872.0712846601194
39.91069196245732,872.8609814069356
39.85752627134647,873.6512931837327
39.80464377843353,874.4422204089745
39.75204616870613,875.2337635013582
39.69973489032671,876.0259228798647
39.64770989074054,876.8186989638078
39.59597053135394,877.6120921727113
39.54451617222938,878.4061029264573
39.493346173429615,879.200731645169
39.44245989501715,879.9959787492419
39.391856697054635,880.7918446593998
39.34153593960471,881.588329796627
39.29149698272991,882.3854345821932
39.241739186492936,883.1831594376473
39.19226191095635,883.981504784843
39.143064516182704,884.7804710459203
39.09414636223485,885.5800586432679
39.04550680917512,886.3802679996176
38.99714521706625,887.1810995379378
38.94906094597087,887.9825536815348
38.901253355951525,888.7846308539387
38.85372180707088,889.5873314790118
38.806465659391534,890.3906559809168
38.75948427297615,891.1946047840606
38.71277700788724,891.9991783131508
38.66634322418744,892.8043769932216
38.620182281939435,893.6102012495586
38.57429354120583,894.4166515077108
38.52867636204908,895.2237281935927
38.48333010453203,896.0314317333643
38.43825412871709,896.8397625534691
38.39344779466697,897.648721080647
38.34891046244431,898.4583077419283
38.3046414921117,899.2685229646405
38.26064024373173,900.079367176402
38.21690607736693,900.8908408050968
38.17343835308009,901.7029442789772
38.13023643093371,902.5156780264779
38.087299670990376,903.3290424764095
38.044627433312826,904.1430380578169
38.00221907796359,904.9576652000947
37.96007396500525,905.7729243328794
37.91819145450043,906.5888158861518
37.87657090651177,907.4053402901278
37.835211681101924,908.2224979753493
37.79411313833347,909.0402893726707
37.753274638269005,909.8587149131896
37.71269554097111,910.6777750283294
37.67237520650244,911.4974701498406
37.63231299492563,912.317800709691
37.59250826630321,913.1387671401885
37.5529603806979,913.9603698739622
37.51366869817221,914.7826093438721
37.4746325787888,915.6054859831386
37.43585138261031,916.4290002252394
37.39732446969927,917.2531525039419
37.359051200118444,918.0779432533427
37.3210309339303,918.9033729078091
37.283263031197436,919.7294419020184
37.245746851982545,920.5561506709521
37.20848175634822,921.3834996498693
37.17146710435719,922.2114892743275
37.134702256071876,923.0401199802145
37.09818657155489,923.8693922036709
37.061919410868995,924.6993063811689
37.02590013407672,925.5298629494791
36.99012810124066,926.3610623456392
36.95460267242342,927.1929050070183
36.91932320768771,928.0253913712729
36.884289067096034,928.8585218763786
36.849499610711035,929.6922969605786
36.814954198595416,930.5267170624296
36.78065219081165,931.3617826208025
36.746592947422386,932.1974940748623
36.712775828490265,933.0338518640623
36.67920019407788,933.8708564281571
36.64586540424787,934.7085082072233
36.61277081906289,935.5468076416327
36.57991579858546,936.3857551720728
36.547299702878234,937.225351239474
36.51492189200377,938.0655962851425
36.48278172602477,938.9064907506413
36.45087856500382,939.7480350778765
36.41921176900348,940.5902297090115
36.3877806980864,941.4330750865469
36.3565847123152,942.2765716532872
36.32562317175248,943.1207198522952
36.29489543646085,943.9655201270249
36.26440086650297,944.810972921135
36.2341388219414,945.6570786786699
36.204108662838706,946.5038378439394
36.17430974925759,947.3512508615659
36.14474144126066,948.1993181765043
36.11540309891049,949.048040233956
36.08629408226963,949.8974174795027
36.057413751400844,950.7474503589586
36.02876146636663,951.5981393184998
36.00033658722967,952.4494848045955
35.972138474052514,953.3014872640163
35.94416648689784,954.1541471438543
35.91641998582813,955.0074648914759
35.88889833090613,955.8614409545968
35.86160088219444,956.7160757812006
35.83452699975561,957.5713698196275
35.80767604365229,958.4273235185207
35.781047373947075,959.2839373267575
35.75464035070266,960.1412116936482
35.72845433398149,960.9991470686971
35.702488683846354,961.8577439018009
35.6767427603597,962.7170026431123
35.65121592358429,963.5769237431363
35.62590753358262,964.4375076526682
35.600816950417396,965.2987548227944
35.57594353415118,966.1606657049889
35.551286644846556,967.0232407509343
35.5268456425662,967.8864804127085
35.5026198873727,968.7503851426467
35.47860873932868,969.6149553934382
35.45481155849669,970.4801916180653
35.4312277049394,971.3460942698302
35.407856538719415,972.2126638023424
35.38469741989937,973.0799006694973
35.361749708541794,973.9478053255879
35.339012764709395,974.8163782251455
35.31648594846476,975.6856198230303
35.294168619870476,976.5555305744382
35.27206013898916,977.4261109348737
35.25015986588343,978.2973613601363
35.22846716061588,979.1692823063829
35.20698138324914,980.0418742300453
35.185701893845845,980.9151375878783
35.16462805246857,981.7890728369957
35.14375921917994,982.6636804347867
35.12309475404257,983.5389608389294
35.1026340171191,984.4149145075107
35.08237636847207,985.2915418988589
35.062321168164175,986.1688434716339
35.04246777625801,987.0468196848565
35.02281555281613,987.9254709977821
35.00336385790115,988.8047978700973
34.98411205157578,989.6848007617102
34.96505949390249,990.565480132897
34.946205544944036,991.4468364442406
34.927549564762955,992.3288701566505
34.90909091342186,993.21158173135
34.890828950983376,994.094971629876
34.87276303751011,994.9790403141287
34.85489253306466,995.8637882462666
34.83721679770966,996.7492158888116
34.81973519150776,997.6353237046009
34.80244707452144,998.5221121567796
34.78535180681345,999.4095817088295
34.76844874844636,1000.2977328245693
34.75173725948275,1001.186565968084
34.7352166999853,1002.0760816038533
34.71888643001657,1002.9662801966446
34.70274580963917,1003.8571622115352
34.68679419891572,1004.7487281139479
34.67103095790878,1005.6409783696589
34.65545544668112,1006.5339134446901
34.640067025295195,1007.4275338054534
34.62486505381369,1008.3218399186786
34.609848892299226,1009.2168322513926
34.595017900814355,1010.1125112709913
34.5803714394217,1011.008877445125
34.56590886818395,1011.9059312418641
34.55162954716354,1012.8036731295483
34.53753283642337,1013.7021035768299
34.52361809602584,1014.6012230527322
34.50988468603356,1015.5010320266058
34.49633196650922,1016.4015309680645
34.48295929751541,1017.30272034713
34.46976603911477,1018.2046006341308
34.45675155136988,1019.1071722996737
34.443915194343305,1020.0104358147744
34.43125632809773,1020.9143916506981
34.41877431269569,1021.8190402791128
34.40646850819988,1022.7243821719723
34.39433827467289,1023.6304178015615
34.38238297217734,1024.5371476405173
34.37060196077584,1025.4445721617935
34.35899460053099,1026.352691838689
34.34756025150534,1027.2615071447985
34.3362982737616,1028.1710185540921
34.32520802736238,1029.08122654085
34.314288872370156,1029.9921315796773
34.30354016884772,1030.9037341455564
34.292961276857596,1031.816034713722
34.28255155646244,1032.7290337598151
34.272310367724714,1033.6427317597886
34.26223707070724,1034.5571291899146
34.25233102547253,1035.4722265268213
34.242591592083215,1036.3880242474424
34.23301813060192,1037.3045228290832
34.22361000109112,1038.2217227493545
34.21436656361362,1039.1396244862096
34.205287178231885,1040.0582285179455
34.19637120500866,1040.9775353231803
34.18761800400651,1041.89754538092
34.179026935287965,1042.8182591704187
34.170597358915785,1043.7396771713488
34.16232863495242,1044.6617998636534
34.15422012346065,1045.5846277276721
34.146271184502865,1046.508161244038
34.138481178141916,1047.4324008937529
34.130849464440246,1048.3573471581553
34.12337540346056,1049.2830005188798
34.116058355265466,1050.2093614579508
34.108897679917504,1051.1364304577248
34.1018927374794,1052.0642080008843
34.09504288801358,1052.99269457042
34.08834749158288,1053.921890649732
34.081805908249805,1054.8517967225296
34.07541749807689,1055.7824132728267
34.06918162112689,1056.7137407850378
34.063097637462334,1057.6457797438889
34.05716490714585,1058.578530634448
34.051382790240126,1059.5119939421404
34.04575064680765,1060.4461701526886
34.040267836911084,1061.3810597522254
34.03493372061308,1062.316663227159
34.02974765797617,1063.252981064332
34.02470900906303,1064.1900137508014
34.01981713393627,1065.1277617740898
34.01507139265843,1066.0662256220035
34.01047114529223,1067.0054057826853
34.00601575190021,1067.9453027446846
34.00170457254501,1068.8859169967964
33.99753696728922,1069.8272490282607
33.99351229619549,1070.769299328602
33.989629919326376,1071.712068387722
33.98588919674452,1072.6555566958455
33.98228948851258,1073.599764743552
33.97883015469313,1074.5446930218063
33.97551055534876,1075.4903420218288
33.97233005054207,1076.4367122352949
33.969288000335695,1077.3838041541362
33.96638376479231,1078.3316182707167
33.96361670397448,1079.2801550776878
33.96098617794476,1080.2294150680427
33.958491546765856,1081.1793987351928
33.95613217050024,1082.1301065728294
33.95390740921076,1083.0815390750327
33.95181662295974,1084.0336967362105
33.94985917181006,1084.9865800511513
33.94803441582414,1085.9401895149485
33.94634171506473,1086.8945256231007
33.944780429594346,1087.8495888713965
33.94334991947562,1088.8053797560458
33.94204954477121,1089.7618987735561
33.94087866554369,1090.7191464208267
33.93983664185558,1091.677123195048
33.93892283376971,1092.6358295938473
33.93813660134853,1093.5952661151453
33.93747730465469,1094.555433257246
33.936944303750806,1095.516331518762
33.93653695869946,1096.4779613987446
33.93625462956334,1097.4403233965002
33.936096676405015,1098.4034180117665
33.93606245928703,1099.3672457446303
33.93615133827211,1100.331807095463
33.93636267342279,1101.2971025650781
33.936695824801774,1102.2631326546066
33.93715015247156,1103.229897865528
33.937725016494824,1104.197398699695
33.93841977693418,1105.1656356593091
33.939233793852225,1106.134609246946
33.94016642731154,1107.1043199655146
33.9412170373748,1108.074768318307
33.94238498410459,1109.0459548089336
33.94366962756348,1110.0178799414432
33.945070327814165,1110.9905442201332
33.94658644491915,1111.9639481497395
33.94821733894119,1112.938092235366
33.949962369942796,1113.9129769823976
33.95182089798661,1114.8886028966906
33.95379228313524,1115.8649704843515
33.955875885451235,1116.8420802519272
33.95807106499737,1117.819932706263
33.960377181836066,1118.7985283546527
33.96279359603005,1119.7778677046736
33.96531966764192,1120.7579512643051
33.96795475673426,1121.7387795418579
33.97069822336968,1122.7203530460133
33.97354942761086,1123.7026722858725
33.97650772952039,1124.6857377708125
33.979572489160745,1125.6695500106546
33.98274306659471,1126.6541095155205
33.98601882188487,1127.6394167959531
33.98939911509376,1128.6254723627965
33.99288330628406,1129.6122767273157
33.996470755518345,1130.5998304011182
34.00016082285916,1131.5881338961858
34.00395286836928,1132.5771877248587
34.00784625211125,1133.5669923998355
34.01184033414765,1134.557548434223
34.015934474541126,1135.5488563414387
34.020128033354155,1136.5409166353083
34.02442037064955,1137.5337298300017
34.028810846489904,1138.5272964400976
34.03329882093763,1139.5216169804712
34.037883654055605,1140.5166919664719
34.042564705906244,1141.5125219136887
34.04734133655222,1142.5091073382027
34.05221290605624,1143.5064487563598
34.05717877448072,1144.5045466849895
34.06223830188844,1145.5034016411953
34.067390848341944,1146.5030141424845
34.07263577390381,1147.5033847067518
34.07797243863675,1148.5045138522485
34.083400202603315,1149.5064020975972
34.088918425866126,1150.5090499618016
34.094526468487715,1151.5124579642388
34.10022369053084,1152.5166266246422
34.10600945205806,1153.5215564631521
34.11188311313191,1154.52724800025
34.11784403381512,1155.533701756783
34.12389157417019,1156.540918254015
34.13002509425982,1157.5488980135506
34.13624395414661,1158.5576415573958
34.14254751389316,1159.5671494079313
34.14893513356202,1160.5774220878736
34.15540617321588,1161.588460120348
34.16195999291736,1162.6002640288564
34.16859595272899,1163.6128343372945
34.17531341271342,1164.62617156987
34.18211173293335,1165.6402762512414
34.18899027345131,1166.655148906447
34.19594839432989,1167.670790060811
34.202985455631705,1168.687200240137
34.21010081741943,1169.7043799705489
34.21729383974633,1170.7223297785838
34.22456216379689,1171.7410501911502
34.23189691467894,1172.7605417355119
34.239287673680195,1173.7808049393464
34.2467240220885,1174.8018403307126
34.25419554119193,1175.8236484380254
34.261691812278144,1176.8462297900978
34.26920241663507,1177.8695849161084
34.27671693555064,1178.8937143456344
34.28422495031268,1179.9186186086279
34.29171604220906,1180.94429823544
34.29917979252764,1181.9707537567813
34.30660578255626,1182.9979857037783
34.31398359358289,1184.0259946078834
34.321302806895375,1185.054781001001
34.32855300378151,1186.0843454153776
34.33572376552917,1187.1146883836707
34.342804673426315,1188.1458104388973
34.349785308760715,1189.1777121144614
34.3566552528203,1190.2103939441856
34.36340408689287,1191.2438564622462
34.370021632676725,1192.2781002032232
34.37650256648888,1193.3131257021091
34.38284607156183,1194.3489334941823
34.38905150187742,1195.385524115245
34.3951182114173,1196.422898101403
34.40104555416323,1197.4610559891678
34.406832884096985,1198.499998315431
34.41247955520032,1199.5397256175083
34.41798492145489,1200.5802384330877
34.42334833684248,1201.621537300205
34.428569155344746,1202.6636227573802
34.43364673094348,1203.7064953434046
34.43858041762044,1204.750155597589
34.443369569357316,1205.7946040595075
34.44801354013586,1206.8398412692543
34.45251168393784,1207.8858677671967
34.45686335474491,1208.9326840941794
34.46106790653883,1209.9802907914152
34.46512469330139,1211.028688400467
34.469033069014245,1212.0778774633686
34.472792387659155,1213.1278585224798
34.47640200321794,1214.1786321206316
34.47986126967217,1215.2301988009385
34.48316954100369,1216.2825591070218
34.486326171194236,1217.3357135828385
34.489330514225514,1218.3896627727408
34.49218192407923,1219.4444072215124
34.494879754737184,1220.4999474742906
34.49742336018102,1221.5562840766177
34.499812094392524,1222.613417574503
34.50204531135344,1223.6713485142327
34.504122365045504,1224.7300774426035
34.50604260945042,1225.7896049067322
34.50780539854995,1226.8499314541784
34.5094100863258,1227.9110576328749
34.51085602675971,1228.9729839911888
34.512142573833415,1230.0357110778434
34.51326908152865,1231.0992394419889
34.51423490382717,1232.1635696331848
34.51503939471067,1233.2287022013393
34.51568190816093,1234.294637696867
34.516162283156234,1235.3613766704532
34.5164892878679,1236.428919673299
34.51667953439113,1237.497267256921
34.51674990162067,1238.5664199732907
34.516717268451345,1239.6363783747925
34.51659851377801,1240.707143014161
34.51641051649537,1241.7787144445883
34.51617015549829,1242.8510932196352
34.51589430968147,1243.9242798932594
34.51559985793983,1244.9982750198933
34.515303679168085,1246.0730791542874
34.51502265226108,1247.1486928516683
34.51477365611359,1248.2251166675992
34.51457356962038,1249.3023511581193
34.51443927167625,1250.3803968796321
34.514387641176114,1251.4592543889657
34.51443555701462,1252.5389242433555
34.51459989808663,1253.6194070004108
34.51489754328691,1254.7007032182194
34.515345371510335,1255.7828134552167
34.51596025970201,1256.865738270292
34.516748452936184,1257.9494782226723
34.51768067369272,1259.0340338720846
34.518720234377724,1260.1194057786308
34.51983044739745,1261.2055945027696
34.52097462515803,1262.2926006054963
34.52211608006567,1263.3804246480663
34.52321812452655,1264.4690671922535
34.52424407094691,1265.5585288002364
34.525157231732805,1266.6488100345427
34.52592091929054,1267.7399114581674
34.52649844602621,1268.8318336345103
34.526853124346076,1269.9245771273852
34.52694826665626,1271.0181425010105
34.52674718536298,1272.1125303200026
34.52621319287243,1273.2077411494643
34.52530960159072,1274.3037755548146
34.523999723924106,1275.4006341019701
34.5222468722788,1276.498317357182
34.52001435906092,1277.5968258872363
34.51726549667663,1278.696160259236
34.51396553053033,1279.7963210406924
34.51011225926686,1280.897308799653
34.50573053785061,1281.9991241044472
34.50084604305741,1283.101767523923
34.49548445166283,1284.2052396272652
34.48967144044266,1285.309540984124
34.48343268617256,1286.4146721645966
34.47679386562828,1287.5206337391362
34.46978065558545,1288.6274262786812
34.4624187328198,1289.7350503544992
34.45473377410704,1290.8435065384067
34.44675145622287,1291.952795402533
34.43849745594295,1293.0629175194933
34.42999745004309,1294.1738734622704
34.421277115298835,1295.285663804325
34.412362128485995,1296.3982891195317
34.40327816638023,1297.511749982116
34.39405090575727,1298.6260469668464
34.38470602339274,1299.7411806488337
34.37526919606242,1300.8571516036593
34.36576610166455,1301.973960407247
34.35622504772115,1303.0916076360663
34.34668259463581,1304.2100938669205
34.33717691760441,1305.3294196770762
34.32774619182271,1306.4495856442456
34.31842859248647,1307.570592346513
34.30926229479152,1308.6924403624175
34.3002854739336,1309.8151302709546
34.29153630510854,1310.9386626515295
34.28305296351209,1312.0630380839486
34.2748736243401,1313.188257148485
34.26703646278824,1314.3143204258133
34.25957965405243,1315.441228497057
34.25254137332837,1316.5689819437885
34.24595979581187,1317.6975813479369
34.2398730966988,1318.827027291965
34.2343194511848,1319.9573203586833
34.22933703446574,1321.0884611313816
34.22496402173741,1322.2204501937722
34.221238588195575,1323.3532881299823
34.218198909035976,1324.486975524553
34.21587927509151,1325.6215129625818
34.214253962710615,1326.756901029431
34.213250061299675,1327.8931403110103
34.212793388004485,1329.0302313936077
34.21280975997104,1330.168174864013
34.21322499434527,1331.3069713093576
34.21396490827303,1332.4466213172932
34.21495531890028,1333.5871254758615
34.21612204337296,1334.7284843735604
34.217390898836925,1335.870698599315
34.21868770243819,1337.0137687425076
34.219938271322604,1338.157695392931
34.22106842263611,1339.3024791408152
34.222003973524636,1340.4481205768589
34.222670741134095,1341.5946202922
34.222994542610365,1342.7419788783782
34.222901195099496,1343.890196927402
34.22231651574728,1345.0392750317399
34.221166321699656,1346.1892137842444
34.21937643010261,1347.3400137782376
34.21687268044289,1348.491675607513
34.213608598843024,1349.644199866306
34.20961937090189,1350.7975871491801
34.204955163430355,1351.9518380513339
34.19966614323948,1353.1069531682556
34.19380247714031,1354.2629330959355
34.1874143319437,1355.4197784308083
34.18055187446075,1356.5774897697345
34.173265271502345,1357.7360677100676
34.165604689879615,1358.8955128495206
34.15762029640345,1360.0558257863777
34.14936225788486,1361.2170071192156
34.14088074113482,1362.3790574472023
34.132225912964344,1363.5419773698475
34.123447940184406,1364.7057674871567
34.114596989605985,1365.8704283996321
34.10572322804006,1367.035960708099
34.096876822297645,1368.2023650139574
34.08810793918974,1369.36964191896
34.079466745527355,1370.5377920253675
34.071003408121356,1371.7068159358912
34.06276591061334,1372.8767142536838
34.05477120808021,1374.0474875823093
34.047013180782585,1375.2191365258427
34.03948516043019,1376.3916616887816
34.03218047873264,1377.565063676076
34.02509246739967,1378.739343093119
34.01821445814093,1379.9145005458058
34.01153978266606,1381.0905366404174
34.0050617726848,1382.2674519837572
33.99877375990678,1383.4452471830048
33.99266907604169,1384.6239228458735
33.98674105279912,1385.8034795804926
33.98098302188893,1386.9839179954377
33.97538831502058,1388.1652386997703
33.96995026390394,1389.3474423029593
33.96466220024851,1390.5305294150394
33.959517455764086,1391.714500646335
33.95450936216031,1392.8993566077768
33.94963125114677,1394.085097910685
33.944876454433285,1395.271725166868
33.94023830372939,1396.4592389885547
33.935710130744866,1397.6476399884727
33.93128526718934,1398.8369287798005
33.926957044772536,1400.0271059761567
33.92271879520405,1401.2181721916618
33.91856385019352,1402.4101280408177
33.9144855414508,1403.6029741386874
33.91047720068539,1404.7967111007472
33.90653215960697,1405.9913395429164
33.902643749925346,1407.1868600816367
33.89880530335006,1408.3832733337647
33.895010151590895,1409.58057991662
33.891251626357445,1410.7787804480176
33.88752305935938,1411.9778755462278
33.88381778230644,1413.1778658299652
33.88012912690823,1414.3787519184116
33.87645042487446,1415.5805344312848
33.87277500791478,1416.7832139886286
33.86909620773892,1417.9867912111156
33.865407356056465,1419.191266719795
33.86170178457718,1420.3966411361541
33.85797282501068,1421.6029150822396
33.854213809066636,1422.8100891804966
33.85041806845473,1424.0181640539
33.84657893488466,1425.227140325804
33.842689740066106,1426.437018620124
33.83874381570868,1427.6477995611958
33.83473449352209,1428.8594837738465
33.83065510521607,1430.0720718833954
33.82649898250017,1431.2855645155732
33.82225945708416,1432.4999622966436
33.81792986067768,1433.715265853273
33.81350352499041,1434.931475812702
33.808973781731964,1436.1485928025443
33.80433396261222,1437.3666174509485
33.79957739934062,1438.5855503865387
33.79469742362693,1439.8053922383726
33.78968736718076,1441.0261436360254
33.78454056171191,1442.2478052095173
33.779250338929955,1443.4703775893965
33.77381003054458,1444.6938614066064
33.7682129718454,1445.9182572926395
33.76245425132339,1447.1435658794462
33.756533531633266,1448.3697877994039
33.750451212053406,1449.596923685471
33.744207691862215,1450.824974170994
33.737803370338014,1452.05393988986
33.73123864675924,1453.2838214763851
33.724513920404235,1454.5146195654079
33.71762959055141,1455.746334792227
33.71058605647909,1456.9789677926121
33.70338371746564,1458.2125192028573
33.69602297278951,1459.4469896597075
33.68850422172898,1460.6823798003597
33.68082786356254,1461.9186902625672
33.67299429756844,1463.1559216845362
33.665003923025154,1464.3940747049464
33.65685713921101,1465.633149962911
33.64855434540442,1466.8731480981735
33.640095940883725,1468.1140697508079
33.631482324927305,1469.3559155614676
33.62271389681351,1470.598686171272
33.61379317585863,1471.8423822217967
33.60474835969384,1473.0870043551672
33.59562471662002,1474.3325532139243
33.58646782297515,1475.5790294411704
33.577323255096985,1476.8264336804236
33.56823658932353,1478.0747665757233
33.55925340199275,1479.3240287716612
33.550419269442415,1480.5742209131945
33.54177976801054,1481.8253436458751
33.53338047403503,1483.0773976157054
33.52526696385368,1484.3303834691792
33.51748481380457,1485.5843018532819
33.51007960022548,1486.8391534154825
33.50309689945439,1488.0949388038266
33.4965822878292,1489.3516586666958
33.49058134168777,1490.6093136531028
33.48513963736801,1491.867904412513
33.480302751207915,1493.127431594834
33.47611625954539,1494.3878958506066
33.47262573871822,1495.6492978306662
33.46987667044965,1496.9116381865254
33.467882129789444,1498.1749175700982
33.46657560341447,1499.4391366338596
33.46587858139952,1500.7042960306978
33.46571255381929,1501.9703964140847
33.46599901074856,1503.237438437895
33.466659442262085,1504.5054227566307
33.46761533843471,1505.774350025198
33.46878818934107,1507.0442208989928
33.47009948505598,1508.3150360339966
33.471470715654135,1509.5867960866294
33.47282337121044,1510.859501713833
33.47407894179952,1512.1331535730526
33.475158917496174,1513.407752322182
33.47598478837514,1514.6832986197146
33.476478044511225,1515.9597931245837
33.47656017597913,1517.2372364962266
33.47615267285363,1518.5156293946281
33.47517702520949,1519.7949724802568
33.47355472312151,1521.0752664140548
33.47120725666443,1522.3565118575025
33.46806326963562,1523.6387094725976
33.464131643746185,1524.9218599217804
33.45947167161944,1526.205963868107
33.45414342720892,1527.491021975054
33.44820698446827,1528.77703490663
33.44172241735083,1530.064003327351
33.43474979981025,1531.3519279022762
33.4273492058,1532.6408092969198
33.41958070927356,1533.9306481773287
33.41150438418464,1535.221445210104
33.40318030448654,1536.513201062272
33.3946685441328,1537.805916401457
33.386029177077035,1539.099591895742
33.377322277272725,1540.3942282137555
33.36860791867335,1541.6898260245741
33.35994617523252,1542.9863859978752
33.35139712090367,1544.2839088038081
33.34302082964035,1545.5823951130465
33.33487737539605,1546.8818455967698
33.32702683212432,1548.1822609266728
33.31952920212828,1549.4836417749557
33.31242649022184,1550.7859888143905
33.30571907131795,1552.089302718157
33.29940145158474,1553.3935841601397
33.29346813719073,1554.6988338145104
33.28791363430415,1556.005052356136
33.28273244909329,1557.3122404603257
33.27791908772659,1558.6203988029306
33.27346805637228,1559.9295280603226
33.26937386119869,1561.2396289093604
33.26563100837413,1562.5507020274915
33.26223400406704,1563.8627480925961
33.25917735444554,1565.1757677831547
33.25645556567818,1566.4897617781708
33.25406314393311,1567.8047307570705
33.251994595378704,1569.1206753999604
33.25024442618334,1570.4375963873156
33.24880714251523,1571.7554944002584
33.247677250542864,1573.074370120347
33.24684925643439,1574.3942242297112
33.246317666358266,1575.715057411028
33.246075140532895,1577.036870347436
33.24609513119759,1578.3596637226897
33.24633968978097,1579.6834382209818
33.246770717656375,1581.0081945270792
33.24735011619683,1582.3339333262434
33.248039786775564,1583.660655304344
33.248801630765826,1584.9883611477358
33.249597549540766,1586.3170515432143
33.2503894444736,1587.646727178286
33.251139216937446,1588.977388740831
33.25180876830555,1590.3090369193517
33.252359999951096,1591.6416724028493
33.252754813247265,1592.9752958808467
33.25295510956724,1594.3099080434454
33.25292279028423,1595.645509581225
33.252619756771395,1596.9821011853442
33.25200791040194,1598.3196835474746
33.25104915254903,1599.6582573598123
33.24970538458595,1600.9978233151342
33.24793850788572,1602.3383821067089
33.24571056213708,1603.6799344283538
33.24301002387611,1605.0224809744464
33.2398829957572,1606.3660224398795
33.2363831714145,1607.7105595200735
33.23256424448215,1609.0560929110109
33.22847990859435,1610.402623309225
33.224183857385185,1611.7501514117441
33.219729784488806,1613.0986779161944
33.2151713835394,1614.4482035206975
33.210562348171095,1615.798728923951
33.20595637201811,1617.1502548251156
33.20140714871451,1618.502781924031
33.196968371894485,1619.8563109209904
33.19269373519214,1621.2108425168174
33.188636932241735,1622.5663774129162
33.184851656677324,1623.9229163112582
33.18139160213306,1625.2804599143146
33.17831046224316,1626.6390089251022
33.17566193064175,1627.9985640471964
33.173499700962935,1629.3591259847888
33.17187746684087,1630.7206954424682
33.17084110866122,1632.0832731255225
33.17036095880806,1633.4468597396833
33.170365003157315,1634.811455991313
33.170780760503845,1636.1770625872311
33.171535749642715,1637.5436802348768
33.172557489368955,1638.9113096422516
33.173773498477345,1640.2799515178388
33.175111295763,1641.649606570755
33.17649840002085,1643.0202755105875
33.17786233004591,1644.391959047547
33.179130604633116,1645.764657892362
33.18023074257749,1647.1383727562807
33.18109026267396,1648.5131043512104
33.18163668371753,1649.8888533895083
33.181797524503196,1651.2656205841345
33.18150030382586,1652.6434066485695
33.18067254048057,1654.0222122969567
33.17924175326226,1655.4020382438318
33.17713546096593,1656.7828852044297
33.17428118238655,1658.1647538944846
33.17060674331654,1659.5476450303015
33.166085954131745,1660.9315593287092
33.1607871330321,1662.3164975071318
33.15479021914646,1663.7024602835425
33.14817515160351,1665.0894483765105
33.14102186953218,1666.4774625051314
33.13341031206113,1667.8665033890506
33.12542041831924,1669.2565717484772
33.11713212743527,1670.6476683042415
33.108625378537994,1672.0397937776554
33.099980110756235,1673.4329488906658
33.09127626321876,1674.827134365761
33.082593775054335,1676.2223509259709
33.074012585391785,1677.618599294879
33.065612633359905,1679.0158801967073
33.057473858087434,1680.4141943562088
33.049676198703224,1681.8135424986563
33.04229959433604,1683.2139253499627
33.03542398411463,1684.6153436365853
33.029129307167864,1686.017798085491
33.02349550262454,1687.421289424348
33.01859448252077,1688.8258183812395
33.01442592753759,1690.231385684951
33.01095129960976,1691.6379920647798
33.00813171283667,1693.045638250547
33.00592828131778,1694.4543249727903
33.00430211915247,1695.8640529624288
33.00321434044011,1697.2748229511467
33.002626059280146,1698.6866356710589
33.002498389772,1700.0994918549147
33.002792446015036,1701.5133922360512
33.003469342108644,1702.928337548321
33.0044901921523,1704.3443285262495
33.00581611024538,1705.7613659048548
33.00740821048723,1707.1794504197928
33.00922760697736,1708.598582807189
33.011235413815115,1710.0187638039288
33.01339274509991,1711.4399941472834
33.0156607149311,1712.8622745752368
33.01800043740823,1714.285605826305
33.02037302663058,1715.7099886395852
33.02273962371547,1717.1354237547923
33.02506461830913,1718.5619119121504
33.02731869811589,1719.989453852527
33.02947327290468,1721.418050317324
33.03149975244426,1722.8477020486255
33.033369546503394,1724.2784097889764
33.03505406485104,1725.7101742815446
33.03652471725587,1727.142996270168
33.03775291348677,1728.576876499161
33.03871006331255,1730.011815713449
33.039367576502,1731.4478146586184
33.03969686282397,1732.8848740807075
33.039669332047254,1734.3229947265163
33.03925639394066,1735.7621773432602
33.03842945827304,1737.2024226788803
33.03715993481316,1738.6437314817967
33.03541923332989,1740.086104501131
33.03317876359202,1741.5295424864976
33.03040993536831,1742.9740461881886
33.0270841584277,1744.4196163570023
33.02317284253891,1745.8662537443793
33.018653105354645,1747.313959102354
33.013549927718145,1748.7627331835668
33.00791218557251,1750.212576741191
33.00178893103825,1751.6634905290823
32.995229216235884,1753.1154753016174
32.98828209328602,1754.5685318138314
32.98099661430925,1756.0226608212824
32.973421831426066,1757.4778630802125
32.96560679675713,1758.934139347375
32.957600562422925,1760.391490380172
32.94945218054394,1761.8499169366671
32.9412107032409,1763.3094197753242
32.93292518263425,1764.76999965547
32.92464467084463,1766.2316573368323
32.91641821999255,1767.6943935798026
32.90829488219853,1769.1582091454259
32.90032370958326,1770.6231047952485
32.8925537542672,1772.0890812915216
32.88503406837097,1773.5561393970113
32.87781370401501,1775.02427987519
32.870941492644846,1776.4935034900213
32.864444539896425,1777.9638110061762
32.85831019876147,1779.4352031888302
32.85252157823314,1780.9076808038926
32.84706178730451,1782.3812446177917
32.84191393496886,1783.8558953975262
32.837061130219325,1785.331633910817
32.83248648204909,1786.808460925906
32.82817309945125,1788.286377211734
32.824104091419,1789.7653835376993
32.82026256694553,1791.2454806739647
32.81663163502404,1792.7266693912788
32.813194404647646,1794.2089504608753
32.809933984809476,1795.6923246547792
32.80683348450282,1797.1767927455141
32.803876012720735,1798.662355506244
32.801044678456435,1800.1490137107592
32.79832259070312,1801.6367681334661
32.79569285845392,1803.1256195493743
32.79313859070194,1804.6155687340968
32.79064289644046,1806.106616463928
32.78818888466253,1807.5987635156903
32.78575966436148,1809.0920106669012
32.783338344530335,1810.5863586955945
32.78090803416228,1812.081808380578
32.778451842250576,1813.5783605011766
32.775952877788285,1815.0760158373487
32.77339424976864,1816.5747751696615
32.77075906718477,1818.0746392793042
32.76803043902987,1819.5756089481524
32.76519147429704,1821.0776849586673
32.76222528197957,1822.5808680938942
32.759114971070545,1824.0851591375551
32.75584365056315,1825.590558873932
32.75239442945059,1827.0970680880491
32.7487504167259,1828.604687565402
32.744894721382394,1830.1134180922675
32.7408104524132,1831.6232604554343
32.736480718811464,1833.134215442397
32.73188862957031,1834.646283841226
32.72701729368302,1836.1594664406218
32.721849956556895,1837.6737640299802
32.71638104547921,1839.1891773992618
32.710624305919,1840.7057073390454
32.70459540111932,1842.2233546406069
32.69830999432327,1843.742120095816
32.69178374877373,1845.262004497188
32.68503232771374,1846.7830086378194
32.67807139438622,1848.3051333115723
32.67091661203429,1849.828379312773
32.663583643900836,1851.352747436515
32.65608815322889,1852.878238478475
32.648445803261495,1854.4048532349402
32.64067225724156,1855.9325925029143
32.6327831784121,1857.4614570799602
32.62479423001619,1858.9914477643317
32.61672107529665,1860.5225653548694
32.608579377496625,1862.0548106511333
32.60038479985903,1863.588184453244
32.592153005626926,1865.1226875620034
32.58389965804321,1866.6583207788422
32.575640420350965,1868.1950849058726
32.567390630405754,1869.7329807457709
32.55916324834871,1871.2720091018964
32.55097017913624,1872.812170778293
32.54282332296842,1874.3534665796226
32.534734580045466,1875.8958973111664
32.52671585056754,1877.439463778865
32.51877903473485,1878.9841667892927
32.51093603274745,1880.5300071497775
32.50319874480573,1882.076985668096
32.49557907110969,1883.6251031528466
32.488088911859535,1885.1743604132243
32.480740167255476,1886.7247582590198
32.47354473749763,1888.2762975007956
32.46651452278624,1889.8289789496182
32.45966142332148,1891.3828034172996
32.452997339303465,1892.9377717162906
32.44653417093238,1894.4938846596829
32.44028381840846,1896.0511430612617
32.434258181931824,1897.6095477353724
32.42846916170262,1899.1690994971373
32.422928533499345,1900.72979916224
32.41763946039944,1902.2916475470472
32.41259105057762,1903.8546454685697
32.40777111683042,1905.418793744543
32.40316747195456,1906.9840931932945
32.398767928746736,1908.5505446338232
32.39456030000366,1910.118148885842
32.390532398522,1911.686906769562
32.386672037098464,1913.2568191060723
32.38296702852978,1914.8278867170145
32.37940518561257,1916.4001104246388
32.37597432114353,1917.9734910519942
32.37266224791938,1919.548029422616
32.369456778736804,1921.123726360922
32.366345726392495,1922.7005826917907
32.36331690368311,1924.2785992408883
32.36035812340543,1925.8577768345342
32.35745719835603,1927.4381162996324
32.35460194133168,1929.019618463864
32.35178016512907,1930.6022841555234
32.34897968254481,1932.1861142035739
32.346188306375694,1933.7711094376623
32.343393849418334,1935.3572706880775
32.340584124469444,1936.9445987858353
32.33774694432577,1938.5330945625255
32.33487012178392,1940.1227588505208
32.33194146964064,1941.7135924828256
32.32894880069259,1943.3055962930898
32.32587992773651,1944.8987711156378
32.32272266356901,1946.4931177854962
32.319464820986866,1948.088637138436
32.31609421278668,1949.6853300107116
32.31259865176517,1951.283197239447
32.308965950719085,1952.8822396623195
32.30518392244511,1954.4824581177816
32.30124037973988,1956.0838534448815
32.29712313540006,1957.6864264833741
32.29282000222241,1959.290178073737
32.28831879300367,1960.8951090570724
32.28360732054037,1962.5012202751782
32.27867339762935,1964.1085125705204
32.27350494990313,1965.7169867863176
32.26809657965467,1967.3266437663885
32.26245318459695,1968.9374843553057
32.2565805418582,1970.5495093982427
32.250484428566494,1972.1627197411283
32.244170621849975,1973.7771162305783
32.23764489883686,1975.3926997138105
32.23091303665521,1977.0094710388853
32.22398081243324,1978.6274310543681
32.21685400329912,1980.2465806096407
32.20953838638087,1981.8669205547455
32.20203973880675,1983.4884517404441
32.194363837704884,1985.1111750180619
32.18651646020342,1986.735091239785
32.178503383430495,1988.360201258394
32.170330384514244,1989.9865059273613
32.162003240582834,1991.6140061008684
32.15352772876443,1993.242702633847
32.14490962618714,1994.8725963818108
32.136154709979195,1996.503688201069
32.12726875726858,1998.1359789485982
32.11826121852772,1999.7694694820443
32.10916502513962,2001.4041606597937
32.10002235142545,2003.0400533408601
32.090875393940394,2004.677148385113
32.08176634923956,2006.3154466528797
32.072737413878,2007.954949005388
32.06383078441095,2009.5956563045097
32.055088657393384,2011.2375694127759
32.046553229380436,2012.8806891935058
32.03826669692725,2014.5250165106372
32.03027125658892,2016.1705522288537
32.022609104920576,2017.8172972135449
32.015322438477256,2019.465252330805
32.008453453814155,2021.1144184473778
32.00204434748633,2022.764796430785
31.9961373160489,2024.4163871492713
31.990774556056948,2026.0691914717165
31.985998264065614,2027.723210267754
31.981850636630014,2029.3784444076969
31.978373870305234,2031.0348947626708
31.97560931213141,2032.6925622043238
31.97355488586831,2034.3514476051757
31.9721452237105,2036.0115518384143
31.97130995701417,2037.672875777942
31.970978717135523,2039.3354202983307
31.97108113543075,2040.9991862748818
31.97154684325602,2042.6641745837283
31.972305471967587,2044.3303861015302
31.97328665292156,2045.9978217058099
31.974420017474188,2047.6664822747202
31.975635196981642,2049.336368687219
31.97686182280009,2051.0074818228813
31.97802952628581,2052.6798225620746
31.979067938794884,2054.353391785844
31.979906691683624,2056.028190376012
31.98047541630811,2057.704219215052
31.980703744024567,2059.3814791862023
31.980521306189218,2061.059971173455
31.97985773415823,2062.7396960614074
31.97864265928777,2064.4206547355584
31.97680571293415,2066.102848081986
31.974287798401548,2067.786276987493
31.971097287153754,2069.4709423397717
31.967267542155668,2071.15684502705
31.96283196705477,2072.8439859383884
31.957823965498648,2074.53236596356
31.95227694113484,2076.2219859930547
31.946224297610854,2077.9128469180764
31.939699438574195,2079.604949630605
31.932735767672455,2081.2982950233236
31.925366688553254,2082.9928839896766
31.917625604864014,2084.688717423768
31.909545920252327,2086.3857962205543
31.90116103836567,2088.084121275579
31.89250436285161,2089.783693485284
31.883609297357822,2091.484513746713
31.87450924553164,2093.186582957709
31.865237611020774,2094.8899020168346
31.855827797472614,2096.594471823422
31.846313208534866,2098.300293277528
31.836727247854952,2100.00736727989
31.82710331908038,2101.715694732059
31.817474825858852,2103.4252765363444
31.807875171837765,2105.136113595707
31.798337760664708,2106.848206813925
31.78889599598719,2108.561557095492
31.77958328145283,2110.2761653456737
31.770433020709106,2111.992032470408
31.761478617403583,2113.7091593764817
31.752753475183766,2115.427546971355
31.744290997697306,2117.147196163249
31.736124588591593,2118.868107861135
31.72828765151425,2120.5902829747747
31.720813590112783,2122.313722414608
31.713735808034755,2124.038427091868
31.707087708927702,2125.76439791854
31.700902696439215,2127.49163580736
31.6952141742168,2129.2201416717876
31.69005554590788,2130.94991642605
31.68546021516019,2132.6809609851443
31.681461585621122,2134.413276264852
31.67809306093838,2136.146863181619
31.675377689372368,2137.881722652711
31.67328044492561,2139.6178555961765
31.671746069849434,2141.3552629307346
31.670719285721788,2143.093945575953
31.670144814120647,2144.8339044521126
31.6699673766239,2146.5751404802395
31.6701316948095,2148.317654582151
31.670582490255384,2150.0614476804276
31.671264484539478,2151.8065206984097
31.672122399239782,2153.552874560172
31.67310095593419,2155.3005101905983
31.674144876200643,2157.0494285152913
31.675198881617064,2158.7996304606663
31.676207693761455,2160.551116953826
31.67711603421168,2162.3038889227646
31.677868624545738,2164.057947296151
31.67841018634155,2165.813293003407
31.678685441177066,2167.5699269748175
31.678639110630144,2169.3278501413283
31.6782159162789,2171.087063434749
31.677361469206943,2172.8475677875986
31.676056217936008,2174.6093641332004
31.67432601581922,2176.3724534056646
31.6721997658031,2178.1368365398002
31.669706370834234,2179.902514471266
31.666874733859203,2181.669488136514
31.663733757824616,2183.437758472677
31.660312345677056,2185.20732641776
31.656639400363105,2186.978192910436
31.652743824829344,2188.7503588903282
31.648654522022355,2190.523825297636
31.64440039488875,2192.298593073511
31.640010346374964,2194.0746631597913
31.635513279427812,2195.8520364990977
31.63093809699376,2197.6307140349118
31.626313702019388,2199.4106967113717
31.62166899745128,2201.1919854735265
31.617032886236046,2202.974581267131
31.612434271320296,2204.758485038756
31.607902055650527,2206.5436977357144
31.60346514217335,2208.3302203061976
31.59914777975814,2210.118053699076
31.594949749489246,2211.9071988641035
31.590862819969658,2213.6976567518077
31.586878755187485,2215.4894283134277
31.58298931913089,2217.2825145010565
31.579186275787976,2219.0769162675792
31.575461389146795,2220.8726345666423
31.57180642319551,2222.6696703527955
31.5682131419222,2224.4680245811787
31.56467330931497,2226.2676982079
31.561178689361952,2228.068692189816
31.557721046051228,2229.871007484596
31.5542921433709,2231.6746450505793
31.550883745309108,2233.4796058471106
31.547487615853925,2235.2858908341914
31.544095518993487,2237.093500972637
31.54069921871593,2238.9024372241283
31.537290479009243,2240.7127005510997
31.53386106386165,2242.5242919167567
31.5304027372612,2244.3372122852024
31.52690741468814,2246.151462621249
31.52337226326395,2247.9670438905605
31.519800924652742,2249.783957059575
31.51619743995542,2251.6022030956333
31.512565850272978,2253.4217829667223
31.50891019670641,2255.2426976418133
31.50523452035671,2257.0649480905113
31.501542862324868,2258.888535283357
31.497839263711796,2260.7134601916396
31.49412776561863,2262.5397237875377
31.490412409146217,2264.3673270439313
31.48669723539558,2266.1962709345758
31.482986285467774,2268.026556434057
31.47928360046373,2269.858184517696
31.475593221484417,2271.69115616174
31.471919189630853,2273.5254723432045
31.468265546004005,2275.3611340398743
31.464636331704867,2277.1981422303993
31.46103558783446,2279.036497894233
31.45746735549372,2280.8762020116633
31.45393567578361,2282.7172555638153
31.45044298268843,2284.5596595325533
31.44698378636639,2286.4034149006943
31.44355015909565,2288.2485226517306
31.44013417248422,2290.094983770077
31.436727898139992,2291.9427992409546
31.433323407670912,2293.791970050395
31.4299127726849,2295.642497185271
31.426488064789964,2297.4943816332834
31.42304135559405,2299.3476243829427
31.41956471670511,2301.20222642354
31.416050219731034,2303.058188745343
31.41248993627977,2304.9155123392693
31.40887593795938,2306.7741981972304
31.405200296377615,2308.6342473118557
31.40145508314265,2310.49566067669
31.397632369862237,2312.3584392860116
31.393724228144407,2314.2225841350164
31.38972272959711,2316.088096219735
31.385619945828267,2317.954976536935
31.381407948445855,2319.823226084354
31.377078940193115,2321.692845860532
31.372629173021636,2323.563836864734
31.368059621823164,2325.436200097279
31.363371528372767,2327.309936559077
31.35856613444517,2329.1850472520787
31.353644681815382,2331.0615331789277
31.348608412258272,2332.939395343258
31.343458567548737,2334.8186347494834
31.33819638946167,2336.699252402794
31.33282311977203,2338.5812493092917
31.32734000025465,2340.464626475926
31.321748272684488,2342.3493849105243
31.31604917883638,2344.2355256216483
31.31024396048531,2346.123049618806
31.304333859406114,2348.0119579123725
31.29832011737375,2349.9022515134566
31.29220397616305,2351.793931434169
31.285986677549033,2353.6869986873216
31.27966946330642,2355.58145428673
31.273253575210276,2357.47729924693
31.266740255035444,2359.374534583396
31.260130744556818,2361.2731613124406
31.253426285549352,2363.173180451166
31.246628119787857,2365.0745930176504
31.239737489047315,2366.9774000307775
31.232755635102592,2368.881602510225
31.225683799728586,2370.787201476631
31.21852322470025,2372.6941979514254
31.21127515179242,2374.6025929569523
31.203940822780027,2376.512387516367
31.196521479437962,2378.4235826537392
31.18901836354115,2380.3361793939175
31.18143271686452,2382.250178762769
31.17376578118288,2384.165581786839
31.166018798271182,2386.0823894936943
31.15819300990441,2388.0006029116835
31.150289657857343,2389.9202230700575
31.142309983904937,2391.8412509989034
31.134255229822116,2393.763687729229
31.12612663738375,2395.6875342929147
31.1179254483647,2397.612791722592
31.109652904539956,2399.539461051955
31.10131024768438,2401.467543315451
31.092898719572872,2403.3970395483507
31.084419561980354,2405.327950787006
31.075874016681695,2407.2602780684238
31.06726332545182,2409.194022430641
31.058588730065594,2411.1291849124536
31.04985147229803,2413.065766553589
31.041052793923853,2415.0037683947567
31.03219393671816,2416.9431914773418
31.023276142455728,2418.884036843834
31.01430065291146,2420.826305537383
31.005268709860303,2422.7699986021594
30.996181555077158,2424.7151170832353
30.98704043033692,2426.661662026501
30.977846577414454,2428.609634478782
30.968601238084716,2430.559035487691
30.959305654122602,2432.509866101915
30.94996106730295,2434.4621273707926
30.940568719400773,2436.41582034479
30.931129852190907,2438.370946075112
30.921651297279737,2440.3275056138355
30.91216414769491,2442.2855000141044
30.902706077110423,2444.2449303297485
30.893314759322323,2446.20579761563
30.884027868126935,2448.168102927438
30.874883077320362,2450.131847321826
30.86591806069893,2452.097031856259
30.857170492058685,2454.0636575891695
30.848678045195896,2456.0317255798186
30.84047839390672,2458.0012368884554
30.832609211987375,2459.9721925761946
30.825108173234128,2461.9445937049827
30.818012951442995,2463.918441337774
30.811361220410333,2465.893736538391
30.8051906539323,2467.8704803715086
30.799538925805024,2469.8486739027767
30.794443709824748,2471.8283181987167
30.789942679787686,2473.809414326793
30.786073509489967,2475.791963355289
30.782873872727805,2477.775966353504
30.78037939906463,2479.7614243916114
30.778574816566987,2481.7483385406604
30.777391695608173,2483.7367098726827
30.77675911082298,2485.7265394604815
30.776606136846283,2487.7178283779504
30.776861848312905,2489.7105776997732
30.777455319857637,2491.7047885016573
30.778315626115358,2493.700461860118
30.779371841720916,2495.697598852573
30.780553041309105,2497.696200557532
30.7817882995148,2499.696268054232
30.783006690972826,2501.697802422954
30.784137290318,2503.700804744827
30.785109172185173,2505.7052761019227
30.78585141120925,2507.7112175772872
30.786293082024912,2509.7186302548025
30.786363259267148,2511.7275152193106
30.785991017570694,2513.7378735565976
30.78510543157043,2515.7497063533933
30.78363557590123,2517.7630146973033
30.78151052519786,2519.7777996768777
30.778677121872306,2521.79406238167
30.77515458012806,2523.8118039019832
30.77098053821598,2525.8310253292857
30.766192634391047,2527.8517277557994
30.760828506908155,2529.873912274714
30.75492579402217,2531.897579980263
30.748522133988047,2533.9227319674524
30.741655165060735,2535.9493693324043
30.734362525495072,2537.9774931719267
30.726681853546097,2540.007104584053
30.71865078746862,2542.0382046675586
30.710306965517617,2544.0707945221934
30.701688025947988,2546.104875248794
30.692831607014654,2548.140447948904
30.68377534697251,2550.177513725154
30.674556884076537,2552.2160736811006
30.6652138565816,2554.2561289212454
30.6557839027426,2556.297680550963
30.64630466081445,2558.34072967672
30.636813769052225,2560.3852774058405
30.627348017153025,2562.4313248465414
30.61792508729252,2564.4788731081
30.608543778786952,2566.527923300707
30.59920208732916,2568.5784765354856
30.58989800861221,2570.630533924477
30.58062953832885,2572.6840965807473
30.571394672172232,2574.739165618318
30.56219140583508,2576.7957421521105
30.553017735010457,2578.8538272980218
30.543871655391285,2580.913422172942
30.53475116267046,2582.974527894647
30.52565425254096,2585.037145581982
30.51657892069565,2587.101276354605
30.50752316282754,2589.1669213333016
30.49848497462952,2591.234081639672
30.489462351794543,2593.3027583963717
30.480453290015532,2595.3729527270207
30.471455784985437,2597.444665756094
30.46246783239721,2599.5178986091605
30.45348742794377,2601.592652412703
30.444512567317958,2603.668928294263
30.43554124621292,2605.7467273821303
30.426571460321384,2607.826050805787
30.417601205336354,2609.9068996955375
30.40862847695078,2611.9892751828256
30.399651270857618,2614.0731783998453
30.390667582749785,2616.15861047997
30.381675408320206,2618.245572557435
30.372672743261774,2620.334065767472
30.363657583267525,2622.4240912463256
30.354627924030325,2624.5156501311453
30.345581761243096,2626.6087435601335
30.33651709059879,2628.703372672454
30.327431907790356,2630.799538608233
30.318324208510745,2632.8972425085426
30.309191988452852,2634.9964855155667
30.300033243309656,2637.0972687723256
30.290845968773993,2639.199593422899
30.2816281605389,2641.303460612352
30.272377814297272,2643.4088714867003
30.263092925742143,2645.515827193041
30.25377162349946,2647.6243288793476
30.244414754141474,2649.7343776946223
30.235025705962386,2651.8459747888946
30.225607964895232,2653.9591213130934
30.216165016872992,2656.07381841929
30.206700347828644,2658.1900672604197
30.197217443695223,2660.3078689904496
30.18771979040568,2662.4272247643994
30.17821087389305,2664.548135738155
30.168694180090284,2666.6706030688074
30.15917319493053,2668.794627914202
30.149651404346542,2670.9202114333343
30.140132294271496,2673.0473547862603
30.13061935063837,2675.1760591338275
30.121116059380057,2677.306325638097
30.11162590642968,2679.4381554619627
30.10215237772016,2681.5715497695146
30.092698959184503,2683.706509725677
30.083269136755774,2685.8430364964397
30.073866396366952,2687.981131248877
30.064494223950902,2690.12079515092
30.055156105440744,2692.2620293716823
30.045855526769486,2694.4048350811167
30.036595973870078,2696.5492134503043
30.0273809326755,2698.695165651301
30.01821388911884,2700.8426928572158
30.009098329132996,2702.991796242193
30.00003773865103,2705.142476981162
29.991035603605894,2707.2947362504565
29.982095409930594,2709.44857522712
29.973220643558165,2711.603995089331
29.964414790421557,2713.7609970162707
29.955681336453836,2715.9195821881813
29.94702376758795,2718.079751786326
29.93844556975688,2720.2415069928593
29.929950228893603,2722.4048489911524
29.92154123093124,2724.569778965507
29.913222061802628,2726.736298101193
29.90499620744086,2728.904407584684
29.896867153778942,2731.0741086032504
29.888838386749853,2733.245402345444
29.880913126012416,2735.4182900006354
29.873089629758965,2737.5927727593244
29.865361765837946,2739.768851813045
29.857723250583746,2741.946528354385
29.850167800330865,2744.12580357689
29.842689131413607,2746.30667867522
29.8352809601665,2748.489154845035
29.827937002923875,2750.6732332830516
29.820650976020175,2752.8589151870083
29.81341659578979,2755.0462017556642
29.80622757856719,2757.23509418888
29.799077640686733,2759.425593687539
29.791960498482837,2761.6177014534906
29.784869868290002,2763.811418689807
29.777799466442588,2766.0067466004093
29.77074300927498,2768.2036863903845
29.763694213121653,2770.4022392658485
29.756646794316936,2772.602406433927
29.74959446919533,2774.8041891028556
29.742530954091194,2777.0075884818434
29.73544996555526,2779.2126057812693
29.728346569396194,2781.4192422124497
29.721220376994182,2783.627498987833
29.71407195596126,2785.837377320846
29.7069018739096,2788.0488784260506
29.69971069845124,2790.262003519029
29.692498997198157,2792.47675381646
29.685267337762525,2794.6931305360263
29.678016287756463,2796.9111348964493
29.67074641479192,2799.130768117674
29.663458286481074,2801.352031420529
29.656152470435956,2803.574926026968
29.64882953426877,2805.79945316007
29.641490045591382,2808.0256140438614
29.634134572015995,2810.253409903577
29.626763681154642,2812.4828419653995
29.619377940619387,2814.713911456683
29.611977918022404,2816.9466196057124
29.60456418097567,2819.1809676419857
29.597137297091308,2821.416956796054
29.589697833981376,2823.654588299483
29.58224636723409,2825.893863384934
29.574783608327067,2828.134783286145
29.56731038250959,2830.3773492379737
29.559827518539635,2832.621562476295
29.552335845175236,2834.8674242381444
29.544836191174625,2837.1149357615186
29.537329385295635,2839.364098285598
29.529816256296414,2841.614913050605
29.52229763293502,2843.8673812978673
29.51477434396952,2846.121504269818
29.507247218157943,2848.377283209919
29.499717084258265,2850.634719362696
29.492184771028718,2852.8938139738884
29.48465110722725,2855.154568290223
29.477116921611838,2857.4169835595794
29.469583042940656,2859.681061030808
29.462050299971736,2861.946801954055
29.454519521463112,2864.21420758038
29.44699153617279,2866.4832791619983
29.43946717285894,2868.7540179523035
29.431947260279486,2871.0264252056454
29.424432627192544,2873.300502177575
29.416924102356205,2875.5762501247223
29.409422514528444,2877.853670304718
29.401928692467322,2880.1327639765395
29.394443464930987,2882.413532399983
29.386967660677357,2884.6959768361535
29.379502108464607,2886.980098547159
29.372047637050684,2889.2658987962773
29.364605075193793,2891.553378847792
29.357175251651825,2893.8425399672387
29.34975899518284,2896.133383421142
29.34235713454504,2898.425910477219
29.334970498496347,2900.7201224042797
29.32759991579482,2903.016020472208
29.32024621519861,2905.313605952042
29.312910225465657,2907.6128801158975
29.305592775354057,2909.9138442370677
29.29829469362184,2912.216499589924
29.291016809027127,2914.520847449978
29.283759950327948,2916.8268890938843
29.276524946282336,2919.1346257992723
29.269312625648297,2921.4440588451453
29.262123817183976,2923.755189511423
29.25495934964738,2926.0680190791923
29.247820051796538,2928.3825488307284
29.240706752389542,2930.6987800494358
29.233620280184454,2933.016714019785
29.226561463939305,2935.3363520274393
29.21953113241213,2937.657695359068
29.212530114361016,2939.980745302661
29.205559238543998,2942.305503147217
29.19861933371908,2944.631970182891
29.191711228644408,2946.9601477010146
29.184835752077987,2949.2900369939944
29.177993732777935,2951.6216393553964
29.17118599950217,2953.954956079927
29.164413381008927,2956.2899884634953
29.157676706056037,2958.6267378030484
29.150976803401733,2960.965205396759
29.14431450180396,2963.3053925439253
29.137690627322712,2965.647300544926
29.131102400341774,2967.990930701351
29.124536319447373,2970.336284315979
29.1179768993824,2972.6833626926127
29.111408654889857,2975.0321671363095
29.104816100712725,2977.3826989532995
29.098183751593922,2979.7349594508396
29.091496122276453,2982.088949937382
29.084737727503352,2984.44467172266
29.077893082017454,2986.8021261174176
29.070946700561763,2989.161314433617
29.063883097879312,2991.5222379843376
29.056686788712938,2993.8848980839257
29.049342287805786,2996.249296047696
29.041834109900776,2998.6154331923817
29.0341467697408,3000.983310835602
29.026264782068864,3003.352930296354
29.018172661627915,3005.724292894715
29.009854923160958,3008.09739995193
29.00129608141097,3010.472252790455
28.9924806511209,3012.8488527338295
28.983394250756845,3015.2272011068703
28.974038356970453,3017.607299235438
28.964426326650084,3019.9891484466957
28.95457180395698,3022.3727500689147
28.94448843305196,3024.758105431565
28.93418985809626,3027.1452158652924
28.923689723250845,3029.534082701835
28.913001672676813,3031.92470727426
28.902139350535208,3034.317090916665
28.89111640098713,3036.711234964481
28.879946468193594,3039.1071407542545
28.868643196315674,3041.5048096235887
28.857220229514354,3043.9042429115098
28.84569121195082,3046.305441958056
28.83406978778612,3048.7084081045186
28.822369601181236,3051.1131426933366
28.810604296297242,3053.519647068223
28.79878751729524,3055.927922573976
28.78693290833627,3058.3379705566504
28.775054113581376,3060.7497923635383
28.763164777191605,3063.1633893430194
28.751278543328112,3065.578762844734
28.73940905615177,3067.995914219455
28.727569959823853,3070.4148448192846
28.715774898505288,3072.8355559974393
28.704037516357175,3075.258049108313
28.692371457540588,3077.6823255075483
28.680790366216456,3080.108386552011
28.66930788654608,3082.536233599643
28.657937662690358,3084.9658680098314
28.646693338810366,3087.3972911428446
28.635588559067116,3089.8305043605515
28.624636967621797,3092.265509025683
28.613852208635365,3094.7023065023777
28.603247926268892,3097.1408981558543
28.592837764683537,3099.5812853527227
28.58263536804023,3102.023469460653
28.572654380500097,3104.46745184862
28.562908446224213,3106.913233886706
28.55341120937348,3109.360816946389
28.544176314109137,3111.8102024002123
28.535216128487576,3114.261391621963
28.526526118460822,3116.7143859867833
28.51808977600092,3119.1691868708403
28.509890339459105,3121.62579565166
28.50191104718644,3124.08421370795
28.49413513753433,3126.5444424196894
28.486545848853837,3129.006483167999
28.479126419496225,3131.470337335318
28.471860087812644,3133.9360063052955
28.46473009215441,3136.4034914627905
28.45771967087265,3138.8727941938528
28.45081206231859,3141.343915885945
28.443990504843413,3143.8168579274998
28.437238236798407,3146.291621708455
28.43053849653475,3148.7682086197424
28.423874522403565,3151.246620053735
28.41722955275617,3153.726857403982
28.41058682594374,3156.2089220652083
28.403929580317424,3158.6928154334714
28.397241054228488,3161.1785389060537
28.39050449476241,3163.66609388144
28.383707652218334,3166.155481759363
28.376850120507925,3168.6467039409163
28.36993341744494,3171.139761828357
28.362959060842996,3173.6346568251483
28.355928568515765,3176.131390336142
28.34884345827703,3178.629963767264
28.341705247940382,3181.1303785258106
28.33451545531949,3183.632636020402
28.327275598228084,3186.13673766076
28.319987194479864,3188.64268485807
28.312651761888503,3191.150479024484
28.305270818267644,3193.6601215736896
28.29784588143093,3196.1716139204564
28.29037846919215,3198.6849574810462
28.282870099365,3201.2001536726475
28.275322289763068,3203.7172039140573
28.267736558200028,3206.236109625092
28.26011442248958,3208.7568722270207
28.252457400445508,3211.279493142271
28.2447670098814,3213.803973794566
28.23704519358185,3216.33031560895
28.22929909484691,3218.8585200116277
28.22153933999641,3221.3885884302426
28.21377661942435,3223.9205222935784
28.206021623524776,3226.4543230317686
28.198285042691765,3228.989992076319
28.19057756731945,3231.52753085972
28.1829098878018,3234.0669408160907
28.175292694533,3236.6082233806283
28.16773667790693,3239.151379989909
28.160252528317812,3241.6964120817042
28.15285093615958,3244.2433210951453
28.14554259182637,3246.7921084706763
28.138338185712257,3249.3427756499636
28.131248408211206,3251.895324076038
28.124283949717466,3254.449755193154
28.117455500624914,3257.0060704468865
28.110773751327685,3259.56427128413
28.104249392219828,3262.1243591531024
28.097893113695477,3264.6863355032274
28.091715585399612,3267.250201785324
28.085720049358258,3269.815959451491
28.079891360451597,3272.383609955085
28.074211577609276,3274.95315475079
28.068662759760684,3277.524595294692
28.063226965835412,3280.097933043975
28.057886254762934,3282.6731694573423
28.052622685472812,3285.2503059947385
28.04741831689455,3287.8293441173264
28.04225520795771,3290.4102852877713
28.037115417591707,3292.9931309698654
28.031981004726134,3295.5778826288342
28.026834028290494,3298.164541731105
28.021656547214377,3300.7531097446818
28.016430620427144,3303.3435881385603
28.01113830685847,3305.9359783832006
28.005761665437802,3308.530281950502
28.000282755094673,3311.1265003135013
27.99468363475856,3313.724634946703
27.98894636335902,3316.324687325798
27.983052999825645,3318.9266589279946
27.976985603087826,3321.5305512315945
27.970726232075123,3324.136365716445
27.964256945717096,3326.744103863679
27.95755980294325,3329.3537671555982
27.950616862683034,3331.9653570761484
27.943410183866064,3334.578875110209
27.93592182542187,3337.1943227444735
27.92813384627985,3339.8117014664776
27.920028305369698,3342.4310127655
27.911587261620724,3345.0522581319983
27.902792773962602,3347.67543905775
27.893626901324808,3350.3005570359014
27.884071702636845,3352.927613561019
27.874109236828247,3355.556610128897
27.863721562828545,3358.1875482367286
27.852890739567187,3360.820429383058
27.841598825973847,3363.4552550678777
27.829827880977888,3366.092026792415
27.817559963508927,3368.730746059252
27.804777132496383,3371.371414372402
27.79146153301653,3374.0140332371866
27.777617800281377,3376.6586041602163
27.76330300232138,3379.305128649703
27.748581664742403,3381.953608214933
27.733518313150512,3384.6040443667735
27.718177473151542,3387.256438617312
27.70262367035164,3389.9107924801015
27.686921430356648,3392.5671074700126
27.671135278772653,3395.2253851032638
27.655329741205577,3397.8856268975405
27.639569343261314,3400.5478343718046
27.62391861054593,3403.2120090463923
27.608442068665482,3405.87815244316
27.593204243225728,3408.5462660851254
27.57826965983284,3411.2163514968033
27.56370284409269,3413.8884102040897
27.549568321611247,3416.5624437342867
27.53593061799461,3419.238453616006
27.522854258848554,3421.9164413792923
27.510403769779202,3424.596408555552
27.498643676392504,3427.278356677579
27.487631644111644,3429.962287279555
27.47735325218045,3432.6482018971506
27.467750970511133,3435.336102067232
27.45876668884037,3438.0259893282537
27.450342296904807,3440.7178652199195
27.442419684441177,3443.4117312834014
27.434940741186182,3446.107589061245
27.427847356876413,3448.805440097419
27.4210814212486,3451.5052859373163
27.414584824039338,3454.2071281276358
27.408299454985467,3456.910968216576
27.402167203823495,3459.616807753667
27.396129960290153,3462.324648289945
27.390129614122145,3465.0344913777035
27.384108055056146,3467.746338570796
27.378007172828774,3470.4601914243867
27.37176885717676,3473.176051495101
27.365334997836754,3475.893920340979
27.358647484545457,3478.6137995214267
27.351648207039517,3481.3356905973646
27.344279165389395,3484.0595951310092
27.336504182064175,3486.7855146860443
27.328335019627474,3489.5134508276756
27.319789812802554,3492.2434051223577
27.310886696312792,3494.9753791380926
27.30164380488131,3497.7093744442345
27.29207927323148,3500.445392611663
27.282211236086567,3503.183435212564
27.272057828169835,3505.9235038206252
27.261637184204574,3508.665600011019
27.250967438914017,3511.409725360149
27.24006672702157,3514.1558814461296
27.228953183250297,3516.9040698482863
27.217644942323687,3519.654292147532
27.20616013896492,3522.4065499260682
27.19451690789728,3525.1608447677136
27.182733383844038,3527.9171782576036
27.170827701528452,3530.675551982291
27.15881799567387,3533.435967529951
27.146722401003444,3536.1984264900298
27.134559052240604,3538.962930453471
27.1223460841085,3541.7294810126946
27.110101631330508,3544.498079761546
27.097843828629834,3547.268728295399
27.085590810729798,3550.0414282109314
27.073360712353633,3552.8161811064274
27.06117166822466,3555.5929885815035
27.04904181306611,3558.37185223736
27.03698928160128,3561.152773676534
27.025032208553483,3563.9357545030975
27.013188728645957,3566.7207963226388
27.00147697660202,3569.507900742059
26.98991508714485,3572.2970693699035
26.978521194997825,3575.0883038159827
26.967313434884176,3577.8816056918054
26.956309941527167,3580.6769766101233
26.945528849650117,3583.4744181853644
26.934988293976318,3586.2739320333044
26.924706409229003,3589.075519771245
26.914701330131464,3591.879183017941
26.904991191406936,3594.6849233936264
26.895594055596803,3597.49274252004
26.886516836526027,3600.302642020404
26.877743357304098,3603.1146235193487
26.869254575666474,3605.928688643142
26.861031449348303,3608.744839019385
26.853054936085044,3611.563076277296
26.84530599361193,3614.383402047404
26.83776557966442,3617.2058179619103
26.830414651977662,3620.030325654481
26.823234168287144,3622.856926760177
26.816205086328154,3625.6856229156833
26.809308363835925,3628.516415759028
26.802524958545888,3631.349306929868
26.795835828193333,3634.1842980693355
26.789221930513605,3637.0213908200662
26.782664223242023,3639.860586826173
26.776143664113846,3642.701887733224
26.769641210864478,3645.5452951884754
26.763137821229236,3648.3908108404344
26.756614452943438,3651.2384363394026
26.7500520637424,3654.0881733369097
26.743433027845896,3656.9400234862333
26.736752586021055,3659.7939884421125
26.730012839069644,3662.6500698606246
26.723215951893536,3665.5082693996487
26.716364089394432,3668.368588718352
26.709459416474232,3671.231029477527
26.702504098034666,3674.0955933394903
26.69550029897755,3676.9622819680562
26.688450184204754,3679.8310970285934
26.68135591861801,3682.7020401879986
26.67421966711916,3685.575113114646
26.66704359461002,3688.4503174784927
26.65982986599235,3691.327654951005
26.65258064616799,3694.207127205209
26.645298100038758,3697.088735915667
26.637984392506354,3699.9724827584528
26.630641688472792,3702.858369411182
26.62327215283969,3705.7463975530363
26.61587795050889,3708.636568864714
26.608461246382234,3711.528885028458
26.60102420536151,3714.423347728084
26.593568992348594,3717.31995864893
26.586097772245154,3720.2187194779613
26.57861270995309,3723.119631903537
26.571115970374223,3726.022697615728
26.563609718410277,3728.9279183059984
26.556096118963097,3731.835295667583
26.548577336934528,3734.7448313950617
26.5410555372263,3737.656527184652
26.533532884740254,3740.5703847342406
26.526011544378207,3743.4864057431155
26.518493681041917,3746.4045919122104
26.510981459633342,3749.3249449439977
26.50347704505404,3752.2474665425448
26.495982602206,3755.172158413487
26.48850029599103,3758.0990222639516
26.48103229131081,3761.0280598027725
26.47358075306724,3763.95927274025
26.466147846162045,3766.8926627883416
26.458735735497186,3769.828231660501
26.451346585974335,3772.7659810718155
26.443982215549767,3775.7059127389275
26.43664150590132,3778.64802838006
26.42932186148687,3781.592329715103
26.4220206755532,3784.53881846537
26.414735341346756,3787.487496353924
26.407463252114326,3790.438365105283
26.400201801102384,3793.391426445718
26.39294838155763,3796.34668210293
26.385700386726597,3799.3041338062426
26.3784552098561,3802.263783286737
26.371210244192582,3805.225632276849
26.363962882982747,3808.1896825108033
26.356710519473125,3811.1559357242913
26.349450546910475,3814.124393654741
26.3421803585413,3817.0950580411336
26.33489734761227,3820.067930623946
26.327598907369946,3823.0430131454254
26.320282431061145,3826.020307349323
26.312945311932225,3828.999814981135
26.30558494323003,3831.9815377876994
26.298198744577093,3834.965477517769
26.290786799015052,3837.951635921632
26.283354100157254,3840.9400147510287
26.27590617086358,3843.930615759514
26.26844853399379,3846.92344070218
26.260986712407743,3849.9184913357713
26.253526228965285,3852.9157694185747
26.24607260652624,3855.915276710641
26.238631367950376,3858.9170149735683
26.2312080360976,3861.920985970556
26.223808133827703,3864.927191466575
26.216437184000483,3867.935633228009
26.20910070947579,3870.9463130230697
26.20180423311345,3873.9592326215243
26.194553277773338,3876.9743937947514
26.187353366315165,3879.9917983159075
26.180210021598867,3883.0114479595727
26.17312876648427,3886.03334450219
26.166115123831105,3889.0574897217125
26.159174616499286,3892.0838853977953
26.152312767348576,3895.11253331166
26.14553312448865,3898.1434352463466
26.13882364536235,3901.1765929864087
26.13216488991472,3904.2120083180553
26.12553737345982,3907.249683029263
26.118921611311748,3910.2896189095554
26.112298118784565,3913.331817750172
26.105647411192308,3916.376281343931
26.098950003849126,3919.4230114854813
26.092186412068997,3922.4720099709975
26.085337151166044,3925.5232785983494
26.078382736454387,3928.576819167105
26.071303683248004,3931.632633478473
26.064080506861075,3934.6907233353927
26.056693722607577,3937.751090542364
26.049123845801603,3940.8137369056203
26.04135139175733,3943.8786642331843
26.033356875788712,3946.9458743346186
26.02512081320981,3950.015369021195
26.016623719334774,3953.0871501058414
26.00784610947767,3956.161219403253
25.99876866102241,3959.237578729787
25.989385649396212,3962.316229903401
25.979715020451295,3965.3971747439155
25.969777092719255,3968.480415072644
25.95959218473152,3971.5659527127923
25.94918061501963,3974.653789489036
25.938562702115064,3977.7439272279744
25.92775876454931,3980.8363677577936
25.916789120853906,3983.9311129083803
25.905674089560307,3987.0281645112973
25.89443398919994,3990.1275243999235
25.883089138304427,3993.229194409206
25.8716598554052,3996.3331763758815
25.860166459033792,3999.4394721384015
25.848629267721634,4002.548083536955
25.837068600000237,4005.659012413332
25.82550477440114,4008.7722606111543
25.813958109455854,4011.8878299756443
25.80244892369572,4015.005722353889
25.79099753565245,4018.1259395946095
25.779624263857357,4021.2484835482514
25.7683468587841,4024.3733560670134
25.75716413662923,4027.5005590047926
25.746066444874145,4030.6300942171865
25.73504409143129,4033.761963561637
25.724087384212964,4036.896168897205
25.71318663113155,4040.032712084713
25.702332140099287,4043.1715949867494
25.691514219028562,4046.312819467669
25.68072317583176,4049.456387393452
25.66994931842109,4052.602300631935
25.659182954709053,4055.75056105264
25.648414392607805,4058.9011705268354
25.637633940029787,4062.0541309275077
25.626831904887297,4065.209444129566
25.615998595092634,4068.3671120094386
25.60512431855824,4071.527136445424
25.594199383196383,4074.6895193175737
25.583214096919363,4077.85426250761
25.572158767639564,4081.0213678991877
25.561023703269314,4084.1908373775764
25.549799353246726,4087.3626728298377
25.53848617714567,4090.5368761448262
25.527101092819606,4093.713449213105
25.515662550087512,4096.892393927149
25.504188998768598,4100.073712181002
25.492698888682042,4103.257405870592
25.481210669647112,4106.443476893626
25.46974279148276,4109.631927149611
25.458313704008447,4112.822758539688
25.44694185704313,4116.015972966952
25.435645700406013,4119.211572336192
25.424443683916337,4122.409558553979
25.413354257393195,4125.609933528671
25.40239587065591,4128.81269917044
25.39158697352346,4132.017857391278
25.38094601581514,4135.22541010488
25.370491447350048,4138.435359226703
25.36024171794739,4141.647706674205
25.350215277426372,4144.862454366436
25.34043057560612,4148.079604224301
25.330906062305843,4151.2991581705655
25.32165736874319,4154.521118129739
25.31268069981209,4157.745486028076
25.303964074354127,4160.972263793784
25.29549548253263,4164.201453356821
25.287262914510933,4167.433056648924
25.279254360452455,4170.667075603615
25.271457810520502,4173.903512156315
25.263861254878492,4177.1423682441455
25.25645268368976,4180.383645806164
25.249220087117664,4183.627346783247
25.242151455325597,4186.873473117975
25.235234778476922,4190.1220267549
25.228458046735,4193.3730096402505
25.221809250263107,4196.626423722173
25.21527637922472,4199.882270950645
25.208847423783197,4203.140553277442
25.20251037410179,4206.401272656237
25.196253220344005,4209.664431042385
25.190063952673086,4212.930030393262
25.183930561252538,4216.198072668019
25.177840971939077,4219.468559827595
25.171779228412362,4222.741493834825
25.16572334325781,4226.016876654424
25.159650808650525,4229.294710252803
25.15353911676536,4232.574996598344
25.14736575977733,4235.8577376613375
25.141108229861487,4239.14293541381
25.13474401919285,4242.430591829732
25.1282506199463,4245.720708884781
25.121605524296882,4249.013288556674
25.114786224419532,4252.3083328248695
25.107770212489328,4255.605843670781
25.100534980681232,4258.9058230776245
25.09305802117015,4262.208273030485
25.085316826131162,4265.513195516315
25.077288887739257,4268.820592524033
25.068951698169343,4272.130466044214
25.060282749596524,4275.442818069585
25.05125953419568,4278.757650594474
25.04185954414183,4282.074965615366
25.03206027161002,4285.39476513044
25.02184644433035,4288.717051139732
25.011249446635503,4292.041825645253
25.00031917563294,4295.369090651024
24.98910557510706,4298.698848162589
24.977658588842104,4302.031100187841
24.966028160622415,4305.365848736172
24.954264234232312,4308.703095819111
24.94241675345603,4312.042843449994
24.93053566207783,4315.385093644028
24.918670903882145,4318.72984841844
24.90687242265321,4322.077109792243
24.895190162175282,4325.426879786416
24.883674066232714,4328.77916042375
24.872374078609738,4332.133953729135
24.86134014309073,4335.4912617292175
24.85062220345992,4338.851086452588
24.840270203501632,4342.213429929785
24.830334087000182,4345.578294193203
24.82086379773989,4348.9456812772805
24.81190927950496,4352.315593218256
24.803519569322475,4355.6880320543205
24.79569647784652,4359.062999825656
24.788372469001416,4362.440498574248
24.78147447017963,4365.820530344166
24.774929408774,4369.203097181262
24.768664212176844,4372.5882011334415
24.762605807780886,4375.975844250518
24.756681122978733,4379.366028584277
24.750817085162936,4382.758756188193
24.744940621726045,4386.154029118027
24.738978660060752,4389.551849431394
24.732858127559638,4392.952219187729
24.726505951615195,4396.355140448479
24.71984905962009,4399.760615277075
24.712814378966897,4403.168645738902
24.7053288370482,4406.579233901268
24.697319361256575,4409.992381833502
24.68871287898466,4413.408091606769
24.679436317624976,4416.826365294287
24.669416604570245,4420.247204971272
24.65858066721296,4423.670612714782
24.646872551319973,4427.096590603996
24.634339652830192,4430.525140719944
24.621067959938387,4433.956265145686
24.607143527232978,4437.3899659661965
24.592652409302048,4440.826245268522
24.577680660733762,4444.265105141623
24.562314336116344,4447.706547676507
24.54663949003796,4451.150574966005
24.530742177086694,4454.597189105154
24.514708451850964,4458.04639219076
24.498624368918712,4461.498186321808
24.482575982878274,4464.952573599209
24.46664934831776,4468.4095561257445
24.45093051982539,4471.86913600638
24.43550555198928,4475.331315347988
24.42046049939765,4478.796096259468
24.405881416638664,4482.263480851696
24.39185435830069,4485.73347123758
24.378465378971583,4489.206069531974
24.365800533239735,4492.681277851774
24.3539445699123,4496.1590983159485
24.342923014488946,4499.639533045449
24.33267917168081,4503.122584163211
24.323150285152053,4506.608253794188
24.31427359856687,4510.09654406529
24.30598635558951,4513.587457105671
24.298225799884165,4517.080995046257
24.29092917511511,4520.5771600201915
24.28403372494651,4524.075954162516
24.277476693042644,4527.577379610307
24.271195323067644,4531.0814385028325
24.265126858685875,4534.588132981205
24.259208543561385,4538.097465188668
24.25337762135848,4541.6094372704765
24.247571335741384,4545.12405137399
24.24172693037434,4548.641309648451
24.235781648921517,4552.161214245375
24.229672735047103,4555.683767318197
24.223337432415406,4559.208971022371
24.21671298469056,4562.736827515468
24.2097366355369,4566.267338957049
24.202354924958996,4569.800507508864
24.194566975920225,4573.336335334626
24.186390379470737,4576.874824600076
24.17784274683325,4580.415977473116
24.16894168923031,4583.95979612362
24.159704817884716,4587.506282723593
24.15014974401913,4591.055439447114
24.140294078856243,4594.607268470267
24.130155433618768,4598.161771971377
24.119751419529337,4601.718952130583
24.109099647810723,4605.278811130303
24.0982177296855,4608.841351155037
24.087123276376474,4612.406574391236
24.0758338991063,4615.974483027604
24.064367209097583,4619.54507925477
24.052740817573095,4623.118365265552
24.040972335755555,4626.694343254926
24.029079374867592,4630.273015419738
24.017079546131896,4633.85438395919
24.004990460771182,4637.438451074491
23.99282973000814,4641.025218968817
23.980614965065456,4644.614689847615
23.96836377716579,4648.206865918407
23.956093777531862,4651.801749390757
23.943822577386328,4655.3993424765085
23.931567787951963,4658.9996473893525
23.919347020451397,4662.6026663453285
23.907177886107235,4666.208401562463
23.895077996142334,4669.816855261002
23.88306496177927,4673.42802966325
23.871156394240757,4677.041926993636
23.859369904749457,4680.658549478715
23.847723104528143,4684.277899347244
23.836233604799446,4687.899978830009
23.824919016786055,4691.524790159963
23.813796951710657,4695.1523355723675
23.80288502079597,4698.782617304186
23.79220083526465,4702.415637595059
23.78176200633939,4706.051398686371
23.771586145242935,4709.689902821919
23.761690863197856,4713.331152247518
23.75209044722365,4716.975149210996
23.742781559020756,4720.621895962574
23.73375504104621,4724.271394754558
23.725001732113697,4727.923647841447
23.716512471036907,4731.578657479867
23.708278096629414,4735.236425928372
23.70028944770499,4738.896955448051
23.692537363077207,4742.560248302059
23.685012681559726,4746.226306755622
23.677706241966234,4749.895133076103
23.67060888311036,4753.566729533173
23.66371144380571,4757.241098398684
23.657004762866052,4760.918241946631
23.65047967910502,4764.59816245309
23.64412703133624,4768.280862196355
23.637937658373318,4771.966343457043
23.631902399029997,4775.654608517992
23.62601209211988,4779.345659663859
23.620257576456623,4783.039499181869
23.61462969085389,4786.736129361307
23.60911887698228,4790.435552493756
23.603701591062134,4794.137770872801
23.59833692052254,4797.842786794396
23.59298286900895,4801.550602556599
23.587597440166775,4805.261220459848
23.582138637641407,4808.974642806519
23.576564465078235,4812.690871901506
23.570832926122677,4816.409910051545
23.564902024420064,4820.1317595659975
23.558729763615872,4823.856422756207
23.552274147355433,4827.583901935878
23.545493179284165,4831.314199420663
23.538344863047485,4835.047317528718
23.53078720229078,4838.783258580325
23.522778200659474,4842.522024898104
23.514275861798893,4846.263618806767
23.505238189354458,4850.008042633235
23.495623186971585,4853.755298706767
23.485388858295693,4857.505389358968
23.474493206972085,4861.258316923554
23.462894236646264,4865.01408373631
23.450565246386617,4868.772692135618
23.43755558814712,4872.534144462008
23.423938206584666,4876.298443058024
23.409786053599305,4880.065590268843
23.395172081090948,4883.835588441526
23.38016924095959,4887.6084399257725
23.36485048510528,4891.3841470732
23.349288765427957,4895.162712237903
23.333557033827645,4898.944137776278
23.317728242204282,4902.728426046716
23.301875342457947,4906.515579410264
23.286071286488493,4910.305600229967
23.270389026196085,4914.098490871185
23.254901513480576,4917.894253701628
23.239681700242016,4921.69289109136
23.224802538380374,4925.494405412558
23.210336979795642,4929.298799039897
23.196357976387844,4933.106074349993
23.182938480056947,4936.916233722108
23.170151442702945,4940.7292795376925
23.158068211500165,4944.545214180639
23.14670983771603,4948.364040036615
23.136038278276004,4952.185759494151
23.126012111344295,4956.010374943949
23.116589915085143,4959.837888778838
23.107730267662646,4963.668303394208
23.099391747241043,4967.501621187519
23.091532931984432,4971.33784455872
23.08411240005711,4975.176975910116
23.0770887296232,4979.019017646087
23.070420498846886,4982.863972173585
23.064066285892352,4986.711841901711
23.057984668923694,4990.562629242142
23.05213422610521,4994.416336608608
23.04647353560111,4998.272966417239
23.04096117557546,5002.132521086648
23.035555724192506,5005.995003037715
23.030215759616425,5009.8604146935895
23.024899860011345,5013.728758479877
23.019566603541563,5017.6000368244195
23.014174568371118,5021.474252157444
23.008686598649405,5025.351406911677
23.003085437185746,5029.231503521876
22.997359624050233,5033.11454442544
22.99149769998141,5037.000532062024
22.98548820571787,5040.889468873681
22.97931968199802,5044.781357304864
22.972980669560457,5048.676199802323
22.966459709143663,5052.573998815072
22.959745341486155,5056.474756794675
22.952826107326445,5060.378476195075
22.94569054740296,5064.28515947259
22.938327202454417,5068.194809085706
22.930724613219155,5072.107427495507
22.922871320435718,5076.023017165428
22.914755864842675,5079.941580561364
22.906366787178484,5083.86312015135
22.897692628181687,5087.787638406031
22.888721928590797,5091.7151377983755
22.879443229144357,5095.645620803934
22.86984507058085,5099.579089900188
22.859916747134577,5103.515547567566
22.849668692354925,5107.454996288577
22.839134840363357,5111.397438548286
22.828350352689114,5115.342876834064
22.817350390861748,5119.291313635727
22.806170116410527,5123.242751445553
22.794844690864835,5127.197192758197
22.783409275754053,5131.1546400708885
22.77189903260762,5135.115095882988
22.760349122954864,5139.078562696502
22.748794708325192,5143.045043015799
22.737270950247904,5147.014539347716
22.725813010252466,5150.987054201635
22.71445604986826,5154.962590088977
22.703235230624642,5158.941149523968
22.692185714050908,5162.922735023355
22.68134266167661,5166.907349105999
22.670741235031016,5170.894994293434
22.660416595643483,5174.8856731094975
22.650403905043476,5178.879388080666
22.640738324760292,5182.876141735803
22.63144586601922,5186.875936606192
22.622512490893286,5190.87877522551
22.613913207501724,5194.884660130082
22.605623023693397,5198.893593858591
22.59761694731685,5202.905578952155
22.58986998622089,5206.920617954515
22.582357148254374,5210.9387134116305
22.575053441265908,5214.959867872307
22.567933873104295,5218.984083887577
22.560973451618196,5223.01136401092
22.554147184656443,5227.041710798377
22.5474300800677,5231.075126808629
22.540797145700765,5235.111614602662
22.53422338940436,5239.151176743924
22.527683819027203,5243.193815798622
22.52115344241804,5247.239534335091
22.514607267425617,5251.288334924542
22.508020301898654,5255.340220140509
22.501367553685952,5259.395192558997
22.494624030636118,5263.453254758562
22.487765438066845,5267.514409320274
22.480785085895405,5271.578658827834
22.473694803297548,5275.646005867353
22.466507299996465,5279.716453027351
22.459235285715437,5283.790002899101
22.451891470177713,5287.866658076441
22.444488563106688,5291.946421155293
22.437039274225526,5296.029294734752
22.429556313257592,5300.115281415922
22.422052389926137,5304.204383802676
22.41454021395441,5308.296604501577
22.407032495065806,5312.391946121288
22.399541942983433,5316.490411273581
22.39208126743071,5320.592002572254
22.384663178130893,5324.696722634074
22.377300384807285,5328.804574078176
22.370005597183052,5332.915559526143
22.36279152498159,5337.029681602307
22.355670877926144,5341.146942933533
22.348656365740055,5345.267346149326
22.341760698146516,5349.390893881576
22.334990327616964,5353.51758876478
22.328326005309265,5357.647433436134
22.321741884485903,5361.7804305353675
22.31521211840507,5365.916582704724
22.30871086032485,5370.055892589104
22.302212263503378,5374.198362835997
22.295690481198818,5378.34399609541
22.289119666669194,5382.492795020057
22.28247397317287,5386.644762265288
22.275727553967727,5390.799900488708
22.268854562312043,5394.958212350907
22.261829151463957,5399.119700515007
22.25462547468149,5403.28436764662
22.247217685222893,5407.452216413972
22.23957993634619,5411.62324948794
22.231686381309572,5415.797469542211
22.223511173371207,5419.974879252709
22.215028465789175,5424.155481298363
22.20621241182164,5428.339278360423
22.19703716472668,5432.526273122919
22.18747823407631,5436.716468272592
22.17754207070493,5440.909866498623
22.167265926277167,5445.106470493025
22.156688380684756,5449.306282950143
22.145848013819517,5453.5093065674655
22.13478340557336,5457.715544044626
22.123533135838017,5461.92499808414
22.1121357845052,5466.137671391134
22.100629931466813,5470.353566673509
22.08905415661465,5474.572686641744
22.077447039840592,5478.795034008866
22.06584716103626,5483.020611490639
22.054293100093645,5487.249421805496
22.042823436904342,5491.481467674774
22.031476751360373,5495.716751822093
22.020291623353415,5499.955276973826
22.009306632775264,5504.197045859258
21.998560359517796,5508.442061210202
21.988091383472778,5512.690325761233
21.977938284532,5516.941842249416
21.96813964256765,5521.196613414705
21.95872316911212,5525.454641999706
21.94967467984239,5529.715930749685
21.940969896637682,5533.980482412604
21.932584541377537,5538.248299739211
21.924494335941432,5542.519385482758
21.916675002208677,5546.793742399522
21.909102262058752,5551.071373248099
21.90175183737105,5555.352280790312
21.894599450025055,5559.6364677901465
21.88762082190013,5563.923937014588
21.880791674875752,5568.214691233541
21.874087730831263,5572.508733219164
21.867484711646256,5576.806065746621
21.860958339199897,5581.106691593926
21.854484335371808,5585.410613541554
21.848038422041355,5589.717834373114
21.841596321087934,5594.028356874361
21.835133754391023,5598.342183834232
21.82862644382999,5602.659318044412
21.822050111284312,5606.979762299179
21.815381210507013,5611.303519395642
21.808611347473942,5615.630592133549
21.801746401519182,5619.960983315606
21.794792807880896,5624.294695747207
21.78775700179719,5628.631732236385
21.78064541850611,5632.972095594027
21.773464493245854,5637.315788633953
21.76622066125455,5641.662814172516
21.758920357770307,5646.013175029007
21.751570018031174,5650.36687402534
21.74417607727534,5654.723913986333
21.736744970740943,5659.084297739594
21.729283133666,5663.448028115558
21.72179700128879,5667.815107947419
21.71429300884725,5672.185540070962
21.706777591579566,5676.559327325015
21.699257184723933,5680.936472551373
21.69173822351837,5685.31697859407
21.684227143201014,5689.700848300475
21.676730379010024,5694.088084520487
21.66925436613414,5698.478690107064
21.6618040869225,5702.872667915779
21.654379267049507,5707.270020805109
21.64697844368331,5711.670751636236
21.63960015399195,5716.074863273289
21.632242935143523,5720.482358583313
21.624905324306184,5724.893240436061
21.617585858648084,5729.307511703967
21.61028307533715,5733.725175262667
21.60299551154165,5738.14623399044
21.59572170442968,5742.5706907683725
21.58846019116919,5746.998548480522
21.581209508928424,5751.429810013636
21.573968194875448,5755.864478257482
21.566734786178415,5760.302556104608
21.559507820005336,5764.744046450628
21.552285833524394,5769.188952193491
21.545067363903655,5773.637276234545
21.537850948311217,5778.089021477893
21.530635123915175,5782.544190830305
21.523418427883712,5787.002787201675
21.516199420975312,5791.46481350458
21.50897710883754,5795.93027265464
21.501750893675478,5800.399167570369
21.494520191578573,5804.871501173046
21.487284418636392,5809.3472763868485
21.480042990938358,5813.826496138931
21.472795324573866,5818.30916335931
21.465540835632453,5822.795280981158
21.4582789402036,5827.284851940052
21.451009054376755,5831.777879174738
21.443730594241345,5836.274365627116
21.436442975886877,5840.7743142416375
21.429145615402803,5845.277727965797
21.421837928878602,5849.784609750012
21.414519332403728,5854.294962547714
21.407189242067687,5858.808789315221
21.399847073959876,5863.326093011743
21.39249224416986,5867.84687659939
21.385124168786973,5872.371143043292
21.377742263900814,5876.898895311566
21.37034594571989,5881.430136375152
21.36293548675772,5885.964869208023
21.355514068391955,5890.503096787021
21.348085489096604,5895.044822092032
21.340653547345624,5899.590048105984
21.33322204161314,5904.13877781456
21.325794770373136,5908.691014206577
21.318375532099623,5913.246760273698
21.310968125266697,5917.806019010516
21.303576348348287,5922.368793415023
21.296203999818488,5926.935086487517
21.28885487815134,5931.504901231785
21.2815327818208,5936.078240654518
21.274241509300992,5940.655107765353
21.26698485906587,5945.23550557667
21.259766629589507,5949.819437104225
21.25259061934591,5954.406905366645
21.245460626809063,5958.9979133856095
21.238380450453036,5963.592464185587
21.231353888751954,5968.190560794186
21.224384740179687,5972.792206242116
21.2174762492065,5977.397403563098
21.210622111365012,5982.006155793795
21.203807968833246,5986.618465973848
21.1970192116257,5991.234337145968
21.190241229756793,5995.853772355939
21.18345941324091,6000.476774652624
21.176659152092554,6005.103347087707
21.169825836326027,6009.733492716301
21.16294485595583,6014.367214596089
21.156001600996404,6019.004515788148
21.148981461462057,6023.645399356474
21.141869827367344,6028.289868368121
21.13465208872654,6032.937925893197
21.127313635554202,6037.5895750049185
21.11983985786469,6042.244818779694
21.11221614567239,6046.903660296654
21.10442788899175,6051.566102638177
21.096460477837212,6056.232148889801
21.08829930222319,6060.901802140183
21.079929752164077,6065.575065480807
21.07133722035431,6070.251942006371
21.062514751443416,6074.932434814747
21.053479803829845,6079.616547006858
21.044254694312286,6084.304281686721
21.034861739689603,6088.995641961367
21.025323256760686,6093.690630940844
21.015661562324226,6098.389251738694
21.005898973179058,6103.0915074712675
20.99605780612407,6107.797401258113
20.9861603779579,6112.5069362217655
20.976229005479468,6117.220115488014
20.966286005487632,6121.936942185768
20.956353694781143,6126.657419447195
20.946454390158777,6131.381550407246
20.93661040841934,6136.109338204181
20.926844066361724,6140.840785979526
20.917177680784675,6145.575896877733
20.907633568487,6150.314674046615
20.89823404626756,6155.057120637005
20.88900143092505,6159.803239802841
20.879958039258412,6164.55303470135
20.87112618806637,6169.306508492785
20.86252819414773,6174.063664340694
20.854186374301293,6178.824505411573
20.846123045325925,6183.589034875391
20.83836052402046,6188.357255905207
20.830921127183586,6193.129171676989
20.823827171614198,6197.904785370197
20.8171009741111,6202.684100167207
20.810764851473067,6207.467119253938
20.804841120498878,6212.253845819233
20.79935209798745,6217.044283055265
20.79432010073745,6221.838434157093
20.789767445547824,6226.636302323421
20.78571644921732,6231.437890755983
20.78218942854474,6236.243202659587
20.77920870032881,6241.052241242344
20.77679658136853,6245.865009715757
20.774975388462565,6250.68151129415
20.773767438409777,6255.501749195649
20.773195048008944,6260.325726640895
20.773280514816577,6265.153446854381
20.774018344279142,6269.984913063527
20.7753197215263,6274.82012849912
20.777080283260176,6279.659096394924
20.7791956661832,6284.501819988303
20.781561506997548,6289.34830251965
20.78407344240557,6294.198547232787
20.78662710910939,6299.052557374613
20.789118143811493,6303.910336195244
20.791442183213974,6308.771886948237
20.79349486401918,6313.637212890418
20.79517182292932,6318.506317281882
20.796368696646738,6323.379203385686
20.796981121873728,6328.255874468526
20.796904735312495,6333.13633380033
20.796035173665274,6338.020584654093
20.794268073634413,6342.908630306456
20.791499071922203,6347.800474036992
20.787623805230822,6352.696119128709
20.78253791026262,6357.595568868049
20.776137023719883,6362.498826544713
20.76832692302105,6367.40589545135
20.759160684539324,6372.316778884463
20.74880254876834,6377.231480143506
20.737419490007625,6382.150002531392
20.725178482556828,6387.072349354444
20.712246500715707,6391.998523921906
20.69879051878391,6396.92852954685
20.684977511061106,6401.8623695455935
20.670974451846945,6406.8000472374715
20.65694831544107,6411.741565945344
20.643066076143242,6416.686928995507
20.62949470825305,6421.636139717696
20.616401186070192,6426.589201444547
20.603952483894233,6431.546117512551
20.592315576025015,6436.506891261241
20.58165743676207,6441.471526033654
20.57214504040516,6446.440025176283
20.5639453612539,6451.41239203872
20.557225373607963,6456.388629974117
20.552152051766996,6461.368742339004
20.548892269567517,6466.352732493296
20.547528075111188,6471.340603800386
20.547902434072284,6476.332359626644
20.549816494016653,6481.328003342297
20.55307140250997,6486.327538320877
20.55746830711803,6491.330967939134
20.562808355406617,6496.338295577411
20.56889269494141,6501.349524619321
20.575522473288203,6506.364658451891
20.582498838012754,6511.383700465844
20.58962293668077,6516.406654055096
20.59669591685804,6521.433522616751
20.603518926110297,6526.464309551767
20.609893112003363,6531.499018264344
20.61561962210294,6536.537652162309
20.620499603974736,6541.580214656511
20.62433420518451,6546.626709161662
20.626924573298112,6551.67713909555
20.62807185588116,6556.7315078799775
20.62757720049953,6561.789818939503
20.6252417547189,6566.852075702612
20.620881509822055,6571.918281601209
20.614511157868634,6576.988440070572
20.60628720012531,6582.06255454936
20.596369195858017,6587.14062847999
20.5849167043327,6592.222665308027
20.572089284815036,6597.308668482854
20.558046496570995,6602.398641456963
20.54294789886643,6607.492587686809
20.526953050967194,6612.590510631829
20.510221512139196,6617.692413755283
20.492912841648177,6622.798300524037
20.475186598760047,6627.908174408176
20.457202342740715,6633.022038881254
20.43911963285595,6638.139897420717
20.421098028371688,6643.261753507341
20.403297088553785,6648.387610625193
20.385876372668037,6653.517472262289
20.368995439980324,6658.651341909708
20.352813849756615,6663.789223062584
20.33749116126262,6668.93111921926
20.32318682829552,6674.077033881622
20.310002992572805,6679.226970555248
20.29788984823483,6684.380932749028
20.286772692119087,6689.53892397584
20.27657682106306,6694.700947751641
20.267227531904325,6699.867007596244
20.258650121480315,6705.037107032929
20.250769886628547,6710.211249588601
20.243512124186537,6715.389438793738
20.23680213099189,6720.571678182257
20.230565203882037,6725.757971291991
20.22472663969441,6730.948321663888
20.21921173526667,6736.142732842916
20.21394578743616,6741.341208377449
20.208854093040543,6746.543751819365
20.203861948917222,6751.75036672434
20.19889465190377,6756.961056651754
20.19387749883768,6762.175825164169
20.188735786556435,6767.3946758281945
20.183394811897557,6772.617612213727
20.17777987169859,6777.844637894528
20.171821283184613,6783.075756448084
20.16551143677114,6788.310971455179
20.158884605781367,6793.550286500331
20.15197584889455,6798.793705171892
20.144820224790095,6804.041231061715
20.137452792147258,6809.292867765354
20.12990860964544,6814.548618881869
20.12222273596393,6819.808488014125
20.11443022978213,6825.072478768748
20.10656614977927,6830.3405947559295
20.09866555463475,6835.612839589295
20.090763503027944,6840.889216886481
20.08289505363814,6846.169730268659
20.075095265144682,6851.4543833608295
20.067399196227,6856.743179791389
20.05984190556424,6862.036123192572
20.052458451835918,6867.333217200453
20.045283893721233,6872.6344654546165
20.038353289899646,6877.9398715984935
20.031701699050416,6883.249439279031
20.025364144763103,6888.563172147181
20.019362511027225,6893.88107385727
20.01368589491662,6899.203148067542
20.008318364101257,6904.529398440065
20.00324398625139,6909.859828640343
19.99844682903708,6915.194442337809
19.993910960128375,6920.533243205685
19.989620447195506,6925.876234920935
19.985559357908443,6931.223421164072
19.98171175993744,6936.574805619362
19.97806172095241,6941.930391975269
19.97459330862361,6947.290183923377
19.971290590621095,6952.654185159426
19.968137634615033,6958.022399383024
19.965118508275424,6963.3948302972085
19.962217279272465,6968.771481608987
19.959418015276214,6974.152357029253
19.95670478395678,6979.537460272382
19.954061652984336,6984.926795056792
19.95147269002888,6990.320365104493
19.948921962760608,6995.718174141644
19.946393538849577,7001.120225897858
19.943871485965985,7006.5265241067045
19.941339871779775,7011.937072505414
19.93878276396117,7017.3518748351835
19.936184230180288,7022.770934841229
19.933528338107152,7028.1942562721915
19.93079915541196,7033.621842880693
19.92798074976477,7039.053698423286
19.925057188835723,7044.489826660162
19.922012540294844,7049.9302313556545
19.91883087181236,7055.374916277592
19.915496251058272,7060.823885197857
19.911992745702747,7066.277141892384
19.908304423415842,7071.734690140368
19.904415351867755,7077.196533725469
19.900309598728512,7082.662676435115
19.895971231668227,7088.133122060157
19.89138431835704,7093.6078743957705
19.886532926465037,7099.086937241019
19.88140112366233,7104.570314398596
19.875973013546258,7110.058009675137
19.870242454610093,7115.550026881528
19.86422622751033,7121.046369831995
19.85794440216185,7126.547042344975
19.851417048479476,7132.052048242861
19.84466423637795,7137.561391351859
19.83770603577213,7143.075075502194
19.83056251657689,7148.59310452786
19.823253748707003,7154.1154822667795
19.815799802077237,7159.642212561005
19.808220746602444,7165.173299256274
19.800536652197508,7170.708746202566
19.792767588777195,7176.24855725345
19.784933626256333,7181.792736266597
19.777054834549773,7187.3412871037835
19.769151283572285,7192.894213630643
19.761243043238693,7198.4515197166675
19.75335018346388,7204.013209235267
19.745492774162614,7209.579286064178
19.73769088524972,7215.149754084707
19.729964586640023,7220.724617182496
19.722332300046986,7226.303879246767
19.714794957026868,7231.887544170983
19.70734295071989,7237.475615852862
19.69996652927648,7243.068098193552
19.69265594084706,7248.6649950985175
19.685401433582086,7254.266310477277
19.678193255631896,7259.872048243161
19.671021655146973,7265.4822123139265
19.663876880277712,7271.096806610785
19.656749179174454,7276.715835059336
19.649628799987795,7282.339301589058
19.64250599086793,7287.967210133769
19.635370999965403,7293.599564630868
19.628214075430577,7299.236369022055
19.621025465413936,7304.877627253131
19.61379541806585,7310.523343273901
19.606514181536653,7316.17352103802
19.59917200397689,7321.828164503621
19.591759133536954,7327.487277632441
19.584265818367186,7333.150864390755
19.576682346466413,7338.8189287484465
19.56900716576922,7344.491474679901
19.561256790703823,7350.168506163223
19.553450158753805,7355.850027180977
19.545606207402614,7361.536041719506
19.53774387413378,7367.226553769363
19.529882096430867,7372.921567325412
19.522039811777432,7378.621086386265
19.514235957656865,7384.325114954856
19.50648947155284,7390.0336570382915
19.498819290948774,7395.746716647698
19.491244353328227,7401.464297798228
19.48378359617473,7407.186404509426
19.476455956971762,7412.913040804772
19.469280373202906,7418.644210712147
19.46227578235164,7424.379918263108
19.45546112190155,7430.12016749384
19.448855329336055,7435.864962444422
19.442477342138744,7441.614307159202
19.436346097793177,7447.368205686695
19.43048053378277,7453.126662079479
19.42489758952445,7458.88968039442
19.419594510105128,7464.657264692617
19.41455733309374,7470.429419039144
19.409771966361177,7476.20614750353
19.405224317778504,7481.987454159235
19.400900295216587,7487.773343084136
19.39678580654646,7493.563818360153
19.392866759639077,7499.358884073631
19.389129062365413,7505.158544314811
19.38555862259642,7510.962803178472
19.38214134820305,7516.771664763517
19.378863147056336,7522.585133172914
19.375709927027145,7528.403212514028
19.372667595986485,7534.225906898466
19.36972206180539,7540.053220442077
19.3668592323547,7545.885157264959
19.364065015505503,7551.721721491309
19.361325319128696,7557.562917249738
19.358626051095257,7563.408748673181
19.355953119276165,7569.259219898784
19.3532924315424,7575.114335067808
19.35062989576491,7580.974098325954
19.34795141981465,7586.838513823155
19.345242911562565,7592.707585713846
19.34249027887975,7598.581318156382
19.339679429636988,7604.459715313627
19.336796271705424,7610.342781352757
19.33382671295584,7616.230520445195
19.33075666125933,7622.1229367667365
19.32757202448684,7628.020034497441
19.324258710509326,7633.921817821637
19.320802627197764,7639.8282909282525
19.317189682423162,7645.739458010171
19.313405784056357,7651.655323264885
19.30943683996844,7657.575890894175
19.305268758030337,7663.50116510412
19.300887446112966,7669.431150105096
19.296278812087365,7675.36585011211
19.29142876382454,7681.305269344097
19.286323209195302,7687.249412024633
19.28094805607074,7693.198282381887
19.275291317672213,7699.1518846479175
19.269360312124036,7705.110223059492
19.263172729062347,7711.073301857603
19.25674635758932,7717.041125287913
19.250098986806876,7723.0136976000995
19.243248405817127,7728.991023048463
19.236212403722107,7734.973105891769
19.229008769623874,7740.959950392977
19.221655292624376,7746.951560819797
19.21416976182573,7752.947941444034
19.20656996632991,7758.949096542086
19.198873695239087,7764.955030394624
19.191098737655125,7770.965747287086
19.183262882680253,7776.981251509138
19.175383919416333,7783.001547354838
19.16747963696548,7789.026639122759
19.159567824429757,7795.056531116095
19.151666270911164,7801.09122764218
19.143792765511762,7807.130733013256
19.13596509733358,7813.175051545547
19.12820100013215,7819.224187560034
19.12051117054537,7825.278145382295
19.112892451181352,7831.336929342179
19.105340066510365,7837.400543774198
19.09784924100245,7843.468993017031
19.090415199127932,7849.542281414423
19.083033165356852,7855.62041331413
19.07569836415948,7861.703393068703
19.06840602000591,7867.791225034939
19.061151357366413,7873.883913574608
19.053929600711115,7879.981463053738
19.0467359745102,7886.083877842778
19.03956570323382,7892.191162316949
19.032414011352216,7898.303320855796
19.025276123335487,7904.420357843701
19.018147263653816,7910.5422776694895
19.01102265677747,7916.669084726499
19.00389752717649,7922.800783412526
18.996767099321175,7928.93737813005
18.98962659768162,7935.078873286475
18.982471246728068,7941.225273293281
18.97529670875926,7947.3765825667115
18.968102385962567,7953.532805527604
18.96088957654834,7959.69394660157
18.953659593533843,7965.860010218487
18.94641374993637,7972.031000813244
18.939153358773154,7978.206922824951
18.931879733061407,7984.387780697624
18.924594185818478,7990.5735788799675
18.917298030061573,7996.764321824864
18.909992578807874,8002.960013990461
18.902679145074785,8009.1606598389835
18.89535904187946,8015.366263837761
18.88803358223919,8021.576830458382
18.88070407917121,8027.792364177493
18.873371845692787,8034.012869476069
18.866038194821186,8040.238350839866
18.858704439573614,8046.468812759381
18.85137189296742,8052.704259730073
18.84404186801973,8058.944696251125
18.836715677747918,8065.190126827607
18.829394629541895,8071.440555968609
18.822079447794493,8077.695988187922
18.814769773807512,8083.9564280043915
18.80746513104188,8090.221879941121
18.800165042958355,8096.492348526451
18.792869033017723,8102.767838293104
18.78557662468083,8109.048353778595
18.778287341408458,8115.333899525114
18.77100070666137,8121.624480079715
18.763716243900404,8127.920099994253
18.75643347658638,8134.220763825286
18.749151928180055,8140.526476134069
18.7418711221423,8146.83724148645
18.73459058193376,8153.153064453513
18.72730983101539,8159.473949610653
18.72002839284795,8165.799901538453
18.712745790892285,8172.130924821821
18.705461548609122,8178.467024050921
18.69817518945925,8184.808203820427
18.69088623690351,8191.154468729873
18.683594214402746,8197.505823383779
18.676298756302884,8203.862272391132
18.66900038039202,8210.223820366089
18.66170002689708,8216.59047192734
18.654398638675445,8222.962231698762
18.647097158584785,8229.33910430866
18.639796529482567,8235.721094390354
18.632497694226288,8242.108206582367
18.625201595673502,8248.500445527492
18.617909176681707,8254.89781587356
18.61062138010837,8261.300322273499
18.60333914881116,8267.707969384994
18.59606342564743,8274.120761870432
18.588795153474763,8280.538704397432
18.581535275150713,8286.961801638035
18.574284733532778,8293.390058269708
18.567044471478397,8299.8234789744
18.559815431845266,8306.262068439033
18.55259855749074,8312.70583135561
18.5453947912724,8319.154772420998
18.538205076047745,8325.608896337046
18.5310303546743,8332.068207810173
18.523871570009618,8338.532711552209
18.516729664911225,8345.002412279631
18.50960558223656,8351.477314713977
18.502500264843235,8357.957423581678
18.495414655588633,8364.442743614187
18.48834969733045,8370.933279547735
18.481306332926096,8377.429036123884
18.47428550523304,8383.930018088933
18.46728815710901,8390.4362301941
18.4603152314113,8396.947677195656
18.453367670997523,8403.464363854855
18.446446418725174,8409.986294938195
18.439552417451836,8416.51347521682
18.43268661003492,8423.045909466879
18.42584993933201,8429.583602470022
18.41904334820066,8436.126559012318
18.412267779498308,8442.674783885226
18.405524176082565,8449.228281885236
18.3988134808109,8455.787057813583
18.392136636540755,8462.351116476837
18.385494586129767,8468.920462686632
18.378888272435432,8475.49510125947
18.37231863831522,8482.07503701704
18.365786626626658,8488.66027478586
18.359293180227297,8495.250819398061
18.352839241974635,8501.84667569038
18.346425754726255,8508.447848504755
18.340053661339567,8515.05434268822
18.333723904672155,8521.666163092965
18.327437427581515,8528.28331457641
18.321195172925172,8534.905802000663
18.31499808356068,8541.533630233365
18.30884710234551,8548.166804147108
18.302743172137184,8554.805328619663
18.296687235793286,8561.449208533884
18.290680236171198,8568.0984487777
18.28472311612856,8574.753054244313
18.2788168185229,8581.41302983219
18.27296228621165,8588.078380444726
18.267160462052345,8594.749110990408
18.261412288902562,8601.425226383331
18.2557187096198,8608.10673154221
18.250080667061525,8614.793631391436
18.24449910408532,8621.485930860283
18.238974963548685,8628.183634883217
18.233509188309057,8634.886748400033
18.228102721224133,8641.595276355789
18.222756505151295,8648.309223700639
18.21747148294807,8655.028595389891
18.21224859747204,8661.753396384267
18.207088791580674,8668.483631649719
18.201993008131495,8675.219306157005
18.19696218998203,8681.960424882867
18.191997279989778,8688.706992808558
18.187099221012346,8695.459014921084
18.182268955907062,8702.216496212583
18.177507427531708,8708.979441680343
18.17281557874358,8715.747856327054
18.16819435240032,8722.521745160617
18.163644691359337,8729.301113194286
18.159167538478272,8736.085965446675
18.154763836614535,8742.876306941444
18.150434528625766,8749.672142707623
18.146180557369377,8756.473477779926
18.142002865702977,8763.280317197954
18.13790239648401,8770.092666006814
18.133880092569967,8776.910529256824
18.129936896818464,8783.733912003696
18.126073752087024,8790.562819308681
18.12229160123306,8797.397256238186
18.118591387114122,8804.237227863976
18.114974052587797,8811.082739263114
18.111440540511495,8817.933795518225
18.10799179374291,8824.79040171724
18.104628755139373,8831.65256295335
18.101352367558547,8838.520284325257
18.098163573857818,8845.393570936994
18.095063316894795,8852.272427898124
18.09205253952703,8859.156860323295
18.089132184611884,8866.046873333078
18.086303195007048,8872.942472053022
18.08356648105942,8879.843661614223
18.080920950330523,8886.750447153276
18.078362375699157,8893.662833812088
18.075886256813504,8900.580826738327
18.07348809332163,8907.50443108467
18.071163384871852,8914.433652009564
18.068907631112182,8921.368494676928
18.06671633169077,8928.30896425589
18.06458498625588,8935.255065921188
18.062509094455578,8942.206804853231
18.060484155937985,8949.164186237665
18.058505670351366,8956.127215265758
18.056569137343843,8963.09589713403
18.05467005656348,8970.07023704495
18.052803927658545,8977.05024020632
18.050966250277128,8984.035911831392
18.04915252406738,8991.027257138952
18.047358248677483,8998.024281353197
18.045578923755556,9005.02698970424
18.04381004894981,9012.035387427364
18.042047123908304,9019.049479763731
18.040285648279365,9026.069271959672
18.038521121710943,9033.094769267478
18.03674904385133,9040.125976944753
18.03496491434862,9047.162900254942
18.033164232850936,9054.20554446682
18.03134249900654,9061.253914854693
18.0294952124635,9068.308016698853
18.027617872869968,9075.367855284812
18.025705979874147,9082.433435903957
18.02375503312416,9089.504763853165
18.021760532268132,9096.581844434877
18.019717976954297,9103.66468295749
18.01762286683075,9110.753284734463
18.01547070154561,9117.847655085672
18.013256980747144,9124.94779933588
18.010977204083417,9132.053722816087
18.00862687120258,9139.165430862506
18.00620148175284,9146.282928817483
18.00369653538229,9153.406222028654
18.00110753173911,9160.535315849535
17.998429970471506,9167.670215639404
17.9956593512276,9174.810926763044
17.99279117365549,9181.957454591076
17.98982093740335,9189.10980449964
17.98674414211939,9196.267981870988
17.983556287451734,9203.431992092643
17.980252873048528,9210.601840558389
17.976829398557868,9217.77753266716
17.97328136362802,9224.959073824162
17.969604267907044,9232.146469439896
17.96579361104321,9239.339724931091
17.961844892684525,9246.538845719777
17.957753612479223,9253.743837234028
17.953515270075513,9260.954704907826
17.949125365121432,9268.171454180689
17.94457939726516,9275.394090497986
17.93987286615493,9282.622619310963
17.935001271438836,9289.857046076608
17.929960112765002,9297.097376257723
17.924744889781664,9304.343615323134
17.919351102136886,9311.595768747102
17.913774249478877,9318.853842009987
17.908009831455786,9326.117840598195
17.902053347715764,9333.387770003585
17.895900297906934,9340.663635723808
17.88954618167756,9347.945443262974
17.88298649867562,9355.233198130538
17.876216748549467,9362.526905841967
17.869232430947022,9369.826571918813
17.862029045516636,9377.132201888055
17.854602091906344,9384.443801283034
17.846947069764383,9391.761375643004
17.839059478738903,9399.084930512665
17.830934818477914,9406.414471443102
17.82256858862982,9413.750003991066
17.81395628884252,9421.091533719438
17.805093418764386,9428.439066196845
17.795975478043403,9435.79260699806
17.786597966327776,9443.152161703481
17.77695638326574,9450.51773590007
17.767046228505336,9457.889335180023
17.75686300169474,9465.266965142117
17.746402202482216,9472.650631390776
17.735659330515773,9480.040339536486
17.72462988544362,9487.436095195932
17.713309366913933,9494.837903991402
17.701693274574836,9502.245771551665
17.68977710807448,9509.659703510975
17.677556367061044,9517.07970551015
17.665026551182706,9524.505783195777
17.65218316008753,9531.937942220411
17.63902169342373,9539.376188242728
17.625537650839505,9546.820526927659
17.611726531982924,9554.27096394593
17.59758383650214,9561.727504974473
17.583105064045355,9569.19015569623
17.568285714260725,9576.658921800225
17.553121286796426,9584.133808981645
17.537607281300552,9591.614822941778
17.521739197421255,9599.101969387873
17.505512534806712,9606.595254033442
17.488922793105047,9614.094682598039
17.471975823529732,9621.60026080749
17.45473653257264,9629.111994393685
17.437290736944988,9636.629889094384
17.419724277730552,9644.153950653907
17.402122996013162,9651.684184822527
17.38457273287665,9659.220597356616
17.367159329404785,9666.763194019055
17.349968626681402,9674.31198057836
17.33308646579033,9681.866962809785
17.316598687815315,9689.428146494358
17.300591133840186,9696.995537419663
17.285149644948802,9704.56914137914
17.27036006222488,9712.148964172657
17.25630822675231,9719.735011606372
17.24307997961489,9727.327289492401
17.230761161896368,9734.925803649445
17.219437614680572,9742.530559902098
17.209195179051363,9750.141564081561
17.20011969609257,9757.758822025016
17.192297006887912,9765.382339575848
17.185810938220328,9773.012122584125
17.18066375325526,9780.64817690593
17.176749837025653,9788.290508403632
17.173956168030656,9795.939122945832
17.172169724769248,9803.59402640771
17.171277485740518,9811.255224670558
17.17116642944356,9818.922723621843
17.171723534377406,9826.59652915564
17.172835779041122,9834.276647172295
17.17439014193377,9841.963083578356
17.176273601554414,9849.655844286857
17.178373136402143,9857.354935217336
17.180575724975995,9865.060362295346
17.18276834577503,9872.772131452884
17.184837977298372,9880.490248628537
17.186671598044967,9888.214719767357
17.188156186513964,9895.94555082022
17.189178721204428,9903.682747745052
17.189626180615335,9911.42631650597
17.18938554324592,9919.176263073445
17.188343787595045,9926.932593424373
17.186408397812357,9934.695313541808
17.183596509543065,9942.464429416086
17.179961758816916,9950.239947043152
17.1755578064396,9958.0218724259
17.170438313216607,9965.81021157341
17.16465693995366,9973.60497050123
17.15826734745633,9981.406155231613
17.151323196530342,9989.213771793216
17.143878147981184,9997.027826221063
17.135985862614632,10004.848324556888
17.127700001236207,10012.675272848726
17.11907422465154,10020.508677151276
17.110162193666298,10028.34854352562
17.10101756908611,10036.194878039738
17.091694011716584,10044.047686767786
17.082245182363437,10051.906975790413
17.07272474183216,10059.7727511951
17.063186350928476,10067.645019075904
17.053683670457985,10075.523785533314
17.04427036122624,10083.409056674252
17.03499937987172,10091.300838612524
17.025898490148563,10099.199137468457
17.01696393833589,10107.103959368917
17.008189981701832,10115.01531044731
16.999570877514174,10122.933196843956
16.99110088304107,10130.857624705583
16.98277425555048,10138.78860018549
16.974585252310362,10146.726129443765
16.966528130588785,10154.670218647076
16.95859714765362,10162.620873968754
16.950786560773025,10170.578101589092
16.943090627214843,10178.541907694624
16.93550360424709,10186.512298478568
16.92801974913786,10194.489280141206
16.92063331915503,10202.472858889512
16.913338571566698,10210.46304093667
16.90612976364079,10218.459832503013
16.89900115264527,10226.463239815314
16.8919469958482,10234.473269107582
16.884961550517602,10242.489926620212
16.878039073921315,10250.513218600201
16.871173823327496,10258.543151301521
16.864360056004074,10266.57973098477
16.857592029219006,10274.62296391775
16.850864000240392,10282.672856374473
16.844170226336047,10290.72941463595
16.837504964774098,10298.792644990073
16.83086247282256,10306.862553731607
16.82423700774936,10314.939147161991
16.817622826822515,10323.022431589414
16.811014187310036,10331.112413329116
16.804405346479854,10339.209098702955
16.79779056160001,10347.312494039787
16.79116408993852,10355.422605675323
16.78452018876328,10363.539439952066
16.777853115342367,10371.663003219319
16.771157126943763,10379.793301833555
16.76442648083554,10387.930342158073
16.75765543428554,10396.074130562545
16.750838244561805,10404.224673424143
16.743969168932352,10412.381977126879
16.73704259555319,10420.546048061318
16.730057077015317,10428.71689262562
16.723016094709948,10436.894517223926
16.715923415151536,10445.078928268284
16.708782804854508,10453.270132177327
16.701598030333315,10461.468135376288
16.694372858102412,10469.672944297956
16.687111054676194,10477.884565381664
16.679816386569087,10486.103005074105
16.67249262029557,10494.328269828668
16.6651435223701,10502.560366105825
16.657772859307016,10510.799300373066
16.65038439762094,10519.045079105197
16.642981903826126,10527.29770878339
16.635569144437085,10535.557195896597
16.628149885968327,10543.823546940377
16.620727894934134,10552.096768417194
16.613306937849046,10560.376866837396
16.605890781227515,10568.663848717366
16.59848319158391,10576.957720581162
16.591087935432682,10585.258488959935
16.583708105540722,10593.566160391785
16.576343625440842,10601.880741421775
16.56899348764759,10610.20223860253
16.561656684550314,10618.530658493271
16.554332208538455,10626.866007660818
16.547019052001502,10635.208292678815
16.53971620732895,10643.557520128299
16.53242266691018,10651.913696597305
16.52513742313465,10660.276828680966
16.517859468391805,10668.646922981816
16.51058779507113,10677.023986109429
16.503321395562097,10685.408024680413
16.496059262254136,10693.799045319118
16.488800387536685,10702.197054656419
16.48154376379918,10710.602059331095
16.474288383431116,10719.014065988624
16.467033238821898,10727.433081281797
16.459777322361077,10735.859111870954
16.452519626437976,10744.292164423312
16.445259143442115,10752.73224561358
16.437994885941663,10761.179362123972
16.430726440777534,10769.633520643367
16.423454037879992,10778.094727868473
16.4161779411767,10786.562990503066
16.40889841459554,10795.03831525808
16.401615722064292,10803.520708852071
16.394330127510614,10812.010178010918
16.38704189486222,10820.506729467765
16.379751288046947,10829.010369962782
16.372458570992592,10837.521106244038
16.36516400762676,10846.038945066344
16.357867861877338,10854.563893192575
16.350570397671987,10863.09595739237
16.343271878938566,10871.635144443293
16.335972569604706,10880.181461129687
16.32867273359821,10888.734914243923
16.321372634846824,10897.295510585476
16.31407253727835,10905.863256961242
16.306772704820503,10914.438160185398
16.29947340140103,10923.020227080102
16.29217489094762,10931.60946447427
16.28487739033224,10940.205879204816
16.27758090873769,10948.809478115967
16.270285398065283,10957.4202680592
16.26299081021466,10966.038255893865
16.255697097085317,10974.663448486495
16.24840421057681,10983.295852711286
16.241112102588573,10991.935475449869
16.23382072502031,11000.582323591398
16.226530029771425,11009.236404032637
16.21923996874156,11017.897723677894
16.211950493830187,11026.566289438948
16.204661556936827,11035.242108235057
16.19737310996109,11043.925186993441
16.190085104802478,11052.615532648433
16.182797493360482,11061.313152142022
16.17551022753466,11070.018052424115
16.168223259224646,11078.730240451907
16.160936540329885,11087.449723190444
16.15365002274993,11096.176507612161
16.146363658384388,11104.910600697285
16.139077398706803,11113.652009433523
16.131791184294144,11122.400740816553
16.124504944176408,11131.156801849558
16.11721860682772,11139.920199542914
16.10993210072212,11148.690940915547
16.10264535433376,11157.46903299344
16.095358296136737,11166.254482810591
16.08807085460512,11175.047297408548
16.080782958213007,11183.847483836416
16.07349453543452,11192.65504915142
16.066205514743757,11201.470000418212
16.058915824614758,11210.29234470934
16.05162539352159,11219.122089105189
16.044334149938464,11227.95924069359
16.037042022339392,11236.803806570626
16.029748939198555,11245.655793839442
16.022454828989908,11254.515209611696
16.01515962018763,11263.382061006612
16.007863241265852,11272.256355150897
16.000565620698552,11281.138099179725
15.99326668695997,11290.027300235537
15.985966433814696,11298.923965468777
15.978665125459656,11307.828102037734
15.971363096098855,11316.739717108801
15.964060679936352,11325.658817855836
15.956758211176208,11334.585411460976
15.949456024022567,11343.519505113762
15.94215445267946,11352.461106012119
15.934853831350921,11361.410221361633
15.927554494241178,11370.36685837581
15.920256775554208,11379.331024276078
15.912961009494097,11388.302726291884
15.905667530264992,11397.281971660459
15.898376672070953,11406.268767627473
15.891088769115981,11415.263121445912
15.88380415560431,11424.265040376902
15.876523165739883,11433.274531689956
15.869246133726904,11442.29160266201
15.861973393769347,11451.316260578495
15.854705280071386,11460.348512732611
15.847442126837024,11469.388366425335
15.840184235156357,11478.435828966492
15.832931140741323,11487.490907672971
15.825681611833858,11496.553609870447
15.818434383143654,11505.623942892007
15.811188189380147,11514.701914079544
15.803941765252972,11523.787530782536
15.796693845471708,11532.880800358646
15.789443164745904,11541.98173017363
15.782188457785168,11551.090327601438
15.774928459298991,11560.206600024145
15.767661903997038,11569.330554831871
15.7603875265888,11578.4621994228
15.753104061783858,11587.601541203509
15.745810244291789,11596.748587588652
15.7385048088222,11605.903346000816
15.731186490084639,11615.065823871253
15.723854022788657,11624.236028638834
15.716506141643805,11633.413967751127
15.709141581359717,11642.599648663492
15.701759076645942,11651.79307883993
15.694357362212855,11660.994265752423
15.68693620030976,11670.203216881022
15.67949934747574,11679.41993971437
15.672051530668654,11688.644441749364
15.664597476845984,11697.876730491009
15.657141912965386,11707.116813452345
15.649689565984573,11716.364698155361
15.642245162861201,11725.620392129606
15.634813430552782,11734.883902913685
15.627399096017086,11744.155238053861
15.620006886211598,11753.434405105061
15.612641528094088,11762.721411630724
15.605307748622153,11772.016265202134
15.59801027475342,11781.31897339953
15.590753833445547,11790.629543810765
15.583543151656187,11799.947984033168
15.576382956342911,11809.274301671201
15.569277974463347,11818.60850433882
15.56223293297532,11827.950599657557
15.555252558836258,11837.300595257957
15.548341579003903,11846.658498778912
15.541504195876485,11856.024317867425
15.534733614308664,11865.398060179205
15.528012603787317,11874.779733378256
15.521323521772274,11884.169345137403
15.514648725723447,11893.566903137693
15.507970573100806,11902.972415068509
15.501271421364123,11912.385888628158
15.494533627973254,11921.807331523129
15.48773955038817,11931.236751468694
15.480871546068641,11940.67415618849
15.473911972474696,11950.119553414534
15.466843187066075,11959.572950887828
15.459647547302751,11969.034356357774
15.452307410644522,11978.503777582095
15.444805134551302,11987.981222327535
15.437123076483005,11997.466698369097
15.4292435938994,12006.960213490478
15.421149044260517,12016.461775484087
15.412821785026125,12025.971392150961
15.404244173656167,12035.48907130053
15.395398567761646,12045.014820751383
15.386273052344364,12054.548648330352
15.376876608888296,12064.090561872943
15.367222983244005,12073.640569223777
15.357325921261832,12083.19867823548
15.347199168792343,12092.764896770079
15.336856471685905,12102.33923269797
15.326311575793085,12111.921693897937
15.315578226964334,12121.512288258275
15.30467017105002,12131.1110236756
15.293601153900738,12140.717908055287
15.282384921366827,12150.332949311573
15.271035219298795,12159.95615536721
15.259565793547182,12169.587534154185
15.247990389962325,12179.227093612935
15.23632275439482,12188.874841692976
15.224576632695005,12198.530786352298
15.212765770713446,12208.19493555808
15.200903914300596,12217.867297286342
15.189004809306823,12227.547879521533
15.177082201582664,12237.236690257578
15.165149863689322,12246.933737496582
15.153222078055109,12256.63902925033
15.14131358491079,12266.35257353898
15.129439140746939,12276.074378391519
15.117613502054297,12285.804451846381
15.105851425323465,12295.54280195041
15.094167667045099,12305.289436759744
15.082576983709856,12315.044364339214
15.071094131808309,12324.807592762798
15.059733867831312,12334.579130113447
15.048510948269296,12344.358984483019
15.03744012961306,12354.147163972455
15.026536168353147,12363.943676691537
15.015813820980185,12373.748530759416
15.00528784398503,12383.561734303756
14.994972993858141,12393.383295461612
14.984884027090175,12403.213222379625
14.975035700171901,12413.051523212094
14.965442769593864,12422.898206123544
14.956119991846748,12432.75327928741
14.947082122598175,12442.61675088614
14.938337048683309,12452.48862911103
14.929869129081538,12462.368922162768
14.921657689332108,12472.25763825117
14.913682054974458,12482.154785595023
14.905921551547749,12492.060372422713
14.898355504591478,12501.974406971178
14.890963239644833,12511.896897486884
14.883724082247198,12521.82785222567
14.876617357937846,12531.767279451866
14.869622392256161,12541.71518743999
14.86271851074136,12551.671584473075
14.855885038932882,12561.636478843662
14.849101302370002,12571.609878853531
14.84234662659199,12581.59179281346
14.835600337138231,12591.582229043941
14.828841759548027,12601.581195874393
14.822050219360676,12611.58870164379
14.815205042115508,12621.60475470015
14.808285553351851,12631.629363400985
14.801271078608977,12641.662536112952
14.794142026256822,12651.704281212405
14.786897687916195,12661.754607084607
14.779553397655434,12671.813522124627
14.772124999474187,12681.881034736458
14.764628337372102,12691.957153333751
14.757079255348941,12702.041886339646
14.749493597404324,12712.135242186505
14.741887207538042,12722.237229316113
14.73427592974977,12732.347856179602
14.726675608039017,12742.46713123781
14.719102086405712,12752.595062960858
14.711571208849392,12762.731659828414
14.704098819369733,12772.876930329543
14.696700761966497,12783.030882962797
14.689392880639275,12793.193526236231
14.68219101938783,12803.364868667682
14.675111022211894,12813.54491878425
14.66816873311106,12823.733685122195
14.66137999608506,12833.931176228156
14.654760655133543,12844.137400657964
14.648326552061746,12854.352366976751
14.642086570308692,12864.576083759323
14.6360272086973,12874.808559590447
14.63013047365061,12885.04980306432
14.6243783715922,12895.299822784571
14.618752908945027,12905.558627364557
14.613236092132524,12915.826225427367
14.60780992757796,12926.102625605841
14.602456421704545,12936.38783654221
14.597157580935544,12946.681866888477
14.591895411694253,12956.984725306334
14.586651920403938,12967.296420467552
14.581409113487837,12977.616961052872
14.576148997369216,12987.946355753325
14.570853578471372,12998.284613269583
14.565504863217512,13008.631742312074
14.56008485803099,13018.987751600709
14.554575569334986,13029.352649865736
14.548959003552852,13039.726445846536
14.543217167107741,13050.109148292946
14.537332066423033,13060.50076596387
14.531285707921882,13070.901307628872
14.525060098027666,13081.310782066614
14.51863724316351,13091.72919806597
14.511999149752853,13102.156564425779
14.505127824218818,13112.59288995456
14.498005272984784,13123.03818347072
14.490613502473906,13133.492453802659
14.482934519109477,13143.955709788408
14.474950329314822,13154.42796027657
14.46664293951315,13164.90921412475
14.457994356127784,13175.399480201439
14.448986585581878,13185.898767384428
14.43960163429881,13196.407084561764
14.429821508701792,13206.924440631574
14.41962821521409,13217.450844501598
14.409003760259026,13227.986305089973
14.397930150259725,13238.53083132447
14.386389391639597,13249.084432143467
14.374363490821878,13259.647116494914
14.36183445422975,13270.218893336914
14.348784299125668,13280.799771637643
14.335212004604642,13291.38976037555
14.321167818724547,13301.988868538801
14.306711638548308,13312.597105126333
14.291903361138765,13323.214479146169
14.276802883558844,13333.840999617498
14.261470102871414,13344.47667556919
14.245964916139428,13355.121516040179
14.230347220425728,13365.775530079949
14.21467691279318,13376.438726747501
14.19901389030477,13387.111115112895
14.183418050023278,13397.792704255826
14.16794928901163,13408.483503266023
14.15266750433284,13419.183521244307
14.13763259304966,13429.892767300795
14.122904452225015,13440.611250556723
14.108542978921832,13451.338980142647
14.094608070202952,13462.075965200363
14.08115962313127,13472.822214881206
14.068257534769714,13483.577738347389
14.055961702181236,13494.342544771362
14.044328417090213,13505.116643335145
14.033361025167551,13515.900043232159
14.023022619820779,13526.692753665811
14.013275287823319,13537.494783849688
14.004081115948537,13548.306143007962
13.995402190969827,13559.126840375011
13.987200599660582,13569.956885196112
13.979438428794111,13580.796286726008
13.972077765143865,13591.645054231138
13.965080695483152,13602.503196987616
13.958409306585366,13613.370724281842
13.952025685223902,13624.247645411457
13.945891918172123,13635.133969683735
13.939970092203424,13646.029706417325
13.934222294091114,13656.934864940518
13.928610610608615,13667.849454592922
13.923097128529264,13678.773484724104
13.917643934626511,13689.706964694582
13.912213115673694,13700.649903875246
13.90676675844415,13711.602311647577
13.901266956222912,13722.564197403848
13.895681666759259,13733.535570546552
13.889995511459773,13744.516440489202
13.884196051463363,13755.50681665565
13.878270847908738,13766.5067084807
13.872207461934863,13777.516125409717
13.865993454680506,13788.53507689865
13.859616387284547,13799.563572413845
13.853063820885751,13810.601621433138
13.846323316623057,13821.64923344459
13.839382435635287,13832.706417946803
13.832228739061208,13843.773184449512
13.824849788039757,13854.84954247282
13.817233143709672,13865.93550154809
13.809366367209833,13877.03107121748
13.801237019679178,13888.136261033243
13.792832662256416,13899.251080558854
13.784140856080427,13910.375539369097
13.775149162290035,13921.509647048513
13.765845142024176,13932.653413193979
13.756216356421533,13943.806847411555
13.746252328620756,13954.969959319373
13.735969126308902,13966.142758546355
13.725401901874449,13977.325254731839
13.714586226636271,13988.517457525984
13.703557671913245,13999.719376590774
13.692351809024302,14010.931021598353
13.68100420928829,14022.152402232019
13.669550444024082,14033.38352818625
13.658026084550585,14044.624409166214
13.646466702186643,14055.87505488828
13.634907868251105,14067.135475079935
13.62338515406293,14078.4056794793
13.611934130940995,14089.685677835736
13.600590370204173,14100.975479909866
13.589389443171257,14112.275095473286
13.578366921161262,14123.584534308677
13.567558375492979,14134.903806209417
13.556999377485283,14146.232920980703
13.546725498457079,14157.57188843816
13.536772309727269,14168.920718409254
13.52717535667469,14180.279420732104
13.517955310610745,14191.648005256106
13.5090930900611,14203.026481841933
13.50056304331622,14214.41486036146
13.492339518666455,14225.81315069737
13.484396864402271,14237.22136274448
13.476709428814019,14248.639506407839
13.469251560192163,14260.067591604355
13.461997606827083,14271.505628262003
13.454921917009216,14282.953626320139
13.44799883902894,14294.411595729423
13.441202721176666,14305.879546451615
13.434507911742799,14317.357488460111
13.427888759017748,14328.845431739335
13.421319611292006,14340.343386285376
13.414774816855896,14351.851362105283
13.40822872399977,14363.369369217886
13.401655681014148,14374.897417653425
13.39503003618941,14386.435517453132
13.388326137815909,14397.983678669974
13.381518334184165,14409.541911368258
13.37458280631148,14421.110225623841
13.367518631221486,14432.68863152426
13.360340449659049,14444.277139168014
13.35306319979125,14455.875758665006
13.345701819785262,14467.484500137669
13.338271247808024,14479.103373718835
13.330786422026733,14490.7323895536
13.323262280608532,14502.37155779809
13.315713761720446,14514.02088862032
13.308155803529615,14525.680392200089
13.300603344203068,14537.350078728285
13.293071321908002,14549.029958407607
13.285574674811471,14560.720041452594
13.278128341080532,14572.420338089325
13.270747258882352,14584.13085855512
13.263446366383988,14595.851613099798
13.25624060175258,14607.582611984037
13.249144903155127,14619.323865480632
13.242174208758826,14631.0753838743
13.235343456730789,14642.83717746097
13.228667553221584,14654.609256548521
13.22214885273172,14666.391631456701
13.215758139567498,14678.184312517138
13.209461312770088,14689.987310072931
13.203224271380662,14701.800634479405
13.197012914440506,14713.62429610287
13.190793140990678,14725.458305322409
13.184530850072548,14737.30267252864
13.178191940727203,14749.15740812384
13.171742311995871,14761.022522522368
13.165147862919696,14772.898026150486
13.158374492539934,14784.783929446146
13.15138809989773,14796.680242859547
13.144154584034368,14808.58697685251
13.136639843990991,14820.504141899122
13.128809778808773,14832.431748485127
13.120630287528996,14844.369807108675
13.112067269192693,14856.31832827907
13.103086622841232,14868.277322518796
13.09365424751573,14880.246800361412
13.083736042257385,14892.226772353155
13.073303051424233,14904.2172490518
13.062385798467972,14916.218241027827
13.051053021873685,14928.229758863068
13.03937408995722,14940.251813151883
13.027418371034202,14952.284414500757
13.01525523342039,14964.327573528411
13.00295404543155,14976.381300865196
12.99058417538339,14988.445607154154
12.978214991591614,15000.520503050619
12.965915862371986,15012.605999221487
12.953756156040214,15024.702106346394
12.94180524091206,15036.808835116894
12.930132485303176,15048.9261962372
12.918807257529409,15061.054200423478
12.907898925906352,15073.192858403729
12.897476858749855,15085.342180919219
12.887610424375595,15097.502178722976
12.87836899109928,15109.672862580357
12.869821927236671,15121.854243269267
12.862038601103478,15134.046331579213
12.855088231979522,15146.249138313146
12.84899792466797,15158.462674285973
12.843695039150845,15170.686950324565
12.83909249518129,15182.921977269078
12.835103212512223,15195.167765971124
12.831640110896757,15207.424327295521
12.828616110087921,15219.691672119221
12.825944129838746,15231.969811331443
12.82353708990226,15244.258755834657
12.821307910031607,15256.55851654287
12.819169509979702,15268.869104383475
12.817034809499603,15281.190530295986
12.814816728344397,15293.52280523214
12.812428186267084,15305.865940157008
12.809782103020694,15318.219946047711
12.806791398358342,15330.584833894085
12.803368992033057,15342.960614698914
12.79942780379784,15355.34729947685
12.794880753405664,15367.744899256191
12.789640760609728,15380.153425077135
12.78362074516292,15392.572887993003
12.776742234587573,15405.003299069382
12.769019003766857,15417.444669384793
12.760520828489945,15429.897010031043
12.751318272019432,15442.360332111919
12.741481897617774,15454.834646744086
12.73108226854771,15467.3199650571
12.720189948071692,15479.816298193757
12.708875499452347,15492.323657309007
12.697209485952243,15504.842053570961
12.685262470833806,15517.371498160579
12.673105017359802,15529.912002271576
12.660807688792687,15542.463577110213
12.648441048395085,15555.026233896755
12.636075659429508,15567.599983863163
12.623782085158552,15580.184838254881
12.611630888844815,15592.780808330408
12.599692633750806,15605.387905360876
12.588037883139123,15618.006140630392
12.576737200272362,15630.635525436728
12.565861148413035,15643.276071089664
12.555480145000189,15655.927788912903
12.545633674556512,15668.590690242518
12.536292197186555,15681.264786427875
12.527416832144212,15693.95008883141
12.51896869868321,15706.64660882933
12.510908916057502,15719.354357809716
12.503198603520872,15732.07334717446
12.49579888032713,15744.803588338476
12.488670865730228,15757.545092730179
12.48177567898395,15770.297871790828
12.47507443934208,15783.061936974875
12.468528266058541,15795.837299749759
12.462098278387145,15808.623971596708
12.455745595581732,15821.421964010087
12.44943133689614,15834.231288496734
12.443116621584238,15847.051956578001
12.436762568899837,15859.883979787639
12.430330298096806,15872.727369672935
12.423780928428982,15885.582137794621
12.417075579150179,15898.448295727
12.410175369514292,15911.325855056833
12.403045708018709,15924.214827385285
12.395694690505024,15937.115224326688
12.388154889322493,15950.027057508109
12.38045916684078,15962.950338570956
12.372640385429548,15975.88507916952
12.364731407458436,15988.831290971671
12.356765095297192,16001.788985659101
12.348774311315452,16014.75817492621
12.340791917882882,16027.738870481822
12.332850777369174,16040.731084047618
12.324983752144021,16053.734827359627
12.31722370457706,16066.750112166419
12.30960349703804,16079.776950230726
12.302155991896512,16092.815353328879
12.294914051522312,16105.865333250833
12.28791053828499,16118.9269018003
12.281178314554296,16132.000070793958
12.274750242699866,16145.084852062959
12.268659185091366,16158.181257452035
12.262938004098544,16171.289298819169
12.257619429965786,16184.408988036523
12.252714466906355,16197.54033698955
12.24818841889575,16210.683357578153
12.244000814553829,16223.838061715089
12.240111182500328,16237.004461328068
12.236479051355246,16250.182568357575
12.233063949738266,16263.372394758158
12.229825406269356,16276.573952498906
12.226722949568227,16289.787253561737
12.223716108254763,16303.01230994326
12.220764410948817,16316.249133653528
12.217827386270216,16329.49773671686
12.214864562838784,16342.758131171047
12.211835469274348,16356.030329068653
12.20869963419679,16369.314342474936
12.205416586225851,16382.610183470537
12.201945853981414,16395.91786414918
12.198246966083389,16409.237396618857
12.194279451151488,16422.568793001934
12.190002837805594,16435.912065434164
12.185376654665532,16449.267226066066
12.180364693619623,16462.634287061792
12.174970209487185,16476.01326059986
12.169217820496442,16489.40415887279
12.163132355093609,16502.806994087376
12.1567386417249,16516.221778464707
12.150061508836615,16529.648524239474
12.143125784874854,16543.087243661277
12.13595629828589,16556.53794899336
12.128577877515937,16570.000652514023
12.12101535101118,16583.475366514664
12.113293547217864,16596.96210330214
12.10543729458223,16610.46087519665
12.097471421550438,16623.97169453332
12.089420756568757,16637.494573661363
12.081310128083402,16651.029524944704
12.073164364540503,16664.576560760812
12.065008294386331,16678.135693502372
12.056866746067186,16691.706935576258
12.04876454802914,16705.290299403274
12.04072652871858,16718.885797419756
12.032777441753183,16732.493442075196
12.024932251748908,16746.113245834393
12.017186503024561,16759.745221177014
12.009533450527897,16773.38938059593
12.001966349206555,16787.045736599757
11.994478454008203,16800.714301711054
11.987063019880623,16814.395088467325
11.979713301771426,16828.08810942043
11.972422554628224,16841.793377136728
11.965184033398828,16855.51090419732
11.957990993030819,16869.240703198204
11.95083668847198,16882.982786750046
11.943714374669952,16896.737167477855
11.936617306572401,16910.503858021206
11.929538739126997,16924.28287103514
11.92247192728155,16938.07421918859
11.915410125983556,16951.877915166348
11.908346590180827,16965.693971666657
11.90127457482103,16979.522401403414
11.894187334851836,16993.363217105205
11.887078125220938,17007.216431515353
11.879940833587199,17021.08205739215
11.872774802524276,17034.960107508647
11.865582161409264,17048.8505946528
11.858365062005248,17062.753531627837
11.851125656075226,17076.668931251083
11.843866095382253,17090.59680635591
11.836588531689387,17104.537169789564
11.829295116759653,17118.490034415387
11.821988002356079,17132.455413110878
11.814669340241778,17146.4333187687
11.807341282179749,17160.423764296796
11.800005979933019,17174.426762618565
11.792665585264672,17188.442326671753
11.785322249937792,17202.470469409338
11.777978125715265,17216.511203799928
11.77063536436026,17230.564542826654
11.763296117635775,17244.630499488318
11.755962537304896,17258.709086798906
11.748636775130649,17272.800317786874
11.74132098287609,17286.904205496892
11.734017300075408,17301.02076298838
11.726726566056612,17315.15000333603
11.71944718614975,17329.291939629828
11.712177298354959,17343.446584975045
11.704915040672347,17357.613952492542
11.697658551102109,17371.794055318274
11.690405967644352,17385.986906603564
11.683155428299187,17400.19251951524
11.675905071066808,17414.41090723529
11.668653033947322,17428.642082961625
11.661397454940925,17442.886059906974
11.654136472047668,17457.142851299912
11.646868223267745,17471.412470384366
11.639590846601294,17485.69493042002
11.632302480048452,17499.99024468184
11.625001261609327,17514.298426460453
11.617685329284114,17528.61948906168
11.610352821072922,17542.953445807303
11.603001874975888,17557.300310035076
11.595630628993149,17571.660095097646
11.588237221124814,17586.03281436341
11.580820342578335,17600.418481216693
11.573383132435055,17614.817109057505
11.565930873161022,17629.228711301686
11.55846886099269,17643.653301380546
11.551002392166424,17658.090892740904
11.543536762918592,17672.541498845705
11.536077269485645,17687.005133173952
11.528629208103894,17701.481809220066
11.521197875009875,17715.971540493923
11.513788566439871,17730.474340522
11.506406578630305,17744.99022284652
11.4990572078176,17759.519201024974
11.491745750238096,17774.0612886315
11.484477502128243,17788.616499255426
11.477257759724438,17803.18484650316
11.470091819263132,17817.76634399583
11.462984976980607,17832.361005371175
11.455942529113287,17846.968844283205
11.448969771897595,17861.589874401332
11.442072001569983,17876.22410941141
11.435254419795655,17890.871563015484
11.428513908694782,17905.53224893094
11.421832647759487,17920.206180892426
11.415191314044051,17934.89337264996
11.408570584602757,17949.593837969976
11.401951136489856,17964.30759063497
11.395313646759575,17979.034644443494
11.38863879246631,17993.77501321059
11.381907250664227,18008.528710767667
11.37509969840761,18023.29575096227
11.368196812750767,18038.076147657976
11.361179270747868,18052.86991473466
11.35402774945328,18067.677066088923
11.346722925921284,18082.497615633318
11.339245477206134,18097.33157729754
11.331576080362083,18112.178965026393
11.323695412443357,18127.03979278199
11.315584150504293,18141.914074543012
11.307222971599145,18156.801824303817
11.298592552782196,18171.70305607614
11.289673571107699,18186.617783887315
11.280449990170126,18201.546021781844
11.27093044389963,18216.487783820496
11.261134774309483,18231.443084080875
11.25108287959381,18246.411936656383
11.240794657946736,18261.394355658333
11.230290007562445,18276.390355213614
11.219588826635032,18291.39994946629
11.208711013358595,18306.423152576444
11.197676465927373,18321.459978721497
11.186505082535376,18336.51044209559
11.175216761376902,18351.5745569092
11.163831400645904,18366.652337389827
11.15236889853665,18381.74379778135
11.140849153243266,18396.8489523455
11.12929206295982,18411.96781535926
11.117717525880494,18427.100401118027
11.106145440199413,18442.24672393288
11.094595704110702,18457.406798132182
11.083088215808573,18472.580638061598
11.07164287348698,18487.768258083204
11.060279477128717,18502.969672576415
11.049010569467981,18518.184895936844
11.037836580654329,18533.413942578532
11.026756790950884,18548.656826931106
11.015770480621,18563.91356344189
11.004876929927661,18579.184166575138
10.994075419134134,18594.46865081245
10.983365228503601,18609.767030652412
10.972745638299244,18625.079320610337
10.962215928784218,18640.40553521922
10.951775380221733,18655.745689028838
10.941423272874914,18671.099796606828
10.931158887006973,18686.467872536847
10.920981502881062,18701.849931421126
10.910890400760422,18717.245987878367
10.900884860908207,18732.656056544554
10.890964163587597,18748.08015207365
10.88112758906172,18763.518289136147
10.871374417593728,18778.97048242003
10.861703929446946,18794.436746631196
10.852115404884472,18809.91709649253
10.842608124169459,18825.41154674422
10.833181367565146,18840.920112144297
10.82383441533463,18856.442807467854
10.814566547741151,18871.979647507753
10.80537704504792,18887.530647074487
10.796265187518003,18903.095820995703
10.787230255414698,18918.675184116728
10.778271529001046,18934.26875130061
10.76938828854037,18949.876537428143
10.760579814295824,18965.498557397066
10.751845386530476,18981.134826123718
10.743184285507652,18996.78535854117
10.73459579149042,19012.450169601132
10.726079184741991,19028.12927427209
10.717633745525575,19043.822687541222
10.709258754104326,19059.530424412522
10.700953490741398,19075.25249990859
10.69271723570003,19090.988929069295
10.68454926924332,19106.73972695262
10.676448871634562,19122.504908634397
10.668415323136827,19138.284489207945
10.660447904013324,19154.07848378543
10.652545894527265,19169.886907495595
10.644708574941774,19185.7097754865
10.636935225520062,19201.547102923087
10.629225126525284,19217.398904989113
10.621577558220707,19233.265196885823
10.613991800869428,19249.14599383278
10.606467134734629,19265.041311067467
10.599002840079521,19280.95116384562
10.591598197167258,19296.875567440948
10.584252486260993,19312.814537145434
10.576964987623967,19328.768088269364
10.569734981519332,19344.7362361404
10.562561748210271,19360.718996105235
10.555444567959881,19376.716383529074
10.548382721031487,19392.728413794553
10.541375487688157,19408.755102302606
10.534422148193102,19424.796464473286
10.52752198280956,19440.852515744304
10.52067427180063,19456.923271571995
10.513878295429521,19473.008747430944
10.507133333959416,19489.10895881413
10.50043866765347,19505.22392123311
10.493793576774948,19521.35365021803
10.487197341586835,19537.498161316675
10.480649242352484,19553.65747009645
10.474148559335049,19569.831592142862
10.467694572797654,19586.020543059563
10.46128656300354,19602.224338469598
10.454923810215831,19618.44299401337
10.448605594697739,19634.67652535116
10.442331196712416,19650.92494816146
10.436099896523018,19667.18827814132
10.429910974392868,19683.466531006186
10.423763710584979,19699.759722490937
10.417657385362588,19716.067868348633
10.41159127898888,19732.390984351525
10.405564671727006,19748.72908629038
10.399576843840208,19765.082189974637
10.393627075591638,19781.450311232868
10.387714647244422,19797.833465912514
10.3818388390618,19814.231669880042
10.375998931306952,19830.64493902042
10.370194204243006,19847.073289237287
10.364423938133143,19863.51673645464
10.358687413240602,19879.975296613793
10.35298390982851,19896.44898567634
10.347312708160075,19912.937819622213
10.341673088498482,19929.441814450416
10.336064331106883,19945.960986179605
10.33048571624849,19962.495350846995
10.324936524186398,19979.04492450908
10.319416035183906,19995.609723241807
10.313923529504137,20012.189763139897
10.308458287410218,20028.785060317845
10.303019589165388,20045.395630908268
10.2976067150328,20062.02149106475
10.292218945275692,20078.66265695846
10.286855560157164,20095.31914478132
10.281515839940425,20111.99097074359
10.276199064888658,20128.678151075197
10.270904515265045,20145.380702025595
10.265631471332796,20162.09863986367
10.26037921335498,20178.83198087775
10.255147021594922,20195.580741375346
10.249934176315747,20212.344937683483
10.244739957780581,20229.12458614955
10.239563646252606,20245.91970313921
10.234404521995003,20262.730305038705
10.229261865271098,20279.55640825329
10.224134956343875,20296.398029208445
10.219023075476656,20313.25518434842
10.213925502932454,20330.12789013788
10.208841518974623,20347.01616306103
10.20377040386623,20363.92001962154
10.198711437870514,20380.839476343404
10.193663901250602,20397.77454976953
10.188627074269704,20414.725256463502
10.18360023719103,20431.69161300832
10.178582670277706,20448.67363600682
10.173573653792914,20465.671342081892
10.168572467999894,20482.684747876043
10.163578393161742,20499.71387005215
10.158590709541699,20516.758725292482
10.153608697402888,20533.819330300164
10.14863163700852,20550.89570179792
10.143658808621751,20567.98785652763
10.138689492505875,20585.09581125256
10.133722968923905,20602.219582755788
10.128758518139108,20619.359187839786
10.12379542041461,20636.514643327904
10.118832956013705,20653.68596606338
10.113870405199435,20670.8731729101
10.10890704823504,20688.076280751142
10.103942165383728,20705.295306490883
10.098975036908627,20722.530267053688
10.094004943072946,20739.781179383786
10.08903116413984,20757.04806044678
10.08405298037249,20774.330927227315
10.079069672034137,20791.629796731155
10.074080519387849,20808.944685984643
10.069084802696864,20826.275612034115
10.064081802224393,20843.62259194713
10.059070798233563,20860.985642810403
10.05405107098764,20878.364781732667
10.049021900749665,20895.760025842166
10.043982567782876,20913.171392288023
10.038932352350514,20930.59889824042
10.033870534715675,20948.042560889426
10.028796395141569,20965.502397446224
10.02370921389138,20982.978425142683
10.018608271228288,21000.470661231244
10.01349284741545,21017.979122985093
10.00836222271613,21035.50382769879
10.00321567739337,21053.04479268634
9.998052491710439,21070.602035283937
9.99287194593046,21088.17557284787
9.987673320316674,21105.76542275576
9.982455895132262,21123.37160240555
9.97721895064032,21140.99412921686
9.97196176710412,21158.63302062968
9.966683624786782,21176.28829410515
9.961383803951492,21193.95996712557
9.95606158486143,21211.648057194
9.95071624777978,21229.352581835476
9.945347072969724,21247.07355859463
9.93995334069453,21264.81100503874
9.934534331217236,21282.564938755186
9.929089324801026,21300.33537735284
9.923617601709196,21318.122338461948
9.918118442204786,21335.925839733987
9.912591126551064,21353.745898841426
9.90703493501124,21371.582533478773
9.90144914784841,21389.43576136067
9.895833045325787,21407.305600224016
9.89018590770658,21425.1920678271
9.884507015253888,21443.095181949026
9.87879564823092,21461.014960391247
9.873051086900915,21478.95142097577
9.867272611526971,21496.904581546114
9.861459502372327,21514.874459968236
9.855611039700165,21532.861074129192
9.84972650377361,21550.864441937167
9.843805174855845,21568.884581322425
9.837846333210166,21586.921510236865
9.831849259099528,21604.97524665391
9.82581323278734,21623.045808568837
9.81973753453667,21641.133213998346
9.813621444610675,21659.237480981665
9.807464243272591,21677.35862757873
9.801265210785544,21695.496671871762
9.795023627412746,21713.65163196544
9.788738773417379,21731.823525985394
9.782409929062624,21750.012372079305
9.776036374611635,21768.218188417573
9.769617390327653,21786.44099319162
9.763152256473774,21804.68080461533
9.756640253313208,21822.93764092461
9.750080661109166,21841.2115203771
9.743472760124774,21859.50246125314
9.736815830623271,21877.81048185457
9.730109152867726,21896.135600505197
9.723352007121463,21914.477835551934
9.716543690502931,21932.83720536327
9.709684112850823,21951.21372832977
9.702773956181659,21969.607422864716
9.69581395179469,21988.01830740289
9.688804830989227,22006.446400402496
9.681747325064492,22024.891720343603
9.674642165319796,22043.35428572788
9.667490083054417,22061.83411508112
9.660291809567639,22080.331226949675
9.653048076158683,22098.845639903448
9.645759614126945,22117.37737253453
9.638427154771534,22135.926443457854
9.631051429391874,22154.492871310274
9.623633169287189,22173.076674751854
9.616173105756758,22191.677872465436
9.608671970099834,22210.2964831554
9.601130493615727,22228.932525549757
9.59354940760366,22247.586018399204
9.585929443362971,22266.25698047656
9.578271332192912,22284.94543057803
9.570575805392792,22303.651387522306
9.562844995867522,22322.374870150903
9.555088124480704,22341.11589732835
9.547316647427976,22359.874487942066
9.53954202174964,22378.650660902073
9.531775704485995,22397.444435141813
9.524029152677372,22416.25582961755
9.516313823364158,22435.084863307762
9.50864117358654,22453.931555215564
9.501022660385019,22472.795924365702
9.493469740799725,22491.677989806663
9.485993871871102,22510.57777061023
9.47860651063938,22529.49528587071
9.471319114144976,22548.430554706403
9.464143139428202,22567.383596258198
9.45709004352932,22586.354429690233
9.450171283488658,22605.3430741909
9.443398316346531,22624.349548970313
9.436782599143342,22643.373873263372
9.43033558891932,22662.416066327558
9.424068742714823,22681.476147444246
9.417993283663023,22700.554135917613
9.412112879317775,22719.650051076278
9.406422189287653,22738.76391227091
9.400915345983023,22757.89573887734
9.395586481814092,22777.04555029416
9.390429729191297,22796.213365943226
9.385439220525015,22815.39920527085
9.380609088225555,22834.603087746193
9.375933464703223,22853.825032862762
9.371406482368371,22873.065060137957
9.367022273631463,22892.323189111634
9.362774970902692,22911.599439348898
9.358658706592493,22930.89383043788
9.354667613111218,22950.206381991033
9.35079582286916,22969.537113644394
9.347037468276739,22988.886045057578
9.343386681744178,23008.253195914967
9.3398375956819,23027.638585924447
9.336384342500295,23047.04223481807
9.333021054609645,23066.464162351782
9.329741864420313,23085.904388305436
9.326540904342664,23105.3629324835
9.32341230678702,23124.839814714243
9.320350204163745,23144.33505485013
9.317348728883175,23163.848672767977
9.31440201335566,23183.380688368863
9.311504189991538,23202.931121577796
9.308649391201158,23222.49999234443
9.305831749394855,23242.087320642917
9.303045396983052,23261.693126470956
9.300284466375956,23281.31742985198
9.29754308998406,23300.96025083236
9.294815400217601,23320.62160948427
9.292095529486971,23340.30152590322
9.289377610202493,23360.000020210427
9.286655774774573,23379.7171125505
9.283924155613505,23399.452823093994
9.28117688512964,23419.207172034592
9.278408095733298,23438.980179591483
9.275611919834915,23458.771866008883
9.272782489844758,23478.582251555083
9.269914032624655,23498.411356523306
9.26700350203754,23518.259201231573
9.264050928078902,23538.12580602324
9.261056505340036,23558.011191265534
9.258020428412223,23577.91537735141
9.2549428918867,23597.838384698935
9.251824090354717,23617.78023374996
9.248664218407498,23637.740944972687
9.245463470636281,23657.720538859176
9.242222041632402,23677.719035927727
9.238940125987014,23697.736456720737
9.235617918291425,23717.772821806084
9.232255613136857,23737.82815177747
9.228853405114577,23757.90246725298
9.225411488815865,23777.995788875585
9.221930058831902,23798.108137314714
9.218409309753937,23818.23953326425
9.214849436173338,23838.38999744394
9.211250632681214,23858.55955059821
9.2076130938689,23878.748213497747
9.203937014327622,23898.95600693801
9.200222588648572,23919.182951739924
9.196470011423102,23939.429068750775
9.192679477242422,23959.694378842378
9.188851180697782,23979.978902912466
9.184985316380377,24000.282661885074
9.181082078881573,24020.605676708677
9.177141662792494,24040.947968357963
9.17316426270446,24061.309557833665
9.169150073208755,24081.690466162105
9.165099288896542,24102.090714395217
9.161012104359173,24122.510323610415
9.156888714187772,24142.949314912003
9.152729312973662,24163.40770942931
9.148534095308122,24183.885528317773
9.144303255782333,24204.382792759126
9.14003698898766,24224.89952396042
9.135735489515213,24245.435743155413
9.131398951956257,24265.991471603593
9.127027570902172,24286.56673059073
9.122621540944053,24307.161541428715
9.11818105667328,24327.775925455106
9.11370631268106,24348.40990403435
9.109197503558562,24369.063498556974
9.104654823897135,24389.736730439603
9.100078468287975,24410.429621125182
9.095468631322376,24431.142192082996
9.090825507591575,24451.874464809243
9.086149291686823,24472.626460825675
9.081440178199301,24493.398201680844
9.076698361720332,24514.189708949965
9.071924036841182,24535.001004234964
9.067117398153059,24555.832109164145
9.0622786402472,24576.683045391554
9.057407957714943,24597.553834599254
9.052505545147412,24618.44449849529
9.047571597135985,24639.355058814413
9.042606308271814,24660.285537318294
9.037609873146195,24681.23595579503
9.032582486350321,24702.20633606006
9.027524342475516,24723.19669995533
9.022435636113045,24744.207069349668
9.017316561854045,24765.237466139188
9.012167314289854,24786.287912246076
9.006988088011738,24807.358429620752
9.001779077610905,24828.44904023979
8.996540477678579,24849.559766107366
8.991272482806053,24870.690629253877
8.985975287584594,24891.841651737934
8.980649086605439,24913.012855644607
8.975294074459782,24934.204263086907
8.969910445738932,24955.415896204202
8.964498395034155,24976.647777163696
8.95905811693666,24997.89992815991
8.953589806037698,25019.17237141438
8.948093656928478,25040.465129176762
8.94256986420038,25061.778223723253
8.93701862244454,25083.111677358247
8.931440126252298,25104.465512413295
8.925834570214732,25125.839751247313
8.920202148923323,25147.23441624753
8.91454305696918,25168.64952982791
8.908857488943553,25190.085114430785
8.903145639437739,25211.54119252602
8.897407703042944,25233.017786610853
8.891643874350478,25254.514919210666
8.885854347951536,25276.03261287847
8.880039318437383,25297.570890195308
8.874198980399314,25319.129773769935
8.868333528428536,25340.709286239035
8.862443157116275,25362.30945026761
8.856528061053837,25383.93028854832
8.850588434832375,25405.57182380167
8.844624473043254,25427.23407877716
8.83863637027774,25448.917076250782
8.832624321126957,25470.620839028477
8.826588520182213,25492.345389942948
8.820529162034816,25514.090751856576
8.814446441275962,25535.856947658198
8.808340552496844,25557.644000266413
8.802211690288814,25579.45193262817
8.796060049243096,25601.280767717522
8.78988582395094,25623.130528538422
8.783689209003498,25645.001238121993
8.777470398992179,25666.892919529142
8.77122958850812,25688.805595848233
8.764966972142645,25710.739290196558
8.758682744486933,25732.694025720768
8.752377100132293,25754.66982559471
8.746050233669962,25776.666713022572
8.739702339691178,25798.684711235815
8.733333612787163,25820.72384349522
8.726944247549213,25842.78413309075
8.720534438568578,25864.865603341044
8.714104380436453,25886.96827759344
8.707654267744175,25909.092179224404
8.701184295082939,25931.237331638808
8.694694657043982,25953.403758271277
8.688185548218598,25975.591482585485
8.681657163197997,25997.800528073465
8.675109696573458,26020.030918257107
8.668543342936232,26042.282676687108
8.661958296877515,26064.555826942997
8.655354752988615,26086.85039263467
8.648732905860783,26109.166397400568
8.642092950085257,26131.503864908267
8.635435080253274,26153.862818855097
8.628759490956114,26176.243282967785
8.622066376784971,26198.645281002136
8.615355932331184,26221.068836744005
8.60862835218586,26243.51397400803
8.601883830940423,26265.980716639533
8.595122563185981,26288.46908851252
8.5883447435139,26310.979113530826
8.581550566515318,26333.510815627797
8.574740226781557,26356.06421876743
8.567913918903855,26378.639346942204
8.561071837473435,26401.236224175704
8.554214177081633,26423.854874519875
8.547341132319573,26446.495322058057
8.540452897778621,26469.157590902396
8.533549668049943,26491.84170519614
8.526631637724762,26514.54768911086
8.519699001394457,26537.27556685007
8.512751953650195,26560.02536264643
8.505790689083241,26582.797100762375
8.498815402284833,26605.590805491458
8.491826287846251,26628.406501156696
8.484823540358704,26651.24421211137
8.477807354413457,26674.103962740017
8.470777924601776,26696.98577745656
8.4637354455149,26719.889680705324
8.456680111744092,26742.815696961432
8.449612117880534,26765.763850730476
8.44253165851562,26788.73416654876
8.435438928240501,26811.726668982366
8.428334121646415,26834.741382628752
8.421217433324614,26857.778332115427
8.414089057866377,26880.837542101155
8.406949189862985,26903.91903727466
8.399798023905618,26927.02284235638
8.392635754585584,26950.1489820966
8.385462576494064,26973.297481277616
8.378278684222423,26996.468364711443
8.371084271176443,27019.66165724143
8.363879507858655,27042.87738374208
8.3566645440565,27066.11556911911
8.349439528811075,27089.376238308527
8.342204611163496,27112.659416278206
8.334959940154931,27135.965128026786
8.327705664826397,27159.29339858409
8.320441934219133,27182.644253011556
8.31316889737414,27206.017716401315
8.305886703332618,27229.413813877207
8.298595501135637,27252.832570594033
8.291295439824296,27276.27401173858
8.283986668439823,27299.738162528694
8.276669336023176,27323.22504821429
8.269343591615623,27346.73469407526
8.26200958425818,27370.26712542501
8.25466746299206,27393.822367607198
8.24731737685822,27417.40044599813
8.239959474897944,27441.001386004442
8.23259390615226,27464.62521306647
8.225220819745061,27488.271952654188
8.217841173892865,27511.941630271172
8.210458721316698,27535.634271452283
8.203077817628355,27559.34990176353
8.195702818439614,27583.088546804247
8.188338079362254,27606.85023220441
8.180987956008025,27630.634983627624
8.173656803988678,27654.442826767623
8.166348978915977,27678.27378735225
8.159068836401701,27702.127891139957
8.151820732057573,27726.005163922804
8.144609021495498,27749.905631523754
8.137438060327042,27773.829319799064
8.130312204164056,27797.77625463717
8.123235808618332,27821.746461958508
8.116213229301621,27845.73996771676
8.109248821825659,27869.756797896924
8.102346941802239,27893.796978517323
8.095511944843082,27917.86053562947
8.088748186559997,27941.947495316308
8.082060022564733,27966.057883693866
8.075451808469055,27990.19172691108
8.068927899884756,28014.349051149467
8.062492652423543,28038.529882623538
8.056150421697197,28062.73424758027
8.04990556331748,28086.96217230034
8.043762432896173,28111.213683096572
8.037725386045054,28135.48880631498
8.031798778375858,28159.78756833502
8.02598696550038,28184.109995568626
8.020294303030298,28208.456114461263
8.014725146577504,28232.825951491366
8.009283851753665,28257.21953317079
8.003974774170558,28281.63688604427
7.998802269439977,28306.07803669043
7.993770693173701,28330.54301172127
7.988884400983437,28355.03183778118
7.984147748480979,28379.544541549203
7.979565091278118,28404.08114973688
7.9751407849865785,28428.641689090295
7.970879185218138,28453.226186388114
7.966784647584561,28477.834668443844
7.962861527697584,28502.46716210306
7.959114181169014,28527.12369424648
7.955546963610601,28551.80429178798
7.9521642306340965,28576.508981675877
7.948970337851279,28601.237790890726
7.945969640873898,28625.990746448813
7.943166495313733,28650.767875399386
7.94056525678252,28675.5692048267
7.938170280892052,28700.394761847452
7.93598592325408,28725.244573613643
7.934016539480396,28750.11866731103
7.932266485182694,28775.017070160175
7.930740115972839,28799.93980941465
7.929441787462494,28824.88691236354
7.928375855263482,28849.858406329266
7.927546674987582,28874.854318669833
7.926958602246501,28899.87467677606
7.926615992652017,28924.91950807447
7.926523201815897,28949.988840026304
7.92668458534996,28975.082700126582
7.927102925856545,29000.201115904933
7.927755581193011,29025.344114926265
7.928599324356256,29050.511724789812
7.929590336861679,29075.703973129144
7.930684800224654,29100.920887614102
7.931838895960595,29126.162495947938
7.933008805584876,29151.428825869643
7.934150710612855,29176.719905152135
7.935220792560017,29202.035761604577
7.936175232941665,29227.37642307057
7.936970213273213,29252.741917429026
7.9375619150700345,29278.132272593597
7.937906519847573,29303.547516513547
7.937960209121172,29328.98767717339
7.937679164406234,29354.45278259295
7.937019567218144,29379.942860827385
7.935937599072275,29405.45793996643
7.9343894414841,29430.9980481365
7.932331275968892,29456.56321349868
7.929719284042136,29482.153464250656
7.926509657705935,29507.768828623804
7.922676415706334,29533.40933488683
7.918247903072412,29559.075011344125
7.9132627764589785,29584.765886334993
7.907759692520742,29610.481988234096
7.901777307912425,29636.22334545342
7.895354279288981,29661.989986439785
7.888529263305031,29687.781939676574
7.881340916615443,29713.599233682544
7.873827895874982,29739.441897012694
7.866028857738414,29765.309958258324
7.857982458860533,29791.203446047082
7.849727355896093,29817.122389042393
7.841302205499943,29843.066815943494
7.832745664326737,29869.03675548654
7.824096389031439,29895.03223644468
7.815393036268659,29921.053287625742
7.806674262693264,29947.09993787549
7.797978724959975,29973.17221607554
7.789345079723702,29999.27015114384
7.780811983639012,30025.393772035994
7.7724166188074975,30051.54310774276
7.764174273402304,30077.718187292452
7.756083468010715,30103.919039750115
7.748142296861033,30130.14569421761
7.7403488541815335,30156.398179833413
7.732701234200363,30182.676525773135
7.725197531145739,30208.980761248895
7.717835839245936,30235.310915510032
7.710614252729144,30261.667017843585
7.703530865823581,30288.04909757284
7.696583772757464,30314.457184058454
7.68977106775904,30340.891306698504
7.68309084505654,30367.351494928116
7.676541198878098,30393.837778220382
7.670120223452059,30420.350186084233
7.663826013006556,30446.888748067322
7.657656661769835,30473.4534937552
7.6516102639701415,30500.04445276921
7.645684913835623,30526.661654769778
7.639878705594583,30553.305129453875
7.634189733475225,30579.974906557236
7.628616091705737,30606.671015852884
7.6231558745143815,30633.393487150548
7.6178071761293324,30660.14235029952
7.612568090778822,30686.91763518612
7.607436712691097,30713.719371734605
7.602411136094375,30740.54758990722
7.597489455216902,30767.40231970491
7.592669764286825,30794.28359116542
7.587950157532418,30821.19143436573
7.583328729181915,30848.12587942081
7.578803573463475,30875.08695648367
7.574372784605359,30902.074695745192
7.570034456835813,30929.08912743638
7.565786684382999,30956.130281824233
7.56162756147522,30983.19818921578
7.5575551823406215,31010.292879956774
7.553567641207437,31037.414384430245
7.549663032303897,31064.562733059163
7.5458394498582635,31091.737956304318
7.5420949880986825,31118.94008466545
7.538427741253457,31146.169148681318
7.534835803550735,31173.42517892976
7.531317269218761,31200.708206026626
7.527870232485782,31228.018260627825
7.524492787580002,31255.355373426966
7.521183028729624,31282.719575158037
7.51793905016288,31310.110896593495
7.514758946108017,31337.529368545187
7.511640810793239,31364.975021863975
7.508582738446762,31392.447887439557
7.50558282329682,31419.94799620253
7.502639159571601,31447.47537912111
7.499749841499323,31475.030067204294
7.496912963308276,31502.612091499028
7.49412661922662,31530.221483094047
7.491388903482601,31557.858273115467
7.488697910304438,31585.522492731103
7.486051733920334,31613.214173146232
7.483448468558521,31640.93334560796
7.480886208447217,31668.680041402306
7.478363045865464,31696.454291854752
7.475875892244062,31724.256128332527
7.473418477555299,31752.08558224038
7.470984001388459,31779.94268502471
7.468565663332697,31807.827468172025
7.4661566629772125,31835.739963208332
7.463750199911274,31863.68020169987
7.461339473724081,31891.648215254067
7.458917684004803,31919.644035518242
7.456478030342694,31947.667694179436
7.454013712326997,31975.719222966047
7.451517929546824,32003.798653646303
7.448983881591545,32031.90601802947
7.446404768050201,32060.041347965645
7.443773788512132,32088.204675344947
7.441084142566538,32116.396032098448
7.4383290298025315,32144.615450198253
7.435501649809481,32172.862961657538
7.432595202176458,32201.138598529265
7.4296028864927735,32229.442392908953
7.426517902347641,32257.774376932008
7.423333449330173,32286.134582774914
7.420042727029696,32314.523042656223
7.416638935035422,32342.939788834756
7.413115272936494,32371.384853610827
7.409464940322138,32399.85826932653
7.405681136781624,32428.36006836486
7.401757061904078,32456.890283149558
7.397685915278814,32485.4489461477
7.393460896495014,32514.036089866742
7.3890752051418644,32542.651746855307
7.384522040808619,32571.29594970458
7.37979460308442,32599.96873104703
7.374886091558537,32628.67012355735
7.369789705820239,32657.400159951158
7.3644986454586245,32686.158872986423
7.359006110062978,32714.94629546424
7.353305299222498,32743.7624602254
7.347389412526397,32772.60740015462
7.341251649563901,32801.48114817828
7.334885209924181,32830.38373726475
7.328283313901892,32859.31520042485
7.321447687970462,32888.27557071079
7.31440162478026,32917.26488121904
7.307171783441177,32946.28316508707
7.299784823063135,32975.33045549438
7.2922674027559395,33004.40678566491
7.284646181629455,33033.51218886379
7.276947818793545,33062.64669839929
7.269198973358058,33091.8103476217
7.261426304432817,33121.00316992552
7.253656471127783,33150.22519874646
7.245916132552665,33179.476467564535
7.2382319478174395,33208.75700990157
7.230630576031899,33238.06685932382
7.223138676305922,33267.406049439
7.215782907749343,33296.77461389914
7.208589929472055,33326.17258639902
7.201586400583878,33355.60000067717
7.194798980194662,33385.056890514265
7.188254327414299,33414.5432897358
7.181979101352638,33444.05923221001
7.175997974053104,33473.60475184939
7.170312413651615,33503.17988260807
7.164908868365458,33532.784658485994
7.1597735338392425,33562.419113525844
7.154892605717691,33592.08328181407
7.150252279645585,33621.777197481184
7.1458387512676325,33651.500894701116
7.141638216228543,33681.254407692446
7.137636870173054,33711.03777071732
7.1338209087459745,33740.85101808215
7.130176527591942,33770.69418413704
7.126689922355695,33800.56730327702
7.123347288681998,33830.47040994086
7.120134822215576,33860.403538611456
7.117038718601179,33890.36672381701
7.114045173483461,33920.36000012901
7.111140382507216,33950.383402163905
7.108310541317195,33980.43696458395
7.105541845558065,34010.52072209407
7.102820490874578,34040.63470944442
7.100132672911457,34070.7789614306
7.097464587313482,34100.95351289306
7.094802429725334,34131.15839871665
7.092132395791779,34161.393653830695
7.089440681157498,34191.65931321049
7.086713481467257,34221.95541187617
7.0839369923657785,34252.28198489255
7.081097409497801,34282.639067370845
7.078180928508061,34313.02669446536
7.075173745041255,34343.44490137792
7.072062054742133,34373.89372335479
7.068832053255463,34404.37319568744
7.065469936225895,34434.88335371385
7.061961899298225,34465.42423281637
7.058294138117162,34495.995868423975
7.054452848327415,34526.59829601114
7.050424225573735,34557.231551097386
7.0461944655009034,34587.89566924903
7.0417497637535575,34618.59068607762
7.037076315976492,34649.31663724163
7.032160317814402,34680.07355844486
7.026989097385098,34710.86148543673
7.021562239802421,34741.68045401405
7.015886827081644,34772.530500018656
7.009970048960938,34803.41165933942
7.003819095178301,34834.32396791234
6.997441155471762,34865.26746171762
6.990843419579505,34896.24217678444
6.984033077239559,34927.24814918708
6.977017318189937,34958.285415046674
6.96980333216878,34989.35401053083
6.962398308914132,35020.45397185467
6.954809438164062,35051.58533528015
6.947043909656642,35082.74813711538
6.939108913129942,35113.94241371517
6.931011638321976,35145.16820148289
6.922759274970957,35176.42553686799
6.914359012814813,35207.71445636685
6.905818041591658,35239.03499652358
6.897143551039576,35270.387193929084
6.888342730896653,35301.771085222645
6.879422779915458,35333.18670708998
6.870392878803216,35364.63409626532
6.861266665593462,35396.11328952868
6.852058386937898,35427.62432370924
6.842782289488355,35459.16723568415
6.833452619896505,35490.7420623768
6.8240836248140795,35522.34884076019
6.814689550892865,35553.98760785347
6.805284644784578,35585.658400725035
6.79588315314102,35617.36125649105
6.786499322613864,35649.09621231506
6.777147399854812,35680.863305410545
6.767841631515736,35712.662573036716
6.7585962642483395,35744.49405250362
6.749425544704295,35776.3577811682
6.740343719535417,35808.25379643556
6.731365035393452,35840.18213576038
6.722503738930058,35872.14283664566
6.713774076797094,35904.13593664359
6.705190295646261,35936.16147335329
6.696766642129262,35968.219484424226
6.688517362897841,36000.31000755422
6.680456704603785,36032.43308049079
6.672598913898838,36064.58874102868
6.664958237434703,36096.7770270143
6.657548921863182,36128.99797634035
6.6503852138359605,36161.251626950834
6.643481360004799,36193.53801683877
6.636851607021441,36225.85718404525
6.6305102015376605,36258.20916666236
6.624471390205173,36290.594002830636
6.618749419675694,36323.011730740705
6.613358536601055,36355.46238863285
6.6083129876329,36387.94601479704
6.603627019423044,36420.46264757202
6.599314878623176,36453.01232534819
6.595390811885096,36485.595086564565
6.591869065860465,36518.21096971096
6.588763887201097,36550.86001332621
6.58608952255878,36583.54225600006
6.5838602185851585,36616.25773637273
6.582090118376954,36649.00649313369
6.580775783570232,36681.78856502431
6.579876505611296,36714.60399083432
6.579346822949432,36747.45280940654
6.579141274033901,36780.33505963122
6.579214397313905,36813.2507804519
6.579520731238745,36846.20001086253
6.580014814257723,36879.18278990551
6.580651184820056,36912.19915667752
6.581384381375045,36945.249150323514
6.582168942371936,36978.33281004001
6.58295940625996,37011.450175075355
6.58371031148846,37044.601284729084
6.584376196506625,37077.7861783514
6.584911599763785,37111.00489534355
6.5852710597091715,37144.25747515841
6.585409114792014,37177.543957300826
6.585280303461644,37210.86438132691
6.584839164167292,37244.218786843805
6.584040235358216,37277.60721351088
6.58283805548372,37311.029701038686
6.581191370423198,37344.48628919066
6.579098242800896,37377.97701778079
6.5765781820245195,37411.50192667662
6.573650913972656,37445.06105579533
6.5703361645241785,37478.654445109154
6.5666536595575735,37512.28213463981
6.562623124951699,37545.94416446318
6.558264286585256,37579.64057470664
6.553596870336918,37613.371405549995
6.5486406020853565,37647.136697226066
6.543415207709359,37680.93649001942
6.53794041308754,37714.77082426727
6.532235944098659,37748.639740360304
6.5263215266214445,37782.543278741774
6.520216886534541,37816.48147990748
6.513941749716693,37850.45438440673
6.507515842046615,37884.4620328402
6.50095888940298,37918.50446586435
6.494290617664532,37952.58172418585
6.487530752709944,37986.693848567025
6.480699020417916,38020.8408798227
6.473815146667178,38055.02285882002
6.46689885733646,38089.239826481484
6.45996987830442,38123.49182378124
6.453047935449774,38157.778891748945
6.446152754651251,38192.10107146663
6.439304061787496,38226.45840406979
6.432521582737294,38260.85093074969
6.425825043379334,38295.27869274963
6.419234169592258,38329.74173136716
6.412768687254854,38364.24008795476
6.406448322245822,38398.77380391905
6.400292800443793,38433.34292071954
6.394321847727539,38467.94747987223
6.388555189975733,38502.587522944785
6.383012553067118,38537.26309156153
6.377713662880339,38571.97422740135
6.372678245294182,38606.7209721961
6.367926026187277,38641.503367733436
6.363476731438382,38676.32145585611
6.3593500869261845,38711.175278460585
6.355563158183372,38746.06487749997
6.352109860369097,38780.990294980154
6.348972190565661,38815.95157296381
6.346132047415665,38850.94875356904
6.343571329561755,38885.98187896813
6.341271935646574,38921.050991388685
6.339215764312655,38956.15613311456
6.337384714202656,38991.29734648429
6.33576068395918,39026.47467389308
6.334325572224799,39061.68815779042
6.333061277642244,39096.937840682374
6.331949698854018,39132.22376513024
6.330972734502737,39167.54597375293
6.33011228323106,39202.90450922278
6.329350243681574,39238.29941427045
6.328668514496897,39273.73073168049
6.328048994319616,39309.19850429591
6.327473581792418,39344.70277501464
6.326924175557821,39380.243586791796
6.326382674258497,39415.82098263759
6.32583097653702,39451.43500562045
6.325250981036021,39487.08569886514
6.324624586398144,39522.77310555176
6.323933691265893,39558.497268918836
6.323160194282025,39594.25823226041
6.322285994089057,39630.056038928844
6.321292989329663,39665.89073233244
6.320163078646402,39701.76235593744
6.318878160681862,39737.67095326589
6.317420134078702,39773.61656789881
6.315770897479538,39809.59924347402
6.313912349526973,39845.61902368649
6.311826388863636,39881.67595228847
6.309494914132102,39917.77007309007
6.306899823975016,39953.90142996024
6.304023017034936,39990.07006682432
6.300846391954536,40026.276027665204
6.297351847376433,40062.51935652515
6.293521281943185,40098.80009750302
6.289336594297424,40135.11829475752
6.284779683081737,40171.47399250384
6.279835567593295,40207.86723501629
6.274514588025582,40244.29806662669
6.268839381161456,40280.766531727335
6.262832665253214,40317.272674767024
6.25651715855318,40353.81654025434
6.2499155793136225,40390.39817275513
6.243050645786781,40427.01761689603
6.2359450762249935,40463.67491736141
6.228621588880543,40500.370118893734
6.221102902005654,40537.103266296515
6.213411733852695,40573.87440443068
6.205570802673904,40610.68357821809
6.197602826721578,40647.530832637894
6.189530524247999,40684.416212730066
6.181376613505421,40721.339763593176
6.173163812746196,40758.30153038623
6.164914840222579,40795.30155832787
6.156652414186823,40832.33989269503
6.148399252891238,40869.416578825614
6.140178074588135,40906.53166211772
6.132011519373464,40943.68518802883
6.123915184333782,40980.87720207684
6.115892125293442,41018.10774983919
6.107944104149595,41055.376876953866
6.100072882799296,41092.68462912008
6.092280223139625,41130.03105209629
6.084567887067664,41167.41619170147
6.0769376364804515,41204.84009381607
6.069391233275098,41242.302804381216
6.061930439348643,41279.80436939737
6.054557016598224,41317.34483492788
6.0472727269208235,41354.92424709501
6.040079332213622,41392.542652083524
6.032978594373574,41430.20009613904
6.02597227529786,41467.89662556805
6.0190621368835195,41505.632286738706
6.012249941027619,41543.407126079626
6.005537449627212,41581.221190082695
5.998926424579423,41619.07452529931
5.992418627781305,41656.96717834458
5.986015821129897,41694.89919589362
5.979719766522322,41732.87062468424
5.973532225855664,41770.88151151621
5.9674549610269025,41808.93190325069
5.961489733933263,41847.021846811884
5.955638306471698,41885.151389184975
5.949902440539319,41923.32057741923
5.94428389803322,41961.52945862482
5.938784440850455,41999.77807997466
5.933405830888091,42038.06648870396
5.928149830043225,42076.394732111745
5.923018200212937,42114.762857558904
5.918012703294252,42153.17091246886
5.913135101184295,42191.61894432886
5.908387155780133,42230.10700068827
5.903770628978833,42268.63512916077
5.899287282677463,42307.203377421116
5.894938878773132,42345.81179321009
5.8907271791628375,42384.46042432973
5.886653945743731,42423.14931864677
5.882720940412852,42461.878524089996
5.878929925067297,42500.648088653965
5.875282661604132,42539.4580603958
5.871780911920396,42578.308487436145
5.8684264379132,42617.199417960495
5.865221001479654,42656.13090021777
5.862166364516739,42695.10298252074
5.859264288921622,42734.11571324695
5.856516536591343,42773.169140838305
5.853924869422897,42812.26331380108
5.851491049313495,42851.39828070577
5.849216838160132,42890.57409018774
5.847103997859904,42929.790790946776
5.8451542903098925,42969.0484317468
5.843369477407137,43008.34706141876
5.841751321048733,43047.68672885552
5.840301583131833,43087.067483018065
5.839022025553362,43126.489372931
5.837914410210502,43165.952447683594
5.836980499000276,43205.45675643197
5.836222053819796,43245.002348396185
5.835640836566114,43284.589272862744
5.835236683132337,43324.217579184704
5.834995797616159,43363.88731677842
5.83489850237882,43403.59853512788
5.834925096588876,43443.3512837821
5.8350558794149805,43483.14561235765
5.835271150025818,43522.981570535056
5.835551207589859,43562.8592080632
5.835876351275942,43602.778574754826
5.836226880252553,43642.739720491234
5.836583093688361,43682.742695219604
5.836925290751978,43722.78754895279
5.837233770612045,43762.87433177219
5.837488832437202,43803.003093823856
5.837670775396063,43843.17388532224
5.837759898657225,43883.3867565485
5.837736501389344,43923.641757850564
5.83758088276106,43963.93893964323
5.837273341940943,44004.2783524095
5.836794178097705,44044.66004669916
5.836123690399901,44085.08407313007
5.835242327747977,44125.550482386134
5.834140149671413,44166.05932522078
5.832822484171501,44206.61065245459
5.831296017127585,44247.20451497511
5.8295674344190616,44287.84096373876
5.827643421925259,44328.52004977036
5.825530665525534,44369.24182416229
5.823235851099241,44410.00633807518
5.820765664525737,44450.81364273835
5.818126791684378,44491.663789448976
5.815325918454576,44532.556829573725
5.812369730715616,44573.49281454702
5.8092649143468975,44614.47179587329
5.806018155227733,44655.49382512396
5.802636139237535,44696.55895394131
5.79912555225566,44737.667234035456
5.795493080161421,44778.81871718597
5.791745408834174,44820.013455242995
5.787889224153304,44861.2515001235
5.78393121199818,44902.532903816485
5.779878058248116,44943.8577183783
5.775736448782482,44985.22599593657
5.771513069480704,45026.63778868901
5.767214606222041,45068.093148901025
5.762847744885931,45109.59212891053
5.758419171351676,45151.13478112395
5.753935571498658,45192.72115801789
5.749403631206178,45234.35131214025
5.744830036353704,45276.025296109285
5.740221472820494,45317.743162612176
5.735584626485959,45359.50496440896
5.7309261832294425,45401.31075432812
5.726252828930313,45443.160585270576
5.7215712494679,45485.05451020817
5.716888130721571,45526.99258218278
5.712210158570699,45568.97485430742
5.707544018894652,45611.00137976731
5.702896397572744,45653.07221181901
5.698273980484345,45695.18740378856
5.693683453508839,45737.34700907679
5.689131502525555,45779.55108115294
5.684624763555618,45821.799673560294
5.680167122928239,45864.092839912664
5.6757583384623445,45906.430633896496
5.671397827994937,45948.813109269664
5.667085009362822,45991.240319863515
5.6628193004029725,46033.712319580685
5.658600118952421,46076.22916239623
5.654426882848014,46118.79090235735
5.650299009926783,46161.397593584516
5.646215918025575,46204.0492902709
5.642177024981422,46246.746046683154
5.638181748631155,46289.48791715854
5.63422950681182,46332.27495610967
5.630319717360322,46375.10721802063
5.626451798113621,46417.98475745107
5.62262516690862,46460.90762903135
5.618839241582265,46503.87588746628
5.615093439971545,46546.88958753456
5.611387179913336,46589.94878408959
5.607719879244613,46633.0535320552
5.604090955802377,46676.20388643345
5.6004998274234765,46719.39990229643
5.596945911944914,46762.6416347933
5.593428627203579,46805.929139145126
5.5899473910364605,46849.26247065065
5.586501621280462,46892.64168467836
5.583090735772544,46936.06683667465
5.5797141523496805,46979.53798216056
5.576371288848776,47023.05517672989
5.573061563106776,47066.61847605334
5.569784392960614,47110.22793587492
5.566539196247277,47153.883612015736
5.563325390803655,47197.58556036911
5.560142394466737,47241.33383690734
5.556989625073413,47285.128497675505
5.553866500460657,47328.969598794545
5.550772438465415,47372.85719646274
5.547706856924634,47416.79134695212
5.544669173675217,47460.77210661092
5.541658806554139,47504.799531864715
5.538675173398332,47548.87367921383
5.535717661089578,47592.99460523617
5.53278417512044,47637.1623665846
5.529870518280177,47681.377019988075
5.526972333341632,47725.63862225382
5.524085263077652,47769.947230265025
5.521204950261179,47814.302900981325
5.518327037665003,47858.70569143858
5.515447168062053,47903.15565875133
5.512560984225203,47947.65286010988
5.509664128927298,47992.19735278281
5.506752244941254,48036.78919411532
5.503820975039943,48081.42844152943
5.500865961996183,48126.11515252676
5.4978828485828615,48170.84938468492
5.494867277572865,48215.63119565932
5.491814891739139,48260.46064318466
5.488721333854414,48305.3377850723
5.485582246691692,48350.26267921277
5.482393273023803,48395.23538357351
5.47915005562362,48440.25595620137
5.475848237263975,48485.32445522168
5.472483460717825,48530.44093883839
5.46905136875796,48575.60546533383
5.4655476041573365,48620.81809306918
5.461967809688744,48666.078880484594
5.458307628125098,48711.387886099976
5.454562702239315,48756.745168513735
5.450728674804182,48802.1507864036
5.446801188592644,48847.604798526736
5.442775886377561,48893.10726372053
5.438648410931776,48938.65824090066
5.434414405028178,48984.25778906397
5.430069511439612,49029.90596728722
5.425609372939064,49075.602834725425
5.42102963229928,49121.34845061514
5.4163259322931765,49167.14287427424
5.411493915693697,49212.98616509852
5.4065292252736015,49258.878382566356
5.4014275038057775,49304.819586234655
5.396184394063198,49350.80983574384
5.390795538818665,49396.84919081206
5.38525673471166,49442.93771124053
5.379570223229862,49489.075456910825
5.37374689628102,49535.26248778684
5.367798252767656,49581.498863912006
5.361735791592338,49627.78464541193
5.355571011657474,49674.11989249484
5.3493154118656605,49720.50466544927
5.34298049111942,49766.93902464554
5.336577748321176,49813.423030536986
5.330118682373538,49859.95674365865
5.323614792178972,49906.54022462705
5.317077576640003,49953.17353414207
5.310518534659096,49999.8567329846
5.30394916513886,50046.589882020184
5.297380966981777,50093.373042194595
5.290825439090256,50140.20627453779
5.284294080366976,50187.089640163715
5.277798389714363,50234.02320026723
5.271349866034896,50281.00701612599
5.264960008231185,50328.04114910379
5.258640315205653,50375.125660646416
5.252402285860882,50422.26061228175
5.2462574190993365,50469.446065623124
5.240217213823541,50516.682082366584
5.234293168936034,50563.96872429422
5.2284967833392955,50611.30605326857
5.222839555935863,50658.694131239215
5.217332985628261,50706.13302023892
5.211988571318898,50753.6227823856
5.2068178119104545,50801.16347988024
5.201832206305383,50848.755175009566
5.197043253406122,50896.397930145475
5.192462452115265,50944.09180774365
5.188101301335294,50991.83687034557
5.183971299968732,51039.633180577504
5.180083946918103,51087.48080115172
5.176450741085901,51135.37979486448
5.173083181374622,51183.33022459901
5.16999276668686,51231.33215332315
5.1671909959250115,51279.38564409198
5.164689367991656,51327.490760044675
5.162499071843101,51375.64756440757
5.160619847068617,51423.85612049355
5.159036898100197,51472.11649170034
5.157734491227217,51520.428741513955
5.156696892739177,51568.792933505116
5.155908368925594,51617.20913133273
5.1553531860757715,51665.677398741806
5.155015610479296,51714.19779956501
5.154879908425542,51762.77039771992
5.15493034620394,51811.39525721426
5.1551511901040215,51860.07244214199
5.155526706415145,51908.80201668382
5.156041161426856,51957.5840451088
5.1566788214285,52006.41859177298
5.157423952709635,52055.30572112175
5.158260821559622,52104.2454976863
5.159173694267963,52153.23798608888
5.160146837124145,52202.28325103633
5.1611645164174575,52251.3813573272
5.162210998437558,52300.53236984782
5.1632705494737365,52349.73635357133
5.164328176538774,52398.99337356116
5.165372664331301,52448.303494969645
5.166393998765457,52497.66678303855
5.167382166256019,52547.083303096966
5.168327153217675,52596.55312056593
5.1692189460652145,52646.076300954046
5.170047531213456,52695.65290985914
5.170802895077102,52745.2830129714
5.171475024070844,52794.96667606822
5.172053904609541,52844.70396501738
5.172529523107897,52894.49494577828
5.172891865980702,52944.33968439945
5.173130919642702,52994.23824701944
5.173236670508615,53044.19069986847
5.173199104993245,53094.197109266286
5.173008209511337,53144.257541624946
5.1726539704776116,53194.372063444804
5.172126374306856,53244.54074132145
5.1714154074138605,53294.76364193675
5.170511056213314,53345.04083206734
5.169403307119978,53395.372378580956
5.168082146548656,53445.75834843505
5.166537560914122,53496.198808681496
5.164759536631095,53546.69382646141
5.162738060114265,53597.24346901058
5.160463117778505,53647.8478036547
5.157924696038492,53698.50689781329
5.155112781309015,53749.2208189964
5.15201736000482,53799.98963480974
5.148628418540653,53850.81341294904
5.144935943331333,53901.69222120445
5.140929920791535,53952.62612745758
5.136600337336063,54003.61519968431
5.131937179379662,54054.65950595461
5.126930433337051,54105.7591144299
5.121570085623063,54156.914093366744
5.115846122652357,54208.124511113456
5.109748530839781,54259.390436114896
5.103267296600038,54310.711936908745
5.096392406347903,54362.08908212565
5.089113846498137,54413.521940491686
5.081431833303753,54465.01058082733
5.07339551992294,54516.55507204721
5.0650686759730945,54568.155483161056
5.056515073664812,54619.81188327301
5.047798485208773,54671.52434158221
5.038982682815458,54723.29292738329
5.030131438695619,54775.11771006615
5.021308525059695,54826.9987591153
5.012577714118422,54878.93614411196
5.004002778082295,54930.9299347319
4.995647489162025,54982.98020074787
4.987575619568133,55035.08701202781
4.979850941511259,55087.250438535404
4.9725372272019825,55139.47055033138
4.965698248850899,55191.74741757287
4.959397778668702,55244.081110513966
4.953699588865845,55296.47169950426
4.948667451653051,55348.919254989814
4.944365139240858,55401.42384751644
4.940856423839875,55453.98554772352
4.93820267447812,55506.60442635088
4.936394862939821,55559.28055423382
4.9353439697416235,55612.0140023052
4.934956643588663,55664.80484159718
4.935139533186145,55717.65314323822
4.93579928723932,55770.55897845597
4.936842554453321,55823.52241857428
4.938175983533384,55876.54353501767
4.939706223184643,55929.62239930914
4.941339922112377,55982.75908306671
4.942983729021719,56035.953658012346
4.944544292617877,56089.206195962106
4.945928261606056,56142.51676883513
4.947042284691463,56195.885448646935
4.947793010579261,56249.31230751281
4.9480870879746135,56302.79741764913
4.947831165582812,56356.34085137035
4.946931892109035,56409.942681092296
4.945295916258402,56463.60297932876
4.942829886736135,56517.32181869445
4.939440452247453,56571.099271905114
4.935063102700141,56624.9354117757
4.929762777006303,56678.83031122253
4.923640716893857,56732.78404326345
4.916798165921932,56786.79668101432
4.909336367649615,56840.86829769525
4.901356565635979,56894.99896662509
4.892960003440024,56949.18876122605
4.884247924620922,57003.43775501935
4.875321572737704,57057.7460216307
4.866282191349498,57112.113634784735
4.857231024015334,57166.54066831086
4.848269314294313,57221.02719613812
4.8394983057454795,57275.57329229906
4.831019241927976,57330.17903092855
4.822933366400832,57384.84448626326
4.815341922723178,57439.56973264457
4.808346154453972,57494.354844513044
4.802047305152442,57549.19989641594
4.796546618377576,57604.10496300247
4.791945337688503,57659.070119024334
4.788341118128514,57714.095439337136
4.785737224179002,57769.180998900934
4.784035432595516,57824.32687277835
4.783132509846013,57879.533136136364
4.782925222398575,57934.79986424731
4.783310336721257,57990.12713248571
4.784184619282016,58045.515016332174
4.785444836548933,58100.96359137066
4.786987754990022,58156.47293329109
4.788710141073295,58212.04311788705
4.790508761266835,58267.67422105801
4.792280382038641,58323.36631880908
4.793921769856695,58379.11948724907
4.795329691189096,58434.93380259359
4.796400912503813,58490.809341163505
4.7970322002689585,58546.74617938721
4.7971203209525015,58602.74439379539
4.7965620410224545,58658.80406102903
4.795254126946901,58714.92525783257
4.793093345193853,58771.10806105775
4.789976462231294,58827.352547664246
4.785832920624301,58883.658794716874
4.780729792119132,58940.02687938785
4.774770377699781,58996.45687895695
4.768057978525377,59052.948870810855
4.760695895755333,59109.502932443684
4.752787430548821,59166.119141458475
4.744435884065098,59222.797575563105
4.7357445574635335,59279.53831257762
4.7268167519033,59336.34143042599
4.717755768543654,59393.207007142984
4.708664908543895,59450.13512087057
4.699647473063294,59507.12584986099
4.690806763261122,59564.179272474044
4.682246080296537,59621.29546717845
4.674068725328993,59678.47451255119
4.666377999517579,59735.71648728065
4.659277204021663,59793.0214701638
4.6528696400004605,59850.38954010639
4.647258608613257,59907.82077612562
4.6425474110192795,59965.31525734566
4.638835247449521,60022.87306300335
4.636123995837323,60080.49427244623
4.634316514842496,60138.17896513058
4.633311222769521,60195.927220623285
4.6330065379228245,60253.73911860286
4.633300878606875,60311.61473885921
4.63409266312614,60369.55416129205
4.635280309785003,60427.557465913254
4.636762236887975,60485.62473284573
4.638436862739539,60543.75604232484
4.64020260564412,60601.951474696056
4.641957883906173,60660.211110418924
4.643601115830137,60718.535030062565
4.645030719720495,60776.92331431099
4.646145113881701,60835.37604395981
4.6468427166181385,60893.89329991644
4.647021946234361,60952.475163201954
4.646581221034737,61011.12171495
4.64541895932382,61069.83303640781
4.643433579406022,61128.60920893508
4.640523499587715,61187.45031400675
4.6366202304695605,61246.35643320972
4.631786091531879,61305.32764824472
4.626115718987975,61364.36404092869
4.619703749051425,61423.46569319015
4.612644817935376,61482.63268707287
4.605033561853304,61541.865104735174
4.596964617018642,61601.16302845184
4.588532619644653,61660.52654060949
4.579832205944825,61719.95572371201
4.570958012132493,61779.45066037765
4.562004674421033,61839.01143334009
4.553066829023777,61898.638125449485
4.544239112154216,61958.33081967044
4.535616160025597,62018.089599083956
4.527292608851397,62077.91454688805
4.519363094844934,62137.80574639571
4.511922254219655,62197.763281037296
4.505064723188852,62257.78723436027
4.4988851379659565,62317.87769002718
4.493478134764345,62378.034731818436
4.4889346444294915,62438.25844363346
4.485265919596074,62498.54890948636
4.4824064987949015,62558.90621350969
4.480287808277538,62619.33043995465
4.478841274295576,62679.82167318942
4.477998323100579,62740.37999769987
4.477690380944182,62801.00549809146
4.477848874077878,62861.69825908676
4.4784052287532745,62922.458365528335
4.479290871221934,62983.2859023771
4.4804372277354645,63044.18095471208
4.481775724545372,63105.14360773194
4.483237787903278,63166.17394675469
4.484754844060745,63227.27205721968
4.4862583192693535,63288.4380246833
4.48767963978068,63349.671934822305
4.488950231846303,63410.97387343534
4.490001521717744,63472.3439264386
4.490764935646624,63533.7821798733
4.491171899884492,63595.28871989493
4.491153840926842,63656.86363278527
4.490658777389413,63718.50700494439
4.489696283783843,63780.21892289399
4.488290206518812,63841.999473278105
4.486464392003214,63903.848742860486
4.484242686645757,63965.766818528486
4.481648936855279,64027.75378729185
4.47870698904056,64089.80973627926
4.475440689610394,64151.93475274446
4.471873884973533,64214.12892406323
4.468030421538856,64276.39233773315
4.4639341457151005,64338.725081376484
4.4596089039110325,64401.12724273676
4.4550785425355315,64463.5989096812
4.450366907997292,64526.1401702014
4.44549784670518,64588.75111241076
4.4404952050679185,64651.431824548796
4.4353828294943725,64714.18239497674
4.430184566393265,64777.00291218142
4.424924262173462,64839.89346477496
4.419625763243701,64902.85414149133
4.414312916012776,64965.88503119202
4.40900956688948,65028.986222861655
4.403739562282652,65092.15780561049
4.3985267486010144,65155.39986867552
4.393394972253418,65218.712501417416
4.388368079648643,65282.09579332214
4.383469917195441,65345.5498340039
4.378724331302664,65409.07471320254
4.374155168379019,65472.67052078242
4.369786274833402,65536.3373467353
4.3656414970745345,65600.07528118008
4.361744681511212,65663.88441436265
4.358119674552299,65727.76483665638
4.354790322606505,65791.7166385601
4.351780472082638,65855.73991070107
4.349113969389492,65919.83474383515
4.346814660935877,65984.00122884559
4.344906393130572,66048.23945674236
4.343413012382399,66112.54951866648
4.342358365100097,66176.93150588416
4.3417662962143595,66241.3855097931
4.341643564092905,66305.91162191704
4.341937419661122,66370.50993391254
4.3425821672842915,66435.18053756168
4.343512111327655,66499.92352477739
4.344661556156538,66564.7389876046
4.345964806136138,66629.62701821438
4.3473561656318225,66694.58770890922
4.348769939008832,66759.62115212237
4.350140430632422,66824.727440418
4.351401944867902,66889.90666648906
4.3524887860804995,66955.15892316123
4.3533352586354965,67020.48430339033
4.353875666898219,67085.88290026344
4.354044315233935,67151.35480700052
4.3537755080078995,67216.90011695036
4.353003549585338,67282.518923596
4.35166274433162,67348.21132055206
4.349687396611984,67413.97740156403
4.347011810791656,67479.81726051273
4.34357029123602,67545.73099140883
4.339301397390372,67611.71868839678
4.334219658653012,67677.78044575614
4.3284050947442125,67743.91635789585
4.321939870051338,67810.12651936224
4.314906148961683,67876.41102483198
4.307386095862611,67942.76996911853
4.299461875141418,68009.20344716853
4.291215651185453,68075.71155406152
4.282729588382097,68142.294385013
4.274085851118599,68208.95203537369
4.2653666037823825,68275.68460062786
4.256654010760656,68342.49217639587
4.248030236440883,68409.37485843347
4.239577445210358,68476.33274263101
4.231377801456333,68543.36592501562
4.223513469566214,68610.47450175091
4.216066613927339,68677.65856913524
4.209119398927015,68744.91822360385
4.202753988952622,68812.25356172865
4.197052548391412,68879.66468022032
4.192097234644905,68947.15167592271
4.187942515944101,69014.71464582034
4.184552303279617,69082.35368703373
4.1818720241464575,69150.06889682112
4.1798471060395315,69217.86037257861
4.178422976453774,69285.72821184195
4.1775450628841355,69353.67251228221
4.177158792825523,69421.693371711
4.177209593772858,69489.79088808017
4.177642893221133,69557.96515947659
4.178404118665213,69626.21628413026
4.179438697600105,69694.54436040715
4.180692057520659,69762.94948681576
4.1821096259218535,69831.43176200351
4.183636830298639,69899.99128475535
4.185219098145922,69968.62815400145
4.186801856958624,70037.34246880752
4.188330534231696,70106.13432838394
4.1897505574601155,70175.00383208001
4.191007354138733,70243.95107938422
4.192046351762585,70312.97616993134
4.192814919949143,70382.07920349378
4.193292178905693,70451.26027998721
4.193483144161803,70520.51949946831
4.193393587040532,70589.85696213755
4.193029278864998,70659.27276833626
4.192395990958332,70728.76701855107
4.191499494643594,70798.33981340738
4.190345561243873,70867.9912536768
4.188939962082301,70937.72144027324
4.187288468481938,71007.53047425569
4.1853968517659155,71077.41845682442
4.183270883257336,71147.3854893252
4.180916334279303,71217.43167324756
4.178338976154862,71287.55711022696
4.1755445802071165,71357.76190204005
4.172538917759212,71428.04615061186
4.169327760134223,71498.4099580116
4.165916878655253,71568.8534264528
4.162312044645418,71639.3766582966
4.158519029427737,71709.9797560474
4.154543604325397,71780.66282235614
4.150391540661474,71851.42596002208
4.146068609759041,71922.2692719899
4.141580582941202,71993.19286135005
4.136933231531103,72064.19683134087
4.1321323268517745,72135.2812853474
4.127183640226335,72206.44632690206
4.122092942977943,72277.69205968542
4.116866006429618,72349.01858752694
4.1115086019044185,72420.42601440057
4.106026500725562,72491.91444443165
4.100425474216081,72563.48398189407
4.094711293699092,72635.134731209
4.088889730497698,72706.86679694756
4.0829665559349735,72778.68028382919
4.076947541334022,72850.5752967253
4.07083845801796,72922.55194065292
4.064645077309862,72994.6103207821
4.05837317053286,73066.7505424336
4.05202850901,73138.97271107546
4.0456168640643995,73211.2769323295
4.039143687526263,73283.66331196632
4.032609634781821,73356.13195590813
4.026011660765022,73428.68297022907
4.019346624749971,73501.31646115531
4.012611386010732,73574.03253506227
4.005802803821425,73646.83129848163
3.9989177374560825,73719.71285809205
3.9919530461888115,73792.67732073057
3.9849055892937315,73865.72479338168
3.9777722260449195,73938.85538318712
3.9705498157164385,74012.06919743818
3.9632352175823797,74085.36634358279
3.9558252909168345,74158.746929221
3.9483168949939227,74232.21106210635
3.940706889087636,74305.75885014862
3.932992132472222,74379.3904014089
3.925169484421559,74453.10582410615
3.917235804209895,74526.90522661262
3.909187951111278,74600.78871745578
3.9010227843997427,74674.75640531954
3.892737171299572,74748.80839904131
3.884336168233702,74822.94480761605
3.8758484820844217,74897.16574019531
3.867307064037419,74971.47130608602
3.8587448652782825,75045.86161475065
3.850194836992614,75120.33677581172
3.841689930366144,75194.89689904568
3.833263096584332,75269.54209438847
3.8249472868329377,75344.2724719315
3.8167754522974917,75419.08814192722
3.8087805441636533,75493.98921478247
3.800995513617039,75568.97580106615
3.7934533118432796,75644.04801150147
3.7861868900279774,75719.20595697424
3.779229199356763,75794.44974852883
3.772613191015253,75869.77949736624
3.7663718161890927,75945.19531485083
3.760538026063813,76020.69731250305
3.7551447718252007,76096.28560200664
3.7502250046587164,76171.9602952035
3.745811675750076,76247.72150409779
3.741935451923254,76323.56934085285
3.7385954257928233,76399.5039177931
3.735767651847496,76475.52534740706
3.733427660775476,76551.63374234263
3.7315509832649383,76627.82921540794
3.730113150004172,76704.11187957648
3.729089691681253,76780.481847983
3.728456138984498,76856.93923392323
3.728188022601998,76933.48415085852
3.7282608732220126,77010.11671241056
3.7286502215327175,77086.83703236771
3.7293315982223447,77163.64522467759
3.730280533979098,77240.54140345553
3.7314725594910954,77317.52568298047
3.732883205446612,77394.59817769298
3.7344880025338796,77471.75900220162
3.736262481441017,77549.00827127708
3.7381821728562556,77626.34609985855
3.7402226074677714,77703.77260304677
3.742359315963853,77781.28789611041
3.7445678235002617,77858.89209448519
3.7468201098685228,77936.5853137708
3.749078525625123,78014.3676697329
3.751303802126813,78092.23927830663
3.7534566707304577,78170.200255593
3.755497862792822,78248.25071785916
3.7573881096707566,78326.39078154096
3.7590881427210547,78404.62056324085
3.7605586933005384,78482.94017973104
3.761760492766001,78561.34974795203
3.762654272474265,78639.84938501121
3.763200763782123,78718.43920818373
3.7633606980464123,78797.11933491884
3.763094806623897,78875.88988283013
3.7623638208714567,78954.75096970366
3.761128472145856,79033.70271349368
3.7593494918039028,79112.74523232628
3.756987611202433,79191.87864449692
3.7540035616982124,79271.10306847113
3.750358074648105,79350.41862288772
3.7460118814089043,79429.82542655335
3.7409308438464137,79509.32359845011
3.7351462663525723,79588.9132577291
3.7287346024156562,79668.594523714
3.7217732012154983,79748.36751590138
3.714339411931803,79828.23235395984
3.706510583744432,79908.18915773199
3.698364065833104,79988.23804723074
3.6899772073776376,80068.37914264579
3.6814273575578227,80148.61256433997
3.672791865553492,80228.93843284665
3.664148080544379,80309.35686887859
3.6555733517102738,80389.86799331899
3.647145028231037,80470.47192722646
3.638940459286374,80551.16879183691
3.6310369940561174,80631.95870856047
3.6235119817200143,80712.84179898113
3.6164427714579404,80793.81818486107
3.6099067124496003,80874.8879881369
3.6039811538748125,80956.0513309234
3.5987434449133815,81037.30833551145
3.5942708532440975,81118.65912436783
3.5906055270925776,81200.10382013713
3.587699860874835,81281.64254564208
3.5854921159244526,81363.27542388326
3.5839205535750125,81445.00257803874
3.5829234351600547,81526.82413146559
3.5824390220132187,81608.74020769839
3.582405575468016,81690.750930453
3.582761356858015,81772.85642362102
3.583444627516812,81855.05681127768
3.5843936487779757,81937.35221767388
3.5855466819750745,82019.74276724472
3.586841988441634,82102.2285846016
3.5882178295113363,82184.80979453948
3.5896124665176643,82267.48652203426
3.5909641607941722,82350.25889224073
3.5922111736745137,82433.12703049813
3.5932917664922144,82516.0910623234
3.5941442005808426,82599.15111342081
3.594706737273981,82682.30730967355
3.5949176379051835,82765.55977714682
3.5947190897988577,82848.90864209292
3.594099593927538,82932.35403094269
3.5930778542253847,83015.89607031402
3.59167309273046,83099.5348870045
3.58990453148094,83183.27060800172
3.5877913925149727,83267.10336047299
3.585352897870763,83351.03327177024
3.582608269586345,83435.060469434
3.5795767296998946,83519.1850811859
3.57627750024956,83603.40723493851
3.5727298032735035,83687.7270587837
3.568952860809844,83772.14468100427
3.5649658948967016,83856.6602300671
3.5607881275722235,83941.27383462818
3.556438780874572,84025.98562352761
3.551937076841881,84110.79572579455
3.5473022375123406,84195.70427064586
3.542553484923957,84280.71138748512
3.5377100411149627,84365.81720590651
3.5327911281235345,84451.02185569039
3.5278159679877206,84536.3254668059
3.52280378274574,84621.72816941373
3.517773794435655,84707.23009386162
3.512745225095699,84792.83137068881
3.507737296763935,84878.53213062158
3.5027692314785384,84964.3325045801
3.4978602512776433,85050.23262367403
3.4930295781993834,85136.23261920214
3.4882964342819207,85222.33262265804
3.483680041563332,85308.53276572264
3.479199622081836,85394.83318027176
3.4748743978755385,85481.23399837333
3.4707235909825727,85567.73535228409
3.4667664234411433,85654.33737445904
3.4630221172892988,85741.04019754195
3.459509894565201,85827.84395437242
3.4562489773069984,85914.74877798188
3.4532585875528525,86001.75480159635
3.45055794734094,86088.86215863739
3.4481662787092944,86176.0709827193
3.446102803696135,86263.38140765375
3.4443843192753008,86350.79356744456
3.443001113910597,86438.30759629229
3.4419271403949807,86525.92362859522
3.4411361117182224,86613.64179894468
3.440601740870079,86701.46224213153
3.440297740840421,86789.38509314034
3.440197824619034,86877.410487154
3.44027570519566,86965.53855955528
3.440505095560141,87053.76944591968
3.4408597087022628,87142.10328202632
3.4413132576118244,87230.54020384711
3.4418394552785827,87319.08034755691
3.4424120146924224,87407.723849529
3.4430046488430435,87496.47084633276
3.4435910707202595,87585.32147473973
3.4441449933138983,87674.27587172198
3.4446401296137594,87763.33417445057
3.4450501926096138,87852.49652029776
3.4453488952912608,87941.76304683542
3.445509950648514,88031.13389183725
3.4455071102902934,88120.60919327973
3.445322931436422,88210.18908934057
3.4449599305059024,88299.87371839899
3.4444233736681014,88389.66321903544
3.4437185270922157,88479.55773003634
3.4428506569476554,88569.55739038934
3.441825029403674,88659.66233928429
3.440646910629596,88749.87271611983
3.4393215667947317,88840.18866049184
3.43785426406842,88930.61031220558
3.436250268619915,89021.13781126923
3.4345148466185833,89111.77129789669
3.4326532642336645,89202.51091250533
3.43067078763454,89293.35679572144
3.4285726829904917,89384.3090883761
3.426364216470816,89475.36793150553
3.4240506542448514,89566.53346635328
3.4216372624818945,89657.80583436997
3.4191293073512554,89749.18517721548
3.416532055022259,89840.67163675425
3.4138507716641726,89932.26535506132
3.4110907234463355,90023.96647441814
3.408257176538058,90115.77513731681
3.4053553971086643,90207.69148645658
3.402390651327437,90299.71566474796
3.3993682053637,90391.84781530862
3.396293325386779,90484.08808147073
3.393171277565955,90576.43660676984
3.3900073280705385,90668.89353495924
3.3868067430698545,90761.45901000068
3.3835747887332133,90854.13317606477
3.3803167312299536,90946.9161775377
3.3770378367293006,91039.80815901513
3.373743371400664,91132.80926530705
3.3704386014132552,91225.91964143427
3.367128792936498,91319.13943263136
3.3638192121396315,91412.46878434885
3.3605151251919807,91505.90784224523
3.3572217982627848,91599.45675220023
3.353944497521482,91693.11566030089
3.3506884891373403,91786.88471285552
3.3474590392795847,91880.76405638304
3.344261414117625,91974.75383762043
3.3411008798207433,92068.85420351858
3.3379827025582216,92163.0653012445
3.334912148499413,92257.38727818565
3.3318944838136133,92351.82028194048
3.328934974670119,92446.36446032989
3.3260388872382407,92541.01996138773
3.323211487687317,92635.78693337104
3.3204580421866154,92730.6655247485
3.317783816905461,92825.65588421335
3.3151940780132207,92920.75816067446
3.3126940916790915,93015.97250326135
3.3102891240724546,93111.2990613232
3.307984441362663,93206.7379844285
3.3057853097189422,93302.28942236549
3.303696995310659,93397.95352514509
3.3017247643070533,93493.7304429986
3.2998738828775345,93589.62032637678
3.2981496171913847,93685.62332595617
3.296557233417772,93781.73959263077
3.2951017229125625,93877.96927752103
3.2937854845021377,93974.31253196695
3.2926094920345435,94070.76950753442
3.2915747046087773,94167.34035601286
3.2906820813241353,94264.0252294116
3.2899325812796576,94360.82427997031
3.2893271635745407,94457.73766014923
3.288866787307853,94554.76552263364
3.288552411578735,94651.90802033483
3.2883849954864246,94749.16530639249
3.28836549812992,94846.53753416774
3.288494878608418,94944.02485725282
3.288774096021058,95041.6274294614
3.2892041094669366,95139.34540483906
3.289785878045265,95237.17893765686
3.2905203608550977,95335.12818241517
3.2914085169956024,95433.19329383923
3.292451305565905,95531.37442688696
3.2936496856651445,95629.671736744
3.2950046163924753,95728.08537882325
3.2965169544407047,95826.6155087708
3.2981733587177615,95925.26228245877
3.29993188448762,96024.02585599519
3.301747152258102,96122.90638571283
3.3035737825371,96221.90402818048
3.305366395832465,96321.01894019711
3.3070796126520605,96420.25127879168
3.30866805350378,96519.60120122953
3.310086338895502,96619.06886500328
3.3112890893350766,96718.65442784413
3.312230925330425,96818.35804771331
3.312866467389341,96918.17988280588
3.31315033601976,97018.12009155458
3.31303715172956,97118.17883262261
3.312481535026535,97218.3562649102
3.311438106418663,97318.65254755226
3.3098614864137375,97419.06783992014
3.307706295519665,97519.60230162126
3.3049271542442824,97620.25609249748
3.301478683095496,97721.02937263032
3.297315502581199,97821.92230233923
3.2924007001082742,97922.93504217644
3.286771731982256,98024.06775293707
3.2805046348194935,98125.32059565188
3.2736757727845145,98226.69373159247
3.266361510041932,98328.18732226898
3.2586382107563736,98429.80152942824
3.2505822390924237,98531.53651506198
3.242269959214738,98633.39244139804
3.233777735287859,98735.3694709092
3.2251819314764134,98837.46776630441
3.2165589119450573,98939.68749053628
3.2079850408583184,99042.02880680136
3.1995366823808524,99144.491878535
3.191290200677301,99247.07686941874
3.1833219599121776,99349.78394337503
3.1757083242501807,99452.61326456771
3.168525657855824,99555.56499741008
3.161850324893777,99658.63930655547
3.1557586895286533,99761.83635690183
3.1503271159250517,99865.15631359354
3.145631602382295,99968.59934202046
3.141707137134617,100072.16560781823
3.1385107564154993,100175.85527686658
3.1359907724681193,100279.66851529617
3.1340954975356965,100383.60548948035
3.1327732438615215,100487.66636604207
3.1319723236888137,100591.85131185208
3.1316410492608213,100696.16049402721
3.131727732820778,100800.59407993789
3.1321806866119317,100905.15223719718
3.1329482228775447,101009.83513367255
3.1339786538607797,101114.64293747913
3.1352202918049557,101219.57581698232
3.136621448953264,101324.63394079743
3.1381304375489947,101429.81747779367
3.1396955698353395,101535.12659708956
3.1412651580555746,101640.56146805618
3.1427875144529196,101746.12226031402
3.1442109512706224,101851.80914374125
3.145483780751917,101957.62228846556
3.146554315140037,102063.56186486883
3.1473767562034,102169.62804358901
3.1479535327993347,102275.82099551329
3.1483106758933417,102382.14089179086
3.148474377643055,102488.58790381806
3.148470830206179,102595.16220325329
3.1483262257403766,102701.8639620066
3.148066756403253,102808.69335224728
3.1477186143525557,102915.65054640149
3.147307991745876,103022.73571714963
3.146861080740905,103129.94903743119
3.146404073495276,103237.29068044519
3.14596316216668,103344.76081964766
3.1455645389127795,103452.35962875425
3.145234395891265,103560.08728173841
3.1449989252597135,103667.94395283482
3.1448843191758584,103775.92981653832
3.1449167697973195,103884.0450476043
3.1451224692818016,103992.28982104843
3.145527609786896,104100.66431214627
3.146158383470336,104209.16869643971
3.147040695537541,104317.80314972844
3.148173955643202,104426.56784807783
3.149510034805644,104535.46296781486
3.150995852151098,104644.48868553007
3.1525783268055534,104753.64517807873
3.1542043778951836,104862.93262257974
3.15582092454612,104972.35119641763
3.157374885884437,105081.90107724063
3.1588131810362654,105191.58244296424
3.1600827291277227,105301.39547177151
3.1611304492848973,105411.34034210688
3.1619032606339346,105521.41723268846
3.1623480823009373,105631.62632249508
3.1624118334120226,105741.96779078095
3.162041433093279,105852.44181705953
3.16118380047088,105963.04858112129
3.1597858546708437,106073.78826302063
3.157794514819358,106184.66104308379
3.1551567000424967,106295.66710190859
3.1518193294664343,106406.80662035957
3.1477293222172023,106518.07977957293
3.142844674711654,106629.48676095926
3.137208046064984,106741.02774619874
3.1309011632692574,106852.70291724376
3.1240059629575825,106964.51245632017
3.1166043817630964,107076.4565459247
3.108778356318979,107188.53536883222
3.1006098232581962,107300.74910808782
3.0921807192140136,107413.09794701188
3.0835729808194543,107525.58206920038
3.074868544707698,107638.20165852399
3.0661493475117823,107750.95689912993
3.0574973258648583,107863.84797544095
3.0489944164000917,107976.8750721565
3.0407225557504916,108090.03837425321
3.03276368054928,108203.33806698765
3.0251997274295377,108316.77433589063
3.018112633024373,108430.34736677457
3.0115843339668515,108544.05734572854
3.005696766890182,108657.90445912263
3.0005318684274016,108771.88889360681
2.996170907167624,108886.01083611143
2.992643532873302,109000.27047384527
2.9898919362232164,109114.66799430158
2.9878498409684227,109229.20358525522
2.9864509708598206,109343.87743475949
2.9856290496484235,109458.68973115567
2.985317801085145,109573.64066306199
2.9854509489209846,109688.73041938645
2.985962216906856,109803.9591893188
2.986785328793772,109919.32716233171
2.9878540083327607,110034.83452818278
2.9891019792746647,110150.48147691823
2.9904629653704973,110266.268198867
2.9918706903712575,110382.194884646
2.9932588780278593,110498.26172515817
2.994561252091259,110614.46891159377
2.9957115363124984,110730.81663543319
2.996643454442477,110847.30508843953
2.99729073023218,110963.93446267096
2.997587087432578,111080.70495047164
2.9974662497946127,111197.61674447461
2.996870214602879,111314.67003760544
2.9958000599811214,111431.86502307792
2.994282556988452,111549.20189440007
2.9923445819308228,111666.68084536676
2.9900130111140157,111784.30207006886
2.9873147208439974,111902.06576288975
2.984276587426578,112019.97211850258
2.980925487167596,112138.02133187566
2.9772882963729757,112256.21359827358
2.973391891348612,112374.5491132538
2.969263148400344,112493.02807266549
2.9649289438339537,112611.65067265724
2.960416153955464,112730.41710967272
2.9557516550706424,112849.32758045198
2.950962323485385,112968.38228202872
2.946075035505558,113087.58141174038
2.9411166674370577,113206.92516721584
2.9361140955857365,113326.41374638713
2.9310941962574617,113446.04734748183
2.9260838457581,113565.82616902768
2.9211098318820206,113685.75040985378
2.916193141746575,113805.82026908793
2.911345477752363,113926.03594615868
2.906577708277297,114046.39764079587
2.9019007016993044,114166.9055530311
2.8973253263963556,114287.55988319984
2.892862450746378,114408.36083193788
2.888522943127299,114529.30860018673
2.8843176719171026,114650.4033891908
2.880257505493674,114771.64540049552
2.8763533122349827,114893.03483595673
2.872615960518985,115014.57189773068
2.869056318723537,115136.25678828344
2.865685255226694,115258.0897103824
2.862513638406341,115380.07086710581
2.8595523366404763,115502.2004618392
2.856812218306942,115624.47869827336
2.8543041517837366,115746.90578040824
2.852039005448802,115869.48191255415
2.850027647680065,115992.20729932825
2.8482809468554535,116115.08214566078
2.846806977102176,116238.10665678568
2.8455951523776406,116361.28103825677
2.844627243271276,116484.60549593264
2.843884997317815,116608.08023598614
2.843350162052033,116731.7054649025
2.843004485008663,116855.48138947648
2.8428297137224945,116979.40821682205
2.84280759572826,117103.48615436288
2.8429198785606644,117227.71540984044
2.8431483097545396,117352.09619130607
2.843474636844533,117476.62870713079
2.8438806073654916,117601.31316600069
2.8443479688521336,117726.14977691587
2.844858468839263,117851.13874919762
2.8453938548614985,117976.28029248223
2.8459358744537155,118101.5746167241
2.8464662751506182,118227.02193219613
2.8469668044869536,118352.62244949122
2.847419209997483,118478.37637952185
2.8478052392169815,118604.28393351988
2.8481068291250153,118730.34532303612
2.8483165694291017,118856.5607599485
2.848443163617844,118982.93045645076
2.8484966558219327,119109.45462506068
2.8484870901720427,119236.13347861875
2.8484245107988215,119362.96723029057
2.8483189618329448,119489.95609356553
2.848180487405074,119617.10028225242
2.8480191316458985,119744.40001049082
2.8478449386860945,119871.85549274333
2.8476679526562947,119999.46694380017
2.847498217687175,120127.23457877565
2.8473457779094247,120255.15861311195
2.8472206774536915,120383.23926257977
2.847132960450665,120511.47674327709
2.847092671031021,120639.87127163065
2.8471098533253354,120768.42306439899
2.8471945514643977,120897.13233866614
2.8473568095788124,121025.99931184996
2.847606671799255,121155.02420169572
2.8479541822564443,121284.2072262853
2.8484060775678017,121413.54860402655
2.8489484217720644,121543.04855366502
2.8495593077166177,121672.70729427587
2.850216811343955,121802.52504526965
2.850899008596741,121932.50202639021
2.8515839754174976,122062.63845771614
2.8522497877488746,122192.93455966395
2.8528745215333373,122323.39055298074
2.8534362527135357,122454.00665875527
2.8539130572320204,122584.78309840977
2.854283011031356,122715.7200937057
2.8545241900541356,122846.81786674263
2.8546146702429382,122978.07663995698
2.854532527540357,123109.49663612703
2.8542558378889424,123241.0780783673
2.853762677231259,123372.82119013785
2.8530311215099005,123504.72619523354
2.8520392466674167,123636.79331779676
2.8507651286464153,123769.02278230585
2.8491868433895036,123901.41481358516
2.847282793488901,124033.96963680397
2.8450473006083,124166.68747747177
2.8424974498153404,124299.56856144236
2.8396520768162645,124432.61311491695
2.8365300173173438,124565.82136444139
2.8331501070247214,124699.19353690662
2.8295311816446542,124832.72985954833
2.825692076883385,124966.43055995385
2.821651628447057,125100.29586605645
2.817428672041956,125234.326006135
2.8130420433742955,125368.52120882172
2.808510578150262,125502.88170309387
2.803853112076098,125637.40771828222
2.799088480857975,125772.09948406735
2.7942355202021787,125906.95723047743
2.789313065814923,126041.98118790048
2.7843399534023376,126177.17158706702
2.7793350186707357,126312.52865906946
2.7743170973263034,126448.05263534753
2.7693050250752123,126583.74374769683
2.7643176376237335,126719.6022282677
2.7593737706780956,126855.62830956846
2.7544922599444988,126991.82222445973
2.749691941129157,127128.18420616043
2.7449916499382567,127264.71448824469
2.740410222078083,127401.41330464621
2.7359664932547787,127538.28088965779
2.7316792991746155,127675.31747792747
2.7275674755438217,127812.52330446732
2.7236498580685407,127949.89860464579
2.7199452824550576,128087.44361419292
2.7164725844096154,128225.15856920088
2.713250599638357,128363.04370612372
2.71029816384754,128501.09926177611
2.707634112743378,128639.32547333943
2.7052772820320428,128777.72257835323
2.703246507419834,128916.29081472685
2.7015606246128527,129055.03042073168
2.700238469317455,129193.94163500376
2.6992988772398405,129333.02469654885
2.698760684086139,129472.27984473479
2.6986419556949954,129611.70731930138
2.6989279545920652,129751.30736035078
2.699559588715374,129891.0802083583
2.700474619764975,130031.02610416838
2.7016108094408224,130171.14528899342
2.7029059194429834,130311.43800441429
2.704297711471412,130451.90449238753
2.7057239472262182,130592.54499523852
2.707122388407342,130733.35975566295
2.7084307967147936,130874.34901673594
2.709586933848641,131015.51302189767
2.7105285615088945,131156.85201496896
2.7111934413955368,131298.3662401416
2.711519335208621,131440.05594198644
2.7114440046481434,131581.92136544388
2.710905211414101,131723.96275583823
2.709840717206532,131866.18035886835
2.7081882837254625,132008.57442060809
2.705885672670874,132151.1451875126
2.70287064574282,132293.89290641618
2.699080964641297,132436.8178245319
2.69447147299104,132579.92018945515
2.6890907216904196,132723.20024915852
2.6830192279609832,132866.65825200005
2.676337536279675,133010.29444671824
2.669126191123482,133154.1090824344
2.661465736969433,133298.10240865452
2.6534367182945573,133442.2746752696
2.6451196795757,133586.62613255085
2.6365951652899753,133731.15703116063
2.627943719914356,133875.86762214368
2.6192458879258,134020.75815693432
2.610582213801294,134165.8288873515
2.6020332420178818,134311.0800656032
2.5936795170524647,134456.511944289
2.5856015833821004,134602.12477639402
2.577879985483733,134747.91881529437
2.5705952678344204,134893.89431475685
2.563827974911092,135040.0515289425
2.557658651190735,135186.39071239857
2.5521678411503785,135332.91212007072
2.5474346164172204,135479.61600729407
2.5434827549222803,135626.50262979965
2.540265321751363,135773.5722437131
2.5377307667060194,135920.8251055544
2.5358275395877854,136068.26147223846
2.5345040901982117,136215.8816010817
2.533708868338934,136363.68574978903
2.5333903238115028,136511.67417647308
2.5334969064174118,136659.84713964115
2.5339770659583394,136808.20489819493
2.5347792522357366,136956.7477114439
2.5358519150512535,137105.47583909423
2.5371435042064405,137254.38954125237
2.5386024695028624,137403.4890784287
2.5401772607420128,137552.7747115363
2.5418163277256127,137702.24670189142
2.543468120255099,137851.90531121244
2.545081088132065,138001.75080162432
2.5466036811581034,138151.7834356564
2.5479843491347367,138302.00347624597
2.5491715418636005,138452.41118673407
2.550123077933975,138603.00683087116
2.5508449630266625,138753.7906728137
2.5513586516771767,138904.7629771299
2.551685605497454,139055.92400879742
2.551847286099573,139207.27403320008
2.551865155095399,139358.81331613354
2.551760674096954,139510.5421238108
2.551555304716203,139662.46072284822
2.551270508565139,139814.56938028196
2.550927747255699,139966.8683635588
2.5505484823998756,140119.35794053978
2.550154175609677,140272.0383795009
2.5497662884970254,140424.90994913684
2.5494062826738997,140577.97291855363
2.5490956197522934,140731.22755727638
2.5488557613441998,140884.67413524896
2.548708169061584,141038.31292283573
2.548674304516382,141192.14419081516
2.548775629320602,141346.16821038668
2.5490336050862226,141500.38525317423
2.5494689693661314,141654.79559122009
2.550078345787881,141809.3994969885
2.5508291854066982,141964.19724336645
2.551687191973116,142119.18910366535
2.5526180692376528,142274.37535161967
2.553587520950856,142429.75626139087
2.5545612508633013,142585.3321075638
2.5555049627254647,142741.10316514768
2.5563843602878933,142897.06970958377
2.5571651473011627,143053.23201673792
2.557813027515735,143209.59036290355
2.5582937046822565,143366.14502480612
2.5585728825511325,143522.89627959908
2.558616264873038,143679.84440486738
2.5583895553984206,143836.98967862435
2.557858457877799,143994.3323793214
2.5569886760617777,144151.87278583768
2.5557459137008323,144309.61117748587
2.5540958745455384,144467.5478340159
2.5520042623464008,144625.68303560963
2.5494367808539806,144784.01706288874
2.5463725895288007,144942.55019690623
2.5428557609986626,145101.28271915638
2.5389499173485746,145260.21491156833
2.534718684612102,145419.3470565139
2.5302256888226964,145578.67943679824
2.525534556013838,145738.21233567173
2.520708912219021,145897.94603682566
2.515812383471797,146057.88082438984
2.5109085958056028,146218.01698293537
2.5060611752539756,146378.35479748275
2.501333747850424,146538.89455349217
2.496789939628414,146699.63653686843
2.4924933766214394,146860.5810339617
2.488507684862981,147021.7283315693
2.4848964903866317,147183.07871693335
2.4817234192257445,147344.63247774672
2.479052097413941,147506.38990214962
2.4769461509846167,147668.35127872828
2.475469205971379,147830.51689652298
2.4746848884076513,147992.88704502364
2.474654909567292,148155.46201417057
2.475384067178936,148318.24209435622
2.4768120155646187,148481.22757642603
2.4788748388968997,148644.4187516812
2.481508621348425,148807.81591187327
2.4846494470918117,148971.41934921534
2.4882334002996913,149135.22935636804
2.4921965651447806,149299.24622645733
2.496475025799583,149463.47025306348
2.5010048664368014,149627.9017302199
2.5057221712290527,149792.54095242746
2.5105630243489827,149957.38821464282
2.5154635099691944,150122.4438122843
2.520359712262305,150287.70804122742
2.5251877154010174,150453.18119781953
2.5298836035578915,150618.8635788593
2.5343834609056017,150784.75548161767
2.5386233716167226,150950.85720382808
2.5425394198639424,151117.16904368828
2.5460676898198784,151283.69129986217
2.5491442656571195,151450.42427148056
2.5517168089032936,151617.3682581431
2.553785382110533,151784.523559917
2.555364866129935,151951.89047734078
2.5564701427279175,152119.46931141996
2.557116093670942,152287.26036363316
2.5573176007253835,152455.26393592957
2.557089545657732,152623.48033073096
2.5564468102344193,152791.90985093455
2.5554042762218643,152960.55279990844
2.5539768253864565,153129.40948150004
2.5521793394946997,153298.48020002595
2.5500267003129835,153467.76526028366
2.5475337896077406,153637.26496754802
2.54471548914546,153806.9796275731
2.5415866806924754,153976.90954658875
2.538162246015304,154147.05503130675
2.5344570668803215,154317.41638891835
2.5304860250540315,154487.9939270952
2.5262640023027387,154658.7879539966
2.521805880393032,154829.7987782573
2.517126541091301,155001.02670900244
2.5122408661638786,155172.4720558364
2.507163737377283,155344.1351288546
2.5019100364979323,155516.0162386344
2.496494645292259,155688.11569624138
2.4909324455266955,155860.4338132303
2.4852383189677028,156032.97090164473
2.4794271473816423,156205.72727401677
2.4735138125350176,156378.70324336906
2.4675131961942185,156551.89912321666
2.4614401801256633,156725.31522756565
2.455309646095813,156898.95187091743
2.4491364758711427,157072.8093682616
2.4429355512180138,157246.8880350903
2.4367217539029014,157421.1881873844
2.4305099656922238,157595.71014162572
2.4243150683523993,157770.45421479212
2.418151943649903,157945.42072435623
2.4120354733510965,158120.60998829507
2.4059805392224405,158296.02232508102
2.4000020230304244,158471.65805368708
2.3941127027278526,158647.51749359214
2.3883164206431786,158823.6009647752
2.3826146471614322,158999.90878771394
2.3770088526496522,159176.44128339796
2.371500507475062,159353.1987733149
2.3660910820047576,159530.1815794628
2.3607820466058342,159707.3900243428
2.355574871645416,159884.82443096588
2.3504710274906984,160062.4851228524
2.3454719845087766,160240.37242402745
2.3405792130667322,160418.48665903072
2.335794183531732,160596.82815290944
2.3311183662709425,160775.3972312272
2.326553231651417,160954.19422005574
2.322100250040293,161133.21944598036
2.317760891804781,161312.47323610424
2.3135366273118336,161491.95591804356
2.309428926928774,161671.66781993184
2.305439261022599,161851.60927041978
2.3015690999605454,162031.78059867246
2.297819914109624,162212.1821343785
2.2941931738370016,162392.8142077462
2.2906903495098163,162573.6771494988
2.2873129114952206,162754.77129088787
2.284062330160282,162936.09696368402
2.280940075872195,163117.65450018222
2.2779476189980414,163299.44423319708
2.2750864299049454,163481.46649607748
2.272357978960059,163663.72162269027
2.269763736530493,163846.20994743137
2.267305172983356,164028.93180522928
2.2649837586858155,164211.8875315318
2.2628009640049953,164395.07746232324
2.2607582593080195,164578.5019341174
2.258857114961984,164762.16128395818
2.2570990013340406,164946.05584942418
2.2554853887913,165130.1859686214
2.2540177477008996,165314.5519801981
2.2526975484299783,165499.15422333064
2.25152626134566,165683.99303773482
2.2505053568150117,165869.06876366332
2.249634600548532,166054.3817419066
2.248906963368782,166239.93231379276
2.2483137232904653,166425.72082118707
2.2478461583282012,166611.74760650375
2.2474955464967366,166798.0130126889
2.2472531658107613,166984.51738323594
2.247110294284937,167171.26106218278
2.247058209933982,167358.2443941068
2.2470881907725726,167545.46772413538
2.2471915148154125,167732.93139793974
2.2473594600771776,167920.63576173928
2.247583304572572,168108.58116230153
2.2478543263163004,168296.76794693928
2.2481638033229956,168485.1964635213
2.248503013607376,168673.8670604624
2.248863235184203,168862.78008673154
2.2492357460680523,169051.93589184925
2.2496118242736998,169241.33482589215
2.2499827478157783,169430.97723948554
2.2503397947090207,169620.8634838186
2.250674418632258,169810.99391063116
2.250981899207119,170001.3688722229
2.251261226581903,170191.98872144957
2.251511543479012,170382.85381172874
2.251731992620904,170573.96449703834
2.251921716729896,170765.32113191884
2.2520798585285178,170956.92407146702
2.2522055607390996,171148.77367134893
2.2522979660840576,171340.87028779366
2.252356217285822,171533.2142775955
2.252379457066823,171725.8059981125
2.252366828149462,171918.6458072711
2.252317473256099,172111.7340635682
2.2522305351091774,172305.07112606626
2.2521051564311847,172498.65735440387
2.251940479944423,172692.49310877966
2.2517356483713797,172886.57874997414
2.251489804434385,173080.91463933836
2.2512020908559407,173275.5011387974
2.250871650358377,173470.33861084888
2.250497625688297,173665.4274185676
2.250081475998442,173860.76792560788
2.2496333262819377,174056.3604961995
2.2491653276345147,174252.20549515114
2.2486896311518194,174448.30328785285
2.2482183879294553,174644.654240273
2.247763749063182,174841.25871896694
2.247337865648575,175038.11709106684
2.246952888781294,175235.2297242937
2.2466209695570996,175432.59698694982
2.2463542590715377,175630.219247926
2.2461649084203543,175828.09687670122
2.246065068699181,176026.23024333877
2.2460668910036787,176224.61971849218
2.246182526429493,176423.26567340747
2.2464241260722986,176622.16847991807
2.2468038410278126,176821.32851045183
2.247333822391596,177020.74613802985
2.2480262212594226,177220.42173626344
2.248893188726825,177420.35567936665
2.249946875889563,177620.54834214217
2.251197923074372,177821.00009999357
2.252627055029663,178021.71132892274
2.2541875420557176,178222.68240552823
2.2558316370474643,178423.91370701397
2.2575115928998315,178625.40561117884
2.2591796625077762,178827.15849643046
2.260788098766298,179029.172741771
2.2622891545702117,179231.44872681968
2.2636350828145453,179433.98683178858
2.264778136394199,179636.78743750515
2.2656705682041434,179839.8509253994
2.2662646311392933,180043.17767751243
2.266512578094577,180246.76807649512
2.2663666619649803,180450.6225056077
2.2657791356454027,180654.741348721
2.264702252030773,180859.1249903238
2.2630882640161047,181063.77381551228
2.2608894244962414,181268.68821000287
2.2580579863661825,181473.86856012797
2.254546202520814,181679.3152528306
2.2503063275317032,181885.02867567714
2.2453137855546146,182091.00921685706
2.2396253675644004,182297.25726516847
2.2333157161808828,182503.77321004518
2.226459474023855,182710.5574415304
2.219131283713139,182917.6103503
2.2114057878684577,183124.93232765057
2.203357629109803,183332.52376550302
2.195061450056855,183540.38505640771
2.186591893329421,183748.5165935454
2.1780236015473804,183956.91877071804
2.169431217330498,184165.59198236538
2.160889383298624,184374.53662355177
2.1524727420714385,184583.75308998037
2.1442559362689337,184793.2417779797
2.136313608510818,185003.003084522
2.128720401416942,185213.0374072096
2.121550957607056,185423.34514427898
2.114879919701039,185633.92669460943
2.108781930318699,185844.7824577179
2.103331632079744,186055.91283375985
2.0986003487925586,186267.3182235318
2.0945994443253824,186478.99902847238
2.09128821515246,186690.9556506662
2.088624227309154,186903.18849283824
2.0865650468308985,187115.69795836293
2.0850682397529425,187328.48445125602
2.08409137211072,187541.54837618893
2.0835920099395793,187754.8901384714
2.0835277192748123,187968.51014407506
2.0838560661518954,188182.40879961062
2.0845346166060637,188396.58651235182
2.085520936672779,188611.04369022034
2.0867725923873195,188825.78074178973
2.0882471497851185,189040.79807629457
2.0899021749014537,189256.09610362616
2.0916952337717447,189471.67523432843
2.0935838924313543,189687.53587960702
2.0955257169155743,189903.67845133317
2.0974782732598385,190120.10336202872
2.0993991274994386,190336.81102488883
2.101245847169963,190553.80185376553
2.1029826975934753,190771.07626317837
2.104596031000824,190988.6346683089
2.1060767459260177,191206.47748501378
2.1074157409029795,191424.6051298113
2.1086039144657747,191643.01801989053
2.109632165148355,191861.7165731125
2.1104913914847145,192080.7012080073
2.1111724920087767,192299.9723437848
2.1116663652546634,192519.5304003167
2.1119639097562413,192739.37579816504
2.112056024047533,192959.50895855602
2.1119336066625323,193179.93030339756
2.1115875561352198,193400.640255282
2.111008770999618,193621.63923747468
2.1101881497896358,193842.92767391948
2.109116591039296,194064.50598925227
2.107784993282621,194286.374608787
2.1061842550535346,194508.53395852237
2.104305274886059,194730.98446514437
2.1021389513142026,194953.72655602344
2.0996773198583156,195176.7606592225
2.096931217942938,195400.0872034912
2.093926930143141,195623.70661826857
2.0906911989351755,195847.61933369123
2.0872507667953784,196071.8257805819
2.0836323762001,196296.32639046322
2.0798627696256347,196521.12159555077
2.0759686895482616,196746.21182875958
2.0719768784443318,196971.59752369433
2.067914078790139,197197.27911467294
2.0638070330620195,197423.2570366997
2.0596824837362533,197649.53172549192
2.0555671732891767,197876.10361745983
2.051487844197098,198102.97314972486
2.047471238936339,198330.1407601124
2.043544099983137,198557.60688715585
2.039733169813914,198785.37197008787
2.0360651909048926,199013.4364488587
2.0325669057324944,199241.80076413168
2.0292650567729,199470.46535727038
2.0261863829003346,199699.43067036103
2.023350335498023,199928.69714619822
2.0207537903234254,200158.26522829462
2.0183892647474977,200388.13536088084
2.0162492761413233,200618.30798889816
2.0143263418758153,200848.78355801685
2.0126129793220002,201079.5625146203
2.0111017058508764,201310.64530581204
2.0097850388333995,201542.03237942694
2.0086554956405394,201773.72418401824
2.0077055936433226,202005.72116886306
2.0069278502127332,202238.02378396798
2.006314782719784,202470.63248006604
2.005858908535373,202703.54770862224
2.0055527450305846,202936.76992182634
2.005388809576374,203170.2995726069
2.0053596195436967,203404.13711461972
2.005457692303594,203638.2830022578
2.005675545227021,203872.73769064673
2.006005695684962,204107.5016356533
2.006440661048444,204342.5752938795
2.006972958688422,204577.95912266822
2.007595105975895,204813.65358010164
2.008299620281818,205049.65912500388
2.009079018977218,205285.9762169424
2.009925819433093,205522.60531623365
2.0108325390203845,205759.54688393272
2.0117916951101336,205996.80138184482
2.012795805073253,206234.3692725266
2.0138373862808123,206472.25101928314
2.014908956103781,206710.44708616773
2.0160030319131153,206948.95793798906
2.017112131079813,207187.78404030672
2.0182287709749005,207426.92585944125
2.019345468969334,207666.3838624638
2.0204547424340547,207906.15851720766
2.0215491087401745,208146.25029225793
2.0226210852585353,208386.65965696741
2.023663189360235,208627.38708145078
2.024667938416215,208868.43303658284
2.025627849797445,209109.79799400276
2.0265354415823396,209351.48242611563
2.0273840132626333,209593.48680609206
2.0281691394973365,209835.81160788014
2.0288868067478347,210078.45730618588
2.0295330014756416,210321.42437648942
2.030103710142015,210564.7132950509
2.0305949192084967,210808.32453889694
2.031002615136458,211052.25858583234
2.031322784387413,211296.51591443556
2.0315514134226618,211541.09700406453
2.0316844887036325,211786.00233486257
2.031717996691839,212031.2323877416
2.031647923848638,212276.7876444093
2.0314702566354583,212522.6685873447
2.031180981513714,212768.8756998162
2.0307760849448755,213015.4094658845
2.0302515533903005,213262.27037038578
2.02960337331146,213509.4588989604
2.028827531169739,213756.9755380224
2.0279200134265807,214004.82077478972
2.0268768065433846,214252.9950972705
2.0256943682671817,214501.49899426432
2.024375740861899,214750.3329553683
2.022928806511061,214999.4974709815
2.0213615593671364,215248.99303229412
2.0196819935826227,215498.8201313026
2.0178981033099745,215748.9792608005
2.0160178827017035,215999.47091438726
2.0140493259102357,216250.29558646842
2.0120004270880827,216501.4537722492
2.0098791803877134,216752.94596774963
2.0076935799615967,217004.77266978938
2.0054516199622014,217256.93437600884
2.003161294542039,217509.43158484917
2.000830597853536,217762.26479557535
1.998467524049218,218015.434508259
1.996080067281497,218268.94122378755
1.9936762217029553,218522.78544387038
1.9912639814659627,218776.96767103244
1.9888513407230164,219031.4884086204
1.986446293626642,219286.34816079945
1.9840568343292944,219541.54743256248
1.9816909569834138,219797.08672972536
1.9793566557414977,220052.9665589236
1.9770619247560575,220309.18742763114
1.9748147581795337,220565.74984414293
1.9726231501644236,220822.65431758747
1.9704950948631819,221079.9013579234
1.9684385864282206,221337.49147594118
1.9664616190121365,221595.42518327376
1.9645721867673842,221853.70299237937
1.9627782838463332,222112.32541656186
1.961087904401623,222371.2929699626
1.9595090425855943,222630.60616755896
1.9580496925508157,222890.2655251799
1.9567178484496566,223150.2715594885
1.9555215044346994,223410.62478799783
1.9544686546583847,223671.32572906595
1.9535672932731387,223932.37490190062
1.952825414431544,224193.7728265592
1.9522510122859842,224455.52002394863
1.9518520809889424,224717.6170158269
1.951635232776141,224980.0643248109
1.9515892674024826,225242.8624743716
1.9516906044178768,225506.0119888339
1.9519154131885017,225769.5133933846
1.9522398630805782,226033.36721406918
1.952640123460256,226297.57397779636
1.953092363693841,226562.13421233813
1.9535727531474407,226827.04844632972
1.954057461187304,227092.31720927096
1.9545226571796235,227357.9410315361
1.9549445104905772,227623.92044436058
1.9552991904864143,227890.2559798541
1.955562866533299,228156.94817100686
1.9557117079974518,228423.99755166855
1.9557218842450652,228691.40465657413
1.9555695646423317,228959.17002133242
1.9552309185555004,229227.29418243255
1.9546821153506926,229495.77767724392
1.9538993243942002,229764.62104401275
1.952858715052173,230033.82482187683
1.9515364777562212,230303.38955085233
1.9499183333998928,230573.31577184686
1.9480145550441392,230843.60402664944
1.9458393156384375,231114.2548579471
1.9434067881323784,231385.26880930967
1.940731145475425,231656.64642520982
1.9378265606171396,231928.3882509997
1.9347072065070563,232200.49483294398
1.9313872560946947,232472.96671819827
1.9278808823295321,232745.80445480903
1.9242022581611735,233019.00859173675
1.920365556539096,233292.5796788344
1.916384950412862,233566.51826686875
1.9122746127319346,233840.82490750225
1.9080487164458617,234115.5001533045
1.9037214345041775,234390.54455776553
1.8993069398564586,234665.95867527413
1.8948194054521537,234941.74306113776
1.8902730042408393,235217.89827157254
1.8856819091719785,235494.4248637115
1.8810602931951337,235771.32339560793
1.8764223292598814,236048.5944262303
1.8717821903156562,236326.2385154672
1.867154049312063,236604.25622413075
1.8625520791985792,236882.64811395475
1.8579904529247386,237161.4147475999
1.8534833434400753,237440.5566886484
1.8490449236940947,237720.07450162273
1.8446893666363167,237999.96875196017
1.840430845216332,238280.24000603988
1.836283532383618,238560.88883117592
1.83226160108768,238841.9157956057
1.8283792242780947,239123.32146851663
1.8246505749043394,239405.10642002447
1.821089825915962,239687.27122119337
1.8177111502624541,239969.81644401897
1.8145287208934207,240252.74266145224
1.8115567107582962,240536.05044737895
1.8088092928066999,240819.74037663665
1.8063006399880521,241103.81302501136
1.8040449252519721,241388.2689692375
1.8020562985494166,241673.10878700472
1.8003415523148334,241958.33305694925
1.7988896349358328,242243.94235866773
1.7976868422557715,242529.93727271535
1.7967194701179352,242816.3183806008
1.7959738143656523,243103.0862647948
1.7954361708422226,243390.2415087335
1.7950928353909745,243677.78469681344
1.7949301038551795,243965.71641439482
1.7949342720781942,244254.0372478102
1.7950916359033045,244542.74778436113
1.7953884911738527,244831.84861230763
1.7958111337331388,245121.34032089947
1.796345859424477,245411.2235003518
1.7969789640911387,245701.49874185567
1.7976967435765232,245992.16663757976
1.798485493723902,246283.22778067377
1.7993315103765326,246574.68276526677
1.8002210893777715,246866.5321864707
1.8011405265709755,247158.77664038382
1.802076117799416,247451.41672409076
1.8030141885276123,247744.45303566434
1.803941391247335,248037.8861741601
1.804844581492901,248331.716739636
1.80571061784282,248625.94533313974
1.8065263588758,248920.57255671074
1.8072786631705782,249215.5990133908
1.807954389305678,249511.0253072151
1.8085403958598363,249806.85204322476
1.809023541411662,250103.07982745432
1.8093906845398209,250399.70926695495
1.8096286838229787,250696.7409697784
1.8097243978397728,250994.17554497527
1.8096646851688973,251292.01360262177
1.8094364043889044,251590.255753793
1.809026414078545,251888.90261058428
1.8084215728163997,252187.95478609885
1.8076087391811768,252487.41289446387
1.8065747717515421,252787.27755082335
1.805306529106062,253087.5493713399
1.8037908698234162,253388.2289731985
1.8020146836699809,253689.31697460994
1.7999722394819315,253990.81399480923
1.7976746635597323,254292.72065405909
1.7951354254338128,254595.0375736555
1.792367994634418,254897.76537591874
1.7893858406919776,255200.90468421133
1.7862024331368218,255504.45612292388
1.7828312414992524,255808.4203174893
1.7792857353096565,256112.79789437228
1.7755793840984353,256417.5894810836
1.7717256573958764,256722.79570618033
1.7677380247323384,257028.417199255
1.7636299556382227,257334.45459095004
1.7594149196438167,257640.90851295984
1.7551063862795218,257947.77959802523
1.7507178250756112,258255.0684799409
1.7462627055625433,258562.77579355182
1.7417544972706196,258870.9021747605
1.7372066697301562,259179.44826053266
1.732632692471583,259488.41468888635
1.728046035025173,259797.80209890465
1.7234601669212992,260107.6111307305
1.7188885576903772,260417.84242557758
1.7143446768626944,260728.49662572128
1.7098419939685812,261039.5743745117
1.7053939785384529,261351.07631636813
1.7010141001026113,261663.0030967755
1.6967158281914152,261975.35536230652
1.69251263233528,262288.13376060163
1.6884179820644363,262601.3389403817
1.6844453469093992,262914.9715514505
1.6806081964003852,263229.03224469227
1.6769200000677387,263543.521672078
1.6733942274419178,263858.44048666506
1.670044348053196,264173.78934259585
1.6668838314319316,264489.56889510853
1.6639261471085405,264805.7798005285
1.6611847646132816,265122.4227162808
1.658673153476542,265439.49830087967
1.6564047832286803,265757.00721394503
1.6543931234000553,266074.95011619537
1.6526515940490754,266393.3276694495
1.6511846486279325,266712.1405366307
1.6499774349722998,267031.3893817684
1.6490125939048,267351.07487000234
1.648272766248013,267671.19766758435
1.6477405928246185,267991.7584418709
1.6473987144571538,268312.7578613406
1.6472297719682132,268634.1965955843
1.6472164061804335,268956.07531531126
1.6473412579163949,269278.39469235303
1.6475869679986914,269601.15539966157
1.64793617724996,269924.358111315
1.648371526492781,270248.0035025143
1.6488756565497766,270572.09224959434
1.6494312082434988,270896.6250300168
1.6500208223966126,271221.6025223797
1.6506271398316983,271547.02540640405
1.6512328013713216,271872.8943629667
1.6518204478381193,272199.2100740658
1.6523727200547,272525.973222848
1.652872258843658,272853.18449360074
1.6533030883326632,273180.8445717563
1.6536624072916197,273508.9541439016
1.653954711085774,273837.513897761
1.654184572501265,274166.52452221164
1.6543565643243028,274495.9867072899
1.654475259341055,274825.90114418516
1.6545452303377743,275156.2685252385
1.6545710501006425,275487.08954396384
1.6545572914158129,275818.3648950172
1.654508527069538,276150.09527423565
1.6544293298480142,276482.2813786143
1.6543242725373801,276814.923906314
1.654197927923832,277148.0235566714
1.6540548687936223,277481.58103019133
1.653899667932933,277815.59702855063
1.6537368981279315,278150.0722546105
1.6535711321648137,278485.00741240446
1.6534069428298324,278820.40320714074
1.6532489029090982,279156.260345228
1.6531015851888924,279492.57953424
1.652969550715241,279829.36148294725
1.6528556839380144,280166.6069013114
1.6527594654094173,280504.3165004793
1.6526799631620435,280842.4909927994
1.6526162452285433,281181.1310918076
1.6525673796414537,281520.23751223565
1.652532434433482,281859.8109700251
1.6525104776372217,282199.85218231555
1.652500577285224,282540.361867445
1.6525018014101533,282881.3407449699
1.6525132180446178,283222.7895356393
1.6525338952212252,283564.70896142896
1.6525629009725975,283907.09974551795
1.6525993033313569,284249.96261230623
1.6526421703300826,284593.29828740144
1.6526905700014254,284937.1074976427
1.6527435703779787,285281.3909710851
1.6528002394923789,285626.1494370118
1.6528596453772195,285971.383625922
1.6529208560650943,286317.0942695558
1.6529829395886537,286663.2821008778
1.6530449699670982,287009.94785408553
1.6531060742958203,287357.09226461186
1.6531654074161395,287704.71606912906
1.653222124411414,288052.8200055492
1.6532753803650024,288401.40481302416
1.6533243303602632,288750.4712319501
1.6533681294804978,289100.02000397374
1.6534059328090933,289450.05187198234
1.653436895429337,289800.5675801223
1.6534601724247011,290151.5678737893
1.6534749188783735,290503.0534996365
1.6534802898738405,290855.02520557295
1.6534754404943754,291207.4837407679
1.6534595258233793,291560.4298556568
1.6534317009440826,291913.864301932
1.6533911209400003,292267.78783256287
1.6533369408943202,292622.20120178204
1.6532683158905002,292977.1051650875
1.6531844010118135,293332.50047926774
1.653084351341704,293688.38790237304
1.652967336223412,294044.7681937385
1.6528341669798152,294401.64211397787
1.6526887999595345,294759.01042499254
1.6525355467966563,295116.873889961
1.6523787191251387,295475.2332733601
1.65222262857894,295834.0893409466
1.6520715867920757,296193.44285977806
1.6519299053985605,296553.2945982051
1.6518018960323815,296913.6453258733
1.6516918703274968,297274.49581372616
1.6516041399179784,297635.846834011
1.6515430164377847,297997.6991602884
1.6515128115209023,298360.05356741254
1.651517836801304,298722.91083155153
1.651562403913033,299086.2717301868
1.6516508244900194,299450.1370421161
1.6517874101663352,299814.5075474449
1.6519764725759387,300179.384027606
1.6522223233528166,300544.76726534904
1.6525292741310125,300910.65804474737
1.652901636544442,301277.05715120013
1.653342172825802,301643.96537144145
1.6538408407604805,302011.3834935255
1.6543812831687745,302379.31230684405
1.6549470984312933,302747.752602133
1.6555218849288593,303116.70517144946
1.6560892410419825,303486.1708082081
1.6566327651514143,303856.15030715376
1.657136055637821,304226.64446438313
1.6575827108818544,304597.6540773454
1.6579563292641808,304969.1799448248
1.6582405091655232,305341.2228669735
1.6584188489664768,305713.78364529496
1.6584749470477789,306086.8630826437
1.6583924017900245,306460.46198324766
1.6581548115739793,306834.5811526823
1.6577457747802953,307209.22139789927
1.6571488897895392,307584.38352721574
1.6563477549825052,307960.0683503148
1.6553259687398167,308336.2766782589
1.6540671294421543,308713.00932347914
1.6525549352649023,309090.2670997911
1.6507825284421358,309468.050822384
1.6487601248621786,309846.3613078365
1.6464997359555582,310225.19937410386
1.6440133731529016,310604.565840538
1.6413130478846654,310984.4615278791
1.6384107715815333,311364.8872582561
1.635318555673976,311745.84385519975
1.6320484115926206,312127.3321436325
1.6286123507679804,312509.3529498842
1.6250223846306966,312891.9071016832
1.6212905246112115,313274.9954281616
1.6174287821402231,313658.61875986203
1.6134491686482164,314042.7779287448
1.6093636955658184,314427.47376817703
1.6051843743234997,314812.70711293747
1.600923216351859,315198.47879923705
1.5965922330815232,315584.78966469684
1.59220343594302,315971.64054836176
1.5877688363668767,316359.0322907078
1.5833004457836921,316746.96573364234
1.578810275624022,317135.4417204955
1.5743103373184368,317524.4610960454
1.5698126422975776,317914.024706489
1.5653292019918439,318304.1333994812
1.5608720278319197,318694.78802410536
1.5564531312483325,319085.9894308991
1.552084523671681,319477.7384718453
1.5477782165324925,319870.03600037243
1.5435462212612947,320262.88287136663
1.5394005492887572,320656.2799411672
1.5353532120453366,321050.22806757415
1.5314162209617166,321444.7281098482
1.5276015874683395,321839.7809287071
1.523921322995875,322235.38738634606
1.5203874389748364,322631.5483464204
1.517011946835737,323028.2646740639
1.513806858009218,323425.5372358778
1.5107841839258214,323823.3668999453
1.5079559360161454,324221.75453582685
1.5053341257107036,324620.70101456787
1.502930675924901,325020.20720869675
1.500750513273573,325420.2739922323
1.4987866207610239,325820.9022406816
1.4970308138036614,326222.0928310453
1.4954749078182346,326623.84664182493
1.4941107182212932,327026.16455301637
1.4929300604294014,327429.04744611256
1.4919247498592227,327832.49620412267
1.4910866019272646,328236.51171155367
1.4904074320501337,328641.0948544297
1.4898790556445363,329046.2465202854
1.4894932881269796,329451.96759816166
1.489241944914042,329858.2589786318
1.4891168414223728,330265.1215537833
1.4891097930685788,330672.55621723004
1.4892126152691816,331080.563864108
1.4894171234408162,331489.14539108746
1.489715133000118,331898.3016963735
1.490098459363665,332308.03367969947
1.490558917947979,332718.3422423391
1.4910883241697803,333129.2282871094
1.4916784934455336,333540.6927183712
1.4923212411919593,333952.73644202965
1.493008382825579,334365.3603655392
1.4937317337630418,334778.5653979067
1.4944831094208553,335192.35244969896
1.4952543252156971,335606.72243303614
1.49603719656416,336021.67626159923
1.4968235388827793,336437.21485063306
1.497605167588219,336853.3391169516
1.4983738980970145,337270.04997893836
1.4991215458258154,337687.34835654695
1.4998399261911999,338105.2351713063
1.5005208546097606,338523.7113463262
1.5011561464981042,338942.7778062951
1.5017376172728234,339362.43547748803
1.5022570823504537,339782.68528776715
1.5027063571477441,340203.52816657716
1.5030772570811166,340624.9650449656
1.5033615975672632,341046.9968555733
1.5035511940227622,341469.62453263515
1.5036379863324925,341892.8490119974
1.5036222447859728,342316.67123109655
1.5035176736607383,342741.0921289913
1.503339196068282,343166.1126463463
1.503101735120083,343591.7337254299
1.5028202139275777,344017.95631014195
1.502509555602174,344444.7813459943
1.5021846832554218,344872.2097801242
1.5018605199987007,345300.2425612892
1.5015519889434756,345728.88063988334
1.5012740132012539,346158.1249679245
1.501041515883415,346587.97649907274
1.500869420101452,347018.4361886185
1.500772648966901,347449.50499349774
1.500766125591099,347881.18387229025
1.5008647730855387,348313.47378522006
1.5010835145616568,348746.3756941611
1.5014372731309749,349179.8905626427
1.5019409719049008,349614.0193558477
1.5026095339948995,350048.7630406202
1.5034578825124214,350484.1225854667
1.5044954534483992,350920.0989605488
1.505694715998132,351356.69313771883
1.507012876947556,351793.9060904754
1.5084070950361337,352231.7387940067
1.5098345290032995,352670.19222517597
1.511252337588445,353109.2673625195
1.5126176795310613,353548.9651862725
1.51388771357054,353989.28667833953
1.5150195984463153,354430.23282233265
1.5159704928978641,354871.80460354214
1.516697555664578,355314.0030089596
1.517157945485934,355756.82902728097
1.517308821101338,356200.28364890255
1.5171073412502238,356644.36786591867
1.516510664672012,357089.0826721426
1.5154759501061363,357534.4290630975
1.5139603562921025,357980.4080360139
1.5119210419692592,358427.02058985626
1.5093151658771404,358874.26772529527
1.506099886755024,359322.15044473176
1.5022329845246816,359770.6697522995
1.497707859918819,360219.82665385865
1.4925721974480552,360669.62215700635
1.4868782443384987,361120.05727107223
1.4806782478161011,361571.1330071295
1.4740244551069424,362022.85037800076
1.4669691134370737,362475.21039825585
1.4595644700325323,362928.2140842052
1.4518627721193553,363381.86245391826
1.4439162669235373,363836.15652722406
1.435777201671172,364291.09732571495
1.4274978235882827,364746.6858727364
1.4191303799008637,365202.923193414
1.4107271178349805,365659.8103146333
1.4023402846166562,366117.3482650559
1.3940221274719846,366575.538075123
1.3858248936269177,367034.3807770559
1.3778008303075353,367493.87740485696
1.3700021847399029,367954.0289943152
1.3624812041499723,368414.8365830125
1.3552901357638518,368876.301210319
1.3484750549053786,369338.4239174148
1.3420431246763371,369801.2057472591
1.3359863834047445,370264.64774463576
1.3302968357128577,370728.750956125
1.3249664862231185,371193.5164301092
1.319987339557784,371658.9452168005
1.3153514003392814,372125.0383682226
1.3110506731898965,372591.7969382169
1.3070771627319715,373059.22198245145
1.3034228735879339,373527.31455841596
1.3000798103800122,373996.07572543627
1.297039977730634,374465.5065446694
1.2942953802621417,374935.6080791125
1.2918380225968633,375406.3813936037
1.2896599093570984,375877.8275548226
1.2877530451652603,376349.9476312994
1.2861094346436772,376822.7426934072
1.2847210824146913,377296.2138133847
1.2835799931006164,377770.3620653313
1.2826781713238802,378245.1885251892
1.2820076217067538,378720.694270787
1.281560348871622,379196.8803818032
1.2813283574407848,379673.7479398071
1.2813036520365984,380151.29802822997
1.281478237281462,380629.53173238493
1.281844117797661,381108.4501394675
1.2823932982075945,381588.0543385647
1.2831177831335765,382068.3454206451
1.284009577197935,382549.3244785756
1.2850606850230406,383030.9926071199
1.2862631112312783,383513.35090294183
1.2876088604449194,383996.4004645981
1.2890899372863345,384480.142392569
1.29069834637788,384964.5777892402
1.2924260923418984,385449.7077589121
1.2942651798007319,385935.53340779454
1.2962076133767368,386422.0558440274
1.2982453976922557,386909.2761776784
1.3003705373696448,387397.1955207359
1.3025750370312323,387885.8149871262
1.3048509012993321,388375.13569271157
1.3071901347963575,388865.15875528567
1.3095847421446223,389355.8852945993
1.3120267279664404,389847.31643234176
1.3145080968842535,390339.4532921559
1.317020853520276,390832.29699963034
1.3195570024969356,391325.84868232824
1.3221085484366029,391820.1094697522
1.3246674959615348,392315.0804933949
1.3272258496941447,392810.76288669585
1.3297756142567607,393307.157785081
1.3323087942717393,393804.26632594696
1.3348173943613943,394302.08964867605
1.3372934191480965,394800.628894623
1.3397288732542023,395299.88520713855
1.3421157613020114,395799.8597315672
1.3444460879139228,396300.55361523724
1.3467118577122648,396801.96800748963
1.3489050753193368,397304.1040596565
1.351017745357595,397806.96292508446
1.353041872449296,398310.54575911607
1.35496941913172,398814.85371912725
1.3567905235380948,399319.88796449435
1.358492838724132,399825.6496566265
1.3600638395567444,400332.139958952
1.3614910009029018,400839.3600369309
1.3627617976295738,401347.3110580531
1.3638637046037445,401855.99419184215
1.3647841966923835,402365.4106098731
1.3655107487624178,402875.5614857511
1.3660308356808741,403386.44799514354
1.3663319323146936,403898.07131575217
1.3664015135308745,404410.43262735195
1.366227054196358,404923.5331117743
1.3657960291781137,405437.373952897
1.36509591334314,405951.95633668493
1.3641141815583353,406467.2814511716
1.3628383086907547,406983.350486454
1.3612557696073537,407500.16463471355
1.3593540391750452,408017.72509022366
1.3571205922608414,408536.03304932686
1.3545429037317405,409055.08971047687
1.351614702809215,409574.89627420745
1.348364322587983,410095.45394315687
1.3448319971129337,410616.76392205706
1.3410579713298603,411138.82741775835
1.3370824901844145,411661.6456392242
1.3329457986222621,412185.21979751234
1.3286881415891543,412709.5511058192
1.3243497640307424,413234.6407794548
1.319970910892735,413760.49003586173
1.3155918271208407,414287.100094598
1.3112527576607533,414814.47217737394
1.306993947458139,415342.6075080293
1.3028556414586916,415871.5073125406
1.2988780846081625,416401.17281905137
1.2951015218522173,416931.60525783227
1.2915661981365218,417462.80586132617
1.2883123584067846,417994.7758641199
1.2853802476087424,418527.51650297485
1.282810110688061,419061.02901680744
1.280642192590335,419595.3146467228
1.2789158153298246,420130.3746359833
1.2776350832867962,420666.2102300392
1.276758730847817,421202.82267652417
1.2762424980679157,421740.2132252591
1.2760421250020642,422278.3831282475
1.2761133517053054,422817.3336397005
1.2764119182326965,423357.0660160257
1.276893564639181,423897.58151583205
1.277514030979816,424438.8813999363
1.2782290573096589,424980.9669313674
1.2789943836836528,425523.83937537397
1.2797657501568978,426067.49999942805
1.2804988967843798,426611.9500732146
1.2811495636211134,427157.1908686594
1.281673490722099,427703.22365991265
1.2820264181423937,428250.049723374
1.2821640859369978,428797.6703376666
1.28204223416094,429346.08678368066
1.2816166028692209,429895.3003445354
1.2808429321168546,430445.3123056196
1.2796769619589412,430996.1239545838
1.278084205247339,431547.73658132006
1.2760808676624151,432100.1514780061
1.2736995411119807,432653.36993908795
1.270972825725437,433207.3932612907
1.2679333216322135,433762.22274361015
1.264613628961854,434317.8596873236
1.2610463478437453,434874.30539601255
1.2572640784073599,435431.5611755452
1.253299420782099,435989.62833408127
1.2491849750975348,436548.5081820913
1.2449533414830398,437108.20203233976
1.2406371200681008,437668.7111999108
1.2362689109821332,438230.03700221295
1.2318813143546379,438792.180758952
1.2275069303150445,439355.14379216696
1.223178358992783,439918.92742623104
1.2189282005173965,440483.5329878437
1.2147890550182439,441048.96180604753
1.21079352262484,441615.21521221404
1.2069742034665722,442182.29454006656
1.2033632138344927,442750.2011256851
1.1999763057234958,443318.93630750437
1.196809288600818,443888.50142630545
1.1938567636644137,444458.8978252426
1.19111333211238,445030.1268498413
1.1885735951426568,445602.1898479808
1.1862321539532985,446175.08816994564
1.1840836097422027,446748.82316838315
1.1821225637074946,447323.3961983332
1.1803436170471429,447898.80861721974
1.1787413709590737,448475.0617848684
1.1773104266413554,449052.15706350777
1.1760453852920136,449630.0958177579
1.1749408481089745,450208.87941465725
1.173991416290292,450788.5092236611
1.1731916910339777,451368.9866166329
1.1725362735379719,451950.3129678685
1.1720197650003854,452532.48965407815
1.171636766619116,453115.51805441664
1.171381879592218,453699.3995504753
1.1712497051176598,454284.1355262673
1.1712348443934388,454869.72736827715
1.1713318986176233,455456.17646543024
1.1715354689881536,456043.48420909396
1.1718401567030554,456631.6519931148
1.17224056296034,457220.681213794
1.1727312889579622,457810.57326990174
1.1733069358939758,458401.32956268545
1.1739621049663782,458992.9514958675
1.174691397373138,459585.4404756602
1.1754894143122954,460178.7979107473
1.176350756981833,460773.0252123282
1.177270026579734,461368.12379408
1.1782418243040382,461964.09507219505
1.1792607513527145,462560.94046536606
1.1803214089237741,463158.66139479424
1.1814183982152429,463757.2592842071
1.1825463204251037,464356.73555984994
1.1836997767513395,464957.09165049443
1.1848733683920187,465558.3289874298
1.1860616965450532,466160.4490045007
1.187259362408497,466763.45313808596
1.1884609671803616,467367.3428270963
1.1896611120586016,467972.11951301596
1.1908543982412994,468577.78463986784
1.1920354269263385,469184.3396542412
1.193198799311844,469791.7860052871
1.1943391165957422,470400.1251447294
1.1954509799760586,471009.35852686013
1.1965289906507763,471619.4876085609
1.1975677498179351,472230.51384929434
1.1985618586755322,472842.4387111059
1.1995059184215222,473455.2636586353
1.2003945302539591,474068.9901591351
1.2012222953707976,474683.61968245194
1.2019838149700774,475299.15370104514
1.2026736902498243,475915.5936899781
1.2032865224079359,476532.94112695043
1.203816912642523,477151.1974922722
1.2042594621515548,477770.3642688896
1.2046087721330139,478390.44294238323
1.2048594437848976,479011.4350009626
1.2050086824273052,479633.3419355019
1.205065579450178,480256.1652395046
1.2050426155548166,480879.9064091384
1.2049522716953334,481504.56694322755
1.2048070288258543,482130.14834326395
1.2046193679005341,482756.6521134095
1.2044017698734137,483384.0797604973
1.2041667156987188,484012.4327940405
1.2039266863305045,484641.71272624057
1.203694162722897,485271.92107198585
1.2034816258300651,485903.05934886006
1.203301556606121,486535.1290771577
1.2031664360051195,487168.1317798547
1.203088744981244,487802.06898266554
1.2030809644886205,488436.942214
1.203155575481361,489072.7530050133
1.2033250589136202,489709.5028895524
1.2036018957394248,490347.1934042237
1.203998566912972,490985.8260883602
1.2045275533884165,491625.4024840403
1.2052005850463416,492265.9241360865
1.206009076769618,492907.39259207726
1.2069222804286142,493549.8094023456
1.207908326338739,494193.1761199843
1.2089353448154583,494837.4943008684
1.2099714661741956,495482.7655036296
1.2109848207303742,496128.9912896924
1.21194353879946,496776.17322326254
1.2128157506968336,497424.3128713284
1.2135695867379752,498073.4118036841
1.2141731772383224,498723.4715929066
1.2145946525132985,499374.493814407
1.2148021428783409,500026.48004637944
1.2147637786489014,500679.43186985597
1.2144476901403607,501333.350868673
1.2138220076682558,501988.2386295085
1.2128548615479389,502644.0967418735
1.2115143820948617,503300.92679809954
1.2097686996244619,503958.7303933761
1.2075859444521768,504617.5091257493
1.2049342468934583,505277.26459610194
1.201796477009978,505937.9984081879
1.1982186362992024,506599.71216863015
1.1942636250060161,507262.4074869088
1.1899943435621765,507926.08597539493
1.185473692399455,508590.7492493346
1.1807645719495952,509256.39892686193
1.1759298826443398,509923.03662901133
1.171032524915418,510590.6639797055
1.166135399194573,511259.2826057788
1.161301405913619,511928.89413697197
1.1565934455041713,512599.50020594883
1.1520744183981009,513271.10244827624
1.147807225027094,513943.7025024734
1.1438547658228941,514617.3020099702
1.140279941217301,515291.9026151493
1.137145651642001,515967.50596532994
1.1345147975287944,516644.1137107808
1.1324502793093814,517321.72750473313
1.1310149974155195,518000.34900336433
1.1302718522789377,518679.979865833
1.1302813003428156,519360.6217542665
1.1310442283810147,520042.2763337589
1.1325000260159328,520724.9452724067
1.1345852532623013,521408.6302412809
1.1372364701348232,522093.3329144553
1.1403902366482441,522779.054969001
1.143983112817338,523465.7980850032
1.1479516586567797,524153.56394554506
1.1522324341813004,524842.3542367464
1.15676199940566,525532.170647733
1.1614769143446324,526223.0148706755
1.1663137390128782,526914.8886007727
1.1712090334251712,527607.7935362656
1.1760993575962146,528301.7313784425
1.1809212715407824,528996.7038316564
1.185611335273535,529692.7126033012
1.1901061088092604,530389.759403851
1.194342152162676,531087.8459468397
1.198256025348556,531786.9739488823
1.2017842883815604,532487.145129688
1.2048635012764777,533188.3612120363
1.207446478995692,533890.6239218167
1.2095513745339446,534593.9349880123
1.2112127553432117,535298.2961427127
1.2124651888757398,536003.7091211248
1.2133432425837185,536710.1756615704
1.213881483919252,537417.6975054963
1.214114480334544,538126.2763974841
1.2140767992817416,538835.9140852564
1.2138030082130626,539546.6123196636
1.2133276745806114,540258.3728547208
1.2126853658365775,540971.1974475827
1.2119106494332215,541685.0878585889
1.211038092822534,542400.045851227
1.2101022634568324,543116.0731921585
1.2091377287882352,543833.1716512319
1.2081790562689037,544551.3430014822
1.2072608133509846,545270.5890191441
1.206417567486696,545990.9114836232
1.205683886128213,546712.3121775569
1.2050943367276545,547434.7928867742
1.204682227719772,548158.3554003475
1.2044530919226446,548883.0015105378
1.204385327640253,549608.7330128626
1.2044562024016017,550335.5517060554
1.2046429837356527,551063.4593921113
1.2049229391713823,551792.4578762616
1.2052733362377381,552522.5489669883
1.2056714424637534,553253.7344760458
1.2060945253783757,553986.016218444
1.2065198525105956,554719.3960124777
1.206924691389375,555453.8756797137
1.2072863095437185,556189.457044997
1.2075819745025314,556926.1419364889
1.2077889537949034,557663.9321856295
1.207884514949697,558402.8296271724
1.207845925495974,559142.8360991707
1.2076504529626533,559883.9534430195
1.2072753648787824,560626.1835034108
1.2066979287732948,561369.5281283949
1.205895412175181,562113.9891693401
1.2048450826551829,562859.5684809546
1.2035301572961004,563606.2679213206
1.2019562975264648,564354.0893518496
1.2001344564789775,565103.0346373483
1.198075587286425,565853.1056459614
1.1957906430815797,566604.3042492261
1.1932905769971853,567356.6323220626
1.1905863421659149,568110.091742773
1.1876888917206117,568864.6843930711
1.1846091787940338,569620.412158054
1.1813581565188827,570377.2769262397
1.1779467780279447,571135.2805895668
1.1743859964539354,571894.4250433843
1.1706867649296129,572654.7121864826
1.166860036587778,573416.1439210718
1.1629167645611318,574178.7221528211
1.1588679019824326,574942.4487908409
1.1547244019844811,575707.3257477017
1.1504972176999786,576473.3549394286
1.1461973022616974,577240.5382855285
1.1418356088023387,578008.8777089767
1.1374230904547318,578778.3751362312
1.1329707003515779,579549.032497244
1.1284893916256635,580320.8517254597
1.1239901174097326,581093.8347578346
1.119483830836515,581867.9835348184
1.1149814850388253,582643.3000003909
1.110494033149294,583419.7861020594
1.1060324283007787,584197.4437908499
1.1016076236259948,584976.2750213342
1.0972305722577147,585756.2817516286
1.0929122273286538,586537.4659433886
1.0886635419715844,587319.8295618447
1.084495469319279,588103.3745757926
1.080418962504453,588888.1029575877
1.0764449746598643,589674.0166831731
1.0725844589183424,590461.1177320699
1.0688483684125174,591249.4080874047
1.0652476562752184,592038.8897358917
1.061793275639161,592829.5646678653
1.0584961796371033,593621.4348772652
1.0553673212352805,594414.5023616487
1.052414867105341,595208.7691222181
1.0496371172374523,596004.2371637858
1.0470301886492734,596800.9084948406
1.0445901983583212,597598.7851274831
1.0423132633821979,598397.8690775041
1.0401955007384345,599198.1623643291
1.0382330274447042,599999.6670110842
1.036421960518453,600802.3850445438
1.034758416977354,601606.3184951936
1.0332385138389952,602411.4693971989
1.0318583681208793,603217.839788425
1.0306140968406368,604025.4317104443
1.029501817015813,604834.2472085431
1.0285176456639817,605644.2883317425
1.0276576998027593,606455.557132771
1.0269180964497195,607268.0556681103
1.0262949526223792,608081.7859979682
1.0257843853383548,608896.7501863249
1.02538251161522,609712.9503009059
1.0250854484706196,610530.3884132061
1.0248893129219852,611349.0665984763
1.0247902219869758,612168.9869357775
1.024784292683222,612990.1515079365
1.0248676420281981,613812.5624015841
1.0250363870395347,614636.2217071491
1.025286644734777,615461.1315188784
1.0256145321315842,616287.2939348194
1.0260161662474019,617114.711056857
1.0264876640999319,617943.3849907129
1.0270251427066626,618773.3178459307
1.0276247190852246,619604.5117359237
1.0282825102531348,620436.9687779421
1.028994633228038,621270.6910931076
1.0297572050274937,622105.6808064071
1.030566342669033,622941.9400467052
1.0314181631703008,623779.4709467604
1.0323087835488423,624618.2756432107
1.0332343208222028,625458.3562766077
1.0341908920079987,626299.7149913933
1.0351746141238323,627142.3539359383
1.0361816041871776,627986.2752625506
1.0372079792156939,628831.4811274284
1.0382498562269404,629677.9736907536
1.039303352238477,630525.7551166189
1.0403645842679339,631374.8275731025
1.0414296693328424,632225.1932322178
1.0424947244507763,633076.8542699565
1.0435558666393803,633929.8128662973
1.0446092129161002,634784.0712051904
1.0456508802986235,635639.6314745931
1.046676985804453,636496.4958664541
1.0476836464512616,637354.666576727
1.0486669792564953,638214.1458053909
1.0496231012378132,639074.9357564587
1.0505481294128316,639937.038637953
1.051438180799039,640800.4566619508
1.0522893724140374,641665.1920445679
1.053097821275415,642531.2470059952
1.0538596444008022,643398.6237704647
1.0545709588077017,644267.3245663084
1.0552278815136589,645137.3516258972
1.0558266557727336,646008.7071857363
1.0563656365010985,646881.3934864042
1.0568449262342625,647755.4127725749
1.0572646801175836,648630.7672930578
1.0576250532962348,649507.4593007595
1.0579262009155599,650385.4910527389
1.0581682781208173,651264.8648101728
1.058351440057237,652145.5828383834
1.05847584187012,653027.6474068686
1.0585416387047388,653911.0607892557
1.0585489857063806,654795.8252633689
1.0584980380202325,655681.9431111917
1.0583889507916382,656569.4166189077
1.058221879165842,657458.2480768708
1.0579969782881165,658348.4397796751
1.0577144033036916,659239.9940260925
1.0573743093579395,660132.9131191139
1.0569768515960192,661027.1993659905
1.0565221851632174,661922.8550781758
1.0560104652048636,662819.8825713865
1.0554418469626228,663718.284165573
1.054816699524281,664618.0621849692
1.0541360599068241,665519.2189580554
1.053401095173058,666421.7568176078
1.0526129723858446,667325.678100684
1.051772858607933,668230.9851486266
1.0508819209021851,669137.6803070905
1.0499413263313215,670045.7659260421
1.048952241958176,670955.244359758
1.0479158348455826,671866.1179668576
1.0468332720563183,672778.3891102832
1.045705720653217,673692.0601573364
1.0445343476990558,674607.1334796591
1.0433203202566546,675523.61145327
1.042064805388776,676441.4964585445
1.040768970158254,677360.790880248
1.0394339816279796,678281.4971075293
1.0380610068605591,679203.6175339444
1.0366512129189545,680127.1545574405
1.0352057668659143,681052.1105803846
1.0337258357643009,681978.4880095714
1.0322125866768204,682906.289256233
1.030667186666335,683835.5167360229
1.0290908027956647,684766.1728690634
1.0274846021275437,685698.260079921
1.0258497517248344,686631.7807976438
1.0241874186503566,687566.7374557515
1.0224987699668446,688503.1324922384
1.0207849727371752,689440.9683495931
1.0190471940240968,690380.2474748264
1.0172866008904577,691320.9723194457
1.0155043603990208,692263.1453394842
1.0137016396126342,693206.7689954899
1.0118796055940322,694151.8457525735
1.0100394254061342,695098.3780803685
1.0081822661116178,696046.3684530852
1.0063092947733736,696995.8193494985
1.0044216784541362,697946.7332529337
1.0025205842167821,698899.1126513291
1.0006071791240743,699852.9600371959
0.9986826302388323,700808.2779076569
0.9967481046238333,701765.0687644456
0.9948047693418971,702723.335113906
0.9928537914558575,703683.0794670256
0.9908963380284774,704644.3043394258
0.988933576122534,705607.0122513601
0.9869666728009321,706571.2057277539
0.9849967951264205,707536.8872981985
0.9830251101617762,708504.0594969656
0.981052784969819,709472.7248629961
0.9790809866133827,710442.8859399298
0.9771108821552019,711414.5452761145
0.9751436386581389,712387.7054246056
0.9731804231850134,713362.3689431852
0.9712224027985741,714338.5383943563
0.9692707445616975,715316.2163453827
0.9673266155371039,716295.4053682582
0.9653911827876129,717276.1080397407
0.9634656133761013,718258.326941367
0.9615510743653033,719242.0646594322
0.959648732818053,720227.3237850444
0.9577597557970989,721214.1069140832
0.955885310365332,722202.4166472665
0.9540265635855008,723192.2555900867
0.952184682520425,724183.6263528985
0.9503608342329386,725176.5315508767
0.9485561857857334,726170.9738040564
0.9467719042417713,727166.9557372867
0.9450091566637724,728164.4799803271
0.9432691101144997,729163.5491677959
0.9415529316568438,730164.1659391796
0.9398617883535394,731166.332938879
0.9381968472674345,732170.0528161876
0.9365592754612919,733175.3282253172
0.9349502399979741,734182.1618253969
0.9333709079402581,735190.5562804888
0.9318224463509353,736200.5142596074
0.9303060222928252,737212.0384366986
0.9288228028286767,738225.1314906966
0.9273739550213946,739239.7961054865
0.9259606459336993,740256.0349699457
0.9245840426284531,741273.8507779329
0.9232453121684188,742293.2462283241
0.9219456216163735,743314.2240249969
0.9206861380352223,744336.7868768552
0.9194680284876995,745360.9374978296
0.9182924600365823,746386.678606887
0.917160599744733,747414.0129280672
0.9160736146749429,748442.9431904508
0.9150326718899322,749473.472128195
0.9140389384526628,750505.6024805501
0.9130935814258407,751539.3369918425
0.912197767872243,752574.6784115114
0.9113526648547747,753611.6294941083
0.9105594394360992,754650.192999297
0.9098192586791782,755690.3716918902
0.9091332896466753,756732.1683418326
0.9085026994014953,757775.5857242171
0.9079286550063728,758820.6266193164
0.9074123235241842,759867.2938125718
0.9069548720176641,760915.590094598
0.9065574675496606,761965.5182612153
0.9062212771829365,763017.0811134431
0.9059471968368626,764070.2814575223
0.9057325905916969,765125.1221049137
0.9055723495700931,766181.6058723252
0.9054613139965824,767239.7355816901
0.9053943240955817,768299.5140602201
0.9053662200916222,769360.944140384
0.905371842209135,770424.0286599342
0.9054060306726797,771488.7704618954
0.9054636257066591,772555.17239463
0.9055394675355757,773623.2373117612
0.905628396383932,774692.9680722709
0.9057252524762021,775764.3675404557
0.9058248760368599,776837.4385859541
0.9059221072903796,777912.1840837518
0.9060117864612636,778988.6069142248
0.9060887537739433,780066.7099630906
0.9061478494529354,781146.4961214677
0.9061839137227139,782227.9682858587
0.9061917868077813,783311.1293581952
0.9061663089325407,784395.9822458035
0.9061023269041044,785482.5298614431
0.9059978174629748,786570.7751233296
0.9058588853935987,787660.7209550944
0.9056929378112528,788752.3702858577
0.9055073818314412,789845.7260502055
0.9053096245694974,790940.7911882066
0.9051070731408828,792037.5686454062
0.9049071346609736,793136.0613728707
0.9047172162451744,794236.2723271826
0.9045447250089182,795338.2044704562
0.9043970680675812,796441.8607703268
0.9042816525365964,797547.2441999895
0.9042058855313542,798654.3577381882
0.9041771741672164,799763.204369255
0.9042029255597441,800873.7870830924
0.9042905468241713,801986.1088751908
0.9044474450759736,803100.1727466627
0.9046810274305841,804215.9817042362
0.9049987010033362,805333.538760232
0.9054078729097341,806452.8469326614
0.9059159502651397,807573.9092451446
0.9065288331684229,808696.7287269805
0.9072342772709732,809821.3084131407
0.908008028164744,810947.6513442572
0.9088256171635578,812075.7605667092
0.9096625755813363,813205.6391325309
0.910494434731973,814337.2900995034
0.9112967259293754,815470.7165311199
0.9120449804873942,816605.9214966211
0.9127147297199798,817742.9080710114
0.9132815049409402,818881.6793350539
0.9137208374642398,820022.2383752702
0.9140082586037437,821164.5882839983
0.9141192996733452,822308.7321593462
0.9140294919869376,823454.6731052559
0.9137143668584002,824602.4142314862
0.9131494556016548,825751.9586536238
0.9123102895305379,826903.30949309
0.9111723999590424,828056.4698771929
0.9097113182009622,829211.4429390919
0.9079025755702617,830368.2318178404
0.9057217527180228,831526.8396583544
0.9031609054013785,832687.269611485
0.9002523641533031,833849.5248339996
0.8970344992503954,835013.608488577
0.8935456809692965,836179.5237438421
0.8898242795866622,837347.273774373
0.8859086653791053,838516.8617607238
0.8818372086232529,839688.2908894193
0.8776482795958032,840861.5643529553
0.8733802485733548,842036.6853498581
0.8690714858326203,843213.657084637
0.8647603616501414,844392.4827678556
0.8604852463025736,845573.1656160853
0.856284510066601,846755.7088519643
0.8521965232188649,847940.1157041985
0.8482596560359781,849126.3894075552
0.8445122787945536,850314.5332028756
0.8409927617713038,851504.5503371353
0.8377394752428131,852696.4440633781
0.8347907894857798,853890.2176408069
0.8321850747767741,855085.8743347354
0.8299574160226371,856283.4174166492
0.8281062629656191,857482.8501641571
0.8266071487899183,858684.1758610712
0.8254352557798796,859887.3977973819
0.8245657662198198,861092.5192692648
0.8239738623940127,862299.5435791237
0.8236347265868176,863508.4740355663
0.8235235410825794,864719.3139534475
0.8236154881655011,865932.0666538699
0.823885750120013,867146.7354641898
0.8243095092303747,868363.3237180487
0.8248619477809314,869581.8347553367
0.8255182480559853,870802.2719222911
0.8262535923398246,872024.638571442
0.8270431629168229,873248.9380616364
0.827862142071254,874475.1737580459
0.8286857120874629,875703.3490322158
0.8294890552496952,876933.4672620533
0.8302473538423811,878165.5318318098
0.8309357901497378,879399.546132168
0.8315295841628654,880635.513560174
0.8320132191234819,881873.4375193061
0.8323925070112779,883113.3214194757
0.8326762510599792,884355.1686770214
0.8328732545032125,885598.9827147156
0.832992320574732,886844.7669618466
0.8330422525082923,888092.5248541378
0.8330318535375625,889342.2598338233
0.8329699268962116,890593.975349636
0.8328652758180937,891847.6748568336
0.8327267035367356,893103.3618171987
0.8325630132859629,894361.0396990714
0.8323830082994448,895620.711977331
0.8321954918109213,896882.3821334275
0.8320092670540191,898146.0536554216
0.8318331372625352,899411.730037946
0.8316759056701812,900679.4147822704
0.8315463755106123,901949.1113962445
0.8314533500175827,903220.8233944072
0.8314056324247332,904494.5542979169
0.8314120259658608,905770.3076346039
0.8314802393131799,907048.0869389961
0.8316066564603375,908327.8957522748
0.8317809691248215,909609.7376223659
0.8319927820872977,910893.6161038888
0.8322317001287587,912179.5347582089
0.832487328029984,913467.497153425
0.8327492705718242,914757.5068644288
0.833007132535144,916049.5674728341
0.8332505187007371,917343.6825670947
0.8334690338495392,918639.8557424396
0.8336522827623014,919938.090600894
0.8337898702199027,921238.3907513641
0.8338714010032362,922540.7598095537
0.8338864798931382,923845.2013980503
0.8338247116703315,925151.7191462787
0.8336757011157943,926460.316690595
0.8334290530103345,927770.997674228
0.833074372134817,929083.7657473126
0.8326012632700639,930398.624566924
0.8319993311968972,931715.5777970718
0.8312582076486024,933034.629108734
0.8303725753206379,934355.7821798313
0.8293480768966219,935679.040695308
0.8281917912260184,937004.4083470529
0.8269107971582201,938331.8888340262
0.8255121735427053,939661.4858621546
0.8240029992288527,940993.2031444589
0.8223903530661829,942327.0444009812
0.8206813139041031,943663.0133588389
0.8188829605919778,945001.1137522405
0.817002371979342,946341.3493224854
0.8150466269155743,947683.7238179988
0.8130228042501386,949028.2409943128
0.810937982832499,950374.9046141077
0.8087992415120624,951723.7184472264
0.8066136591382218,953074.6862706892
0.8043883145604127,954427.8118686747
0.8021302866281843,955783.099032588
0.7998466541908584,957140.5515610287
0.7975444960979843,958500.1732598459
0.7952308911988979,959861.9679421257
0.7929129183430632,961225.9394281859
0.7905976563799442,962592.0915456723
0.7882921841589052,963960.4281294572
0.7860035805294814,965330.9530217643
0.7837389243410371,966703.670072115
0.7815052944430363,968078.5831373773
0.7793097696849998,969455.6960817396
0.7771594289161783,970835.012776781
0.7750613509861353,972216.5371014308
0.773022614744292,973600.272942046
0.7710502990400983,974986.2241923711
0.7691514827229611,976374.394753567
0.7673332446423444,977764.7885342605
0.7656026636476412,979157.4094505045
0.7639668185883011,980552.2614258277
0.7624327883138164,981949.34839125
0.7610076516735376,983348.6742852832
0.7596984875169852,984750.2430539614
0.758512374693538,986154.0586508345
0.75745639205266,987560.1250370259
0.7565375868131383,988968.446181199
0.7557583514052197,990379.0260595793
0.7551115547069571,991791.8686560055
0.7545889007955537,993206.9779619443
0.7541820937481845,994624.3579764366
0.7538828376419957,996044.0127061825
0.7536828365541339,997465.9461655577
0.753573794561845,998890.1623765649
0.7535474157422328,1000316.6653689495
0.7535954041725006,1001745.459180108
0.7537094639297806,1003176.5478551683
0.7538812990912618,1004609.935446991
0.7541026137341191,1006045.6260162066
0.754365111935499,1007483.6236311672
0.754660497772619,1008923.9323680629
0.7549804753225828,1010366.5563108078
0.7553167486626222,1011811.4995512004
0.7556610218698978,1013258.76618881
0.7560049990214992,1014708.3603310932
0.7563403841946581,1016160.2860933383
0.7566588814665778,1017614.547598717
0.7569528220678166,1019071.148978323
0.7572201498330173,1020530.0943711005
0.7574617651148969,1021991.3879239624
0.757678594759895,1023455.0337917554
0.7578715656144936,1024921.036137284
0.758041604525161,1026389.3991313046
0.7581896383383793,1027860.1269526074
0.7583165939005454,1029333.2237879384
0.7584233980581985,1030808.6938320955
0.7585109776578207,1032286.5412879309
0.7585802595458233,1033766.7703663164
0.7586321705687027,1035249.3852862254
0.7586676375729411,1036734.3902746983
0.7586875874049781,1038221.7895668959
0.758692946911296,1039711.5874061016
0.7586846429384195,1041203.7880437376
0.75866360233276,1042698.3957393595
0.7586307519407427,1044195.4147607181
0.758587018608921,1045694.8493837601
0.7585333291836918,1047196.7038926242
0.7584706105116226,1048700.982579679
0.7583997894390961,1050207.6897455258
0.7583217928126231,1051716.8296990076
0.7582375474786147,1053228.4067572784
0.7581479802836242,1054742.4252457682
0.7580540180740627,1056258.889498192
0.7579565876964125,1057777.803856635
0.7578566159971842,1059299.1726714645
0.7577550298227607,1060823.0003014589
0.7576527560196524,1062349.2911137664
0.7575507214343844,1063878.0494838902
0.7574498529133393,1065409.2797957824
0.7573510773030421,1066942.986441816
0.7572553214499607,1068479.1738228013
0.757163512200492,1070017.8463480123
0.757076576401218,1071559.0084352104
0.7569954408985211,1073102.6645106473
0.756921032538898,1074648.819009105
0.7568542781688166,1076197.4763738604
0.7567961046347449,1077748.6410567865
0.7567474387831794,1079302.3175183167
0.7567090669293179,1080858.5102274318
0.756680603288018,1082417.2236617543
0.7566610795397537,1083978.4623075118
0.7566495231426984,1085542.2306595796
0.756644961554997,1087108.533221481
0.7566464222347378,1088677.374505429
0.7566529326401366,1090248.7590322916
0.7566635202292531,1091822.6913317
0.7566772124603034,1093399.1759419753
0.7566930367913756,1094978.2174101926
0.7567100206806145,1096559.8202921995
0.7567271915861795,1098143.9891526175
0.7567435769662012,1099730.7285648768
0.7567582042788388,1101320.043111226
0.7567701009821377,1102911.9373827276
0.756778294534385,1104506.4159793374
0.7567818123936405,1106103.4835098544
0.7567796820180348,1107703.1445919839
0.7567709308657413,1109305.4038523498
0.7567545863948624,1110910.265926465
0.756729685314383,1112517.735458836
0.7566961618451842,1114127.817102904
0.7566555851612833,1115740.5155211252
0.7566096980201991,1117355.8353849028
0.7565602431793934,1118973.7813747325
0.7565089633963424,1120594.358180094
0.7564576014285223,1122217.5704995499
0.7564079000334232,1123843.423040739
0.7563616019684929,1125471.9205203725
0.7563204499912217,1127103.067664316
0.7562861868591,1128736.869207545
0.7562605553295754,1130373.329894195
0.7562452981601382,1132012.4544775572
0.756242158108293,1133654.2477201212
0.7562528779314448,1135298.7143936015
0.756279200387155,1136945.8592789334
0.7563228682328145,1138595.6871662752
0.7563856242259845,1140248.2028550848
0.7564692111240561,1141903.4111541049
0.7565753716845762,1143561.3168813356
0.7567058486649358,1145221.9248641734
0.7568621222373935,1146885.2399393027
0.7570436290361613,1148551.266952786
0.7572488479152639,1150220.0107600933
0.757476252237538,1151891.4762260474
0.7577243153660618,1153565.6682249494
0.757991510663615,1155242.5916405001
0.7582763114933044,1156922.2513658695
0.7585771912179382,1158604.652303699
0.7588926232005377,1160289.7993661705
0.7592210808039539,1161977.6974749279
0.7595610373912365,1163668.3515612034
0.7599109663252221,1165361.7665657557
0.7602693409688754,1167057.947438946
0.7606346346851609,1168756.8991407016
0.761005320836972,1170458.6266405932
0.7613798727873444,1172163.1349178373
0.7617567638991005,1173870.4289612935
0.7621344675352191,1175580.5137694988
0.762511457058622,1177293.3943506978
0.7628862058323023,1179009.0757228367
0.7632571872191392,1180727.5629136255
0.7636228745820972,1182448.8609605085
0.7639817412840983,1184172.9749107345
0.7643322606880929,1185899.9098213348
0.764672906157017,1187629.6707591529
0.765002151053821,1189362.2628008972
0.7653184687414125,1191097.6910331377
0.7656203325827562,1192835.960552275
0.7659062159407597,1194577.0764646784
0.7661745921784018,1196321.04388659
0.766423934658576,1198067.867944245
0.7666527167442325,1199817.553773775
0.766859411798336,1201570.1065213638
0.7670424931838227,1203325.5313431667
0.7672004342635717,1205083.8334053562
0.767331708400576,1206845.0178841602
0.7674347889577717,1208609.0899658834
0.7675081492980524,1210376.0548469273
0.7675502627844253,1212145.917733778
0.7675596027797411,1213918.6838430776
0.7675346426470213,1215694.358401586
0.7674738557491594,1217472.9466462622
0.7673757154490772,1219254.453824276
0.7672386951097536,1221038.88519297
0.7670612680940962,1222826.2460199404
0.7668419077650555,1224616.5415830503
0.7665790874855816,1226409.7771704595
0.7662712806185965,1228205.9580805681
0.7659169605270222,1230005.0896221672
0.7655146005738516,1231807.177114349
0.7650626741219355,1233612.2258865882
0.7645596545342528,1235420.2412787376
0.7640040151737963,1237231.2286410583
0.7633942294033744,1239045.1933342514
0.7627287705860937,1240862.14072946
0.7620061120847623,1242682.0762083195
0.7612247272623591,1244505.0051629345
0.7603830894818202,1246330.9329959357
0.7594796721060959,1248159.8651205022
0.7585129484980797,1249991.8069603834
0.7574813920207788,1251826.7639498773
0.7563834936514553,1253664.7415339223
0.755218948551601,1255505.7451680673
0.7539894083982404,1257349.780318502
0.7526967041517167,1259196.8524621243
0.7513426667724588,1261046.967086499
0.7499291272207813,1262900.129689891
0.748457916457042,1264756.3457813482
0.7469308654416125,1266615.6208806443
0.7453498051349357,1268477.9605183739
0.743716566497298,1270343.3702358743
0.7420329804890571,1272211.8555853846
0.7403008780706131,1274083.4221299505
0.7385220902023946,1275958.0754435102
0.7366984478446597,1277835.8211108996
0.7348317819577943,1279716.6647278469
0.7329239235022129,1281600.6119010688
0.7309767034382588,1283487.6682482206
0.7289919527263038,1285377.8393979373
0.7269715023267054,1287271.1309899017
0.7249171831998353,1289167.5486747767
0.7228308263060796,1291067.098114347
0.720714262605739,1292969.784981424
0.7185693230592562,1294875.6149599494
0.7163978386269747,1296784.5937449932
0.7142016402692235,1298696.727042758
0.711982558946417,1300612.020570656
0.7097424256188987,1302530.4800572519
0.7074830712470401,1304452.1112423772
0.7052063267912416,1306376.919877052
0.7029140232118181,1308304.911723611
0.7006079914691412,1310236.0925556798
0.698290062523597,1312170.4681581813
0.6959620673355431,1314108.0443273585
0.693625836865337,1316048.8268708636
0.6912832020733788,1317992.821607698
0.6889359939200403,1319940.034368292
0.6865860433656223,1321890.470994501
0.6842351813705534,1323844.1373396479
0.6818852388951768,1325801.0392685381
0.679538046899836,1327761.1826574646
0.6771954363449595,1329724.5733942788
0.6748592381908338,1331691.2173783493
0.6725312833979444,1333661.120520671
0.6702134029264926,1335634.2887438035
0.6679074277369779,1337610.7279819637
0.6656151887897437,1339590.444180991
0.6633385170451049,1341573.443298411
0.6610792434634618,1343559.7313034697
0.6588391990052145,1345549.3141771092
0.6566202146306637,1347542.1979120513
0.6544241213001953,1349538.3885127634
0.6522527499742381,1351537.8919955322
0.6501079316130784,1353540.714388468
0.6479914971770739,1355546.8617315115
0.6459052776266958,1357556.3400765068
0.6438511039222163,1359569.1554871772
0.6418308070240357,1361585.3140391605
0.6398462178924973,1363604.8218200826
0.6378991674880155,1365627.6849294952
0.6359914867709193,1367653.9094789878
0.6341250067015949,1369683.501592156
0.6323015582403713,1371716.4674046445
0.6305229723476629,1373752.8130641836
0.628791079983813,1375792.544730614
0.6271077121091793,1377835.6685758634
0.6254746996841334,1379882.1907840213
0.6238938736690756,1381932.1175514127
0.6223670650243349,1383985.4550864876
0.6208961047102832,1386042.2096099735
0.6194828236872922,1388102.3873548326
0.6181290529157337,1390165.994566307
0.6168366233559794,1392233.0375019552
0.6156073659683727,1394303.5224316572
0.6144431117132996,1396377.4556376613
0.6133456915511175,1398454.8434145895
0.6123169364421841,1400535.692069484
0.6113586773469137,1402620.007921803
0.6104727452256213,1404707.7973035076
0.6096609710386787,1406799.066558987
0.6089251857464575,1408893.8220452154
0.6082672203093722,1410992.0701316588
0.6076889056877377,1413093.8172003508
0.6071920192945726,1415199.0696459597
0.6067756310217334,1417307.8338757136
0.6064348814282994,1419420.11630957
0.6061646024882776,1421535.9233800787
0.6059596261758173,1423655.2615325416
0.6058147844649397,1425778.1372249476
0.605724909329723,1427904.5569281115
0.6056848327442736,1430034.527125538
0.605689386682613,1432168.0543136012
0.6057334031189043,1434305.1450015216
0.605811714027098,1436445.8057112999
0.6059191513813715,1438590.0429779396
0.6060505471557178,1440737.8633492587
0.6062007333243429,1442889.2733861015
0.6063645418611827,1445044.2796622226
0.6065368047403439,1447202.8887644168
0.6067123539359613,1449365.107292485
0.6068860214220564,1451530.9418592711
0.6070526391727213,1453700.399090733
0.6072070391620343,1455873.4856259157
0.6073440533640166,1458050.2081170236
0.6074592569130601,1460230.573229373
0.6075526508038536,1462414.5876415456
0.6076258677685047,1464602.2580452925
0.607680543109339,1466793.5911456023
0.6077183121288527,1468988.5936608026
0.6077408101294424,1471187.272322474
0.6077496724135614,1473389.633875551
0.6077465342836632,1475595.6850783173
0.6077330310421445,1477805.432702448
0.607710797991416,1480018.8835330552
0.6076814704340023,1482236.0443686664
0.6076466836722574,1484456.9220213043
0.607608073008663,1486681.5233164742
0.6075672737456159,1488909.8550932438
0.6075259211855553,1491141.9242042315
0.6074856506309629,1493377.7375156234
0.6074480973841787,1495617.301907255
0.6074148967476987,1497860.6242725772
0.6073876840239762,1500107.7115187265
0.6073680945154223,1502358.570566566
0.6073577361811715,1504613.2083506705
0.6073570108503787,1506871.6318193893
0.6073646652953357,1509133.847934831
0.6073793263321363,1511399.8636729787
0.6073996207770733,1513669.6860236346
0.6074241754462832,1515943.3219904697
0.6074516171559736,1518220.778591086
0.6074805727223378,1520502.0628570246
0.6075096689615407,1522787.1818338057
0.6075375326897756,1525076.1425809045
0.6075627907232644,1527368.9521718565
0.6075840698782002,1529665.617694255
0.607599996970734,1531966.1462497695
0.6076091988171157,1534270.5449541768
0.6076103022334962,1536578.8209374654
0.6076019340360403,1538890.981343693
0.6075827210409983,1541207.0333312124
0.607551290064535,1543526.9840725912
0.6075062679228438,1545850.840754666
0.6074462814321038,1548178.6105785274
0.6073699574084941,1550510.3007596605
0.6072760532751715,1552845.9185278772
0.6071640552711415,1555185.4711274002
0.6070337023373185,1557528.9658168291
0.6068847336626249,1559876.4098692476
0.6067168884360541,1562227.81057222
0.6065299058466991,1564583.1752278246
0.6063235250834964,1566942.51115266
0.6060974853354821,1569305.8256779215
0.6058515257916213,1571673.1261494095
0.6055853856409357,1574044.4199275612
0.6052988040724614,1576419.7143874364
0.6049915202751208,1578799.0169188941
0.6046632734379784,1581182.3349263899
0.6043138027500419,1583569.6758292855
0.6039428474003046,1585961.0470616126
0.6035501465777315,1588356.4560722718
0.6031354394713588,1590755.910325065
0.6026984652701941,1593159.4172986138
0.6022389631632166,1595566.984486505
0.6017566723394765,1597978.61939723
0.6012513319878963,1600394.3295543208
0.600722681297583,1602814.1224962785
0.6001704594574591,1605238.0057766624
0.5995944056565321,1607665.9869641338
0.5989942590838382,1610098.0736424422
0.598369758928385,1612534.2734104802
0.5977206443790948,1614974.5938823167
0.5970466546250748,1617419.0426872391
0.5963475288553042,1619867.6274697762
0.5956230062587053,1622320.3558897064
0.5948728260243854,1624777.2356221478
0.5940967273412951,1627238.2743575228
0.5932944493984138,1629703.4798016709
0.5924657313848343,1632172.8596757653
0.5916103124894647,1634646.4217164745
0.5907279319013412,1637124.173675913
0.5898183288094572,1639606.1233217327
0.5888812424028345,1642092.2784370524
0.5879164118704949,1644582.6468206288
0.5869235764014178,1647077.2362867624
0.5859024751845823,1649576.0546654367
0.5848528474090244,1652079.1098022917
0.5837744322636951,1654586.4095586473
0.5826669689376587,1657097.96181157
0.5815301966198945,1659613.7744539203
0.5803638544994243,1662133.85539435
0.579167681765199,1664658.2125573363
0.5779414176062971,1667186.8538832038
0.5766848012116554,1669719.7873282293
0.5753975717702957,1672257.0208646285
0.5740794684712398,1674798.5624805663
0.5727302305034527,1677344.42018018
0.5713495970560132,1679894.6019837428
0.5699373073178009,1682449.1159275202
0.5684931004779372,1685007.9700639124
0.5670167157253729,1687571.1724615
0.5655078922491015,1690138.7312049707
0.5639663692381447,1692710.6543952986
0.562391885881496,1695286.9501496698
0.5607841813681347,1697867.6266015666
0.5591429948871394,1700452.691900741
0.5574680656274751,1703042.1542133947
0.5557591327780784,1705636.0217220334
0.5540159355280423,1708234.3026256103
0.5522382130663175,1710837.0051395737
0.5504257045819401,1713444.137495793
0.548578149263875,1716055.7079427517
0.5466952863011585,1718671.7247454133
0.5447768548827838,1721292.1961854019
0.5428225941977587,1723917.13056099
0.5408322434350623,1726546.536187036
0.5388055417837165,1729180.421395191
0.5367422284327432,1731818.7945338006
0.534642042571079,1734461.6639680257
0.532504723387774,1737109.038079806
0.5303300100718786,1739760.9252679811
0.528117641812301,1742417.3339481917
0.5258673577981199,1745078.2725531254
0.5235788972182576,1747743.749532294
0.5212519992618212,1750413.7733523168
0.5188864031177047,1753088.3524967837
0.5164818479750011,1755767.4954663916
0.514038073022661,1758451.2107788934
0.5115548174496922,1761139.5069692347
0.5090318204451165,1763832.392589516
0.5064688211979416,1766529.8762090665
0.5038655588971324,1769231.9664144563
0.5012217727317392,1771938.6718095466
0.4985372018906986,1774650.001015564
0.49581158556310356,1777365.9626710117
0.4930446629378622,1780086.5654318833
0.4902361732040532,1782811.8179715879
0.4873858555506132,1785541.7289809857
0.48449344916663506,1788276.3071684905
0.4815586932410554,1791015.561260017
0.4785813269628534,1793759.4999991478
0.47556108952112197,1796508.1321470034
0.4724977201047835,1799261.4664824475
0.4693909579028599,1802019.511801997
0.4662405421043445,1804782.2769199237
0.46304621189830186,1807549.7706683052
0.4598077064736543,1810322.0018969998
0.4565247888330646,1813098.9794737613
0.4531979509575734,1815880.7122842008
0.44982853148559343,1818667.2092318886
0.44641791657039676,1821458.4792383683
0.4429674923651987,1824254.5312431694
0.439478645023172,1827055.3742039101
0.43595276069753197,1829861.0170962587
0.4323912255416218,1832671.4689140383
0.4287954257085431,1835486.738669239
0.4251667473515397,1838306.8353920572
0.42150657662381263,1841131.7681309092
0.41781629967870515,1843961.5459525224
0.41409730266930467,1846796.1779419354
0.41035097174885493,1849635.6732025642
0.40657869307057126,1852480.0408562154
0.4027818527877969,1855329.2900431647
0.3989618370536334,1858183.4299221057
0.3951200320212962,1861042.4696703604
0.3912578238440574,1863906.4184837078
0.3873765986751323,1866775.2855765836
0.38347774266773627,1869649.080182066
0.3795633260277782,1872527.8115519036
0.3756385675397951,1875411.488956596
0.3717095913036985,1878300.1216853666
0.36778252149990465,1881193.7190462574
0.3638634823087159,1884092.2903661686
0.35995859791071894,1886995.8449909007
0.3560739924862162,1889904.3922851135
0.35221579021572325,1892817.9416325293
0.34839011527955677,1895736.502435798
0.3446030918581755,1898660.0841166738
0.340860844132024,1901588.696115975
0.33716949628150417,1904522.3478936388
0.3335351724870179,1907461.0489288438
0.329963996929024,1910404.8087198758
0.3264620937878959,1913353.6367843857
0.3230355872440924,1916307.542659228
0.31969060147804385,1919266.5359007062
0.31643326067009525,1922230.6260843836
0.3132696890007338,1925199.8228053425
0.3102060106503757,1928174.1356780636
0.30724822278749286,1931153.5743366317
0.3043988384500125,1934138.1484345717
0.30165654180501633,1937127.86764503
0.29901982086720125,1940122.7416608694
0.2964871636512214,1943122.7801945214
0.2940570581717452,1946127.9929782066
0.29172799244344105,1949138.3897638672
0.28949845448101996,1952153.9803232928
0.2873669322990935,1955174.7744480805
0.2853319139124153,1958200.7819497606
0.28339188733559695,1961232.0126597437
0.28154534058333525,1964268.4764294869
0.2797907616702986,1967310.1831304284
0.2781266386111838,1970357.1426540704
0.27655145942061665,1973409.3649120245
0.27506371211332237,1976466.859836053
0.2736618847039409,1979529.6373781438
0.27234446520718336,1982597.7075105093
0.2711099416376612,1985671.0802255892
0.26995680201009975,1988749.7655362496
0.2688835343391389,1991833.773475658
0.26788862663946134,1994923.1140973973
0.26697056692577803,1998017.7974755676
0.2661278432127432,2001117.8337047168
0.2653589435149968,2004223.2328999701
0.26466235584723563,2007334.0051970475
0.26403656822415655,2010450.1607522778
0.2634800686603995,2013571.7097427167
0.26299134517066136,2016698.662366091
0.26256888576958204,2019831.0288409719
0.262211178471901,2022968.8194066924
0.2619167112922014,2026112.0443234632
0.26168397224522266,2029260.7138724471
0.2615114493456332,2032414.8383556898
0.2613976306081014,2035574.4280962949
0.261341004047253,2038739.4934383677
0.26134005767784174,2041910.0447471347
0.2613932795144933,2045086.0924089595
0.26149915757190456,2048267.64683136
0.2616561798647439,2051454.7184431418
0.26186283440765123,2054647.3176943136
0.26211760921533767,2057845.4550562494
0.26241899230245735,2061049.141021692
0.2627654716836929,2064258.3861047837
0.26315553537374115,2067473.2008411442
0.2635876713871994,2070693.5957878856
0.264060367738864,2073919.5815236608
0.2645721124433038,2077151.1686488132
0.2651213935152157,2080388.367785188
0.26570669896929644,2083631.189576429
0.26632651682021447,2086879.6446879546
0.26697933508265237,2090133.7438068541
0.26766364177126434,2093393.4976421602
0.26837792490070456,2096658.916924746
0.26912067248569826,2099930.0124074044
0.269890372540857,2103206.794864953
0.27068551308093447,2106489.275094211
0.2715045821205422,2109777.4639140735
0.27234606767436276,2113071.372165576
0.273208457757093,2116371.010711915
0.27409024038340135,2119676.390438521
0.27498990356794195,2122987.522253083
0.2759059353253974,2126304.417085623
0.2768368236704646,2129627.0858885013
0.2777810566177834,2132955.5396365398
0.2787371221820223,2136289.7893270114
0.27970350837789226,2139629.8459796743
0.2806787032200617,2142975.7206368498
0.2816611947231422,2146327.4243635326
0.2826494709019016,2149684.968247351
0.2836420197709373,2153048.363398583
0.28463732934500285,2156417.6209503775
0.28563388763868147,2159792.752058616
0.286630182666741,2163173.7679020423
0.28762470244373617,2166560.6796823884
0.28861593498446325,2169953.4986242554
0.2896023683035196,2173352.2359752865
0.2905824904155736,2176756.903006187
0.2915547893353789,2180167.511010836
0.2925177530775329,2183584.071306152
0.2934698696567324,2187006.5952323903
0.29440962708765994,2190435.0941529786
0.29533551338494135,2193869.579454736
0.2962460165633445,2197310.0625477554
0.29713962463743826,2200756.5548656406
0.29801482562197634,2204209.067865416
0.2988701075316129,2207667.6130276113
0.29970395838097375,2211132.20185639
0.3005148661848125,2214602.84587946
0.3013013189577549,2218079.5566482833
0.3020618047144552,2221562.3457379523
0.3027948114696244,2225051.2247474343
0.3034988272379451,2228546.205299495
0.30417234003405724,2232047.2990407506
0.3048138378726435,2235554.5176417534
0.3054218087683722,2239067.872797138
0.30599474073595445,2242587.376225421
0.30653112179001596,2246113.0396693544
0.30702943994525356,2249644.874895772
0.30748818321633564,2253182.89369569
0.3079058396179448,2256727.1078844103
0.3082808971647779,2260277.5293015526
0.3086118438744023,2263834.169811049
0.3088978281490995,2267397.041301242
0.3091405105872411,2270966.1556850364
0.3093421490690531,2274541.524899694
0.3095050014748608,2278123.160907212
0.30963132568476226,2281711.0756940832
0.309723379579097,2285305.281271563
0.3097834210381052,2288905.789675608
0.3098137079419985,2292512.612966998
0.3098164981710454,2296125.7632313226
0.30979404960545764,2299745.2525790376
0.30974862012553217,2303371.0931456327
0.30968246761148066,2307003.2970915395
0.3095978499435432,2310641.876602286
0.3094970250019742,2314286.8438884835
0.3093822506669852,2317938.2111859825
0.30925578481885907,2321595.9907558127
0.3091198853378643,2325260.1948842867
0.3089768101041841,2328930.8358830395
0.30882881699805864,2332607.9260891518
0.3086781638997991,2336291.4778651204
0.3085271039295776,2339981.5035989657
0.3083777935896137,2343678.015704255
0.3082322994115998,2347381.026620157
0.3080926844987175,2351090.548811583
0.30796101195423375,2354806.5947691086
0.3078393448814012,2358529.177009149
0.3077297463834583,2362258.30807388
0.3076342795637004,2365994.000531498
0.30755500752528064,2369736.266976073
0.30749399337153704,2373485.120027692
0.3074533002056796,2377240.572332584
0.30743499113093264,2381002.636563056
0.3074411292505772,2384771.325417572
0.3074737776678802,2388546.6516209426
0.3075349994860517,2392328.627924198
0.3076268578083443,2396117.26710473
0.307751415738025,2399912.581966385
0.307910736378318,2403714.585339521
0.30810688283251864,2407523.2900809315
0.3083419182037943,2411338.70907409
0.30861790554531865,2415160.8552290886
0.30893587823145197,2418989.741482768
0.3092931928943585,2422825.380798671
0.3096863858424541,2426667.7861672733
0.3101119933842966,2430516.9706057864
0.3105665518283587,2434372.9471585257
0.3110465974830987,2438235.72889678
0.3115486666570604,2442105.3289188384
0.3120692956586595,2445981.7603501338
0.3126050207964539,2449865.0363433566
0.3131523783789163,2453755.170078393
0.31370790471453347,2457652.174762455
0.31426813611177806,2461556.063630104
0.31482960887917955,2465466.8499433137
0.3153888593251821,2469384.5469915993
0.31594242375830106,2473309.1680919733
0.3164868384870516,2477240.7265891107
0.3170186398198922,2481179.2358553074
0.31753436406529545,2485124.7092906437
0.31803054753181925,2489077.16032296
0.3185037265278652,2493036.602407968
0.3189504373619769,2497003.049029247
0.3193672163426413,2500976.51369844
0.3197505997783452,2504957.0099551626
0.320097123977618,2508944.5513671683
0.32040332524883297,2512939.151530357
0.320665739900619,2516940.8240688923
0.3208809042413776,2520949.582635156
0.32104535457963834,2524965.4409099715
0.3211556272238596,2528988.412602488
0.32120825848258505,2533018.5114504048
0.3211997846642589,2537055.751219926
0.32112674207738223,2541100.1457058773
0.32098566703045606,2545151.708731717
0.3207730958319388,2549210.4541496877
0.32048556479037416,2553276.3958407734
0.32011961021426316,2557349.5477148877
0.31967176841193634,2561429.9237107593
0.3191385756921221,2565517.5377962114
0.3185165683631368,2569612.403968027
0.3178022827335383,2573714.5362521945
0.3169922551118134,2577823.948703829
0.3160830218064632,2581940.655407271
0.3150711191259319,2586064.670476242
0.31395308337876315,2590196.008053729
0.3127254508734154,2594334.6823122487
0.3113847579183755,2598480.7074538246
0.30992754082214446,2602634.097709974
0.30835033589322336,2606794.867341925
0.306649679440099,2610963.0306405695
0.3048221077712583,2615138.6019265666
0.3028641571951596,2619321.595550447
0.30077236402033236,2623512.0258925823
0.2985432645552777,2627709.9073633133
0.296173395108454,2631915.2544031227
0.29365929198836227,2636128.0814824067
0.2909974915035036,2640348.4031018945
0.2881845299623791,2644576.233792475
0.28521694367341865,2648811.588115336
0.2820912689451802,2653054.4806620325
0.2788040420860938,2657304.926054555
0.275351799404703,2661562.938945452
0.27173107720949474,2665828.534017731
0.267938411808899,2670101.725985149
0.26397033951150206,2674382.5295921126
0.2598233966256913,2678670.9596138047
0.25549411946005307,2682967.0308562308
0.25097904432303153,2687270.758156384
0.24627470752314196,2691582.156382181
0.2413776453687717,2695901.240432569
0.23628439416857816,2700228.02523765
0.23099149023089183,2704562.5257587163
0.22549546986434166,2708904.756988315
0.21979286937731501,2713254.7339502815
0.21388022507834137,2717612.4716998865
0.20775407327593598,2721977.985323828
0.20141095027854305,2726351.2899404173
0.19484739239466364,2730732.4006995144
0.188059935932813,2735121.3327826555
0.18104511720147798,2739518.101403105
0.17379947250910277,2743922.7218059837
0.16631953816421685,2748335.2092683413
0.15860185445690433,2752755.5790990894
0.1506526694900998,2757183.846639229
0.14250880322309456,2761620.027261844
0.1342130785625386,2766064.136372213
0.12580831841505358,2770516.1894078394
0.11733734568727527,2774976.201838585
0.10884298328585373,2779444.1891666017
0.10036805411742478,2783920.1669266424
0.09195538108858159,2788404.150685895
0.0836477871059742,2792896.156044194
0.07548809507628107,2797396.1986340145
0.06751912790608117,2801904.2941206433
0.059783708502038735,2806420.458202153
0.052324659770775384,2810944.7066095155
0.045184804618983776,2815477.0551066953
0.038406965953171834,2820017.519490662
0.032033966680074855,2824566.115591606
0.026108629706314446,2829122.8592727305
0.020673777938498006,2833687.766430727
0.015772234283261355,2838260.85299545
0.011446821647254524,2842842.1349302283
0.007737538314898984,2847431.6282319645
0.00464053739949577,2852029.348930986
0.0021173928806348385,2856635.3130913614
0.00012874012973895788,2861249.5368108363
0.0,2865872.0362209873
0.0,2870502.8274871777
0.0,2875141.9268087745
0.0,2879789.3504191637
0.0,2884445.1145858057
0.0,2889109.2356103724
0.0,2893781.7298287232
0.0,2898462.61361104
0.0,2903151.9033619897
0.000979041552298554,2907849.6155206533
0.002271732757293421,2912555.766560669
0.0036265401863317948,2917270.372990327
0.005004099210793811,2921993.451352586
0.00636504520197434,2926725.0182252554
0.007670013531281938,2931465.0902209473
0.008879639569954634,2936213.6839872804
0.009954567336720288,2940970.8162068115
0.010866496174571694,2945736.503597302
0.011619843242840489,2950510.7629116303
0.012225049444822389,2955293.610937932
0.01269255568361416,2960085.064499681
0.013032802862539938,2964885.140455786
0.013256231884781755,2969693.8557006535
0.01337328365353585,2974511.2271642
0.013394399072041097,2979337.271812124
0.013330019043536367,2984172.0066457326
0.013190584471232114,2989015.4487022106
0.012986536258338788,2993867.6150546162
0.012728315308024207,2998728.5228120056
0.01242636252361251,3003598.1891194917
0.012091118808214674,3008476.6311582807
0.011733025065183256,3013363.8661458623
0.011362522197615021,3018259.911335962
0.010990051108777266,3023164.7840187713
0.01062605270189465,3028078.5015207953
0.010280967880177627,3033001.0812052544
0.009965237546865069,3037932.540471911
0.00968881219512241,3042872.896757258
0.009454640713812523,3047822.1675344924
0.0092604491648558,3052780.370313838
0.009103838564044509,3057747.5226423447
0.008982409927213553,3062723.642104233
0.008893764270055726,3067708.7463206947
0.008835502608434354,3072702.852950215
0.008805225958099072,3077705.979688569
0.008800535334785309,3082718.144268929
0.008819031754342177,3087739.3644618155
0.008858316232462471,3092769.6580754225
0.008915989784981093,3097809.0429554833
0.008989653427704525,3102857.5369855314
0.009076908176382403,3107915.158086785
0.009175355046735945,3112981.9242184116
0.009282595054614262,3118057.8533775215
0.009396229215823837,3123142.9635993224
0.00951385854601483,3128237.2729570703
0.0096330840610932,3133340.7995623336
0.009751506776780161,3138453.5615649913
0.009866728472900377,3143575.5771532054
0.009976935316998947,3148706.864553755
0.010081939599160705,3153847.4420319432
0.010181834198135675,3158997.3278916394
0.010276711992744936,3164156.540475567
0.010366665861695878,3169325.0981653035
0.010451788683838004,3174503.019381209
0.010532173337935546,3179690.3225827604
0.010607912702781164,3184887.0262684836
0.010679099657096458,3190093.148976154
0.01074582707974514,3195308.7092826576
0.010808187849434603,3200533.725804398
0.010866274844971713,3205768.217197134
0.010920180945177549,3211012.202156253
0.010969999028773714,3216265.6994166747
0.011015821974595497,3221528.727753057
0.011057742661378711,3226801.3059798856
0.011095853967944436,3232083.4529514927
0.011130248773014273,3237375.1875622873
0.011161019955437723,3242676.528746638
0.011188260393979022,3247987.495479169
0.01121206296735977,3253308.106774738
0.01123252055441526,3258638.3816885026
0.011249726033938146,3263978.3393161036
0.011263772284692664,3269327.998793711
0.011274752185443049,3274687.379298045
0.01128275861502459,3280056.5000466304
0.011287884452116259,3285435.3802977973
0.011290222575595976,3290824.039350701
0.011289865864213766,3296222.4965455327
0.011286907196733864,3301630.7712635174
0.011281439451934716,3307048.8829271253
0.011273555508651611,3312476.851000023
0.011263348245620364,3317914.694987331
0.011250910541619419,3323362.4344354845
0.011236335275441434,3328820.088932606
0.011219715325864854,3334287.6781083895
0.011201143571682337,3339765.2216342418
0.011180712891658118,3345252.7392234947
0.011158516164584853,3350750.2506312863
0.011134646269212567,3356257.7756548454
0.01110919608437655,3361775.334133541
0.011082258488812613,3367302.9459488806
0.011053926361356048,3372840.6310246997
0.011024292580742667,3378388.409327286
0.010993450025736706,3383946.300865351
0.010961491575159243,3389514.32569025
0.010928510107774514,3395092.5038960273
0.010894598502375175,3400680.855619491
0.010859849637739671,3406279.401040334
0.010824356392618029,3411888.1603812524
0.010788211645831325,3417507.153908
0.010751508276158006,3423136.4019295285
0.010714339162333886,3428775.924798017
0.010676797183222675,3434425.7429091376
0.010638975217517554,3440085.8767018393
0.010600966144039603,3445756.346658834
0.010562862841581477,3451437.1733063315
0.010524758188921624,3457128.3772144807
0.010486745064795855,3462829.9789971486
0.010448916348082093,3468541.999312267
0.01041136491745931,3474264.458861761
0.01037418365173437,3479997.3783917427
0.010337465429742565,3485740.778692692
0.010301303130219708,3491494.6805992816
0.010265789631944244,3497259.104990749
0.01023101781369462,3503034.0727909016
0.010197080554291915,3508819.60496819
0.01016407073245773,3514615.7225358873
0.010132081227013146,3520422.446552037
0.010101204916779238,3526239.7981197583
0.010071534680463401,3532067.798387197
0.010043163396815658,3537906.468547703
0.010016183944742352,3543755.829839883
0.009990689202922454,3549615.9035477275
0.009966772050177042,3555486.7110007415
0.009944525365298773,3561368.2735739695
0.00992404202702346,3567260.6126882783
0.009905414914172184,3573163.7498101555
0.009888736905537598,3579077.7064521196
0.009874100879855519,3585002.5041726194
0.009861599715932812,3590938.1645763433
0.00985132607267758,3596884.7093139673
0.009843295910314964,3602842.1600827454
0.009837336198572189,3608810.5386261796
0.00983324531577523,3614789.8667344335
0.009830821640377962,3620780.1662441823
0.009829863550621099,3626781.459038897
0.009830169424859037,3632793.767048952
0.00983153764153144,3638817.112251656
0.009833766578879022,3644851.5166713297
0.009836654615298812,3650897.0023794933
0.009840000129173632,3656953.591494999
0.009843601498772614,3663021.3061840343
0.009847257102535423,3669100.1686603106
0.009850765318745403,3675190.201185089
0.009853924525742741,3681291.426067397
0.009856533101896048,3687403.8656640565
0.009858389425616565,3693527.542379873
0.009859291875173426,3699662.4786675866
0.00985903882892103,3705808.697028244
0.009857428665213774,3711966.2200109675
0.009854259762462902,3718135.0702133533
0.009849357955999949,3724315.270281557
0.009842858334494053,3730506.8429101133
0.00983509088639778,3736709.810842389
0.009826388647056206,3742924.1968705906
0.009817084651899677,3749150.023835822
0.00980751193624485,3755387.3146281685
0.009798003535578914,3761636.0921869166
0.009788892485318001,3767896.3795006117
0.00978051182077877,3774168.199607119
0.009773194577363142,3780451.5755938133
0.009767273790515674,3786746.530597749
0.009763082495624076,3793053.087805585
0.009760953728033428,3799371.27045383
0.009761220523216707,3805701.1018289863
0.00976421591647636,3812042.605267528
0.009770272943313785,3818395.80415615
0.00977972463905985,3824760.721931775
0.009792904039102268,3831137.3820818043
0.009810144178914015,3837525.8081441503
0.00983177809381175,3843926.0237072455
0.009858137249494803,3850338.052410292
0.009889152464452877,3856761.917943488
0.009923824779320967,3863197.644047898
0.009961023674136982,3869645.254515625
0.009999618629024098,3876104.7731900904
0.010038479124020228,3882576.2239659876
0.010076474639220123,3889059.6307894806
0.010112474654633274,3895555.017658269
0.010145348650354435,3902062.4086217596
0.01017396610646415,3908581.8277811017
0.010197196503000328,3915113.299289473
0.010213909320043513,3921656.847351947
0.010222974037660038,3928212.496225836
0.010223260135902024,3934780.2702207565
0.010213637094835804,3941360.1936986055
0.01019297439454192,3947952.2910739062
0.010160141515058285,3954556.586813818
0.010114007936479652,3961173.1054380867
0.010053443138858142,3967801.871519558
0.0099773166022743,3974442.9096839647
0.009884497806780246,3981096.2446101
0.009773929893739819,3987761.9010301693
0.009645325617611888,3994439.9037295706
0.009498855966995734,4001130.277547301
0.00933469801799447,4007833.0473758793
0.00915302884673963,4014548.2381616146
0.00895402552933433,4021275.8749046684
0.008737865141895895,4028015.982659125
0.008504724760655336,4034768.5865332824
0.008254781461701555,4041533.7116894964
0.007988212321080823,4048311.3833446717
0.0077051944150241525,4055101.6267700177
0.007405904819634657,4061904.4672914296
0.007090520611001239,4068719.9302895293
0.006759218865298067,4075548.041199732
0.006412176658699309,4082388.8255125484
0.006049571067251236,4089242.308773446
0.005671579167113805,4096108.5165832695
0.005278378034432762,4102987.474598076
0.004870144745339644,4109879.208529466
0.004447056375937564,4116783.744144709
0.004009290002372268,4123701.1072667586
0.003557022700775292,4130631.3237744947
0.0030904315472923827,4137574.4196027075
0.002609693618097708,4144530.42074234
0.002114985989223328,4151499.353240622
0.0016064857368149887,4158481.2432011375
0.0010843699371037019,4165476.1167840133
0.0005488156660931054,4172484.000205992
0.0,4179504.9197405903
