WF,MW
0.01749602924295598,68.81648449531852
0.017543154088719086,68.90652020825044
0.017591644892529013,68.99665792328523
0.017641418222406287,69.08689773591834
0.017692390583510322,69.17723974173515
0.01774447842654628,69.2676840363671
0.017797598139585417,69.35823071553243
0.017851666054587215,69.44887987500564
0.017906598443622225,69.53963161063257
0.017962311519519932,69.63048601833063
0.01801872143770395,69.72144319407678
0.018075744292261386,69.81250323392976
0.0181332961213122,69.90366623400173
0.018191292901984665,69.9949322904813
0.01824965055254852,70.08630149962764
0.018308284933393593,70.17777395776247
0.01836711184532651,70.26934976127747
0.01842604702984216,70.36102900663485
0.018485006169803437,70.45281179036385
0.018543904889427833,70.54469820905864
0.01860265875255024,70.63668835938911
0.018661183264921364,70.7287823380902
0.018719397386050794,70.82098024196061
0.018777279954652698,70.91328216787926
0.01883491173945837,71.00568821277973
0.018892420375097693,71.09819847367473
0.018949934883543632,71.19081304764094
0.019007584376886884,71.28353203182388
0.019065498056739152,71.37635552344338
0.0191238052171733,71.46928361977632
0.019182635240073735,71.56231641818084
0.01924211759964499,71.65545401607638
0.019302381859729916,71.74869651095418
0.019363557674567274,71.84204400037626
0.01942577479073194,71.93549658196207
0.019489163041443006,72.02905435342119
0.01955385235539937,72.12271741250872
0.01961997274734778,72.21648585707001
0.01968765432664538,72.31035978500134
0.01975702729076912,72.40433929427769
0.019828221928011494,72.49842448294615
0.019901367137735344,72.59261544911513
0.019976477229304238,72.68691229096672
0.020053262194946107,72.78131510674982
0.02013122226445971,72.87582399478386
0.020209838899359,72.9704390534589
0.020288593198607634,73.06516038123306
0.02036696589816854,73.1599880766332
0.020444437371330407,73.25492223825192
0.020520487625783086,73.3499629647651
0.020594596309658764,73.44511035489978
0.020666242704458427,73.54036450746497
0.020734905729647438,73.63572552133351
0.020800063940622733,73.73119349544795
0.020861195527555505,73.82676852882938
0.02091777831995405,73.92245072055144
0.020969289779456425,74.01824016977389
0.02101520700611784,74.114136975716
0.021055006734044934,74.21014123767348
0.02108816533473135,74.30625305500233
0.021114158813793603,74.40247252713968
0.02113259728308253,74.4987997535863
0.021143730575388098,74.59523483391075
0.021148433050368395,74.69177786775964
0.021147698467292395,74.7884289548359
0.021142521277332276,74.88518819493206
0.021133896632857432,74.98205568788615
0.021122820377443008,75.07903153362851
0.021110289054466845,75.17611583214784
0.02109729990350678,75.2733086835025
0.021084850859646034,75.37061018782993
0.02107394055834449,75.46802044532117
0.021065568328016194,75.56553955625975
0.021060734199768488,75.66316762097657
0.021060438898590803,75.76090473988958
0.021065683849728577,75.85875101348012
0.021077471176597008,75.95670654229912
0.021096803700895398,76.05477142696924
0.02112468494330127,76.1529457681832
0.021162119122768948,76.25122966670976
0.02121005713675667,76.34962322337074
0.02126891014301978,76.44812653908228
0.021338345688813726,76.54673971481493
0.02141777124459115,76.64546285160816
0.02150659151604538,76.7442960505874
0.02160421079487838,76.84323941293101
0.021710032951688954,76.94229303990045
0.021823461440813048,77.04145703282019
0.021943899296966777,77.1407314930911
0.022070749137383938,77.2401165221808
0.022203413160848617,77.33961222162537
0.022341293145834266,77.43921869303995
0.022483790453665643,77.538936038104
0.022630306026062343,77.63876435856912
0.022780240385608545,77.73870375625779
0.022932993635615625,77.83875433306338
0.02308796545985636,77.93891619095095
0.02324455512293579,78.03918943195458
0.023402161468485717,78.13957415818663
0.023560187751398797,78.24007047181652
0.023718177288059025,78.3406784750936
0.023875959678427178,78.44139827034498
0.024033523253336138,78.54222995995444
0.024190864227054916,78.64317364638495
0.02434797881178246,78.7442294321701
0.02450486321685211,78.84539741991696
0.02466151365063205,78.94667771229538
0.02481792631686881,79.04807041205409
0.024974097416693788,79.14957562201647
0.02513002315126628,79.25119344506466
0.025285699716255505,79.35292398416249
0.025441123306115285,79.45476734234127
0.025596290112000555,79.55672362270693
0.025751196324027167,79.65879292842911
0.025905838126725225,79.76097536276231
0.026060211705591297,79.86327102901873
0.02621431324138368,79.96568003058802
0.026368138912249043,80.06820247093313
0.02652168489401564,80.17083845358869
0.02667494736094103,80.27358808215557
0.02682792248336083,80.37645146031056
0.026980606428696718,80.47942869180565
0.02713299536385536,80.58251988045546
0.02728508545074562,80.68572513015496
0.027436872850321058,80.78904454486548
0.027588353719868543,80.89247822862399
0.027739524215135095,80.99602628553501
0.027890380488342918,81.09968881977784
0.028040918688785155,81.20346593560663
0.028191134964540464,81.30735773734212
0.028341025460147877,81.41136432937925
0.02849058631737235,81.51548581618655
0.028639813676632646,81.61972230229884
0.028788703673192216,81.72407389233342
0.028937252443045552,81.82854069096734
0.029085456116211293,81.93312280296176
0.029233310822497437,82.03782033314269
0.029380812688620948,82.14263338640822
0.029527957837701457,82.24756206773273
0.029674742391217656,82.35260648215998
0.02982116246786913,82.45776673480586
0.029967214182737067,82.5630429308633
0.03011289365061275,82.6684351755882
0.030258196980155975,82.7739435743222
0.030403120281259417,82.87956823246617
0.03054765965833536,82.985309255502
0.030691811214177456,83.09116674898243
0.030835571049814162,83.19714081852825
0.030978935261937398,83.30323156983886
0.03112189994598355,83.40943910868211
0.03126446119337664,83.51576354090389
0.031406615094823044,83.62220497241599
0.03154835773683576,83.72876350920737
0.03168968520434872,83.83543925733616
0.031830593578076105,83.94223232293967
0.031971078937508814,84.04914281222439
0.032111137360587724,84.15617083146313
0.032250764918864736,84.26331648701566
0.03238995768591889,84.37057988529915
0.03252871172783049,84.47796113282021
0.032667023113474795,84.58546033613987
0.03280488790382658,84.69307760190868
0.03294230215957463,84.80081303684644
0.03307926194135897,84.90866674773332
0.033215763301469234,85.01663884144227
0.03335180229528272,85.12472942490163
0.033487374970336936,85.23293860512982
0.03362247737693852,85.34126648920073
0.03375710555751161,85.44971318427775
0.03389125555577962,85.5582787975865
0.034024923410753125,85.66696343643096
0.0341581051593624,85.77576720818774
0.03429079683646962,85.88469022030401
0.03442299447295138,85.9937325803049
0.03455469409818626,86.10289439578608
0.0346858917381352,86.21217577441911
0.03481658341707999,86.32157682394576
0.034946765155684,86.43109765218408
0.03507643297215184,86.54073836702608
0.03520558288321892,86.65049907643248
0.03533421090080581,86.76037988844473
0.03546231303635036,86.87038091117155
0.03558988529705631,86.98050225279971
0.03571692368726463,87.09074402159249
0.03584342421126486,87.20110632587746
0.035969382867691,87.31158927406437
0.03609479565493439,87.42219297462938
0.03621965856508825,87.53291753613559
0.036343967592450295,87.64376306720517
0.036467718725419665,87.7547296765417
0.03659090794972488,87.86581747292527
0.03671353125151694,87.97702656519843
0.036835584608523965,88.08835706229725
0.03695706400240937,88.19980907321244
0.03707796540784263,88.31138270701926
0.03719828479785853,88.42307807286613
0.037318018144084565,88.53489527997073
0.03743716141318366,88.64683443763215
0.037555710570826066,88.75889565522003
0.0376736615795986,88.8710790421789
0.03779101040027257,88.98338470802389
0.03790775298904357,89.0958127623505
0.0380238853007098,89.2083633148261
0.03813940328697424,89.32103647519378
0.038254302897944785,89.43383235326701
0.03836858007977432,89.54675105893689
0.03848223077528917,89.65979270217326
0.038595250928326455,89.77295739300746
0.038707636474631955,89.88624524156168
0.038819383351180604,89.99965635802388
0.03893048749250667,90.11319085265248
0.03904094482696503,90.22684883579217
0.03915075128374024,90.34063041785342
0.039259902787142684,90.45453570932726
0.039368395261016445,90.56856482077247
0.03947622462431735,90.68271786282843
0.03958338679398211,90.79699494620915
0.03968987768538577,90.9113961816993
0.03979569320921295,91.02592168016471
0.039900829275256795,91.1405715525416
0.040005281790185386,91.25534590984125
0.04010904665776108,91.3702448631503
0.040212119777246653,91.4852685236383
0.04031449704998386,91.60041700253458
0.040416174370095925,91.71569041115478
0.040517147629690914,91.8310888608913
0.040617412721165834,91.94661246320167
0.04071696553080101,92.06226132962752
0.04081580194355983,92.17803557178371
0.04091391784287429,92.29393530135565
0.04101130910671734,92.40996063011258
0.041107971614308784,92.52611166988696
0.04120390123590802,92.64238853260672
0.04129909384745701,92.75879133025101
0.04139354531522259,92.87532017489148
0.04148725150604168,92.99197517866881
0.041580208283594745,93.10875645379915
0.04167241150651111,93.22566411258359
0.041763857036855014,93.34269826737898
0.04185454072715927,93.45985903063536
0.0419444584298475,93.57714651487552
0.04203360599631213,93.69456083269169
0.042121979273829574,93.81210209675382
0.042209574104824524,93.92977041981672
0.04229638633451929,94.04756591469396
0.042382411799459146,94.16548869429073
0.04246764633635541,94.28353887158345
0.042552085780910485,94.40171655961673
0.042635725961305104,94.52002187152596
0.04271856270905206,94.63845492050544
0.042800591847644454,94.75701581983888
0.042881809200287724,94.87570468288212
0.04296221058919196,94.99452162305926
0.043041791827768516,95.11346675389058
0.04312054873526033,95.23254018894846
0.04319847712185968,95.35174204189579
0.04327557279675714,95.47107242646989
0.04335183156692596,95.59053145648318
0.04342724923613925,95.71011924582565
0.04350182160768461,95.82983590845515
0.04357554447719965,95.94968155842093
0.04364841364230489,96.06965630983743
0.043720424895187314,96.18976027690198
0.043791574028552695,96.30999357387788
0.04386185682716985,96.43035631512028
0.04393126907807223,96.55084861504861
0.04399980656283917,96.6714705881648
0.044067465060831,96.79222234904722
0.0441342403504498,96.91310401234458
0.04420012820361652,97.0341156927935
0.04426512439254482,97.15525750520128
0.04432922468850337,97.27652956444254
0.044392424852977834,97.39793198549086
0.04445473814642317,97.51946488337288
0.044516281174715774,97.64112837321134
0.044577282785242325,97.76292257019222
0.04463799828387158,97.88484758958768
0.04469868316328977,98.0069035467375
0.044759593088907014,98.12909055707036
0.044820983906292265,98.25140873608464
0.04488311163792253,98.37385819935301
0.04494623248067148,98.49643906253297
0.04501060281174961,98.61915144134967
0.04507647918132278,98.74199545161744
0.045144118320519185,98.86497120921837
0.04521377713557647,98.9880788301159
0.045285712710463805,99.1113184303502
0.04536018230745596,99.23469012603454
0.04543744336330116,99.35819403336822
0.04551775349522909,99.48183026862036
0.04560137049608149,99.6055989481413
0.04568855233643546,99.72950018835925
0.04577953987650266,99.85353410577316
0.045874344168441654,99.97770081697229
0.0459726205861837,100.10200043860615
0.04607387859957908,100.22643308742343
0.04617762469086364,100.3509988802299
0.046283364996074876,100.47569793391722
0.04639060530701984,100.60053036546645
0.046498851081256495,100.72549629191406
0.04660760742741623,100.85059583038986
0.0467163791154467,100.9758290980941
0.046824670569584004,101.10119621231594
0.046931985877615524,101.22669729040521
0.047037828778997044,101.35233244980404
0.04714170267332371,101.47810180802824
0.04724311061836624,101.60400548266766
0.047341555327266936,101.7300435913948
0.04743653917086548,101.85621625196032
0.04752756417815004,101.9825235821893
0.04761413203480351,102.10896569998393
0.04769574716139524,102.23554272333612
0.04777206038490352,102.36225477030153
0.047843067736690593,102.4891019590188
0.04790898216290043,102.6160844077153
0.04797003188851932,102.74320223467902
0.048026445292335074,102.87045555828638
0.04807845091329781,102.9978444969905
0.04812627744836568,103.12536916932604
0.04817015375448312,103.2530296939041
0.048210308848357634,103.38082618941014
0.04824697190456914,103.5087587746097
0.0482803722553342,103.63682756835226
0.04831073939415685,103.76503268956091
0.04833830297171568,103.89337425724281
0.04836329280174245,104.02185239047132
0.04838593885134415,104.15046720841431
0.048406471252166024,104.27921883030552
0.04842512029042651,104.4081073754704
0.04844211641754038,104.53713296329657
0.04845769022865279,104.66629571326604
0.04847205541102208,104.79559574493155
0.04848535647490763,104.92503317792631
0.048497675790598826,105.05460813196464
0.048509085814019595,105.18432072683473
0.048519659048774824,105.31417108241081
0.04852946805175006,105.44415931863762
0.04853858542698062,105.57428555554684
0.04854708382929671,105.70454991325086
0.04855503596769667,105.83495251192767
0.048562514595571434,105.9654934718499
0.04856959252134957,106.09617291335775
0.048576342600116396,106.22699095688014
0.04858283773950589,106.35794772292081
0.04858915089775814,106.48904333206016
0.04859535508093035,106.62027790496593
0.04860152334907545,106.75165156237512
0.0486077288086903,106.88316442511476
0.04861404462114107,107.01481661407848
0.04862054399173721,107.14660825025886
0.048627295970142995,107.27853945470218
0.04863433514919164,107.41061034855483
0.04864165262411701,107.54282105304293
0.04864922619291451,107.67517168945466
0.04865703357587996,107.80766237917481
0.048665052481275825,107.9402932436617
0.048673260601675726,108.07306440445316
0.048681635613677644,108.2059759831683
0.04869015517986946,108.33902810150119
0.04869879694375815,108.47222088123759
0.04870753853905508,108.60555444422718
0.0487163575778456,108.73902891241644
0.04872523166297753,108.87264440781496
0.04873413837594213,109.00640105252819
0.04874305528786055,109.1402989687285
0.048751959950458126,109.2743382786785
0.04876082990254671,109.40851910471505
0.04876964266748206,109.54284156925297
0.048778375750052644,109.67730579479772
0.04878700712165164,109.8119119039238
0.04879552487968435,109.94666001929102
0.04880393576385451,110.0815502636423
0.04881225584664364,110.21658275979388
0.04882050155012966,110.3517576306491
0.04882868930912405,110.48707499918896
0.04883683557032873,110.62253498847187
0.048844956790074646,110.75813772164135
0.0488530694368707,110.89388332192044
0.0488611899897089,111.02977191261624
0.04886933494317049,111.16580361710109
0.048877520794953645,111.30197855885294
0.048885764062889726,111.43829686140707
0.04889408126963304,111.57475864839574
0.04890248895315789,111.71136404352248
0.04891100366137266,111.8481131705736
0.048919641952689365,111.98500615341987
0.04892842039858215,112.12204311600819
0.04893735557961281,112.25922418237349
0.048946464015427425,112.39654947662132
0.04895575275191937,112.53401912294348
0.04896520102357342,112.6716332456191
0.048974767510155524,112.80939196899885
0.048984408726914376,112.94729541751693
0.048994081158047556,113.08534371569345
0.04900374126068382,113.22353698812088
0.04901334545917542,113.36187535948017
0.04902285014850781,113.50035895453428
0.04903221169600567,113.63898789811951
0.04904138643504708,113.77776231516549
0.049050330673330714,113.9166823306716
0.04905900068687587,114.05574806972014
0.04906735271858153,114.19495965748752
0.04907534298764763,114.33431721921286
0.0490829276772806,114.47382088023275
0.0490900629444004,114.61347076595675
0.049096704915919206,114.75326700187273
0.049102809684153315,114.89320971356652
0.04910833331883361,115.03329902668364
0.04911324703432796,115.1735350669679
0.04911760436336263,115.31391796023894
0.049121544598168754,115.45444783239884
0.04912522569294564,115.59512480942414
0.04912880570587933,115.73594901739054
0.049132442809147976,115.87692058244198
0.049136295282646604,116.0180396308024
0.04914052151114732,116.15930628879036
0.049145279993794665,116.30072068278918
0.04915072933151142,116.44228293928475
0.049157028239653934,116.58399318483114
0.04916433554115588,116.72585154606365
0.04917281016483188,116.86785814970966
0.04918261115258895,117.01001312256585
0.04919389764939802,117.1523165915295
0.04920682891769698,117.29476868355266
0.04922156431815458,117.4373695257009
0.049238263329832395,117.58011924509674
0.049257085534679855,117.72301796895964
0.04927817049067037,117.86606582459112
0.049301419121145176,118.0092629393655
0.049326379624345114,118.15260944074885
0.04935246390870847,118.29610545628128
0.04937908153580079,118.43975111360159
0.04940564167083042,118.58354654040247
0.04943155306259521,118.72749186449252
0.049456224063032767,118.87158721374331
0.04947906261699394,119.01583271610903
0.049499476261257704,119.16022849963556
0.04951687213021888,119.30477469244269
0.04953065694910997,119.44947142274405
0.04954023704230797,119.59431881882043
0.049545018322485694,119.73931700905256
0.04954440630095548,119.88446612189217
0.04953780608204419,120.0297662858728
0.049524622359787614,120.17521762962618
0.04950425942770243,120.32082028185107
0.049476121169670546,120.46657437133567
0.049439620925022625,120.61248002695046
0.04939455389883265,120.75853737764908
0.04934156518536834,120.9047465524736
0.04928180926745775,121.05110768053724
0.049216472718018336,121.19762089105166
0.04914674293011364,121.34428631329237
0.04907380810358152,121.49110407664162
0.048998857257970034,121.63807431055378
0.04892308022955686,121.78519714455422
0.04884766766207537,121.93247270827595
0.04877381102246893,122.07990113141213
0.04870270258530013,122.22748254376334
0.048635535448749094,122.37521707518945
0.0485735035190664,122.52310485565701
0.04851780152538843,122.67114601519627
0.0484696250090809,122.8193406839298
0.048430170327106836,122.96768899207059
0.04840063465765493,123.11619106989963
0.04838221598980591,123.26484704780057
0.04837611276849742,123.4136570562269
0.04838325350540055,123.5626212257139
0.0484035480045491,123.71173968690348
0.048436028392507956,123.86101257048571
0.048479597506454676,124.01044000726922
0.04853315743860141,124.16002212812529
0.04859560952401304,124.3097590640176
0.04866585434468713,124.45965094599399
0.04874279173137111,124.60969790517544
0.04882532075388434,124.75990007279194
0.04891233973758912,124.91025758012668
0.04900274624449605,125.06077055857247
0.049095437087462196,125.21143913959273
0.049189308322501034,125.36226345473915
0.04928325525031004,125.51324363565018
0.04937617241840303,125.66437981404104
0.04946695361450719,125.81567212172715
0.04955449187715188,125.96712069058786
0.04963767948292737,126.11872565260455
0.049715407957685843,126.27048713982708
0.049786630512548766,126.4224052844061
0.04985076442770217,126.57448021857024
0.04990778849073721,126.72671207462838
0.04995784141348424,126.87910098498261
0.050001062408174105,127.03164708210689
0.05003759077760215,127.18435049858115
0.0500675659290458,127.33721136704673
0.05009112736128269,127.4902298202426
0.05010841467023026,127.6434059909958
0.0501195675516436,127.7967400122084
0.05012472579491739,127.95023201687715
0.050124029289930504,128.10388213807192
0.05011761801846918,128.25769050896463
0.050105632065825266,128.41165726279138
0.05008821160657817,128.56578253289808
0.05006549692064435,128.72006645269036
0.050037628378170274,128.87450915567777
0.05000474644934924,129.02911077544985
0.049966991702665144,129.18387144567492
0.04992451065102636,129.33879130011732
0.049877557731378655,129.49387047262138
0.04982657614700823,129.649109097108
0.04977209876618172,129.80450730761316
0.04971466158578461,129.9600652382152
0.04965480095583934,130.11578302311707
0.04959305360262159,130.27166079658016
0.04952995661224015,130.42769869297146
0.04946604744251325,130.58389684672932
0.04940186391511486,130.74025539238522
0.04933794421949301,130.8967744645551
0.04927482691266495,131.05345419793792
0.04921305091667652,131.21029472732639
0.049153155523962544,131.36729618758847
0.04909568039158754,131.52445871368502
0.04904116554630686,131.68178244065462
0.04899015137795082,131.839267503638
0.048943178648555886,131.99691403784914
0.04890078848691261,132.15472217858655
0.04886352095309579,132.31269206124477
0.04883178583189547,132.47082382130174
0.04880563384860608,132.62911759431182
0.04878486186838124,132.78757351592304
0.04876924286811503,132.94619172187691
0.04875854967164924,133.10497234799283
0.048752554947120136,133.26391553017135
0.048751031202856,133.4230214044132
0.048753750795464915,133.58229010679173
0.048760485920504054,133.74172177348453
0.048771008624927004,133.9013165407281
0.048785090790199985,134.06107454487602
0.048802504147944986,134.2209959223523
0.04882302027322371,134.38108080966333
0.048846410580712755,134.54132934341743
0.04887244633397521,134.70174166029273
0.048900898635816176,134.86231789706665
0.048931538433772875,135.0230581906039
0.0489641365218319,135.18396267784325
0.048998463532801406,135.345031495826
0.04903430183622009,135.50626478166348
0.04907149295312041,135.66766267257415
0.049109937545310456,135.8292253058454
0.04914954802355104,135.990952818866
0.04919023674281904,136.1528453490985
0.0492319159949622,136.31490303410163
0.04927449801308217,136.47712601151943
0.04931789497034736,136.63951441908324
0.04936201897997838,136.8020683946117
0.04940678209611887,136.96478807600636
0.049452096311460164,137.12767360126054
0.049497873557514616,137.2907251084627
0.049544025710815724,137.45394273576989
0.04959046458225422,137.61732662144345
0.04963710192653308,137.78087690382142
0.04968384943504022,137.94459372134037
0.049730618742660514,138.10847721251275
0.04977732142182174,138.27252751594466
0.04982386898455468,138.4367447703333
0.04987017288546357,138.60112911445322
0.049916144515448416,138.76568068717864
0.04996169520825318,138.9303996274628
0.05000673623507684,139.09528607435442
0.05005117880964284,139.26034016698108
0.05009493408339593,139.42556204456352
0.05013791314728002,139.59095184641404
0.0501800270353316,139.7565097119195
0.05022118671474619,139.92223578057968
0.050261303100898935,140.08813019195475
0.05030028704319418,140.25419308570724
0.05033804933136416,140.42042460159013
0.050374500697875,140.58682487943236
0.050409551809457005,140.75339405917146
0.050443113279780405,140.92013228080796
0.05047509565493007,141.087039684454
0.05050540942548929,141.254116410297
0.05053396502047556,141.42136259861388
0.05056067280823324,141.58877838977048
0.050585444245154015,141.75636392422723
0.050608227692327305,141.92411934252812
0.05062904925107356,142.09204478530057
0.050647979386940246,142.26014039327663
0.05066509100827913,142.42840630725237
0.05068045706544855,142.5968426681392
0.05069415056513282,142.76544961691843
0.05070624455969676,142.93422729467346
0.05071681215633992,143.1031758425582
0.050725926505217095,143.2722954018404
0.05073366081317368,143.4415861138564
0.05074008833460992,143.61104812003458
0.05074528237057188,143.78068156190815
0.050749316278840925,143.95048658107595
0.050752263461426174,144.1204633192428
0.05075419737251534,144.29061191819895
0.05075519151787818,144.46093251981637
0.050755319449070906,144.6314252660725
0.05075465477414753,144.80209029901118
0.050753271207536574,144.97292776079155
0.050751267234046486,145.14393779363544
0.05074882787696344,145.31512053987944
0.050746209667412376,145.48647614192782
0.05074367884524856,145.6580047422903
0.05074150183346232,145.8297064835596
0.0507399452360811,146.00158150841267
0.05073927583453846,146.17362995962753
0.05073976059261291,146.34585198006883
0.050741666657696555,146.51824771267525
0.05074526134950681,146.6908173005069
0.050750812179727434,146.86356088667378
0.05075858682785454,147.0364786144203
0.05076885316758372,147.2095706270351
0.05078187924172659,147.38283706793305
0.05079793328064,147.55627808060143
0.050817283694300226,147.72989380861725
0.05084019907111296,147.90368439565836
0.05086694818501817,148.07764998547515
0.050897799984471005,148.25179072193185
0.050932997347278804,148.42610674896093
0.050972605028893656,148.6005982105964
0.051016481205970146,148.77526525096215
0.05106442930205743,148.95010801426236
0.05111625253128943,149.12512664480892
0.0511717539792575,149.30032128698522
0.051230736590921734,149.47569208528867
0.05129300318605976,149.65123918427395
0.05135835644064203,149.8269627286175
0.05142659890199068,150.0028628630726
0.05149753298161567,150.17893973248664
0.05157096095860769,150.35519348178946
0.05164668497492841,150.53162425601028
0.05172450703880456,150.70823220027052
0.05180422902721353,150.88501745976816
0.05188565267675847,151.06198017981404
0.051968579594612166,151.23912050579614
0.052052811253796225,151.416438583186
0.052138148987778375,151.59393455756583
0.05222439400148208,151.77160857458864
0.05231134735893465,151.94946078002118
0.05239880999716692,152.1274913196945
0.052486582710963466,152.30570033955536
0.05257446616616545,152.48408798562454
0.05266226089137943,152.6626544040194
0.052749767278244514,152.84139974096107
0.05283678559100686,153.02032414273313
0.052923115949519255,153.19942775574316
0.053008558347480715,153.3787107264624
0.05309291263732071,153.55817320147315
0.053175978538836745,153.73781532744636
0.05325755564047988,153.91763725112764
0.05333744338833025,154.09763911938103
0.05341544110191783,154.27782107913356
0.053491347958323276,154.45818327742754
0.05356496300446743,154.63872586138336
0.05363608514896265,154.81944897822393
0.053704513169247695,155.0003527752499
0.053770048003165975,155.1814373998623
0.053832649278735004,155.36270299955748
0.05389268713676786,155.54414972191387
0.05395080922641595,155.72577771461098
0.054007686872526654,155.9075871254151
0.05406399185310833,156.0895781021821
0.054120396396464904,156.27175079287275
0.054177573188868504,156.4541053455246
0.0542361953664285,156.63664190827774
0.054296936521123974,156.8193606293574
0.0543604706976057,157.00226165708256
0.05442747239295831,157.18534513987134
0.05449861656044459,157.36861122622702
0.05457457860662823,157.55206006474515
0.054656034390801085,157.73569180411937
0.0547436602287445,157.9195065931275
0.05483813288649247,158.1035045806554
0.054940129591119505,158.287685915657
0.05505032801646154,158.4720507472041
0.05516940629248479,158.6565992244381
0.05529790737527645,158.84133149662063
0.05543575113752248,159.0262477130752
0.05558225984220069,159.21134802324627
0.05573664563853783,159.3966325766441
0.055898120135328196,159.58210152289718
0.056065894414059306,159.76775501171227
0.056239179022004586,159.95359319289042
0.05641718397277583,160.13961621632768
0.05659911874654051,160.32582423201617
0.05678419229128782,160.51221739003836
0.05697161302203411,160.69879584056696
0.057160588819313435,160.88555973387065
0.057350327028693554,161.07250922031966
0.057540034468029314,161.25964445035365
0.057728917412612005,161.44696557453517
0.057916181611564345,161.63447274349716
0.05810103227469801,161.8221661079813
0.0582826740812303,162.01004581881267
0.05846031117435796,162.19811202691375
0.058633184126490503,162.386364883307
0.05880088675314959,162.57480453909756
0.0589634904653705,162.76343114548527
0.05912122905654147,162.9522448537661
0.05927433774555462,163.14124581534477
0.059423051920441144,163.33043418168336
0.05956760711552845,163.51981010437947
0.059708239034004865,163.7093737351003
0.059845183535962465,163.89912522560988
0.0599786766398719,164.08906472777016
0.06010895452555321,164.27919239353093
0.06023625353053542,164.46950837494114
0.06036081014969954,164.66001282415675
0.06048286104679834,164.8507058933934
0.06060264303226693,165.0415877350026
0.060720393088844415,165.23265850139126
0.060836348349324075,165.4239183450877
0.060950746110713154,165.61536741870515
0.06106382382793562,165.8070058749578
0.061175819120989045,165.99883386663294
0.06128696976109541,166.1908515466401
0.06139751368612184,166.38305906796572
0.06150768898971448,166.57545658370316
0.061617733931143115,166.7680442470197
0.06172788692172444,166.96082221120287
0.061838386538849884,167.15379062961927
0.06194947151731346,167.346949655737
0.06206138075542884,167.54029944310537
0.06217435330438355,167.7338401453938
0.06228862838430156,167.92757191634016
0.06240444536976647,168.12149490979084
0.06252204379634148,168.3156092796884
0.06264166336022405,168.5099151800711
0.0627635439209876,168.70441276505906
0.0628879254931262,168.8991021888844
0.06301504825456951,169.09398360586837
0.0631451525455811,169.28905717041732
0.0632784788614056,169.48432303705079
0.06341526773115286,169.67978136036623
0.06355572900804042,169.87543229507344
0.06369997214799751,170.07127599596606
0.06384802716725559,170.26731261793384
0.06399991443697133,170.4635423159663
0.06415565434216072,170.65996524514543
0.06431526728012933,170.85658156064952
0.06447877366006996,171.05339141775607
0.06464619390544954,171.2503949718335
0.0648175484516312,171.44759237834705
0.0649928577454636,171.64498379286348
0.06517214225130398,171.84256937102694
0.06535542243776814,172.04034926860487
0.06554271879339765,172.2383236414425
0.0657340518178371,172.4364926454809
0.0659294420205886,172.63485643676768
0.06612890992750825,172.83341517143606
0.06633247607512661,173.03216900571968
0.0665401610118514,173.23111809595324
0.06675198530249574,173.43026259855486
0.06696795685754388,173.62960267005352
0.06718800496149661,173.8291384670581
0.06741197144442637,174.02887014629647
0.06763967660435581,174.22879786457761
0.06787094060730917,174.4289217787989
0.0681055834909388,174.6292420459783
0.0683434251808723,174.829758823203
0.06858428547302038,175.03047226768072
0.0688279840478894,175.23138253670044
0.06907434046211006,175.4324897876532
0.06932317414965322,175.63379417803338
0.06957430442781604,175.83529586541675
0.06982755048776669,176.03699500748763
0.07008273140181544,176.23889176202118
0.07033966611733374,176.4409862869017
0.0705981734662941,176.64327874009211
0.07085807215349878,176.84576927966646
0.07111918076570845,177.0484580637871
0.07138131776681594,177.2513452507156
0.0716443088865683,177.45443099882377
0.07190808501817687,177.6577154665499
0.07217274422992559,177.86119881246844
0.07243845548579718,178.06488119522425
0.07270538932824674,178.2687627735595
0.07297371640656337,178.47284370633838
0.0732436074958661,178.67712415248653
0.07351523347315961,178.88160427105748
0.07378876533638205,179.08628422118593
0.07406437419306282,179.29116416211482
0.07434223126765623,179.49624425317674
0.07462250789837893,179.7015246537979
0.07490537553304184,179.9070055235158
0.0751910057378718,180.11268702195437
0.07547957018823709,180.3185693088492
0.07577124068083005,180.52465254401102
0.0760661891191693,180.7309368873643
0.07636458751918142,180.93742249894387
0.076666608022073,181.1441095388467
0.07697242101874441,181.35099816730485
0.07728209690852486,181.5580885446186
0.07759546241864115,181.76538083121665
0.07791218698520443,181.97287518759492
0.07823192807375157,182.18057177437277
0.07855434292690681,182.38847075225453
0.07887908855808425,182.59657228203753
0.07920582174453356,182.80487652463972
0.07953419904301008,183.0133836410555
0.07986387677498734,183.2220937923907
0.08019451103648385,183.43100713983944
0.0805257576910763,183.640123844701
0.08085727237079977,183.84944406838366
0.08118871048720214,184.05896797236727
0.08151972721064277,184.2686957182596
0.08184997749247373,184.4786274677407
0.08217911604368137,184.68876338261748
0.08250679735470409,184.89910362477494
0.0828326756836867,185.10964835619768
0.0831564050527494,185.32039773899038
0.0834776392665874,185.53135193532262
0.08379603188598501,185.74251110749802
0.08411123625166406,185.95387541789898
0.08442290547283204,186.1654450290051
0.08473069242446092,186.3772201034072
0.08503424975460586,186.58920080379028
0.08533322988015525,186.80138729294111
0.08562728499105147,187.01377973373553
0.08591606704117347,187.22637828916413
0.08619922775951207,187.43918312230494
0.08647641864264802,187.6521943963383
0.08674729095250247,187.8654122745603
0.08701149573201523,188.07883692033533
0.08726868378125383,188.29246849715605
0.08751850568073244,188.5063071685885
0.08776061176626211,188.7203530983371
0.08799465216010892,188.93460645016552
0.08822027674246422,189.14906738795932
0.08843713516786227,189.36373607569413
0.08864493646074414,189.57861267746173
0.08884390530910202,189.79369735743916
0.08903493366128352,190.00899027989686
0.0892191260237792,190.22449160923324
0.08939758878703115,190.4402015099225
0.08957142907537907,190.65612014653863
0.089741754743225,190.87224768377615
0.08990967439032428,191.08858428641176
0.09007629734787938,191.30513011933476
0.09024273369107304,191.5218853475161
0.09041009422281632,191.73885013605087
0.09057949049084024,191.95602465012064
0.09075203477821904,192.17340905501038
0.09092884010462063,192.39100351610966
0.09111102023043059,192.60880819890156
0.09129968965118164,192.826823268976
0.09149596360282614,193.04504889201826
0.09170095805728407,193.26348523382012
0.0919157897248565,193.482132460277
0.09214155970071983,193.70099073736756
0.0923789915303107,193.92006023120376
0.09262809316458424,194.13934110795878
0.09288850355680509,194.35883353394843
0.09315984663468042,194.57853767554408
0.09344174605259051,194.79845369926954
0.09373382523307082,195.01858177170368
0.09403570733219593,195.2389220595543
0.0943470152582945,195.4594747296253
0.09466737166900395,195.6802399488156
0.09499639896766926,195.90121788412796
0.09533371930146471,196.12240870267908
0.09567895457393188,196.34381257166442
0.09603172642514653,196.5654296584062
0.09639165625453741,196.78726013029907
0.09675836519486464,197.00930415487235
0.09713147413821563,197.231561899732
0.09751060371592433,197.45403353260198
0.09789537431564255,197.6767192212838
0.09828540605422223,197.89961913372775
0.098680318820853,198.12273343792674
0.09907973222756154,198.34606230202695
0.0994832656494439,198.56960589424577
0.09989053820353858,198.79336438290716
0.10030116874551216,199.01733793646332
0.10071477589549746,199.2415267234265
0.10113097800459948,199.46593091244165
0.10154939317566523,199.69055067225187
0.10196963926141747,199.91538617169374
0.10239133385801408,200.14043757971115
0.10281409430883222,200.36570506534989
0.10323753770313433,200.59118879776054
0.10366128087731995,200.81688894619577
0.10408494041555418,201.04280568000655
0.10450813264446958,201.26893916865677
0.10493047364232438,201.49528958170166
0.10535157923174422,201.72185708880016
0.10577106497629422,201.94864185972983
0.10618854619510032,202.17564406435127
0.10660363794816419,202.40286387263524
0.10701595503959653,202.63030145466354
0.10742511202365236,202.85795698061398
0.10783072320203914,203.08583062076048
0.10823240261499648,203.31392254549797
0.10862976405898767,203.5422329253027
0.10902242106338551,203.77076193078375
0.10940998691997665,203.99950973261747
0.10979207465193518,204.22847650161052
0.11016829703096269,204.45766240867601
0.11053826658640215,204.6870676247995
0.11090159557518582,204.91669232110794
0.11125789601673679,205.1465366687985
0.11160677966137728,205.376600839202
0.11194785801701428,205.60688500373053
0.11228074233006893,205.83738933391163
0.1126050435931795,206.06811400137906
0.11292037255090434,206.2990591778537
0.11322633968397101,206.53022503517872
0.11352257626882475,206.7616117452992
0.11380897967594626,206.99321948025272
0.1140858510694782,207.22504841218904
0.11435365304126018,207.4570987133585
0.11461285113814769,207.68937055613867
0.1148639112381283,207.92186411295967
0.1151072994987201,208.15457955641756
0.11534348241603237,208.38751705915502
0.11557292676786583,208.6206767939756
0.11579609966718041,208.85405893373778
0.11601346851817589,209.0876636514365
0.11622550104348912,209.32149112015813
0.11643266527397188,209.55554151309371
0.1166354295457584,209.78981500355098
0.11683426251439186,210.02431176492098
0.11702963313337768,210.25903197072347
0.11722201067649664,210.49397579456388
0.11741186472001905,210.72914341016588
0.11759966515541087,210.96453499134873
0.11778588383244257,211.20015071204568
0.11797106481211861,211.43599074628844
0.11815591764969227,211.67205526822
0.11834125399101111,211.90834445208037
0.11852789273736945,212.1448584722103
0.11871665331672461,212.38159750308768
0.11890835571776515,212.61856171924984
0.1191038204476888,212.85575129537665
0.11930386856175663,213.09316640624291
0.11950932165964963,213.33080722671173
0.11972100186957572,213.56867393177146
0.11993973185972236,213.8067666965231
0.12016633484983895,214.04508569614467
0.12040163458610346,214.28363110594196
0.12064645535646214,214.52240310132896
0.1209016219953616,214.76140185780974
0.12116795987308593,215.00062755099657
0.1214462948919189,215.24008035662916
0.12173745350555551,215.47976045053275
0.12204226256307159,215.71966800863657
0.12236138166968608,215.95980320698968
0.12269481144870065,216.20016622174145
0.12304197097944712,216.44075722914607
0.1234021892324969,216.68157640556944
0.12377479473961217,216.9226239274709
0.12415911557948123,217.16389997143403
0.1245544793934301,217.40540471413738
0.12496021337508512,217.6471383323709
0.12537564427506048,217.88910100302797
0.12580009839850292,218.13129290310962
0.12623290160581688,218.37371420972363
0.12667337931178538,218.61636510008697
0.12712085648629937,218.8592457515251
0.127574657658372,219.10235634146036
0.1280341069063127,219.34569704743222
0.1284985278657782,219.589268047085
0.12896724372644822,219.83306951817224
0.12943957723940266,220.07710163853795
0.1299148506947151,220.32136458616657
0.1303923859536591,220.5658585391219
0.13087150442799925,220.81058367557438
0.13135152707311162,221.0555401738277
0.13183177441559016,221.30072821226156
0.13231156652296977,221.54614796938537
0.13279022302043075,221.79179962381608
0.13326706309934305,222.03768335424826
0.1337414054779683,222.28379933954113
0.13421256846459306,222.53014775859384
0.134679869889005,222.7767287904685
0.13514262715559383,223.0235426143036
0.1356001572114644,223.27058940936382
0.13605177656538228,223.51786935500826
0.13649680127645675,223.76538263070742
0.13693454695401616,224.01312941604925
0.1373643287698354,224.26110989071262
0.13778546143609408,224.50932423451076
0.13819725923705897,224.75777262732936
0.13859903599013337,225.00645524919838
0.13899011946679787,225.25537228023552
0.13937012414875558,225.5045239006684
0.13973918100261234,225.75391029083647
0.14009767364725542,226.00353163118936
0.14044599455125512,226.25338810228698
0.14078453644720804,226.5034798847874
0.14111369232003346,226.75380715947043
0.14143385541601994,227.0043701072263
0.14174541925474307,227.25516890902105
0.14204877758812748,227.5062037459814
0.14234432445147666,227.75747479930726
0.1426324541316429,228.00898225031523
0.14291356117249382,228.260726280438
0.14318804038321983,228.51270707120807
0.14345628682734213,228.76492480427646
0.1437186958338031,229.0173796613942
0.14397566298592793,229.2700718244311
0.14422758413163025,229.5230014753592
0.14447485537697619,229.77616879626157
0.14471787319662963,230.029573969326
0.14495704591529654,230.2832171768662
0.1451928152209186,230.53709860129072
0.14542564706808314,230.79121842511876
0.1456560100950417,231.0455768309899
0.14588437325799847,231.30017400163047
0.14611120580108236,231.555010119913
0.14633697729683395,231.81008536878284
0.14656215760670296,232.06539993132427
0.14678721691410251,232.3209539907051
0.1470126256942056,232.5767477302299
0.1472388547395294,232.83278133329918
0.14746637515149377,233.08905498341386
0.1476956583261674,233.3455688642092
0.1479271759790518,233.6023231594117
0.148161400125124,233.85931805286992
0.1483988030912785,234.11655372853556
0.14863985751160638,234.3740303704673
0.148885036318773,234.63174816285374
0.14913481277001617,234.88970728996082
0.1493896120094696,235.14790793620932
0.14964960628168145,235.40635028608168
0.14991470891682415,235.66503452422123
0.15018477904140687,235.923960835337
0.1504596756710414,236.18312940427262
0.1507392577281533,236.44254041599095
0.1510233840556534,236.7021940555391
0.1513119133837575,236.9620905081108
0.15160470437591053,237.22222995896124
0.15190161557297552,237.48261259350556
0.1522025054392459,237.7432385972512
0.15250723234383817,238.0041081558167
0.1528156545675892,238.26522145491788
0.15312763028126586,238.5265786804149
0.15344301757918263,238.7881800182551
0.15376167446043573,239.05002565449232
0.1540834588178801,239.31211577531838
0.15440822846700877,239.57445056701135
0.15473584112203456,239.83703021596966
0.15506615439779853,240.09985490872077
0.15539902583287726,240.36292483187242
0.1557343128564195,240.6262401721682
0.1560718728112438,240.88980111645623
0.15641156295086314,241.15360785168477
0.15675324042120156,241.4176605649415
0.15709676228795696,241.68195944340857
0.1574419855224306,241.94650467437611
0.1577887669963779,242.21129644525678
0.1581369634932245,242.47633494356813
0.15848643169575857,242.7416203569548
0.15883702820564535,243.00715287315148
0.15918860951665983,243.2729326800298
0.15954103204250664,243.5389599655525
0.15989415209305732,243.80523491781042
0.16024782589714004,244.07175772498317
0.1606019095650741,244.33852857541174
0.16095625914385245,244.60554765750226
0.16131073057445983,244.8728151597827
0.16166517969171287,245.14033127092347
0.16201946225995142,245.40809617966994
0.1623734339320797,245.67611007490586
0.16272695027582848,245.94437314561793
0.16307986676110117,246.21288558091288
0.1634320387705567,246.4816475699988
0.16378332158367015,246.75065930221382
0.1641335703969268,247.019920966992
0.16448264030357027,247.28943275389577
0.16483038630959435,247.55919485259267
0.16517666332519387,247.82920745286555
0.16552132616472767,248.0994707446162
0.16586422955533525,248.36998491784811
0.16620522812182523,248.6407501626926
0.16654417639960323,248.91176666939145
0.16688092883797356,249.18303462828192
0.16721533977075745,249.45455422985606
0.16754726346633672,249.72632566467388
0.167876554080838,249.99834912343192
0.16820306575558347,250.2706247969613
0.16852669887446153,250.54315287615952
0.16884752265782896,250.8159335520865
0.1691657492467398,251.08896701587298
0.1694816110268441,251.36225345880706
0.16979534055363282,251.6357930722672
0.17010717053597535,251.9095860477324
0.17041733381277377,252.1836325768346
0.17072606339517032,252.45793285129125
0.17103359243435265,252.7324870629488
0.1713401542427456,253.0072954037497
0.17164598226606703,253.2823580657839
0.1719513101236545,253.5576752412204
0.17225637156926557,253.8332471223656
0.1725614005101231,254.1090739016448
0.17286663101487104,254.3851557715797
0.17317229729329023,254.66149292482064
0.17347863371325045,254.93808555412258
0.17378587478258978,255.2149338523776
0.17409425518093694,255.4920380125571
0.17440399130705858,255.76939822778502
0.17471516802540202,256.04701469129196
0.17502771391913113,256.32488759640256
0.17534151436595213,256.60301713658055
0.17565645459626397,256.8814035053921
0.17597241975797998,257.1600468965328
0.17628929493724071,257.43894750379116
0.17660696512842713,257.7181055211004
0.1769253152629832,257.99752114249685
0.1772442302025477,258.2771945621183
0.17756359471686453,258.55712597424906
0.1778832935209429,258.8373155732595
0.17820321124133814,259.1177635536543
0.17852323243475,259.39847011005133
0.1788432415833645,259.6794354371848
0.1791631230948462,259.96065972990533
0.1794827613070443,260.24214318316933
0.17980204047268203,260.523885992067
0.18012084477225707,260.8058883518095
0.18043905832827956,261.0881504576909
0.18075656516623792,261.3706725051552
0.18107324924649773,261.65345468975534
0.18138899445484838,261.93649720716155
0.18170368460607783,262.21980025315275
0.18201720343921401,262.5033640236223
0.1823294346079156,262.7871887146017
0.18264026170438216,263.07127452222267
0.18294956824142275,263.3556216427375
0.18325723765602014,263.6402302725189
0.18356315331051984,263.925100608059
0.183867198502301,264.21023284594645
0.18416925643234408,264.49562718292555
0.18446921024995377,264.7812838158251
0.18476694301768265,265.0672029416047
0.18506233772340094,265.3533847573458
0.18535527728639303,265.63982946023725
0.1856456445427311,265.92653724759987
0.18593332226601567,266.21350831685174
0.18621819314048113,266.50074286555184
0.18650013979035984,266.7882410913545
0.1867790447479928,267.0760031920606
0.1870547904894375,267.3640293655619
0.18732725940373687,267.6523198098836
0.18759633381013055,267.9408747231638
0.1878618959506546,268.2296943036625
0.1881238279950781,268.51877874975486
0.18838201203842977,268.8081282599326
0.18863633009476963,269.0977430328183
0.18888666411084573,269.387623267144
0.18913289595990246,269.677769161754
0.18937490743418228,269.96818091561954
0.18961258025113295,270.25885872783533
0.18984579605841587,270.54980279760696
0.19007443642138294,270.8410133242727
0.19029838285067194,271.1324905072514
0.19051751674443557,271.424234546145
0.19073171947000678,271.7162456406079
0.19094087228356066,272.0085239904653
0.19114489481116376,272.30106979562953
0.1913438916520304,272.59388325615123
0.19153814908053668,272.8869645721908
0.19172798852555276,273.1803139440272
0.19191373161573327,273.4739315720747
0.19209570020745131,273.7678176568305
0.1922742163289565,274.06197239897176
0.19244960225788424,274.3563959992326
0.1926221804488367,274.6510886585056
0.1927922735702459,274.946050577805
0.19296020452103713,275.241281958218
0.1931262963617114,275.53678300102786
0.19329087240757378,275.8325539075712
0.19345425615339495,276.12859487933815
0.19361677130919913,276.424906117933
0.19377874179005203,276.72148782508674
0.19394049173020428,277.01834020262834
0.19410234545872307,277.3154634525228
0.19426462750202383,277.6128577768857
0.19442767185949675,277.9105233778831
0.19459190638675958,278.20846045787516
0.19475788905594094,278.50666921928655
0.19492622393483103,278.8051498646963
0.19509751592161684,279.10390259679195
0.19527237029427588,279.40292761839294
0.19545139272613912,279.7022251324248
0.19563518926909232,280.00179534194456
0.19582436636526598,280.30163845012544
0.19601953084318444,280.60175466026
0.19622128991258678,280.9021441757724
0.19643025117486393,281.2028072002021
0.1966470226231205,281.50374393719636
0.1968722126134677,281.80495459056806
0.19710642992907282,282.10643936418495
0.19735028369390417,282.4081984621053
0.19760438345518866,282.7102320884595
0.1978693391324044,283.01254044751084
0.19814576101720677,283.31512374367776
0.1984342426862271,283.61798218145657
0.19873486712264085,283.92111596548284
0.19904666682145858,284.22452530051237
0.19936808716962393,284.52821039144453
0.19969754282913596,284.8321714432667
0.20003344743187712,285.136408661107
0.20037421359672358,285.4409222502189
0.20071825293348214,285.7457124159705
0.2010639760361646,286.0507793638518
0.20140979248021074,286.35612329948214
0.20175411082640024,286.66174442860813
0.20209533862885118,286.9676429570851
0.20243188242422336,287.2738190908889
0.202762147720805,287.5802730361454
0.20308453902944565,287.88700499907964
0.2033974598419384,288.19401518603934
0.2036993126268332,288.50130380350924
0.20398849884969553,288.80887105807835
0.20426341893907013,289.1167171564979
0.20452247352389133,289.4248423055852
0.20476442449643656,289.73324671233945
0.20498926284791932,290.04193058382936
0.20519797627051142,290.3508941272912
0.20539168107146963,290.6601375500656
0.20557149427307028,290.96966105961087
0.20573853360304897,291.2794648635247
0.2058939175152333,291.5895491695121
0.20603876516075217,291.89991418543457
0.20617419644034732,292.21056011921814
0.20630133192462977,292.5214871789831
0.20642129293671305,292.83269557292476
0.20653520150133783,293.14418550937364
0.2066441803448748,293.4559571968156
0.20674935294646932,293.76801084379724
0.20685184345800356,294.0803466590519
0.2069527767718205,294.39296485140994
0.20705327849315888,294.7058656298244
0.20715447493603933,295.01904920338484
0.20725749313854608,295.3325157812929
0.20736339425691955,295.6462655728817
0.20747280504465684,295.9602987876111
0.20758585738265345,296.27461563506864
0.20770255636761822,296.58921632495304
0.20782290697130998,296.9041010671051
0.207946914174586,297.2192700714837
0.20807458296464237,297.53472354816154
0.2082059183127124,297.85046170736945
0.20834092521726533,298.16648475942566
0.2084796086608018,298.4827929147963
0.20862197364053753,298.79938638405326
0.20876802513067189,299.11626537794064
0.20891776814670765,299.4334301072669
0.20907120767272605,299.75088078301087
0.2092283487103443,300.0686176162618
0.20938919626333663,300.38664081823055
0.20955375533060644,300.70495060026565
0.20972203092444303,301.023547173823
0.20989402803959015,301.3424307505188
0.21006974096706815,301.6616015420507
0.21024899987794246,301.981059760274
0.21043136700023993,302.30080561718296
0.21061628709919422,302.6208393248413
0.21080320180025733,302.94116109550407
0.21099155240283363,303.2617711415214
0.21118077984919426,303.58266967536565
0.21137032471733913,303.90385690965246
0.2115596272436691,304.22533305710374
0.21174812728887546,304.54709833060656
0.21193526439051852,304.8691529431251
0.21212047770327144,305.1914971077897
0.2123032060487179,305.514131037827
0.2124828878668525,305.83705494663707
0.2126589612788636,306.1602690476926
0.21283086402428966,306.4837735546271
0.21299803349526164,306.8075686811984
0.21315990673364843,307.13165464128485
0.21331592042244363,307.45603164889746
0.21346551404797454,307.78069991816767
0.21360832232662097,308.10565966335724
0.2137444723588334,308.43091109887825
0.21387441760474601,308.7564544392245
0.21399863782373724,309.08228989907013
0.214117613114539,309.40841769316484
0.21423182384608988,309.7348380364394
0.21434175071810252,310.06155114392004
0.2144478747308159,310.3885572307581
0.2145506771705332,310.7158565122698
0.21465063966602468,311.0434492038361
0.21474824410322083,311.37133552104024
0.2148439727134732,311.6995156795395
0.2149383080084496,312.0279898951518
0.2150317328221501,312.35675838379734
0.21512473027613557,312.68582136155226
0.21521778380999348,313.0151790446045
0.21531137716395493,313.3448316492753
0.21540599438471394,313.67477939201115
0.2155021198066078,314.0050224894094
0.21560017231839718,314.3355611581564
0.2157002788755079,314.6663956151129
0.21580229143888058,314.9975260772241
0.2159060131606903,315.3289527616134
0.21601124709626254,315.66067588549436
0.21611779615887688,315.9926956662331
0.21622546315039662,316.32501232130386
0.2163340507320546,316.6576260683369
0.21644336145366413,316.99053712507583
0.21655319773754603,317.32374570939396
0.21666336187265184,317.6572520393131
0.21677365603945706,317.9910563329594
0.21688388228066158,318.3251588086059
0.21699384251875956,318.65955968465346
0.21710333855457817,318.99425917962594
0.2172121720599318,319.32925751218374
0.21732014458054266,319.66455490112344
0.2174270575448635,320.00015156536017
0.21753271224789267,320.33604772395324
0.21763691991075,320.6722435960863
0.21773958367698296,321.0087394010647
0.21784072864145,321.3455353583453
0.21794042022448323,321.6826316874971
0.21803872415392178,322.020028608221
0.21813570618748054,322.3577263403747
0.21823143214378732,322.69572510391856
0.2183259678728339,323.0340251189548
0.2184193792692793,323.37262660571236
0.2185117322591211,323.71152978457405
0.218603092835259,324.0507348760093
0.21869352700118397,324.3902421006664
0.2187831008198846,324.7300516793075
0.21887188040201647,325.0701638328079
0.21895993188065305,325.4105787822063
0.219047321440976,325.75129674866537
0.21913411532179383,326.09231795345227
0.2192203797738912,326.4336426180172
0.21930618112549177,326.7752709638876
0.21939158571826858,327.11720321276107
0.21947665995200638,327.45943958644597
0.2195614702473467,327.8019803069228
0.21964608310246125,328.14482559624435
0.21973056502892288,328.48797567662984
0.21981498257554205,328.8314307704533
0.21989940236274857,329.1751911001709
0.21998389101983776,329.5192568884204
0.22006851524924825,329.8636283579226
0.22015334176075102,330.2083057315866
0.22023843733579504,330.55328923241245
0.22032386877960847,330.89857908355714
0.22040970294815493,331.2441755082993
0.22049600673915468,331.59007873004634
0.22058284707856918,331.9362889723664
0.2206702909566281,332.28280645892494
0.2207584053872994,332.6296314135446
0.22084725743531886,332.97676406017007
0.22093691419514294,333.3242046229038
0.22102744242649122,333.67195332593946
0.22111883149817915,334.02001039365246
0.22121082569803685,334.3683760505155
0.2213029788487138,334.71705052115453
0.22139482231710853,335.0660340303265
0.2214858871832566,335.4153268029082
0.22157570421767284,335.76492906394105
0.22166380391002305,336.114841038589
0.2217497164676358,336.46506295212345
0.22183297178222278,336.81559502998493
0.2219130994616132,337.16643749774425
0.22198962883128387,337.51759058108456
0.22206208890860762,337.8690545058452
0.22213000842252512,338.22082949800006
0.22219291581203002,338.5729157836528
0.22225033922465137,338.92531358903693
0.2223018065103755,339.2780231405269
0.22234684522770476,339.63104466463176
0.22238498263453732,339.98437838801397
0.2224157457200699,340.338024537426
0.22243878934883965,340.69198333980177
0.22245453512718813,341.04625502220017
0.2224642422876769,341.4008398117978
0.22246936946407983,341.7557379359208
0.222471376264849,342.1109496220323
0.22247172321227268,342.46647509772674
0.22247187173184638,342.8223145907509
0.22247328417968976,343.17846832895
0.22247742379234195,343.5349365403566
0.2224857547537593,343.89171945307925
0.22249974211616821,344.24881729543335
0.22252085188230872,344.6062302958129
0.22255055094301932,344.9639586827765
0.2225903071107632,345.32200268500344
0.22264158909526363,345.68036253133613
0.22270586653400737,346.03903845072796
0.2227846099678742,346.3980306722757
0.2228792908380821,346.757339425239
0.2229913815274347,347.1169649389584
0.22312228163058814,347.47690744296824
0.2232723949137649,347.83716716691947
0.22344057338585233,348.1977443405808
0.22362502730696424,348.55863919390305
0.22382395376565495,348.91985195692916
0.22403554870719825,349.2813828598619
0.2242580069565474,349.6432321330384
0.224489522206012,350.0054000069523
0.22472828704141196,350.36788671220296
0.224972492912826,350.73069247953686
0.22522033013914425,351.0938175398534
0.22546998792349235,351.4572621241779
0.22571965433466876,351.8210264636916
0.2259675163350071,352.18511078967947
0.22621175974162194,352.5495153335935
0.22645056925272058,352.9142403270222
0.22668212844762556,353.2792860016799
0.2269046197696398,353.64465258943903
0.22711622455095223,354.010340322287
0.22731513444321294,354.37634943237526
0.22750010330069284,354.7426801519657
0.22767122145846339,355.1093327134856
0.22782942476770082,355.476307349488
0.2279757096517554,355.8436042926712
0.2281110731550356,356.2112237758762
0.22823651295401254,356.5791660320589
0.22835302731797358,356.94743129436813
0.2284616151812837,357.31601979601703
0.22856327605068483,357.68493177043524
0.22865901009490927,358.05416745113183
0.2287498180786355,358.4237270717888
0.2288367013923747,358.7936108662296
0.22892066205722233,359.16381906839996
0.2290027027075313,359.534351912395
0.22908382659879134,359.9052096324525
0.22916503761395282,360.2763924629384
0.22924734024132246,360.64790063838944
0.22933173960931266,361.01973439345505
0.22941924141231818,361.39189396292056
0.2295107428542492,361.764379581727
0.2296066936682487,362.13719148497205
0.229707139217665,362.51032990784955
0.2298120591839639,362.8837950857534
0.22992143326965095,363.25758725416483
0.23003524114916116,363.63170664871507
0.23015346246245647,364.0061535052249
0.23027607687060084,364.3809280596021
0.23040306400496713,364.75603054790895
0.23053440347991852,365.13146120635736
0.230670074891202,365.50722027131735
0.2308100578414421,365.8833079792638
0.23095433189713196,366.259724566847
0.23110287662847265,366.636470270832
0.23125567157907345,367.0135453281441
0.23141269628189595,367.39094997585096
0.23157393026727038,367.7686844511378
0.2317393530292924,368.14674899137117
0.23190894406582102,368.5251438340382
0.23208268285768602,368.90386921676844
0.23226054887028008,369.2829253773356
0.23244252155676617,369.6623125536519
0.23262858034842715,370.04203098378986
0.23281870467557286,370.42208090594374
0.23301287394824602,370.8024625584562
0.23321106755134688,371.18317617984064
0.2334132648865972,371.564222008697
0.23361944530959675,371.94560028381636
0.2338295881750058,372.3273112441221
0.23404367282850422,372.7093551286697
0.23426167858734007,373.0917321766859
0.23448358478412157,373.47444262748553
0.23470937069702713,373.85748672059475
0.23493901562286612,374.2408646956386
0.23517249883160735,374.62457679239947
0.23540979958262784,375.00862325079834
0.23565089711329182,375.39300431091783
0.23589577065853462,375.7777202129673
0.23614439943946455,376.16277119729284
0.23639676264532009,376.5481575044208
0.23665283947441365,376.9338793749873
0.23691260909974282,377.3199370497853
0.23717605068044254,377.70633076975525
0.23744314336508296,378.0930607759768
0.23771386628673574,378.4801273096763
0.23798819856296327,378.8675306122287
0.2382661192974634,379.2552709251572
0.2385476075916674,379.64334849010436
0.23883264250831054,380.03176354890263
0.23912120312443755,380.4205163434855
0.23941326847834654,380.80960711597083
0.23970881761607288,381.19903610858876
0.24000782955482922,381.58880356373487
0.24031028330128154,381.978909723951
0.240616157861611,382.36935483189484
0.24092543219301235,382.76013913043664
0.24123808529070603,383.15126286250455
0.24155409515394968,383.54272627124476
0.2418733168021183,383.9345295999335
0.24219524098294765,384.32667309195676
0.24251908739503472,384.7191569909
0.24284404675034343,385.11198154043245
0.24316930921748697,385.50514698445227
0.24349406451464606,385.89865356693707
0.24381750184708362,386.2925015320224
0.24413880991212875,386.6866911240168
0.24445717692805266,387.08122258735125
0.24477179060179594,387.47609616662993
0.2450818381630278,387.87131210657265
0.24538650633008033,388.2668706520673
0.24568498133896888,388.66277204812434
0.24597644889890358,389.05901653996233
0.2462600942710925,389.4556043728678
0.24653510218481064,389.8525357923203
0.24680065687161273,390.2498110439682
0.24705594210498208,390.6474303735355
0.2473001411108333,391.04539402697776
0.24753258761394145,391.4437022503404
0.24775344369948687,391.8423552898375
0.24796373962545398,392.2413533918416
0.2481646965037212,392.640696802832
0.24835753616265335,393.0403857695113
0.2485434812292453,393.4404205386519
0.248723755045939,393.8408013572148
0.24889958170523768,394.24152847232006
0.24907218606536122,394.64260213120554
0.24924279371720826,395.0440225812796
0.24941263100519065,395.44579007009514
0.2495829250237479,395.84790484535023
0.24975490361209654,396.25036715489796
0.2499297953664304,396.65317724672235
0.2501088296102011,397.05633536899677
0.2502932364412753,397.45984177000287
0.2504842466882217,397.863696698195
0.2506830919312584,398.26790040217725
0.25089100450400165,398.67245313069367
0.2511091772045671,399.07735513262423
0.25133831800175965,399.4826066570472
0.2515784133669497,399.8882079531387
0.25182916887912166,400.29415927026355
0.2520902857937198,400.70046085791546
0.25236146517960417,401.10711296573464
0.25264240791019643,401.51411584353184
0.25293281468290907,401.92146974125853
0.25323238601033243,402.3291749090142
0.2535408222202391,402.7372315970465
0.2538578234466916,403.1456400557727
0.254183089651367,403.5544005357423
0.2545163206040192,403.96351328766525
0.2548572158949425,404.3729785623924
0.2552054749296462,404.7827966109205
0.25556079690913946,405.1929676844393
0.255922880876468,405.60349203425164
0.2562914256863547,406.0143699118034
0.2566661299817617,406.4256015687456
0.2570466922658473,406.837187256805
0.25743281080474656,407.2491272279452
0.25782418373214205,407.6614217342001
0.2582205089517855,408.07407102782344
0.2586214842152289,408.48707536117536
0.25902680707297926,408.90043498678705
0.2594361748889472,409.3141501573526
0.2598492848623472,409.7282211256798
0.2602658339675183,410.1426481448012
0.26068551904702625,410.5574314678174
0.26110803671852406,410.9725713480336
0.26153308342037224,411.3880680389159
0.26196035543195834,411.80392179403395
0.2623895488130344,412.22013286716435
0.2628203594662671,412.63670151219816
0.26325248309674876,413.0536279831929
0.26368561521188777,413.4709125343934
0.26411945117334434,413.88855542012936
0.2645536861173192,414.30655689494324
0.2649880150157519,414.724917213509
0.2654221326540891,415.14363663065353
0.2658557336350187,415.56271540135026
0.26628851236349105,415.98215378075207
0.2667201630729134,416.4019520241501
0.2671503798121007,416.82211038698375
0.2675788564339729,417.2426291248681
0.26800528662945783,417.6635084935311
0.26842936386904914,418.0847487489164
0.26885078147641644,418.5063501470662
0.26926923256419344,418.9283129442133
0.2696844100736956,419.3506373967294
0.27009600675599343,419.77332376114856
0.2705037151814135,420.19637229415446
0.27090722773767034,420.6197832525787
0.2713062366069191,421.04355689345164
0.271700433828867,421.4676934738876
0.2720895112185475,421.892193251212
0.2724731604217865,422.31705648289415
0.2728510729057026,422.7422834265457
0.27322295337787267,423.16787433994807
0.27358860772770854,423.5938294810358
0.2739479650199428,424.0201491078952
0.2743009897356299,424.4468334787703
0.2746476464267083,424.8738828520755
0.27498789964306325,425.30129748635
0.275321713901517,425.7290776403031
0.2756490536779443,426.15722357285415
0.27596988348712337,426.58573554297936
0.27628416777177384,427.0146138098803
0.27659187096480764,427.44385863292007
0.2768929575050627,427.8734702715721
0.2771873917766798,428.30344898552175
0.2774751381795614,428.7337950345573
0.27775616106276146,429.16450867867013
0.27803042477743195,429.5955901779804
0.2782978936434604,430.0270397927813
0.2785585319651828,430.4588577835209
0.278812304029435,430.8910444108008
0.2790591966483242,431.32359993538216
0.2792996204957411,431.7565246181888
0.2795347332031111,432.1898187203018
0.27976604974498614,432.6234825029556
0.2799950972701664,433.0575162275497
0.28022340385558026,433.4919201556222
0.28045249847646275,433.9266945489038
0.2806839110380387,434.36183966927473
0.2809191723795058,434.7973557787376
0.2811598142182379,435.23324313952173
0.28140736923933035,435.66950201393695
0.2816633710019037,436.10613266451423
0.2819293540008108,436.54313535393015
0.28220685366066733,436.9805103449931
0.2824974062977736,437.4182579007128
0.28280254918011016,437.85637828420136
0.28312382044509404,438.2948717588115
0.28346275920384395,438.7337385879691
0.2838209054367074,439.17297903532847
0.28419979570649895,439.61259336468396
0.28460055295119874,440.05258183994965
0.2850231499902943,440.49294472526094
0.2854667413219065,440.9336822848891
0.2859304032031065,441.3747947832405
0.286413211303511,441.8162824849296
0.2869142407580745,442.25814565470057
0.2874325661346589,442.70038455746464
0.28796726144422735,443.1429994582894
0.2885174001224354,443.5859906224385
0.28908205509117196,444.02935831525497
0.2896602986498752,444.4731028023425
0.29025120258638454,444.917224349408
0.29085383811333954,445.36172322233614
0.2914672758970729,445.8065996871478
0.29209058601828947,446.2518540100719
0.2927228380197199,446.69748645747677
0.29336310089177653,447.143497295873
0.2940104430433592,447.5898867919693
0.29466393234988614,448.0366552125989
0.29532263609894255,448.4838028248052
0.2959856210574413,448.93132989573377
0.29665195338757255,449.37923669276597
0.29732069874586486,449.827523483365
0.29799092217767553,450.27619053523495
0.29866168821664857,450.725238116176
0.2993320608020957,451.1746664942009
0.3000011033363586,451.6244759374605
0.300667878657232,452.07466671427323
0.3013314490465287,452.5252390931169
0.3019908762107606,452.9761933426678
0.3026452213414389,453.4275297316922
0.3032935450160665,453.8792485292039
0.30393490730382355,454.3313500043115
0.3045683676748742,454.7838344263471
0.3051929850762034,455.236702064759
0.3058078178796476,455.68995318917575
0.3064119238905018,456.14358806941283
0.307004360378173,456.5976069754183
0.30758422418066933,457.0520101773126
0.3081510448197736,457.50679794538604
0.3087049672346246,457.9619705501118
0.30924636160876856,458.41752826209216
0.30977560086438805,458.87347135211894
0.3102930581556158,459.32980009114465
0.31079910686857953,459.78651475027186
0.31129412059473444,460.24361560080376
0.3117784731819559,460.7011029141594
0.31225253867002034,461.15897696197135
0.3127166913395229,461.61723801602653
0.3131713057119914,462.07588634824356
0.313616756498379,462.5349222307625
0.314053418679676,462.9943459358211
0.3144816674104485,463.4541577359005
0.3149018781131109,463.9143579035939
0.315314426417271,464.3749467116777
0.3157196881754055,464.83592443310306
0.3161180394809398,465.29729134096
0.31650986562012734,465.75904770854345
0.3168958488880238,466.22119380928564
0.3172773013294583,466.68372991680224
0.31765589721832205,467.1466563048832
0.31803333169412035,467.6099732474426
0.3184113008556532,468.0736810186349
0.3187915018588956,468.5377798927077
0.3191756328280035,469.0022701441194
0.31956539290539204,469.4671520474831
0.31996248223108,469.93242587759136
0.3203686019540383,470.3980919094017
0.3207854542413329,470.8641504180098
0.3212147422320305,471.33060167872975
0.3216581700991909,471.79744596700573
0.3221174430037541,472.26468355846873
0.3225942671197906,472.7323147289054
0.32309034961359817,473.2003397542893
0.3236073986667419,473.6687589107482
0.3241471234644143,474.1375724745718
0.3247112333016947,474.60678072225824
0.325301071744752,475.0763839304322
0.32591668622901576,475.5463823758987
0.3265570472212864,476.0167763356469
0.32722097868300337,476.48756608681043
0.3279073038530359,476.9587519067252
0.3286148452900337,477.43033407286777
0.32934242483958254,477.902312862897
0.33008886364362594,478.37468855465033
0.3308529821500195,478.84746142612676
0.3316336001079132,479.3206317554876
0.33242953655828017,479.794199821073
0.3332396098410889,480.26816590139697
0.3340626375977748,480.74253027514317
0.33489743676892747,481.2172932211656
0.33574282360402813,481.6924550184692
0.3365976136252962,482.1680159462725
0.33746062168572327,482.6439762839227
0.3383306619086521,483.12033631097967
0.3392065477485351,483.59709630712825
0.3400870919277377,484.07425655226785
0.34097110649513834,484.5518173264338
0.3418574027797644,485.0297789098572
0.3427447914152989,485.50814158294133
0.3436320823426993,485.9869056262496
0.3445180848029207,486.46607132051037
0.3454016073120877,486.94563894666993
0.34628145774364333,487.425608785755
0.3471564431839654,487.9059811190949
0.34802537011706186,488.3867562280585
0.34888704423715233,488.8679343943086
0.34974027063179314,489.3495158995478
0.3505838535832777,489.8315010258008
0.35141659676521214,490.31389005515484
0.3522373031166045,490.79668326989434
0.35304477485424374,491.27988095252476
0.3538378135440504,491.7634833856569
0.35461522000953666,492.24749085212966
0.35537579440325345,492.7319036349227
0.35611838130930296,493.21672201720685
0.3568425670708574,493.70194628232395
0.35754918331366586,494.1875767137848
0.3582396251406363,494.6736135952868
0.35891530327094995,495.1600572106668
0.3595776292239879,495.6469078439786
0.3602280153553971,496.13416577946134
0.3608678748935864,496.62183130145854
0.36149862184328824,497.1099046945576
0.36212167107662924,497.59838624347867
0.36273843826776697,498.08727623315804
0.36335033995037175,498.57657494867004
0.3639587934730157,499.0662826752789
0.364565217012126,499.55639969843344
0.36517102959301206,500.046926303728
0.3657776510369656,500.5378627769844
0.3663865020377919,501.0292094041439
0.3669990040823556,501.5209664713698
0.36761657952203736,502.0131342649541
0.3682406483919587,502.5057130714201
0.368872408679286,502.9987031774376
0.36951247776587925,503.49210486984805
0.3701610781978994,503.9859184356941
0.3708183990236924,504.4801441621407
0.3714846293349344,504.97478233662594
0.3721599584198013,505.46983324664177
0.3728445755745586,505.96529717999226
0.3735386702976202,506.46117442453834
0.37424243212488173,506.9574652684015
0.3749560507486862,507.45416999981967
0.3756797159256249,507.95128890726636
0.37641361754709396,508.4488222793679
0.3771579456204004,508.94677040490535
0.37791289024140107,509.44513357285786
0.3786786415942813,509.9439120724282
0.37945539004225337,510.4431061928892
0.3802433259598762,510.9427162238209
0.38104263992294013,511.44274245486264
0.3818535225358871,511.9431851759267
0.38267610178780403,512.4440446770615
0.38351021380492034,512.9453212484684
0.3843554130793597,513.4470151806055
0.38521120160752087,513.9491267640328
0.38607708105664845,514.4516562895254
0.3869525528010113,514.954604048049
0.3878371179501414,515.4579703307046
0.3887302772700499,515.9617554288474
0.38963153129884326,516.465959633926
0.39054038022538934,516.9705832376353
0.39145632397979974,517.4756265318142
0.3923788621767808,517.9810898085118
0.3933074941755024,518.4869733598998
0.39424171897391835,518.9932774784312
0.3951810353575477,519.50000245664
0.3961249417678457,520.0071485872929
0.39707293637966357,520.5147161633066
0.39802451703494035,521.0227054778418
0.3989791813410445,521.5311168241666
0.39993642657539286,522.0399504957663
0.40089574973467373,522.5492067862965
0.4018566474969629,523.0588859896412
0.4028186163124465,523.5689883997738
0.40378115226298916,524.079514310942
0.40474375119695555,524.5904640175099
0.4057059086264491,525.1018378140773
0.40666711980983894,525.61363599538
0.40762687968687317,526.1258588563649
0.4085846829171353,526.6385066921501
0.4095400238623067,527.1515797980446
0.410492396586134,527.6650784695548
0.4114412949024435,528.1790030023041
0.4123862122613124,528.6933536921914
0.413326641884019,529.2081308352311
0.4142620766670605,529.7233347276526
0.4151920092151485,530.2389656658802
0.4161159318838026,530.7550239464549
0.4170333366580425,531.2715098662068
0.4179437153194433,531.7884237220428
0.41884655928194375,532.3057658111434
0.41974135971984416,532.8235364308179
0.4206276074946589,533.3417358785779
0.42150479317648876,533.8603644521233
0.42237240705024415,534.3794224493314
0.42322993910337786,534.8989101682722
0.4240768790444733,535.4188279071816
0.4249127162599114,535.9391759645265
0.42573693989145245,536.4599546389006
0.4265490387462638,536.9811642291327
0.4273485013746967,537.5028050341966
0.4281348160111489,538.0248773532799
0.42890747060525614,538.5473814857546
0.42966595283143943,539.0703177311555
0.4304097500512879,539.5936863892277
0.43113834934496975,540.1174877598976
0.4318512374987171,540.6417221432832
0.43254790102386054,541.1663898396647
0.43322782780918373,541.6914911495514
0.4338909286155055,542.217026373582
0.4345385078663615,542.7429958126203
0.43517297980653724,543.2693997677452
0.43579689680765904,543.7962385401528
0.43641281267078125,544.3235124312639
0.4370232826450565,544.8512217427387
0.43763086354286623,545.3793667762966
0.4382381135313814,545.9079478339794
0.43884759233746556,546.4369652179207
0.43946186109660007,546.9664192305102
0.4400834824522753,547.4963101742874
0.44071502050430844,548.0266383519871
0.441359040821462,548.5574040665344
0.4420181104379572,549.0886076210481
0.44269479786295685,549.6202493188277
0.4433916730738656,550.1523294633594
0.4441113075063019,550.6848483583308
0.4448562740603014,551.2178063076335
0.4456291471360436,551.7512036153013
0.4464322049495319,552.2850405855954
0.4472658550267094,552.8193175229642
0.44812841194178804,553.3540347320154
0.44901767023840794,553.8891925175853
0.44993142288492494,554.4247911846974
0.45086746159502,554.960831038539
0.4518235768015122,555.4973123844911
0.45279755763647894,556.0342355281741
0.45378719203458495,556.5716007753001
0.45479026656352184,557.1094084318897
0.455804566597466,557.647658804077
0.4568278762072664,558.186352198215
0.45785797820743473,558.7254889208326
0.458892654132878,559.2650692786599
0.4599296842457627,559.8050935786289
0.4609668475560543,560.3455621278414
0.4620019217777111,560.8864752336272
0.4630326834070121,561.4278332034381
0.46405690759349105,561.9696363450169
0.46507241722159903,562.5118849662117
0.46607774318904316,563.0545793751085
0.4670725500706916,563.5977198799767
0.46805698672708557,564.1413067892679
0.46903121245171897,564.6853404116537
0.4699953866735037,565.2298210559436
0.4709496688426204,565.7747490312339
0.4718942185863099,566.3201246467229
0.4728291955842137,566.8659482118301
0.47375475958888064,567.412220036209
0.4746710705060781,567.9589404296325
0.47557828826205073,568.5061097021548
0.4764765729504287,569.0537281639411
0.47736608470260483,569.6017961254074
0.4782469837542265,570.1503138971709
0.4791194304912724,570.6992817899577
0.47998358529465335,571.248700114807
0.48083960873452986,571.7985691828486
0.4816876613826672,572.3488893055181
0.4825279040218372,572.8996607943016
0.48336049740050924,573.4508839610226
0.48418560244629394,574.0025591176233
0.48500338016278194,574.5546865762435
0.48581399161859,575.1072666492599
0.48661759802262744,575.6602996491899
0.4874143606380146,576.2137858887858
0.48820444083947245,576.7677256809818
0.4889880000773046,577.3221193389356
0.48976519992793965,577.8769671759624
0.49053620205428095,578.4322695055657
0.4913011681692792,578.9880266415081
0.492060260130212,579.5442388976992
0.4928136398698041,580.1009065882566
0.4935614694179774,580.6580300274895
0.4943039108835673,581.215609529924
0.4950411264798439,581.7736454102791
0.4957732785355987,582.3321379834333
0.49650052941808986,582.8910875645322
0.49722304165643194,583.450494468857
0.4979410204552644,584.0103590119143
0.498654854128745,584.5706815094106
0.4993651004781518,585.1314622772564
0.5000723465134429,585.692701631533
0.5007771795479358,586.2543998885538
0.5014801872463401,586.8165573648173
0.5021819576136686,587.3791743770041
0.5028830789542107,587.9422512420384
0.5035841399496381,588.5057882769931
0.5042857295956973,589.0697857991479
0.5049884371757782,589.6342441260526
0.505692852391819,590.1991635753595
0.5063995652070804,590.7645444649893
0.5071091659659623,591.3303871130113
0.5078222453113895,591.8966918377259
0.5085393942109093,592.4634589576606
0.5092612040132801,593.0306887914812
0.509988266354112,593.598381658098
0.5107211732161324,594.1665378766124
0.5114604820877409,594.7351577663345
0.5122064450799314,595.304241646748
0.5129589165964045,595.8737898375466
0.5137176232580575,596.4438026586954
0.5144822909142402,597.014280430224
0.5152526451321063,597.5852234724969
0.5160284114104335,598.156632105999
0.5168093150497323,598.7285066514528
0.5175950812058132,599.3008474297776
0.5183854348783477,599.8736547620945
0.5191801009147596,600.4469289697217
0.5199788040025526,601.0206703741824
0.5207812686693071,601.5948792972091
0.5215872193020876,602.1695560607163
0.5223963801009502,602.7447009868604
0.5232084751371281,603.3203143979779
0.5240232283298853,603.8963966165941
0.5248403634075075,604.4729479654833
0.5256596039931497,605.0499687675655
0.5264806735151166,605.6274593459998
0.5273032952458404,606.2054200241624
0.5281271923255187,606.7838511256082
0.5289520877229359,607.3627529741098
0.5297777042669445,607.9421258936228
0.5306037646031336,608.5219702083409
0.5314299912451222,609.1022862426407
0.5322561065390816,609.6830743211153
0.5330818326795674,610.264334768561
0.5339068917175492,610.8460679099603
0.5347310055166755,611.4282740705409
0.535553895816956,612.0109535757053
0.5363752841950479,612.5941067510632
0.5371948920562079,613.1777339224514
0.5380124406743407,613.7618354158877
0.5388276511479961,614.346411557616
0.5396402444203782,614.9314626740955
0.5404499413116586,615.516989091949
0.5412564624465303,616.1029911380456
0.5420595283024895,616.6894691394662
0.5428588592383162,617.2764234234485
0.5436541754010026,617.8638543174995
0.5444451968188814,618.4517621493053
0.545231643361217,619.0401472467579
0.5460132347382078,619.6290099379593
0.5467896904969033,620.2183505512332
0.5475607300580121,620.8081694150744
0.5483260726382753,621.3984668582436
0.5490854373445507,621.9892432096677
0.5498385431330758,622.5804987984594
0.5505851087354141,623.1722339540299
0.5513248528064312,623.7644490059275
0.5520574938257925,624.3571442839118
0.5527827500937118,624.9503201179832
0.5535003397887945,625.5439768383162
0.5542099808978012,626.1381147753372
0.5549113912901847,626.7327342596452
0.5556042886518417,627.3278356220786
0.5562883905349267,627.9234191936657
0.5569634543883284,628.5194853056299
0.5576294683650236,629.1160342894657
0.5582866683034653,629.7130664768272
0.5589353469681924,630.3105821995637
0.5595757972357723,630.9085817898185
0.5602083122444412,631.5070655798415
0.5608331852139463,632.1060339021748
0.5614507095754374,632.7054870895333
0.5620611789085178,633.3054254748586
0.5626648869706341,633.9058493912876
0.5632621276548798,634.5067591722081
0.5638531950870401,635.1081551511347
0.5644383834523766,635.7100376619142
0.5650179871857051,636.3124070385335
0.5655923008912258,636.9152636151593
0.5661616192532936,637.5186077262747
0.566726237218783,638.1224397064793
0.567286449827285,638.7267598906557
0.5678425523555957,639.331568613817
0.5683948363326632,639.9368662112938
0.5689435443883747,640.5426530185562
0.5694888442361684,641.1489293713106
0.570030873475702,641.7556956054827
0.5705697692856689,642.36295205719
0.5711056688744915,642.9706990628256
0.5716387096175035,643.5789369588904
0.5721690288553141,644.1876660822195
0.5726967640955094,644.7968867697776
0.5732220528709133,645.4065993587913
0.573745032816941,646.0168041866798
0.5742658416371731,646.6275015910816
0.5747846171205829,647.2386919098385
0.5753014970853086,647.8503754810738
0.5758166195126697,648.4625526430314
0.5763301224045062,649.0752237342101
0.5768421438175927,649.6883890933686
0.5773528219373738,650.3020490594326
0.5778622950129709,650.9162039715416
0.5783707004590795,651.5308541690638
0.5788781354681751,652.1459999916449
0.5793846041458908,652.7616417790157
0.5798900526974139,653.3777798712526
0.5803944234950446,653.9944146085704
0.5808976588097647,654.6115463314807
0.5813997009992445,655.2291753805672
0.5819004922278282,655.8473020968056
0.5823999747378491,656.465926821305
0.5828980907403511,657.0850498953638
0.583394782357927,657.7046716605632
0.5838899917388952,658.3247924586444
0.5843836609386209,658.9454126316383
0.5848757320427191,659.5665325217338
0.5853661470790658,660.1881524713536
0.5858548480397738,660.810272823147
0.58634177688118,661.4328939199952
0.5868268755326888,662.0560161050012
0.5873100859322565,662.6796397214298
0.5877913499112492,663.3037651128482
0.5882706093361887,663.9283926229809
0.5887478059979576,664.5535225958154
0.5892228816694334,665.179155375558
0.5896957781367349,665.8052913065692
0.5901664370612626,666.431930733538
0.5906348001488033,667.0590740013101
0.5911008090739797,667.6867214549304
0.5915644054310901,668.3148734397186
0.5920255308144208,668.9435303011958
0.5924841267825754,669.5726923851074
0.5929401348719089,670.2023600374075
0.5933934965606885,670.8325336043049
0.5938441533273535,671.4632134322012
0.5942920466281933,672.0943998676914
0.5947371178074382,672.726093257699
0.5951793082994961,673.3582939492393
0.5956185593861802,673.9910022896775
0.596054812430696,674.6242186264853
0.5964880086705094,675.2579433074518
0.596918089384096,675.8921766805177
0.5973449957601417,676.5269190939077
0.597768669001381,677.1621708960286
0.5981890502432744,677.7979324355485
0.598606080630925,678.434204061316
0.5990197012557447,679.0709861224157
0.5994298531326681,679.7082789682297
0.5998364773590168,680.3460829482328
0.6002395148693978,680.9843984122629
0.600638906690051,681.6232257102549
0.6010345937252732,682.2625651924521
0.6014265168527914,682.9024172093506
0.6018146170059098,683.5427821115629
0.6021988349821018,684.1836602500327
0.6025791116299462,684.8250519758475
0.6029553876802689,685.4669576404206
0.6033276039380122,686.1093775952788
0.6036957010903078,686.7523121922557
0.6040596198253139,687.3957617833946
0.6044193008185849,688.039726720938
0.6047746846688961,688.6842073574092
0.6051257120037212,689.329204045493
0.6054723233691511,689.9747171381493
0.605814459298714,690.6207469885558
0.6061520602996425,691.267293950111
0.6064850668344766,691.9143583764601
0.6068134193578973,692.5619406214491
0.6071370582660846,693.2100410391827
0.607455923961242,693.8586599839502
0.6077699567639907,694.5077978103272
0.6080790970010093,695.1574548730887
0.6083832849635491,695.8076315272376
0.608682460912057,696.4583281280007
0.6089765650576664,697.1095450308603
0.6092655376038428,697.7612825915064
0.6095493187186543,698.4135411658567
0.6098278485208528,699.0663211100846
0.6101010671215955,699.7196227805721
0.6103689145827341,700.3734465339512
0.6106313309539396,701.0277927270661
0.6108882562634683,701.6826617169669
0.611139630439129,702.3380538610274
0.6113853934756313,702.9939695167513
0.6116254852858679,703.6504090419064
0.6118598457147645,704.3073727945571
0.612088414669695,704.9648611328957
0.6123111319621857,705.6228744153968
0.6125279373684114,706.2814130007902
0.6127387706618684,706.9404772480135
0.6129435715807654,707.6000675162347
0.6131422798326933,708.2601841648503
0.6133348350712682,708.9208275535227
0.6135211769662288,709.5819980420924
0.6137012451053108,710.2436959906868
0.6138749790643494,710.9059217596625
0.6140423184307385,711.5686757095467
0.6142032026723813,712.2319582012049
0.6143575713249478,712.8957695956334
0.6145053637998976,713.5601102541646
0.6146465195812517,714.2249805382488
0.6147809780147129,714.8903808096866
0.6149086785045607,715.5563114304241
0.6150295603589193,716.2227727627093
0.6151435629023492,716.8897651689805
0.6152506253960871,717.5572890119447
0.6153506870896867,718.22534465453
0.6154436872163594,718.8939324598723
0.6155295649271938,719.563052791408
0.6156082594180504,720.2327060127237
0.6156797097556547,720.9028924877575
0.6157438550750661,721.5736125805851
0.6158006344292353,722.2448666555576
0.6158499868360208,722.9166550772821
0.6158918513346845,723.5889782105334
0.6159261668494147,724.261836420422
0.6159528723587856,724.9352300722094
0.6159719067498381,725.609159531454
0.6159832088887003,726.2836251639636
0.6159867176865657,726.9586273356758
0.6159823718877213,727.634166412925
0.6159701103522172,728.3102427621264
0.6159498717590516,728.986856750106
0.6159215949313233,729.664008743729
0.615885218482798,730.3416991102927
0.6158406811289694,731.0199282172093
0.6157879214938364,731.6986964321809
0.6157268781947555,732.3780041231257
0.6156574898000263,733.057851658224
0.6155796948524758,733.7382394058985
0.6154934318883274,734.4191677347796
0.6153986393853549,735.1006370137644
0.6152952557770401,735.7826476120251
0.6151832195280111,736.4651998989
0.6150624690209137,737.148294244013
0.6149329426177088,737.8319310172301
0.614794578659683,738.5161105886489
0.6146473154391835,739.2008333286353
0.6144910912514698,739.8860996077584
0.6143258443381727,740.5719097968482
0.6141515129202952,741.2582642669673
0.613968035160541,741.9451633894632
0.6137753492575249,742.6326075358421
0.6135733932762452,743.3205970779808
0.6133621053788336,744.0091323878544
0.6131414235844385,744.6982138377975
0.6129112859622532,745.3878418003078
0.6126716304762224,746.0780166482164
0.6124223951497262,746.7687387544961
0.6121635179103443,747.460008492422
0.6118949366604524,748.1518262355282
0.6116165893054174,748.8441923575535
0.6113284136972029,749.5371072325008
0.6110303476485044,750.2305712346392
0.6107223289844,750.9245847384286
0.6104042954390825,751.6191481186459
0.61007618477322,752.3142617502552
0.609737934698861,753.0099260084737
0.609389482860744,753.706141268822
0.6090307669534695,754.4029079069695
0.6086617245434621,755.1002262989477
0.608282293265711,755.7980968209254
0.6078924106365023,756.4965198494167
0.6074920142312505,757.1954957610806
0.6070810415114533,757.895024932913
0.606659429950977,758.5951077421302
0.6062271170079612,759.2957445661656
0.6057840400688362,759.9969357827528
0.6053301365416618,760.6986817698115
0.6048653437442122,761.4009829055838
0.6043895990298414,762.1038395684842
0.6039028396617103,762.8072521372447
0.6034050029059562,763.511220990822
0.6028960260269512,764.2157465083685
0.6023758461758304,764.9208290693944
0.6018444005716752,765.6264690535492
0.6013016263158049,766.3326668408326
0.600747460568078,767.0394228113894
0.6001818403661262,767.7467373457227
0.5996047027967801,768.4546108245038
0.5990159848664339,769.1630436287052
0.5984156235889543,769.8720361395078
0.5978035559117637,770.5815887383875
0.597179718757476,771.2917018070862
0.5965440491021272,772.002375727465
0.595896483726525,772.7136108818524
0.59523695955695,773.4254076526304
0.5945654133706485,774.1377664225554
0.5938817819797976,774.8506875745695
0.5931860021121323,775.5641714919409
0.5924780105393316,776.2782185580954
0.5917577439395598,776.9928291567801
0.591025138970854,777.7080036720056
0.5902801323121263,778.4237424879623
0.5895226605399357,779.1400459891829
0.5887526855830519,779.8569145603824
0.5879706183531386,780.5743485865553
0.5871776445051708,781.2923484530061
0.5863753117945445,782.0109145451916
0.585565179290736,782.7300472488932
0.5847488068968577,783.4497469501505
0.583927755376373,784.170014035194
0.5831035862353081,784.8908488906138
0.582277861893573,785.6122519031358
0.5814521455086598,786.3342234598313
0.5806280010791769,787.0567639480248
0.5798069934668373,787.7798737552257
0.5789906882838705,788.5035532692809
0.5781806520094904,789.2278028782405
0.5773784519133143,789.9526229704412
0.5765856560864738,790.6780139344787
0.5758038334724925,791.4039761591453
0.5750345537420996,792.1305100336203
0.5742793874935833,792.8576159472038
0.5735398987946805,793.5852942895381
0.5728170426216106,794.3135454504732
0.5721101263458256,795.0423698201636
0.5714173072648754,795.7717677890028
0.5707366374022999,796.5017397476463
0.5700661677661422,797.2322860870006
0.5694039483492992,797.9634071982179
0.5687480280990128,798.6951034727496
0.5680964549570188,799.4273753023044
0.567447275873056,800.1602230788064
0.5667985367523646,800.8936471944622
0.5661482824825449,801.6276480417455
0.5654945569076172,802.3622260134479
0.5648354029424716,803.0973815024904
0.5641688623889453,803.8331149021703
0.5634929760897536,804.5694266059866
0.5628057838412139,805.3063170077364
0.5621053244548828,806.0437865014374
0.5613896356880387,806.7818354814224
0.5606567543055305,807.5204643422738
0.5599049580510445,808.2596734787503
0.5591337028271913,808.9994632860225
0.558343608534273,809.739834159398
0.5575355222501799,810.4807864945025
0.5567102914981161,811.2223206872427
0.5558687642766742,811.9644371337456
0.5550117889990794,812.7071362304405
0.5541402145535324,813.4504183739768
0.5532548902383168,814.1942839613155
0.5523566658220058,814.9387333896532
0.5514463915045161,815.6837670564657
0.5505249179470033,816.4293853594652
0.5495930962159973,817.1755886966904
0.5486517778688867,817.9223774663847
0.5477018148852087,818.6697520670716
0.5467440596751567,819.4177128975675
0.5457793651092417,820.1662603569372
0.5448085845052676,820.9153948444975
0.5438325716027262,821.6651167598645
0.5428521700605901,822.4154265028774
0.5418681151205005,823.166324473689
0.5408809906938402,823.9178110726996
0.5398913269998433,824.6698867005714
0.5388996539935074,825.4225517582368
0.5379065019038651,826.1758066468974
0.5369124012213298,826.9296517680489
0.5359178827561528,827.6840875233763
0.5349234775045355,828.4391143149721
0.5339297168490061,829.194732545036
0.532937132345495,829.9509426161662
0.5319462558941014,830.7077449311391
0.5309576196017711,831.4651398931018
0.5299717559273918,832.2231279053556
0.5289891975489976,832.9817093715287
0.5280104773970694,833.7408846955811
0.5270361287614851,834.5006542816059
0.5260666851100936,835.2610185340925
0.5251026802450998,836.0219778577291
0.5241446482124451,836.783532657507
0.5231931233427721,837.5456833386745
0.5222486402226757,838.3084303067819
0.5213117337516996,839.0717739675795
0.5203829390443798,839.8357147271736
0.5194627915238927,840.6002529919045
0.5185518268932942,841.3653891683556
0.5176505810827844,842.1311236634572
0.5167595903347192,842.8974568843659
0.5158793911709288,843.6643892384757
0.5150105203241399,844.4319211335586
0.5141535148749311,845.2000529775505
0.5133089121266684,845.968785178715
0.5124772496578334,846.7381181455992
0.5116590653298733,847.5080522870101
0.5108548972830036,848.2785880120052
0.5100652838921652,849.0497257299808
0.5092907638547813,849.8214658505266
0.5085318760948248,850.5938087835657
0.5077891593102134,851.3667549392942
0.5070629841711687,852.1403047281535
0.5063531443048155,852.9144585608891
0.5056589625375633,853.6892168485441
0.5049797001394624,854.4645800023293
0.5043146179078137,855.2405484338749
0.5036629763216324,856.0171225550157
0.5030240354666032,856.7943027778672
0.5023970550471064,857.5720895148165
0.5017812943745867,858.3504831785498
0.5011760123913251,859.1294841820168
0.5005804676509246,859.9090929384571
0.4999939183224261,860.6893098614051
0.4994156222296159,861.4701353646037
0.49884483675718516,862.2515698621692
0.4982808189761519,863.0336137683908
0.49772282549543534,863.8162674979754
0.49717011262611616,864.5995314657896
0.4966219362604892,865.3834060870175
0.49607755189575176,866.1678917771667
0.4955361647396775,866.9529889519356
0.4949966488682616,867.7386980273936
0.4944574991285357,868.5250194198321
0.4939171115003694,869.3119535458644
0.493373881064276,870.0995008223663
0.4928262020953907,870.8876616664716
0.49227246802900976,871.6764364956418
0.4917110715035333,872.4658257276087
0.49114040436459716,873.2558297803406
0.49055885760755036,874.0464490721499
0.48996482144726555,874.8376840215892
0.4893566852606835,875.6295350475409
0.48873283764489805,876.4220025691209
0.48809166635599194,877.2150870057794
0.48743155838616586,878.0087887771631
0.48675089984525066,878.8031083033302
0.4860480761028519,879.5980460045248
0.4853214717005344,880.3936023012784
0.4845694703370709,881.1897776144788
0.483790514854049,881.98657236525
0.48298398006014404,882.7839869749731
0.4821507733892031,883.582021865365
0.4812924791644482,884.3806774584439
0.4804106988529591,885.179954176459
0.47950703472561795,885.9798524419416
0.4785830898304938,886.7803726777925
0.47764046809054417,887.581515307098
0.4766807741864254,888.3832807533238
0.47570561366149205,889.1856694401438
0.47471659284624584,889.9886817915484
0.4737153188619596,890.7923182318789
0.47270339971358394,891.5965791856294
0.47168244414383004,892.4014650776958
0.4706540617336367,893.2069763332477
0.4696198628830508,894.0131133777302
0.4685814588366261,894.8198766367868
0.4675404615537991,895.6272665365336
0.46649848388963056,896.4352835032597
0.4654571395018559,897.2439279635182
0.4644180428139982,898.0532003442358
0.46338280909946855,898.863101072569
0.462353054418815,899.6736305759966
0.46133039564868267,900.4847892822827
0.46031645048136616,901.2965776194635
0.4593128373953888,902.1089960159109
0.45832117571680536,902.9220449002091
0.45734308550659447,903.7357247013817
0.45638018774462363,904.5500358485301
0.4554341041053895,905.3649787712304
0.4545064571308792,906.1805538992717
0.4535988701401126,906.996761662788
0.4527129673004969,907.8136024921158
0.4518503735343242,908.6310768179695
0.4510127145936118,909.4491850713282
0.45020161703817485,910.267927683449
0.4494187082174749,911.0873050859091
0.4486656162845265,911.907317710593
0.44794397019800414,912.7279659896064
0.4472550376785672,913.5492503554406
0.44659846045141455,914.3711712408394
0.4459723392248271,915.1937290788303
0.4453744976739054,916.0169243027622
0.4448027583797592,916.840757346293
0.44425494286160866,917.665228643303
0.4437288715034509,918.4903386280398
0.44322236361436257,919.3160877350325
0.44273323740440484,920.1424763991263
0.44225931000964674,920.9695050554287
0.4417983974751173,921.7971741393247
0.4413483147273889,922.6254840865565
0.4409068756170693,923.454435333158
0.44047189293319006,924.2840283153893
0.44004117832002787,925.1142634699211
0.43961254238571373,925.9451412336343
0.4391837946329986,926.7766620437192
0.43875274345984444,927.6088263377079
0.43831719619819115,928.4416345534003
0.43787502806882334,929.2750871289413
0.4374247547893241,930.1091845026752
0.43696574715892766,930.9439271133751
0.43649766110266164,931.7793153999824
0.43602015431798463,932.6153498019021
0.43553288442924554,933.452030758659
0.4350355088218331,934.2893587101945
0.43452768472871856,935.1273340967598
0.43400906924423066,935.9659573588474
0.43347931927588534,936.8052289372796
0.4329380915686076,937.6451492731778
0.43238504269793937,938.4857188079768
0.4318198290838428,939.3269379833907
0.43124210695652165,940.168807241494
0.43065153242155596,941.011327024579
0.4300477613778525,941.8544977753145
0.4294304495759121,942.6983199366573
0.4287992526246109,943.5427939517992
0.4281538259027792,944.3879202643797
0.42749383537492536,945.2336993181934
0.42681922288369417,946.0801315574273
0.4261304727220633,946.9272174265775
0.4254283594907363,947.7749573703791
0.42471367111434943,948.6233518339939
0.4239871960041098,949.4724012626751
0.42324972282488876,950.3221061022759
0.42250204077136405,951.1724667986969
0.42174493934890667,952.0234837982669
0.4209792084576827,952.8751575476534
0.4202056384358481,953.7274884937233
0.41942501994895015,954.5804770837835
0.41863814413004596,955.4341237652834
0.41784580241607355,956.2884289861572
0.41704878671089823,957.1433931945026
0.41624788924542605,957.9990168388513
0.4154439026870011,958.8553003679638
0.41463762009262506,959.712244230876
0.41382983484621655,960.5698488770936
0.41302134118443085,961.4281147562215
0.4122130085250954,962.2870423183527
0.41140594625827265,963.1466320137681
0.41060145135996473,964.0068842931482
0.40980084358933555,964.8677996074341
0.4090054433500191,965.7293784078576
0.4082165716442927,966.5916211460861
0.4074355502029222,967.454528273907
0.40666370131244406,968.3181002435956
0.40590234796754715,969.1823375076158
0.4051528137572257,970.0472405188443
0.4044164229582933,970.9128097303753
0.4036945004413937,971.7790455957231
0.40298837177382246,972.645948568595
0.40229936312577624,973.5135191030747
0.40162880129273454,974.3817576536331
0.40097801377194775,975.2506646749139
0.4003483286467513,976.1202406219761
0.3997410746694911,976.9904859501421
0.3991575812132384,977.8614011150914
0.39859901213831395,978.7329865727676
0.39806552510534987,979.6052427795062
0.3975561721093768,980.4781701918869
0.39706973940191603,981.3517692667914
0.39660501248884644,982.2260404615545
0.39616077635135655,983.1009842336716
0.3957358153353437,983.9766010410042
0.39532891317083885,984.8528913418014
0.39493885303859655,985.7298555945224
0.39456441748199705,986.6074942580249
0.39420438846417777,987.4858077914678
0.3938575473777103,988.3647966542449
0.39352267494424664,989.2444613062655
0.39319855139725596,990.1248022075131
0.3928839562779545,991.0058198184904
0.39257766859277277,991.8875145999124
0.39227846673196853,992.769887012845
0.3919851284856743,993.6529375187032
0.39169643108179547,994.536666579139
0.3914111648803503,995.4210746562551
0.39112830939380683,996.3061622123462
0.39084714095495104,997.1919297100806
0.3905670593926019,998.0783776124955
0.39028746669213,998.965506382869
0.39000776452171876,999.8533164848544
0.38972735426377497,1000.7418083824391
0.38944563704000174,1001.6309825398521
0.38916201363985214,1002.520839421745
0.38887588459550027,1003.4113794930366
0.38858665014147387,1004.3026032189805
0.38829371022416287,1005.1945110651543
0.3879964644864471,1006.0871034975144
0.3876943123330833,1006.9803809822058
0.3873866528190355,1007.8743439858351
0.3870728847397295,1008.7689929753019
0.3867524066280194,1009.664328417746
0.38642461666759137,1010.5603507807906
0.386088912835619,1011.4570605321919
0.3857446983438738,1012.3544581402336
0.38539166083445797,1013.2525440733905
0.3850301692392391,1014.1513188004817
0.38466102641343203,1015.0507827906797
0.3842850669114912,1015.9509365135317
0.38390312573387014,1016.8517804387975
0.3835160382343692,1017.7533150366735
0.3831246402030793,1018.6555407776168
0.38272976781690493,1019.5584581324381
0.3823322576424785,1020.4620675723284
0.3819329467033958,1021.3663695686492
0.3815326723358864,1022.2713645933127
0.38113227235718666,1023.1770531183947
0.380732584954968,1024.083435616338
0.38033444869641336,1024.9905125599917
0.37993870259517865,1025.8982844224242
0.37954618602260803,1026.8067516771293
0.37915773878075815,1027.7159147978678
0.3787742010594593,1028.6257742587463
0.37839641340857244,1029.5363305342253
0.3780251332463605,1030.447584099091
0.37766077143712706,1031.359535428496
0.377303423852977,1032.2721849978047
0.37695313453934126,1033.1855332828618
0.3766099475997676,1034.0995807597753
0.3762739071534197,1035.0143279049776
0.3759450573229914,1035.9297751952745
0.3756234422709789,1036.8459231077532
0.37530910615132024,1037.7627721199037
0.3750020931637451,1038.6803227094902
0.3747024475084748,1039.5985753546481
0.3744102134163786,1040.5175305338212
0.37412543512484986,1041.4371887258162
0.3738481568898605,1042.3575504097935
0.37357842300998517,1043.2786160651754
0.3733162777662507,1044.2003861718104
0.3730617654942673,1045.1228612097943
0.37281493050611175,1046.0460416596738
0.3725758171803829,1046.969928002214
0.37234445507884933,1047.8945207186139
0.3721207492827143,1048.8198202903566
0.37190444575541903,1049.745827199242
0.37169524073257837,1050.6725419274972
0.37149283010351125,1051.5999649576083
0.3712969095843026,1052.5280967724639
0.3711071747807128,1053.456937855188
0.37092332109257564,1054.3864886894103
0.3707450438454144,1055.3167497589209
0.3705720381590164,1056.2477215479867
0.3704039990431379,1057.1794045411395
0.3702406213348614,1058.1117992233258
0.3700815997643498,1059.044906079724
0.3699266288713689,1059.978725595964
0.36977540307698886,1060.9132582579703
0.3696276166568051,1061.8485045519938
0.3694829637380405,1062.7844649646258
0.3693411382698479,1063.7211399829184
0.3692018341366011,1064.658530094036
0.36906474602128025,1065.5966357857455
0.368929591702708,1066.5354575459564
0.36879613197681244,1067.4749958630264
0.36866414946252224,1068.4152512256842
0.3685334275675348,1069.356224122841
0.3684037495079638,1070.2979150439965
0.36827489848985734,1071.240324478773
0.36814665755161835,1072.183452917282
0.36801880966517514,1073.1273008499072
0.3678911376854961,1074.0718687674052
0.36776342435363596,1075.0171571609335
0.36763545235917244,1075.96316652184
0.3675070042125464,1076.9098973420278
0.36737786239955783,1077.857350113557
0.3672478092388985,1078.8055253289954
0.3671166269890927,1079.7544234811771
0.36698409781588315,1080.7040450632203
0.36685000372407955,1081.6543905687677
0.3667141266851694,1082.6054604916476
0.3665762490935881,1083.5572553261343
0.36643623217315446,1084.5097755668226
0.36629417301464967,1085.4630217086142
0.3661503451926259,1086.4169942468588
0.3660050413303761,1087.371693677173
0.3658585541647224,1088.327120495579
0.3657111765992272,1089.2832751983588
0.3655632016182851,1090.2401582823113
0.36541492239949286,1091.197770244462
0.36526663224844635,1092.15611158217
0.36511862457207134,1093.115182793255
0.36497119295836533,1094.0749843757787
0.36482463108172986,1095.0355168283004
0.364679232826981,1095.99678064952
0.3645352921267961,1096.9587763387244
0.3643931031240729,1097.9215043953818
0.36425296005667585,1098.8849653193997
0.36411515730460187,1099.8491596110507
0.3639799894075817,1100.8140877708834
0.36384775100894884,1101.7797502998856
0.36371873690570233,1102.7461476993708
0.36359324203366794,1103.7132804709888
0.3634715614526744,1104.6811491167784
0.36335399036710286,1105.6497541391163
0.36324082410812275,1106.6190960407644
0.3631323581601115,1107.589175324787
0.3630288881105068,1108.559992494707
0.3629307097292228,1109.5315480542704
0.36283811887729034,1110.50384250769
0.3627514115774273,1111.4768763594782
0.3626708839727412,1112.4506501145427
0.3625968323443043,1113.4251642781555
0.36252955311694673,1114.4004193559213
0.3624693428415168,1115.3764158538252
0.3624164982124455,1116.353154278186
0.3623713160470658,1117.330635135715
0.3623340933149435,1118.3088589334309
0.3623051270730704,1119.2878261788715
0.3622847146010984,1120.267537379676
0.36227313009447837,1121.247993044097
0.36227036467153423,1122.2291936806423
0.3622759854835856,1123.2111397980912
0.3622893930230476,1124.1938319058022
0.3623099850307398,1125.1772705132826
0.3623371588999064,1126.1614561305755
0.36237031179413126,1127.1463892679653
0.3624088405680298,1128.1320704361656
0.36245214181159063,1129.1185001462181
0.36249961182089735,1130.1056789095753
0.3625506466277654,1131.0936072380196
0.36260464197340053,1132.082285643732
0.36266099334100466,1133.0717146391912
0.36271909590582707,1134.0618947373239
0.36277834457661806,1135.0528264514169
0.3628381340046791,1136.0445102950466
0.3628978585309215,1137.0369467822431
0.3629569122421176,1138.0301364273482
0.3630146889238443,1139.0240797451456
0.3630705861940942,1140.0187772506579
0.36312416838094425,1141.0142294594598
0.3631753772405321,1142.0104368873012
0.36322438365239207,1143.0074000504596
0.36327137325806275,1144.0051194654384
0.36331653171959827,1145.0035956493043
0.36336004486149465,1146.002829119286
0.3634020985375139,1147.0028203931088
0.3634428786927436,1148.0035699888936
0.36348257140204776,1149.0050784249845
0.3635213627604594,1150.0073462202756
0.3635594389986054,1151.010373893916
0.3635969864145432,1152.0141619654532
0.36363419137961617,1153.018710954856
0.3636712403739619,1154.0240213824031
0.3637083199419999,1155.030093768799
0.3637456167368438,1156.0369286350497
0.36378331746390363,1157.044526502631
0.3638216089401415,1158.052887893331
0.36386067802093314,1159.0620133293141
0.3639006741501133,1160.071903333199
0.3639416027127575,1161.0825584278325
0.3639833433953171,1162.093979136589
0.36402575697411194,1163.1061659831107
0.364068704126356,1164.1191194915136
0.3641120455044617,1165.1328401861824
0.3641556416736963,1166.1473285919187
0.36419935310625057,1167.1625852340371
0.3642430402883183,1168.1786106379973
0.3642865635774328,1169.1954053297877
0.36432978328872523,1170.2129698357462
0.3643725596711821,1171.2313046826055
0.36441475292257,1172.2504103974334
0.3644562231686452,1173.2702875076927
0.36449683046319037,1174.2909365412636
0.3645364347999612,1175.312358026421
0.36457489614848787,1176.3345524916735
0.3646120743409124,1177.357520466134
0.3646478292180137,1178.3812624791135
0.364682045201397,1179.4057790603847
0.3647147954208394,1180.4310707401287
0.36474638408223353,1181.4571380488462
0.3647771826475591,1182.4839815174519
0.3648075629348719,1183.5116016772895
0.364837896974708,1184.5399990599317
0.36486855689359854,1185.569174197547
0.3648999150392791,1186.59912762257
0.3649323439179176,1187.6298598678172
0.36496621619399083,1188.6613714665107
0.3650019047021078,1189.693662952256
0.3650397824439101,1190.7267348590435
0.36508022257899025,1191.7605877212895
0.3651235984606381,1192.7952220737075
0.3651702835639907,1193.830638451539
0.3652206515935366,1194.8668373902233
0.365275076348449,1195.9038194257892
0.3653339318600324,1196.941585094478
0.36539759227495294,1197.98013493305
0.36546641772907335,1199.0194694785755
0.365540495946596,1200.0595892685428
0.3656194310896886,1201.1004948408774
0.36570259439548164,1202.1421867337638
0.3657893492113026,1203.1846654859678
0.3658790586733911,1204.2279316364295
0.3659710855602089,1205.2719857246768
0.36606479242457785,1206.3168282904667
0.36615954147388197,1207.3624598741276
0.3662546947053273,1208.408881016155
0.3663496137470223,1209.4560922576752
0.3664436600113283,1210.504094140033
0.3665361946019688,1211.5528872049929
0.36662657831117756,1212.6024719948196
0.36671417168906684,1213.6528490520614
0.36679833498971637,1214.70401891966
0.3668784281412436,1215.7559821411178
0.36695381087546464,1216.8087392600592
0.36702384255347253,1217.862290820734
0.3670878846320806,1218.9166373676835
0.3671455300456374,1219.9717794459025
0.3671970209155533,1221.0277176006666
0.36724306415492064,1222.0844523777855
0.36728441184478555,1223.1419843234457
0.3673218164349271,1224.2003139840976
0.3673560306440515,1225.2594419067889
0.3673878075923115,1226.3193686387835
0.36741790067734065,1227.380094727906
0.3674470636856931,1228.441620722223
0.367476050686939,1229.5039471703458
0.3675056161270284,1230.5670746211708
0.36753651475859045,1231.6310036240616
0.36756950167391184,1232.6957347287828
0.36760533231981424,1233.7612684854166
0.3676447624218456,1234.827605444631
0.36768854812006807,1235.8947461572461
0.36773744580253465,1236.962691174722
0.3677922122562305,1238.0314410487454
0.36785360456703675,1239.1009963314712
0.36792224198174617,1240.1713575755566
0.36799803816525095,1241.2425253338406
0.36808019301750516,1242.314500159815
0.3681677603233179,1243.3872826071415
0.3682597933758721,1244.460873230089
0.3683553451013446,1245.5352725832058
0.36845346798345774,1246.6104812214976
0.36855321409712616,1247.6864997003545
0.3686536350996727,1248.7633285755646
0.3687537822159488,1249.8409684033795
0.3688527062750746,1250.9194197404022
0.3689494576864706,1251.998683143628
0.369043086421917,1253.078759170537
0.3691326420644937,1254.1596483789428
0.3692171737602507,1255.2413513271235
0.36929573025805557,1256.3238685737153
0.36936735987339536,1257.407200677816
0.36943111052825317,1258.491348198867
0.36948602970880173,1259.5763116967773
0.36953121942473643,1260.662091731895
0.3695663836402996,1261.7486888648568
0.3695920877111915,1262.8361036568554
0.36960921519798323,1263.9243366693513
0.36961865374009484,1265.0133884643337
0.3696212913766946,1266.1032596042187
0.3696180165738641,1267.1939506517006
0.3696097181450217,1268.2854621699935
0.3695972853146699,1269.3777947226772
0.3695816076723537,1270.4709488738358
0.36956357524252625,1271.5649251878187
0.36954407839274456,1272.6597242295124
0.36952400789743334,1273.7553465641904
0.36950425493149536,1274.8517927574899
0.3694857110303524,1275.949063375548
0.36946926815677633,1277.047158984788
0.36945581859684556,1278.1460801522635
0.36944625509696766,1279.2458274452358
0.3694414707598336,1280.3464014314206
0.36944235012128024,1281.4478026791335
0.36944947627507624,1282.5500317568444
0.3694627871233276,1283.6530892336473
0.3694818473078315,1284.7569756789408
0.3695062003564266,1285.861691662581
0.3695353896032919,1286.9672377548236
0.36956895817077035,1288.0736145263922
0.3696064489817326,1289.1808225484583
0.369647404802526,1290.2888623924491
0.3696913681483856,1291.3977346303468
0.36973788133858027,1292.507439834596
0.36978648652409946,1293.6179785779736
0.3698367256511241,1294.7293514336588
0.36988814043974816,1295.8415589753522
0.36994027243614175,1296.9546017771213
0.36999266298823796,1298.0684804134403
0.3700448532397609,1299.1831954592162
0.3700963841273083,1300.2987474898227
0.3701467963958173,1301.4151370810584
0.37019563060624294,1302.5323648090452
0.37024242209471253,1303.6504312504621
0.370286688214804,1304.7693369823523
0.3703279312321383,1305.8890825821682
0.37036565114665304,1307.009668627812
0.37039934774436445,1308.1310956976236
0.3704285205975378,1309.2533643703791
0.37045266907713603,1310.376475225237
0.37047129232844006,1311.5004288418122
0.3704838892834921,1312.6252258001582
0.37048995866433565,1313.7508666807532
0.37048899898933313,1314.8773520644636
0.3704805085364842,1316.0046825326835
0.37046398540194736,1317.1328586671543
0.3704389274695048,1318.2618810500112
0.3704048323707976,1319.391750263965
0.37036119756843794,1320.5224668920473
0.3703075202978161,1321.6540315177447
0.3702432975857065,1322.7864447249628
0.3701680262412256,1323.919707098059
0.3700812853841596,1325.0538192218478
0.369983229186282,1326.188781681582
0.3698746867219584,1327.3245950628602
0.36975666977100335,1328.4612599518
0.3696301908580628,1329.5987769349063
0.36949626292114324,1330.7371465992019
0.36935589936343005,1331.8763695320488
0.36921011401304277,1333.0164463212418
0.36905992109817864,1334.1573775551506
0.36890633533567263,1335.2991638224098
0.3687503718356106,1336.441805712192
0.36859304615003474,1337.585303814104
0.368435374275641,1338.7296587181427
0.36827837263198726,1339.8748710147574
0.3681230580611578,1341.0209412948807
0.3679704478457764,1342.1678701498706
0.3678215597116955,1343.3156581714672
0.36767741179400487,1344.464305951914
0.3675390226672674,1345.6138140838802
0.3674073950397521,1346.7641831604774
0.3672832589532543,1347.915413775244
0.36716688340428966,1349.0675065221506
0.36705832725515,1350.2204619957026
0.3669576437789334,1351.3742807906171
0.3668648861647685,1352.5289635024108
0.36678010773147585,1353.6845107267163
0.3667033617505069,1354.8409230597754
0.3666347015313891,1355.9982010982446
0.3665741804094935,1357.1563454391976
0.36652185171855794,1358.3153566802341
0.36647776885473266,1359.4752354192472
0.36644198516978466,1360.635982254792
0.3664145541083585,1361.7975977856395
0.3663955290767788,1362.9600826111666
0.3663849635192936,1364.1234373311797
0.3663829109272132,1365.2876625458111
0.36638942474735114,1366.45275885587
0.3664045585315236,1367.6187268623326
0.3664283627198671,1368.785567166872
0.3664606604415356,1369.9532803714515
0.36650067643874495,1371.121867078576
0.3665472257578753,1372.291327891153
0.366599087497506,1373.46166341258
0.36665504026041984,1374.6328742466367
0.3667138621204271,1375.80496099759
0.36677433061971937,1376.977924270256
0.366835222839628,1378.1517646697234
0.3668953153062802,1379.3264828016404
0.3669533840338185,1380.5020792721493
0.3670082045523855,1381.678554687753
0.3670585518687888,1382.8559096554172
0.3671032004607961,1384.0341447826431
0.3671409243234984,1385.213260677303
0.3671704969146266,1386.393257947817
0.3671906912254438,1387.5741372029051
0.3672002796831449,1388.755899051922
0.3671980342493383,1389.9385441045588
0.36718272635338395,1391.1220729710499
0.3671533462919788,1392.3064862619926
0.36710991617512007,1393.4917845885127
0.36705345938492,1394.677968562134
0.3669851879942202,1395.865038794945
0.36690631461491297,1397.052995899403
0.36681805235459625,1398.2418404884468
0.3667216148314668,1399.4315731754593
0.36661821615856915,1400.6221945743348
0.36650907096480995,1401.8137052994143
0.3663953944067618,1403.0061059653956
0.3662784020947386,1404.1993971876223
0.3661593101872895,1405.393579581792
0.3660393353539981,1406.588653763996
0.3659196947138565,1407.7846203509969
0.36580160595416533,1408.9814799598287
0.3656862872321788,1410.1792332080627
0.365574957217499,1411.3778807137114
0.3654688350671743,1412.577423095318
0.3653691404588894,1413.777860971839
0.36527702642966053,1414.9791949626347
0.3651929843269588,1416.1814256877215
0.3651165999068438,1417.384553767331
0.36504714510186026,1418.588579822349
0.3649838888539514,1419.7935044741198
0.3649260998289652,1420.9993283443387
0.36487304634972334,1422.2060520552977
0.3648239964756986,1423.4136762296198
0.364778217911654,1424.6222014905866
0.36473497811785527,1425.8316284617608
0.36469354421260936,1427.0419577672842
0.36465318302750105,1428.2531900317317
0.3646131610801748,1429.4653258802023
0.3645727446143017,1430.67836593816
0.3645311995296117,1431.8923108316926
0.36448779147987925,1433.1071611871687
0.36444178576631175,1434.3229176315876
0.3643924474050027,1435.5395807924165
0.3643390411485721,1436.7571512974346
0.36428083981351606,1437.975629775161
0.36421735580762366,1439.195016854349
0.3641485869455893,1440.4153131642845
0.36407479830767203,1441.6365193348518
0.3639962681500197,1442.8586359962787
0.3639132748197329,1444.081663779331
0.3638260967913922,1445.3056033152113
0.36373501264254215,1446.5304552356406
0.36364030106275014,1447.7562201728547
0.36354224089315434,1448.9828987594133
0.36344111104095106,1450.21049162851
0.3633371905525034,1451.4389994137655
0.3632307585857845,1452.6684227492879
0.3631220944163731,1453.8987622696477
0.36301147742820566,1455.1300186099193
0.36289918712566605,1456.3621924056365
0.3627855031273847,1457.5952842928048
0.3626707051509095,1458.8292949079798
0.3625550730491507,1460.0642248881327
0.36243888678590575,1461.3000748707016
0.36232242642358675,1462.5368454936656
0.3622059721383447,1463.7745373955208
0.36208980424429765,1465.0131512151515
0.36197420316299117,1466.2526875919084
0.36185944938985737,1467.4931471657997
0.3617458235883813,1468.7345305771407
0.36163360650788456,1469.9768384667923
0.36152307899864206,1471.2200714761743
0.3614145220603941,1472.464230247059
0.36130821676323527,1473.7093154218524
0.3612044443325782,1474.9553276433028
0.361103486063998,1476.2022675547935
0.36100562341119463,1477.4501358000346
0.3609111378887259,1478.6989330234096
0.36082031117512164,1479.9486598696199
0.36073342502778,1481.1993169839454
0.3606507613101882,1482.4509050122206
0.3605726020373226,1483.7034246006206
0.3604992292996904,1484.956876395916
0.36043087105096716,1486.2112610453332
0.36036740962623703,1487.4665791965829
0.36030833839419396,1488.7228314979986
0.3602530530910716,1489.9800185981144
0.3602009490402445,1491.2381411463116
0.36015142140318673,1492.4971997922182
0.36010386506446945,1493.7571951860261
0.36005767465624905,1495.0181279784824
0.36001224459791187,1496.279998820712
0.35996696903262987,1497.5428083644497
0.35992124187913427,1498.8065572618846
0.3598744568046584,1500.0712461657404
0.3598260072585133,1501.336875729133
0.35977528641775147,1502.6034466057727
0.3597216872389329,1503.8709594498
0.3596646024037925,1505.1394149159985
0.3596034244043435,1506.4088136594655
0.3595375454552061,1507.6791563358956
0.3594663575332457,1508.9504436014986
0.35938927765089945,1510.222676112946
0.3593060954263372,1511.4958545274349
0.35921720082304476,1512.7699795026624
0.3591232425171538,1514.0450516967467
0.35902487510715597,1515.321071768481
0.35892275349886027,1516.5980403770182
0.35881753284153817,1517.8759581820482
0.358709868533744,1519.1548258438288
0.3586004162533321,1520.434644023071
0.3584898319420642,1521.7154133809538
0.35837877178418254,1522.9971345792264
0.358267892233393,1524.2798082801291
0.3581578500095808,1525.5634351463773
0.3580493020743702,1526.8480158412701
0.35794290567319775,1528.1335510285276
0.3578393182987814,1529.4200413724016
0.35773919768785684,1530.7074875377334
0.3576432018753009,1531.995890189717
0.3575519891032526,1533.285249994247
0.3574662139425044,1534.5755676175495
0.3573863006132158,1535.8668437264864
0.3573121025690649,1537.1590789883558
0.35724309996917997,1538.4522740710495
0.3571787439547686,1539.7464296428843
0.3571184854280097,1541.0415463727622
0.35706177509753856,1542.33762493
0.3570080634273517,1543.6346659845203
0.3569568006672017,1544.932670206791
0.35690743687996446,1546.2316382676602
0.35685942187546676,1547.5315708386152
0.3568122052619977,1548.8324685916298
0.3567652364525532,1550.1343321990803
0.3567179645866074,1551.4371623340967
0.356669838654024,1552.7409596700954
0.35662030738967615,1554.0457248811144
0.3565688193189173,1555.3514586417123
0.3565148227577934,1556.6581616269434
0.35645776579817656,1557.9658345124205
0.3563970963440512,1559.274477974233
0.3563323445934765,1560.5840926890187
0.3562633989648781,1561.8946793338791
0.3561904813168007,1563.2062385865238
0.35611387121032145,1564.5187711251597
0.3560338483289937,1565.8322776284508
0.35595069244557564,1567.1467587756565
0.3558646834550853,1568.4622152465258
0.35577610134756493,1569.7786477214054
0.3556852262622089,1571.0960568809933
0.35559233839083737,1572.4144434067298
0.3554977180892605,1573.7338079803915
0.3554016457867928,1575.0541512843934
0.35530440202531055,1576.3754740017034
0.35520626749525797,1577.6977768156344
0.3551075229211448,1579.0210604103331
0.3550084492330091,1580.3453254701055
0.3549093273766946,1581.6705726801165
0.35481043847624505,1582.996802725831
0.35471206371945546,1584.3240162933942
0.3546144844239489,1585.6522140694317
0.35451798204005264,1586.9813967409536
0.3544228380514793,1588.3115649958218
0.35432933414056267,1589.6427195221036
0.3542377520318291,1590.9748610086122
0.35414837358807155,1592.3079901446151
0.35406148078918853,1593.6421076198399
0.353977355675004,1594.9772141247618
0.35389628046530314,1596.313310350109
0.3538185374095452,1597.650396987438
0.3537444089459171,1598.9884747285284
0.35367417754207237,1600.327544265981
0.3536081258211287,1601.667606292795
0.35354653651050644,1603.0086615024793
0.3534896924178084,1604.350710589199
0.3534378764997393,1605.693754247487
0.35339137177195235,1607.0377931725961
0.3533504613989717,1608.3828280601706
0.35331542862505394,1609.7288596064795
0.35328654580319413,1611.0758885083492
0.3532638194567877,1612.4239154629981
0.3532467450150763,1613.7729411684195
0.35323455047363356,1615.122966322949
0.3532264522758013,1616.473991625578
0.3532216665936223,1617.8260177757147
0.35321940925611667,1619.1790454734833
0.3532188958216336,1620.5330754194702
0.3532193415571613,1621.8881083147307
0.35321996140261214,1623.2441448609657
0.3532199700011554,1624.6011857604467
0.35321858172957143,1625.9592317158372
0.35321501062649274,1627.3182834304785
0.35320847044377035,1628.6783416082494
0.35319817463778536,1630.0394069535675
0.3531833363817844,1631.4014801713138
0.353163168518129,1632.7645619670498
0.3531368836247098,1634.1286530467637
0.3531036939491663,1635.493754117128
0.3530628131661278,1636.8598658851902
0.35301374422182247,1638.226989058717
0.35295688950827087,1639.595124345933
0.3528933414499311,1640.964272455667
0.3528242711067632,1642.3344340972014
0.35275084995140865,1643.7056099805036
0.35267424992579005,1645.0778008160269
0.35259564341359945,1646.4510073147694
0.3525162032488291,1647.8252301882399
0.35243710267627115,1649.2004701486576
0.3523595154230933,1650.576727908663
0.35228461565031866,1651.9540041814475
0.3522135779523556,1653.332299680787
0.3521475773445227,1654.7116151211503
0.352087789349579,1656.0919512172695
0.3520353898502233,1657.4733086847464
0.3519915552356287,1658.8556882395062
0.35195746228695474,1660.23909059821
0.3519342882668651,1661.6235164779132
0.3519232108470479,1663.0089665963253
0.3519252122019479,1664.3954416717538
0.35194013111681144,1665.7829424230122
0.3519665721991475,1667.1714695694359
0.35200285321441976,1668.5610238309748
0.3520472912273367,1669.9516059282023
0.35209820269567793,1671.3432165821418
0.3521539034379711,1672.7358565143563
0.3522127086011238,1674.129526447171
0.35227293274522137,1675.5242271033267
0.3523328897991819,1676.91995920607
0.35239089303137816,1678.3167234793332
0.3524452550863894,1679.7145206476393
0.35249428800676663,1681.1133514359535
0.3525363031795894,1682.513216569898
0.3525696113792755,1683.9141167756097
0.3525925227321685,1685.3160527798966
0.3526033467804457,1686.7190253099438
0.3526003923774594,1688.1230350937767
0.3525819678269239,1689.5280828596851
0.35254646417487917,1690.9341693368247
0.3524933639199781,1692.3412952546882
0.35242382742178086,1693.7494613434305
0.3523396970062481,1695.158668333912
0.3522428277871398,1696.568916957266
0.3521350754960334,1697.9802079454817
0.3520182965959477,1699.392542031021
0.3518943482504551,1700.8059199468426
0.35176508828080605,1702.2203424266195
0.351632375234334,1703.635810204456
0.35149806830249947,1705.0523240152318
0.3513640274253245,1706.4698845941514
0.35123211316740005,1707.888492677244
0.35110418683729305,1709.308149000893
0.3509821103756357,1710.7288543022805
0.35086774645944535,1712.1506093189669
0.3507629584142789,1713.5734147892135
0.3506696102614882,1714.9972714518392
0.35058956670542935,1716.4221800462437
0.35052467926958975,1717.8481413123898
0.3504761590954325,1719.275155990811
0.35044372069494695,1720.7032248227215
0.3504261446063122,1722.1323485497594
0.3504221468588468,1723.562527914264
0.3504304430143832,1724.993763659152
0.3504497481768071,1726.4260565278287
0.35047877693259816,1727.8594072644796
0.35051624344736926,1729.2938166136576
0.3505608613764026,1730.7292853206116
0.35061134390418514,1732.1658141311968
0.35066640376297176,1733.603403791752
0.3507247531672634,1735.0420550494207
0.3507851039284749,1736.4817686516321
0.3508461673143019,1737.9225453466904
0.3509066541814547,1739.364385883255
0.3509652748620055,1740.8072910107983
0.3510207392691415,1742.2512614791808
0.351071756801498,1743.696298039034
0.35111703654327714,1745.1424014414092
0.3511554615726197,1746.5895724380678
0.3511866156724596,1748.0378117813411
0.3512107082692959,1749.4871202241732
0.35122804794175033,1750.937498520022
0.35123894336193,1752.3889474230218
0.35124370332239224,1753.8414676879038
0.35124263674204337,1755.2950600699323
0.35123605264191354,1756.749725325008
0.35122426015104663,1758.2054642096775
0.3512075685395106,1759.6622774809564
0.35118628716102507,1761.1201658965704
0.35116072548295607,1762.579130214896
0.35113119313439556,1764.039171194659
0.3510979997764695,1765.5002895955429
0.3510614552709362,1766.9624861774755
0.35102186951132536,1768.4257617013195
0.3509795525794816,1769.8901169282312
0.3509348146158751,1771.3555526201599
0.3508879658857568,1772.822069539658
0.350839305001409,1774.289668449775
0.3507890354719706,1775.758350114273
0.35073724152099167,1777.228115297456
0.35068397127852086,1778.6989647642472
0.35062927275382877,1780.1708992801573
0.3505731939528672,1781.6439196114238
0.35051578293547014,1783.1180265247413
0.35045708777015516,1784.5932207873934
0.3503971565070086,1786.0695031674622
0.35033603725896445,1787.5468744334694
0.35027377812951804,1789.0253353546416
0.35021042726689816,1790.5048867006822
0.35014603279481016,1791.9855292420975
0.35008064288165125,1793.467263749936
0.3500143057374695,1794.9500909956926
0.3499470695326919,1796.434011751725
0.34987898249440474,1797.9190267908816
0.3498100928641992,1799.405136886609
0.349740448889127,1800.8923428130167
0.34967010129653575,1802.3806453448196
0.3495991519571704,1803.8700452572898
0.3495277960747595,1805.3605433264709
0.3494562752874633,1806.8521403288437
0.3493848329510652,1808.3448370415713
0.3493137124988387,1809.8386342425065
0.34924315748652834,1811.3335327099412
0.34917341149305453,1812.8295332230891
0.34910471825565764,1814.3266365614886
0.34903732155858913,1815.8248435054088
0.3489714652630672,1817.3241548358244
0.34890739335824045,1818.8245713341255
0.3488453498619424,1820.3260937825767
0.34878557891671896,1821.828722963944
0.3487283247626763,1823.3324596615012
0.3486738316773117,1824.837304659366
0.3486223440655056,1826.3432587421269
0.34857410639634756,1827.8503226950688
0.3485293632300558,1829.3584973040913
0.34848835852743526,1830.8677833556808
0.3484512537774593,1832.3781816370242
0.3484179706064149,1833.8896929358782
0.3483882544790934,1835.4023180406407
0.3483618327332486,1836.9160577403197
0.3483384325915601,1838.4309128246596
0.3483177812097898,1839.9468840839027
0.3482996056348676,1841.4639723089372
0.3482836327990057,1842.9821782913878
0.34826958956185233,1844.5015028234207
0.3482572026745813,1846.0219466978738
0.348246198807037,1847.5435107081353
0.3482363044937977,1849.066195648429
0.3482272462273961,1850.59000231338
0.34821875036533695,1852.114931498386
0.3482105431812733,1853.6409839994549
0.34820235086212725,1855.1681606131729
0.3481938994721605,1856.6964621369013
0.3481849150131771,1858.225889368503
0.34817512337658035,1859.756443106511
0.3481642215987841,1861.2881241501382
0.3481517524791879,1862.820933299265
0.3481370991267879,1864.3548713543194
0.3481196102607115,1865.8899391163764
0.3480986343528321,1867.4261373872816
0.3480735196828953,1868.963466969381
0.3480436142877184,1870.50192866572
0.3480082659855216,1872.0415232799592
0.34796682235518067,1873.5822516164912
0.34791863076957674,1875.1241144802875
0.34786303838085747,1876.6671126769184
0.3477993920936835,1878.211247012721
0.3477270386196083,1879.7565182945464
0.34764532442028045,1881.3029273300067
0.3475535957618121,1882.8504749272352
0.347451198645987,1884.3991618952286
0.34733747890365707,1885.9489890434133
0.34721178211994747,1887.4999571819176
0.34707345363457925,1889.0520671216836
0.3469218942567063,1890.6053196740095
0.346757154017812,1892.159715651147
0.3465802363883416,1893.7152558657863
0.3463925096542089,1895.271941131379
0.3461953475897883,1896.829772262051
0.3459901244687943,1898.388750072448
0.3457782150067832,1899.9488753780129
0.34556099441143906,1901.5101489947913
0.34533983836697546,1903.0725717394507
0.3451161230215696,1904.6361444293511
0.3448912249927386,1906.2008678825437
0.34466652138462694,1907.7667429176634
0.34444338975455807,1909.3337703540874
0.34422320813927915,1910.9019510118312
0.34400735506324964,1912.4712857114491
0.34379720948440795,1914.0417752743206
0.34359415084123623,1915.6134205224857
0.3433995590758905,1917.1862222784305
0.34321481452948926,1918.760181365638
0.3430412882411068,1920.3352986079408
0.3428799803201426,1921.911574830075
0.34273107193999514,1923.489010857225
0.34259425701912216,1925.067607515437
0.34246919995989333,1926.6473656313162
0.34235556503165926,1928.2282860321952
0.3422530164035336,1929.8103695459797
0.3421612181030235,1931.393617001353
0.3420798340576987,1932.978029227599
0.3420085280686517,1934.5636070547066
0.3419469638284353,1936.1503513132852
0.34189480489454266,1937.738262834714
0.34185171474585896,1939.327342450829
0.3418173566702139,1940.9175909945322
0.3417913939304651,1942.509009298978
0.34177348961056914,1944.1015981982218
0.3417633067046275,1945.6953585268911
0.34176050806370056,1947.2902911204324
0.3417647564492954,1948.8863968148644
0.3417757144861679,1950.4836764468632
0.341793032825169,1952.0821308538355
0.34181631787596345,1953.6817608737488
0.3418451380806415,1955.2825673455334
0.34187905634375915,1956.8845511084246
0.34191763535312747,1958.4877130026205
0.3419604376778617,1960.0920538689184
0.3420070257478353,1961.6975745487189
0.342056961821236,1963.304275884217
0.34210980802927543,1964.9121587181985
0.34216512633780366,1966.5212238942163
0.34222247858313576,1968.1314722564239
0.3422814264336448,1969.7429046497643
0.34234153144343604,1971.35552191969
0.3424023549723174,1972.969324912578
0.34246345828110064,1974.584314475282
0.3425244024574985,1976.2004914554336
0.34258474844604425,1977.8178567013592
0.3426440570393707,1979.4364110621307
0.3427018889230552,1981.056155387277
0.3427578045776092,1982.6770905272979
0.34281136437093496,1984.2992173332934
0.3428621285496303,1985.9225366568708
0.3429096571528073,1987.5470493506468
0.3429535101314385,1989.1727562676983
0.34299324727111624,1990.799658261845
0.3430284282101218,1992.427756187622
0.34305861243664637,1994.057050900315
0.34308335931881306,1995.6875432557786
0.34310222805120655,1997.319234110705
0.34311477771174065,1998.9521243223628
0.34312056722010653,2000.5862147487674
0.34311915534990506,2002.2215062486684
0.34311010074675535,2003.857999681436
0.3430929618956789,2005.4956959072251
0.34306729716307804,2007.134595786763
0.3430326647402462,2008.7747001816422
0.3429886227002695,2010.4160099540704
0.3429347289773443,2012.058525966909
0.3428705625127441,2013.7022490838708
0.34279608511966914,2015.347180169203
0.3427119238507143,2016.993320088005
0.34261901888274726,2018.640669705876
0.3425183200384174,2020.289229889435
0.34241077752571175,2021.9390015056642
0.34229734180632254,2023.5899854225104
0.34217896369060835,2025.2421825084853
0.3420565942745657,2026.8955936329464
0.3419311850019459,2028.5502196657726
0.3418036875982821,2030.2060614776683
0.341675054094294,2031.863119940136
0.3415462368700728,2033.5213959251796
0.34141818858915873,2035.1808903055944
0.34129186220705426,2036.8416039550336
0.3411682110243024,2038.5035377477056
0.34104818864142206,2040.166692558525
0.34093274895847636,2041.8310692631574
0.34082284616275843,2043.4966687381516
0.34071943220869794,2045.1634918604311
0.34062323151820684,2046.8315395079499
0.3405343477699429,2048.5008125591753
0.34045244858923,2050.1713118934686
0.3403771613472397,2051.8430383907125
0.3403081132566595,2053.5159929316715
0.340244931431218,2055.1901763977285
0.34018724284135293,2056.865589671096
0.3401346743618495,2058.542233634572
0.3400868527215875,2060.2201091717775
0.3400434045304133,2061.899217167081
0.3400039563000718,2063.579558505428
0.3399681343910001,2065.261134072619
0.3399355650480902,2066.9439447551995
0.33990587442458675,2068.627991440246
0.3398786884933018,2070.3132750158884
0.33985363316837064,2071.999796370697
0.3398303342134991,2073.6875563940575
0.33980841726586486,2075.376555976146
0.33978750785705103,2077.0667960078017
0.3397672313954292,2078.758277380587
0.33974721316040574,2080.4510009868472
0.33972707831149457,2082.14496771969
0.3397064519092544,2083.8401784728303
0.3396849588709803,2085.5366341408217
0.3396622240005383,2087.2343356189476
0.3396378720033733,2088.9332838030914
0.33961152741846934,2090.6334795901366
0.33958281472233603,2092.334923877428
0.3395513582372436,2094.0376175631845
0.3395167821669907,2095.741561546405
0.33947871061784535,2097.4467567267156
0.3394367675572021,2099.1532040045813
0.33939057685824475,2100.860904281071
0.3393397622408167,2102.569858458188
0.33928394734870015,2104.2800674384725
0.33922275567269733,2105.9915321253657
0.33915581059825683,2107.704253423042
0.3390827354145393,2109.4182322362753
0.3390031815433841,2111.133469470765
0.33891709651201435,2112.8499660327752
0.3388248434213313,2114.5677228294962
0.3387269347809785,2116.2867407687763
0.33862388480587485,2118.007020759204
0.3385162078777144,2119.7285637100777
0.3384044185151232,2121.451370531617
0.3382890314503773,2123.175442134517
0.3381705615226031,2124.900779430498
0.33804952377223735,2126.627383331876
0.33792643339047196,2128.3552547517475
0.3378018057249335,2130.0843946040086
0.3376761563089929,2131.8148038031586
0.3375500007935486,2133.546483264699
0.3374238550295237,2135.279433904728
0.3372982350350917,2137.013656639995
0.33717365694230067,2138.749152388279
0.33705063709130245,2140.485922067902
0.33692969196219824,2142.2239665980137
0.3368113340625854,2143.9632868985623
0.336695946506809,2145.7038838901926
0.3365836419576289,2147.445758494303
0.33647437987468093,2149.1889116331067
0.33636811161571306,2150.9333442295656
0.33626478852227054,2152.6790572074005
0.33616436192560806,2154.426051491053
0.33606678312315574,2156.174328005834
0.33597200342859446,2157.9238876776303
0.3358799740953407,2159.6747314333306
0.3357906463989867,2161.426860200413
0.33570397157551857,2163.180274907234
0.3356199008595919,2164.934976482844
0.33553838546984044,2166.6909658570353
0.3354593765853792,2168.4482439605226
0.3353828254075776,2170.2068117245835
0.3353086830865742,2171.966670081436
0.3352369007712848,2173.7278199640314
0.3351674296094161,2175.490262305978
0.33510022069165607,2177.253998041904
0.3350352251545409,2179.019028106868
0.33497239405120127,2180.785353437046
0.33491167847477676,2182.5529749691223
0.33485302946149825,2184.321893640759
0.33479639805533357,2186.092110390302
0.33474173529038326,2187.863626156797
0.33468899215273334,2189.636441880267
0.3346381196568223,2191.4105585012658
0.3345890687456392,2193.185976961456
0.33454179041405047,2194.9626982029076
0.33449623558259023,2196.740723168759
0.3344523551855517,2198.520052802819
0.3344101001475239,2200.3006880496014
0.33436942134819764,2202.082629854581
0.3343302696722825,2203.865879163941
0.3342925959977897,2205.6504369245686
0.3342563511696442,2207.4363040842168
0.33422148602612023,2209.2234815913844
0.3341879513665883,2211.0119703955306
0.3341556980248942,2212.8017714466173
0.3341246767666856,2214.59288569566
0.3340948383891969,2216.3853140942147
0.33406613362738125,2218.179057594879
0.3340385132419584,2219.9741171508404
0.3340119279548886,2221.770493716174
0.3339863284611333,2223.568188245872
0.3339616654961605,2225.3672016953706
0.33393788970687255,2227.1675350212845
0.3339149517807273,2228.969189180766
0.3338928023489392,2230.7721651319857
0.33387139208332645,2232.5764638335713
0.33385067156430226,2234.3820862453763
0.3338305914246701,2236.1890333277315
0.33381110224988714,2237.9973060418833
0.33379215461623285,2239.806905349866
0.33377369907909527,2241.6178322145615
0.3337556861906022,2243.430087599593
0.33373806648203913,2245.2436724694016
0.3337207888882422,2247.05858778928
0.33370377736161105,2248.874834525216
0.33368691446794074,2250.6924136440825
0.3336700643357806,2252.511326113662
0.33365309064066234,2254.331572902267
0.33363585695880393,2256.153154979335
0.33361822687576387,2257.9760733148682
0.3336000639102037,2259.80032887978
0.33358123154623887,2261.6259226457805
0.333561593215895,2263.4528555854868
0.3335410123432028,2265.281128672128
0.33351935227969415,2267.1107428798978
0.3334964763455596,2268.941699183798
0.33347224783852386,2270.7739985595153
0.33344652998107854,2272.607641983762
0.3334191859851249,2274.4426304339368
0.3333900790226911,2276.278964888209
0.33335907220838745,2278.116646325662
0.3333260286258923,2279.9556757261744
0.3332908111935289,2281.796054070395
0.3332532740026377,2283.6377823398834
0.33321324863527185,2285.4808615169222
0.3331705515124147,2287.3252925847646
0.3331249977981251,2289.1710765272246
0.33307640254738835,2291.0182143292577
0.3330245808089145,2292.866706976418
0.33296934756360647,2294.7165554551066
0.33291051771292357,2296.5677607527587
0.3328479061640463,2298.420323857273
0.3327813277038342,2300.274245757748
0.33271059711917794,2302.129527443847
0.3326355291120385,2303.9861699062203
0.33255593835232544,2305.8441741362403
0.33247163943401203,2307.70354112626
0.33238244694557384,2309.564271869152
0.33228817534992594,2311.4263673590576
0.3321886391163897,2313.289828590689
0.3320836526621604,2315.1546565594945
0.33197303030545633,2317.0208522621024
0.33185668572729016,2318.8884166955354
0.33173498409869884,2320.757350858063
0.33160872106215106,2322.6276557486212
0.3314787705548186,2324.499332366835
0.3313460067129464,2326.3723817135265
0.33121130399422494,2328.2468047899843
0.3310755370604045,2330.1226025985798
0.33093958085577835,2331.9997761423765
0.3308043105541522,2333.8783264254153
0.3306706015876246,2335.758254452596
0.33053932966947325,2337.6395612294496
0.33041137072659627,2339.5222477625402
0.33028760095160775,2341.406315059243
0.33016889678197137,2343.2917641278236
0.3300561349345299,2345.178595977185
0.32995019232055306,2347.0668116174184
0.3298519461647642,2348.9564120590967
0.3297622738767119,2350.8473983140157
0.3296820531697482,2352.7397713945247
0.3296120930348906,2354.6335323138983
0.3295525521338092,2356.5286820864344
0.32950271579806645,2358.4252217270305
0.3294615751123484,2360.323152251629
0.3294281186958972,2362.222474676963
0.3294013348852395,2364.1231900205285
0.3293802116939601,2366.0252993008926
0.32936373687723014,2367.9288035373156
0.32935089788866967,2369.8337037499573
0.32934068189249893,2371.7400009598337
0.3293320757640514,2373.647696188823
0.32932406608446463,2375.5567904597156
0.32931563916156614,2377.4672847960746
0.3293057809983732,2379.379180222425
0.32929347733435493,2381.2924777640064
0.3292777135819097,2383.2071784471946
0.3292574749258493,2385.1232832988744
0.3292317462074799,2387.040793347122
0.3291995120240875,2388.959709620678
0.32915977390101553,2390.880033149245
0.3291119894439459,2392.8017649633266
0.329056519526001,2394.7249060943914
0.328994211723581,2396.6494575747574
0.32892593614321675,2398.575420437457
0.32885256310042327,2400.502795716628
0.32877496318036303,2402.4315844471994
0.32869400723157066,2404.3617876648004
0.32861056628989954,2406.293406406334
0.32852551171184663,2408.226441709133
0.32843971503453623,2410.1608946117494
0.32835404808575513,2412.09676615336
0.32826938290502167,2414.034057374183
0.3281865917838365,2415.9727693153063
0.3281065472652283,2417.9129030186427
0.3280301221200702,2419.8544595270805
0.3279581893930992,2421.797439884158
0.3278916223269692,2423.7418451345475
0.32783129441698294,2425.687676323825
0.3277780782771599,2427.6349344981163
0.327732591607183,2429.583620704897
0.32769462846865044,2431.533735992154
0.32766333518051544,2433.4852814090013
0.3276377801979959,2435.438258005266
0.32761703169594664,2437.3926668317545
0.32760015758094413,2439.3485089402816
0.327586225546902,2441.3057853832233
0.32757430296527473,2443.2644972142302
0.3275634570045165,2445.224645487545
0.32755275452608784,2447.1862312586054
0.3275412621981179,2449.149255583334
0.32752804635367505,2451.1137195190204
0.32751217313926584,2453.0796241234757
0.3274927084050244,2455.046970455599
0.3274687177574371,2457.0157595751516
0.3274392665511179,2458.9859925427736
0.3274034198776799,2460.9576704200645
0.3273602425952422,2462.9307942693767
0.3273087992766701,2464.9053651541694
0.3272482494610895,2466.8813841386736
0.32717833647664635,2468.8588522880764
0.3270994489298259,2470.8377706684105
0.3270121320784094,2472.8181403467133
0.32691693142260264,2474.799962390796
0.32681439258799033,2476.783237869546
0.32670506137745203,2478.767967852611
0.3265894837244914,2480.754153410665
0.3264682057306349,2482.741795615185
0.3263417736274846,2484.730895538694
0.3262107338314612,2486.7214542543807
0.3260756328566626,2488.7134728366846
0.3259370174159028,2490.7069523606847
0.3257954343336039,2492.7018939025993
0.32565143062072704,2494.698298539322
0.32550555340796894,2496.696167348809
0.3253583499715241,2498.6955014100113
0.32521036776745116,2500.6963018025817
0.32506215436206864,2502.6985696073148
0.32491425195718593,2504.7023059057638
0.32476712527257917,2506.7075117804707
0.3246211166580073,2508.714188314943
0.32447651711013864,2510.722336593569
0.32433361667674265,2512.7319577015646
0.3241927054568036,2514.743052725241
0.32405407364070793,2516.755622751791
0.32391801150431165,2518.7696688692586
0.3237848093886433,2520.785192166665
0.3236547577026458,2522.802193734066
0.32352814697190074,2524.82067466214
0.32340526773209977,2526.840636042937
0.32328641066399993,2528.862078969029
0.32317186647543117,2530.88500453418
0.3230619259672453,2532.9094138330374
0.322956880030268,2534.9353079610473
0.3228570195906096,2536.9626880148803
0.3227626357128361,2538.991555091715
0.32267401946494306,2541.0219102901074
0.32259145986675736,2543.0537547093113
0.32251513210728855,2545.0870894495647
0.32244493644372396,2547.1219156120765
0.322380596914303,2549.158234298905
0.3223218245058063,2551.196046613297
0.3222683301840566,2553.2353536590467
0.32221982476796274,2555.2761565413266
0.3221760190672328,2557.3184563658215
0.3221366237478408,2559.3622542395715
0.32210134943533536,2561.40755127041
0.3220699066977925,2563.454348566892
0.3220420059714811,2565.502647238879
0.3220173576526922,2567.5524483970103
0.32199567205491647,2569.603753152875
0.3219766594175912,2571.656562618972
0.3219600298861992,2573.7108779088826
0.32194549354106755,2575.7667001371037
0.3219327603975216,2577.8240304189794
0.3219215403687934,2579.8828698709867
0.32191154332060734,2581.9432196103744
0.32190247901403357,2584.0050807555363
0.32189405716294306,2586.06845442564
0.3218859873854513,2588.133341740917
0.32187797921839717,2590.19974382265
0.321869742154748,2592.267661792857
0.32186098557498033,2594.3370967747487
0.32185141881314205,2596.408049892336
0.32184075111688626,2598.4805222706304
0.3218286916504908,2600.554515035694
0.3218149495179391,2602.630029314474
0.32179923372868113,2604.707066235043
0.3217812532665762,2606.7856269260637
0.3217607169725337,2608.865712517615
0.32173733367077884,2610.947324140413
0.32171081206295915,2613.0304629264697
0.32168086083721303,2615.115130008355
0.32164718854221425,2617.201326520032
0.32160950369910596,2619.2890535961956
0.321567514750064,2621.3783123724816
0.32152095426867633,2623.4691039857803
0.3214697617511262,2625.561429573546
0.32141414260311585,2627.6552902746553
0.32135438606557315,2629.750687228605
0.3212907818357691,2631.8476215761225
0.3212236197206154,2633.946094458697
0.32115318956204564,2636.0461070190786
0.32107978132277276,2638.147660400705
0.32100368500595594,2640.250755748186
0.32092519070086345,2642.3553942070785
0.3208445885741237,2644.4615769239026
0.3207621688609877,2646.569305046202
0.320678221873761,2648.678579722501
0.3205930380045037,2650.7894021022594
0.3205069077077192,2652.901773336003
0.3204201215202171,2655.0156945752024
0.3203329700438046,2657.131166972388
0.32024574396799743,2659.2481916809847
0.3201587340441398,2661.3667698554646
0.32007222820208614,2663.4869026513743
0.319986449057557,2665.608591225061
0.3199014962972355,2667.731836734124
0.319817406782917,2669.8566403368704
0.3197342148714885,2671.98300319291
0.3196519549566686,2674.110926462723
0.3195706614547003,2676.240411307611
0.31949036874157577,2678.3714588902317
0.31941111125571275,2680.5040703738955
0.31933292338955344,2682.6382469232904
0.31925583959790976,2684.773989703758
0.31917989430954946,2686.911299881821
0.3191051219585511,2689.050178625095
0.31903155701847424,2691.19062710197
0.31895923393680115,2693.332646482054
0.3188881871947536,2695.4762379358053
0.3188184512531509,2697.6214026349076
0.31875006061504874,2699.768141751828
0.3186830497687618,2701.9164564601633
0.3186174527217368,2704.066347934623
0.3185532328704564,2706.217817350666
0.31849014029265943,2708.3708658851324
0.3184277645436306,2710.5254947154417
0.3183656775832301,2712.6817050204363
0.31830345130567317,2714.83949797977
0.3182406574885437,2716.9988747741554
0.3181768678015621,2719.1598365853606
0.3181116538153487,2721.3223845961356
0.31804458699027993,2723.486519990299
0.31797523868524885,2725.6522439526843
0.31790318016642155,2727.819557669036
0.31782798255915684,2729.9884623264297
0.3177492169448555,2732.1589591125335
0.31766645423048867,2734.3310492165406
0.3175792652880401,2736.504733828231
0.31748722083826936,2738.6800141386984
0.3173898915276314,2740.8568913398954
0.31728684786888695,2743.035366625055
0.31717766031513256,2745.215441188143
0.31706199468178725,2747.397116224385
0.3169400541060802,2749.5803929299427
0.3168126113780897,2751.76527250206
0.3166805672124711,2753.9517561389866
0.316544822553145,2756.1398450400216
0.3164062785658734,2758.329540405478
0.3162658366179579,2760.5208434368683
0.3161243983286996,2762.7137553364955
0.31598286550098464,2764.9082773079263
0.3158421401689095,2767.1044105557203
0.315703124594439,2769.302156285372
0.3155667212330028,2771.5015157035805
0.31543383277539777,2773.7024900179667
0.31530536211339305,2775.9050804372905
0.3151822123561914,2778.1092881713766
0.3150652868412155,2780.3151144309722
0.3149554890969383,2782.52256042804
0.3148537228762519,2784.7316273755546
0.3147608921672303,2786.9423164873124
0.314677857205738,2789.154628978663
0.3146049317216452,2791.3685660655183
0.3145416056371436,2793.5841289651758
0.31448704265246774,2795.8013188957793
0.31444040105087845,2798.020137076671
0.31440083891590237,2800.240584728286
0.31436751414868164,2802.4626630719563
0.31433958442619125,2804.686373330217
0.31431620723549236,2806.911716726611
0.314296539857295,2809.1386944857873
0.31427973937768133,2811.367307833425
0.3142649626744855,2813.5975579963406
0.3142513664402816,2815.829446202315
0.3142381071631349,2818.062973680197
0.31422434111016406,2820.2981416601324
0.3142092243871388,2822.534951373088
0.31419191288262294,2824.7734040511973
0.31417156229096405,2827.013500927659
0.31414732810993967,2829.255243236751
0.31411837045553737,2831.498632213918
0.3140840531956307,2833.7436690954455
0.31404420468117844,2835.990355119008
0.3139989372964827,2838.238691523226
0.3139483819290196,2840.4886795476377
0.3138926694648968,2842.7403204331085
0.31383193083946026,2844.9936154215284
0.3137662970287714,2847.2485657557836
0.313695899024207,2849.5051726799693
0.31362086787178284,2851.7634374390846
0.3135413346158157,2854.0233612794846
0.3134574303691779,2856.2849454483594
0.31336928624572025,2858.548191194207
0.313277033416445,2860.8130997664425
0.3131808030672578,2863.0796724156785
0.31308072642700635,2865.3479103935424
0.3129769347449281,2867.617814952838
0.31286955930743826,2869.889387347446
0.3127587314380512,2872.162628832286
0.3126445824921526,2874.43754066355
0.31252726491007116,2876.7141240982346
0.3124070128654171,2878.9923803947363
0.31228413227598295,2881.2723108124196
0.31215894005078537,2883.553916611715
0.3120317531608394,2885.8371990542387
0.31190288865860355,2888.1221594026615
0.3117726636609955,2890.4087989208365
0.3116413953772137,2892.6971188735492
0.31150940105818,2894.9871205269314
0.3113769980495443,2897.278805148104
0.31124450376631396,2899.5721740052886
0.3111122356954766,2901.8672283677997
0.31098051138465355,2904.163969506172
0.3108496484670715,2906.462398691959
0.3107199646474074,2908.762517197794
0.31059177767929286,2911.064326297632
0.3104654054153781,2913.3678272663624
0.31034116577086285,2915.6730213800056
0.310219376720549,2917.9799099158063
0.3101003489273821,2920.288494152008
0.3099843357493279,2922.5987753680406
0.30987151995494844,2924.910754844572
0.3097620636536443,2927.2244338630453
0.3096561288628203,2929.5398137065067
0.3095538776849278,2931.8568956588206
0.3094554722489008,2934.175681004949
0.30936107469061536,2936.496171031235
0.3092708472139886,2938.818367024924
0.30918495204082136,2941.1422702744785
0.3091035514301789,2943.467882069485
0.3090268076699637,2945.795203700728
0.3089548830907153,2948.1242364600766
0.30888794006551357,2950.4549816404206
0.30882614096545385,2952.7874405361185
0.3087696482539779,2955.1216144421924
0.30871862436459907,2957.4575046552795
0.30867323181465606,2959.795112472825
0.308633633124705,2962.134439193614
0.3085999754546434,2964.475486117509
0.3085721044121476,2966.8182545454265
0.30854932660916495,2969.162745779563
0.3085306870552963,2971.508961123293
0.3085152218793131,2973.8569018809612
0.3085019669809015,2976.206569358147
0.30848995802842555,2978.557964861827
0.3084782305399516,2980.911089699599
0.3084658197588941,2983.265945180653
0.3084517607378161,2985.622532615299
0.3084350883389702,2987.980853314828
0.30841483720153273,2990.3409085917374
0.3083900417532442,2992.7026997597195
0.3083597362081764,2995.066228133709
0.3083229545978022,2997.431495029581
0.3082787307049278,2999.7985017647243
0.30822609816414137,3002.167249657212
0.308164090343031,3004.53774002673
0.3080917404426206,3006.9099741938953
0.3080080851111537,3009.283953480538
0.3079125418781192,3011.6596792097175
0.30780560568535675,3014.0371527055167
0.3076885476847056,3016.416375293391
0.30756271535663493,3018.7973482997218
0.30742945644091557,3021.1800730523246
0.3072901189940431,3023.5645508800244
0.3071460513497044,3025.950783112922
0.3069986021484667,3028.3387710821453
0.3068491203065808,3030.7285161200734
0.30669895501249017,3033.1200195604833
0.30654945579514664,3035.5132827378675
0.3064019724072048,3037.9083069883886
0.3062578549292469,3040.3050936491413
0.30611845373308066,3042.703644058256
0.3059851194313448,3045.1039595554375
0.30585920295951124,3047.5060414813397
0.3057420555337251,3049.90989117775
0.30563502863903425,3052.315509987746
0.30553947403966336,3054.7228992556666
0.30545653234510234,3057.1320603268523
0.30538625082448256,3059.5429945479873
0.3053275646536616,3061.9557032669823
0.3052791788196839,3064.3701878327274
0.3052397979999214,3066.786449595569
0.30520812662670394,3069.204489906826
0.3051828688330132,3071.6243101191994
0.3051627284944866,3074.045911586484
0.30514640920263575,3076.469295663761
0.3051326142930905,3078.894463707166
0.3051200468078131,3081.3214170742094
0.3051074095315998,3083.7501571235352
0.3050934049845583,3086.180685214904
0.30507673540358277,3088.613002709384
0.305056102748592,3091.047110969394
0.3050302087472851,3093.483011358249
0.30499775482434144,3095.920705240725
0.3049574421654371,3098.3601939825926
0.3049079716547038,3100.801478951157
0.30484810233232656,3103.244561514618
0.3047772431431021,3105.6894430426037
0.304695739015872,3108.136124905782
0.30460428345828783,3110.5846084762197
0.3045035743986507,3113.034895127157
0.30439430993132766,3115.486986232827
0.30427718824493044,3117.94088316916
0.3041529077318058,3120.39658731288
0.3040221669024773,3122.85410004207
0.3038856644099845,3125.3134227360947
0.30374409906045813,3127.7745567754923
0.30359816979078397,3130.2375035421755
0.3034485757148039,3132.702264418978
0.3032960160489177,3135.168840790284
0.30314119018293567,3137.6372340415046
0.3029847976331079,3140.1074455593953
0.30282753805817003,3142.5794767319912
0.30267011128627425,3145.0533289482773
0.3025132172380407,3147.529003598899
0.302357552015543,3150.0065020753973
0.3022036724157914,3152.4858257707647
0.3020518349823154,3154.966976079095
0.30190212132861577,3157.4499543958214
0.3017546030985958,3159.934762117603
0.301609351949736,3162.421400642345
0.3014664395557779,3164.909871369167
0.3013259376066769,3167.40017569838
0.3011879177895081,3169.892315031705
0.30105245181565754,3172.3862907720663
0.3009196114180398,3174.882104323544
0.3007894683265821,3177.379757091605
0.3006620943008152,3179.8792504828366
0.3005375611080739,3182.3805859050835
0.3004159405071786,3184.883764767698
0.3002973043108511,3187.388788480939
0.300181724298789,3189.895658456725
0.30006927232347,3192.404376107691
0.2999600201852994,3194.9149428482583
0.2998540396687959,3197.427360093885
0.29975136902463484,3199.9416292613296
0.2996519254124839,3202.4577517685166
0.2995555241594313,3204.9757290347397
0.2994619663838183,3207.4955624806776
0.2993710531963581,3210.0172535279626
0.29928258561902893,3212.5408035999308
0.29919636469075583,3215.066214120702
0.29911219135656403,3217.593486516107
0.29902986655969555,3220.122622212978
0.29894919118760876,3222.6536226395156
0.29886996608562616,3225.186489225258
0.2987919920759682,3227.721223400864
0.29871506990921765,3230.2578265985944
0.29863900035090674,3232.79630025149
0.2985635840762499,3235.336645794253
0.2984886217297138,3237.878864662932
0.298413913949419,3240.4229582945377
0.2983392613051447,3242.968928127568
0.2982644643308554,3245.516775601843
0.29818933094435157,3248.066502158453
0.29811372142470993,3250.6181092396073
0.2980375578244174,3253.17159828904
0.2979607790827431,3255.7269707517235
0.2978833241707241,3258.2842280737527
0.29780513202099124,3260.843371702752
0.29772614157363786,3263.4044030875193
0.2976462917412159,3265.967323678313
0.2975655214572681,3268.5321349263722
0.29748376960362327,3271.0988382845744
0.2974009750804723,3273.667435206882
0.29731707676330626,3276.2379271486425
0.29723201351103956,3278.8103155666086
0.29714572419295343,3281.384601918628
0.2970581476456734,3283.9607876640257
0.2969692227001198,3286.538874263437
0.2968788881896001,3289.118863178656
0.2967870829148907,3291.700755872982
0.29669374568191526,3294.2845538109123
0.2965988149392754,3296.870258458284
0.2965022233006008,3299.457871282252
0.29640389344635243,3302.04739375147
0.2963037435378798,3304.6388273354296
0.29620169152854214,3307.232173505544
0.2960976554134338,3309.827433734117
0.29599155314086467,3312.424609495013
0.29588330266070495,3315.023702263304
0.29577282190833154,3317.6247135153453
0.2956600287805649,3320.227644729093
0.2955448412053805,3322.832497383394
0.29542717704551513,3325.439272958871
0.2953069541788753,3328.0479729372955
0.29518409047981115,3330.658598801593
0.2950585037683407,3333.271152036412
0.29493011190382135,3335.8856341272394
0.294798832659324,3338.5020465616058
0.2946645838900712,3341.1203908274797
0.2945272833384196,3343.740668415011
0.29438684986862335,3346.3628808152475
0.29424328545107714,3348.9870295206256
0.294096812746551,3351.613116024977
0.2939478064530307,3354.241141823578
0.2937966547279019,3356.871108412836
0.2936437457815232,3359.5030172906445
0.29348946789833275,3362.136869956259
0.2933342094312962,3364.772667910347
0.29317835883093,3367.4104126546235
0.2930223045626406,3370.0501056927187
0.2928664352341118,3372.691748528965
0.2927111394595282,3375.335342669579
0.2925568059682797,3377.9808896217664
0.2924038235224203,3380.6283908944342
0.2922525809880963,3383.2778479975477
0.2921034672716534,3385.9292624426935
0.29195687137508863,3388.5826357425813
0.29181318234547027,3391.237969411496
0.29167278931180596,3393.8952649650046
0.29153608148137256,3396.5545239198773
0.2914033531341352,3399.215747794679
0.291274446501402,3401.8789381089364
0.29114876258493066,3404.5440963836863
0.291025618289381,3407.2112241415443
0.29090433043655695,3409.8803229061077
0.29078421568921375,3412.5513942026423
0.29066459060163846,3415.2244395577327
0.29054477160420494,3417.899460499385
0.29042407501695844,3420.576458556866
0.29030181702628166,3423.2554352609354
0.2901773137063891,3425.9363921436816
0.2900498810091839,3428.619330738592
0.28991883476202795,3431.304252580617
0.28978349068919873,3433.991159205924
0.28964316437544835,3436.6800521522728
0.2894971712979844,3439.3709329587646
0.28934482682947715,3442.0638031657163
0.2891854461937941,3444.7586643151544
0.28901834453470776,3447.4555179501667
0.28884290354096487,3450.1543656155054
0.2886591723645351,3452.855208857265
0.288468119303178,3455.5580492227955
0.28827103396314346,3458.262888261046
0.288069209100909,3460.969727522213
0.28786393768013885,3463.6785685580835
0.2876565129153989,3466.389412921583
0.28744822821909466,3469.1022621672687
0.287240377226892,3471.8171178512066
0.28703425383345704,3474.5339815304583
0.2868311521081983,3477.252854763918
0.2866323663727778,3479.9737391116505
0.28643919114820315,3482.6966361353334
0.2862529212009431,3485.421547397794
0.2860748514849085,3488.1484744635745
0.285906277192733,3490.877418898491
0.28574849373677896,3493.6083822696987
0.28560279672760885,3496.34136614596
0.2854704820095802,3499.0763720973055
0.28535282449389654,3501.8134016953773
0.2852504838443917,3504.5524565130145
0.28516286379792616,3507.293538124656
0.28508867169214325,3510.0366481061783
0.28502658001931547,3512.7817880347266
0.28497526102022946,3515.52895948912
0.2849333867341895,3518.278164049365
0.28489962895058296,3521.0294032971174
0.284872659248514,3523.782678815349
0.28485114897686575,3526.5379921884987
0.2848337692550859,3529.295345002523
0.28481919099468417,3532.0547388446475
0.28480608485858594,3534.8161753038185
0.2847931213240622,3537.5796559700566
0.28477897060842206,3540.3451824351914
0.28476230273453157,3543.1127562923066
0.28474178749534895,3545.8823791360096
0.28471609447024576,3548.6540525623127
0.28468389301802455,3551.427778168698
0.2846438533061179,3554.2035575541754
0.2845949404792269,3556.9813923190413
0.28453711164605905,3559.7612840652882
0.28447112322703755,3562.5432343961206
0.28439783301884386,3565.3272449163796
0.28431809896403476,3568.1133172324094
0.2842327791686329,3570.901452951769
0.2841427318473095,3573.6916536838257
0.2840488153952787,3576.4839210390223
0.2839518883076507,3579.2782566296783
0.28385280925387735,3582.0746620692953
0.2837524370255595,3584.8731389729846
0.28365163056177606,3587.6736889572744
0.28355124893566097,3590.4763136402153
0.28345215136422,3593.2810146412894
0.2833551972000789,3596.0877935814688
0.28326124593097723,3598.8966520832464
0.28317115718441493,3601.707591770586
0.28308579073229223,3604.520614268821
0.2830060064569062,3607.335721205077
0.2829325335496007,3610.1529142074937
0.2828652567493777,3612.972194906252
0.28280310511295553,3615.793564932458
0.2827447652169664,3618.617025919163
0.28268892325471917,3621.4425795007664
0.28263426521744767,3624.270227313025
0.2825794768642155,3627.0999709934367
0.28252324377415766,3629.9318121807
0.2824642512880893,3632.7657525153268
0.2824011845633098,3635.601793639134
0.2823327285486569,3638.439937195406
0.2822575679647285,3641.2801848292265
0.2821743873689319,3644.1225381867494
0.2820818710714442,3646.966998916062
0.2819787032156625,3649.813568666427
0.2818635677147576,3652.6622490888867
0.28173514831152524,3655.513041835663
0.28159212850985826,3658.365948560895
0.2814331916397057,3661.2209709200524
0.2812570860193663,3664.0781105698807
0.28106353895865566,3666.937369169161
0.28085386549048647,3669.7987483777033
0.2806300701524771,3672.6622498571146
0.2803941734870545,3675.5278752704717
0.2801481963555698,3678.3956262823394
0.2798941599294341,3681.2655045588617
0.2796340856965771,3684.137511767701
0.27936999546277724,3687.0116495779694
0.2791039113351737,3689.887919660416
0.27883785573889114,3692.7663236872613
0.2785738514031054,3695.646863332311
0.278313921367467,3698.5295402708957
0.27806008898088325,3701.4143561798455
0.2778143778952319,3704.301312737547
0.27757881206416524,3707.1904116239634
0.27735541574949274,3710.0816545205525
0.2771462135123722,3712.97504311033
0.276953230209585,3715.870579077937
0.2767784807727068,3718.7682641093397
0.27662336622137745,3721.6680998924767
0.2764877538091405,3724.5700881163248
0.2763705013164422,3727.474230471823
0.27627038707140245,3730.380528651134
0.2761861891775709,3733.2889843483754
0.2761166855927402,3736.1995992587617
0.2760606540465729,3739.1123750794604
0.276016872104284,3742.0273135090347
0.2759841171447057,3744.944416247553
0.27596116635095647,3747.863684996758
0.27594679672878963,3750.7851214598913
0.2759397850947433,3753.7087273418183
0.27593890808442095,3756.634504348958
0.27594294215825815,3759.562454189184
0.2759506635745743,3762.492578572183
0.27596084843308677,3765.424879208989
0.27597227263537955,3768.3593578123873
0.2759837119183557,3771.2960160965804
0.27599394184004983,3774.234855777473
0.27600182795107786,3777.1758785724833
0.2760066317325179,3780.1190862006265
0.2760079853462219,3783.0644803826244
0.2760055857668484,3786.012062840503
0.2759991298963081,3788.9618352982015
0.27598831461933904,3791.9137994810035
0.27597283676340223,3794.867957115922
0.2759523931215259,3797.824309931496
0.2759266804398986,3800.782859657912
0.2758953954230876,3803.7436080269845
0.2758582347493257,3806.7065567719046
0.2758148950278986,3809.6717076277805
0.2757650728547083,3812.6390623310353
0.27570846475959715,3815.608622619966
0.2756447672493192,3818.5803902343296
0.2755736767951313,3821.554366915352
0.2754948898027956,3824.5305544061653
0.2754081026580415,3827.508954451353
0.27531301170913147,3830.489568797014
0.2752093577411497,3833.4723991909814
0.275097283493699,3836.4574473828043
0.27497746144633317,3839.444715123563
0.2748507374931731,3842.4342041657274
0.27471795872114346,3845.4259162637563
0.2745799723632279,3848.419853173513
0.2744376257628212,3851.416016652567
0.2742917663932783,3854.4144084599766
0.2741432418273421,3857.4150303566744
0.27399289977671115,3860.4178841050316
0.2738415880664716,3863.42297146905
0.27369015462460244,3866.4302942145846
0.27353944752896264,3869.4398541087257
0.27339031493679045,3872.4516529206003
0.2732436051466708,3875.4656924207516
0.27310016656802916,3878.481974381365
0.2729608477131539,3881.5005005764447
0.2728264972291062,3884.5212727814187
0.27269796386229106,3887.544292773499
0.27257608093424207,3890.5695623314737
0.2724612974199881,3893.5970832358366
0.27235331811775254,3896.6268572685926
0.27225145559176683,3899.6588862136896
0.2721550055079809,3902.6931718564397
0.2720632634224794,3905.7297159838786
0.2719755247844135,3908.768520384867
0.271891084966248,3911.8095868497016
0.2718092392293923,3914.8529171704804
0.27172928275195835,3917.898513140811
0.27165051059442086,3920.9463765562564
0.27157221774722023,3923.9965092137973
0.27149369910386834,3927.0489129120115
0.27141424943905856,3930.1035894514825
0.2713331634636727,3933.160540634157
0.2712497357780722,3936.2197682638102
0.271163260894854,3939.281274145864
0.2710730332442228,3942.3450600872484
0.2709783471323031,3945.4111278970086
0.27087849833088384,3948.47947938528
0.2707730576522316,3951.550116364497
0.27066245907678654,3954.6230406481645
0.2705478026842723,3957.6982540519166
0.2704302652997004,3960.775758393068
0.27031102393020573,3963.855555490208
0.27019125569017594,3966.9376471641726
0.2700721378919865,3970.0220352370084
0.2699548479637518,3973.108721532866
0.2698405635226944,3976.197707877158
0.26973046229790876,3979.2889960974435
0.2696257221987459,3982.382588022703
0.2695275212746142,3985.4784854836735
0.2694370377265988,3988.576690312756
0.26935544989442634,3991.6772043441943
0.26928393627546043,3994.780029413861
0.2692236755190484,3997.8851673592194
0.2691758464036471,4000.9926200196614
0.2691416278631924,4004.102389236232
0.26912219898637424,4007.214476851521
0.2691184968538297,4010.3288847100653
0.2691300274995101,4013.4456146578896
0.26915474339812107,4016.564668543054
0.26919023229666134,4019.6860482149555
0.26923408150717776,4022.8097555250724
0.2692838780572425,4025.935792326394
0.26933720866680666,4029.064160473597
0.26939165972995366,4032.194861823412
0.26944481737550025,4035.3278982338625
0.269494267401942,4038.4632715649886
0.26953759532081284,4041.600983678467
0.26957238633843905,4044.7410364378106
0.2695962253771381,4047.8834317081146
0.2696066970520307,4051.0281713563436
0.269601385689777,4054.175257251177
0.2695778753300514,4057.3246912629493
0.2695337497072838,4060.4764752639476
0.26946659229159897,4063.6306111278873
0.26937398623603137,4066.7871007305803
0.2692536367594359,4069.945945949375
0.2691048770948237,4073.1071486634164
0.2689295593723817,4076.2707107536053
0.26873056779197274,4079.436634102643
0.2685108057574959,4082.6049205949766
0.2682731770346844,4085.7755721167705
0.2680205857444148,4088.9485905559686
0.26775593636094597,4092.1239778023205
0.267482133717502,4095.301735747288
0.267202082994691,4098.481866284156
0.2669186897285286,4101.664371307928
0.2666348598013139,4104.849252715388
0.2663534994374281,4108.036512405187
0.26607751522106965,4111.226152277546
0.26580981405790194,4114.418174234741
0.2655533032171427,4117.612580180585
0.2653108902932468,4120.809372020813
0.2650854832260358,4124.008551662872
0.26487999028918785,4127.210121016016
0.26469729917322304,4130.414081991325
0.2645393003849582,4133.6204365016965
0.2644055357197841,4136.829186461681
0.2642940716222215,4140.040333787615
0.26420287134374315,4143.253880397957
0.26412989792747077,4146.469828212506
0.2640731141392434,4149.688179153249
0.26403048252693273,4152.908935143698
0.2639999653829866,4156.132098109326
0.2639795247698609,4159.3576699772875
0.2639671225043433,4162.585652676624
0.26396072015880157,4165.816048138339
0.2639582790914438,4169.0488582949765
0.2639577604137224,4172.28408508096
0.2639571249964173,4175.521730432665
0.2639543334974844,4178.761796288018
0.2639473463125293,4182.0042845871885
0.26393412364134244,4185.249197271789
0.2639126254407934,4188.496536285338
0.263880811582757,4191.746303573317
0.26383691122435776,4194.9985010829405
0.2637802482066219,4198.253130763091
0.26371112941838054,4201.510194564895
0.2636300194438002,4204.769694440842
0.26353738288961576,4208.031632345634
0.2634336844476556,4211.296010235459
0.2633193888365966,4214.5628300687
0.2631949608499751,4217.8320938053985
0.2630608653365744,4221.103803407383
0.2629175671880902,4224.377960838485
0.26276553136536784,4227.654568064208
0.262605222874009,4230.9336270519925
0.2624371067761393,4234.215139771115
0.2622616481829064,4237.499108192789
0.2620793122638173,4240.785534290061
0.2618905642512379,4244.074420037647
0.2616958694136888,4247.365767412321
0.2614956930843804,4250.659578392575
0.26129050063453796,4253.955854958982
0.2610807799603863,4257.254599093736
0.260867202864676,4260.555812781046
0.26065067325388147,4263.859498006959
0.2604321660499891,4267.165656759215
0.26021265654638315,4270.474291027891
0.2599931201862111,4273.785402804351
0.25977453247824356,4277.098994082255
0.25955786905591943,4280.415066856919
0.2593441056362368,4283.733623125811
0.25913421806436876,4287.054664887932
0.2589291822654788,4290.378194144392
0.2587299742774131,4293.704212898059
0.25853757022397866,4297.032723153894
0.2583529463522947,4300.363726918417
0.25817707898002634,4303.6972262004065
0.25801094454219514,4307.033223010352
0.25785551956923425,4310.371719360625
0.25771178069111983,4313.71271726542
0.25758070462023097,4317.056218741045
0.2574632417936706,4320.402225805647
0.25735978219931377,4323.750740479145
0.257269684958473,4327.101764783456
0.25719179352249094,4330.455300742433
0.2571249323458109,4333.811350381828
0.2570679257612487,4337.169915729259
0.25701959797599927,4340.530998814273
0.25697877307236533,4343.894601668384
0.2569442750155546,4347.260726324958
0.2569149276449765,4350.62937481935
0.2568895546867543,4354.000549188729
0.25686697973559613,4357.374251472353
0.2568460262790887,4360.750483711277
0.25682551767957185,4364.129247948558
0.2568042771890041,4367.510546229079
0.2567811279308403,4370.894380599825
0.2567548929243197,4374.280753109578
0.25672439507105727,4377.66966580904
0.25668845714399613,4381.061120751108
0.2566459039850426,4384.455119990213
0.25659583086131976,4387.851665582929
0.2565381268434878,4391.250759588077
0.25647326750103755,4394.652404065896
0.2564017893946205,4398.056601078808
0.25632422913248337,4401.4633526913885
0.25624112340306576,4404.872660969816
0.2561530089276175,4408.2845279824505
0.25606042248809774,4411.698955799573
0.2559639009197848,4415.115946493417
0.25586398111798875,4418.535502138046
0.2557612000118839,4421.957624809766
0.2556560946064493,4425.382316586536
0.25554920193518044,4428.809579548604
0.25544105910434856,4432.239415777918
0.25533220325747286,4435.6718273585575
0.25522317159844243,4439.106816376452
0.2551145013700888,4442.544384919685
0.2550067298749426,4445.984535078222
0.2549003944678641,4449.427268943933
0.25479597916996355,4452.872588610753
0.25469367841899193,4456.320496174729
0.25459338510105567,4459.770993733564
0.25449492671834684,4463.224083387378
0.25439813078454004,4466.679767237894
0.2543028247780829,4470.138047389012
0.2542088361610068,4473.598925946699
0.2541159923883664,4477.062405018791
0.25402412089200394,4480.528486715208
0.2539330490923262,4483.99717314781
0.25384260438908174,4487.468466430521
0.25375261417312306,4490.9423686791715
0.2536629058125287,4494.418882011674
0.2535733066573793,4497.898008548036
0.2534836440491781,4501.3797504101985
0.2533937453139661,4504.8641097220925
0.25330343776242975,4508.351088609629
0.2532125486830327,4511.840689200857
0.25312090535143156,4515.332913625862
0.25302834379136385,4518.827764016551
0.25293480382609906,4522.325242507206
0.2528403787222899,4525.825351233661
0.2527452208974641,4529.328092334203
0.25264948363724077,4532.833467949144
0.25255332026638183,4536.341480220375
0.2524568840814048,4539.8521312924
0.2523603284247384,4543.365423311381
0.25226380663590803,4546.881358425699
0.25216747207463314,4550.399938785698
0.25207147810682745,4553.921166543886
0.2519759781253454,4557.445043854592
0.25188112551978464,4560.97157287441
0.2517870736949227,4564.500755762032
0.25169397608911365,4568.032594677839
0.2516019861186847,4571.567091784771
0.2515112572425959,4575.104249247459
0.2514219429137884,4578.644069232817
0.25133419661144635,4582.186553909636
0.251248168538352,4585.731705448823
0.25116388151863217,4589.279526023596
0.2510810750800901,4592.830017808874
0.2509993190395389,4596.383182981843
0.25091817272907335,4599.939023721932
0.25083719547180383,4603.497542210185
0.25075594652218164,4607.058740630164
0.2506739851146947,4610.622621167355
0.25059087044569683,4614.189186009352
0.250506161678288,4617.7584373457885
0.25041941794028616,4621.330377368353
0.25033019831759995,4624.905008270943
0.25023806186141306,4628.482332249613
0.25014256760915055,4632.062351502143
0.2500432745272671,4635.645068228967
0.24993974158509571,4639.230484632125
0.24983152769764938,4642.818602915981
0.24971819175118445,4646.409425286965
0.24959929259199598,4650.00295395377
0.2494743892480394,4653.599191126948
0.2493431881115666,4657.198139019384
0.24920595078391167,4660.799799845774
0.24906341696524975,4664.404175823316
0.24891639653902944,4668.011269171031
0.24876569943744872,4671.621082110272
0.2486121356684194,4675.233616864373
0.24845651529904106,4678.848875658829
0.24829964845967376,4682.466860721255
0.24814234533886928,4686.087574281508
0.24798541619655984,4689.711018571441
0.2478296713566863,4693.3371958249245
0.24767592117253429,4696.96610827857
0.24752497611734406,4700.5977581701945
0.24737764666991804,4704.232147740462
0.24723474338928134,4707.869279232027
0.2470970768936701,4711.509154889693
0.246965457864566,4715.151776960318
0.24684069704617848,4718.797147692736
0.24672360521543907,4722.445269338363
0.24661489280932505,4726.096144150601
0.2465145225420033,4729.749774384874
0.24642155291910728,4733.406162299077
0.2463347849461218,4737.065310152625
0.2462530188397007,4740.72722020789
0.24617505476117843,4744.391894729064
0.246099692783323,4748.059335982403
0.24602573288656165,4751.729546236344
0.2459519749506919,4755.402527761758
0.2458772187895669,4759.078282831422
0.2458002641111304,4762.7568137206035
0.24571991056565085,4766.438122706319
0.24563495769899174,4770.122212067988
0.24554420496920434,4773.8090840873865
0.24544645175857302,4777.498741048466
0.24534049739466351,4781.191185236792
0.2452251410743334,4784.886418940874
0.24509918194800343,4788.584444451026
0.2449614190707608,4792.285264059981
0.24481069278081447,4795.988880062374
0.2446466059162297,4799.695294755176
0.24447009542441697,4803.404510437701
0.24428273071101123,4807.116529411371
0.2440861007788555,4810.831353979889
0.24388179475146363,4814.548986449
0.2436714018630228,4818.269429126564
0.24345651142828295,4821.992684323224
0.24323871290433796,4825.718754351415
0.2430195958559512,4829.447641525628
0.2428007499255236,4833.179348163072
0.24258376489247777,4836.913876582746
0.24237023061638305,4840.651229106233
0.2421617370850756,4844.391408056959
0.24195987435791128,4848.134415761098
0.24176623263606975,4851.880254546417
0.24158240217916474,4855.6289267435495
0.24140997337325776,4859.380434685069
0.24125053670090996,4863.134780705743
0.24110567762814197,4866.891967142722
0.24097651559333128,4870.651996335272
0.24086288757025448,4874.414870625204
0.24076372422873868,4878.180592356031
0.24067787129387136,4881.949163874253
0.24060417445915622,4885.72058752792
0.24054147930749056,4889.494865667773
0.24048863134733792,4893.27200064695
0.24044447604220653,4897.051994820255
0.2404078587361381,4900.834850545465
0.24037762474293894,4904.620570181934
0.24035261925619825,4908.409156092038
0.2403316874384969,4912.2006106398185
0.24031367436019574,4915.994936191794
0.2402974250178584,4919.79213511685
0.24028178433718658,4923.592209786226
0.24026559718701304,4927.39516257321
0.24024770835349157,4931.200995853549
0.24022696256735568,4935.009712005041
0.24020220446926938,4938.821313408165
0.2401723606362567,4942.635802445589
0.24013676679568835,4946.453181502077
0.24009516746807502,4950.273452964602
0.24004738875399964,4954.096619222919
0.23999325677273597,4957.922682668741
0.23993259762037533,4961.751645696318
0.239865237405277,4965.58351070184
0.23979100220400734,4969.418280084192
0.23970971809899486,4973.255956244426
0.23962121116979598,4977.096541585779
0.2395253074733534,4980.9400385140725
0.23942183307278547,4984.786449437281
0.23931061401984555,4988.635776765737
0.23919147634843507,4992.4880229123755
0.23906424611875524,4996.34319029184
0.23892874934914762,5000.201281321608
0.23878481206685545,5004.062298421335
0.23863226028172863,5007.926244013248
0.23847092001710365,5011.793120521581
0.23830065530173541,5015.662930373055
0.2381217345086646,5019.535675996726
0.23793499709228147,5023.411359823939
0.23774148951762478,5027.289984288687
0.23754226056981517,5031.171551826903
0.23733835907031686,5035.056064877204
0.23713083391348305,5038.943525880333
0.23692073404183864,5042.833937279509
0.23670910844981485,5046.7273015204555
0.23649700620052902,5050.623621051052
0.23628547641201386,5054.522898321446
0.23607556823916837,5058.425135784477
0.23586833090140477,5062.330335895274
0.235664813671093,5066.238501111347
0.23546606588590768,5070.149633892264
0.23527313690912022,5074.063736700407
0.2350870761680077,5077.980812000442
0.23490893314232358,5081.900862259369
0.23473975737011316,5085.823889946325
0.23458058523364728,5089.749897533371
0.23443202905029306,5093.678887494548
0.23429380847374037,5097.610862306605
0.23416513401403682,5101.545824448405
0.23404518869639226,5105.483776401236
0.23393315549217172,5109.424720649027
0.23382821733450745,5113.368659678159
0.2337295571360211,5117.315595976952
0.2336363577398092,5121.265532036559
0.23354780195872807,5125.218470350466
0.23346307256728613,5129.174413414519
0.2333813522892607,5133.133363727235
0.23330182383475603,5137.095323789037
0.2332236698448305,5141.060296103258
0.23314607293930034,5145.0282831754475
0.23306821569361422,5148.999287513674
0.232989280641525,5152.973311628595
0.23290845030993323,5156.950358032647
0.23282490714430043,5160.930429241464
0.23273783404658416,5164.913527773048
0.23264659833736015,5168.899656147321
0.23255121292388142,5172.888816887152
0.23245222370399288,5176.88101251753
0.23235024785616099,5180.876245566251
0.23224590260204897,5184.874518563371
0.23213980518899097,5188.875834041387
0.23203257289174464,5192.880194535225
0.2319248230099638,5196.887602582294
0.2318171728550043,5200.898060722864
0.2317102398029253,5204.9115714989375
0.23160464121294688,5208.928137455696
0.2315009945060536,5212.947761140188
0.2313999170899235,5216.970445102645
0.23130202643319345,5220.996191895212
0.2312079400160071,5225.025004072591
0.23111827533391183,5229.056884192161
0.2310336499123808,5233.091834813737
0.2309546812957745,5237.129858499734
0.23088198707035254,5241.170957814649
0.23081610215636475,5245.215135325934
0.2307569999958231,5249.2623936033815
0.2307040031532035,5253.31273521925
0.2306562619107534,5257.366162748493
0.23061292630832844,5261.422678768242
0.23057314633625042,5265.482285858345
0.23053607195497144,5269.54498660113
0.23050085308498916,5273.610783581615
0.23046663962649605,5277.679679387113
0.23043258144504727,5281.751676607406
0.23039782836573147,5285.826777834956
0.23036153017583486,5289.904985665
0.23032283665933556,5293.986302694757
0.23028089754013484,5298.070731524481
0.23023486253777056,5302.158274756508
0.23018388132127365,5306.248934996052
0.23012710353092963,5310.342714851028
0.23006367881061274,5314.4396169312
0.22999275672987413,5318.539643849708
0.22991350862229262,5322.642798221648
0.2298254571540559,5326.749082664965
0.2297287104899878,5330.858499800228
0.22962363941012495,5334.971052250126
0.2295106213914973,5339.086742640333
0.22939003393123683,5343.205573599165
0.22926225455900381,5347.327547757166
0.2291276608029231,5351.452667747719
0.22898663022526222,5355.580936206383
0.22883954037574514,5359.7123557718105
0.2286867688377605,5363.846929084984
0.22852869320910887,5367.984658789402
0.22836569109124213,5372.125547531351
0.2281981401142957,5376.269597959425
0.22802641790317757,5380.416812725174
0.22785090211309206,5384.567194482476
0.22767197040616052,5388.720745887865
0.22749000045959275,5392.877469600418
0.22730536995496584,5397.037368282006
0.22711845808113068,5401.200444597057
0.22692974706343472,5405.366701212484
0.22673998551412514,5409.536140797685
0.22655010198337694,5413.708766024904
0.22636104012974934,5417.884579569347
0.2261737436807705,5422.063584107958
0.2259891563384541,5426.245782321249
0.22580822188087757,5430.431176891434
0.2256318840657393,5434.619770504167
0.22546108669850587,5438.811565847487
0.22529677362342101,5443.006565611619
0.22513988866891432,5447.204772490226
0.22499137573215064,5451.40618917876
0.2248521786891794,5455.610818376108
0.22472324147524333,5459.818662783147
0.2246055080178337,5464.029725103916
0.22449992228996316,5468.244008044631
0.2244074282578086,5472.461514314697
0.22432896992358348,5476.68224662598
0.22426549131923038,5480.906207692388
0.22421768776536674,5485.133400231525
0.22418511095240734,5489.363826962983
0.22416621622115634,5493.597490609334
0.22415925758312577,5497.834393895772
0.22416248901924907,5502.074539549692
0.2241741644252051,5506.317930301973
0.224192537684832,5510.564568885675
0.22421586262577967,5514.81445803669
0.22424239303921079,5519.0676004934685
0.22427038266437269,5523.323998997369
0.22429808521450342,5527.583656292148
0.22432375434693255,5531.846575124575
0.22434564368898985,5536.112758244044
0.22436200683704666,5540.382208402475
0.22437109734521551,5544.65492835455
0.2243711687243856,5548.930920857903
0.22436047447434684,5553.210188672388
0.22433726802078918,5557.492734561477
0.2242998028218724,5561.778561290044
0.22424643868930072,5566.067671626808
0.22417655474678433,5570.3600683429595
0.2240909073071431,5574.655754211995
0.22399072067245215,5578.95473201035
0.22387722283390152,5583.257004517519
0.22375164182798585,5587.562574515507
0.2236152057274384,5591.871444788734
0.2234691426012894,5596.183618125024
0.22331468058623424,5600.4990973141075
0.22315304779520787,5604.817885149463
0.2229854724092794,5609.1399844265825
0.2228131826171548,5613.4653979438735
0.22263740663087792,5617.794128502503
0.2224593726768493,5622.126178906636
0.22228030901967022,5626.461551962887
0.22210144392854328,5630.800250480954
0.2219240057113356,5635.142277272929
0.22174922268102287,5639.487635153896
0.2215783231692655,5643.836326941797
0.22141252503516234,5648.188355457192
0.22125276147444942,5652.543723523526
0.22109939784613258,5656.90243396683
0.22095249141132856,5661.264489616225
0.22081208503032915,5665.629893303601
0.22067822157378636,5669.998647863329
0.22055094389825397,5674.370756132734
0.22043029485635576,5678.746220952042
0.22031631729879264,5683.12504516437
0.220209054082436,5687.507231615479
0.2201085480682511,5691.892783153677
0.220014842094891,5696.281702630494
0.21992797900304226,5700.6739929003525
0.21984800164754664,5705.0696568201365
0.21977495286898135,5709.468697249715
0.2197088755078318,5713.871117051759
0.21964981240040976,5718.276919091836
0.2195978063849025,5722.686106238263
0.2195529002871738,5727.098681362456
0.2195151365806993,5731.514647337859
0.2194844683260683,5735.934007042038
0.21946055715504378,5740.356763354326
0.2194428341134398,5744.782919157338
0.21943070220665473,5749.212477336597
0.2194235644443154,5753.645440780192
0.2194208238123341,5758.081812379405
0.21942188329958426,5762.521595028233
0.21942614588411877,5766.964791623617
0.21943301455377642,5771.411405064922
0.2194418922580115,5775.861438255073
0.21945218196288924,5780.314894099567
0.21946328663528328,5784.7717755065105
0.21947460921492778,5789.232085387361
0.21948555265930686,5793.695826656032
0.219495519903568,5798.16300222967
0.21950391388720136,5802.633615028233
0.21951013755239707,5807.107667974386
0.21951359383430652,5811.585163993688
0.21951368565130083,5816.066106014993
0.21950984979193683,5820.550496969499
0.2195017333039121,5825.038339792143
0.21948921705837895,5829.529637419479
0.21947223921500383,5834.02439279208
0.2194507379853987,5838.522608853305
0.21942465160688646,5843.024288548774
0.2193939182757784,5847.529434827918
0.21935847623844584,5852.038050642057
0.21931826369022417,5856.550138946523
0.21927321886444592,5861.065702698995
0.2192232799940447,5865.584744859942
0.2191683852934103,5870.107268393234
0.21910847300087158,5874.633276265244
0.21904348133831977,5879.162771445641
0.21897334853751757,5883.6957569069655
0.2188980128381071,5888.23223562452
0.21881741247956882,5892.772210576499
0.21873148568513268,5897.315684744537
0.21864017069208774,5901.862661113149
0.21854341386790574,5906.413142668785
0.21844127688025342,5910.967132402586
0.21833400479490706,5915.5246333071955
0.21822192028449242,5920.08564837901
0.2181053476501011,5924.650180617255
0.21798461120853527,5929.218233023701
0.21786003524184938,5933.78980860394
0.2177319440695135,5938.3649103658845
0.2176006619959422,5942.943541320644
0.2174665133283802,5947.5257044823065
0.21732982237268494,5952.111402868023
0.21719091343913297,5956.700639497856
0.21705011083019682,5961.293417395092
0.21690773886636136,5965.8897395855765
0.21676412184988747,5970.489609098486
0.21661958408264104,5975.093028966145
0.21647444987985598,5979.700002223568
0.2163290435399673,5984.310531909144
0.2161836893783411,5988.924621063875
0.21603871169514022,5993.542272732028
0.21589443479109058,5998.163489960925
0.21575118296527815,6002.788275800966
0.21560928052289488,6007.416633305377
0.21546905175911704,6012.048565530555
0.2153308209668639,6016.684075535983
0.21519491244254516,6021.323166384049
0.21506165046204584,6025.96584114068
0.21493135933605445,6030.6121028739435
0.2148043633344945,6035.261954655671
0.21468098673195143,6039.915399560801
0.21456155381139755,6044.5724406670815
0.2144463888560468,6049.233081055069
0.21433581612147806,6053.89732380896
0.2142301598789375,6058.565172015677
0.21412974438744806,6063.236628765352
0.21403489390743483,6067.911697151054
0.21394593268472958,6072.590380269175
0.21386318497404305,6077.27268121887
0.21378697497225418,6081.958603102936
0.21371751499255537,6086.648149026587
0.21365454202319756,6091.341322098582
0.2135973559759363,6096.038125430691
0.21354518310801388,6100.738562137597
0.21349724966464995,6105.442635337555
0.2134527819149705,6110.150348151599
0.21341100614067482,6114.861703703571
0.21337114860111495,6119.576705121139
0.2133324355888786,6124.295355534645
0.21329409338896468,6129.017658077908
0.21325534831860526,6133.7436158872715
0.21321542668056104,6138.473232102648
0.2131735547931106,6143.206509867068
0.21312895898071196,6147.943452326879
0.21308086559806746,6152.684062631057
0.2130285009873881,6157.4283439322
0.21297109151817742,6162.176299385759
0.21290786356022304,6166.927932150605
0.2128380435076484,6171.683245388502
0.21276092555882656,6176.442242264584
0.21267639102807007,6181.2049259471005
0.21258508060821737,6185.971299607278
0.21248787633088162,6190.741366420181
0.21238566156247146,6195.515129562858
0.2122793196032974,6200.292592216735
0.2121697337790712,6205.073757565735
0.21205778738356357,6209.8586287973685
0.21194436371326417,6214.647209101991
0.21183034604725293,6219.439501673104
0.21171661762908636,6224.235509708051
0.21160406172286333,6229.035236406585
0.21149356154823643,6233.838684972265
0.2113860003305925,6238.6458586113895
0.21128226126538222,6243.456760533723
0.21118322753122062,6248.271393952329
0.21108978229516565,6253.089762083391
0.2110028087024211,6257.911868146398
0.21092318989717096,6262.737715363517
0.2108517866852294,6267.567306961125
0.21078894422383487,6272.400646168099
0.21073403124009837,6277.237736216783
0.21068591324222488,6282.07858034287
0.21064343556236262,6286.923181784993
0.21060544353967467,6291.771543785324
0.21057078253272807,6296.6236695894895
0.21053829795321452,6301.479562445481
0.21050683519098654,6306.3392256055595
0.21047523968854218,6311.202662324733
0.21044235689906057,6316.0698758615745
0.21040703231429303,6320.940869477592
0.21036811144589393,6325.815646437588
0.21032443982227766,6330.694210009946
0.21027486301067955,6335.5765634660975
0.21021822659656017,6340.462710081019
0.2101533762075918,6345.352653132637
0.21007915749306932,6350.246395902259
0.20999441613045836,6355.143941674568
0.20989800025539468,6360.045293737719
0.2097891332723517,6364.950455382841
0.20966818208619095,6369.859429904805
0.20953637975865747,6374.772220600997
0.2093950547190089,6379.688830773028
0.2092455353946039,6384.609263725335
0.20908915017142632,6389.533522765902
0.20892722741639436,6394.461611205728
0.20876109545531055,6399.3935323593
0.20859208256821432,6404.329289544965
0.2084215170404605,6409.2688860834105
0.2082507270907082,6414.21232529928
0.2080810409085694,6419.159610520588
0.2079137866479967,6424.110745078791
0.20775029244941598,6429.065732307972
0.20759188637566617,6434.024575546553
0.20743989648586927,6438.987278135586
0.20729565078097265,6443.95384341986
0.20716047722588501,6448.924274747529
0.20703570375053293,6453.8985754699615
0.20692249726885925,6458.876748941815
0.2068211076080805,6463.858798521516
0.2067308067700381,6468.844727570418
0.20665064494552832,6473.834539453931
0.20657967236037778,6478.828237539772
0.20651693921931003,6483.825825200123
0.20646149577891315,6488.827305810099
0.20641239231776856,6493.832682748216
0.20636867913515516,6498.841959396574
0.20632940657256998,6503.855139140205
0.20629362497439546,6508.872225368199
0.20626038472843325,6513.893221472821
0.2062287362512893,6518.918130849721
0.2061977299984751,6523.946956897579
0.20616641642700534,6528.979703019275
0.2061338460454047,6534.016372620772
0.20609906939530126,6539.056969111315
0.20606113704632856,6544.101495903589
0.20601909958533668,6549.149956414238
0.2059720325900139,6554.202354062494
0.20591932725625348,6559.258692272191
0.20586085355665473,6564.318974469265
0.2057966725746433,6569.383204084166
0.20572684856817453,6574.451384550508
0.20565144579892672,6579.523519305183
0.20557052851520485,6584.599611788919
0.2054841609878978,6589.679665445257
0.20539240745550977,6594.763683722045
0.2052953321771538,6599.851670070268
0.2051929994192287,6604.943627944017
0.20508547341756878,6610.0395608017325
0.20497281844735504,6615.139472104338
0.2048550987493593,6620.24336531701
0.20473237857338333,6625.351243908413
0.20460472218384496,6630.4631113502455
0.20447219383520238,6635.578971117793
0.2043348577644129,6640.698826690448
0.2041927782304531,6645.822681550653
0.2040460224836696,6650.9505391841185
0.2038947879985823,6656.082403080836
0.20373957152666744,6661.218276733489
0.20358105395001616,6666.358163638998
0.20341992833322756,6671.502067297527
0.20325688770909947,6676.6499912128975
0.20309262509692294,6681.8019388920375
0.20292783346834198,6686.957913845918
0.20276320576941428,6692.1179195892455
0.20259943494442825,6697.281959639471
0.2024372138719573,6702.450037518569
0.2022772354353777,6707.622156751272
0.20212019246458202,6712.798320866437
0.20196677777098296,6717.978533396306
0.20181768413959833,6723.1627978765155
0.20167360430816594,6728.351117846788
0.20153523100575058,6733.54349684986
0.20140325691698208,6738.739938432287
0.20127837468166318,6743.940446144763
0.20116127684409513,6749.145023540323
0.20105253017647903,6754.3536741769
0.20095220727342814,6759.566401615437
0.2008599448426353,6764.783209420376
0.2007753123090167,6770.004101160208
0.20069787913388157,6775.229080406492
0.20062721477451337,6780.4581507349285
0.20056288871033937,6785.691315724862
0.20050447045427008,6790.928578958727
0.20045152951971734,6796.169944022907
0.20040363543380935,6801.415414507672
0.20036035775427263,6806.664994006626
0.20032126605308456,6811.918686117028
0.20028592990937213,6817.176494440175
0.2002539189465758,6822.438422580253
0.20022480276816298,6827.704474146203
0.20019815104089272,6832.974652749472
0.20017353341579106,6838.248962005977
0.2001505195782091,6843.527405535075
0.2001286792314984,6848.809986959821
0.20010761267033836,6854.096709906744
0.2000871604186893,6859.387578006717
0.20006746068525955,6864.682594893164
0.20004873990198024,6869.981764204394
0.20003122482406951,6875.285089581698
0.20001514217858654,6880.592574670432
0.20000071869376054,6885.9042231193
0.1999881810675408,6891.220038581256
0.1999777560098089,6896.540024712314
0.19996967019804038,6901.864185172679
0.1999641503029435,6907.192523626252
0.19996142298831338,6912.525043740507
0.19996171490536763,6917.8617491865425
0.19996525267603404,6923.20264363977
0.19997226293883447,6928.54773077851
0.19998297228798617,6933.89701428564
0.19999760733401636,6939.250497847008
0.20001639464286103,6944.608185153075
0.20003956079280055,6949.970079897481
0.20006731231246877,6955.33618577745
0.20009945546216973,6960.706506494824
0.20013507618110835,6966.081045754301
0.2001729082617432,6971.459807264951
0.2002116735775113,6976.842794739361
0.20025009406663,6982.230011893947
0.2002868917365867,6987.621462448922
0.200320788661252,6993.017150128442
0.2003505069945921,6998.417078660195
0.20037476895118944,7003.821251775966
0.20039229682733029,7009.229673211128
0.20040181299258883,7014.642346704769
0.20040203987771574,7020.059276000218
0.2003917000012663,7025.4804648443505
0.20036951595933622,7030.905916987698
0.20033421041345192,7036.335636184919
0.20028450610428714,7041.769626194582
0.2002191258653674,7047.2078907786
0.20013679258516093,7052.6504337034
0.20003623367963475,7058.097258738637
0.19991665855222504,7063.548369657963
0.19977865192158129,7069.003770239648
0.1996237954473763,7074.46346426436
0.19945376978513948,7079.927455518171
0.19927025554722114,7085.3957477897375
0.1990749332117337,7090.8683448726515
0.1988694831930722,7096.345250563603
0.19865558578950906,7101.826468663643
0.19843492121511605,7107.312002977384
0.19820916958039772,7112.801857313409
0.19798001088580186,7118.296035484647
0.19774912505530223,7123.794541307254
0.19751819189885422,7129.2973786014645
0.19728889111504708,7134.804551191804
0.19706290231186033,7140.316062906433
0.19684190499285803,7145.831917577336
0.1966275785470887,7151.352119040694
0.19642160226976915,7156.876671136239
0.196225655334082,7162.405577708041
0.19604123466545198,7167.938842603933
0.19586888369151387,7173.476469675712
0.19570817047292477,7179.018462778815
0.19555845898198684,7184.5648257731955
0.19541911324206535,7190.115562522376
0.19528949730409095,7195.670676894073
0.19516897526673999,7201.230172759603
0.19505691125347294,7206.794053994592
0.19495266942911163,7212.362324478633
0.1948556140020192,7217.934988095124
0.19476510921911197,7223.51204873134
0.1946805193555122,7229.093510278903
0.19460120873466244,7234.679376633246
0.19452654172154799,7240.269651693673
0.1944558827087809,7245.864339363923
0.19438859615278517,7251.463443551
0.19432404652410276,7257.066968166657
0.1942615983525117,7262.674917126258
0.1942006162041721,7268.2872943492575
0.19414048463054806,7273.904103759214
0.19408081390026524,7279.525349283535
0.19402154130765412,7285.151034853944
0.19396272700485964,7290.781164406125
0.1939044327131435,7296.415741879418
0.19384672013150572,7302.054771217727
0.19378965096875514,7307.698256368643
0.1937332869149407,7313.3462012842865
0.19367768967695947,7318.998609920158
0.19362292093574757,7324.6554862363955
0.19356904238187891,7330.31683419685
0.1935161156888098,7335.982657769833
0.19346420253954538,7341.652960927318
0.19341336460168032,7347.327747645629
0.19336366354693452,7353.007021904885
0.1933151610279923,7358.690787689775
0.19326791870514232,7364.379048988797
0.19322199823733818,7370.071809794292
0.193177461257286,7375.769074103437
0.19313436650934726,7381.470845916612
0.19309266853144794,7387.177129239255
0.193052095662239,7392.887928079983
0.19301224352765375,7398.603246452401
0.19297270008519385,7404.323088373492
0.19293305329935007,7410.0474578650255
0.19289289118090355,7415.776358952524
0.1928518017641148,7421.509795665807
0.19280937312117039,7427.247772038589
0.1927651933411658,7432.990292109206
0.19271885056049953,7438.7373599197135
0.19266993293477017,7444.488979516671
0.19261802866384087,7450.245154950415
0.19256272596552487,7456.00589027587
0.19250361310063976,7461.7711895518905
0.19244027835555713,7467.5410568417155
0.19237231005661892,7473.315496212566
0.19229929656507833,7479.09451173567
0.19222082625614817,7484.878107487169
0.1921364878348781,7490.666287546481
0.19204601656963627,7496.459055998188
0.19194968260276926,7502.25641693037
0.19184820835533653,7508.058374435401
0.19174237996197152,7513.864932610384
0.19163298351878819,7519.676095556013
0.1915208050458642,7525.491867377612
0.19140663050966522,7531.312252184585
0.19129124581198567,7537.137254090685
0.19117543679473947,7542.966877213883
0.19105998923770948,7548.8011256764
0.19094568886332153,7554.640003604483
0.19083332132035366,7560.4835151289535
0.190723672195748,7566.331664384983
0.1906175270246254,7572.184455511559
0.19051567126349964,7578.04189265232
0.19041889031082532,7583.903979955028
0.19032796949774428,7589.7707215717555
0.19024369408235714,7595.642121659192
0.19016684927545913,7601.51818437765
0.19009811936136667,7607.39891389225
0.1900374668452033,7613.28431437224
0.18998399723059228,7619.174389991442
0.18993657953581672,7625.069144927507
0.18989408239801647,7630.968583362794
0.18985537455513415,7636.872709483735
0.18981932482568178,7642.78152748156
0.1897848021425849,7648.69504155113
0.1897506755120299,7654.613255892242
0.1897158140455603,7660.536174708821
0.18967908695031588,7666.463802209093
0.18963936352973546,7672.396142605584
0.1895955131772932,7678.333200115453
0.18954640538940026,7684.274978960145
0.1894909097713236,7690.221483364983
0.18942789600306978,7696.1727175604865
0.18935623388709333,7702.128685780933
0.18927479331418534,7708.089392265279
0.1891824442833159,7714.054841256659
0.18907809643735232,7720.025037002986
0.18896134812936502,7725.99998375622
0.18883297740484417,7731.979685772645
0.18869430840970378,7737.964147313422
0.1885466807594437,7743.953372643662
0.1883914339449424,7749.9473660331805
0.1882299073454956,7755.946131756153
0.18806344022624152,7761.949674091113
0.18789337173732149,7767.957997320893
0.1877210408975246,7773.971105733317
0.18754778662451965,7779.989003620164
0.18737494771157587,7786.011695277688
0.18720386282847395,7792.039185006719
0.18703587052240925,7798.07147711268
0.1868723092257463,7804.108575905249
0.18671451724487073,7810.150485698628
0.18656383275766297,7816.197210811748
0.1864215938366491,7822.248755567278
0.18628913839678962,7828.305124293509
0.18616779913480588,7834.366321322093
0.18605849453206402,7840.432350990208
0.1859610339811694,7846.503217638447
0.18587445805851674,7852.578925613036
0.18579773875420547,7858.659479264012
0.18572984814291463,7864.74488294599
0.1856697583896687,7870.83514101814
0.18561644174707126,7876.930257844415
0.18556887056276292,7883.030237793386
0.18552601729878593,7889.135085237271
0.18548685447771796,7895.2448045539495
0.1854503547412214,7901.359400125248
0.18541549081831926,7907.478876337738
0.18538123553965197,7913.603237582356
0.18534656182280004,7919.732488255004
0.18531044270184213,7925.866632755455
0.18527185128546264,7932.005675488841
0.18522976079161368,7938.149620864771
0.18518314455493598,7944.298473296656
0.18513097598193537,7950.452237203426
0.18507235082142956,7956.610917008221
0.1850069538090982,7962.774517138326
0.18493504769895844,7968.943042027003
0.1848570066262873,7975.116496110622
0.18477320466511524,7981.294883830805
0.18468401585516966,7987.47820963396
0.1845898142084177,7993.66647797097
0.1844909736969696,7999.85969329754
0.18438786827654477,8006.057860073203
0.18428087183546477,8012.260982763244
0.18417035824689704,8018.469065837149
0.18405670135336494,8024.682113768692
0.18394027494287513,8030.900131036963
0.18382145278078732,8037.123122125386
0.1837006085994277,8043.351091521765
0.18357811607595334,8049.584043719309
0.18345434886920803,8055.821983215363
0.1833296806026099,8062.06491451165
0.18320448483198656,8068.312842115848
0.18307912276849678,8074.56577053911
0.18295383011339536,8080.823704297578
0.18282866869945213,8087.08664791254
0.18270363905899994,8093.354605909601
0.18257874113980868,8099.6275828190865
0.18245397488123308,8105.905583176431
0.18232934023597913,8112.18861152134
0.18220483715167665,8118.476672398288
0.18208046556421925,8124.769770357044
0.18195622542783776,8131.067909951522
0.18183211668335741,8137.371095740802
0.18170813927990367,8143.6793322884605
0.18158429316821356,8149.99262416264
0.1814605782806651,8156.310975937045
0.18133699457623054,8162.634392189223
0.18121354198887957,8168.962877502353
0.18109022047913567,8175.296436463418
0.180967029974254,8181.635073665413
0.18084397043134032,8187.978793705208
0.18072104179748277,8194.327601184596
0.18059824400813237,8200.681500710733
0.18047557702023231,8207.04049689481
0.1803530407691567,8213.404594353568
0.18023063520843705,8219.773797707967
0.18010836027337837,8226.148111584473
0.17998621592236638,8232.52754061352
0.179864202088977,8238.91208943123
0.17974231871830765,8245.301762678373
0.17962056576858282,8251.69656499988
0.17949894316833356,8258.096501046653
0.17937745087568563,8264.501575473467
0.17925608882568556,8270.91179294074
0.17913485696813908,8277.327158113327
0.17901375525115484,8283.747675660874
0.17889278361131333,8290.173350258425
0.17877194199827984,8296.604186585515
0.17865123035675226,8303.040189326659
0.17853064863138599,8309.48136317129
0.17841019676352335,8315.92771281393
0.17828987470100732,8322.379242953783
0.17816968238836442,8328.83595829504
0.17804961977170902,8335.297863546737
0.17792968678895768,8341.764963423226
0.17780988339266338,8348.237262643252
0.1776902095174069,8354.71476593118
0.17757066511890185,8361.197478015529
0.17745125013327961,8367.685403630441
0.17733196451127164,8374.178547514508
0.17721280818569274,8380.676914412048
0.17709378111367916,8387.180509071428
0.17697488323121496,8393.689336246684
0.17685611448722424,8400.203400696435
0.17673747482409952,8406.722707184454
0.17661896417934217,8413.247260479864
0.17650058250821146,8419.777065356042
0.17638232974650836,8426.312126592027
0.17626420584131394,8432.852448971564
0.17614621073481815,8439.398037283558
0.1760283443740095,8445.94889632174
0.17591060669777128,8452.505030885211
0.1757929976546168,8459.066445777757
0.17567551718496,8465.633145808464
0.17555816523079007,8472.20513579153
0.1754409417404846,8478.78242054589
0.1753238466543381,8485.365004895826
0.175206879922238,8491.95289367027
0.17509004147317317,8498.546091704162
0.17497333126336231,8505.14460383654
0.17485674923293945,8511.748434911942
0.1747402953252049,8518.357589779953
0.17462396948181869,8524.972073295337
0.1745077716428069,8531.591890318134
0.17439170176252924,8538.21704571279
0.1742757597729395,8544.847544349715
0.17415994562032888,8551.48339110407
0.17404425925253106,8558.12459085591
0.17392870060618115,8564.771148490905
0.17381326962584517,8571.42306889964
0.1736979662592228,8578.080356977618
0.17358279043966163,8584.74301762613
0.17346774211795712,8591.411055750992
0.17335282123849535,8598.084476263248
0.17323802773293534,8604.763284079792
0.17312336155668806,8611.447484121742
0.17300882264609135,8618.137081316017
0.17289441094220612,8624.832080594706
0.17278012639396045,8631.532486894685
0.1726659689391654,8638.23830515844
0.172551938518762,8644.949540333666
0.17243803507838776,8651.666197373062
0.1723242585604774,8658.38828123461
0.17221060890900003,8665.115796881424
0.17209708605685953,8671.848749282444
0.17198368996369096,8678.587143410648
0.17187042055288018,8685.330984245706
0.1717572777792473,8692.080276771434
0.17164426158183624,8698.835025977347
0.17153137189965934,8705.595236858331
0.1714186086795367,8712.360914414225
0.17130597186040097,8719.13206365041
0.17119346138584976,8725.908689577398
0.17108107719474283,8732.690797211217
0.17096881923372587,8739.478391572837
0.1708566874415785,8746.271477688828
0.1707446817648565,8753.070060590711
0.17063280213445875,8759.874145316076
0.1705210485062222,8766.68373690678
0.17040942080629973,8773.498840411212
0.17029791899198954,8780.31946088186
0.1701865430002787,8787.145603377132
0.17007529276501618,8793.977272961174
0.16996416823401786,8800.814474702938
0.16985316934883216,8807.65721367687
0.16974229605096727,8814.50549496278
0.16963154828344196,8821.35932364575
0.1695209259799331,8828.218704816747
0.16941042909113438,8835.083643571405
0.16930005755374597,8841.954145011212
0.16918981131062674,8848.830214242862
0.16907969030304718,8855.711856378497
0.16896969446760488,8862.599076535946
0.16885982375167324,8869.49187983797
0.1687500780948588,8876.390271412994
0.16864045743981526,8883.294256394727
0.1685309617199113,8890.203839922833
0.16842159088850595,8897.119027141494
0.16831234487120042,8904.039823201543
0.16820322362587628,8910.966233257905
0.16809422707961036,8917.89826247217
0.1679853551825011,8924.835916010546
0.16787660786617697,8931.779199045466
0.16776798508371205,8938.7281167539
0.1676594867651309,8945.682674319221
0.1675511128542253,8952.642876929884
0.16744286329321004,8959.608729779804
0.16733473802731433,8966.580238068165
0.16722673698338447,8973.557407000602
0.1671188601157441,8980.54024178713
0.16701110736033378,8987.528747643864
0.1669034786515435,8994.522929792733
0.16679597394202306,9001.522793460319
0.16668859316151372,9008.528343879663
0.1665813362534403,9015.53958628896
0.16647420315966,9022.556525931916
0.16636719382350615,9029.579168057642
0.16626030817460144,9036.607517921573
0.1661535461698709,9043.641580783424
0.16604690773128034,9050.681361910003
0.16594039280808143,9057.72686657276
0.16583400134492104,9064.778100048628
0.16572773327126303,9071.835067620934
0.16562158853621986,9078.897774577792
0.16551556707221868,9085.966226213624
0.16540966882828056,9093.040427827738
0.1653038937367642,9100.120384725733
0.16519824173755104,9107.2061022187
0.16509271277651225,9114.297585622982
0.1649873067859111,9121.394840261182
0.1648820237115381,9128.497871461015
0.16477686348860157,9135.606684556285
0.16467182606731534,9142.721284885683
0.1645669113692878,9149.841677794971
0.16446211934916094,9156.96786863424
0.16435744994049847,9164.099862759975
0.1642529030813397,9171.23766553434
0.1641484787156827,9178.381282324865
0.16404417678148775,9185.530718504993
0.16393999721668154,9192.685979453954
0.16383593996065243,9199.847070556661
0.163732004957234,9207.01399720347
0.16362819213528015,9214.186764791262
0.1635245014475067,9221.365378721544
0.16342093282121053,9228.549844402663
0.1633174862060325,9235.740167247764
0.16321416153070278,9242.936352676688
0.16311095874477433,9250.13840611412
0.1630078777813781,9257.346332991154
0.16290491857659556,9264.560138744726
0.1628020810753898,9271.77982881712
0.16269936521525116,9279.005408656634
0.16259677093511965,9286.236883717353
0.16249429816945246,9293.474259459463
0.1623919468660115,9300.71754134828
0.162289716953257,9307.96673485584
0.1621876083803479,9315.221845459086
0.16208562108011923,9322.48287864143
0.16198375498833947,9329.749839892202
0.1618820100466533,9337.022734706312
0.16178038620256174,9344.301568584018
0.16167888338139283,9351.586347032524
0.1615775015246783,9358.877075564422
0.16147624057979562,9366.173759697649
0.16137510047052192,9373.476404957237
0.16127408115151265,9380.785016872676
0.16117318254942736,9388.099600980524
0.161072404602668,9395.42016282299
0.16097174725987118,9402.746707947495
0.16087121044908076,9410.079241908321
0.16077079411445158,9417.417770265049
0.16067049818983561,9424.762298583624
0.1605703226163781,9432.112832435649
0.16047026733371844,9439.469377398635
0.16037033227707118,9446.831939056294
0.16027051738454384,9454.20052299823
0.16017082259420834,9461.575134820034
0.16007124784410087,9468.955780123264
0.15997179307805295,9476.342464515072
0.15987245822527715,9483.735193609342
0.1597732432251643,9491.133973025655
0.1596741480228856,9498.538808389138
0.15957517254611034,9505.949705331797
0.15947631674429297,9513.366669490631
0.15937758054213952,9520.78970650984
0.1592789638904722,9528.218822038454
0.15918046671394256,9535.654021732762
0.15908208896328555,9543.095311253886
0.1589838305645483,9550.542696270124
0.15888569146113823,9557.996182455166
0.15878767159207505,9565.455775488812
0.15868977089344855,9572.921481057074
0.15859198930131704,9580.393304852121
0.15849432675026476,9587.87125257239
0.1583967831849453,9595.355329921844
0.1582993585398677,9602.845542610921
0.15820205275239496,9610.341896356123
0.15810486575553692,9617.844396880373
0.15800779749235047,9625.353049912217
0.15791084789721588,9632.867861186678
0.15781401690879662,9640.388836444767
0.15771730446428261,9647.915981433667
0.1576207105022637,9655.449301906632
0.15752423495125314,9662.988803623728
0.15742787775838285,9670.534492350274
0.15733163886069854,9678.086373858014
0.15723551818662407,9685.644453925497
0.15713951568173573,9693.208738336645
0.15704363127725873,9700.779232882212
0.15694786491154042,9708.35594335891
0.15685221652574638,9715.938875569416
0.1567566860495845,9723.52803532323
0.15666127342700278,9731.123428435416
0.15656597858764967,9738.725060727968
0.15647080147539572,9746.332938028423
0.15637574201983087,9753.947066171293
0.1562808001633266,9761.567450996743
0.156185975842522,9769.194098351367
0.15609126899118192,9776.827014088229
0.1559966795430448,9784.466204066834
0.155902207441751,9792.11167415238
0.15580785261529756,9799.763430217175
0.1557136150143323,9807.421478138582
0.1556194945568768,9815.085823801983
0.15552549119491643,9822.756473097485
0.1554316048563304,9830.433431922538
0.15533783547887603,9838.116706180623
0.1552441830016849,9845.806301781386
0.15515064735538295,9853.502224641315
0.15505722848608733,9861.2044806824
0.15496392631449143,9868.913075834385
0.1548707407950938,9876.628016031653
0.15477767185135138,9884.349307216364
0.154684719419378,9892.076955336766
0.15459188344509345,9899.810966346759
0.15449916385609874,9907.551346207538
0.15440656058980942,9915.298100886394
0.15431407358079938,9923.051236357183
0.15422170276922056,9930.810758599837
0.15412944809237933,9938.576673600739
0.15403730948054503,9946.348987353154
0.15394528686956496,9954.127705856685
0.15385338019665296,9961.912835117273
0.1537615894031784,9969.704381146952
0.15366991441370503,9977.502349965212
0.15357835517651958,9985.306747596804
0.15348691162031602,9993.117580073806
0.1533955836765621,10000.934853434952
0.1533043712878483,10008.758573724836
0.1532132743925377,10016.58874699454
0.15312229291504253,10024.425379302585
0.15303142680201567,10032.268476712903
0.15294067598059763,10040.118045296866
0.15285004039180364,10047.974091131775
0.1527595199696639,10055.836620301725
0.1526691146481802,10063.705638897443
0.15257882436132553,10071.581153016306
0.15248864904720028,10079.46316876202
0.152398588643865,10087.351692244722
0.15230864308104158,10095.24672958166
0.15221881229534692,10103.148286896423
0.15212909622336185,10111.056370319147
0.15203949480025145,10118.970985986616
0.15195000796114932,10126.892140042244
0.1518606356370199,10134.819838636395
0.15177137776983163,10142.754087925443
0.15168223429048677,10150.694894072902
0.1515932051353709,10158.64226324873
0.15150429023670797,10166.59620162981
0.1514154895335711,10174.556715399296
0.15132680295812365,10182.523810747352
0.15123823044799475,10190.497493870542
0.15114977193391538,10198.477770972524
0.15106142734933825,10206.464648263665
0.1509731966386508,10214.458131960248
0.15088507972975218,10222.458228286076
0.15079707655600139,10230.464943471608
0.15070918705620065,10238.47828375368
0.15062141115544253,10246.498255376744
0.15053374880886494,10254.524864590123
0.15044619992920363,10262.558117652181
0.15035876446468915,10270.598020826394
0.15027144233894654,10278.644580384242
0.15018423349603527,10286.697802602946
0.1500971378717895,10294.757693766653
0.15001015539112295,10302.824260167134
0.14992328598982263,10310.897508102593
0.14983652961451494,10318.97744387711
0.14974988618459842,10327.064073803125
0.1496633556411983,10335.157404198966
0.1495769379213224,10343.257441389764
0.14949063295109474,10351.364191708239
0.14940444067288902,10359.477661493092
0.14931836101819598,10367.597857090328
0.1492323939184823,10375.72478485298
0.14914653930924826,10383.858451140786
0.14906079712596074,10391.998862320295
0.1489751673054043,10400.146024764781
0.14888964977622698,10408.299944854942
0.14880424447245627,10416.460628978246
0.14871895133483157,10424.628083528538
0.14863377028652863,10432.802314907658
0.14854870127361183,10440.983329523115
0.1484637442205544,10449.171133790464
0.14837889906392715,10457.365734131738
0.1482941657402643,10465.567136975806
0.1482095441806904,10473.77534875879
0.14812503432167742,10481.990375923519
0.1480406360916111,10490.212224920324
0.14795634943092795,10498.440902205837
0.14787217426661903,10506.67641424444
0.14778811054039254,10514.918767506686
0.14770415817517132,10523.167968471262
0.1476203171152756,10531.424023622709
0.14753658729160263,10539.686939453128
0.14745296863101967,10547.956722462155
0.14736946107506665,10556.23337915564
0.14728606454788948,10564.516916047498
0.14720277899629605,10572.80733965735
0.14711960434304575,10581.104656513173
0.14703654052687673,10589.408873149285
0.1469535874758371,10597.71999610771
0.14687074513126053,10606.03803193677
0.14678801341715084,10614.362987192906
0.14670539227610563,10622.694868438643
0.1466228816334108,10631.03368224459
0.14654048142628426,10639.37943518793
0.14645819158925388,10647.732133853002
0.14637601205018916,10656.091784831808
0.14629394274886423,10664.458394722797
0.14621198361309598,10672.83197013224
0.14613013457862226,10681.212517673235
0.14604839557982408,10689.60004396602
0.1459667665470876,10697.994555638317
0.1458852474120969,10706.396059325107
0.14580383810915068,10714.804561668432
0.14572253857383488,10723.220069317387
0.1456413487390646,10731.642588928384
0.14556026853245838,10740.072127165531
0.14547929789346684,10748.508690699491
0.14539843675097164,10756.952286208714
0.14531768503383627,10765.402920379169
0.14523704268536003,10773.860599903064
0.14515650962909005,10782.325331481024
0.1450760858043179,10790.797121820133
0.14499577113586237,10799.275977635663
0.14491556556426466,10807.761905649295
0.1448354690208484,10816.254912590382
0.14475548143167516,10824.755005196148
0.1446756027371895,10833.262190210291
0.1445958328634031,10841.776474384666
0.14451617175200013,10850.297864477498
0.14443661932371618,10858.82636725569
0.1443571755214796,10867.361989492267
0.14427784026859677,10875.904737968754
0.14419861350792654,10884.454619472883
0.14411949516142628,10893.011640801042
0.14404048516667906,10901.575808756254
0.14396158345602172,10910.147130149126
0.14388278996436524,10918.725611797476
0.14380410461618803,10927.311260527338
0.14372552735025163,10935.904083171392
0.14364705809748365,10944.504086570088
0.14356869678749049,10953.111277571543
0.1434904433576396,10961.725663030818
0.14341229773229774,10970.347249811315
0.14333425985395867,10978.976044782772
0.14325632964435125,10987.612054823681
0.14317850704202106,10996.25528681916
0.14310079197771466,11004.905747662162
0.14302318438215467,11013.563444253257
0.142945684187331,11022.228383500522
0.1428682913264988,11030.900572319475
0.14279100573288359,11039.580017633112
0.14271382733194563,11048.266726372633
0.14263675606330745,11056.960705475929
0.14255979185753334,11065.661961888816
0.14248293464130346,11074.370502565162
0.14240618435157282,11083.086334465803
0.14232954091626054,11091.809464559712
0.14225300427097703,11100.53989982302
0.1421765743448778,11109.277647239847
0.14210025107223154,11118.022713801642
0.14202403437957922,11126.775106508067
0.1419479242037022,11135.534832365824
0.1418719204736586,11144.30189838967
0.1417960231223268,11153.076311601864
0.1417202320825565,11161.85807903227
0.14164454727821807,11170.647207719205
0.14156896865234334,11179.44370470741
0.14149349612875367,11188.24757705039
0.1414181296440268,11197.058831808685
0.14134286912067073,11205.877476051566
0.14126771449903852,11214.703516854945
0.14119266570669423,11223.536961303114
0.1411177226775536,11232.377816487791
0.14104288533659126,11241.226089509144
0.1409681536265794,11250.08178747385
0.14089352746735634,11258.944917497824
0.1408190067940078,11267.81548670407
0.14074459154031538,11276.69350222328
0.14067028163749115,11285.57897119406
0.14059607701038218,11294.471900763443
0.14052197760030322,11303.372298085154
0.1404479833244495,11312.280170322414
0.14037409412914528,11321.195524644416
0.14030030993914308,11330.118368229312
0.14022663067918514,11339.048708263545
0.14015305629169905,11347.986551940154
0.14007958670011303,11356.931906461177
0.1400062218366852,11365.884779036187
0.13993296162986185,11374.84517688298
0.13985980602067988,11383.813107226211
0.1397867549299636,11392.788577299787
0.1397138082936523,11401.771594344747
0.13964096603505988,11410.76216561098
0.13956822809510644,11419.760298355133
0.13949559440209197,11428.765999842397
0.13942306488052736,11437.779277346483
0.13935063946998488,11446.800138148035
0.13927831809367472,11455.828589536737
0.139206100686091,11464.86463880967
0.13913398718169526,11473.908293271697
0.13906197749862606,11482.959560237072
0.1389900715825792,11492.01844702621
0.13891826935290705,11501.084960969185
0.13884657075023005,11510.159109402786
0.13877497569136765,11519.240899673558
0.138703484124385,11528.33033913395
0.13863209596356593,11537.4274351467
0.13856081114941746,11546.532195081121
0.13848962960867886,11555.644626315341
0.138418551271815,11564.764736235498
0.13834757607051285,11573.892532235735
0.13827670393643313,11583.028021718264
0.13820593479498725,11592.171212093985
0.1381352685827696,11601.322110781184
0.13806470522639203,11610.480725206897
0.13799424465369411,11619.64706280647
0.13792388680243167,11628.821131022625
0.13785363159542757,11638.002937307272
0.137783478969143,11647.192489119676
0.13771342884760523,11656.389793928149
0.13764348116474392,11665.594859208668
0.13757363585321933,11674.807692445322
0.13750389283823805,11684.028301131042
0.1374342520499421,11693.256692766861
0.13736471342092352,11702.492874861831
0.13729527688498122,11711.736854933013
0.13722594236230012,11720.988640506868
0.13715670979404473,11730.248239116729
0.13708757909913066,11739.515658305725
0.13701855021743206,11748.79090562395
0.13694962307399372,11758.073988630662
0.13688079759631244,11767.364914893555
0.13681207372171295,11776.663691987838
0.13674345137149127,11785.970327498228
0.1366749304853801,11795.284829016508
0.13660651098218138,11804.607204144328
0.13653819280280222,11813.937460490219
0.1364699758660123,11823.275605672628
0.1364018601126629,11832.621647316926
0.13633384546394314,11841.975593058156
0.13626593185084138,11851.33745053939
0.13619811920922026,11860.707227411556
0.1361304074602195,11870.084931335135
0.13606279654332412,11879.470569977782
0.13599528637719321,11888.864151017102
0.1359278769012595,11898.265682137797
0.13586056804025856,11907.675171033916
0.1357933597225762,11917.092625407982
0.1357262518802388,11926.518052970743
0.13565924444158856,11935.951461441688
0.13559233734347864,11945.392858548046
0.1355255304983677,11954.84225202764
0.13545882385281074,11964.299649624476
0.1353922173265413,11973.765059092746
0.13532571085266748,11983.23848819451
0.13525930436305225,11992.719944700297
0.13519299778224558,12002.209436389836
0.13512679104085604,12011.706971051168
0.13506068406946795,12021.212556480892
0.13499467679621732,12030.726200484398
0.1349287691528573,12040.247910875441
0.13486296106627,12049.777695476767
0.1347972524645323,12059.315562119837
0.1347316432817524,12068.861518644238
0.1346661334399147,12078.415572899194
0.1346007228779189,12087.977732741332
0.13453541151650417,12097.548006037247
0.1344701992848576,12107.12640066196
0.1344050861242124,12116.71292449792
0.13434007194801814,12126.307585438444
0.13427515669263818,12135.910391384263
0.13421034028476259,12145.52135024539
0.13414562266310667,12155.140469939499
0.13408100374107343,12164.767758395072
0.1340164834585392,12174.403223547673
0.13395206174211452,12184.046873342311
0.13388773851839433,12193.698715732997
0.1338235137211627,12203.35875868196
0.1337593872745733,12213.027010160971
0.13369535910756744,12222.703478150474
0.13363142915506024,12232.38817063913
0.1335675973375567,12242.0810956256
0.1335038635935222,12251.782261116085
0.13344022784103438,12261.491675127203
0.13337669001611846,12271.209345683304
0.13331325004759012,12280.93528081792
0.13324990786185645,12290.669488573769
0.13318666338769813,12300.411977002426
0.13312351655387544,12310.16275416441
0.1330604672915161,12319.921828128949
0.13299751552695363,12329.68920697459
0.13293466118889016,12339.46489878877
0.13287190420719935,12349.248911667804
0.13280924450935272,12359.041253717172
0.13274668202399434,12368.841933051339
0.1326842166845066,12378.650957793268
0.13262184841354394,12388.468336075795
0.13255957713731795,12398.29407604085
0.132497402793902,12408.128185838279
0.13243532530234053,12417.970673628417
0.13237334460065758,12427.821547579268
0.132311460606684,12437.680815869473
0.13224967325721282,12447.54848668546
0.1321879824771582,12457.424568223476
0.13212638819615755,12467.309068688637
0.13206489034264335,12477.201996295238
0.13200348884266475,12487.103359266994
0.1319421836258031,12497.013165836557
0.1318809746239812,12506.93142424541
0.1318198617620115,12516.858142744737
0.13175884496705503,12526.79332959493
0.1316979241721548,12536.73699306501
0.13163709929971593,12546.689141434052
0.13157637028274066,12556.649782989618
0.13151573704713856,12566.618926028956
0.13145519952115925,12576.596578858465
0.13139475763538655,12586.582749793559
0.13133441131685408,12596.577447159136
0.13127416049140506,12606.580679289618
0.13121400508839257,12616.592454528489
0.1311539450383235,12626.61278122833
0.1310939802669886,12636.641667751403
0.1310341107048559,12646.679122468935
0.13097433627768262,12656.725153761861
0.13091465691004145,12666.7797700208
0.13085507253820367,12676.842979644636
0.1307955830867027,12686.914791042374
0.13073618848240096,12696.995212632399
0.1306768886521458,12707.084252842593
0.13061768352627473,12717.181920109935
0.13055857303276722,12727.288222880918
0.13049955710075187,12737.403169611345
0.13044063565467143,12747.526768766915
0.13038180862362297,12757.659028822516
0.13032307593901413,12767.799958262149
0.1302644375229092,12777.949565580107
0.1302058933066816,12788.10785927956
0.1301474432193529,12798.274847873176
0.13008908718759885,12808.450539883317
0.13003082513575598,12818.63494384226
0.12997265699512175,12828.82806829126
0.12991458269232375,12839.02992178141
0.12985660215977987,12849.240512872777
0.12979871531712053,12859.459850136143
0.1297409221002074,12869.68794215061
0.12968322242980349,12879.92479750601
0.1296256162359368,12890.170424801256
0.12956810344861278,12900.424832644698
0.12951068399434446,12910.68802965455
0.12945335779963088,12920.960024458771
0.12939612479095666,12931.240825695078
0.12933898489941356,12941.530442010393
0.12928193805145075,12951.82888206161
0.12922498417465816,12962.136154515263
0.12916812319199372,12972.45226804816
0.12911135504024612,12982.777231345532
0.12905467964003395,12993.111053103552
0.12899809692003666,13003.453742027712
0.12894160680776423,13013.805306833321
0.12888520923301208,13024.165756245166
0.12882890412095396,13034.535098998203
0.12877269139905143,13044.913343837075
0.12871657099589917,13055.300499516105
0.1286605428389257,13065.696574799473
0.12860460685439526,13076.101578461326
0.12854876297085294,13086.515519285484
0.12849301111567973,13096.938406065648
0.12843735121394803,13107.370247605682
0.12838178319530177,13117.81105271895
0.12832630698707473,13128.2608302288
0.12827092251544014,13138.719588968628
0.12821562970999034,13149.187337781423
0.12816042849458062,13159.664085520602
0.1281053188010575,13170.149841048838
0.12805030054982006,13180.644613239783
0.1279953736749661,13191.148410975922
0.1279405381002948,13201.661243150433
0.12788579375187772,13212.183118666479
0.12783114056147377,13222.71404643661
0.12777657845170198,13233.254035384161
0.12772210735428635,13243.803094441719
0.12766772718954353,13254.361232552965
0.12761343789144178,13264.928458670496
0.12755923938141192,13275.504781757962
0.12750513159338475,13286.090210788007
0.12745111444876484,13296.684754744361
0.1273971878757669,13307.288422620473
0.12734335180031864,13317.9012234201
0.1272896061574111,13328.523166156087
0.12723595086272818,13339.154259853163
0.12718238584896246,13349.794513545037
0.12712891104424892,13360.443936275673
0.1270755263710451,13371.102537099834
0.12702223176425217,13381.770325081277
0.12696902714064162,13392.447309295592
0.12691591243621192,13403.133498827005
0.12686288757110833,13413.828902771216
0.1268099524756409,13424.53353023345
0.12675710707784074,13435.24739032918
0.126704351301209,13445.97049218464
0.12665168507713484,13456.70284493561
0.12659910832571064,13467.444457729222
0.12654662098167674,13478.195339721628
0.1264942229628498,13488.955500080767
0.12644191420618878,13499.724947983254
0.12638969463398994,13510.503692617036
0.1263375641696693,13521.291743180667
0.1262855227422579,13532.089108882637
0.12623357028076754,13542.895798941627
0.1261817067096993,13553.711822587098
0.12612993195803632,13564.537189058536
0.12607824594688932,13575.371907606663
0.1260266486130666,13586.215987491101
0.1259751398731669,13597.069437983653
0.12592371965611998,13607.932268365856
0.12587238789307706,13618.804487929243
0.1258211445095708,13629.686105976169
0.1257699894288854,13640.577131819875
0.1257189225776529,13651.477574783972
0.12566794388584565,13662.387444202164
0.1256170532789475,13673.306749418978
0.12556625068019775,13684.235499789891
0.12551553602399135,13695.173704679772
0.12546490922796047,13706.12137346558
0.12541437022423757,13717.078515533743
0.12536391893601503,13728.045140281984
0.12531355529427798,13739.021257117904
0.12526327922219438,13750.00687546038
0.12521309064515226,13761.002004738923
0.12516298949298005,13772.006654393224
0.12511297568881416,13783.020833874225
0.12506304916134228,13794.044552643118
0.12501320984034725,13805.077820171442
0.12496345764337678,13816.120645942785
0.12491379250241308,13827.173039450317
0.1248642143471971,13838.235010197763
0.1248147230952515,13849.306567700914
0.12476531868405664,13860.387721484476
0.12471600103000856,13871.478481085725
0.12466677006058324,13882.578856052174
0.12461762570988527,13893.688855941125
0.12456856789871547,13904.808490321808
0.12451959655229612,13915.937768774169
0.12447071160247196,13927.076700888221
0.12442191296559814,13938.225296266413
0.12437320057680934,13949.383564520442
0.12432457436238184,13960.55151527328
0.12427603424196024,13971.729158159696
0.12422758014511442,13982.916502824632
0.12417921200580685,13994.113558923058
0.12413092973703892,14005.320336123023
0.12408273327164825,14016.536844102042
0.12403462253584428,14027.763092548903
0.12398659745582538,14038.999091163365
0.1239386579577773,14050.244849656196
0.12389080396677582,14061.500377749313
0.12384303540898665,14072.765685175615
0.12379535221276035,14084.04078167873
0.12374775429874728,14095.325677014203
0.12370024160295937,14106.620380947032
0.12365281404273315,14117.924903254945
0.12360547154418104,14129.239253726373
0.12355821403997945,14140.563442159937
0.12351104145182819,14151.897478366296
0.12346395370689853,14163.241372166889
0.12341695072797083,14174.5951333948
0.12337003244547841,14185.958771893529
0.12332319878327518,14197.332297518256
0.12327644967067258,14208.715720134796
0.12322978502713398,14220.109049621224
0.12318320478741135,14231.512295865325
0.12313670886658383,14242.925468768035
0.1230902972015584,14254.348578239518
0.12304396971394589,14265.781634202307
0.12299772632317445,14277.224646590928
0.12295156696719486,14288.677625349206
0.12290549156323484,14300.140580434065
0.1228595000415902,14311.613521812711
0.12281359232492167,14323.09645946436
0.12276776834241132,14334.589403378948
0.12272202801670307,14346.092363558397
0.12267637127804185,14357.605350015236
0.12263079804796656,14369.128372774187
0.12258530825235649,14380.661441871194
0.12253990182142094,14392.204567352986
0.12249457867775917,14403.757759278396
0.12244933874830317,14415.3210277174
0.12240418195780575,14426.894382751632
0.12235910822884495,14438.477834474621
0.12231411749698917,14450.071392989841
0.12226920968262657,14461.675068413502
0.12222438470506333,14473.288870874
0.1221796425009105,14484.912810509419
0.12213498298837394,14496.54689747098
0.12209040609971022,14508.191141920182
0.12204591175203454,14519.845554031643
0.12200149987974043,14531.510143989923
0.12195717040316924,14543.184921992382
0.12191292325236942,14554.869898247114
0.1218687583455141,14566.56508297514
0.12182467561802217,14578.270486407382
0.12178067498697417,14589.98611878812
0.12173675638345446,14601.711990372136
0.12169291973314791,14613.448111426156
0.12164916495957795,14625.19449222893
0.1216054919873384,14636.951143070979
0.12156190074424089,14648.718074254197
0.1215183911559352,14660.495296092351
0.12147496314913689,14672.282818910791
0.12143161664411,14684.080653047513
0.12138835157506789,14695.888808850776
0.121345167856894,14707.707296682642
0.12130206542806925,14719.536126914601
0.12125904420239461,14731.375309932333
0.12121610411296493,14743.224856131703
0.12117324508107555,14755.08477592144
0.12113046703444232,14766.955079721633
0.12108776989755973,14778.835777964545
0.12104515359705437,14790.726881094135
0.12100261805954243,14802.628399566194
0.12096016320735656,14814.540343848992
0.12091778896709895,14826.462724422428
0.12087549526642888,14838.395551778129
0.12083328202872545,14850.338836420131
0.12079114917949754,14862.292588864373
0.12074909664531125,14874.256819638658
0.1207071243527232,14886.23153928272
0.12066523222295382,14898.216758349026
0.12062342018680691,14910.212487401124
0.12058168816336087,14922.21873701584
0.12054003608552864,14934.23551778069
0.12049846387450325,14946.262840296291
0.12045697145360452,14958.30071517551
0.12041555875571236,14970.349153042134
0.12037422569881429,14982.408164533588
0.12033297220939802,14994.477760298952
0.12029179821818735,15006.557950998744
0.1202507036442192,15018.648747306921
0.12020968841607858,15030.750159908848
0.12016875222127762,15042.862199502142
0.12012785576386158,15054.984876797353
0.12008683982951117,15067.118202516456
0.12004545382916644,15079.26218739407
0.12000343702958721,15091.41684217691
0.11996052876699313,15103.582177624856
0.11991646846412651,15115.758204509048
0.11987099561133382,15127.944933613722
0.11982384978573209,15140.142375734187
0.1197747706228034,15152.350541680113
0.11972349784928511,15164.569442272386
0.11966977126849684,15176.799088343862
0.11961333074781705,15189.039490741334
0.11955391624940397,15201.290660322147
0.11949126779552421,15213.55260795772
0.11942512549819788,15225.825344530745
0.1193552295351011,15238.108880937662
0.11928132017285292,15250.403228086263
0.11920313775135204,15262.708396896975
0.11912042268077272,15275.024398303778
0.11903296911911364,15287.351243251916
0.11894088075716816,15299.688942700326
0.1188445932387382,15312.037507619278
0.1187446182350998,15324.396948993119
0.11864146729587875,15336.767277817271
0.11853565180667305,15349.148505101328
0.11842768301910778,15361.54064186582
0.11831807201716896,15373.94369914586
0.11820732975138003,15386.357687987605
0.11809596701247525,15398.782619450609
0.11798449443949999,15411.218504607517
0.11787342252993861,15423.665354542554
0.1177632616166133,15436.123180354169
0.11765452189338323,15448.591993152357
0.11754771339827941,15461.071804060006
0.1174433460112076,15473.562624213662
0.11734192946611499,15486.06446476225
0.11724397334761348,15498.577336866907
0.11714998708350088,15511.101251701828
0.11706046168483632,15523.636220455388
0.11697565296825525,15536.182254326744
0.11689545777413096,15548.739364529642
0.11681962843718967,15561.307562289861
0.1167479148909029,15573.886858846421
0.11668006714599372,15586.47726545074
0.11661583527824236,15599.078793368171
0.11655496944707922,15611.691453875945
0.11649721987519703,15624.315258265371
0.11644233686917375,15636.950217839674
0.11639007079910688,15649.596343916186
0.1163401721171701,15662.253647824522
0.11629239134749422,15674.922140907325
0.116246479086295,15687.601834520554
0.11620218600506571,15700.29274003318
0.11615926284355155,15712.99486882829
0.11611746043436957,15725.708232299743
0.116076529662303,15738.432841856888
0.11603622150422345,15751.168708920484
0.11599628686115995,15763.91584492603
0.1159564705950872,15776.674261321154
0.11591650345176335,15789.443969566899
0.11587610746772978,15802.224981137202
0.11583500416408363,15815.017307520182
0.11579291515256,15827.820960216777
0.11574956213565628,15840.635950740058
0.11570466688237385,15853.462290618634
0.1156579512649471,15866.299991392627
0.11560913723559585,15879.149064615527
0.1155579468226155,15892.009521855463
0.11550410214878319,15904.881374693188
0.115447325427416,15917.76463472175
0.1153873389412273,15930.659313549511
0.11532386507084395,15943.565422797217
0.11525662628175755,15956.482974098875
0.1151853451214296,15969.41197910238
0.115109744227519,15982.352449468633
0.11502954631791062,15995.304396872803
0.11494447427625956,16008.267833002647
0.11485434783257949,16021.24276955982
0.11475937143062255,16034.229218259628
0.11466009077345989,16047.227190830516
0.11455710475703278,16060.236699015291
0.1144510121009356,16073.257754569757
0.11434241134308297,16086.290369262937
0.11423190083340545,16099.334554877954
0.1141200787385872,16112.39032321181
0.11400754304477455,16125.45768607486
0.11389489155527302,16138.536655290845
0.11378272188626488,16151.62724269746
0.11367163146753272,16164.729460146573
0.11356221755212986,16177.843319502736
0.11345507719915314,16190.9688326452
0.1133508072903835,16204.106011466065
0.11325000451408365,16217.254867872107
0.11315326537565201,16230.415413783847
0.11306118620128204,16243.5876611345
0.11297436311983616,16256.771621872329
0.11289333802409104,16269.96730795845
0.11281822186526604,16283.17473136928
0.11274858859016514,16296.393904093153
0.11268385137562682,16309.624838134023
0.11262342300058928,16322.867545508489
0.11256671641427302,16336.122038248408
0.1125131447591479,16349.3883283982
0.11246212134854199,16362.666428017455
0.11241305968958165,16375.956349178252
0.11236537345787476,16389.258103968277
0.11231847652043385,16402.571704488502
0.11227178292709324,16415.897162853696
0.11222470690489912,16429.23449119347
0.11217666287410705,16442.583701650277
0.11212706542685728,16455.944806382016
0.112075329349054,16469.317817559655
0.11202086960494143,16482.702747368894
0.11196310134621311,16496.099608009252
0.11190143990738859,16509.508411694667
0.11183531127746595,16522.929170653373
0.11176435514542425,16536.36189712686
0.11168859837724524,16549.806603372177
0.11160825853096976,16563.263301659754
0.11152355975555682,16576.732004274058
0.11143472612308432,16590.212723515044
0.11134198164619381,16603.705471695877
0.1112455502662718,16617.210261143908
0.1111456558494651,16630.727104201655
0.11104252219824727,16644.256013225386
0.11093637304158913,16657.797000586193
0.1108274320435866,16671.350078668926
0.11071592279462303,16684.915259873153
0.11060206881418215,16698.4925566132
0.11048609355846804,16712.081981316784
0.11036822040001591,16725.683546427997
0.1102486726604017,16739.297264402914
0.1101276735734782,16752.92314771399
0.1100054463065029,16766.561208848325
0.10988221429510563,16780.21146030539
0.10975823805255586,16793.87391460167
0.10963388508646801,16807.548584266704
0.10950960088201285,16821.235481845462
0.10938583867172365,16834.934619896983
0.10926305154227083,16848.646010994875
0.10914169243330064,16862.369667727617
0.10902221413818435,16876.105602698648
0.10890506930666057,16889.853828525967
0.10879071044556106,16903.61435784176
0.10867958991384001,16917.38720329288
0.10857215991763687,16931.172377542105
0.108468872527131,16944.969893265676
0.1083701796602047,16958.779763155108
0.10827653308792622,16972.601999916813
0.10818838443622589,16986.436616271792
0.10810618518190507,17000.2836249561
0.10803038665619893,17014.143038720427
0.10796144003985267,17028.014870330728
0.10789979637138748,17041.899132567014
0.10784583740095381,17055.795838225175
0.1077995785036306,17069.70500011524
0.1077606581272784,17083.626631062893
0.1077286350347492,17097.56074390826
0.10770306812712856,17111.507351506392
0.10768351644215453,17125.466466727932
0.10766953915911946,17139.438102458746
0.10766069561033148,17153.422271597614
0.10765654524848783,17167.418987061028
0.10765664768065288,17181.428261779387
0.10766056265251737,17195.450108698347
0.10766785005517017,17209.48454077795
0.10767806990936138,17223.531570995285
0.10769078239665415,17237.59121234002
0.10770554782399558,17251.66347781897
0.10772192664642792,17265.748380453893
0.10773947946541876,17279.845933281165
0.10775776702625282,17293.95614935184
0.1077763502051033,17308.079041734127
0.1077947900355014,17322.214623509855
0.1078126476879029,17336.362907776725
0.10782948447739726,17350.523907647654
0.1078448618610955,17364.69763625129
0.10785834144396446,17378.88410673114
0.10786948497339975,17393.08333224621
0.10787785434036619,17407.295325971078
0.10788301158335549,17421.520101095317
0.10788451888014117,17435.757670824794
0.1078819385620585,17450.00804837965
0.10787483309825303,17464.27124699638
0.10786276510714339,17478.54727992659
0.10784529735005446,17492.836160437848
0.1078219927379851,17507.13790181275
0.10779241432524461,17521.45251734976
0.10775612531621429,17535.78002036229
0.10771268905617658,17550.120424180117
0.10766166903714501,17564.473742148963
0.10760262890648242,17578.839987628933
0.10753514042240296,17593.219173996295
0.10745906836927421,17607.611314643334
0.10737491875588752,17622.01642297791
0.10728357615202185,17636.434512423777
0.10718594730840787,17650.865596419975
0.10708293867730956,17665.309688421083
0.10697545640745988,17679.766801898106
0.10686440634923819,17694.236950338076
0.10675069405981256,17708.720147242748
0.10663522478694361,17723.216406130978
0.10651890348804607,17737.725740536036
0.10640263480939,17752.248164008408
0.10628732309958708,17766.783690114324
0.10617387241192106,17781.332332434762
0.10606318648916567,17795.894104567582
0.10595616877241545,17810.46902012678
0.10585372240158587,17825.057092742227
0.10575675021774529,17839.65833605885
0.10566615474709382,17854.27276373922
0.10558283799829499,17868.90038946021
0.10550756439418452,17883.54122691651
0.10544059186336513,17898.19528981733
0.10538174750050373,17912.862591888734
0.10533079690875313,17927.54314687317
0.1052875057707729,17942.236968528727
0.10525163984152451,17956.944070630176
0.10522296495842388,17971.664466967402
0.1052012470259327,17986.398171347755
0.10518625203118176,18001.145197594138
0.10517774603312788,18015.905559546394
0.10517549517360605,18030.679271059696
0.10517926566740468,18045.466346005764
0.1051888238051093,18060.26679827281
0.10520393595138633,18075.08064176612
0.10522436855876463,18089.907890405513
0.10524988814038962,18104.74855812965
0.10528026130569193,18119.60265889082
0.10531525472310405,18134.470206660175
0.10535463515300021,18149.351215423394
0.10539810480174852,18164.24569918422
0.10544489728904426,18179.153671962304
0.10549368657541035,18194.0751477929
0.1055429908666603,18209.01014072891
0.10559132854098953,18223.95866484008
0.10563721849049919,18238.920734211002
0.10567918009992383,18253.89636294433
0.10571573326283595,18268.885565159242
0.10574539838048647,18283.888354991257
0.10576669636064061,18298.90474659243
0.10577814861732616,18313.934754131587
0.10577827707332725,18328.978391794022
0.10576560415535344,18344.035673782637
0.1057386528066023,18359.106614316006
0.10569594647551918,18374.191227629944
0.10563600912103686,18389.289527977176
0.1055573652141484,18404.401529627186
0.10545853973765028,18419.527246866273
0.10533805818771208,18434.66669399741
0.10519450689414502,18449.81988534031
0.10502754335027316,18464.986835231834
0.10483867228962224,18480.167558026107
0.10463025994868136,18495.362068094073
0.10440469699530368,18510.57037982302
0.10416437328062711,18525.792507617058
0.10391167782813357,18541.028465899377
0.10364899886317842,18556.2782691072
0.1033787237732493,18571.541931697346
0.10310323914011883,18586.819468141763
0.10282493071281802,18602.11089293111
0.1025461834253409,18617.41622057239
0.10226938138929977,18632.7354655893
0.10199690788580416,18648.06864252366
0.10173114537678885,18663.41576593365
0.10147447549072722,18678.77685039582
0.10122927903915037,18694.151910502253
0.10099793599540276,18709.54096086353
0.10078282550849692,18724.944016106856
0.10058631832798116,18740.361090877646
0.10041014825687465,18755.792199838197
0.1002543292823259,18771.237357667396
0.10011767587197938,18786.696579061972
0.09999889401279365,18802.16987873678
0.09989669014139675,18817.657271423195
0.09980977113687574,18833.15877187007
0.09973684431963849,18848.674394844333
0.09967661746059958,18864.204155129635
0.09962779877228153,18879.748067527704
0.09958909691455235,18895.306146857853
0.09955922099776957,18910.878407956312
0.09953688057647642,18926.46486567724
0.09952078565341077,18942.06553489255
0.09950964668007335,18957.68043049191
0.09950217456244285,18973.309567381526
0.09949708064609755,18988.952960487044
0.09949307673909208,19004.610624749894
0.0994888750885009,19020.282575131114
0.09948318840517495,19035.96882660757
0.09947488524663273,19051.669394175788
0.09946359225817614,19067.38429284817
0.09944968432472709,19083.113537656423
0.09943368207750382,19098.857143649715
0.09941610596880861,19114.61512589428
0.09939747626151918,19130.387499475284
0.09937831304256843,19146.17427949472
0.09935913620730198,19161.975481073965
0.09934046547723095,19177.791119350954
0.0993228203861056,19193.621209481884
0.09930672028226024,19209.46576664138
0.09929268433180928,19225.324806021927
0.09928123151585448,19241.198342834243
0.09927288063453363,19257.08639230646
0.09926815030166429,19272.988969684746
0.09926755894024884,19288.906090234697
0.09927162479677702,19304.837769238817
0.09928086593074488,19320.784021997606
0.09929580020845136,19336.74486383133
0.09931690287583957,19352.72031007592
0.09934421101415832,19368.710376087653
0.09937715093568757,19384.715077240995
0.09941493176501105,19400.734428927295
0.09945676074482894,19416.768446556634
0.0995018453941652,19432.817145558416
0.09954939351811837,19448.880541379884
0.099598613205647,19464.95864948584
0.09964871282134907,19481.051485360418
0.0996989010152201,19497.159064505722
0.09974838671871525,19513.281402442393
0.09979637914165708,19529.418514710556
0.09984208779144815,19545.570416865998
0.09988472243824072,19561.737124486335
0.09992349314959162,19577.918653166067
0.09995761027622091,19594.115018517914
0.09998628444547612,19610.326236174616
0.10000872658228564,19626.552321785257
0.10002414788114823,19642.793291020054
0.10003176880908207,19659.04915956682
0.10003108499899067,19675.319943130966
0.10002216193550405,19691.60565743869
0.10000538546820109,19707.906318233312
0.09998115790525752,19724.22194127748
0.09994988141193979,19740.55254235297
0.09991195801472358,19756.898137259806
0.09986778959682538,19773.258741816768
0.09981777789631864,19789.634371861983
0.09976232451024955,19806.02504325234
0.09970183089189237,19822.43077186381
0.09963669835485554,19838.85157359061
0.0995673280686242,19855.287464345718
0.09949412104900225,19871.738460063316
0.09941747818698081,19888.20457669337
0.09933780021184511,19904.685830207614
0.09925548772088094,19921.182236595152
0.09917094116298666,19937.69381186452
0.09908456083937343,19954.2205720442
0.09899674673111322,19970.762533180477
0.098907837744238,19987.31971134019
0.09881796368196623,20003.892122608173
0.09872708385971705,20020.479783088944
0.09863513541369189,20037.082708906608
0.09854205550839522,20053.70091620355
0.09844778132313528,20070.334421142987
0.09835225007232232,20086.983239905312
0.09825539897849088,20103.64738869296
0.09815716530520718,20120.326883724658
0.09805748632339574,20137.021741241
0.09795629933662856,20153.731977500793
0.09785354166852572,20170.457608782708
0.09774915066698824,20187.198651384788
0.09764306370505467,20203.955121624145
0.09753521817757624,20220.727035837554
0.09742555149791683,20237.514410382588
0.0973140011155057,20254.317261634038
0.09720050448999086,20271.135605988453
0.09708499911295583,20287.969459860804
0.09696746100667186,20304.818839685737
0.09684812118798086,20321.68376191805
0.0967275026411499,20338.56424303275
0.09660620382972708,20355.46029952261
0.0964848230656534,20372.371947901793
0.09636395844348603,20389.299204704337
0.0962442078426004,20406.242086483027
0.09612616891950784,20423.200609810563
0.0960104391051577,20440.174791280653
0.09589761561538195,20457.16464750607
0.09578829544569396,20474.170195118997
0.09568307536203535,20491.19145077326
0.09558255192182383,20508.228431140204
0.09548732144914032,20525.281152912867
0.09539798005003804,20542.349632803933
0.09531512360738463,20559.433887546358
0.09523934778387573,20576.53393389263
0.09517124801933584,20593.649788615025
0.09511141952559696,20610.781468506968
0.09506043058750134,20627.92899038193
0.09501843321417308,20645.092371071965
0.09498489544195055,20662.27162743112
0.09495898367445774,20679.466776333014
0.09493985733489543,20696.677834671813
0.0949266761602862,20713.904819360978
0.09491860019290352,20731.147747335017
0.09491478978548805,20748.406635549054
0.09491440560402606,20765.681500978208
0.09491660862647618,20782.972360617583
0.09492056013987521,20800.279231483073
0.09492542174230603,20817.602130611387
0.09493035534810637,20834.94107505885
0.09493452317768085,20852.296081903638
0.09493708777486101,20869.667168242264
0.09493721198537568,20887.054351193725
0.09493405897501939,20904.457647896692
0.09492679222027542,20921.877075511024
0.09491457551675746,20939.31265121617
0.09489657689284733,20956.764392214078
0.09487221758798316,20974.23231572462
0.09484156170839936,20991.716438990912
0.09480510184310424,21009.216779275524
0.09476336519679396,21026.733353862015
0.09471687877500594,21044.266180055638
0.09466616939763066,21061.815275180117
0.09461176367366234,21079.380656582733
0.09455418802681896,21096.96234162984
0.09449396867756986,21114.560347709707
0.09443163165501473,21132.174692230445
0.0943677027853902,21149.805392622067
0.09430270769749972,21167.452466336017
0.09423717183052742,21185.11593084296
0.09417162041774779,21202.79580363578
0.09410657849676386,21220.492102228214
0.09404257090287721,21238.204844156215
0.09398012228489416,21255.93404697421
0.0939197570768784,21273.679728260795
0.09386199951962211,21291.441905613407
0.0938072740936315,21309.220596651667
0.09375555759352279,21327.015819016502
0.09370640287040896,21344.827590370238
0.09365928696010808,21362.655928395292
0.09361368708631966,21380.500850797373
0.09356908068077152,21398.362375301618
0.0935249453658945,21416.240519655687
0.09348075896380288,21434.135301628645
0.09343599949888595,21452.046739009988
0.09339014518609126,21469.974849612358
0.09334267444862508,21487.91965126803
0.09329306590385199,21505.881161831287
0.09324079836352116,21523.859399179295
0.09318535084587533,21541.85438120967
0.09312620256871075,21559.866125841152
0.09306283294483987,21577.894651015056
0.09299472158943219,21595.939974694084
0.09292134831863413,21614.002114862433
0.09284219314740663,21632.0810895263
0.0927567862694527,21650.1769167131
0.09266512296146319,21668.289614473324
0.09256781884809731,21686.419200877266
0.09246569619929555,21704.565694018278
0.09235957843902144,21722.72911201228
0.09225028868521837,21740.909472995372
0.09213864973534495,21759.106795126496
0.09202548407389963,21777.321096586395
0.09191161386739814,21795.55239557872
0.0917978609757571,21813.80071032719
0.0916850469340069,21832.06605907925
0.09157399296757203,21850.34846010334
0.09146551998025645,21868.647931691165
0.0913604485663596,21886.96449215505
0.09125959899791483,21905.298159830352
0.09116379122826322,21923.648953075382
0.09107384490178182,21942.016890268707
0.09099057933498647,21960.401989813097
0.09091481353553947,21978.804270131717
0.09084735329680184,21997.22374967237
0.09078867046295963,22015.66044690222
0.09073858101484164,22034.114380314157
0.09069655040107027,22052.585568420254
0.09066202854036391,22071.074029757663
0.09063446557378377,22089.579782883477
0.09061331183957798,22108.102846380018
0.09059801789722874,22126.64323885023
0.0905880345146022,22145.200978919514
0.09058281266740303,22163.776085236485
0.0905818035424637,22182.368576472643
0.09058445853949759,22200.978471321985
0.09059022927208267,22219.605788500463
0.09059856756250359,22238.25054674717
0.09060892544580788,22256.91276482385
0.09062075516848703,22275.592461515236
0.09063350919022549,22294.289655628767
0.09064664018488539,22313.004365994202
0.09065960103381185,22331.736611465516
0.09067184514821448,22350.486410916994
0.09068288920982753,22369.253783249165
0.09069245187147729,22388.038747382234
0.09070040952446673,22406.841322261844
0.09070665726475015,22425.661526855103
0.09071109022521835,22444.49938015295
0.09071360358111431,22463.354901169463
0.09071409255391089,22482.22810894053
0.09071245239753478,22501.119022527222
0.09070857841759658,22520.027661011773
0.09070236595377781,22538.95404350103
0.09069371039215093,22557.89818912425
0.0906825071590809,22576.860117034095
0.09066865172356563,22595.83984640625
0.09065203959114389,22614.83739644123
0.0906325663215681,22633.852786360017
0.09061012750201418,22652.8860354099
0.09058461877241505,22671.93716285965
0.09055593580864295,22691.00618800259
0.09052397433403608,22710.093130154295
0.09048865206774773,22729.19800865561
0.09045001987789576,22748.320842868226
0.09040827481109397,22767.46165218056
0.09036364893688373,22786.620456002565
0.090316374245469,22805.79727376776
0.09026668263118785,22824.99212493466
0.09021480590539192,22844.205028983866
0.0901609757803438,22863.436005421536
0.0901054238874145,22882.685073775392
0.09004838175871352,22901.952253598472
0.08999008083766445,22921.23756446753
0.08993075247966648,22940.54102598237
0.0898706279444097,22959.86265776761
0.08980993840413994,22979.202479471074
0.08974891493976726,22998.560510764168
0.08968778853548218,23017.936771343662
0.08962679009002882,23037.33128092919
0.08956615040752572,23056.744059264878
0.08950610020191967,23076.175126118636
0.08944686318506048,23095.624501282262
0.08938856778404891,23115.09220457253
0.08933119313159449,23134.578255829616
0.08927465618801768,23154.082674917827
0.08921887272891278,23173.605481726983
0.08916375857214999,23193.14669616906
0.08910922955909799,23212.706338182346
0.08905520157270401,23232.284427727747
0.08900159052174575,23251.88098479216
0.08894831235588141,23271.49602938522
0.08889528305217183,23291.12958154216
0.08884241862187127,23310.781661322882
0.08878963511569149,23330.452288810142
0.08873684860961094,23350.141484112948
0.0886839752183816,23369.84926736395
0.08863093108882386,23389.57565872054
0.08857763239911712,23409.320678365497
0.08852399536629373,23429.084346504973
0.08846993623880368,23448.866683369928
0.08841537202961756,23468.66770921758
0.08836025720627236,23488.487444327933
0.08830463583329465,23508.32590900725
0.08824860899144345,23528.18312358579
0.08819228183955613,23548.059108419075
0.08813575949732251,23567.95388388668
0.08807914703708246,23587.86747039435
0.08802254949121052,23607.799888372698
0.08796607185576792,23627.751158275474
0.08790981907491466,23647.721300583544
0.08785389605420318,23667.71033580259
0.0877984076620036,23687.718284461745
0.08774345871542726,23707.745167117326
0.08768915399801323,23727.791004348757
0.0876355982405039,23747.855816763164
0.08758289614145442,23767.939624990737
0.08753115235391598,23788.042449686887
0.08748047148173099,23808.164311534278
0.08743095809494532,23828.30523123902
0.0873827166973704,23848.46522953353
0.08733580562291866,23868.644327175687
0.08729009156247067,23888.84254494743
0.08724526711309497,23909.059903657886
0.08720099636709629,23929.296424140965
0.08715694355193275,23949.5521272562
0.08711277303180609,23969.827033888436
0.08706814930851478,23990.121164947424
0.08702273701061566,24010.434541371378
0.08697620091913257,24030.76718412023
0.08692820593771237,24051.11911418243
0.08687841711175394,24071.4903525716
0.08682649962560018,24091.880920326323
0.08677211879755592,24112.290838511515
0.08671494008220489,24132.720128218356
0.0866546290756252,24153.16881056271
0.08659085150459912,24173.636906687963
0.08652327323982688,24194.124437762002
0.08645156028441826,24214.6314249798
0.08637537878418076,24235.157889561066
0.08629442294840718,24255.703852752908
0.08620862234196187,24276.269335827943
0.08611820708667041,24296.85436008421
0.08602350089341747,24317.458946847444
0.08592482779531957,24338.083117468388
0.08582251169220216,24358.726893324234
0.08571687635336762,24379.3902958182
0.08560824541316699,24400.073346380916
0.08549694238021695,24420.776066467974
0.0853832906279432,24441.4984775619
0.08526761339662921,24462.240601172365
0.08515023380186637,24483.002458833373
0.08503147481515556,24503.784072108603
0.08491165929089978,24524.585462584524
0.08479110993706368,24545.406651877463
0.08467014933926663,24566.24766162821
0.08454909994501841,24587.10851350543
0.08442828407424392,24607.989229203104
0.08430802390925006,24628.889830443048
0.08418864150028363,24649.810338974065
0.08407045877033276,24670.75077656997
0.08395379750091843,24691.711165033485
0.08383897934747273,24712.691526192575
0.083726325827964,24733.691881902967
0.08361615832910603,24754.712254046837
0.08350879810203758,24775.752664533946
0.08340456626919378,24796.81313529952
0.08330378381092414,24817.89368830809
0.08320677158212866,24838.99434554931
0.08311385029819172,24860.115129041154
0.08302534054600681,24881.25606082713
0.08294156277065642,24902.41716297996
0.0828628372898837,24923.598457597946
0.08278948428148783,24944.79996680806
0.08272182379498713,24966.02171276285
0.08266017573973605,24987.263717643444
0.08260485989311754,25008.52600365775
0.08255619589627869,25029.808593041438
0.08251450211915841,25051.111508058042
0.08247993890810783,25072.4347709965
0.08245219435016833,25093.778404175744
0.08243060343787438,25115.142429940817
0.0824144636156794,25136.526870664587
0.08240307261842976,25157.93174874755
0.08239572847092981,25179.357086618103
0.08239172948888142,25200.80290673249
0.08239037428257173,25222.269231573548
0.0823909617488725,25243.756083653003
0.08239279107699297,25265.26348551066
0.08239516175422786,25286.791459712105
0.08239737354901984,25308.340028853818
0.08239872653389456,25329.90921555725
0.08239852106508698,25351.49904247385
0.08239605779722456,25373.109532281807
0.0823906376732655,25394.740707688674
0.082381561934366,25416.392591428885
0.08236813211463034,25438.065206264728
0.08234965003861043,25459.758574987594
0.08232550396818217,25481.472720417052
0.08229556141149884,25503.207665400274
0.08226019467323702,25524.96343281339
0.08221988783553515,25546.74004555901
0.08217512477844782,25568.537526570522
0.08212638918526592,25590.355898809048
0.08207416454232942,25612.1951852622
0.082018934123809,25634.055408948872
0.0819611810120533,25655.93659291378
0.08190138807759795,25677.838760232717
0.0818400379974352,25699.76193400778
0.08177761324050867,25721.70613737072
0.08171459607164809,25743.671393482873
0.08165146856092156,25765.65772553168
0.08158871256373883,25787.665156736504
0.08152680974380078,25809.693710342435
0.08146624155322167,25831.7434096252
0.08140748924391118,25853.8142778887
0.08135103386265523,25875.9063384661
0.08129733093255342,25898.01961471964
0.08124652540420273,25920.154130039886
0.08119829753639687,25942.309907846007
0.08115214533520665,25964.486971587787
0.08110756421903821,25986.6853447425
0.08106404981526029,26008.905050817455
0.0810210979657798,26031.14611334893
0.08097820472788707,26053.40855590155
0.0809348663663519,26075.692402071127
0.08089057936773372,26097.99767548051
0.0808448404257513,26120.324399783516
0.08079714645289064,26142.672598662117
0.08074699457251346,26165.042295828513
0.080693882123734,26187.43351502413
0.08063730666158718,26209.846280019312
0.08057676595251252,26232.280614614938
0.080511757982563,26254.736542640043
0.08044178094620062,26277.214087955283
0.08036633325984707,26299.713274449292
0.08028492028105914,26322.234126039886
0.08019732410672896,26344.776666676284
0.08010395206542059,26367.34092033725
0.08000559088377138,26389.92691102959
0.07990305118983819,26412.534662792452
0.07979714327716607,26435.16419969196
0.07968867708394427,26457.81554582715
0.07957846221261027,26480.488725324565
0.07946730791236542,26503.18376234301
0.07935602309672801,26525.90068106822
0.07924541632083955,26548.63950571967
0.07913629580359169,26571.400260544608
0.07902946941548378,26594.182969820347
0.07892574467640077,26616.987657855716
0.0788259287625533,26639.814348989126
0.07873082850357033,26662.6630675888
0.07864125037831199,26685.53383805434
0.07855800052112606,26708.426684814833
0.07848188471765452,26731.341632329706
0.07841370823404392,26754.278705089484
0.07835411834287166,26777.237927615566
0.07830315535282878,26800.21932445771
0.07826033077848714,26823.22292019946
0.07822507677928364,26846.248739451847
0.0781968257479049,26869.296806858765
0.07817501032344688,26892.367147093733
0.0781590633851262,26915.45978486151
0.07814841805571085,26938.57474489724
0.07814250770041799,26961.712051966715
0.0781407659232241,26984.871730868123
0.07814262657805175,27008.053806428357
0.07814752375667283,27031.258303506424
0.07815489179471985,27054.485246992408
0.07816416527187532,27077.73466180734
0.07817477901141612,27101.00657290333
0.07818616808104915,27124.301005263333
0.0781977677931012,27147.61798390098
0.07820901369953435,27170.95753386274
0.07821934160118761,27194.31968022529
0.07822821835047988,27217.704448096192
0.07823534673983207,27241.11186261515
0.0782407182062206,27264.541948952447
0.07824440805270477,27287.99473231115
0.07824649180411096,27311.470237923655
0.07824704494335422,27334.96849105709
0.07824614293469048,27358.489517005746
0.07824386119524383,27382.033341099883
0.0782402751214868,27405.59998869829
0.07823546006982213,27429.189485193594
0.07822949137206876,27452.801856007598
0.07822244431799105,27476.4371265969
0.0782143941720717,27500.095322448244
0.07820541616637865,27523.776469079665
0.07819558549537575,27547.48059204284
0.0781849773281641,27571.207716919154
0.07817366679296615,27594.957869324608
0.0781617289945247,27618.731074904492
0.07814923899536763,27642.52735933923
0.07813627183706812,27666.346748337623
0.07812290251636034,27690.189267644266
0.07810920600574757,27714.05494303391
0.07809525724187191,27737.943800314228
0.07808113113129035,27761.85586532423
0.07806690254400848,27785.791163936425
0.07805264631796652,27809.749722056025
0.07803843726094392,27833.731565619863
0.07802435015053057,27857.73672059569
0.07801045972188338,27881.765212987004
0.0779968406863562,27905.81706882752
0.07798356771539677,27929.89231418584
0.07797071545787758,27953.990975159628
0.07795835851822328,27978.113077882645
0.07794657147566228,28002.258648519397
0.07793542887135438,28026.427713268757
0.07792500521992578,28050.62029836027
0.07791537499532102,28074.836430058735
0.0779066126442583,28099.076134660376
0.07789879214566409,28123.33943849439
0.07789194424561807,28147.626367924284
0.07788597863583385,28171.93694934474
0.07788071839826159,28196.27120918553
0.07787597833606495,28220.629173907582
0.07787157332869606,28245.010870006416
0.07786731833964688,28269.416324010206
0.07786302841202425,28293.84556248111
0.07785851867373347,28318.29861201351
0.0778536043298517,28342.77549923669
0.07784810067357457,28367.276250811134
0.07784182307346811,28391.80089343261
0.07783458698057366,28416.349453830924
0.07782620793486454,28440.921958766703
0.07781650154866515,28465.518435037124
0.07780528352207,28490.13890947171
0.07779236963852039,28514.78340893267
0.07777757575719027,28539.451960318187
0.07776071782519388,28564.14459055873
0.07774161186933336,28588.86132661922
0.07772009716517565,28613.60219549835
0.07769613147957789,28638.367224227855
0.07766979231780524,28663.15643987467
0.07764118162803908,28687.969869540357
0.07761040132100298,28712.807540357826
0.0775775532539708,28737.66947949674
0.07754273924348883,28762.555714160342
0.07750606106533285,28787.466271584235
0.07746762044047549,28812.40117904199
0.07742751905668936,28837.360463837987
0.0773858585513339,28862.34415331213
0.07734274051451333,28887.352274840116
0.07729826649983404,28912.384855829172
0.07725253800723356,28937.441923723673
0.07720565649501124,28962.523506002224
0.07715772337978502,28987.62963017672
0.07710884003075667,29012.760323794108
0.07705910777032082,29037.915614436934
0.0770086278790908,29063.095529721584
0.07695750159270073,29088.30009729881
0.0769058300961003,29113.52934485658
0.07685371453803123,29138.783300114854
0.07680125601522743,29164.061990830494
0.07674855558498751,29189.36544479338
0.0766957142525537,29214.693689830798
0.07664283298366492,29240.046753803566
0.07659001269634681,29265.424664608254
0.07653735426527822,29290.827450175882
0.0764849585173681,29316.25513847352
0.0764329262354888,29341.70775750331
0.07638135815656412,29367.185335303042
0.07633035497653917,29392.687899943878
0.07628001733597171,29418.215479536157
0.07623044584312327,29443.768102221216
0.07618174104769461,29469.345796180194
0.07613400346451656,29494.94858962654
0.07608733355791707,29520.57651081038
0.07604183174481875,29546.229588018658
0.07599759840093014,29571.907849572664
0.07595473385448928,29597.611323829795
0.0759133383862387,29623.340039184175
0.07587351223808518,29649.09402406298
0.0758353555956884,29674.87330693297
0.07579896860643276,29700.677916294968
0.07576445137132283,29726.50788068553
0.07573190394371809,29752.36322867777
0.07570142633116231,29778.24398888114
0.07567311849535364,29804.15018994146
0.07564708035458746,29830.081860539733
0.07562341177815929,29856.03902939415
0.07560221259251663,29882.021725258062
0.07558358257258088,29908.029976923433
0.07556762145407003,29934.06381321638
0.07555442892296875,29960.123263000365
0.07554410461920534,29986.208355175568
0.07553674813847125,30012.319118677988
0.07553245902602444,30038.45558248207
0.07553133657603017,30064.617775596143
0.07553338227785206,30090.805727067298
0.07553824821895294,30117.01946597895
0.07554529468762496,30143.259021451035
0.07555384215266624,30169.52442264142
0.07556321139584381,30195.815698742997
0.07557272350347029,30222.132878986453
0.07558169986845835,30248.475992640706
0.07558946219668958,30274.845069010364
0.07559533250105586,30301.240137437468
0.07559863310351243,30327.66122730126
0.07559868663528135,30354.108368018202
0.07559481603520692,30380.58158904303
0.07558634455550507,30407.080919866516
0.07557259575826707,30433.60639001616
0.07555289351011898,30460.158029059196
0.07552656199289616,30486.735866599032
0.07549292569891507,30513.339932276212
0.07545130942809894,30539.970255770062
0.07540103829555844,30566.626866795923
0.0753415259559383,30593.309795108915
0.07527280163875498,30620.019070500053
0.07519561644796582,30646.754722799596
0.07511091631711274,30673.51678187401
0.07501964705808295,30700.30527762942
0.07492275405593586,30727.120240008848
0.07482118226372439,30753.961698993524
0.07471587620161328,30780.829684603756
0.07460777996328913,30807.724226896004
0.0744978372071568,30834.645355965775
0.07438699115729805,30861.593101948354
0.07427618461166868,30888.567495015097
0.07416635993332689,30915.568565375954
0.0740584590477653,30942.59634328164
0.07395342345589889,30969.65085901827
0.07385219422051337,30996.73214291155
0.07375571196842315,31023.840225327272
0.07366491689979131,31050.97513666698
0.07358074877405205,31078.136907372962
0.07350412666036692,31105.325567927117
0.0734356295086207,31132.541148846016
0.07337526202639455,31159.783680689252
0.07332276733590935,31187.053194053646
0.0732778816069555,31214.34971957517
0.07324034113011667,31241.67328792776
0.07320988230970948,31269.02392982676
0.07318624167694764,31296.40167602357
0.07316915587515406,31323.806557311225
0.07315836167054103,31351.238604521033
0.07315359594871981,31378.69784852337
0.07315459571537314,31406.18432022735
0.07316109809099035,31433.698050583684
0.0731728403210366,31461.239070580847
0.0731895597712817,31488.807411245776
0.0732109939225339,31516.403103646728
0.07323688037784087,31544.02617889111
0.07326695685959775,31571.67666812629
0.07330096121259488,31599.354602538246
0.07333863058145383,31627.06001335402
0.0733796412162428,31654.79293183882
0.07342350892719897,31682.553389298802
0.07346963984963181,31710.341417081203
0.07351743087999509,31738.157046571414
0.07356627919341295,31766.000309194307
0.07361558223967735,31793.871236416875
0.07366473775116597,31821.769859745684
0.0737131437418297,31849.696210726484
0.07376019850378567,31877.65032094564
0.07380530060628787,31905.63222203151
0.07384784890546166,31933.641945650215
0.07388724253252474,31961.679523510033
0.07392288090112831,31989.74498735935
0.07395416370693308,32017.83836898643
0.07398049092418853,32045.95970022105
0.0740012628088946,32074.10901293373
0.07401587990076985,32102.286339034596
0.07402374301862964,32130.4917104752
0.07402425326449671,32158.725159248155
0.07401691563344535,32186.9867173865
0.07400172312966435,32215.276416965356
0.0739791419315826,32243.594290098798
0.07394972701412321,32271.940368943535
0.07391403309821855,32300.314685696365
0.07387261464407373,32328.717272596878
0.07382602585937664,32357.148161924022
0.07377482069137131,32385.60738599886
0.07371955282969002,32414.09497718403
0.07366077570679293,32442.61096788345
0.07359904249780905,32471.15539054214
0.07353490611918824,32499.72827764677
0.0734689192285486,32528.32966172592
0.07340163422570968,32556.959575349705
0.07333360325312682,32585.61805112922
0.07326537819218015,32614.30512171825
0.07319751066598715,32643.02081981251
0.07313055204278779,32671.76517814736
0.07306505342161465,32700.538229504637
0.07300153980430413,32729.34000670303
0.0729402809066357,32758.170542606327
0.07288119736799502,32787.02987011912
0.07282408903005771,32815.91802219047
0.07276875479172196,32844.83503180786
0.07271499363592523,32873.7809320049
0.07266260464908404,32902.75575585377
0.07261138700178613,32931.75953647316
0.07256113996819603,32960.79230702073
0.07251166291145666,32989.854100698154
0.07246275528843943,33018.94495075053
0.0724142166556397,33048.06489046311
0.07236584665637882,33077.21395316704
0.07231744503662613,33106.39217223291
0.07226881162929795,33135.599581077084
0.07221974636714387,33164.83621315705
0.07217004927580438,33194.10210197357
0.07211952047561536,33223.39728107044
0.07206796018166264,33252.72178403448
0.07201517244190195,33282.075644496705
0.0719610678107122,33311.45889612922
0.07190577240512565,33340.87157264896
0.0718495309240619,33370.31370781625
0.07179259373912977,33399.78533543316
0.0717352111001097,33429.28648934644
0.0716776331377863,33458.81720344712
0.07162010986734021,33488.37751166872
0.07156289118596364,33517.96744798753
0.0715062268687629,33547.58704642496
0.07145036657388001,33577.23634104577
0.07139555984126783,33606.91536595818
0.07134205609089932,33636.62415531474
0.0712901046255715,33666.36274331108
0.07123995462624845,33696.13116418811
0.07119185515772956,33725.92945222976
0.0711460551639966,33755.75764176456
0.07110280347101011,33785.615767164854
0.0710623487854966,33815.50386284689
0.07102493951476489,33845.42196327243
0.07099077636466397,33875.37010294687
0.070959901565671,33905.34831641978
0.07093223050467971,33935.35663828501
0.07090766275070257,33965.39510318135
0.07088609791789914,33995.463745793604
0.0708674356718666,34025.562600849255
0.07085157572510896,34055.69170311959
0.07083841783080913,34085.851087423696
0.0708278617936663,34116.04078862429
0.07081980746593887,34146.26084162845
0.07081415474690306,34176.51128138772
0.07081080357947107,34206.79214290039
0.07080965395646978,34237.103461209015
0.07081060591782484,34267.44527140111
0.07081355955002114,34297.817608609505
0.0708184149861291,34328.220508012746
0.07082507240753529,34358.6540048342
0.0708334320416973,34389.118134343225
0.07084339416501088,34419.612931853764
0.07085483149737656,34450.13843272705
0.0708674409087961,34480.69467236762
0.0708807215026335,34511.28168622778
0.07089412299116488,34541.899509803996
0.07090709531087554,34572.54817864075
0.07091908866982558,34603.227728324855
0.07092955353302426,34633.938194491915
0.0709379406316626,34664.67961282363
0.07094370096439429,34695.45201904648
0.07094628579406907,34726.25544893267
0.07094514664560309,34757.08993830197
0.07093973530896346,34787.955523021206
0.07092950384555659,34818.852239000174
0.07091390457360422,34849.78012219868
0.0708923900836164,34880.73920862026
0.07086441322547814,34911.729534317856
0.07082942712107267,34942.7511353884
0.07078688515590927,34973.80404797572
0.0707362409770069,35004.888308273155
0.07067697752153898,35036.00395251659
0.0706090064686385,35067.15101699289
0.07053292968934005,35098.329538032995
0.07044964599715088,35129.53955201507
0.07036006033689128,35160.78109536712
0.07026507722727535,35192.054204560045
0.07016560074210562,35223.358916116034
0.07006253452634945,35254.695266602066
0.0699567817885867,35286.063292631836
0.06984924529575837,35317.463030869425
0.06974082738523715,35348.89451802365
0.06963242995397434,35380.357790852235
0.06952495446274272,35411.85288616061
0.06941930193922707,35443.37984079952
0.06931637296614172,35474.938691671225
0.06921706769542935,35506.52947572325
0.06912228583860074,35538.152229951884
0.06903292667148643,35569.80699140011
0.06894988902794176,35601.493797160816
0.06887406743276606,35633.2126843733
0.06880613122101699,35664.96369022732
0.06874619273597843,35696.74685195829
0.06869400034220592,35728.562206849805
0.06864927438313996,35760.40979223707
0.06861173534339592,35792.28964550048
0.06858110383951344,35824.20180406848
0.06855710061347677,35856.14630542304
0.06853944655465805,35888.123187088306
0.06852786267364576,35920.13248664256
0.06852207012581618,35952.17424170776
0.06852179018955294,35984.24848995982
0.0685267442870731,36016.355269119216
0.068536653966476,36048.49461695907
0.06855124091819574,36080.666571297625
0.0685702269570532,36112.871170007114
0.0685933340436218,36145.10845100338
0.06862028426245413,36177.378452256075
0.06865079983744303,36209.681211782736
0.06868460312544038,36242.016767648485
0.06872139581460973,36274.385157970915
0.06876078938384149,36306.786420914774
0.0688023114055512,36339.22059469574
0.06884547515314395,36371.68771757892
0.06888979413759015,36404.187827879134
0.0689347821097396,36436.72096395951
0.06897995305221798,36469.28716423627
0.06902482119215633,36501.88646717275
0.06906890099089337,36534.51891128377
0.069111707149031,36567.18453513396
0.06915275460710468,36599.883377336984
0.06919155853965687,36632.61547655907
0.06922763436525105,36665.380871514164
0.06926049773559174,36698.17960096923
0.06928966454609424,36731.01170373946
0.06931465092664754,36763.87721869265
0.06933497325274371,36796.77618474356
0.069350148128523,36829.70864086302
0.06935969240836995,36862.674626067586
0.06936314787225012,36895.674179427006
0.06936027655946266,36928.70734006352
0.06935112879950868,36961.77414714651
0.06933584829117971,36994.87463989826
0.06931457922766811,37028.008857593435
0.06928746573753353,37061.17683955582
0.06925465187586181,37094.37862516256
0.06921628163357976,37127.61425383962
0.06917249892862128,37160.88376506584
0.06912344760974272,37194.187198372034
0.06906927145813288,37227.52459333995
0.0690101141862742,37260.89598960226
0.06894611943517072,37294.30142684441
0.06887743077869352,37327.74094480259
0.0688041917180779,37361.21458326664
0.06872654569007941,37394.72238207585
0.06864463605711446,37428.264381123736
0.06855860611486359,37461.84062035495
0.068468599090049,37495.45113976566
0.06837476292865807,37529.095979405276
0.06827736144282112,37562.775179375254
0.06817688112293108,37596.488779828236
0.06807392477182782,37630.23682097167
0.06796909979508521,37664.0193430641
0.06786301329854652,37697.8363864157
0.06775627208388374,37731.68799139132
0.06764948265598252,37765.57419840682
0.06754325121581777,37799.495047932505
0.06743818366620745,37833.45058049033
0.06733488560685155,37867.44083665636
0.06723396234059105,37901.46585705694
0.06713601886048491,37935.52568237643
0.06704165986935554,37969.6203533466
0.06695148975785212,38003.749910757615
0.06686611262130818,38037.91439545054
0.0667861322537464,38072.11384831868
0.0667121521414072,38106.34831031221
0.06664477547581457,38140.617822431115
0.0665846041940653,38174.9224257328
0.06653207679655436,38209.262161325474
0.06648712466502057,38243.63707037136
0.06644929043730802,38278.047194089646
0.06641807289480563,38312.492573749594
0.06639297106230052,38346.97325067593
0.06637348421125126,38381.48926624855
0.06635911186252819,38416.0406619012
0.06634935378757548,38450.62747911978
0.06634370999909561,38485.249759448576
0.06634168076793179,38519.90754448065
0.06634276660066057,38554.600875870456
0.06634646826432361,38589.329795321115
0.06635228676716551,38624.09434459347
0.06635972336870005,38658.89456550211
0.06636827957563607,38693.730499917445
0.06637745714670402,38728.60218976282
0.06638675808439291,38763.50967701967
0.06639568464763208,38798.45300372025
0.06640373933724311,38833.43221195563
0.06641045992618551,38868.44734387166
0.0664155889372962,38903.498441667674
0.06641908971067124,38938.58554759897
0.06642097681973233,38973.70870397749
0.06642126484513936,39008.86795316915
0.0664199683570987,39044.06333759747
0.06641710192373235,39079.29489973909
0.06641268010217768,39114.56268212835
0.06640671744538881,39149.86672735418
0.06639922849532998,39185.207078064275
0.06639022779500191,39220.583776957705
0.06637972987170386,39255.99686679428
0.0663677492542843,39291.44639038551
0.06635430045641094,39326.93239060363
0.06633939799172078,39362.454910374
0.0663230563628468,39398.013992680375
0.06630529006976829,39433.60968056049
0.06628611359884691,39469.242017112716
0.066265541438477,39504.91104548721
0.0662435888069285,39540.616808895065
0.06622028067671308,39576.359350602375
0.06619565700409914,39612.13871393119
0.06616976381316407,39647.954942263066
0.06614264721758646,39683.808079034236
0.06611435330454474,39719.698167739945
0.06608492814250942,39755.62525193012
0.06605441777083743,39791.5893752157
0.06602286821274965,39827.59058126148
0.0659903254628577,39863.62891379273
0.06595683549805177,39899.704416589455
0.06592244426867089,39935.81713349087
0.06588719770057477,39971.96710839575
0.06585114170444643,40008.154385255795
0.06581432215818545,40044.37900808579
0.06577678492448946,40080.64102095469
0.0657385758379166,40116.9404679921
0.06569974071262766,40153.27739338477
0.0656603253408212,40189.65184137657
0.06562037548757041,40226.063856272216
0.06557993690008974,40262.513482432034
0.06553905529742264,40299.00076427766
0.06549777638021247,40335.52574628687
0.06545614582246109,40372.088472997995
0.06541420927922659,40408.688989005524
0.06537201237634702,40445.32733896648
0.06532960072376963,40482.00356759281
0.0652870199001611,40518.71771966033
0.06524431547133767,40555.46983999791
0.06520153297131012,40592.25997349776
0.06515871791251943,40629.088165111796
0.0651159157893916,40665.954459847795
0.06507317206709376,40702.85890277615
0.06503053219122518,40739.80153902515
0.06498804158321386,40776.78241378305
0.06494574564031057,40813.801572298544
0.06490368973913944,40850.85905987861
0.06486191923111015,40887.95492189091
0.06482047944393678,40925.08920376377
0.06477941568416591,40962.261950984386
0.06473877323361277,40999.47320910084
0.06469859735239412,41036.72302372036
0.06465893327587932,41074.0114405112
0.06461982621569655,41111.338505202744
0.06458132136174591,41148.704263584106
0.06454346388117432,41186.108761504205
0.06450629891634707,41223.55204487337
0.06446987158534848,41261.03415966379
0.0644342269880195,41298.555151905006
0.06439941019183731,41336.115067693274
0.06436546625306441,41373.71395317858
0.06433244019357336,41411.35185457778
0.06430037701745327,41449.02881816679
0.06426932170495842,41486.744890282556
0.06423931921199787,41524.50011732403
0.06421041447263699,41562.29454575053
0.0641826523955764,41600.12822208408
0.06415607786765362,41638.00119290761
0.06413073715286101,41675.91350486722
0.0641066878270193,41713.86520466814
0.06408400164563428,41751.85633907955
0.06406275463018213,41789.88695493219
0.06404302278060939,41827.957099117935
0.0640248820548865,41866.06681859248
0.06400840837498945,41904.21616037152
0.0639936776183915,41942.40517153636
0.0639807656285373,41980.633899227614
0.06396974820633627,42018.902390649586
0.06396070111414319,42057.21069306861
0.0639537000722506,42095.55885381564
0.06394882076485844,42133.946920282484
0.0639461388355701,42172.37493992383
0.06394572988638147,42210.84296025886
0.06394766948165341,42249.351028868885
0.06395203314759762,42287.89919339672
0.06395889636628249,42326.48750155129
0.06396833458209612,42365.11600110457
0.06398041846976193,42403.784739889554
0.06399512010505154,42442.493765804385
0.06401223160326612,42481.24312681191
0.06403145584436865,42520.032870935946
0.06405249265973162,42558.86304626672
0.06407504203847218,42597.73370095632
0.06409880412103125,42636.644883222674
0.0641234792047197,42675.59664134641
0.06414876774078815,42714.58902367222
0.06417437033348708,42753.62207861006
0.06419998774262321,42792.69585463398
0.06422532088262164,42831.81040028247
0.06425007082258496,42870.96576415857
0.06427393878785385,42910.16199492858
0.06429662615456841,42949.39914132629
0.06431783445922364,42988.67725214681
0.06433726538623225,43027.99637625474
0.06435462078398226,43067.3565625739
0.06436960264589513,43106.75786009934
0.0643819131284865,43146.20031788701
0.06439125453942328,43185.683985060045
0.06439732934308363,43225.20891080616
0.06439984015911344,43264.77514437829
0.06439848976098454,43304.38273509602
0.0643929810770544,43344.031732345684
0.06438301719662262,43383.72218557527
0.06436830135748856,43423.45414430261
0.06434853695750763,43463.227658109216
0.06432342754665334,43503.042776644965
0.06429267683306997,43542.89954962484
0.06425598868411858,43582.79802682651
0.06421306711297098,43622.73825810079
0.06416361629861447,43662.72029335944
0.06410734056995375,43702.74418258379
0.06404394441582942,43742.80997581938
0.06397313247612302,43782.91772318189
0.06389460955323696,43823.06747484969
0.06380808059974256,43863.259281071434
0.06371325072687185,43903.493192162096
0.0636099665791055,43943.769258501445
0.06349883301418822,43984.08753053956
0.06338123943644036,44024.448058792164
0.06325874266411759,44064.850893844145
0.06313289871251743,44105.29608634552
0.06300526278501176,44145.78368701416
0.06287738927130346,44186.3137466381
0.06275083175396072,44226.88631607103
0.06262714300225992,44267.50144623552
0.06250787497529661,44308.159188121055
0.06239457881877781,44348.85959278601
0.0622888048652231,44389.60271135825
0.06219210263800982,44430.38859503163
0.062106020844805904,44471.21729506993
0.06203210738209761,44512.08886280429
0.06197190933057309,44553.0033496361
0.06192697296011145,44593.96080703367
0.06189884372325957,44634.96128653642
0.061889066263086503,44676.004839749294
0.06189907776816147,44717.09151834904
0.061929068930533945,44758.221374082845
0.06197740155880569,44799.39445876122
0.06204173894316545,44840.61082427151
0.062119735972136436,44881.87052256375
0.06220904875170592,44923.17360566203
0.062307334615826555,44964.52012565952
0.06241225212831691,45005.910134715705
0.06252146107174462,45047.343685065236
0.06263262246424271,45088.82082900703
0.06274339854354767,45130.3416189148
0.06285145277998654,45171.90610722986
0.06295444986965887,45213.514346465185
0.06305005574068999,45255.16638920143
0.06313593754491574,45296.86228809331
0.06320976366803237,45338.60209586378
0.06326920372370404,45380.385865307355
0.06331192855788699,45422.2136492877
0.06333561024388627,45464.0855007418
0.0633379454483045,45506.00147267696
0.06331751467201369,45547.961618170084
0.06327484696217962,45589.96599036973
0.06321162965348237,45632.014642497255
0.0631296192445625,45674.10762784486
0.06303057131729031,45716.244999773335
0.06291624052574804,45758.4268117209
0.06278838061339828,45800.65311719102
0.06264874439480292,45842.92396976397
0.062499083768875474,45885.239423088846
0.062341149710814656,45927.599530887936
0.062176692273730995,45970.00434695641
0.06200746059072417,46012.453925160444
0.06183520287120585,46054.94831943927
0.061661666402978155,46097.487583804
0.06148859755095854,46140.07177233791
0.06131774175545031,46182.7009391981
0.06115084353420269,46225.375138614094
0.060989646480208444,46268.09442488928
0.060835892963031366,46310.85885239624
0.06069112048809518,46353.66847558523
0.06055610558058367,46396.523348976116
0.060430973629240915,46439.42352716629
0.060315755748798,46482.3690648215
0.06021048302924409,46525.36001668374
0.060115186541879154,46568.39643756871
0.06002989733745478,46611.4783823671
0.059954646453087755,46654.60590603801
0.05988946489565352,46697.77906362258
0.05983438366390698,46740.99791022792
0.05978943372729663,46784.26250104173
0.059754646042982286,46827.57289132104
0.05973005154066965,46870.92913640341
0.05971568114142477,46914.331291692215
0.059711565735650174,46957.77941267279
0.05971773619867771,47001.27355490351
0.059734223388927137,47044.813774014554
0.05976105813965353,47088.40012571507
0.05979827126948737,47132.03266578571
0.059845830217042734,47175.71145008514
0.05990323671120989,47219.43653454613
0.059969432964979155,47263.207975176454
0.06004320395309391,47307.02582805959
0.06012333492947829,47350.89014935406
0.06020861179012252,47394.80099529684
0.06029782108113128,47438.75842219681
0.06038974999063681,47482.76248644032
0.06048318635084027,47526.81324449161
0.060576918643315006,47570.91075288839
0.06066973599180402,47615.05506824734
0.06076042816984773,47659.24624725881
0.06084778559588918,47703.48434668982
0.06093059933207023,47747.76942338669
0.06100766109095926,47792.101534270114
0.061077763229231335,47836.48073633965
0.06113969875581347,47880.90708666721
0.06119226131946223,47925.380642407195
0.061234245220655695,47969.90146078933
0.06126447603960586,48014.46959911927
0.061282334401626906,48059.08511478158
0.06128816452176711,48103.74806523649
0.06128276352688686,48148.45850802543
0.061266941745983336,48193.216500764
0.06124150907535896,48238.02210114652
0.061207274978488775,48282.87536694785
0.06116504849430897,48327.776356015944
0.061115638223039705,48372.72512628301
0.06105985234242017,48417.72173575337
0.060998498591213916,48462.76624251547
0.060932384283550606,48507.85870473183
0.060862316297592284,48552.999180646744
0.060789101082858656,48598.18772858155
0.0607135446563651,48643.42440693686
0.06063645260341973,48688.7092741923
0.060558630076567324,48734.04238890766
0.06048088179823295,48779.42380972061
0.060404012057809646,48824.85359534854
0.06032882310525755,48870.331804588306
0.0602559758403448,48915.8584963169
0.060185746493056906,48961.4337294909
0.060118141268548794,49007.05756314563
0.060053141480864415,49052.73005639884
0.059990728457860354,49098.45126844453
0.05993088353204186,49144.22125856001
0.05987358804561389,49190.04008610379
0.059818823354587124,49235.90781051066
0.05976657081827827,49281.82449130027
0.059716811810267306,49327.790188069324
0.0596695277101921,49373.80496049722
0.05962469990558411,49419.86886834652
0.05958230980004839,49465.98197145476
0.059542338798723234,49512.14432974598
0.05950476831919401,49558.35600322432
0.05946957978876564,49604.61705197477
0.05943675464536971,49650.92753616189
0.05940627433123179,49697.2875160363
0.05937812030328638,49743.69705192649
0.05935226966103465,49790.15620424367
0.059328677980660015,49836.665033483245
0.05930727947733324,49883.22360021931
0.059288004176196944,49929.831965111254
0.05927078214224671,49976.49018889906
0.05925554347628,50023.198332406035
0.05924221831671254,50069.95645653798
0.0592307368404899,50116.7646222818
0.05922102925904422,50163.62289070939
0.05921302582100995,50210.531322976676
0.059206656816286576,50257.489980318984
0.059201852569294444,50304.4989240559
0.0591985434398893,50351.55821559251
0.05919665982607429,50398.66791641773
0.05919613216760747,50445.82808809942
0.059196890935217426,50493.03879229381
0.05919886664096031,50540.30009073831
0.05920198983013569,50587.612045258036
0.059206191092538545,50634.974717755744
0.05921139157629443,50682.38817022454
0.05921741324878177,50729.852464738775
0.05922393890926343,50777.36766345894
0.059230601503756475,50824.93382862756
0.05923703365561424,50872.55102257423
0.05924286818866898,50920.21930771343
0.05924773812818712,50967.93874654274
0.05925127669687925,51015.70940164653
0.05925311731855203,51063.53133569347
0.05925289361591602,51111.40461143829
0.059250239411988904,51159.329291721035
0.059244788731497425,51207.305439465184
0.05923617579284813,51255.333117686125
0.05922403502479893,51303.41238947621
0.05920800104630449,51351.543318021024
0.05918770868183839,51399.725966589016
0.05916279295471102,51447.96039853545
0.05913288908667936,51496.2466773041
0.05909763250472092,51544.58486642076
0.0590566678902018,51592.975029500696
0.059009924615954404,51641.417230246545
0.0589579263177515,51689.91153244634
0.05890153291820608,51738.457999976614
0.05884162166927252,51787.05669679737
0.058779069338680094,51835.70768696198
0.058714752223615434,51884.41103460567
0.058649546138568334,51933.16680395474
0.058584326422767,51981.975059321296
0.05851996793693434,52030.835865105066
0.05845734506227777,52079.74928579504
0.05839733170169489,52128.71538596894
0.05834080128229154,52177.734230290174
0.0582886267517159,52226.80588351005
0.05824168057495645,52275.93041047263
0.05820083474214992,52325.10787610813
0.05816696076580221,52374.33834543309
0.058140929675388135,52423.62188355608
0.058123612022947295,52472.95855567389
0.058115877146967906,52522.348427071876
0.05811832989059614,52571.79156312655
0.058130659717382016,52621.28802930041
0.05815180541579128,52670.83789114754
0.05818060724345807,52720.44121431188
0.05821590609133193,52770.09806452753
0.05825654348560237,52819.80850761663
0.05830136158479265,52869.57260949197
0.05834920317948112,52919.39043615873
0.05839891169818678,52969.26205370891
0.05844933119829029,53019.187528329814
0.058499306378532324,53069.166926292986
0.05854768256595714,53119.20031396519
0.058593305723564505,53169.287757804275
0.05863502245268674,53219.4293243553
0.05867167998431447,53269.625080259015
0.05870212618853626,53319.87509224459
0.05872520956983861,53370.179427132636
0.05873977926593619,53420.53815183777
0.05874468505456872,53470.95133336209
0.058738907532387453,53521.41903880472
0.05872230119055104,53571.94133535137
0.05869572692568351,53622.5182902846
0.05866030871676958,53673.149970976374
0.05861717023285598,53723.836444892775
0.05856743453047117,53774.577779587955
0.05851222404155793,53825.37404271641
0.058452660589196764,53876.22530201927
0.05838986537686154,53927.1316253314
0.0583249589878401,53978.09308058434
0.05825906139386603,54029.109735797676
0.05819329194311114,54080.18165908976
0.058128769371873244,54131.30891866755
0.058066611794348605,54182.491582835166
0.05800793671079081,54233.72971998681
0.05795386099818922,54285.023398615616
0.057905500919723116,54336.37268730567
0.05786397212023935,54387.7776547341
0.05783038962349779,54439.238369674706
0.057805834776527246,54490.75490099515
0.05779086372096064,54542.32731765715
0.05778516401298351,54593.95568871798
0.057788037038247725,54645.64008332899
0.057798774965258745,54697.380570736816
0.057816670351260785,54749.17722028383
0.057841016143200384,54801.03010140758
0.05787110567782215,54852.939283640444
0.057906232681330036,54904.904836610105
0.057945691267743966,54956.92683004188
0.0579887759420334,55009.00533375643
0.058034781601521555,55061.140417667004
0.05808300352727524,55113.33215178882
0.05813273739551108,55165.58060622956
0.05818327927116348,55217.88585119361
0.05823392560709832,55270.247956984516
0.058283973249877385,55322.66699399941
0.05833271943505305,55375.143032732594
0.05837946178506695,55427.676143779754
0.05842349953772467,55480.26639782706
0.05846421366380407,55532.91386566457
0.05850119403984463,55585.618618174696
0.05853417074014791,55638.380726341085
0.05856288554908159,55691.20026124317
0.05858708039494566,55744.077294058734
0.05860649735087971,55797.01189606366
0.05862087863357892,55850.00413863383
0.05862996660859159,55903.05409323936
0.058633503780258354,55956.161831454876
0.058631232806224585,56009.3274249455
0.05862289647860452,56062.55094548516
0.058608237745070776,56115.832464937586
0.05858699969090093,56169.17205527144
0.05855892555041151,56222.56978855164
0.05852375869953827,56276.02573694615
0.05848124266462504,56329.53997271729
0.05843112111238458,56383.11256823095
0.0583731378556249,56436.743595953274
0.058307036862630654,56490.433128446995
0.058232688483134655,56544.18123837729
0.05815053724099503,56597.98799851045
0.05806157452849019,56651.853481711
0.05796689046027553,56705.777760945944
0.05786757454434257,56759.760909283905
0.05776471568576525,56813.802999889755
0.0576594021761963,56867.90410603571
0.05755272170625391,56922.06430109001
0.057445761354609444,56976.283658526525
0.05733960759731542,57030.56225191601
0.057235346298229565,57084.90015493517
0.057134062715322814,57139.297441362156
0.057036841501381844,57193.75418507392
0.05694476669833265,57248.27046005175
0.05685892174052929,57302.846340379525
0.0567803894546201,57357.48190024329
0.05671025205983721,57412.17721393061
0.0566495911640618,57466.93235583523
0.05659948777257137,57521.747400447275
0.056560952176578395,57576.62242236739
0.05653433234719879,57631.55749629573
0.05651908747745135,57686.552697035266
0.05651437787006259,57741.60809949353
0.05651936205956655,57796.72377868222
0.05653319904930465,57851.89980971726
0.05655504831405284,57907.13626781537
0.056584069792545,57962.43322830278
0.056619423898100235,58017.79076660491
0.05666027150903749,58073.2089582554
0.05670577397593714,58128.687878889905
0.05675509311625961,58184.2276042513
0.05680739121950833,58239.828210185035
0.05686183104268507,58295.489772643494
0.056917575812918314,58351.21236768461
0.056973789229258644,58406.99607146906
0.057029635457696876,58462.84096026585
0.05708427913591616,58518.747110448465
0.05713688536957268,58574.714598499064
0.05718662436449464,58630.74350099947
0.057232789370933186,58686.83389464585
0.05727491677001219,58742.985856234336
0.05731267395501094,58799.19946267034
0.057345734497404044,58855.47479096749
0.05737377215688134,58911.811918243184
0.057396460876274195,58968.21092172334
0.05741347478414611,59024.67187874088
0.05742448819312379,59081.19486673801
0.057429175605048045,59137.779963260095
0.05742721170163132,59194.42724596587
0.057418271356428824,59251.13679261542
0.057402029620807565,59307.90868108488
0.057378161740174925,59364.74298935018
0.057346343138675655,59421.63979550148
0.0573062494298737,59478.59917773436
0.05725755640997931,59535.6212143562
0.05719994006383537,59592.70598378057
0.05713307656069834,59649.85356453065
0.05705664301519258,59707.064035238196
0.05697048341397371,59764.337474645174
0.05687498037798908,59821.67396160602
0.056770939708963825,59879.07357507748
0.05665921754034797,59936.53639413523
0.056540669533118766,59994.06249795568
0.05641615085886887,60051.6519658322
0.056286516209803426,60109.30487716767
0.05615261979820093,60167.02131147275
0.05601531535256059,60224.80134836964
0.05587545611835679,60282.645067592646
0.05573389485919592,60340.55254898738
0.05559148385795263,60398.52387250847
0.05544907491296159,60456.55911822386
0.05530751934122884,60514.65836631197
0.05516766797628413,60572.82169706376
0.05503037116932064,60631.04919088188
0.05489647878950624,60689.34092827971
0.05476684022145433,60747.6969898846
0.054642304367981974,60806.1174564352
0.05452366159284053,60864.60240878422
0.05441134547789166,60923.15192789475
0.05430539557545179,60981.766094844716
0.054205755850171025,61040.44499082402
0.05411237025246862,61099.188697136706
0.05402518276388797,61157.997295198715
0.05394413739350783,61216.870866542595
0.05386917818353819,61275.80949281121
0.053800249204535716,61334.813255762216
0.05373729455502648,61393.88223727068
0.05368025836786489,61453.01651932088
0.05362908480348607,61512.21618401293
0.05358371804874077,61571.48131356742
0.0535441023287699,61630.81199030996
0.05351018189118574,61690.20829668832
0.05348190101675936,61749.67031526327
0.05345920401586797,61809.19812871113
0.05344203523047368,61868.7918198211
0.05343033902782453,61928.45147150418
0.05342405981110149,61988.177166780915
0.05342314200996801,62047.968988790715
0.053427530084124174,62107.8270207901
0.053437168525280854,62167.75134614954
0.05345200185283548,62227.742048358756
0.05347197461860413,62287.79921102154
0.05349703140249612,62347.92291786063
0.05352711681527716,62408.1132527154
0.05356217549897145,62468.370299540526
0.05360215212213681,62528.69414241281
0.05364699138775769,62589.08486552202
0.05369663802694244,62649.5425531769
0.05375103679931959,62710.06728980681
0.0538101324981835,62770.659159955096
0.053873869943383466,62831.31824828725
0.05394219398766101,62892.04463958442
0.05401504951150611,62952.83841874912
0.054092381427127835,63013.699670801485
0.05417413467727586,63074.62848087957
0.05426025086545044,63135.62493424187
0.054350494748729376,63196.68911626606
0.05444420407001586,63257.82111245218
0.05454044320329935,63319.021008414435
0.05463825692742336,63380.288889892036
0.054736690570800224,63441.62484274118
0.05483479000588997,63503.02895294114
0.0549316016537086,63564.501306589744
0.05502617248110525,63626.04198990598
0.055117550001250674,63687.65108923044
0.05520478227493911,63749.32869102395
0.05528691790946452,63811.074881868786
0.055363006058705415,63872.889748469475
0.05543209642402465,63934.7733776519
0.05549323925476557,63996.725856362486
0.05554548534467378,64058.74727167353
0.05558788604012887,64120.83771077297
0.055619493229231175,64182.99726097706
0.05563935935044099,64245.22600972262
0.055646537452675615,64307.52404456811
0.055640268588749084,64369.89145319815
0.05562058179919752,64432.32832341689
0.05558822610289274,64494.834743154104
0.055544069981050145,64557.410800461264
0.05548898141766436,64620.05658351544
0.05542382790146856,64682.772180617816
0.05534947642747327,64745.557680190715
0.05526679349201317,64808.413170783766
0.055176645095923474,64871.33874107173
0.055079896747280525,64934.33447984951
0.05497741345324284,64997.40047604236
0.05487005972885653,65060.53681869648
0.054758699590925185,65123.74359698491
0.05464419655915304,65187.02090020804
0.05452741365966754,65250.36881778836
0.054409213420931135,65313.78743927451
0.05429045787248756,65377.276854344775
0.05417200854966808,65440.83715280186
0.05405472649230237,65504.46842457236
0.05393943846969643,65568.17075971173
0.0538266823152355,65631.94424840246
0.053716624717372555,65695.78898095393
0.053609315512192064,65759.70504780325
0.053504803915119074,65823.69253951196
0.053403139109980256,65887.75154677156
0.05330437025136051,65951.8821604022
0.0532085464657656,66016.08447135081
0.05311571685121816,66080.35857069075
0.053025930472989306,66144.70454962854
0.05293923637212891,66209.12249949301
0.052855683556158245,66273.61251174616
0.05277532100334055,66338.17467798089
0.05269819766921299,66402.80908990913
0.05262436246887142,66467.51583938648
0.052553864299287545,66532.29501838525
0.052486752018933484,66597.14671901822
0.05242307446466506,66662.07103351926
0.052362880439448804,66727.06805425664
0.05230622050587061,66792.13787372895
0.05225318572220259,66857.28058456437
0.052203943275194876,66922.49627952435
0.05215869923430426,66987.78505149756
0.05211766107805457,67053.14699350488
0.05208103616274873,67118.5821987
0.0520490317232145,67184.09076036906
0.05202185487581962,67249.67277192528
0.05199971261125097,67315.32832691883
0.05198281180094609,67381.05751903009
0.05197135919555876,67446.86044207001
0.05196556142078082,67512.73718998709
0.05196562498527406,67578.68785685688
0.05197175627308864,67644.71253689076
0.0519841615462955,67710.81132443508
0.05200304694799686,67776.98431396595
0.05202861849739569,67843.23160009543
0.05206108209394202,67909.55327756685
0.05210064351201899,67975.94944126252
0.052147507269622535,68042.42018619258
0.052201710700601686,68108.96560750826
0.05226278673081294,68175.58580048874
0.05232988884336063,68242.28086055403
0.05240212976020258,68309.05088325495
0.05247862271545486,68375.89596427987
0.052558481458500755,68442.81619945227
0.05264082025368148,68509.8116847305
0.05272475388036695,68576.88251620768
0.05280939762919146,68644.02879011855
0.05289386731092721,68711.25060282741
0.05297727924774567,68778.54805083814
0.05305875027749494,68845.92123079105
0.05313739775145622,68913.37023946615
0.053212339540577046,68980.8951737739
0.053282694025128544,69048.49613076914
0.05334758010440844,69116.17320764042
0.05340611719179177,69183.92650171481
0.053457425215951794,69251.75611045735
0.053500624619757624,69319.66213147363
0.0535349290744783,69387.64466250234
0.05356007460356363,69455.70380142538
0.05357635063890433,69523.83964626477
0.053584170559926654,69592.0522951748
0.053583947513513,69660.3418464571
0.05357609441356705,69728.7083985456
0.05356102393011263,69797.15205002007
0.05353914849819079,69865.6728995959
0.05351088031123161,69934.27104613176
0.05347663132567855,70002.9465886245
0.053436813259016065,70071.69962621055
0.05339183758664829,70140.53025817215
0.05334211554883238,70209.43858392804
0.05328805814638673,70278.42470303708
0.0532300761375826,70347.48871520464
0.05316858004467385,70416.63072027499
0.053103980150392444,70485.85081823393
0.053036686498304134,70555.14910920887
0.05296710889124828,70624.52569347217
0.052895656895145075,70693.98067143562
0.05282273983360338,70763.51414365847
0.05274876679592207,70833.12621083553
0.0526741466267472,70902.81697381151
0.05259928793444626,70972.58653357145
0.052524599086123586,71042.43499124692
0.0524504882125328,71112.36244810879
0.05237736320197459,71182.36900557559
0.052305631704825196,71252.45476520873
0.05223570113048077,71322.61982871666
0.052167978652614015,71392.8642979466
0.052102871200095935,71463.18827489777
0.052040785465643544,71533.59186171147
0.05198212790239553,71604.0751606734
0.051927304721639485,71674.63827421851
0.05187672189841191,71745.2813049228
0.05183078516584716,71816.00435551052
0.05178990001628511,71886.80752885505
0.05175447170423588,71957.6909279746
0.05172489985000134,72028.65465602986
0.05170135536196074,72099.69881633628
0.05168348831948506,72170.82351235067
0.05167063064519932,72242.0288476794
0.05166209394326619,72313.31492607786
0.051657190222899066,72384.68185144744
0.05165523189654449,72456.12972783738
0.051655531779181654,72527.65865944719
0.05165740308985452,72599.26875062528
0.05166015945283027,72670.96010586646
0.051663114894293594,72742.73282981684
0.051665583845736954,72814.58702727
0.051666881139911414,72886.52280317337
0.05166632201830535,72958.54026261673
0.051663222121146206,73030.6395108467
0.05165689749450585,73102.82065325935
0.051646664591083184,73175.0837953964
0.051631840263184466,73247.42904295653
0.05161174177093638,73319.85650178473
0.05158568694105609,73392.36627787905
0.051553166825288994,73464.95847738953
0.05151434514798942,73537.63320661843
0.05146997509911866,73610.39057201575
0.05142089930032275,73683.23068019131
0.05136795988397405,73756.15363789727
0.05131199847870751,73829.15955204982
0.051253856224512055,73902.24852970803
0.05119437376050313,73975.42067808958
0.05113439123151272,74048.6761045637
0.051074748285096776,74122.0149166551
0.05101628407405778,74195.43722204011
0.05095983725455927,74268.94312854903
0.050906245984620166,74342.53274416976
0.05085634792955194,74416.20617703904
0.050810980253873574,74489.96353545478
0.050770979628571605,74563.80492786667
0.05073718222885718,74637.7304628771
0.05071042372902882,74711.74024925142
0.050691539312617495,74785.8343959022
0.05068128620054196,74860.0130119042
0.050679820341357665,74934.27620648546
0.05068655764456173,75008.62408903112
0.05070069705665677,75083.05676908296
0.05072143730346308,75157.57435634226
0.05074797758643326,75232.17696066265
0.05077951757652045,75306.86469205987
0.05081525742039943,75381.63766070301
0.050854397733964475,75456.49597692507
0.05089613961074082,75531.4397512101
0.05093968461209924,75606.46909420798
0.05098423477786033,75681.58411671912
0.051028992615402884,75756.78492971063
0.051073161108088974,75832.07164430612
0.05111594371385289,75907.44437178495
0.051156544359393506,75982.90322359314
0.05119416744971721,76058.44831132915
0.051228017858303755,76134.07974675843
0.05125730093556202,76209.79764180194
0.05128123997910748,76285.60210854493
0.05129940111012211,76361.49325923037
0.05131196261053041,76437.47120626323
0.05131939955912014,76513.53606221404
0.0513221966352195,76589.68793981042
0.05132083823103264,76665.9269519406
0.051315808448683206,76742.25321166075
0.05130759110715416,76818.66683218462
0.05129666973530116,76895.16792689389
0.05128352757988778,76971.75660932534
0.051268647595305666,77048.43299318684
0.051252512452341546,77125.19719234628
0.051235604535588064,77202.04932083254
0.051218405939033325,77278.9894928445
0.05120139847225568,77356.01782274294
0.051185063659300326,77433.13442504924
0.05116988273318075,77510.33941445594
0.05115633664388878,77587.63290581481
0.05114490605070801,77665.01501414846
0.05113606976254254,77742.48585464116
0.05113014301563315,77820.04554264306
0.05112697904640751,77897.6941936723
0.051126098499297744,77975.43192341362
0.05112698970143925,78053.25884771397
0.05112914128065615,78131.17508259349
0.05113204217313306,78209.1807442345
0.0511351816165184,78287.27594899197
0.051138049157229234,78365.46081338215
0.05114013464428407,78443.7354540908
0.051140928229690116,78522.09998797614
0.05113992037246857,78600.55453206252
0.05113660183721942,78679.0992035408
0.051130463693051555,78757.73411976999
0.05112099730996702,78836.45939828639
0.05110769436942942,78915.27515678578
0.05109004685274705,78994.18151314041
0.05106754704909208,79073.1785853887
0.05103968755043335,79152.26649174259
0.051005961255551104,79231.44535058223
0.05096597702047971,79310.71528045739
0.05091994227837291,79390.0764000963
0.050868672904208496,79469.52882838616
0.050813110178621314,79549.07268439849
0.05075419482661971,79628.7080873686
0.05069286700852133,79708.43515670644
0.050630066322447535,79788.25401199507
0.05056673180464488,79868.16477298993
0.05050380192980408,79948.16755961778
0.050442214609229055,80028.26249198012
0.05038290719080705,80108.44969035502
0.050326816464335074,80188.72927518649
0.05027487865218705,80269.1013671
0.050228029416075994,80349.56608689456
0.05018720385736486,80430.12355553918
0.05015333651275533,80510.7738941802
0.050127361355331246,80591.51722414214
0.0501102117977231,80672.35366692225
0.05010282069029449,80753.28334419146
0.05010605242731149,80834.30637780104
0.050120014308747775,80915.42288977483
0.05014372417327152,80996.63300231664
0.0501757947348488,81077.93683780373
0.05021483456306216,81159.33451879572
0.050259453065446075,81240.82616802206
0.05030826048007428,81322.41190839371
0.05035986787737947,81404.09186300413
0.05041288716661827,81485.86615511647
0.050465931086300084,81567.73490817902
0.05051761321172068,81649.69824581478
0.05056654794965582,81731.7562918303
0.05061135054448353,81813.90917020504
0.050650637070363214,81896.15700510514
0.050683024438793134,81978.49992087227
0.05070713039400317,82060.93804203015
0.050721573515864926,82143.47149328004
0.05072497321527433,82226.10039951018
0.05071594974244038,82308.82488578107
0.050693142709888686,82391.64507734397
0.050655838272739305,82474.56109962682
0.05060471457154685,82557.57307823602
0.05054126001598217,82640.6811389704
0.05046700845632733,82723.88540779962
0.05038349281636262,82807.18601088345
0.050292245099398815,82890.58307456598
0.050194796391055875,82974.07672536757
0.05009267685104744,83057.66708999968
0.04998741572235356,83141.35429534974
0.04988054132056374,83225.13846850034
0.04977358104653986,83309.01973670773
0.04966806137508446,83392.99822741916
0.049565507860889285,83477.07406826588
0.04946744513812636,83561.24738706186
0.049375396915521355,83645.51831181481
0.04929088598677103,83729.88697070628
0.049215434217260476,83814.35349211455
0.04915056255481417,83898.9180045985
0.04909779039219298,83983.58063690962
0.04905831872658699,84068.34151797702
0.04903220103652143,84153.20077692802
0.049018526670937305,84238.1585430715
0.04901625130338172,84323.21494590475
0.04902433123370935,84408.3701151172
0.049041723392598914,84493.62418058232
0.04906738533744185,84578.97727236364
0.049100275252370804,84664.42952071765
0.04913935195243146,84749.98105608557
0.04918357487843115,84835.63200910241
0.04923190410215173,84921.38251058795
0.04928330031980259,85007.23269155936
0.049336724858623636,85093.182683221
0.04939113967414498,85179.23261696711
0.049445507348475255,85265.38262438658
0.049498791094842315,85351.63283725464
0.0495499547506668,85437.98338754632
0.04959796278523461,85524.43440742411
0.04964178029694553,85610.98602923946
0.04968043800755387,85697.63838554651
0.04971342654347105,85784.39160908341
0.04974077900125115,85871.24583278675
0.04976267660260817,85958.20118978691
0.04977930072544946,86045.25781340359
0.04979083263534699,86132.41583715791
0.049797453492869855,86219.67539476027
0.049799344346940284,86307.03662012189
0.0497966861428649,86394.49964733966
0.04978965971149845,86482.06461071616
0.049778445778323854,86569.73164474669
0.04976322496134933,86657.5008841194
0.04974417776691492,86745.37246372495
0.04972148459631909,86833.34651864474
0.04969532573988281,86921.42318416084
0.049665881379388405,87009.60259575406
0.0496333315887724,87097.8848891025
0.04959785633446502,87186.27020007964
0.04955963547364617,87274.75866475751
0.04951885106280859,87363.35041941181
0.04947572453402032,87452.04560051503
0.049430544366431135,87540.84434473464
0.049383629725335956,87629.74678894322
0.04933530044048825,87718.7530702131
0.04928587614847573,87807.86332581486
0.04923567629064099,87897.07769322136
0.049185020115146465,87986.39631010425
0.049134226674900625,88075.81931433816
0.04908361482824502,88165.34684400097
0.049033503240322004,88254.97903737098
0.04898421038203624,88344.7160329282
0.04893605453039185,88434.55796935367
0.04888935376575138,88524.50498553678
0.048844425976965145,88614.55722056584
0.04880158885760041,88704.71481373365
0.048761159906963815,88794.97790453698
0.04872345642975694,88885.34663267784
0.04868879553675369,88975.82113806246
0.048657492885789744,89066.40156080105
0.04862976609910681,89157.08804121042
0.04860557286677034,89247.88071980965
0.04858469194214641,89338.77973732949
0.048566886465637275,89429.78523470343
0.04855191972132947,89520.89735307025
0.048539555135982966,89612.11623377717
0.04852955628039117,89703.44201837831
0.04852168686802958,89794.87484863822
0.048515710758783026,89886.41486652364
0.048511391953194795,89978.06221421485
0.04850849459788545,90069.81703409654
0.04850678298149517,90161.67946876519
0.04850602153671681,90253.64966102678
0.04850597484131322,90345.72775389365
0.04850640761575321,90437.91389058894
0.04850708472220162,90530.20821455179
0.04850777117229411,90622.6108694194
0.04850823211395998,90715.12199905392
0.04850823284410227,90807.74174752139
0.0485075609747473,90900.47025909682
0.04850610986039359,90993.30767827417
0.048503875988673666,91086.25414975383
0.04850087547339936,91179.30981845301
0.04849712442076171,91272.47482949789
0.04849263892595534,91365.7493282299
0.04848743507351646,91459.1334602076
0.048481528942719315,91552.62737119342
0.048474936596445965,91646.23120717774
0.04846767409534847,91739.94511435121
0.04845975748335259,91833.76923913285
0.04845120280046528,91927.7037281468
0.04844202607333859,92021.74872823912
0.048432243321333515,92115.90438646765
0.04842187055315196,92210.17085010745
0.048410923765828937,92304.54826665623
0.048399418951122444,92399.03678381987
0.0483873720891217,92493.63654952295
0.048374799146907226,92588.34771191698
0.04836171765468155,92683.1704193627
0.0483481608324523,92778.10482043723
0.04833418349686496,92873.15106394578
0.048319847992273325,92968.30929890502
0.04830521669103399,93063.57967455479
0.04829035192828698,93158.96234035311
0.04827531599960943,93254.45744598149
0.048260171165703296,93350.06514133398
0.04824497964435872,93445.7855765349
0.04822980361815575,93541.61890192535
0.048214705231782735,93637.56526806587
0.04819974658869513,93733.62482574586
0.0481849897584679,93829.79772596806
0.048170496768107675,93926.08411996617
0.048156329610069354,94022.48415918992
0.048142550235578556,94118.99799531816
0.048129220558970905,94215.62578025208
0.04811640245835565,94312.36766611098
0.04810415776861766,94409.22380524967
0.04809254829141452,94506.19435023869
0.048081635788511635,94603.27945387483
0.04807148198111973,94700.47926918676
0.04806214855621729,94797.79394942099
0.048053697159562966,94895.22364805537
0.048046189399024226,94992.76851879536
0.048039686847234066,95090.42871556568
0.04803425103394809,95188.20439252788
0.04802994345402033,95286.09570406577
0.048026825562419564,95384.10280479433
0.048024958778214416,95482.22584955127
0.04802440447859788,95580.46499341083
0.04802522400519526,95678.82039167252
0.04802747866174011,95777.29219986287
0.048031229711089043,95875.88057374458
0.04803653838152558,95974.58566930276
0.048043465858466514,96073.4076427634
0.048052073294414806,96172.34665057268
0.04806242180000388,96271.40284941395
0.04807457212072441,96370.57639620543
0.048088491135796906,96469.86744808896
0.048103830248144915,96569.27616244846
0.048119986886015716,96668.80269689119
0.04813632662313831,96768.44720926421
0.04815221542612291,96868.20985764789
0.048167019655124495,96968.09080035216
0.04818010605885961,97068.09019592893
0.04819084178190919,97168.20820315662
0.0481985943577408,97268.444981054
0.048202731713023896,97368.8006888733
0.04820262216563304,97469.27548610407
0.048197634425640325,97569.86953247181
0.048187137595974795,97670.5829879356
0.04817050116909921,97771.41601269675
0.048147095030657554,97872.36876719263
0.04811628945913459,97973.44141209539
0.048077455123530684,98074.63410831739
0.04802996308501482,98175.94701700928
0.047973184795926355,98277.38029956276
0.047906613088337414,98378.93411760722
0.04783052220989498,98480.60863300787
0.04774607029284166,98582.40400787885
0.04765463893457707,98684.32040456607
0.04755760905708375,98786.35798566477
0.047456360732492216,98888.51691400202
0.04735227317555568,98990.79735265221
0.04724672474694571,99093.1994649339
0.04714109295585455,99195.72341440181
0.04703675445415805,99298.36936486061
0.04693508504227051,99401.13748035318
0.046837459666552686,99504.02792516406
0.046745252415795274,99607.04086383127
0.046659836529278305,99710.17646112817
0.046582584390344454,99813.434882075
0.04651486752771085,99916.81629193941
0.046458056616764,100020.32085623391
0.04641352147893434,100123.94874071711
0.04638263108266664,100227.70011139076
0.04636670166672129,100331.5751345099
0.046366268701548585,100435.5739765728
0.046380602518459754,100539.69680432294
0.04640842463490835,100643.94378475708
0.04644844485108857,100748.31508511477
0.046499373761990447,100852.81087289323
0.046559922765985126,100957.43131582683
0.046628804054617334,101062.17658191023
0.04670473062087773,101167.04683938243
0.04678641625536466,101272.04225673285
0.04687257554562343,101377.16300270535
0.04696192387901377,101482.40924629179
0.0470531774401302,101587.7811567375
0.04714505321206801,101693.2789035395
0.04723626897705626,101798.902656444
0.04732554331353229,101904.65258545452
0.04741159559870307,102010.5288608277
0.04749314600918188,102116.53165307046
0.04756891551739874,102222.6611329491
0.047637630499157,102328.91747147652
0.04769829452304724,102435.30083992927
0.04775060232395597,102541.81140983275
0.04779470327946836,102648.44935297055
0.04783078240560675,102755.21484138325
0.04785902460568784,102862.10804736763
0.04787961466967149,102969.1291434786
0.04789273727612461,103076.27830252369
0.04789857698862296,103183.55569757197
0.047897318257716474,103290.9615019522
0.047889145422239134,103398.49588924891
0.04787424270734732,103506.15903330642
0.04785279422452233,103613.95110823086
0.04782498397418654,103721.87228838302
0.04779099584113107,103829.92274839008
0.047751013598764706,103938.1026631373
0.04770522090748137,104046.41220777048
0.04765380131498711,104154.85155769519
0.04759693825337712,104263.42088858644
0.047534815050413286,104372.12037637392
0.04746765139899145,104480.95019725215
0.04739582717818641,104589.91052768339
0.04731987213279379,104699.00154438768
0.04724034193593485,104808.22342435305
0.047157791915486254,104917.57634483025
0.04707277705279776,105027.06048333543
0.04698585198238668,105136.67601765251
0.0468975709945108,105246.42312582604
0.04680848803005882,105356.30198617515
0.046719156688229804,105466.31277727456
0.046630130216656775,105576.45567797925
0.04654196152256336,105686.7308673984
0.046455203161651644,105797.13852492161
0.04637040734731785,105907.67883019958
0.046288125945904965,106018.35196315216
0.04620891047703878,106129.1581039703
0.046133312114273524,106240.09743311537
0.04606188168479237,106351.17013132099
0.045995169672550365,106462.37637958278
0.04593369722790069,106573.71635918037
0.04587772315649814,106685.19025165243
0.04582716078170978,106796.79823881848
0.04578181047051571,106908.54050276626
0.045741471990691174,107020.41722585837
0.04570594523532425,107132.42859072695
0.045675030218773734,107244.57478028598
0.045648527082876186,107356.85597771563
0.04562623609135336,107469.27236647504
0.04560795763353064,107581.82413029425
0.04559349222030615,107694.5114531858
0.04558264048910105,107807.3345194329
0.045575203200757794,107920.2935135953
0.045570981238610565,108033.38862051466
0.04556977561311833,108146.62002530157
0.04557138745474861,108259.98791335487
0.045575618022011474,108373.49247034211
0.04558226869434505,108487.13388221654
0.04559114097736482,108600.91233520552
0.04560203649915046,108714.82801581967
0.0456147570124039,108828.8811108489
0.04562910439382643,108943.07180736374
0.04564488064504143,109057.4002927122
0.04566188788949645,109171.86675452974
0.04567992837585944,109286.47138073205
0.04569880447832428,109401.21435951162
0.04571831869134469,109516.09587935376
0.045738273637984224,109631.11612901515
0.04575847206031537,109746.27529754868
0.04577871682777182,109861.57357428498
0.04579881093342926,109977.01114883817
0.04581855749368841,110092.58821110832
0.04583775974764861,110208.30495128594
0.04585622106082161,110324.16155984138
0.04587374492078612,110440.1582275355
0.045890134939971426,110556.29514541425
0.04590519485441037,110672.57250481157
0.04591872852311346,110788.9904973529
0.045930539932096205,110905.5493149427
0.045940433186613124,111022.24914978669
0.045948212519532135,111139.09019437198
0.045953682286671654,111256.07264147609
0.04595664696648418,111373.19668417085
0.04595691116315284,111490.46251581416
0.04595427960254904,111607.87033006115
0.04594855713750183,111725.4203208501
0.04593954874127553,111843.11268241992
0.045927059512526215,111960.94760930019
0.04591089467498193,112078.925296309
0.04589085957433711,112197.0459385622
0.04586675967979606,112315.30973147255
0.04583840058592299,112433.71687074391
0.045805588011701724,112552.26755237134
0.04576812779713036,112670.96197265311
0.04572582590785057,112789.80032818046
0.04567848843297521,112908.78281584161
0.0456259215866203,113027.90963281709
0.045567931702975455,113147.18097659621
0.0455043813975286,113266.59704495358
0.045435465423082876,113386.15803597277
0.045361738882631515,113505.86414802918
0.045283841139908854,113625.71557980061
0.045202411177935255,113745.71253026681
0.04511808757829919,113865.855198705
0.04503150851934796,113986.14378469405
0.04494331177682192,114106.57848811446
0.0448541347238777,114227.15950914871
0.04476461433050949,114347.8870482842
0.04467538716538129,114468.76130630812
0.04458708939433935,114589.78248431075
0.04450035677894368,114710.95078369284
0.04441582468218312,114832.26640614787
0.04433412805981972,114953.72955368733
0.04425590146938335,115075.34042861767
0.044181779062734766,115197.09923355983
0.04411239459264075,115319.00617143187
0.044048381406262715,115441.06144546752
0.04399035240430399,115563.26525920711
0.04393865309982248,115685.61781649003
0.043893215666930045,115808.11932147568
0.043853803058503615,115930.76997862711
0.043820175280109785,116053.56999271529
0.043792092486228965,116176.51956882581
0.04376931498318936,116299.618912351
0.04375160322797944,116422.86822899149
0.04373871782471804,116546.26772477059
0.04373041953198558,116669.81760601289
0.04372646925635583,116793.51807936067
0.04372662805649531,116917.36935176348
0.04373065713816994,117041.37163049483
0.0437383178609784,117165.5251231333
0.04374937173218693,117289.83003757923
0.043763580412289886,117414.28658203888
0.04378070570884358,117538.89496504315
0.043800509581734814,117663.65539543438
0.04382275414023837,117788.56808237388
0.04384720164447389,117913.6332353385
0.04387361450422281,118038.85106412454
0.04390175528009222,118164.22177884504
0.04393138668262486,118289.74558993215
0.04396227157228782,118415.42270813877
0.043994172960050454,118541.25334453717
0.044026854007669224,118667.23771051766
0.044060078025910956,118793.37601779465
0.044093608476013985,118919.66847840468
0.04412720897056282,119046.1153047019
0.044160643271119446,119172.71670936563
0.04419367528968608,119299.4729053978
0.04422606908751322,119426.38410612775
0.044257588878043236,119553.45052520258
0.04428799902365093,119680.67237659586
0.04431706403592408,119808.04987461002
0.04434454857802017,119935.58323386958
0.04437021746199292,120063.2726693286
0.044393835651444204,120191.1183962634
0.044415168272132384,120319.12063027882
0.04443400420504919,120447.2795873141
0.04445022841091399,120575.5954836245
0.04446381208043067,120704.06853581042
0.04447474024967283,120832.69896078229
0.044482997958146274,120961.48697579972
0.04448857026035934,121090.43279844186
0.04449144222018408,121219.5366466186
0.04449159890937134,121348.7987385801
0.04448902541378016,121478.21929289718
0.04448370682566291,121607.79852848426
0.0444756282504866,121737.53666458129
0.04446477480218577,121867.43392076655
0.044451131605830474,121997.4905169505
0.0444346837964388,122127.7066733791
0.04441541651838441,122258.08261063785
0.044393314928945445,122388.61854963913
0.04436836419209059,122519.31471164254
0.04434054948498479,122650.17131823701
0.044309855993257194,122781.18859135368
0.0442762833159792,122912.36675326109
0.0442399490551625,123043.70602656416
0.044201119665236384,123175.20663421205
0.044160106961486464,123306.86879948742
0.04411722274953297,123438.69274602312
0.04407277864037019,123570.67869778138
0.0440270860424564,123702.82687907838
0.043980456169941645,123835.1375145604
0.0439332000353577,123967.61082922481
0.043885628453738,124100.24704841204
0.04383805204204569,124233.04639780612
0.043790781220642415,124366.00910342764
0.04374412620777466,124499.13539165424
0.043698397025996975,124632.42548920361
0.043653903499565036,124765.87962313791
0.04361095525329467,124899.49802086962
0.0435698617146093,125033.28091015661
0.04353093211181965,125167.22851910774
0.04349447547674282,125301.34107617429
0.0434607960014064,125435.61881016509
0.04343009902559101,125570.06195022994
0.043402408276875304,125704.6707258764
0.04337765668372366,125839.44536695992
0.04335577388982853,125974.38610368516
0.04333668958223491,126109.49316661112
0.04332033349220148,126244.76678665029
0.04330663539491079,126380.20719507069
0.0432955251120474,126515.8146234852
0.04328693250605475,126651.58930387194
0.04328078748701838,126787.53146855313
0.04327702000549169,126923.64135021885
0.04327556005966147,127059.91918190537
0.04327633768989717,127196.36519701077
0.0432792829818994,127332.97962928683
0.04328432606440464,127469.76271284698
0.043291397110614874,127606.71468216358
0.04330042633933886,127743.8357720623
0.043311344010978144,127881.12621773724
0.043324080333345644,128018.58625473501
0.04333855305329118,128156.21611896649
0.04335464326910885,128294.01604670487
0.043372205039760955,128431.98627458513
0.043391089697449384,128570.1270396023
0.0434111486676077,128708.43857912108
0.04343223347348227,128846.92113086014
0.04345419572981196,128985.57493291365
0.043476887148844665,129124.40022373409
0.04350015953717267,129263.3972421398
0.04352386479486043,129402.5662273214
0.04354785491945869,129541.90741882776
0.04357198200053515,129681.42105658467
0.043596098225702554,129821.10738087547
0.04362005587428283,129960.96663236205
0.043643707321899775,130100.99905207343
0.04366690503960766,130241.20488140592
0.04368950159330736,130381.58436212473
0.04371134964171912,130522.13773637416
0.04373230194098267,130662.86524666262
0.04375221134003778,130803.76713587703
0.043770930784362776,130944.84364727198
0.043788313313080425,131086.09502447853
0.0438042120598137,131227.5215115046
0.043818480254408154,131369.1233527279
0.04383097121974698,131510.90079290746
0.04384153837520516,131652.85407717305
0.043850035233463994,131794.9834510354
0.04385631540223435,131937.2891603834
0.04386023258568949,132079.77145147655
0.043861640579257816,132222.4305709653
0.04386039327683261,132365.26676586797
0.04385634466440815,132508.28028358976
0.043849348823247015,132651.47137191676
0.043839259930734245,132794.84027901018
0.04382593225661638,132938.38725342083
0.04380922016703054,133082.11254407733
0.04378897812218579,133226.01640029252
0.04376506067606703,133370.0990717674
0.04373733702803924,133514.36080857622
0.043705849182222506,133658.80186119146
0.04367089435242929,133803.42248046552
0.043632868035807265,133948.2229176366
0.04359216688450386,134093.20342432917
0.04354918729474322,134238.36425256007
0.04350432540914449,134383.70565473192
0.04345797711645665,134529.22788363096
0.043410538047304756,134674.93119244653
0.043362403581922324,134820.81583474454
0.043313968842761154,134966.882064491
0.04326562870021583,135113.1301360344
0.04321777776696365,135259.5603041266
0.04317081040339217,135406.1728239068
0.04312512071534993,135552.96795090573
0.04308110255304425,135699.94594105246
0.04303914951276815,135847.10705066985
0.04299965493664343,135994.45153647504
0.0429630119123654,136141.97965558048
0.04292961012556266,136289.6916655033
0.042899716748699517,136437.5878241427
0.04287332676420865,136585.6683898151
0.04285027223623391,136733.9336212237
0.042830375298687044,136882.3837774723
0.042813458198615297,137031.0191180684
0.04279934329759293,137179.8399029194
0.04278785307170747,137328.84639233144
0.04277881010986688,137478.03884701687
0.042772037115468606,137627.4175280901
0.04276735690582631,137776.98269706898
0.04276459241271771,137926.73461587296
0.042763566680693366,138076.67354683025
0.04276410286902199,138226.79975267244
0.04276602425000038,138377.11349654075
0.04276915421117831,138527.61504197813
0.042773316252548835,138678.30465293973
0.04277833398905205,138829.18259378494
0.04278403114804658,138980.24912928801
0.0427902315585334,139131.5045246312
0.04279674945379468,139282.94904540142
0.04280336259835909,139434.58295760027
0.04280981738896296,139586.40652764944
0.04281585576827181,139738.42002236692
0.04282121984156205,139890.62370899884
0.042825651883969425,140043.01785519725
0.04282889433683506,140195.60272903024
0.04283068980796612,140348.37859898445
0.042830781074130644,140501.3457339538
0.04282891107572861,140654.50440326202
0.04282482292375747,140807.85487663775
0.04281825989364565,140961.39742423524
0.04280896542802627,141115.1323166291
0.04279668313867021,141269.05982480338
0.04278115680116322,141423.18022017292
0.042762130359907884,141577.49377456802
0.042739347925314156,141732.000760243
0.042712553775172454,141886.70144987272
0.04268149235379648,142041.59611655542
0.04264595297515674,142196.6850338148
0.042606058159432754,142351.96847559683
0.042562333135603904,142507.44671627646
0.04251541752777614,142663.12003065026
0.04246595083524724,142818.98869394115
0.04241457214272446,142975.0529818013
0.04236192012037896,143131.313170315
0.042308633026651866,143287.76953598636
0.04225534870334226,143444.42235575893
0.04220270458144029,143601.27190699504
0.04215133767485356,143758.3184675
0.04210188458622785,143915.56231550334
0.04205498150315567,144073.00372967144
0.042011264201512535,144230.6429890953
0.04197136804113418,144388.48037330844
0.04193592796860628,144546.5161622814
0.04190557851976437,144704.75063640805
0.04188095381402325,144863.18407652777
0.04186268755851806,145021.81676391498
0.041851394841380014,145180.64898028146
0.04184735426464942,145339.6810077743
0.0418502561607046,145498.91312898672
0.0418595122490779,145658.3456269404
0.041874526023733004,145817.97878510848
0.04189470136639094,145977.8128874011
0.041919442544308724,146137.84821817244
0.04194815421295087,146298.08506220812
0.04198024140914232,146458.52370475646
0.04201510955944954,146619.16443149844
0.04205216447632727,146780.00752855605
0.042090812355342636,146941.05328250834
0.04213045978030275,147102.3019803731
0.04217051372020837,147263.7539096154
0.04221038152892957,147425.40935815184
0.04224947094597355,147587.26861435
0.04228719009835115,147749.33196701814
0.04232294749669719,147911.59970542032
0.04235615203713271,148074.07211927397
0.04238621418116203,148236.74949874403
0.04241265262337063,148399.63213444903
0.042435283193911044,148562.72031746095
0.04245413163104448,148726.01433930878
0.04246924330588507,148889.51449197088
0.042480663559622496,149053.22106788587
0.04248843770599585,149217.13435994438
0.04249261102855054,149381.25466150197
0.04249322878421186,149545.582266365
0.04249033620081631,149710.11746879862
0.04248397847656611,149874.86056353286
0.04247420078305168,150039.81184574997
0.042461048260863214,150204.97161110342
0.04244456602453402,150370.34015569952
0.04242479915788025,150535.9177761156
0.04240179271921166,150701.7047693792
0.04237559173448591,150867.70143299684
0.04234624120361244,151033.9080649333
0.042313786097715606,151200.32496361836
0.04227827135913879,151366.95242794912
0.042239773030588346,151533.79075728974
0.0421985225336101,151700.84025147438
0.04215490644717933,151868.10121080396
0.04210934211605226,152035.57393605268
0.042062246614492385,152203.25872845954
0.04201403674359148,152371.15588973975
0.04196512903347828,152539.26572207778
0.041915939742270376,152707.58852813166
0.04186688485584413,152876.12461103633
0.041818380089761124,153044.8742743954
0.04177084088606865,153213.83782229584
0.041724682417917665,153383.0155592889
0.041680319584216724,153552.40779041252
0.041638167013438754,153722.0148211802
0.04159863906231502,153891.83695758565
0.041562149817211604,154061.8745060966
0.041529113091758135,154232.12777366576
0.04149994242902858,154402.59706772416
0.04147505110077625,154573.28269618363
0.04145482105878219,154744.1849674473
0.041439303656043064,154915.30419038766
0.041428083577567755,155086.640674375
0.041420576606842854,155258.1947292534
0.04141619707341575,155429.9666653637
0.04141435969144474,155601.95679352427
0.04141447955591622,155774.1654250449
0.04141597214392238,155946.59287172477
0.04141825331487337,156119.23944585194
0.04142073931044098,156292.1054602028
0.041422846753972745,156465.1912280452
0.04142399265043739,156638.49706314044
0.04142359438716619,156812.02327974013
0.041421069733001005,156985.77019259002
0.04141583683744058,157159.7381169365
0.04140731423510248,157333.92736850405
0.04139492083769586,157508.33826353145
0.04137807594113879,157682.97111874638
0.04135619922231407,157857.8262513753
0.041328720481526325,158032.90397913993
0.04129538382032408,158208.20462026395
0.04125659436836161,158383.72849347402
0.04121313399199615,158559.4759179901
0.041165804376516596,158735.44721354468
0.04111540668470723,158911.64270036673
0.041062741555597956,159088.0626991833
0.041008609101123694,159264.70753123995
0.04095380891251502,159441.57751827338
0.0408991400543299,159618.67298253675
0.040845401068994855,159795.9942467828
0.04079338997373727,159973.5416342774
0.04074390426223777,160151.31546879566
0.0406977409057476,160329.31607461497
0.040655696349779794,160507.54377653234
0.04061856651809718,160685.99889984878
0.04058714680940824,160864.68177038437
0.04056223209978781,161043.59271447058
0.04054461674353132,161222.73205894267
0.040535093995816764,161402.10013116448
0.040534233387834295,161581.69725901377
0.04054182241915169,161761.523770876
0.04055700339216289,161941.57999566375
0.040578832826488935,162121.86626279878
0.04060636785745028,162302.38290223153
0.04063866623908201,162483.13024443007
0.040674786344301474,162664.1086203751
0.04071378716066282,162845.3183615824
0.04075472829571272,163026.75980008033
0.040796669972220576,163208.43326843018
0.04083867303276457,163390.3390997051
0.040879798933911436,163572.47762751768
0.04091910975184846,163754.84918599666
0.04095566817838051,163937.4541098019
0.040988537521352154,164120.29273412825
0.041016781708471256,164303.36539468306
0.04103946528041851,164486.67242771896
0.041055653396237575,164670.2141700145
0.04106441183167064,164853.99095887682
0.04106490118142105,165038.00313215778
0.04105692284717414,165222.25102822
0.04104102060084249,165406.73498598643
0.041017934362484104,165591.45534489516
0.04098840382049277,165776.4124449375
0.040953168181649575,165961.60662662756
0.040912966165191945,166147.03823102824
0.040868536007064915,166332.70759973582
0.04082061545843053,166518.61507488423
0.04076994178340893,166704.7609991621
0.040717251765386375,166891.1457157815
0.04066328170008312,167077.76956850948
0.040608767399526256,167264.6329016562
0.040554444192636416,167451.7360600688
0.04050104692194898,167639.07938914967
0.040449309947306056,167826.66323484192
0.040399967143613894,168014.48794363905
0.04035375190169465,168202.55386258446
0.04031139713041247,168390.86133925756
0.04027361615564593,168579.41072181234
0.04024081316012546,168768.20235893293
0.040212877608370855,168957.23659986613
0.040189468262002405,169146.51379440812
0.04017023820401915,169336.0342929136
0.04015484074681077,169525.79844628222
0.04014292942727871,169715.80660598513
0.040134158012915734,169906.05912403745
0.04012818049692748,170096.55635301876
0.04012465110099814,170287.2986460629
0.04012322427321739,170478.28635686834
0.040123554689315444,170669.51983969493
0.040125297253389446,170860.9994493585
0.04012810709583019,171052.72554124112
0.040131639574303477,171244.69847128988
0.04013555027396689,171436.918596016
0.04013949500717731,171629.38627249643
0.0401431298139621,171822.101858371
0.04014611096071006,172015.0657118504
0.04014809608536936,172208.27819171493
0.04014882240303614,172401.7396573159
0.04014823253179155,172595.450468569
0.04014640777723513,172789.41098596877
0.04014344102901762,172983.62157057138
0.04013942511268984,173178.0825840223
0.040134452796062,173372.79438852632
0.04012861678362589,173567.75734687274
0.040122009719359315,173762.9718224276
0.04011472418724253,173958.43817912805
0.040106852708985175,174154.1567814953
0.04009848774606624,174350.12799462696
0.04008972169847638,174546.3521842037
0.04008064690599404,174742.82971648307
0.04007135564591823,174939.56095831393
0.04006194013662279,175136.5462771186
0.04005249253452742,175333.7860409065
0.04004310493436405,175531.2806182779
0.04003386937120954,175729.03037841409
0.0400248778175489,175927.0356910907
0.04001621133591867,176125.2969266569
0.040007901003196726,176323.81445606888
0.039999930011069246,176522.58865086513
0.039992272769486095,176721.61988317338
0.03998490370423942,176920.90852571873
0.039977797258475056,177120.45495181886
0.039970927892940405,177320.25953538023
0.039964270083210005,177520.32265091638
0.03995779832346281,177720.64467353054
0.03995148712496598,177921.22597891928
0.03994531101405855,178122.06694338733
0.039939244535169956,178323.1679438348
0.03993326225031237,178524.52935775556
0.03992733873555709,178726.1515632613
0.03992144858631311,178928.03493905626
0.0399155664153108,179130.17986444128
0.039909666848328626,179332.58671934402
0.039903724532982986,179535.25588427304
0.03989771412943175,179738.1877403634
0.03989161146694697,179941.38266934652
0.03988540340350699,180144.84105356893
0.039879091689756195,180348.56327598647
0.039872683134646474,180552.54972016398
0.03986618458241096,180756.80077027765
0.03985960287151595,180961.3168111252
0.039852944838169486,181166.0982281065
0.03984621731181288,181371.14540724817
0.03983942711837773,181576.4587351905
0.03983258108053581,181782.03859918192
0.039825686013946475,181987.88538710232
0.03981874873126138,182193.9994874464
0.039811776041123174,182400.3812893242
0.03980477474541779,182607.03118248156
0.03979775164402348,182813.94955727563
0.03979071353206124,183021.13680468415
0.03978366719765069,183228.59331632586
0.03977661942765258,183436.31948442926
0.039769577002177425,183644.31570186006
0.039762546697083075,183852.58236211428
0.03975553528571992,184061.11985930434
0.03974854953394588,184269.92858818907
0.03974159620585985,184479.00894414497
0.03973468205857018,184688.36132319467
0.03972781384742564,184897.98612197937
0.039720998320041126,185107.88373779313
0.03971424222227241,185318.0545685534
0.03970755229498049,185528.49901281367
0.03970093527303915,185739.21746977465
0.03969439788807138,185950.21033927213
0.039687946867206364,186161.47802178084
0.03968158893283153,186373.02091841778
0.03967533080284247,186584.83943094267
0.039669179190147424,186796.9339617631
0.039663140804156935,187009.30491392626
0.039657222349543476,187221.9526911246
0.03965143052549959,187434.87769770453
0.03964577202796967,187648.08033865475
0.039640253518657784,187861.56101961466
0.03963487479884254,188075.3201468762
0.03962961329817228,188289.3581273784
0.03962442876162661,188503.6753687224
0.039619278809675675,188718.2722791526
0.039614121089491465,188933.1492675751
0.03960891327741814,189148.30674354697
0.03960361307649282,189363.74511729195
0.03959817822014998,189579.46479967958
0.03959256646825897,189795.46620224632
0.03958673560835666,190011.74973719625
0.0395806434591001,190228.31581737648
0.03957424786359128,190445.1648563168
0.03956750669505323,190662.29726820457
0.039560377855588566,190879.7134678848
0.03955281927419999,191097.41387087415
0.039544788907032995,191315.39889336622
0.03953624474082204,191533.66895221005
0.03952714478894029,191752.22446493013
0.03951744709287375,191971.06584972347
0.03950711663440187,192190.19352545467
0.03949616138104521,192409.60791167355
0.0394846370640251,192629.3094285847
0.039472611096161896,192849.29849708854
0.039460150854425426,193069.5755387494
0.039447323669269084,193290.14097581903
0.039434196827341804,193510.99523122422
0.0394208375705129,193732.138728571
0.03940731309637099,193953.5718921419
0.03939369055529073,194175.29514691868
0.03938003705559087,194397.3089185544
0.039366419659864635,194619.61363339005
0.03935290538572448,194842.2097184554
0.03933956120678946,195065.09760146297
0.03932645405073693,195288.277710822
0.03931365080175704,195511.75047562554
0.03930121829884955,195735.51632565935
0.03928922333632138,195959.57569140184
0.039277732663552146,196183.92900402722
0.03926681298549089,196408.5766954039
0.03925653096266369,196633.51919809455
0.03924695321020815,196858.756945364
0.03923814630031904,197084.2903711638
0.03923017675787196,197310.11991016153
0.039223111065547,197536.2459977131
0.03921701565945543,197762.669069888
0.03921195693352826,197989.38956344378
0.03920800123441639,198216.4079158574
0.039205214865635885,198443.72456530618
0.03920366408563047,198671.3399506776
0.039203415109967596,198899.25451155388
0.039204534106730624,199127.46868824412
0.039207087200416366,199355.98292176815
0.03921114047340095,199584.79765383975
0.03921675995987566,199813.91332690636
0.03922401165217237,200043.3303841168
0.039232961496642745,200273.04926934282
0.03924367539536778,200503.07042717395
0.039256216728617545,200733.39430290897
0.039270514285318706,200964.0213425755
0.039286169205241556,201194.95199291775
0.039302571460027746,201426.18670140934
0.039319095617856376,201657.72591623652
0.03933511666417171,201889.57008631318
0.03935001000184134,202121.71966128546
0.03936315145301832,202354.17509152042
0.03937391725735407,202586.93682811508
0.03938168407191357,202820.00532290034
0.03938582897303755,203053.38102842838
0.039385729452606905,203287.06439799716
0.03938076342233817,203521.05588562612
0.039370309210047895,203755.35594607686
0.039353745562000955,203989.96503484118
0.03933045164063504,204224.88360815658
0.03929980702666414,204460.1121229948
0.03926119171850358,204695.65103706188
0.03921398612975972,204931.50080881835
0.039157571151179515,205167.661897455
0.03909153926852931,205404.13476291383
0.0390163805422447,205640.91986587853
0.03893340998365582,205878.01766778008
0.03884408088091724,206115.42863080377
0.03874984555269228,206353.15321786673
0.03865215534212624,206591.19189266142
0.03855246062469923,206829.54511961003
0.03845221080221299,207068.21336389973
0.03835285430633164,207307.19709146774
0.03825583859759115,207546.4967690078
0.03816261016536741,207786.11286397505
0.03807461452925553,208026.04584457958
0.03799329623949682,208266.29617978085
0.03792009887296907,208506.8643393229
0.0378564650401792,208747.75079369248
0.037803836380082265,208988.95601414886
0.03776365356308807,209230.4804727105
0.03773735628893826,209472.3246421728
0.03772638329085959,209714.48899608027
0.03773205543886821,209956.97400877418
0.03775467996980595,210199.78015533875
0.037793253790487036,210442.90791164117
0.03784635790687407,210686.35775433164
0.03791257202821871,210930.13016081997
0.037990476812069886,211174.22560929778
0.038078653865235186,211418.6445787379
0.03817568574545561,211663.38754887902
0.038280155956525536,211908.4550002616
0.0383906489551258,212153.8474141811
0.03850575014240679,212399.56527274317
0.03862404587202624,212645.60905881238
0.038744123443349335,212891.97925605197
0.03886457110359641,213138.67634891864
0.038983978050747325,213385.70082263643
0.039100934426186854,213633.0531632477
0.039214031323822486,213880.7338575534
0.039321860780064374,214128.74339317565
0.03942301578202055,214377.0822585101
0.039516108735300384,214625.75094276122
0.039600180965793534,214874.7499359203
0.039675085001210635,215124.0797287904
0.0397410913178294,215373.74081294966
0.03979848700337262,215623.73368080685
0.039847558958933216,215874.05882554944
0.03988859389244109,216124.71674118063
0.03992187832162481,216375.707922509
0.03994769857478719,216627.0328651396
0.039966340787422415,216878.69206549984
0.03997809090714669,217130.68602080925
0.039983234687867755,217383.01522911858
0.03998205769593996,217635.68018927396
0.0399748453062908,217888.6814009369
0.03996188270148307,218142.01936460083
0.03994345487737905,218395.69458155183
0.03991984663633584,218649.70755391178
0.03989134259213305,218904.05878461347
0.039858227167571425,219158.74877741438
0.03982078459597625,219413.77803688898
0.039779298919289524,219669.147068444
0.039734053990302894,219924.8563783068
0.03968533347244963,220180.90647352271
0.03963342083645184,220437.29786198493
0.03957859936569731,220694.03105240117
0.03952115215312419,220951.10655430896
0.039461362100061244,221208.52487809135
0.03939951192037006,221466.28653495008
0.03933588413542654,221724.39203694006
0.0392707610799348,221982.84189693216
0.039204424895961924,222241.6366286531
0.039137157537301875,222500.77674666297
0.03906924076855163,222760.26276635713
0.03900095616253266,223020.09520399035
0.038932585105336086,223280.27457664278
0.03886440879136382,223540.80140225252
0.03879670822646329,223801.6761996
0.03872976422654561,224062.89948831795
0.0386638574183381,224324.4717888885
0.03859924760020045,224586.39362264334
0.03853607676214343,224848.66551176604
0.038474361347072376,225111.2879793029
0.03841408931914317,225374.26154915194
0.03835524864672663,225637.58674606506
0.03829782730501073,225901.26409565995
0.038241813277636,226165.29412441148
0.03818719455552686,226429.67735965995
0.03813395913758878,226694.41432960902
0.03808209503070555,226959.5055633255
0.03803159024950507,227224.95159074158
0.037982432815202964,227490.75294266865
0.03793461075883704,227756.91015077283
0.037888112117337544,228023.4237476033
0.03784292493583768,228290.29426658244
0.03779903726812744,228557.5222419994
0.03775643717458231,228825.10820902692
0.03771511272400223,229093.05270371155
0.0376750519924617,229361.35626298262
0.03763624306399543,229630.0194246496
0.037598674031052486,229899.04272739717
0.03756233299198389,230168.42671080888
0.03752720805492145,230438.17191534006
0.03749328733412627,230708.27888234414
0.03746055895317582,230978.74815405073
0.03742901104132337,231249.58027359593
0.03739863173781501,231520.77578499095
0.03736940918711863,231792.3352331599
0.03734133154481976,232064.25916389463
0.03731438696991572,232336.54812391612
0.03728856363228892,232609.2026608254
0.037263849709757275,232882.2233231144
0.037240233384913175,233155.61066020062
0.03721770285099393,233429.36522238568
0.03719624630736498,233703.48756088509
0.03717585196177436,233977.97822781652
0.037156508029449004,234252.8377762065
0.03713820273286918,234528.06675999606
0.037120924196495195,234803.66573402844
0.03710465589058009,235079.63525406958
0.03708937058712923,235355.97587678995
0.03707503448215064,235632.68815978098
0.03706161335730166,235909.77266155614
0.03704907301827003,236187.22994153894
0.03703737929207938,236465.0605600865
0.0370264980306681,236743.26507846251
0.03701639510707736,237021.84405886676
0.03700703641835638,237300.79806441738
0.03699838788287249,237580.12765917432
0.03699041544410774,237859.8334081099
0.03698308506752246,238139.9158771289
0.03697636273988159,238420.3756330848
0.036970214473716116,238701.21324374224
0.036964606301512305,238982.4292778231
0.03695950428084102,239264.02430497127
0.036954874490780956,239545.99889577838
0.036950683033475804,239828.35362177782
0.03694689603502085,240111.08905543434
0.03694347964278174,240394.20577016802
0.036940400027619204,240677.70434034232
0.036937623383437014,240961.58534126548
0.03693511592628642,241245.8493492013
0.0369328438963646,241530.49694135232
0.03693077355489219,241815.52869588748
0.03692887118722499,242100.94519192152
0.036927103100845064,242386.74700952956
0.03692543562691282,242672.93472973572
0.036923835117148154,242959.5089345444
0.036922267949606756,243246.47020689183
0.03692070052155956,243533.81913070288
0.03691909925526754,243821.55629085342
0.036917430595086176,244109.68227318808
0.03691566100835005,244398.19766451704
0.03691375698403427,244687.1030526314
0.036911685035413755,244976.3990262826
0.03690941169805924,245266.0861751954
0.03690690352916631,245556.16509008058
0.03690412711087891,245846.63636260672
0.036901049045180795,246137.50058544445
0.03689763595987914,246428.75835221988
0.03689385450261077,246720.4102575633
0.036889671345937534,247012.45689707267
0.036885053183792524,247304.89886734038
0.0368799667332488,247597.73676594422
0.036874378734291856,247890.97119144845
0.036868255949370515,248184.60274340888
0.03686156516361352,248478.63202237396
0.036854273184381656,248773.0596298916
0.036846346842810275,249067.88616849625
0.03683775299137095,249363.11224173085
0.03682845850651941,249658.73845412728
0.03681843028647905,249954.76541122427
0.036807635251678524,250251.19371957087
0.036796040346953544,250548.02398670526
0.0367836125375681,250845.25682119012
0.03677031881406231,251142.8928325737
0.03675612722570414,251440.932631445
0.036741026634885585,251739.3768293786
0.03672504333268974,252038.22603897992
0.036708221894073016,252337.48087385614
0.03669060748636609,252637.14194864637
0.036672245247081924,252937.20987900847
0.036653180285456465,253237.68528159638
0.036633457675652174,253538.5687741278
0.036613122465544386,253839.86097531568
0.0365922196708037,254141.56250490888
0.036570794276878135,254443.673983684
0.03654889123834376,254746.19603345374
0.03652655548066082,255049.12927705035
0.03650383189690303,255352.47433835763
0.0364807653516975,255656.23184228013
0.036457400677956185,255960.4024147693
0.036433782678630275,256264.98668281466
0.03640995612693306,256569.98527443924
0.036385965763736774,256875.3988187287
0.036361856302365825,257181.22794578958
0.03633767242295059,257487.4732867985
0.03631345877743345,257794.13547396474
0.03628925998610155,258101.2151405579
0.03626512063933032,258408.71292089875
0.03624108529759022,258716.6294503573
0.03621719849037147,259024.96536536486
0.036193504716409974,259333.72130341874
0.03617004844563883,259642.8979030632
0.03614687411638696,259952.4958039138
0.0361240261375462,260262.51564664344
0.0361015488866381,260572.95807300112
0.03607948671219094,260883.82372579313
0.036057883931164866,261195.1132489069
0.03603678483111087,261506.82728729636
0.036016233669960346,261818.9664869792
0.0359962746730292,262131.53149507203
0.03597695203796155,262444.5229597492
0.03595830993087473,262757.9415302718
0.03594039248765484,263071.7878569849
0.03592324381439202,263386.06259131315
0.03590690798653213,263700.76638577087
0.035891429049526614,264015.8998939586
0.035876851019052323,264331.46377056127
0.03586321787952577,264647.4586713649
0.03585057358645863,264963.8852532385
0.0358389620639042,265280.7441741569
0.03582842720723822,265598.03609317914
0.03581901287996966,265915.7616704777
0.035810762916518336,266233.92156732053
0.0358037211211566,266552.51644607657
0.035797931267804964,266871.54697022133
0.03579343710025306,267191.01380433724
0.03579028233195443,267510.9176141193
0.03578851064645935,267831.25906637247
0.03578816569721092,268152.03882901516
0.03578929110776459,268473.2575710783
0.035791930471795776,268794.91596270516
0.035796127351408975,269117.0146751747
0.03580192528033163,269439.5543808739
0.035809367761585956,269762.53575331584
0.03581849826813327,270085.9594671389
0.03582936024245688,270409.82619811484
0.035841997098058236,270734.13662313437
0.035856452217339685,271058.89142022806
0.03587276895288642,271384.0912685612
0.035890990628751424,271709.7368484162
0.03591116053557222,272035.82884124806
0.035933321938235153,272362.3679296124
0.035957518067800225,272689.3547972401
0.03598379212874358,273016.79012897424
0.036012187292153164,273344.67461083503
0.03604274670148643,273673.0089299742
0.036075513470023884,274001.7937746907
0.036110530680662854,274331.02983443695
0.03614784138571034,274660.71779982897
0.03618748860860013,274990.8583626299
0.036229515342192084,275321.4522157661
0.036273963064496734,275652.5000533265
0.03632082006938721,275984.00257054385
0.036369959180340014,276315.9604638449
0.036421185561588805,276648.37443080364
0.036474300562271876,276981.24517016683
0.03652910566691633,277314.5733818491
0.03658540249410866,277648.3597669513
0.03664299279948221,277982.6050277303
0.036701678471360966,278317.3098676434
0.03676126153591742,278652.4749913005
0.03682154415194098,278988.1011045119
0.03688232861383312,279324.18891427066
0.036943417352013105,279660.73912874307
0.03700461292983361,279997.75245730183
0.03706571804746838,280335.2296104934
0.0371265355388254,280673.17130006326
0.037186868372160224,281011.5782389594
0.03724651965201511,281350.4511413117
0.03730529261699587,281689.79072244966
0.03736299067278014,282029.5976989198
0.03741943601407272,282369.8727884608
0.03747451905158315,282710.61671000975
0.037528187866290016,283051.8301837323
0.03758039870421418,283393.51393097395
0.03763110783810618,283735.6686743238
0.03768027157385125,284078.29513756244
0.03772784624581358,284421.3940457004
0.03777378822037562,284764.96612494905
0.037818053891710765,285109.0121027633
0.037860599686218264,285453.5327078063
0.037901382059402376,285798.5286699751
0.03794035749853808,286144.00072037714
0.03797748251864873,286489.94959137274
0.03801271366695808,286836.37601653876
0.03804600752020573,287183.2807306894
0.038077320685307975,287530.66446987505
0.03810660979912568,287878.52797138767
0.038133831528903366,288226.87197375926
0.03815894257226141,288575.69721676165
0.03818189965673966,288925.0044414131
0.0382026595400132,289274.79438997945
0.03822117900921097,289625.06780598557
0.038237414883150744,289975.82543419336
0.03825132400986338,290327.06802062277
0.03826286326658302,290678.79631256324
0.03827198956288271,291031.01105854014
0.03827865983572616,291383.71300836536
0.03828283105394986,291736.90291310125
0.03828446021645876,292090.5815250727
0.03828350435154402,292444.74959787726
0.03827992051732368,292799.4078863886
0.0382736658030814,293154.55714674125
0.038264697326788916,293510.1981363578
0.038252972237790034,293866.3316139257
0.03823844771432517,294222.9583394212
0.038221080965092157,294580.0790741006
0.03820082922923727,294937.69458049885
0.03817764977500424,295295.8056224452
0.03815149990084466,295654.4129650597
0.03812233693630205,296013.5173747398
0.03809011823887761,296373.119619197
0.038054801198261656,296733.2204674175
0.038016343232087635,297093.82068970427
0.037974701789045724,297454.9210576536
0.037929834348200415,297816.5223441567
0.03788169841698652,298178.625323426
0.03783025153386573,298541.23077097465
0.03777545126742572,298904.339463621
0.03771725521526827,299267.95217950444
0.037655621005108005,299632.0696980807
0.03759050629564041,299996.6928001093
0.03752186877367335,300361.82226768654
0.037449666157198344,300727.45888422057
0.03737385619362194,301093.6034344465
0.037294396660197446,301460.2567044265
0.03721124536336429,301827.4194815621
0.03712436014113136,302195.0925545675
0.03703370109181423,302563.2767135033
0.03693940889943376,302931.9727497775
0.03684210792298775,303301.18145610765
0.03674275750683416,303670.9036265875
0.036642346331913586,304041.1400566266
0.0365418623990823,304411.8915429978
0.0364422930314509,304783.1588838265
0.03634462487626241,305154.94287856447
0.03624984390019172,305527.24432804785
0.03615893539463042,305900.0640344524
0.03607288397290242,306273.40280131914
0.035992673571509995,306647.26143354963
0.0359192874507365,307021.64073739963
0.035853708192739475,307396.5415205078
0.03579691770425387,307771.964591874
0.035749897215937264,308147.91076186433
0.0357136272813096,308524.380842231
0.03568908777923165,308901.37564608926
0.03567725791159775,309278.89598794706
0.035679116205015404,309656.9426836838
0.035695406084245,310035.51655056165
0.03572574044741727,310414.6184072376
0.035768623126969365,310794.2490737551
0.035822345160827954,311174.409371553
0.035885198759793895,311555.10012344347
0.03595547730263413,311936.3221536716
0.03603147534221917,312318.0762878489
0.036111488599565984,312700.36335301003
0.036193813967063775,313083.18417758273
0.03627674950689822,313466.53959139745
0.0363585944492478,313850.43042571336
0.03643764919511528,314234.8575131862
0.03651221531347547,314619.8216878931
0.03658059554221385,315005.3237853244
0.03664109378759061,315391.3646423846
0.03669201512178563,315777.94509742677
0.03673166578767315,316165.0659901942
0.036758353192752044,316552.72816188086
0.03677038591200767,316940.9324551096
0.03676618828147989,317329.6797139221
0.036745350945524405,317718.9707838203
0.036709079698111574,318108.8065117108
0.036659149212456846,318499.1877459773
0.036597338359296065,318890.11533641745
0.03652542478656977,319281.590134296
0.036445184922952414,319673.61299231835
0.03635839397734091,320066.184764636
0.036266825938144835,320459.3063068637
0.03617225357510564,320852.97847606754
0.03607644843858796,321247.20213077764
0.03598118086076127,321641.97813098185
0.035888219955109435,322037.30733813765
0.03579933361760834,322433.1906151655
0.035716288526444616,322829.62882645754
0.035640850142159196,323226.62283788563
0.035574782709230306,323624.1735167883
0.03551984925559023,324022.2817319779
0.03547781159153809,324420.9483537676
0.03545040603130966,324820.17425393837
0.03543864182475667,325219.9603057612
0.03544203441641996,325620.30738400354
0.0354592656951557,326021.21636490506
0.03548897607554639,326422.6881262271
0.03552980690701057,326824.72354721476
0.03558040047169746,327227.3235086121
0.035639399984632676,327630.48889266065
0.03570544959180841,328034.2205831277
0.035777194373207546,328438.5194652692
0.035853280339246014,328843.38642586773
0.03593235443298024,329248.8223532097
0.036013064528398316,329654.82813710097
0.03609405943056549,330061.4046688669
0.03617398887514935,330468.55284135905
0.03625150352856858,330876.2735489534
0.036325254987937816,331284.56768754695
0.036393895779545514,331693.4361545772
0.036456079359629294,332102.87984901655
0.03651046096541218,332512.8996713625
0.03655595979526412,332923.4965236589
0.036592389273797966,333334.67130949453
0.03662028729896883,333746.4249340021
0.036640284493983655,334158.7583038553
0.03665301104795431,334571.6723272952
0.03665909671939556,334985.16791409045
0.036659170831709754,335399.2459755951
0.03665386227816121,335813.90742469754
0.03664379951693966,336229.15317588317
0.036629610578240775,336644.98414514994
0.0366119230557499,337061.40125011094
0.03659136411350967,337478.4054099317
0.03656856048351571,337895.9975453513
0.03654413846584188,338314.17857868597
0.03651872392876653,338732.94943383615
0.0364929423095265,339152.31103627954
0.03646741861360261,339572.26431308454
0.036442777415684816,339992.81019290304
0.03641964285916785,340413.94960597984
0.03639859256577995,340835.68348415743
0.03637990232836864,341258.01276087837
0.03636350451724587,341680.93837116606
0.03634924355030375,342104.4612516785
0.03633696387369474,342528.5823406461
0.036326510037741316,342953.3025779387
0.03631772670149188,343378.6229050201
0.03631045863018804,343804.54426497297
0.03630455069585977,344231.067602498
0.036299847877085706,344658.1938639205
0.036296195259378695,345085.92399718915
0.03629343803536191,345514.2589518718
0.03629142150328206,345943.1996791804
0.036289991069266225,346372.7471319451
0.036288992244795495,346802.90226464684
0.03628827064916745,347233.6660333914
0.03628767200717988,347665.03939593735
0.0362870421505535,348097.02331168647
0.03628622701769278,348529.61874168494
0.036285075907883095,348962.8266486316
0.03628348805454,349396.6479968835
0.03628144412595669,349831.0837524502
0.03627896043044096,350266.13488300645
0.036276054101882706,350701.80235788255
0.03627274226119035,351138.08714809234
0.03626904201899087,351574.9902263038
0.036264970473973764,352012.51256685366
0.03626054471185834,352450.6551457724
0.03625578180767742,352889.4189407606
0.03625069882515829,353328.80493119126
0.03624531281444842,353768.814098149
0.036239640816673586,354209.447424373
0.036233699858353,354650.70589432924
0.03622750695698978,355092.5904941469
0.03622107911672959,355535.1022116683
0.03621443333001931,355978.2420364417
0.03620758657823029,356422.01095971337
0.03620055583145532,356866.40997442673
0.036193358046652406,357311.44007525453
0.036186010170126924,357757.102258575
0.03617852913691472,358203.3975224721
0.03617093186851741,358650.32686677744
0.036163235277442855,359097.8912930109
0.03615545626184703,359546.0918044513
0.036147611710278804,359994.92940608336
0.03613971849838691,360444.4051046382
0.03613179349057145,360894.51990858023
0.03612385353998569,361345.2748281052
0.036115915487512314,361796.6708751581
0.03610799616176754,362248.70906344405
0.03610011238218623,362701.39040838083
0.03609228095327226,363154.7159271799
0.03608451867097084,363608.686638771
0.03607684231671614,364063.30356387823
0.036069268662977924,364518.56772495643
0.03606181446854435,364974.4801462484
0.03605449648180844,365431.0418537528
0.03604733143880441,365888.25387524295
0.03604033299768676,366346.1172402672
0.036033501174939656,366804.6329801565
0.03602682314777339,367263.8021280224
0.0360202838281485,367723.6257187575
0.03601386813843747,368184.1047890404
0.03600756101019472,368645.24037736247
0.03600134738803835,369107.03352397226
0.035995212223514254,369569.4852709627
0.035989140482246725,370032.5966621812
0.03598311713698708,370496.36874332017
0.03597712717231064,370960.8025618709
0.035971155585019246,371425.89916710136
0.03596518737842411,371891.65961014613
0.035959207568873386,372358.08494393365
0.03595320118268787,372825.176223214
0.03594715325615818,373292.9345045687
0.03594104883656005,373761.3608463982
0.03593487298072599,374230.4563089464
0.03592861075646802,374700.221954286
0.035922248573870934,375170.65884633403
0.035915785074480115,375641.7680508493
0.03590923510982759,376113.55063543207
0.03590261887735895,376586.00766952976
0.035895956595448884,377059.14022446383
0.035889268470707086,377532.94937338156
0.035882574694324605,378007.4361913019
0.03587589544309498,378482.6017551181
0.03586925088043359,378958.4471435859
0.03586266115678703,379434.9734373113
0.03585614640618869,379912.181718809
0.03584972675113072,380390.0730724414
0.03584342229891832,380868.6485844624
0.03583725314309372,381347.90934300877
0.03583123936283235,381827.85643811326
0.03582540102436428,382308.4909616853
0.03581975817875221,382789.8140075449
0.03581433086452638,383271.8266713907
0.035809139104451805,383754.5300508487
0.035804202078079723,384237.9252454276
0.03579951790030515,384722.01335655444
0.035795043620212026,385206.79548757995
0.03579071451335179,385692.2727437467
0.03578646494100657,386178.44623223576
0.035782229310776015,386665.3170621438
0.03577794207514965,387152.88634450384
0.0357735377331071,387641.1551922647
0.03576895082808609,388130.1247203214
0.035764115949582516,388619.79604550014
0.03575896773212835,389110.17028657405
0.03575344085608331,389601.2485642561
0.035747470046814694,390093.032001213
0.03574099007528823,390585.52172206296
0.035733935758456244,391078.7188533676
0.03572624195682765,391572.62452367716
0.03571784357908244,392067.23986346414
0.03570867557582169,392562.56600521633
0.03569867294639038,393058.6040833463
0.03568777096064362,393555.3552342778
0.035675949255169946,394052.82059637853
0.03566332791374736,394551.0013100406
0.03565013600535747,395049.89851759654
0.035636615165273874,395549.5133633963
0.03562300686188818,396049.8469937773
0.035609552395960115,396550.90055707365
0.035596492900669165,397052.6752036201
0.03558406934246674,397555.1720857385
0.035572522518129694,398058.3923577942
0.0355620930594113,398562.3371761333
0.03555302142949451,399067.0076991286
0.035545547924045434,399572.40508717933
0.03553991267246287,400078.53050269256
0.0355363556359347,400585.3851101147
0.035535116608888064,401092.97007592034
0.03553643521884175,401601.2865686142
0.03554055092625964,402110.3357587367
0.03554770302360732,402620.1188188886
0.035558130638194914,403130.6369236901
0.03557202962897766,403641.89124983974
0.03558933763235655,404153.8829760565
0.03560971046092115,404666.6132831519
0.03563273725185955,405180.08335398545
0.035658007406817516,405694.2943734583
0.03568511060966941,406209.2475285789
0.035713636830622064,406724.944008415
0.035743176325128766,407241.38500409515
0.035773319631999236,407758.57170884334
0.035803657574308215,408276.5053179787
0.03583378126131042,408795.1870288785
0.03586328208394174,409314.6180410519
0.035891751719740905,409834.79955607274
0.035918782128949965,410355.7327776316
0.03594396555683241,410877.4189115071
0.035966894531171384,411399.859165609
0.03598716186439,411923.05474995275
0.036004360653262214,412447.00687665783
0.03601808427741334,412971.7167599726
0.036027944983553585,413497.18561627704
0.03603380710358906,414023.4146640637
0.03603592731174138,414550.40512396616
0.0360347241973975,415078.1582187619
0.03603061912526719,415606.675173357
0.03602403316764119,416135.9572147962
0.03601538710267395,416666.00557230675
0.03600510141930367,417196.8214772227
0.03599359631171413,417728.40616306866
0.03598129168324829,418260.76086551824
0.035968607145494665,418793.88682240236
0.03595596201777833,419327.78527372377
0.035943775326654055,419862.4574616805
0.03593246580920729,420397.9046306136
0.035922451908936566,420934.1280270716
0.035914151779454895,421471.1288997652
0.0359079832809778,422008.90849962656
0.03590436398502101,422547.4680797417
0.035903711169490794,423086.808895427
0.03590643892006127,423626.9322041883
0.035912817956257066,424167.83926573076
0.03592277896360453,424709.5313419899
0.03593603774260616,425252.009697083
0.03595229501447941,425795.2755973772
0.035971251709104216,426339.33031145507
0.035992608964756694,426884.17511010787
0.03601606812564068,427429.8112663818
0.03604133074482499,427976.2400555393
0.0360680985813721,428523.4627551047
0.03609607360367928,429071.48064481287
0.03612495798479918,429620.2950066877
0.036154454107791334,430169.9071249628
0.03618426456043539,430720.3182861617
0.03621409213857781,431271.5297790613
0.03624363984566553,431823.5428946897
0.036272610891472136,432376.3589263491
0.036300708691827784,432929.9791696335
0.036327636870970056,433484.4049223905
0.036353099263849734,434039.6374847606
0.03637681055304339,434595.6781591835
0.036398529356090455,435152.528250357
0.036418053970438936,435710.18906531157
0.03643518925549886,436268.6619133493
0.0364497402057817,436827.9481060963
0.03646151195368487,437388.048957464
0.036470309766617436,437948.9657836963
0.03647593904837029,438510.69990336406
0.03647820534109351,439073.2526373215
0.03647691432120756,439636.6253087744
0.03647187180158334,440200.8192432631
0.036462883731901305,440765.8357686547
0.03644975619820188,441331.6762151479
0.036432295422032676,441898.34191529255
0.0364103077608088,442465.83420399437
0.0363835997089775,443034.15441849444
0.03635197789555398,443603.303898414
0.03631524908709883,444173.2839857107
0.036273220185455576,444744.09602470964
0.03622575330079092,445315.7413621407
0.03617316824526195,445888.2213470505
0.036116365741903744,446461.537330928
0.036056425335366245,447035.6906676019
0.03599442662275311,447610.682713313
0.035931448450532574,448186.51482666144
0.03586856891020689,448763.18836869276
0.03580686534353106,449340.70470282744
0.035747414340567,449919.0651948829
0.03569129173874692,450498.2712131069
0.035639572624705955,451078.32412816305
0.03559333133491768,451659.2253131188
0.03555364145397302,452240.97614348633
0.035521575817384694,452823.57799718296
0.03549820650869275,453407.03225459065
0.035484604863243424,453991.34029850306
0.03548184146569126,454576.5035141682
0.03549098615142443,455162.5232892805
0.03551310800602891,455749.401014002
0.03554924228687492,456337.1380809274
0.03559970481890132,456925.73588512524
0.035663479465111766,457515.1958241336
0.035738879481648306,458105.5192979556
0.035824194104017056,458696.7077090773
0.035917713759903075,459288.7624624586
0.03601773006779133,459881.68496555655
0.03612253583855519,460475.47662829084
0.036230425071291754,461070.1388631186
0.03633969295789696,461665.6730849559
0.03644863587809445,462262.0807112526
0.03655555140223146,462859.36316195154
0.03665873828948988,463457.52185950836
0.03675649648688245,464056.55822891346
0.03684712713046971,464656.4736976714
0.036928932543958765,465257.2696958167
0.037000216239323654,465858.9476558975
0.037059282913563384,466461.50901303615
0.037104438451963206,467064.9552048786
0.03713399360890318,467669.28767160146
0.037146747832898494,468274.50785597577
0.03714294602792131,468880.6172032938
0.03712390704262839,469487.6171614279
0.03709106220587233,470095.50918081496
0.03704584185044197,470704.29471444886
0.036989675311357495,471313.9752179255
0.03692399092864556,471924.5521494113
0.03685021604644728,472536.02696966106
0.03676977701415889,473148.4011420066
0.03668409918474302,473761.6761324017
0.03659460691768733,474375.85340938496
0.03650272357751895,474990.9344441104
0.0364098715349432,475606.9207103418
0.03631747216737254,476223.81368444965
0.03622694585826056,476841.6148454349
0.03613971199783897,477460.32567493303
0.03605718898444057,478079.9476571983
0.0359807942234426,478700.48227913
0.035911944128984165,479321.93103025225
0.035851901306547196,479944.29540277156
0.03580108769263463,480567.576891506
0.035759045074222694,481191.7769939553
0.03572512260846692,481816.89721027215
0.035698669895099164,482442.9390432822
0.03567903698704514,483069.9039984823
0.035665574390076796,483697.7935840464
0.03565763306344109,484326.60931081034
0.035654564416782594,484956.3526923406
0.03565572031447789,485587.02524485847
0.03566045307197284,486218.62848729716
0.035668115456411166,486851.1639413065
0.03567806068882181,487484.63313120324
0.03568964243909271,488119.03758407093
0.03570221483127784,488754.37882967247
0.035715132439349935,489390.6584005182
0.035727750289778426,490027.87783182715
0.03573942385962171,490666.0386615576
0.035749509076178854,491305.1424304285
0.035757383432426154,491945.19068188034
0.03576267965303261,492586.18496210955
0.03576540972359107,493228.12682007265
0.03576573314632506,493871.01780747983
0.03576381150359578,494514.85947880364
0.035759806264249516,495159.6533913105
0.035753878786385314,495805.4011050102
0.035746190313883264,496452.1041827238
0.03573690197917304,497099.76419004763
0.03572617480249017,497748.3826953613
0.035714169690746284,498397.9612698619
0.03570104744009826,499048.50148751785
0.03568696873189985,499700.0049251572
0.035672094138380545,500352.47316236567
0.035656584116850264,501005.9077815942
0.03564059901440231,501660.31036808685
0.03562429906523086,502315.6825099244
0.03560784439028388,502972.025798056
0.03559139500137175,503629.3418262126
0.03557511079558391,504287.63219101436
0.035559151558623874,504946.8984919359
0.035543676965618325,505607.1423312783
0.03552884657825407,506268.36531423085
0.035514819846751276,506930.56904885126
0.035501756110479524,507593.7551460481
0.03548981459548657,508257.92521963804
0.03547915441723943,508923.0808863045
0.03546993457911842,509589.2237656256
0.03546231397245625,510256.35548008606
0.03545645137792529,510924.47765505256
0.03545250546364947,511593.5919188154
0.03545063478678352,512263.6999025686
0.035450997792396376,512934.8032404373
0.035453752815434135,513606.90356943995
0.03545905807710247,514280.00252957194
0.03546707168971592,514954.1017637186
0.03547795165231092,515629.2029177388
0.035491855853762445,516305.3076404203
0.0355089419820199,516982.4175835062
0.03552929312188642,517660.53440169827
0.03555270858095256,518339.6597526836
0.03557874197348548,519019.7952970674
0.03560691068520701,519700.94269847765
0.035636732440843706,520383.10362350696
0.035667725302856404,521066.27974172495
0.035699407669970755,521750.47272571985
0.03573129827995952,522435.68425104255
0.03576291620604701,523121.9159962794
0.035793780859886305,523809.16964300245
0.03582341198912138,524497.446875816
0.03585132967843076,525186.7493823471
0.035877054350188294,525877.0788532263
0.03590010676182477,526568.4369821467
0.035920008008620684,527260.8254658157
0.03593627952087231,527954.2460040139
0.03594844306707674,528648.700299531
0.035956020749345875,529344.1900582633
0.03595853500834202,530040.7169891235
0.03595557489831354,530738.2828041259
0.03594723033184291,531436.889218334
0.03593420024121022,532136.5379499036
0.0359173583773062,532837.2307200908
0.035897578360572065,533538.9692532106
0.03587573319782171,534241.7552767069
0.03585269528536389,534945.5905211101
0.035829336407663594,535650.4767200629
0.03580652773774875,536356.4156103309
0.03578513983800335,537063.4089317932
0.035766042659800254,537771.4584274592
0.03575010554371435,538480.5658434781
0.03573819721992946,539190.7329291425
0.03573118580922158,539901.9614368731
0.03572993882182276,540614.2531222475
0.03573532315782838,541327.6097440138
0.035748205107796235,542042.033064092
0.035769450354114975,542757.5248475461
0.03579992396929188,543474.0868626242
0.035840461694610894,544191.7208807687
0.03589135778913763,544910.4286766073
0.03595195305116214,545630.212027975
0.036021133228265896,546351.0727158628
0.0360977704218639,547073.0125245238
0.036180737525401616,547796.0332413828
0.03626890821941987,548520.1366571342
0.03636115697672951,549245.324565633
0.03645635905609447,549971.5987640191
0.036553390506242726,550698.9610526538
0.03665112816422862,551427.4132351392
0.03674844965476107,552156.9571183367
0.036844233390911425,552887.5945123518
0.03693735857225676,553619.3272305746
0.0370267051865798,554352.157089649
0.0371111540084069,555086.0859094926
0.03718958659832928,555821.1155133198
0.0372608853033199,556557.2477276427
0.037323933257859404,557294.4843822349
0.037377617778127675,558032.8273101998
0.037421151571354776,558772.2783479439
0.03745464952000427,559512.8393351758
0.03747886780651252,560254.512114942
0.037494623089614945,560997.2985336063
0.0375027314557482,561741.2004408869
0.037504008421462336,562486.2196898127
0.03749926893140965,563232.3581367678
0.0374893273589482,563979.6176415016
0.03747499750714691,564728.0000671201
0.03745709260858556,565477.5072800956
0.03743642532575572,566228.1411502679
0.037413807750860464,566979.9035508585
0.037390051406218094,567732.796358475
0.03736596724406237,568486.8214531301
0.03734236564794581,569241.9807182201
0.03732005643193999,569998.2760405454
0.03729984884023872,570755.7093103386
0.03728255154935815,571514.2824212284
0.03726897266594235,572273.9972702931
0.037259793570731774,573034.8557580318
0.03725505764853798,573796.8597883664
0.037254167405937115,574560.0112686958
0.03725639623776907,575324.3121098508
0.037261018048047115,576089.7642261321
0.037267307250983,576856.369535292
0.03727453876921343,577624.1299585785
0.03728198803560991,578393.0474207008
0.037288930991703356,579163.1238498584
0.03729464408770225,579934.3611777504
0.03729840428290822,580706.7613395676
0.037299489044538975,581480.326274022
0.037297176349339024,582255.0579233103
0.03729074468061028,583030.9582331834
0.037279473031016315,583808.0291528916
0.037262640900012044,584586.272635239
0.03723952829465842,585365.6906365784
0.037209415731225694,586146.2851167634
0.03717158423004772,586928.0580392728
0.037125372460915324,587711.0113710727
0.03707073707090098,588495.1470827665
0.03700851266331134,589280.4671484915
0.036939854466518374,590066.9735459638
0.03686592052783571,590854.6682565183
0.03678786808261061,591643.553265072
0.03670685355372215,592433.6305601352
0.03662403255069927,593224.902133852
0.036540559872164126,594017.369981959
0.036457589503780266,594811.0361038425
0.036376274620687134,595605.9025025028
0.03629776758681472,596401.9711845696
0.03622321995344175,597199.244160368
0.036153782464312514,597997.7234438043
0.036090605049756426,598797.4110525083
0.03603483683199068,599598.3090077437
0.0359876261227169,600400.4193344617
0.03595012042494881,601203.7440612735
0.03592346643100959,602008.2852205185
0.035908794613907065,602814.0448482016
0.03590672484855175,603621.0249840381
0.035916794864884465,604429.227671454
0.03593792122168613,605238.6549575925
0.03596898704852713,606049.3088933423
0.036008876259778166,606861.1915332917
0.03605647355223028,607674.3049357778
0.036110664405192894,608488.6511628971
0.03617033508078386,609304.2322805033
0.036234372624032986,610121.0503581963
0.036301664861449603,610939.1074693562
0.03637110040227783,611758.4056911113
0.03644156863513184,612578.9471044281
0.036511959731951496,613400.7337940226
0.03658116464521858,614223.7678484058
0.0366480751065051,615048.051359938
0.03671158363006697,615873.586424741
0.03677058350848939,616700.3751427899
0.03682396881492562,617528.4196178758
0.036870634888605945,618357.7219576407
0.036909684323285494,619188.2842735397
0.03694095100300869,620020.1086809136
0.03696487587480289,620853.1972989535
0.036981981891722804,621687.5522506903
0.03699279163886371,622523.1756630569
0.03699782733564559,623360.0696668542
0.036997610834576804,624198.2363967879
0.03699266362295186,625037.6779914359
0.03698350682083154,625878.3965933062
0.03697066118371931,626720.394348786
0.03695464709995561,627563.6734082109
0.03693598459222124,628408.2359258567
0.03691519332001112,629254.0840598673
0.03689279257371727,630101.2199724162
0.03686930128198064,630949.6458295516
0.03684523800539006,631799.3638013443
0.03682112094207015,632650.3760617755
0.03679746792372574,633502.6847888258
0.03677479641733371,634356.2921644677
0.03675359031995819,635211.2003746369
0.036734104520325855,636067.4116092944
0.03671632701602595,636924.9280623777
0.036700174438955985,637783.7519318657
0.036685563376581506,638643.8854197296
0.03667241047400416,639505.3307319835
0.03666063243394175,640368.0900787092
0.03665014602057186,641232.1656739474
0.03664086805255382,642097.5597358765
0.03663271540880471,642964.2744867089
0.036625605026931254,643832.3121527063
0.036619453901858015,644701.674964228
0.036614179087735184,645572.3651556916
0.03660969769521806,646444.3849656559
0.036605926895108803,647317.7366367382
0.036602783916020835,648192.4224156602
0.036600186043395475,649068.4445532991
0.03659805062275558,649945.8053046104
0.03659629505583172,650824.5069287285
0.03659483680419911,651704.5516888897
0.03659359338675407,652585.9418524887
0.036592482379692794,653468.6796911042
0.036591421418414184,654352.7674804585
0.03659032819672827,655238.2075004232
0.036589120464527364,656125.0020351032
0.036587716031226694,657013.1533727658
0.03658603276458767,657902.6638058524
0.0365839885880067,658793.5356310772
0.036581501486067085,659685.7711492872
0.0365784894979841,660579.3726656293
0.03657487072334706,661474.3424894288
0.036570563318448504,662370.6829342684
0.036565485497414896,663268.3963179849
0.03655955553218571,664167.4849626755
0.036552691753641675,665067.9511946649
0.03654481254851548,665969.7973445985
0.03653583636243926,666873.025747384
0.0365256816985791,667777.638742222
0.036514268090027065,668683.6386725979
0.03650158511594274,669591.0278863225
0.036487804993463095,670499.8087355036
0.03647322401563476,671409.9835766135
0.03645814886169242,672321.5547704098
0.036442885993991606,673234.5246819961
0.03642774165771019,674148.895680863
0.036413021883790656,675064.6701408204
0.036399032485967146,675981.8504400754
0.03638607906332544,676900.4389611818
0.03637446699828638,677820.4380910997
0.03636450145821027,678741.85022117
0.036356487394525384,679664.6777471446
0.03635072954318916,680588.923069191
0.03634753242590892,681514.5885918566
0.03634720034718089,682441.6767241649
0.0363500373972221,683370.1898795639
0.03635634745186024,684300.1304759178
0.03636643417033462,685231.5009355837
0.036380600996077525,686164.3036853498
0.036399064102571564,687098.5411565052
0.03642163425229613,688034.2157848054
0.036447731480021034,688971.3300104819
0.03647670354662901,689909.8862782705
0.03650789867171573,690849.887037443
0.036540665535512815,691791.3347417554
0.0365743532766222,692734.2318495035
0.0366083114933688,693678.5808234927
0.03664189024153039,694624.3841311077
0.03667444003645644,695571.6442442685
0.03670531185213327,696520.3636394435
0.03673385711967286,697470.5447977051
0.03675942773020296,698422.1902046513
0.03678137603048367,699375.3023505269
0.0367990548269483,700329.8837301293
0.036811817382466604,701285.9368428873
0.03681901741770507,702243.46419284
0.036820009110763725,703202.4682886436
0.03681414709662035,704162.9516435903
0.03680084180593836,705124.9167756233
0.03678004227601938,706088.3662073198
0.036752429479617994,707053.3024659534
0.03671893506809028,708019.7280834208
0.036680492109174935,708987.6455963491
0.036638033014850746,709957.0575460114
0.03659248953890799,710927.9664783966
0.0365447927783414,711900.3749441993
0.036495873172837576,712874.2854988538
0.036446660507109714,713849.7007024749
0.03639808390829609,714826.6231199418
0.03635107184735103,715805.055320896
0.036306552140801814,716784.9998796959
0.03626545194872666,717766.4593754819
0.03622869777576138,718749.4363921802
0.03619721547266307,719733.9335184647
0.0361719302337364,720719.9533478505
0.03615376660027733,721707.498478618
0.03614364845912834,722696.571513853
0.036142484196570346,723687.1750614968
0.03615076880578334,724679.3117343045
0.036168167067280745,725672.9841498735
0.03619389036150446,726668.1949306438
0.03622712893995497,727664.9467039019
0.03626707362299441,728663.2421018472
0.03631291580244845,729663.0837615225
0.036363847439137786,730664.4743248741
0.03641906106397913,731667.4164387288
0.0364777497764513,732671.9127548418
0.03653910724551018,733677.9659298819
0.03660232770918606,734685.5786254369
0.03666660597380008,735694.7535080425
0.036731137414696746,736705.4932491642
0.03679511797469982,737717.8005252442
0.03685774416484367,738731.6780176956
0.036918213064732405,739747.1284128814
0.03697572232060846,740764.1544021752
0.03702947014685248,741782.7586819265
0.03707865578718829,742802.9439535197
0.03712259510821669,743824.7129233491
0.037160987022347484,744848.068302779
0.03719383517074059,745873.0128083089
0.03722118076684299,746899.5491614183
0.03724306499519901,747927.6800886574
0.03725952901242012,748957.4083216425
0.03727061394719541,749988.7365970671
0.0372763608999165,751021.6676567276
0.03727681094403495,752056.2042474886
0.03727200512414725,753092.3491213458
0.03726198445735289,754130.1050354068
0.03724678993326371,755169.4747518915
0.03722646251266793,756210.4610381867
0.037201043129654894,757253.0666667958
0.03717057268912826,758297.2944154202
0.03713509207026888,759343.1470668634
0.03709464212156129,760390.6274091915
0.03704926366578691,761439.7382356138
0.03699899749792248,762490.482344524
0.03694392226181267,763542.862539557
0.036884355034217914,764596.8816295619
0.03682087941604089,765652.5424286094
0.03675414479191111,766709.8477560392
0.03668480013131339,767768.8004363698
0.03661349394219531,768829.4032994851
0.03654087427757241,769891.6591804659
0.036467588731355915,770955.5709197011
0.03639428443985248,772021.1413628787
0.036321608081939856,773088.3733609973
0.03625020588036171,774157.2697703268
0.03618072359872761,775227.8334525257
0.036113806545423906,776300.0672745481
0.036050099571548595,777373.9741087034
0.035990247071832786,778449.5568326506
0.03593489298352276,779526.8183294614
0.03588468078969784,780605.7614875236
0.03584025351574943,781686.3892006562
0.03580225373214352,782768.7043680543
0.035771302472679484,783852.7098943635
0.035747714261450916,784938.4086896076
0.03573131366306081,786025.8036692797
0.03572171612149373,787114.8977542673
0.03571853285939149,788205.6938709768
0.035721375374594494,789298.1949512393
0.035729855437285775,790392.4039323963
0.03574358509300226,791488.3237572015
0.03576217665739869,792585.9573740059
0.03578524272182403,793685.307736603
0.03581239614900005,794786.3778043555
0.03584325007658575,795889.1705420874
0.035877417912116065,796993.688920262
0.0359145133384046,798099.9359148294
0.035954150310686835,799207.9145072848
0.035995943054303293,800317.6276847883
0.036039506069748914,801429.078440011
0.036084454128702106,802542.2697712401
0.03613040227446935,803657.2046823987
0.036176966926414464,804773.8861830144
0.03622382671884368,805892.3172882327
0.036270812678900255,807012.501018876
0.03631785479564337,808134.4404013862
0.036364890626099926,809258.1384678985
0.03641185777184091,810383.5982562208
0.036458693879152314,811510.8228098241
0.03650533663696914,812639.8151779324
0.03655172377983828,813770.5784154418
0.03659779308566571,814903.1155829895
0.03664348237700589,816037.4297469282
0.036688729519923045,817173.5239793716
0.03673347242434624,818311.4013582065
0.03677764904480229,819451.0649670751
0.036821197380213666,820592.5178953783
0.036864055472001646,821735.7632383624
0.03690616140745159,822880.8040970202
0.03694745331612287,824027.6435782108
0.036987869372466085,825176.2847946013
0.03702734779486519,826326.7308646927
0.03706582684580935,827478.9849128232
0.037103244830363875,828633.0500692443
0.03713954009898636,829788.9294700415
0.037174651045053075,830946.6262572146
0.03720851610711338,832106.1435786114
0.03724107376565128,833267.4845880503
0.03727226254591021,834430.652445257
0.037302021017688695,835595.6503158568
0.03733028779285393,836762.4813714777
0.037357001528933766,837931.1487896473
0.03738210092586958,839101.6557538961
0.03740552472694695,840274.005453767
0.03742721172125441,841448.2010847233
0.03744710073909722,842624.2458483095
0.03746513065655001,843802.1429520263
0.03748124039143939,844981.895609465
0.037495368907137346,846163.5070402
0.037507455209113534,847346.9804699039
0.037517438346823924,848532.3191303156
0.03752526459362713,849719.5262592245
0.03753094336294507,850908.6051005388
0.037534566207256495,852099.5589042652
0.03753625099187261,853292.3909265088
0.03753611564940597,854487.1044295182
0.03753427802916592,855683.7026816998
0.03753085589776276,856882.188957606
0.03752596693971147,858082.5665379111
0.03751972875460619,859284.8387095283
0.03751225886020119,860489.0087655372
0.037503674691490387,861695.0800052062
0.037494093599598065,862903.0557340531
0.03748363285390434,864112.9392637876
0.0374724096399854,865324.7339123881
0.03746054106097702,866538.4430040811
0.03744814413741696,867754.0698693497
0.03743533580689717,868971.6178449597
0.03742223292390737,870191.0902739869
0.03740895226119513,871412.4905057775
0.0373956103373688,872635.8218960143
0.03738231954418856,873861.0878067336
0.03736918447934964,875088.2916062507
0.037356305656633004,876317.4366693008
0.03734378335472542,877548.526376972
0.037331717781972855,878781.5641166975
0.037320209074330216,880016.553282344
0.03730935729727979,881253.497274177
0.037299262445480784,882492.3994988721
0.03729002444204219,883733.2633695605
0.03728174313987221,884976.0923057942
0.03727451832113954,886220.8897335627
0.037268449695040486,887467.659085412
0.037263636902727146,888716.4038002833
0.03726017951262377,889967.1273236661
0.037258177023093496,891219.8331075425
0.037257728861336215,892474.5246104324
0.03725893438398123,893731.2052973908
0.03726189287730413,894989.8786400047
0.03726670339386734,896250.5481164607
0.03727343840510826,897513.2172114758
0.03728208871831954,898777.8894164186
0.037292582932251385,900044.5682292082
0.03730484273498107,901313.2571544326
0.0373187898717722,902583.9597032315
0.037334346140159534,903856.6793934884
0.03735143339519756,905131.4197496718
0.037369973545674146,906408.184302957
0.03738988855597128,907686.9765911889
0.037411100445290356,908967.8001589142
0.037433531287441056,910250.6585574115
0.03745710321232926,911535.5553446407
0.03748173840291707,912822.4940853722
0.03750735909972865,914111.4783510331
0.03753388759497797,915402.5117199307
0.03756124623896716,916695.5977770466
0.03758935743458671,917990.7401142217
0.03761814364012713,919287.9423301023
0.03764752736944808,920587.2080301244
0.03767742061927071,921888.5408266089
0.037707674449587635,923191.9443386453
0.03773807457583891,924497.4221922986
0.03776839184522223,925804.9780203928
0.037798397261386514,927114.6154627631
0.037827861993574706,928426.3381660413
0.037856557370861015,929740.1497838548
0.03788425488588546,931056.0539767296
0.0379107261930795,932374.0544121456
0.037935743108599776,933694.154764565
0.037959077611596906,935016.3587153899
0.03798050184243585,936340.6699530331
0.03799978810320247,937667.0921729286
0.038016708858401325,938995.6290775128
0.038031036734700506,940326.2843762289
0.03804254451934042,941659.0617856077
0.03805100516178552,942993.9650292322
0.03805619177289637,944330.9978377711
0.03805787762600995,945670.1639489414
0.03805585494825171,947011.4671076078
0.03805015829288667,948354.9110657657
0.03804119201988538,949700.4995824664
0.03802950920569558,951048.2364240051
0.03801566508680607,952398.125363796
0.03800021450649575,953750.1701824173
0.03798371191422981,955104.3746676674
0.037966711366960934,956460.7426145446
0.03794976652928555,957819.2778252491
0.03793343067208047,959179.9841092647
0.03791825667551123,960542.8652832622
0.03790479702614973,961907.925171216
0.03789360381808359,963275.1676044154
0.03788522875572775,964644.5964213496
0.03788022314886289,966016.2154679178
0.03787913791753216,967390.0285972904
0.03788252358935672,968766.0396700085
0.037890930301966615,970144.2525539105
0.03790490779937036,971524.6711243051
0.037924999829614794,972907.2992637453
0.03795149757708546,974292.1408623571
0.03798410768087083,975679.1998175336
0.038022174791084204,977068.4800341649
0.03806501959329178,978459.9854246178
0.03811196325613214,979853.719908623
0.0381623274259924,981249.6874134894
0.0382154342315668,982647.8918739611
0.03827060628119197,984048.3372322998
0.03832716666303188,985451.0274383005
0.03838443894545806,986855.9664492814
0.038441747176283486,988263.1582301181
0.038498415882183654,989672.6067532856
0.03855377007080535,991084.3159987695
0.03860713522673531,992498.289954229
0.03865783731456954,993914.5326149103
0.03870520277776094,995333.0479836721
0.038748558537268774,996753.8400710591
0.038787231993485424,998176.9128952347
0.03882055111178757,999602.2704820721
0.03884796446638345,1001029.9168651418
0.038869398787195336,1002459.8560856873
0.03888520487816075,1003892.0921926985
0.0388957996278978,1005326.629242913
0.03890159963073029,1006763.4713008108
0.03890302118622662,1008202.6224386476
0.03890048029893139,1009644.0867364999
0.03889439268061289,1011087.8682821839
0.03888517374728567,1012533.9711713858
0.038873238621458764,1013982.3995076184
0.03885900213186694,1015433.1574022349
0.038842878813202544,1016886.2489744609
0.03882528290604329,1018341.6783514282
0.038806628358514124,1019799.4496681187
0.03878732882370486,1021259.5670674893
0.03876779766249091,1022722.0347003934
0.038748447941916765,1024186.856725652
0.03872969243608497,1025654.0373100482
0.03871194362666049,1027123.5806283149
0.03869558962435766,1028595.4908632588
0.03868082629869851,1030069.7722056038
0.0386676100193349,1031546.428854174
0.038655825443084955,1033025.4650158486
0.03864535704526075,1034506.8849055201
0.03863608938211822,1035990.6927461762
0.038627907091017474,1037476.8927689347
0.038620694891922575,1038965.4892129947
0.038614337585834956,1040456.4863257045
0.038608720055526735,1041949.8883625556
0.03860372726589,1043445.6995871705
0.03859924426199054,1044943.9242714085
0.03859515617171274,1046444.5666952775
0.038591348202858054,1047947.6311470675
0.0385877056469345,1049453.1219232026
0.03858411387453714,1050961.043328438
0.03858045833894507,1052471.399675752
0.038576624574369264,1053984.1952864137
0.03857249819591932,1055499.434490013
0.03856796698221909,1057017.1216244148
0.03856296127780635,1058537.2610358528
0.03855748852288231,1060059.8570788791
0.03855159411891736,1061584.9141164562
0.03854532476314435,1063112.4365199201
0.03853872712067781,1064642.428668952
0.038531847821670476,1066174.8949517286
0.038524733464374496,1067709.8397648328
0.0385174306140115,1069247.267513294
0.038509985802596486,1070787.182610618
0.03850244552895131,1072329.5894788094
0.03849485625928849,1073874.4925483656
0.03848726442646421,1075421.8962583223
0.03847971643075254,1076971.8050562418
0.0384722586389089,1078524.2233982726
0.03846493738608156,1080079.1557490742
0.038457798972409314,1081636.6065819892
0.03845088966683073,1083196.5803789156
0.038444255704819935,1084759.0816303906
0.038437943253227386,1086324.1148356134
0.03843199437715375,1087891.6845024317
0.03842643938527609,1089461.7951474031
0.03842130000996804,1091034.4512957227
0.038416597101468754,1092609.657481404
0.03841235149720669,1094187.4182471246
0.038408584019532864,1095767.7381442974
0.03840531547402587,1097350.621733203
0.03840256665365904,1098936.0735828266
0.038400358335213616,1100524.0982710065
0.03839871128098591,1102114.7003844008
0.038397646238982536,1103707.8845184785
0.038397183940849004,1105303.6552776424
0.03839734510508663,1106902.017275113
0.038398150434225516,1108502.9751330486
0.03839962061615342,1110106.533482533
0.03840177632506482,1111712.6969635226
0.038404638218446877,1113321.4702250096
0.03840822693991807,1114932.857924942
0.038412563118667135,1116546.8647302357
0.038417667369270325,1118163.4953167916
0.03842356028943387,1119782.7543696472
0.038430262464905926,1121404.6465827748
0.038437794464765494,1123029.1766592776
0.03844617684388138,1124656.3493113336
0.03845543014291849,1126286.1692601892
0.03846557488626906,1127918.6412362875
0.038476631585076915,1129553.7699791593
0.03848862073497955,1131191.5602375201
0.03850156281743581,1132832.0167692383
0.03851547829859931,1134475.1443414032
0.03853038762970197,1136120.9477303417
0.03854631124781547,1137769.4317215993
0.0385632695754802,1139420.6011099583
0.038581283020144595,1141074.4606994856
0.03860037197341484,1142731.015303615
0.03862055681522018,1144390.2697449508
0.03864185790720159,1146052.22885558
0.03866429559857951,1147716.8974768715
0.03868788249244777,1149384.2804595274
0.038712542231148034,1151054.382663747
0.038738068750823605,1152727.2089590244
0.03876420692850448,1154402.7642244003
0.038790701171496786,1156081.0533482754
0.03881729606745823,1157762.0812285542
0.03884373638564993,1159445.852772626
0.03886976707648183,1161132.3728974022
0.03889513327200679,1162821.6465293067
0.03891958028489486,1164513.678604341
0.03894285360988024,1166208.4740680319
0.03896469892159257,1167906.037875541
0.038984862076955035,1169606.3749915794
0.039003089112445447,1171309.490390539
0.039019126245542074,1173015.389056472
0.039032719875983134,1174724.0759830175
0.03904361658168999,1176435.556173614
0.03905156312383644,1178149.8346412932
0.03905630644181924,1179866.9164089062
0.03905759801489702,1181586.8065090198
0.03905534986468662,1183309.5099839498
0.039049825255753796,1185035.0318858474
0.03904149475628911,1186763.3772766348
0.03903084092106877,1188494.5512280618
0.039018345961719075,1190228.5588217694
0.039004491748190824,1191965.405149258
0.038989759809470906,1193705.0953118436
0.03897463132992474,1195447.6344208801
0.03895958715437934,1197193.0275975713
0.03894510778560466,1198941.279973064
0.03893167338350977,1200692.396688553
0.038919763768319994,1202446.382895154
0.0389098584176859,1204203.2437540556
0.03890243646891108,1205962.9844364552
0.03889797671890379,1207725.6101235622
0.03889695762204881,1209491.126006745
0.038899857292811986,1211259.537287462
0.038907153506638155,1213030.849177199
0.038919323522294096,1214805.0668977275
0.038936738558159316,1216582.1956808404
0.038959379553340424,1218362.2407686003
0.038986895547735996,1220145.2074132832
0.039018888377830185,1221931.1008772908
0.039054960158942296,1223719.9264334342
0.03909471329231231,1225511.6893646051
0.039137750457207666,1227306.394964151
0.03918367461725626,1229104.0485356268
0.03923208901634258,1230904.6553929667
0.039282597180389296,1232708.22086044
0.0393348029162884,1234514.7502727078
0.03938831031273672,1236324.248974799
0.03944272373839951,1238136.7223222232
0.03949764784465891,1239952.1756808478
0.039552687562246024,1241770.614427064
0.039607448103034355,1243592.0439477493
0.039661534960308664,1245416.469640242
0.03971455390711155,1247243.8969124362
0.039766110996891715,1249074.3311827853
0.0398158349163262,1250907.7778803108
0.03986351683944115,1252744.2424446288
0.039909141931498936,1254583.7303259447
0.03995274946631404,1256426.2469851398
0.039994378806325614,1258271.7978937195
0.04003406928522809,1260120.3885339354
0.040071860210499466,1261972.0243986864
0.04010779086186526,1263826.7109915868
0.04014190049014372,1265684.4538270768
0.04017422832036229,1267545.2584302924
0.040204813548663065,1269409.130337225
0.04023369534483961,1271276.075094629
0.04026091285021071,1273146.0982601398
0.04028650517918679,1275019.2054022334
0.040310511418308624,1276895.4021002902
0.04033297062684285,1278774.6939445944
0.040353921836988875,1280657.0865363341
0.0403734040529155,1282542.5854876754
0.040391456250966774,1284431.1964217965
0.04040811738142897,1286322.9249728094
0.04042342636620145,1288217.7767858794
0.04043742209997888,1290115.7575172142
0.04045014344967682,1292016.8728341185
0.04046162925541885,1293921.128414967
0.04047191833015801,1295828.529949226
0.04048104945910277,1297739.0831375103
0.04048906139953307,1299652.7936916403
0.040495992881983064,1301569.667334605
0.04050188261044801,1303489.7098005498
0.040506769259857175,1305412.92683494
0.04051069147999065,1307339.3241943894
0.04051368789119532,1309268.9076468903
0.04051579708752003,1311201.6829717143
0.04051705763614148,1313137.655959432
0.04051750807698476,1315076.8324119472
0.040517186921369554,1317019.218142616
0.04051613265514345,1318964.8189761152
0.04051438373576617,1320913.6407485888
0.04051197859388269,1322865.6893076194
0.040508955633528784,1324820.9705122167
0.040505353229803594,1326779.4902329831
0.040501209732974,1328741.254351928
0.04049656346419873,1330706.2687626858
0.040491452719046896,1332674.5393703845
0.040485915764393074,1334646.0720918174
0.040479990840766394,1336620.8728553746
0.040473716162165746,1338598.9476010436
0.04046712991470939,1340580.3022805047
0.04046027025761944,1342564.9428571211
0.040453175322650414,1344552.875305999
0.04044588321526695,1346544.1056139432
0.04043843201368262,1348538.6397795177
0.04043085976828962,1350536.4838131196
0.040423204503417895,1352537.6437369166
0.04041550421579341,1354542.125584936
0.04040779687571374,1356549.9354030332
0.040400120425508196,1358561.0792490044
0.04039251278148377,1360575.5631925124
0.04038500736954664,1362593.3933151523
0.04037761581923617,1364614.5757105437
0.04037032825177153,1366639.1164842162
0.040363130599870414,1368667.0217537293
0.040356008805463105,1370698.29764874
0.0403489488220089,1372732.9503108887
0.04034193661159044,1374770.9858939678
0.04033495814742335,1376812.4105638242
0.04032799941191912,1378857.2304984734
0.04032104639745384,1380905.4518881051
0.040314085106364105,1382957.0809351085
0.04030710155190753,1385012.123854025
0.04030008175594283,1387070.5868717018
0.04029301175046948,1389132.4762272672
0.040285877578779904,1391197.798172059
0.04027866529294866,1393266.5589697743
0.040271360954407365,1395338.7648965083
0.0402639506358669,1397414.4222406633
0.040256420419193986,1399493.5373030687
0.04024875786585478,1401576.116396926
0.04024096571120671,1403662.1658479627
0.04023306784390506,1405751.6919943597
0.04022509566913611,1407844.7011867417
0.04021708064329917,1409941.1997883245
0.04020905420081364,1412041.1941748806
0.04020104775470392,1414144.6907346968
0.04019309269392156,1416251.695868764
0.04018522038719249,1418362.2159905906
0.04017746217823138,1420476.257526498
0.04016984939150459,1422593.826915333
0.04016241332667885,1424714.9306087731
0.04015518526284798,1426839.5750711504
0.04014819645471113,1428967.7667796933
0.04014147813775263,1431099.5122242514
0.040135061522316454,1433234.8179076328
0.04012897779744517,1435373.6903454817
0.040123258131651934,1437516.136066189
0.04011793366757721,1439662.1616112594
0.040113034455285294,1441811.7735349182
0.04010855758531589,1443964.9784045229
0.040104431875592206,1446121.7828002833
0.040100547784376855,1448282.193315514
0.040096793856995556,1450446.216556519
0.04009305871783626,1452613.8591426644
0.04008923106974287,1454785.127706464
0.04008519969569917,1456960.028893507
0.04008085345707737,1459138.5693625775
0.04007608129570114,1461320.7557855477
0.04007077223038098,1463506.5948476165
0.040064815360310875,1465696.093247171
0.040058099864842,1467889.2576957573
0.04005051499907027,1470086.0949184028
0.04004195010008456,1472286.6116533098
0.04003229458236324,1474490.8146520895
0.04002143793983502,1476698.7106797006
0.04000926974508327,1478910.3065145132
0.03999567964912187,1481125.6089483588
0.03998055758928169,1483344.624786472
0.039963862496607834,1485567.3608476075
0.03994578984600146,1487793.8239640645
0.039926727904453285,1490024.0209816284
0.039907089799693624,1492257.9587597253
0.039887288366619145,1494495.6441713355
0.039867736146281745,1496737.0841030655
0.03984884538544922,1498982.2854552383
0.03983102803862274,1501231.2551418012
0.03981469576589554,1503484.0000904857
0.03980025993515741,1505740.527242723
0.03978813162089929,1508000.8435537326
0.03977872160452951,1510264.955992557
0.03977244037506573,1512532.8715420526
0.0397696981285087,1514804.5971989627
0.03977090476890986,1517080.1399738872
0.03977646990717985,1519359.506891394
0.03978680286234618,1521642.704989994
0.0398023126611141,1523929.7413221963
0.039823408039123584,1526220.6229544538
0.03985043210117807,1528515.3569673325
0.0398832948199244,1530813.9504554542
0.03992141030771402,1533116.4105275269
0.0399640645533878,1535422.7443063965
0.04001054391789466,1537732.9589291043
0.04006013527029575,1540047.061546807
0.0401121259848988,1542365.0593249719
0.04016580394349674,1544686.9594432805
0.04022045753401353,1547012.7690957033
0.0402753756512351,1549342.4954904583
0.04032984769392879,1551676.1458502272
0.040383163568234924,1554013.7274119854
0.040434613684785445,1556355.2474271618
0.04048348896058043,1558700.7131615435
0.040529080816289254,1561050.131895457
0.04057068117793827,1563403.5109237062
0.04060758247611926,1565760.857555627
0.04063907764615395,1568122.1791150777
0.04066446012672459,1570487.4829405523
0.040683051635602985,1572856.7763851534
0.04069460746309637,1575230.066816637
0.04069959514684087,1577607.361617374
0.04069879626068749,1579988.6681846231
0.04069299942623265,1582373.9939301545
0.040682992701092505,1584763.3462807278
0.04066956358585688,1587156.7326777591
0.04065349901954083,1589554.160577607
0.040635585382701477,1591955.6374514615
0.04061660849691465,1594361.1707853882
0.040597353623870805,1596770.7680804506
0.04057860546772089,1599184.4368526097
0.04056114817340861,1601602.1846328606
0.040545765327678354,1604024.0189672401
0.04053323995931857,1606449.9474168601
0.040524354540167014,1608879.9775578696
0.04051989098363783,1611314.1169815965
0.04052063064649043,1613752.3732944992
0.040527354328310436,1616194.7541182349
0.04054083774569174,1618641.2670897003
0.04056156408712674,1621091.9198610447
0.04058927391932364,1623546.7200996715
0.0406232129508193,1626005.6754883686
0.04066258719089792,1628468.7937252102
0.04070660321162441,1630936.0825237273
0.04075446814969799,1633407.5496128183
0.04080538970506181,1635883.202736829
0.040858576140081586,1638363.0496556496
0.04091323628102295,1640847.098144637
0.04096857951646591,1643335.355994712
0.04102381579705701,1645827.831012417
0.04107815563680251,1648324.5310198292
0.04113081011032245,1650825.4638547562
0.041180990853948225,1653330.6373707252
0.041227910067602645,1655840.059436825
0.04127078050992348,1658353.7379380313
0.04130881550129606,1660871.6807750955
0.04134122892322352,1663393.8958645647
0.04136723522931037,1665920.3911388116
0.041386194937734544,1668451.1745461435
0.04139812344749405,1670986.2540507778
0.04140365623960498,1673525.637632816
0.04140353954738352,1676069.3332884996
0.0413985190761468,1678617.3490299988
0.04138934000131307,1681169.6928855241
0.04137674696824642,1683726.372899409
0.04136148409326302,1686287.3971321085
0.041344294963089404,1688852.7736602938
0.041325922637413505,1691422.5105767061
0.041307109645057766,1693996.6159904625
0.04128859798826863,1696575.0980268554
0.041271129140629984,1699157.964827497
0.04125544404787443,1701745.2245503343
0.04124228312772951,1704336.8853697216
0.04123238627149809,1706932.9554763527
0.04122649284255613,1709533.4430773987
0.04122534167697102,1712138.3563965554
0.041229671085848886,1714747.7036739024
0.04124017079413296,1717361.493166231
0.04125708267841085,1719979.733146744
0.04128005137449296,1722602.4319054144
0.04130852256402016,1725229.5977487778
0.04134194090468208,1727861.239000059
0.04137975144765111,1730497.3639992685
0.04142139963914443,1733137.9811031239
0.041466331319095565,1735783.098685132
0.04151399272040062,1738432.7251356961
0.04156383047009646,1741086.8688620687
0.04161529158977196,1743745.5382882971
0.041667823491133335,1746408.7418555922
0.041720873983000555,1749076.4880218783
0.04177389126318475,1751748.785262328
0.04182632392491215,1754425.642069017
0.04187762095237867,1757107.0669511955
0.04192723172349475,1759793.0684351444
0.0419746060067904,1762483.6550644054
0.042019193963775854,1765178.8353996756
0.04206045285937648,1767878.6180188353
0.04209801431906698,1770583.0115171513
0.042131852220978955,1773292.0245070918
0.0421621233943125,1776005.6656185538
0.04218899276872523,1778723.9434987418
0.042212625156368554,1781446.866812319
0.04223318525252595,1784174.4442414402
0.042250837636840906,1786906.6844856846
0.04226574677121116,1789643.5962622429
0.04227807700199762,1792385.1883058185
0.042287992559094205,1795131.4693687004
0.04229565755460597,1797882.4482209312
0.04230123598564766,1800638.1336501695
0.04230489173302045,1803398.5344617716
0.04230678856067535,1806163.659478887
0.04230709011615682,1808933.5175424959
0.04230595993183089,1811708.117511347
0.0423035614227783,1814487.468262142
0.04230005788919969,1817271.5786894206
0.042295612514309903,1820060.4577057324
0.04229038836576156,1822854.1142416082
0.04228454839569563,1825652.55724557
0.042278255439421694,1828455.7956842803
0.042271672217624005,1831263.838542433
0.04226496133425806,1834076.694822928
0.04225828527777726,1836894.3735468588
0.042251806421965944,1839716.88375346
0.042245687023448025,1842544.234500335
0.04224008922447618,1845376.434863329
0.04223517505161395,1848213.4939366223
0.042231106414810725,1851055.4208328852
0.042228045110969316,1853902.224683041
0.04222615281930928,1856753.9146366194
0.042225591105128295,1859610.4998615829
0.04222652141770646,1862471.9895444878
0.04222910509269927,1865338.392890342
0.042233503347309846,1868209.7191230347
0.042239877288146196,1871085.9774848071
0.04224838790307675,1873967.1772368224
0.04225916793892134,1876853.3276589422
0.04227217947550228,1879744.4380497518
0.042287197204890395,1882640.5177267028
0.042303950981163234,1885541.5760261242
0.042322170833000945,1888447.6223032668
0.04234158698211174,1891358.66593222
0.04236192983943643,1894274.7163062575
0.042382930011118654,1897195.7828374258
0.042404318290799575,1900121.874957132
0.042425825667740745,1903053.002115619
0.04244718331950697,1905989.1737824706
0.04246812261618145,1908930.399446426
0.042488375119695304,1911876.6886153985
0.04250767258217691,1914828.0508166407
0.0425257469478237,1917784.4955966491
0.04254233034987934,1920746.0325214453
0.04255715511564211,1923712.6711762222
0.042569953760110496,1926684.421165822
0.0425804589911878,1929661.2921144448
0.04258841393254236,1932643.2936659087
0.04259370288049779,1935630.435483521
0.042596431319531676,1938622.727250266
0.042596796810438056,1941620.178668789
0.042594998575279444,1944622.7994613475
0.04259123569317813,1947630.5993700493
0.04258570710331736,1950643.5881566976
0.042578611602457996,1953661.7756030057
0.042570147847350935,1956685.1715104743
0.04256051435264662,1959713.7857005796
0.04254990949232824,1962747.6280147422
0.042538531499383116,1965786.7083143794
0.042526578466451304,1968831.0364808922
0.04251424834393497,1971880.6224158704
0.04250173894221094,1974935.4760410085
0.042489247931886624,1977995.6072980673
0.042476972840741506,1981061.026149189
0.04246511105749717,1984131.742576692
0.042453859830513446,1987207.7665831503
0.042443415020307906,1990289.1081915728
0.04243390890586675,1993375.777445362
0.04242532170147904,1996467.7844082883
0.042417536865432225,1999565.1391646669
0.04241043094171692,2002667.8518192843
0.0424038805608903,2005775.9324975968
0.0423977624425639,2008889.3913455862
0.04239195339361503,2012008.238529893
0.042386330307953704,2015132.484237915
0.042380770167454646,2018262.1386777852
0.0423751500419176,2021397.212078391
0.04236934708747607,2024537.7146895598
0.0423632385496621,2027683.6567818485
0.04235670175890578,2030835.048646939
0.04234961413553807,2033991.900597311
0.04234185318529266,2037154.2229665974
0.04233329650256151,2040322.0261094042
0.04232382176803061,2043495.3204015181
0.04231330675019027,2046674.11623985
0.0423016293144144,2049858.4240425676
0.04228869338642945,2053048.2542490326
0.042274510908325236,2056243.6173198996
0.042259191935138926,2059444.5237372173
0.042242862587290236,2062650.9840044132
0.04222564889582703,2065863.0086463296
0.04220767680188695,2069080.6082093245
0.042189072157508334,2072303.7932612563
0.04216996072509244,2075532.5743915704
0.04215046817725178,2078766.962211382
0.04213072009838836,2082006.9673533752
0.04211084198184978,2085252.6004720945
0.042090959233622195,2088503.8722437024
0.04207119716871801,2091760.793366304
0.04205168101390704,2095023.3745598132
0.04203253590679512,2098291.626566039
0.042013886895863856,2101565.5601487337
0.04199585893974554,2104845.186093727
0.04197857690898709,2108130.5152088404
0.04196216558455786,2111421.558324027
0.041946749659228656,2114718.32629132
0.04193245373531852,2118020.829985084
0.0419194023277927,2121329.080301824
0.04190771986219998,2124643.088160364
0.041897530675096,2127962.8645018926
0.04188895901484629,2131288.42028994
0.041882129040140124,2134619.7665105592
0.04187716482174768,2137956.914172247
0.04187419034198688,2141299.8743060054
0.041873329494192035,2144648.6579654375
0.04187470608237462,2148003.276226874
0.041878443823166404,2151363.74018926
0.041884666345097694,2154730.0609741993
0.04189349718616351,2158102.249726275
0.04190505979824101,2161480.317612735
0.041919477543894475,2164864.275823755
0.04193687369641438,2168254.1355725615
0.041957371442904436,2171649.908095189
0.04198109388070385,2175051.604650802
0.04200815870272342,2178459.2365216375
0.042038565492362415,2181872.81501316
0.04207209352086539,2185292.35145381
0.042108410305962955,2188717.8571955096
0.04214717930406335,2192149.343613296
0.04218806420945661,2195586.822105607
0.04223072895554276,2199030.304094265
0.042274837714149714,2202479.801024583
0.04232005489657515,2205935.324365304
0.0423660451525217,2209396.885608709
0.042412473369219425,2212864.4962707795
0.04245900467400732,2216338.1678909953
0.04250530443057475,2219817.9120326946
0.04255103824289184,2223303.740282787
0.042595871950482575,2226795.664252199
0.04263947163332491,2230293.695575517
0.04268150360750297,2233797.8459113548
0.042721634427412516,2237308.126942263
0.04275953088526904,2240824.5503747826
0.04279486059903886,2244347.1279395786
0.04282737351083891,2247875.871391321
0.042857065317768235,2251410.7925089807
0.04288411548013363,2254951.9030956253
0.04290872301758089,2258499.2149787783
0.042931086810728644,2262052.7400101237
0.042951405597936025,2265612.490065797
0.04296987797691778,2269178.477046339
0.04298670240325511,2272750.7128769094
0.04300207719356572,2276329.2095070556
0.04301620052265559,2279913.978910963
0.04302927042416486,2283505.033087519
0.04304148479140862,2287102.3840603027
0.04305304137685765,2290706.043877679
0.043064137793756986,2294316.024612677
0.0430749715119145,2297932.3383634603
0.043085739863594444,2301554.997252903
0.04309664003930601,2305184.01342893
0.043107869089421755,2308819.399064493
0.043119623924046654,2312461.1663576346
0.043132082384984706,2316109.32753159
0.04314531688304393,2319763.8948347317
0.043159288783222824,2323424.8805407276
0.04317393485263833,2327092.2969485237
0.043189191901434665,2330766.156382416
0.04320499678382472,2334446.471192208
0.04322128639982035,2338133.2537531047
0.04323799769365582,2341826.5164658884
0.043255067654740506,2345526.2717568995
0.04327243331724921,2349232.532078108
0.04329003175912799,2352945.3099072957
0.04330780010460583,2356664.617747871
0.04332567552125269,2360390.468129169
0.04334359522288132,2364122.873606246
0.04336149646562941,2367861.8467603065
0.04337931655261692,2371607.4001983604
0.04339699283061266,2375359.546553502
0.0434144626902078,2379118.2984850295
0.0434316635679412,2382883.668678292
0.04344853594443572,2386655.6698448556
0.04346505714484074,2390434.3147226195
0.04348125961798698,2394219.6160758003
0.04349719742918255,2398011.5866950043
0.043512924939361486,2401810.239397212
0.04352849646906397,2405615.5870260894
0.043543966302751466,2409427.6424516365
0.04355938868394065,2413246.418570669
0.04357481781893262,2417071.928306588
0.04359030787468131,2420904.184609608
0.04360591298076603,2424743.200456622
0.04362168722667152,2428588.988851523
0.04363768466434754,2432441.5628250604
0.04365395930764032,2436300.9354348956
0.04367056513015788,2440167.119765907
0.04368755606939623,2444040.1289298674
0.0437049860230396,2447919.9760657814
0.04372290884976006,2451806.674339968
0.04374137837119302,2455700.2369459113
0.043760447306256084,2459600.6771044857
0.043780124550216876,2463508.0080639287
0.043800319972793864,2467422.2430999186
0.04382088336805094,2471343.395515742
0.043841660793428466,2475271.47864216
0.043862498414663775,2479206.5058376794
0.04388324250789855,2483148.4904884323
0.04390373945845213,2487097.446008303
0.043923835759985604,2491053.385839118
0.04394337801700428,2495016.3234504457
0.04396221294205865,2498986.2723398954
0.043980187357461814,2502963.2460330366
0.04399714819445387,2506947.258083524
0.04401294249295506,2510938.322073198
0.04402741740328517,2514936.4516119426
0.04404042018218102,2518941.6603381597
0.044051798198448774,2522953.961918288
0.04406139892701481,2526973.3700473793
0.04406906995379224,2530999.898448746
0.04407465901140291,2535033.5608743634
0.044078051154322076,2539074.3711046865
0.04407927479699377,2543122.342948826
0.04407848323859889,2547177.4902446726
0.04407584847975236,2551239.826858664
0.04407154239631012,2555309.366686316
0.044065736744142554,2559386.12365189
0.044058603156046226,2563470.111708713
0.04405031314494237,2567561.3448389103
0.044041038099219415,2571659.8370539434
0.04403094928750155,2575765.602394278
0.04402021785595583,2579878.6549296463
0.04400901482972147,2583999.008758992
0.04399751111120132,2588126.6780107273
0.04398587748325304,2592261.6768424725
0.043974284605130594,2596404.0194415087
0.043962903015674876,2600553.7200246127
0.043951903133171634,2604710.792838048
0.04394145525306022,2608875.2521579005
0.04393172955072784,2613047.1122898916
0.04392289967390333,2617226.3875695653
0.043915166661306335,2621413.092362387
0.043908765096420756,2625607.2410636498
0.043903939191776806,2629808.8480986785
0.043900933014153695,2634017.9279229715
0.04389999045757979,2638234.4950220673
0.04390135524243611,2642458.563911638
0.04390527091397704,2646690.149137765
0.04391198084494598,2650929.2652767664
0.04392172823409471,2655175.926935381
0.04393475610645876,2659430.1487508444
0.043951307314022865,2663691.9453908913
0.04397162453521605,2667961.3315538703
0.04399595027479609,2672238.321968858
0.044024526865295205,2676522.9313955666
0.04405759646475932,2680815.17462466
0.044095401060342654,2685115.066477444
0.04413818246330734,2689422.6218064604
0.04418618231438056,2693737.85549508
0.0442396279812558,2698060.7824577624
0.04429847574310367,2702391.4176401906
0.044362200997821816,2706729.776019249
0.04443004790122351,2711075.872603114
0.04450125362303114,2715429.7224312355
0.0445750558730644,2719791.3405746985
0.044650692905523204,2724160.742135799
0.044727403512820056,2728537.942248712
0.04480442703085779,2732922.956079063
0.04488100333562065,2737315.798824226
0.04495637284391319,2741716.48571333
0.04502977651211606,2746125.032007452
0.04510045583772617,2750541.4529995103
0.045167652857715956,2754965.764014434
0.045230610148080524,2759397.9804093083
0.0452885708259872,2763838.1175731514
0.045340778545528725,2768286.1909273975
0.045386477501071526,2772742.2159256525
0.04542491242480578,2777206.2080539577
0.045455331297099506,2781678.1828306103
0.045477253126606484,2786158.1558066923
0.04549095555895807,2790646.142565511
0.04549725895371101,2795142.1587233436
0.04549703553158278,2799646.219928925
0.045491156892278284,2804158.3418639577
0.04548049401798849,2808678.5402429076
0.045465917272069806,2813206.8308131965
0.0454482963995307,2817743.229355285
0.045428500528119885,2822287.7516826456
0.04540739816680881,2826840.413642048
0.045385857208881275,2831401.231113333
0.04536474492961525,2835970.2200097153
0.04534492798757086,2840547.3962778114
0.0453272724254751,2845132.7758976175
0.045312643668509844,2849726.3748828326
0.045301906528391375,2854328.209280497
0.04529592519866518,2858938.29517158
0.0452955632599807,2863556.6486705635
0.045301683675190094,2868183.2859260626
0.04531501453338747,2872818.2231202116
0.045335596708659956,2877461.476469593
0.045362776621406024,2882113.0622243276
0.04539575910224077,2886772.996669137
0.04543374954932479,2891441.2961226557
0.04547595392343224,2896117.9769378984
0.04552157874948591,2900803.0555021986
0.04556983111489551,2905496.5482374644
0.045619918671497124,2910198.4716000156
0.045671049634494545,2914908.8420806667
0.045722432779589345,2919627.676205156
0.04577327744753464,2924354.9905337156
0.04582279353945833,2929090.8016615584
0.045870191518809354,2933835.1262188037
0.04591468241150206,2938587.980870447
0.045955477804044395,2943349.3823166084
0.04599178984428267,2948119.347292537
0.04602283124033371,2952897.8925687945
0.04604781526234302,2957685.034951083
0.04606600212707354,2962480.7912805555
0.04607716181973889,2967285.1784338388
0.04608179320371944,2972098.2133230874
0.046080663847527376,2976919.912895942
0.04607454394358499,2981750.2941360967
0.04606420314238076,2986589.3740625056
0.04605041054343219,2991437.1697304277
0.046033934703011925,2996293.69823083
0.04601554363096837,3001158.9766907003
0.04599600479077953,3006033.022273235
0.04597608510182206,3010915.852177675
0.045956550937207276,3015807.483639653
0.04593816812645143,3020707.9339310117
0.0459217019535153,3025617.2203601114
0.04590791715826545,3030535.3602718287
0.045897577937530756,3035462.3710474838
0.04589144794274501,3040398.270105239
0.04589029028281127,3045343.0748999314
0.04589486752395323,3050296.8029231094
0.045905931711965595,3055259.4717035107
0.045923895554604605,3060231.098806598
0.045948446845710714,3065211.7018351774
0.04597885430224235,3070201.2984289257
0.046014363635105304,3075199.9062649747
0.046054221091177086,3080207.5430577463
0.046097673452255065,3085224.2265590765
0.046143968035007955,3090249.9745582696
0.04619235269032456,3095284.804882226
0.0462420758032664,3100328.7353955135
0.04629238629221169,3105381.7840005555
0.04634253361082759,3110443.968637412
0.04639176774459109,3115515.307284225
0.04643933921296336,3120595.8179570762
0.04648449906772459,3125685.518710223
0.046526498894548456,3130784.4276359444
0.04656459080991654,3135892.5628649653
0.04659802746330054,3141009.9425663203
0.0466260620371191,3146136.5849473123
0.04664794864061635,3151272.50825403
0.046663125665753265,3156417.7307710373
0.04667168900921408,3161572.2708214875
0.04667428370436287,3166736.146767565
0.04667162982177663,3171909.3770101266
0.0466644469196692,3177091.979989173
0.046653454047583774,3182283.974183536
0.04663936974297452,3187485.378111379
0.0466229120344916,3192696.210329978
0.04660479844100055,3197916.489435876
0.046585745969996775,3203146.2340652794
0.04656647112270855,3208385.4628935363
0.04654768988886261,3213634.194635801
0.0465301177499639,3218892.4480468854
0.04651446967973336,3224160.2419212484
0.04650146014252539,3229437.5950932996
0.046491803095387134,3234724.5264372965
0.046486211986275276,3240021.054867685
0.04648539975732374,3245327.1993388133
0.046490078841447256,3250642.9788454343
0.0465008895844627,3255968.412422523
0.046517972400920156,3261303.519145385
0.04654088145588856,3266648.318129904
0.04656901268618613,3272002.8285325146
0.04660176220165039,3277367.0695502115
0.04663852653871689,3282741.060420959
0.04667870266365467,3288124.820423369
0.04672168796913139,3293518.368877153
0.046766880276643163,3298921.725142914
0.04681367783388345,3304334.9086225214
0.046861479316975395,3309757.9387589293
0.046909683828040824,3315190.835036507
0.04695769089662296,3320633.6169809736
0.047004900478674186,3326086.304159561
0.04705071295615115,3331548.9161811667
0.04709452913803732,3337021.472696281
0.04713575025912462,3342503.993397168
0.04717377797899568,3347996.4980181213
0.047208014384681626,3353499.006335182
0.04723788141809321,3359011.538166625
0.047263127600358466,3364534.1133728893
0.047284052888344905,3370066.7518565506
0.04730120835271537,3375609.4735626094
0.04731515147211291,3381162.298478579
0.047326439330785064,3386725.2466343837
0.04733562861672375,3392298.3381026993
0.047343275623282555,3397881.5929989163
0.04734993624915791,3403475.031481223
0.047356165998165285,3409078.6737507554
0.0473625199794251,3414692.5400517117
0.04736955290816138,3420316.6506713736
0.04737781910506952,3425951.0259402925
0.04738787249711533,3431595.6862323345
0.047400266618128975,3437250.651964674
0.04741555460694526,3442915.9435981903
0.047434289209839255,3448591.5816373313
0.04745702278091665,3454277.5866300804
0.04748430727881933,3459973.9791685552
0.047516691778495705,3465680.7798884828
0.047554538297616016,3471398.0094698267
0.04759771715546425,3477125.688636508
0.047645762348704,3482863.8381567337
0.04769817904429323,3488612.4788431665
0.047754472762093776,3494371.631552576
0.04781414937018736,3500141.317186483
0.04787671508779115,3505921.556690978
0.047941676484478335,3511712.3710568342
0.04800854047918795,3517513.7813197356
0.048076814341918364,3523325.8085601116
0.04814600569066974,3529148.4739036188
0.04821562249417344,3534981.798520916
0.04828517306986546,3540825.8036279567
0.04835416608475754,3546680.5104859727
0.04842211055465048,3552545.94040165
0.04848851584396846,3558422.1147272484
0.04855289166621918,3564309.0548606217
0.0486147480829955,3570206.78224542
0.048673595505211484,3576115.3183711325
0.04872899815987986,3582034.684773089
0.04878077243380528,3587964.9030329073
0.04882897921242276,3593905.9947781926
0.048873725336745395,3599857.9816828175
0.04891511757190906,3605820.8854671214
0.04895326260804638,3611794.727897935
0.04898826706095343,3617779.5307885474
0.04902023747023382,3623775.3159990567
0.0490492803012256,3629782.1054362543
0.049075501943143564,3635799.9210539795
0.049099008711218466,3641828.784852969
0.049119906844838294,3647868.7188811796
0.04913830250968935,3653919.745233614
0.04915430179526361,3659981.886052739
0.04916801071594698,3666055.1635285523
0.04917953521274071,3672139.5998984096
0.04918898115034642,3678235.2174474914
0.04919645432015153,3684342.038508551
0.04920206043731387,3690460.0854623863
0.04920590514269424,3696589.380737781
0.04920809400352299,3702729.946811443
0.04920873251027512,3708881.8062085724
0.049207926081761715,3715044.9815022894
0.049205780058845294,3721219.4953145594
0.04920239971016295,3727405.370315659
0.049197890230053554,3733602.6292243917
0.04919235673669947,3739811.2948085265
0.049185904274477665,3746031.3898846917
0.04917863781378393,3752262.9373184377
0.049170662250856804,3758505.960024342
0.04916208240676207,3764760.4809662905
0.04915300302868957,3771026.523157459
0.049143528789987345,3777304.1096603726
0.049133764289147105,3783593.2635871605
0.04912381405004987,3789894.008099717
0.04911378252388962,3796206.366409503
0.049103774086690324,3802530.361777952
0.04909389304018059,3808866.0175165646
0.049084243613086435,3815213.356986799
0.049074929959070555,3821572.4036004613
0.04906605615865317,3827943.180819588
0.049057726217152944,3834325.712156859
0.0490500440676531,3840720.02117531
0.04904311356831526,3847126.1314887526
0.04903703850346127,3853544.066761829
0.04903192258381725,3859973.8507100856
0.049027869446339765,3866415.5071001025
0.049024982654877196,3872869.0597494887
0.049023365698115766,3879334.532527323
0.04902312199233111,3885811.949353936
0.049024354879542396,3892301.334201227
0.04902716762859208,3898802.711092663
0.049031663434346125,3905316.1041035047
0.04903794541856327,3911841.5373608144
0.04904611662930449,3918379.0350436447
0.04905628004096789,3924928.6213831836
0.049068538554949886,3931490.3206627807
0.049082994931835995,3938064.157218217
0.04909973392268053,3944650.15543753
0.049118780485979494,3951248.339761599
0.049140111722424336,3957858.73468376
0.049163698762406706,3964481.364750221
0.04918951275557065,3971116.2545602936
0.04921752487352035,3977763.428766083
0.04924770630563037,3984422.912073196
0.04928002826384521,3991094.729240204
0.0493144619784879,3997778.905079271
0.04935097869992214,4004475.464456166
0.04938954969959113,4011184.4322901685
0.04943014626791402,4017905.833554482
0.049472739715742266,4024639.6932761953
0.04951730137435147,4031386.0365363527
0.04956380259375206,4038144.888470361
0.04961221474583117,4044916.2742676465
0.04966250922077059,4051700.219172245
0.04971465742934897,4058496.7484826907
0.049768630802724194,4065305.8875520923
0.049824389087419464,4072127.6617885935
0.04988181742438328,4078962.0966548333
0.04994071704435758,4085809.2176689566
0.050000868246785644,4092669.050403895
0.05006205146932861,4099541.6204881812
0.050124047307330985,4106426.9536054796
0.05018663651014587,4113325.0754951607
0.05024959998254215,4120236.0119523304
0.05031271878548178,4127159.7888277834
0.050375774134345096,4134096.4320283625
0.05043854740077277,4141045.967516814
0.050500820110675256,4148008.421312156
0.050562373945436584,4154983.8194896746
0.05062299073970227,4161972.1881814245
0.05068245248686824,4168973.5535754515
0.05074054133130411,4175987.941916981
0.05079703957405679,4183015.3795078895
0.05085172966999277,4190055.89270714
0.0509043942294404,4197109.507930679
0.050954821239997,4204176.251651717
0.05100287604341724,4211256.15040083
0.05104854845749929,4218349.23076609
0.05109188189553502,4225455.519393334
0.0511329209280181,4232575.04298589
0.05117171009250955,4239707.828305193
0.051208293896240195,4246853.902170621
0.051242716814398036,4254013.291459858
0.05127502329273627,4261186.023108618
0.05130525774434659,4268372.124111213
0.051333464551402266,4275571.62152053
0.05135968806474022,4282784.542448243
0.05138397260582479,4290010.914064549
0.05140636246264876,4297250.763598941
0.05142690189364552,4304504.118339855
0.05144563512575458,4311771.005634994
0.05146260635443636,4319051.452891543
0.05147785974498704,4326345.487576079
0.05149143943168641,4333653.137214771
0.05150338951607842,4340974.42939389
0.05151375407110498,4348309.391759319
0.05152257713765155,4355658.052017085
0.05152990272456197,4363020.437933653
0.051535774812772855,4370396.577335343
0.05154023734817341,4377786.498109566
0.05154333424899135,4385190.228203971
0.05154510940147164,4392607.795627054
0.051545606661408984,4400039.228448119
0.05154486985221158,4407484.554797789
0.05154294276816677,4414943.802867657
0.051539869172071845,4422417.000910688
0.051535692795682424,4429904.17724137
0.05153045734059304,4437405.360235697
0.051524206476303826,4444920.578331636
0.05151698384326522,4452449.860028808
0.05150883304986238,4459993.233889027
0.05149979767481071,4467550.728536124
0.05148992126435867,4475122.372656546
0.051479247337442656,4482708.194999037
0.051467830105008966,4490308.224374803
0.05145577034795094,4497922.489658259
0.051443212168227496,4505551.019786222
0.051430307064563065,4513193.843758926
0.05141720643008704,4520850.990639588
0.051404061549150684,4528522.489555008
0.05139102360104241,4536208.369695127
0.05137824365529878,4543908.660313919
0.05136587267585012,4551623.390728995
0.05135406152063804,4559352.590321629
0.05134296093800997,4567096.288537571
0.051332721570644564,4574854.514886706
0.05132349395495576,4582627.298943151
0.051315428519209796,4590414.670345754
0.051308675586155594,4598216.658797844
0.051303385370713404,4606033.294067734
0.05129970798195844,4613864.605988581
0.05129779342081098,4621710.624458952
0.05129779158416592,4629571.379442278
0.05129984320269853,4637446.900967779
0.05130400814729239,4645337.219130032
0.051310240448044046,4653242.36408955
0.05131845986325015,4661162.366072543
0.05132858599839175,4669097.255371505
0.051340538517301935,4677047.062344873
0.051354237139350854,4685011.8174175415
0.05136960164113434,4692991.551080796
0.05138655185322927,4700986.293893116
0.05140500766810301,4708996.07647888
0.05142488902957578,4717020.929530131
0.0514461159394426,4725060.883805994
0.051468608458306725,4733115.9701323835
0.05149228669911223,4741186.219403309
0.05151707083463122,4749271.662579902
0.05154288109249826,4757372.3306912
0.051569637756900856,4765488.254834125
0.05159726116812362,4773619.466173724
0.051625671722734696,4781765.9959433
0.05165478987463553,4789927.875444317
0.051684536132236863,4798105.136047058
0.05171483106144358,4806297.809190331
0.05174559528390667,4814505.926381848
0.0517767494774264,4822729.519198337
0.05180821437549399,4830968.619285811
0.05183991076877379,4839223.258359445
0.051871759502704146,4847493.46820412
0.05190368148005951,4855779.280674176
0.051935597658549354,4864080.727693941
0.05196742905230187,4872397.841257701
0.05199909673162159,4880730.653429838
0.05203052182274673,4889079.196345026
0.052061625506956415,4897443.502208589
0.05209232902205751,4905823.603296448
0.05212255366300867,4914219.531955019
0.05215222077734568,4922631.32060227
0.052181251771868095,4931059.001726789
0.052209568106980346,4939502.607888747
0.052237091603429396,4947962.171719684
0.05226379673611062,4956437.725922799
0.052289821500814376,4964929.303273257
0.05231542923263822,4973436.936617877
0.052340897313480086,4981960.658875871
0.052366502929266236,4990500.503038758
0.052392523070698596,4999056.502170311
0.05241923453095961,5007628.689407123
0.05244691390689277,5016217.097958732
0.052475837600402364,5024821.761107508
0.05250628181767897,5033442.712208847
0.05253852256798872,5042079.9846916385
0.05257283566485504,5050733.612058345
0.052609496726806704,5059403.62788501
0.05264878117703847,5068090.065821433
0.05269096424241483,5076792.959591569
0.052736320955091114,5085512.342993479
0.052785126151298774,5094248.249899708
0.052837654473187,5103000.714257141
0.052894180366952134,5111769.770087481
0.052954932651592616,5120555.451487463
0.05301987451052412,5129357.792628555
0.05308868260721936,5138176.82775766
0.053160967299046416,5147012.591197165
0.05323633920498849,5155865.117344959
0.053314409219596515,5164734.44067454
0.05339478851065142,5173620.59573569
0.05347708852299868,5182523.617153931
0.05356092097400346,5191443.539631464
0.05364589785761402,5200380.397946639
0.05373163144113502,5209334.226954601
0.053817734265976094,5218305.061587421
0.05390381914907611,5227292.936853919
0.05398949917921303,5236297.887840526
0.05407438772176618,5245319.949710599
0.05415809841435559,5254359.157705219
0.05424024516736995,5263415.547143467
0.05432044216718968,5272489.153421912
0.05439830387135823,5281580.012015574
0.05447345547894267,5290688.158477444
0.05454565962570704,5299813.628439408
0.0546148900047607,5308956.457611548
0.054681206029797313,5318116.681783011
0.05474466859109348,5327294.336821985
0.05480533853609158,5336489.458675966
0.05486327667145388,5345702.083371454
0.05491854375901894,5354932.247014882
0.054971200518755474,5364179.985792423
0.05502130762901223,5373445.335970015
0.05506892572404796,5382728.333894024
0.05511411539812987,5392029.015990671
0.05515693719966014,5401347.418767279
0.05519745163754542,5410683.578811446
0.055235719176680985,5420037.532791872
0.055271800240012894,5429409.3174583055
0.055305755208787145,5438798.9696416
0.055337644419841424,5448206.526254481
0.05536752817062835,5457632.024290808
0.05539546671332163,5467075.500826776
0.0554215202600702,5476536.993020278
0.055445748979376736,5486016.53811163
0.05546821299839459,5495514.173423423
0.05548897240044316,5505029.936361207
0.05550808722958501,5514563.864412772
0.05552561748380889,5524115.995149614
0.05554162312280081,5533686.366225782
0.055556164061125,5543275.015379181
0.05556930017280374,5552881.980431097
0.05558109128951417,5562507.299286594
0.05559159719969652,5572151.009934976
0.05560087765153876,5581813.150449429
0.055608992349576156,5591493.758987781
0.05561600095813284,5601192.873792085
0.05562196309700872,5610910.53318964
0.05562693834583325,5620646.77559249
0.05563098624203291,5630401.639497846
0.05563416628107957,5640175.163488256
0.05563653791605519,5649967.386231944
0.05563816055721637,5659778.346483195
0.05563909357611735,5669608.083081646
0.055639396299476104,5679456.634953545
0.05563912801193064,5689324.041111758
0.055638347959703405,5699210.340655047
0.05563711534264928,5709115.572769779
0.055635489322930866,5719039.776728643
0.0556335290177512,5728982.99189207
0.05563129350483857,5738945.25770754
0.05562884181905265,5748926.613710301
0.05562623295331507,5758927.099523535
0.0556235258595396,5768946.754858356
0.055620779448651896,5778985.619513902
0.05561805258765417,5789043.733378214
0.05561540410373846,5799121.136427749
0.05561289278225988,5809217.868727813
0.05561057736721152,5819333.970432696
0.05560851655965524,5829469.481786261
0.055606769019786256,5839624.443121856
0.05560539760976706,5849798.894862151
0.055604499440463966,5859992.877520169
0.05560421458448783,5870206.431698792
0.05560469604230156,5880439.598091551
0.0556060967593161,5890692.417482218
0.05560856957175198,5900964.93074542
0.055612267206692496,5911257.178847028
0.05561734228485803,5921569.202843787
0.05562394731748387,5931901.043884072
0.055632234708414184,5942252.743207795
0.0556423567530207,5952624.342146801
0.055654465639389306,5963015.882124867
0.05566871344655952,5973427.404658288
0.0556852521468437,5983858.951355677
0.055704233604066136,5994310.563918481
0.055725809574750325,6004782.284141008
0.0557501317077177,6015274.153910689
0.055777351543005387,6025786.215208623
0.0558076205148694,6036318.510109168
0.05584108524560418,6046871.080780599
0.05587779420658809,6057443.969485564
0.055917616741173334,6068037.21858043
0.055960333340703446,6078650.870516593
0.056005721467260274,6089284.9678398445
0.05605355873952671,6099939.5531908665
0.05610362293134135,6110614.669305868
0.05615569197481079,6121310.359016217
0.05620954395909757,6132026.66524869
0.056264957127374504,6142763.631026449
0.05632170988222749,6153521.2994681895
0.05637958078032667,6164299.713789299
0.05643834853577694,6175098.917301548
0.05649779201912957,6185918.9534133505
0.056557690256617686,6196759.865630155
0.05661782242961907,6207621.697554894
0.05667796787687536,6218504.492887728
0.056737906093270674,6229408.2954263445
0.05679741672791394,6240333.14906667
0.05685627958728297,6251279.097802494
0.05691427463192543,6262246.185726308
0.05697118198030104,6273234.457028732
0.05702678190339941,6284243.955999826
0.05708085483066592,6295274.727028177
0.05713318134484474,6306326.8146020165
0.05718354218467405,6317400.263309059
0.05723171824411754,6328495.117836808
0.05727749057298415,6339611.422972586
0.057320640374301124,6350749.223604381
0.05736094900818002,6361908.564720301
0.05739819798849411,6373089.491409339
0.057432168983496616,6384292.048861661
0.057462643818068176,6395516.282368228
0.05748940447015646,6406762.237321716
0.05751223307186103,6418029.959216722
0.05753091191238038,6429319.49364922
0.05754522343281998,6440630.886317794
0.05755495022937247,6451964.183023434
0.05755987505370689,6463319.429669498
0.057559846179876105,6474696.67226256
0.057555062745423005,6486095.956912415
0.05754608696177859,6497517.329831947
0.05753355849658715,6508960.837337844
0.057518116568584916,6520426.525850598
0.05750039994441275,6531914.441895148
0.0574810469416235,6543424.632100522
0.057460695426580076,6554957.143200455
0.05743998281537374,6566512.022033574
0.057419546073812625,6578089.315543711
0.05740002171833734,6589689.070779994
0.057382045815546734,6601311.3348972155
0.05736625398218766,6612956.155156199
0.0573532813867636,6624623.578923725
0.057343762748597274,6636313.653672943
0.057338332337358876,6648026.426983893
0.05733762397513595,6659761.946543374
0.057342271036421186,6671520.260145085
0.057352906444868006,6683301.415690804
0.05737013063182533,6695105.461189143
0.057394168910272755,6706932.444757363
0.05742469621747984,6718782.414620665
0.05746117722063373,6730655.419112359
0.057503074056884866,6742551.506674938
0.05754984924357068,6754470.725859657
0.05760096567664391,6766413.125326952
0.05765588663048703,6778378.7538466845
0.057714075756102136,6790367.660298917
0.05777499708672573,6802379.89367271
0.05783811502766419,6814415.503068614
0.05790289436608895,6826474.537697033
0.057968800266444416,6838557.046879003
0.05803529826839641,6850663.080047071
0.058101854290137325,6862792.686744915
0.05816793462727364,6874945.916627614
0.058233005950070464,6887122.819462607
0.05829653530793728,6899323.445128946
0.0583579901255067,6911547.8436182
0.05841684183213583,6923796.065034889
0.05847269955500515,6936068.159595994
0.05852547585693177,6948364.177632119
0.05857526374390888,6960684.169586936
0.05862216706995273,6973028.186018407
0.05866628961861801,6985396.277598059
0.05870773510045089,6997788.495111586
0.058746607150668595,7010204.8894599
0.05878300933578596,7022645.511657885
0.05881704514588201,7035110.412836281
0.05884881800052209,7047599.64424088
0.05887843124643926,7060113.257233113
0.05890598815804091,7072651.303290223
0.05893159193555718,7085213.834006088
0.058955345708378404,7097800.901090808
0.05897735253391254,7110412.556370996
0.058997715394551516,7123048.851790952
0.059016537202899774,7135709.839411821
0.05903392079874176,7148395.571412316
0.05904996895192035,7161106.100089391
0.05906478692010015,7173841.477858003
0.05907848943019896,7186601.757251518
0.05909119929932466,7199386.990922145
0.059103040442869695,7212197.231640866
0.05911413668683381,7225032.532298515
0.059124611773065376,7237892.945904829
0.05913458935316124,7250778.525590077
0.0591441929937071,7263689.324604315
0.05915354617372199,7276625.396318058
0.05916277228446477,7289586.794222755
0.05917199463018604,7302573.571930999
0.059181336430296425,7315585.783176116
0.059190920813740465,7328623.481813858
0.05920087082565378,7341686.721821297
0.059211309422917524,7354775.557297914
0.059222359475382444,7367890.042465823
0.05923414376732893,7381030.231669646
0.059246784995147746,7394196.179377325
0.0592604057690362,7407387.940180138
0.05927512129151166,7420605.568792805
0.059290992825063005,7433849.120054577
0.05930801684142498,7447118.648928348
0.05932617155057365,7460414.210502061
0.05934543513680937,7473735.859988188
0.059365785798688384,7487083.652724534
0.059387201749487147,7500457.644174593
0.059409661219322486,7513857.8899272345
0.0594331424525447,7527284.445697509
0.05945762370796522,7540737.367327098
0.05948308326050499,7554216.710784199
0.05950949940024144,7567722.5321639525
0.059536850432400736,7581254.887688739
0.05956511467640374,7594813.833708808
0.05959427046798876,7608399.426702077
0.059624296157309825,7622011.723274819
0.059655170110351534,7635650.780161636
0.059686870707024726,7649316.654226268
0.05971937634376715,7663009.402461272
0.0597526654304528,7676729.08198907
0.05978671639441843,7690475.750061251
0.05982150767523431,7704249.464060143
0.059857017730157246,7718050.281497885
0.05989322502913569,7731878.260017879
0.05993010805907884,7745733.457394162
0.05996764532123557,7759615.931532194
0.060005815332138016,7773525.740469003
0.0600445966224034,7787462.94237387
0.060083967738631214,7801427.59554819
0.06012390724244446,7815419.758425929
0.06016439371048176,7829439.489573907
0.060205405733674416,7843486.847692402
0.06024692191819226,7857561.891615281
0.060288920886153494,7871664.680310032
0.060331381273468494,7885795.272878606
0.06037428173174294,7899953.728557356
0.06041760092731466,7914140.106717521
0.06046131754076696,7928354.466865793
0.0605054098115271,7942596.868643863
0.06054981574773169,7956867.371829668
0.06059436359957962,7971166.036337139
0.06063880460864661,7985492.922216913
0.06068288307608546,7999848.089656051
0.06072634348133609,8014231.598979233
0.06076893048515621,8028643.510648431
0.060810388928573135,8043083.885263296
0.060850463831351634,8057552.783561951
0.06088890039479018,8072050.266420577
0.06092544399754208,8086576.394854815
0.06095984020106175,8101131.230018686
0.06099183474325654,8115714.83320643
0.061021173544177174,8130327.265851515
0.061047602700869126,8144968.589528158
0.06107086849210422,8159638.865950508
0.06109071737346985,8174338.156974144
0.06110689598186135,8189066.524595346
0.06111915113201725,8203824.030952128
0.061127229817644034,8218610.738324437
0.06113094095951498,8233426.7091343235
0.06113039843547345,8248272.005946605
0.0611260188986945,8263146.691468596
0.06111827850712965,8278050.828551514
0.061107653087324035,8292984.480189292
0.06109461812759173,8307947.709520664
0.06107964878396598,8322940.579828283
0.06106321987819557,8337963.154539324
0.06104580589718808,8353015.497226112
0.06102788099365816,8368097.671606466
0.061009918987255135,8383209.741543757
0.06099239336448637,8398351.77104717
0.06097577727648101,8413523.824272837
0.06096054354371914,8428725.96552296
0.060947164650434885,8443958.259247674
0.06093611275054266,8459220.770044012
0.06092785966444119,8474513.562656872
0.060922876879420586,8489836.70197947
0.06092163555006773,8505190.253053706
0.06092458302666957,8520574.281070165
0.06093192022863392,8535988.851368759
0.06094350242184812,8551434.029439025
0.06095906079951333,8566909.880920604
0.06097832545295077,8582416.47160355
0.06100102666407296,8597953.86742824
0.061026894902174854,8613522.134486645
0.06105566082719465,8629121.33902188
0.0610870552879429,8644751.547428861
0.061120809320809065,8660412.826255184
0.061156654153985586,8676105.242200214
0.06119432120161632,8691828.862116931
0.0612335420682618,8707583.753011275
0.061274048546405516,8723369.982043028
0.061315572617801746,8739187.616525806
0.061357846451458566,8755036.72392799
0.06140060240594862,8770917.371872487
0.06144357302763263,8786829.628137443
0.0614864910508056,8802773.560656657
0.061529090723166736,8818749.23751983
0.06157114814922804,8834756.72697269
0.06161252665415913,8850796.097418232
0.06165313899220898,8866867.417415984
0.0616929005879751,8882970.75568334
0.06173172692714943,8899106.181095168
0.06176953355407346,8915273.762684736
0.06180623607219024,8931473.56964418
0.06184175014667606,8947705.671323966
0.061875991499330416,8963970.137234703
0.06190887591362744,8980267.037046295
0.061940319232024706,8996596.440588806
0.06197023735520559,9012958.417853262
0.06199854624544218,9029353.038991028
0.062025161922445914,9045780.37431524
0.0620500004660037,9062240.494300673
0.06207297801522126,9078733.469584217
0.062094010768735934,9095259.370965183
0.062113014984444964,9111818.26940573
0.06212990710455117,9128410.236031637
0.06214464911169626,9145035.342132114
0.06215736072206601,9161693.659160629
0.062168291010467,9178385.258734928
0.062177705973048183,9195110.212638026
0.062185871420338955,9211868.592817951
0.06219305297564331,9228660.471388508
0.062199516075618355,9245485.920629617
0.0622055259698817,9262345.012987923
0.062211347722802755,9279237.821076628
0.06221724621092709,9296164.417676678
0.06222348612598048,9313124.875736352
0.06223033197229279,9330119.268372394
0.062238048069074466,9347147.668869834
0.062246898548325796,9364210.150683051
0.06225714735687059,9381306.787435718
0.06226905825669102,9398437.652920892
0.06228289482235253,9415602.821102303
0.06229892044376465,9432802.366114097
0.06231739832457531,9450036.362261709
0.06233854010304235,9467304.884021679
0.06236221237823794,9484608.006042626
0.0623878843194452,9501945.803145647
0.06241492130802162,9519318.350324204
0.062442689047167925,9536725.722745301
0.06247055368683178,9554167.995749328
0.062497881823486805,9571645.244850187
0.06252404049529374,9589157.545737397
0.06254839719013938,9606704.974274075
0.0625703198376385,9624287.606499322
0.06258917681279974,9641905.51862792
0.06260433693629122,9659558.787050337
0.06261516947081326,9677247.488334272
0.06262104412549742,9694971.699223723
0.06262133105082089,9712731.496640824
0.06261540084324806,9730526.957684886
0.06260262454063178,9748358.159633992
0.06258237362442412,9766225.179944992
0.0625540200199392,9784128.096253544
0.06251697021255855,9802066.98637525
0.062471173013199585,9820041.928305596
0.06241747446448939,9838053.000220697
0.06235711937830066,9856100.280477483
0.0622913616307565,9874183.847614393
0.06222145421852698,9892303.780351458
0.06214864925733668,9910460.15759138
0.062074197984817114,9928653.058419248
0.06199935075901616,9946882.562103508
0.06192535706052053,9965148.748095877
0.06185346549001447,9983451.696032766
0.061784923772319165,10001791.48573473
0.061720978755387006,10020168.197207037
0.06166287640882917,10038581.910640933
0.061611861827702015,10057032.706413068
0.06156917923007821,10075520.665086761
0.061536071958679724,10094045.86741227
0.061513782482981,10112608.394326497
0.06150355239631363,10131208.326954456
0.061506615347535355,10149845.746609379
0.06152373094344267,10168520.734793084
0.06155444469740892,10187233.373196293
0.06159748770302185,10205983.743699893
0.061651524627332414,10224771.92837377
0.06171522106991631,10243598.009479344
0.06178724356835755,10262462.069468435
0.06186625959468607,10281364.190984394
0.06195093755538572,10300304.456862608
0.062039946791643895,10319282.950130675
0.06213195757816782,10338299.7540091
0.062225641122476166,10357354.951911924
0.06231966956611232,10376448.627446592
0.06241271598177789,10395580.86441515
0.06250345437454531,10414751.746814342
0.06259055968139535,10433961.35883591
0.06267270776906152,10453209.784867726
0.06274857543621806,10472497.109493421
0.06281684041011613,10491823.417493742
0.06287618135962449,10511188.793846166
0.06292546793311506,10530593.323726138
0.06296443535905362,10550037.09250719
0.06299364341019728,10569520.18576123
0.06301380113810602,10589042.689259825
0.06302561710020393,10608604.688973423
0.06302979935614503,10628206.27107298
0.06302705546951719,10647847.521930318
0.063018092510031,10667528.528117761
0.06300361705085614,10687249.376409488
0.06298433517008253,10707010.153781831
0.06296095245121032,10726810.947413646
0.06293417398339719,10746651.844686767
0.06290470436146298,10766532.933186509
0.06287324768492897,10786454.300702773
0.06284050756116746,10806416.035229541
0.06280718710371258,10826418.224965757
0.06277398893082048,10846460.958316728
0.06274161517078425,10866544.323892832
0.06271076745638979,10886668.410511764
0.06268211588772973,10906833.30719843
0.06265603684676246,10927039.103184817
0.06263251257241174,10947285.88791132
0.06261139263490487,10967573.751027193
0.06259252571731497,10987902.782390187
0.0625757606058886,11008273.07206864
0.06256094619455745,11028684.71034063
0.06254793148320281,11049137.787694674
0.06253656557496445,11069632.394831486
0.06252669768290385,11090168.622661967
0.06251817712035854,11110746.562311046
0.06251085331000102,11131366.305115424
0.06250457577875085,11152027.94262537
0.062499194159160346,11172731.566604868
0.06249455818816412,11193477.269032717
0.062490517708942324,11214265.1421024
0.06248692267038803,11235095.278222533
0.062483623124661665,11255967.770018447
0.0624804692314457,11276882.710331202
0.06247731282107117,11297840.192219827
0.06247404744978227,11318840.308959762
0.06247064918129667,11339883.154045854
0.062467138522373046,11360968.821190715
0.06246353800123916,11382097.404326491
0.06245987013009875,11403268.997605288
0.06245615740681122,11424483.695398953
0.062452422311078275,11445741.592301078
0.06244868731018294,11467042.783125425
0.0624449748515963,11488387.362909138
0.06244130737086234,11509775.426910624
0.062437707285877574,11531207.070611753
0.06243419699833234,11552682.389718309
0.06243079889491064,11574201.48016012
0.06242753534753536,11595764.438091226
0.06242442871051607,11617371.359891592
0.062421501323894506,11639022.342166588
0.06241877551130698,11660717.481748192
0.0624162735816597,11682456.875694897
0.062414017826279186,11704240.62129346
0.06241203052273039,11726068.816058123
0.06241033393220496,11747941.557731906
0.06240895030024347,11769858.944287017
0.06240790185626743,11791821.073925707
0.06240721081525303,11813828.045080103
0.062406899375597395,11835879.9564135
0.06240698971984038,11857976.906820891
0.062407504015861474,11880118.99542901
0.062408464415698674,11902306.321597174
0.06240989305460582,11924538.98491848
0.062411812054149904,11946817.085219145
0.0624142435191295,11969140.722560054
0.062417209538771376,11991509.997237146
0.06242073218721276,12013925.009781733
0.06242483352255943,12036385.86096143
0.06242953558784372,12058892.65178039
0.06243486040984448,12081445.483480377
0.062440830001232496,12104044.457540456
0.062447466357253824,12126689.67567886
0.06245478523431725,12149381.23985247
0.06246276414682514,12172119.252257934
0.06247133836504078,12194903.815332294
0.06248043294316196,12217735.031753553
0.062489972984546574,12240613.004440483
0.06249988364258294,12263537.836554797
0.06251009012422441,12286509.631500658
0.06252051768948769,12309528.492925119
0.06253109165000277,12332594.52471923
0.06254173736874906,12355707.831019074
0.06255238026263962,12378868.516205236
0.06256294580012194,12402076.684904164
0.06257335950186332,12425332.44198861
0.06258354694072468,12448635.892578255
0.06259343374125945,12471987.142040603
0.06260294558134868,12495386.29599083
0.06261200818956417,12518833.460293427
0.06262054734822736,12542328.741061617
0.06262848888934887,12565872.244659636
0.06263575651419047,12589464.077701151
0.06264224330877739,12613104.347052226
0.06264779401722714,12636793.159829877
0.06265223313885579,12660530.623404417
0.06265538488657273,12684316.845398992
0.06265707359682146,12708151.933690317
0.06265712372809504,12732035.996410027
0.062655359863719,12755969.141944122
0.06265160670799526,12779951.478935162
0.06264568909040832,12803983.116281271
0.06263743196200645,12828064.163137987
0.06262666039723604,12852194.72891838
0.06261319959411579,12876374.92329335
0.06259687487157034,12900604.856193531
0.06257751167315588,12924884.637808453
0.0625549355643941,12949214.378587985
0.0625289722334203,12973594.189242836
0.06249944749068518,12998024.180745348
0.062466187269366,13022504.464329964
0.062429019955542044,13047035.151493799
0.06238789662959133,13071616.353997331
0.06234306452917999,13096248.18386562
0.062294960560994005,13120930.75338823
0.062244035295105915,13145664.175119787
0.06219073898455845,13170448.561882015
0.0621355215706905,13195284.026762132
0.06207883267719228,13220170.683115972
0.06202112161589342,13245108.644566491
0.06196283738223541,13270098.025006216
0.061904428658475195,13295138.93859694
0.061846343814071586,13320231.499769872
0.061789030902112144,13345375.823228104
0.06173293766436995,13370572.023945358
0.06167851152773209,13395820.217167988
0.0616261996064537,13421120.518414944
0.06157644870092224,13446473.043479037
0.061529705299672034,13471877.908426756
0.06148641557745414,13497335.229599772
0.061447025370694526,13522845.123615433
0.06141190253476079,13548407.707367457
0.06138108819107614,13574023.098025907
0.06135432487289009,13599691.413039403
0.06133130555174403,13625412.770133832
0.06131172341061004,13651187.287315274
0.06129527184862899,13677015.082868848
0.06128164447800275,13702896.275360407
0.061270535125270364,13728830.983636778
0.06126163783073856,13754819.326826546
0.06125464684745341,13780861.424341343
0.06124925664316472,13806957.395875653
0.061245161898376116,13833107.361408189
0.06124205750761805,13859311.441202011
0.06123963857749997,13885569.755806152
0.06123760042913215,13911882.426055167
0.06123563859525918,13938249.573071066
0.06123344882268072,13964671.31826298
0.061230727070764566,13991147.783328274
0.06122716951042046,14017679.090253986
0.061222490063522414,14044265.361315943
0.06121655274148109,14070906.719081294
0.06120941440425192,14097603.28640787
0.06120119258748663,14124355.186445558
0.06119200505394702,14151162.542637039
0.061181969484667614,14178025.478718199
0.061171203478080124,14204944.118719265
0.061159824550971735,14231918.58696513
0.06114795013783887,14258949.008076366
0.06113569759070001,14286035.506970195
0.061123184180739996,14313178.208860397
0.06111052709606218,14340377.23925906
0.06109784344378928,14367632.723976467
0.06108525024758933,14394944.78912311
0.06107286445206119,14422313.56110828
0.06106080291728927,14449739.166643236
0.061049182423227925,14477221.732740304
0.06103811966768588,14504761.386714276
0.06102773126659652,14532358.256183255
0.06101813059549017,14560012.469069336
0.06100935928496972,14587724.153598458
0.06100132415914763,14615493.43830334
0.060993863130812113,14643320.45202145
0.060986811510156703,14671205.32389853
0.06098000472444617,14699148.183387296
0.060973278315451004,14727149.160248978
0.06096646793893455,14755208.384554628
0.06095940936641655,14783325.986685075
0.06095193848443113,14811502.09733174
0.06094389129355847,14839736.847497948
0.06093510390927731,14868030.368499406
0.06092541256077051,14896382.791965675
0.060914653594048115,14924794.24983916
0.060902663467798476,14953264.874377698
0.06088927875537584,14981794.798154779
0.06087433614474191,15010384.154060226
0.060857672438408124,15039033.075300891
0.06083912455292291,15067741.695401674
0.06081852957592002,15096510.148206256
0.060795733069169154,15125338.567878246
0.06077060595789722,15154227.088901058
0.06074303827353663,15183175.846079964
0.06071292219375638,15212184.97454162
0.06068014997033962,15241254.609736316
0.06064461393321338,15270384.88743665
0.06060620648453693,15299575.943741364
0.06056482010498575,15328827.915073242
0.06052034734942417,15358140.938181609
0.06047268084777182,15387515.150143165
0.06042171330743883,15416950.688361226
0.06036733750856452,15446447.690569002
0.06030944630870061,15476006.294828307
0.06024793264052256,15505626.639531039
0.060182689510003204,15535308.863401446
0.06011361000174729,15565053.105494004
0.06004058727313229,15594859.50519688
0.05996351455695906,15624728.202232014
0.05988228516163457,15654659.336655695
0.059796843179386674,15684653.048858829
0.05970741836573318,15714709.479569197
0.05961454318827753,15744828.769851066
0.05951881772250332,15775011.061107513
0.05942084163501427,15805256.495078852
0.059321214171305085,15835565.213846367
0.05922053416127109,15865937.359830579
0.05911940001501364,15896373.075794244
0.05901840972591471,15926872.504842054
0.05891816087105916,15957435.790420849
0.05881925060816672,15988063.0763225
0.05872227567952314,16018754.506682996
0.058627832409788805,16049510.225984415
0.05853651670816945,16080330.379054708
0.058448924066453904,16111215.111069731
0.05836564956096377,16142164.5675533
0.05828728785189658,16173178.894378448
0.058214433183108046,16204258.237768749
0.058147679384910056,16235402.744297491
0.058087596227018326,16266612.560891144
0.058034458192712406,16297887.834827855
0.05798809506652397,16329228.713739935
0.05794816066680985,16360635.34561407
0.057914306239621384,16392107.878791997
0.05788618327253303,16423646.461972203
0.05786344349580558,16455251.24421027
0.057845738882047984,16486922.374919701
0.05783272164545346,16518660.003873248
0.057824044242745565,16550464.28120318
0.0578193593711322,16582335.357403433
0.057818319971387734,16614273.383328576
0.05782057922409893,16646278.510196678
0.057825790551892284,16678350.889589239
0.05783360761888369,16710490.673452085
0.05784368432991579,16742698.014096739
0.05785567483128939,16774973.06420086
0.05786923350957345,16807315.97680983
0.057884014993617956,16839726.90533626
0.05789967513428237,16872206.003563307
0.05791591173413808,16904753.42564317
0.057932517907723025,16937369.326099887
0.05794934507642465,16970053.859829143
0.057966248552517134,17002807.18209906
0.05798308374786725,17035629.448552422
0.05799970617559149,17068520.815206826
0.05801597145021905,17101481.43845526
0.05803173528699953,17134511.475067243
0.05804685350014193,17167611.082191184
0.058061182007037575,17200780.417352762
0.058074576823506814,17234019.638458356
0.058086894067168084,17267328.903794356
0.058097989955890175,17300708.372028686
0.05810772080709967,17334158.202212393
0.05811594303944019,17367678.55377974
0.05812251317229347,17401269.58654894
0.05812728782359045,17434931.460724838
0.05813012371360817,17468664.336897485
0.05813087766064387,17502468.376045644
0.05812940658502406,17536343.739535425
0.05812556750584832,17570290.589123018
0.058119217542861326,17604309.086954717
0.05811021391533345,17638399.39556846
0.058098413942864316,17672561.67789438
0.05808367504490435,17706796.09725588
0.05806585473985058,17741102.8173714
0.058044810646489475,17775482.00235463
0.05802040048415759,17809933.816714957
0.05799248207034686,17844458.42535999
0.0579609133229976,17879055.993595462
0.05792555225874483,17913726.68712718
0.0578862569958431,17948470.672059953
0.05784288574859156,17983288.114902258
0.05779529683407934,18018179.182563197
0.05774334866682641,18053144.0423563
0.05768689976043407,18088182.862000123
0.05762580872943591,18123295.809617724
0.05755993428607338,18158483.05373953
0.05748916585982866,18193744.763303936
0.05741363060691472,18229081.107657976
0.05733374835749556,18264492.256557316
0.057250024667674086,18299978.380170587
0.0571629650205119,18335539.649076216
0.05707307454458955,18371176.234267227
0.056980858019423195,18406888.30714931
0.056886819871460444,18442676.03954433
0.056791464177185044,18478539.603689797
0.05669529466245638,18514479.172240123
0.05659881470144462,18550494.918268677
0.05650252731929828,18586587.015267164
0.0564069351890101,18622755.63714896
0.056312540635317335,18659000.958247803
0.05621984563198718,18695323.15332043
0.05612935180282536,18731722.397547565
0.05604156042287961,18768198.866534106
0.05595697241738439,18804752.73631093
0.05587608836214737,18841384.18333599
0.05579939738513554,18878093.384494968
0.05572717062134905,18914880.51710251
0.055659289868884666,18951745.75890433
0.055595448119563746,18988689.288076364
0.05553533228473204,19025711.2832276
0.05547862949371479,19062811.923400223
0.05542502709269156,19099991.388071287
0.05537421264539562,19137249.85715332
0.0553258739321942,19174587.510995973
0.0552796989507861,19212004.53038659
0.055235375915686426,19249501.096551474
0.05519259325690959,19287077.391158238
0.055151039623481106,19324733.59631408
0.05511040387849791,19362469.89457018
0.05507037510283981,19400286.468920566
0.05503064259304893,19438183.502804395
0.05499089586222306,19476161.180106424
0.054950824639303446,19514219.685158532
0.05491011886896533,19552359.20274099
0.054868469367923445,19590579.918083563
0.0548256357415279,19628882.01686538
0.05478157178599226,19667265.68521884
0.05473637114660399,19705731.109728098
0.054690141116411656,19744278.477431282
0.05464298891298344,19782907.975822598
0.054595021681030434,19821619.792851403
0.054546346489661154,19860414.116925273
0.05449707033460354,19899291.136909656
0.054447300135666475,19938251.04213111
0.054397142739749944,19977294.022376448
0.05434670491949393,20016420.2678944
0.05429609337272496,20055629.96939743
0.05424541472328479,20094923.31806255
0.05419477552028032,20134300.50553318
0.054144282240089964,20173761.723918654
0.054094041283842,20213307.1657972
0.054044158979419624,20252937.024215862
0.053994741579732046,20292651.49269309
0.05394589526490959,20332450.76521823
0.05389770836015186,20372335.03625458
0.05385017708857271,20412304.500738963
0.053803204036696736,20452359.35408365
0.05375667247400497,20492499.792178493
0.05371046575276921,20532726.011389896
0.05366446730494763,20573038.208564214
0.05361856064292648,20613436.581029125
0.05357262936278061,20653921.326591585
0.05352655713879105,20694492.64354316
0.053480227727096215,20735150.730659157
0.05343352496429162,20775895.787200674
0.05338633276970944,20816728.0129135
0.05333853513957651,20857647.608034514
0.05329001615566939,20898654.773285963
0.05324065997581047,20939749.70988384
0.05319035084193183,20980932.619533442
0.05313897307424953,21022203.704434592
0.05308641107584214,21063563.167279355
0.05303254932722838,21105011.2112578
0.05297727745904283,21146548.0400547
0.05292054168599913,21188173.8578533
0.05286236965141423,21229888.869336825
0.05280281930611347,21271693.27968818
0.052741948931939224,21313587.294593297
0.05267981677214978,21355571.12023984
0.05261648102800838,21397644.963321246
0.05255199986204062,21439809.031035516
0.052486431394824465,21482063.531089198
0.05241983370842709,21524408.671695925
0.05235226484339105,21566844.66158005
0.05228378280083942,21609371.709976487
0.052214445542491106,21651990.02663143
0.052144310987290304,21694699.821807213
0.05207343701689162,21737501.30627909
0.05200188147172299,21780394.69133911
0.0519297021515759,21823380.188797697
0.05185695681675168,21866458.01098404
0.05178370318845065,21909628.37074653
0.051709998945991036,21952891.48145681
0.051635901730191794,21996247.557008438
0.05156146914041046,22039696.81182085
0.05148675873791216,22083239.46083763
0.051411828043284154,22126875.719529636
0.051336734536277656,22170605.803897247
0.051261535657311105,22214429.930470616
0.05118628880840717,22258348.316309378
0.05111105134915607,22302361.179007974
0.05103588060097889,22346468.736693807
0.050960833845668504,22390671.208029076
0.05088596832394502,22434968.81221393
0.05081134123767806,22479361.7689861
0.050737009748987795,22523850.29862269
0.05066303098008386,22568434.621941812
0.0505894620136506,22613114.96030367
0.050516359891413835,22657891.535613753
0.050443781618338616,22702764.570319787
0.050371784156114714,22747734.28741929
0.050300424430068214,22792800.91045501
0.050229759323386136,22837964.663521208
0.050159845681837775,22883225.77126104
0.05009074030910408,22928584.458872333
0.050022499972022696,22974040.952104256
0.04995518139646569,23019595.47726191
0.049888841268265184,23065248.26120787
0.049823536235025154,23110999.53136166
0.04975932290452603,23156849.51570227
0.04969625784439152,23202798.44277041
0.04963439758353731,23248846.541668676
0.049573798611830755,23294994.042062826
0.04951451737851251,23341241.174185164
0.049456610294882165,23387588.16883342
0.0494001337309473,23434035.25737564
0.049345144019874894,23480582.671747252
0.049291697454288894,23527230.644455466
0.049239850285945394,23573979.40858242
0.049189658731397114,23620829.197780136
0.04914117896319643,23667780.24628076
0.04909444864721699,23714832.788889978
0.04904937480779656,23761987.060995225
0.04900571031919641,23809243.29856133
0.04896316606340435,23856601.738136996
0.04892145305000001,23904062.616851803
0.04888028248590311,23951626.172423184
0.0488393657817446,23999292.64315138
0.048798414545294426,24047062.267927043
0.048757140585728775,24094935.286229223
0.0487152559129981,24142911.938126348
0.04867247273476513,24190992.46428123
0.04862850345961251,24239177.105949804
0.048583060695198826,24287466.104984067
0.04853585725023909,24335859.703831
0.04848660613023909,24384358.145538796
0.04843502054276674,24432961.67375301
0.04838081389146349,24481670.532724135
0.048323699782513184,24530484.967302434
0.04826339201797453,24579405.222945917
0.04819961215692284,24628431.545716748
0.048132211222725416,24677564.18228605
0.048061260369035255,24726803.379935153
0.047986931827662664,24776149.38655491
0.04790940052210138,24825602.450650424
0.047828841256263556,24875162.821339972
0.04774542871231917,24924830.74835881
0.04765933745280473,24974606.482058696
0.04757074191864225,25024490.273411565
0.04747981643124029,25074482.37400909
0.04738673519068877,25124583.036066104
0.04729167227700851,25174792.512421276
0.04719480165004145,25225111.05653865
0.047096297149174765,25275538.922509626
0.046996332493572275,25326076.365054514
0.04689508128206888,25376723.639524445
0.04679271699323415,25427481.0019032
0.04668941298693055,25478348.70880661
0.04658534250137741,25529327.017487623
0.04648067865538065,25580416.18583628
0.04637559444838838,25631616.472380817
0.04627026276021708,25682928.136289313
0.04616485634897976,25734351.437374767
0.04605954785607913,25785886.63609077
0.04595450980101092,25837533.993538596
0.04584991458487197,25889293.77146578
0.045745934489432934,25941166.232268102
0.04564274167525451,25993151.638994455
0.04554050818564834,26045250.255343914
0.045439405944133864,26097462.345669508
0.045339606753701356,26149788.174981833
0.0452412823002581,26202228.00894643
0.045144604148822924,26254782.113889784
0.04504974374568462,26307450.75679946
0.04495687241941565,26360234.20532377
0.04486616137757938,26413132.727777936
0.044777781711098856,26466146.593140632
0.04469190439017705,26519276.071060464
0.04460870026697324,26572521.43185486
0.044528306973628605,26625882.946512133
0.044450704271201846,26679360.886694454
0.04437571792716872,26732955.524738684
0.04430314448432504,26786667.133658603
0.04423278062690962,26840495.987144876
0.04416442317786721,26894442.359570555
0.04409786910206794,26948506.52598895
0.04403291550388497,27002688.762137793
0.043969359627751385,27056989.344440855
0.04390699885871047,27111408.550008774
0.04384563072233968,27165946.65664029
0.043785052882508134,27220603.942827526
0.043725063144872775,27275380.687753223
0.043665459453705625,27330277.171296105
0.04360603989414281,27385293.674029842
0.043546602689949886,27440430.477227613
0.043486946205302066,27495687.86286178
0.04342686894271291,27551066.113608602
0.04336616954603416,27606565.512845725
0.04330465723741651,27662186.344656132
0.04324224600010948,27717928.893833168
0.043178994003751366,27773793.445877165
0.04311500977443843,27829780.286999837
0.04305040222096476,27885889.70412661
0.042985280177322546,27942121.984897353
0.0429197524019802,27998477.41766914
0.0428539275783773,28054956.291517604
0.042787914315112724,28111558.89623838
0.04272182114492611,28168285.52235066
0.04265575652639703,28225136.4610968
0.042589828842475135,28282112.00444603
0.04252414640067355,28339212.44509687
0.04245881743535505,28396438.076475114
0.04239395010372371,28453789.1927415
0.04232965248975807,28511266.0887888
0.042266032601259905,28568869.06024757
0.042203198373172164,28626598.403483257
0.0421412576635969,28684454.415603667
0.042080315525031234,28742437.394457117
0.04202039717069126,28800547.63863639
0.04196136492426217,28858785.447479054
0.04190299086462977,28917151.121070154
0.04184504272551793,28975644.960244983
0.04178728840118423,29034267.26659079
0.0417294959476574,29093018.342445936
0.04167143357912949,29151898.490907453
0.04161286967213117,29210908.015827186
0.04155357276192893,29270047.22181829
0.04149331154478638,29329316.414254367
0.04143185487641985,29388715.89927333
0.04136897177351812,29448245.9837768
0.041304431410896014,29507906.975436643
0.04123800312504673,29567699.18269161
0.04116945641086313,29627622.91475363
0.04109856092344231,29687678.48160757
0.041025086476990276,29747866.194014683
0.04094880304589315,29808186.36351274
0.04086948096754433,29868639.302420862
0.040786949751074095,29929225.323837277
0.04070123753476914,29989944.74164771
0.04061253243190368,30050797.870520294
0.04052104271959199,30111785.025913626
0.04042697653243229,30172906.524075195
0.04033054186115572,30234162.682045206
0.04023194655355097,30295553.81765739
0.04013139831312657,30357080.24954363
0.04002910470200203,30418742.297131173
0.03992527313704204,30480540.280650984
0.03982011089330483,30542474.521135278
0.03971382510326477,30604545.340419702
0.03960662275438447,30666753.06115061
0.039498710693779214,30729098.00677976
0.03939029562425867,30791580.50157196
0.039281584106345836,30854200.870605037
0.03917278255848165,30916959.439771026
0.039064097254904735,30979856.535782687
0.03895573432956268,31042892.486169077
0.03884788824502559,31106067.619284146
0.038740678863735695,31169382.264303997
0.038634141657160094,31232836.75123185
0.03852829068195271,31296431.410900056
0.03842313996810159,31360166.57497043
0.03831870353513214,31424042.575938754
0.038214995393056415,31488059.7471357
0.038112029542241015,31552218.422728956
0.03800981997314513,31616518.9377259
0.03790838066632737,31680961.627976
0.037807725592848604,31745546.830172334
0.03770786871374682,31810274.881854646
0.03760882398057085,31875146.12141075
0.037510605334989594,31940160.8880793
0.03741322670866795,32005319.521952637
0.037316702024186243,32070622.36397711
0.0372210451936094,32136069.75595797
0.03712627012031426,32201662.04055819
0.037032390696270304,32267399.561306156
0.03693942131331713,32333282.662591316
0.03684738399193042,32399311.689670883
0.0367563131299871,32465486.988672324
0.03666624848635985,32531808.90659322
0.036577229915411236,32598277.791303534
0.036489297242575866,32664893.991551716
0.036402490266798225,32731657.856962666
0.03631684875888965,32798569.738042533
0.036232412462431446,32865629.986179546
0.03614922109290437,32932838.953648098
0.036067314338586884,33000196.993609555
0.035986731859689314,33067704.46011644
0.0359075132899969,33135361.708111063
0.03582969823413059,33203169.09343362
0.035753326270935394,33271126.972818024
0.035678436950375376,33339235.703899905
0.03560506979529497,33407495.645216547
0.03553326430142889,33475907.15620868
0.035463059936673716,33544470.597224206
0.035394495464918276,33613186.329518884
0.0353275688857934,33682054.71526173
0.03526217638426039,33751076.117535144
0.035198147188947246,33820250.90033638
0.03513530537086142,33889579.42858337
0.03507347512302231,33959062.06811367
0.03501248075881118,34028699.185689926
0.0349521467134918,34098491.14899902
0.03489229754208298,34168438.326659136
0.03483275792184369,34238541.08821687
0.034773352650269526,34308799.80415298
0.034713906645516934,34379214.84588453
0.03465424494598184,34449786.58576885
0.0345941927122797,34520515.397100665
0.03453357522441653,34591401.65411991
0.03447221788269312,34662445.73201376
0.034409946208837076,34733648.00691593
0.0343465858442661,34805008.85591244
0.03428196255086349,34876528.657043
0.034215902214383524,34948207.78930226
0.03414825342069711,35020046.63264421
0.03407896415489618,35092045.567983635
0.034008075426666694,35164204.97720144
0.03393564449803374,35236525.24314119
0.033861728590365354,35309006.74961786
0.0337863848863945,35381649.88141709
0.03370967052930053,35454455.02429949
0.033631642623546947,35527422.56500141
0.033552358234316425,35600552.89123838
0.03347187438730117,35673846.39170875
0.033390248069188416,35747303.45609552
0.03330753622813972,35820924.47506729
0.03322379577208279,35894709.84028521
0.03313908357149263,35968659.94439912
0.03305345645608032,36042775.18105762
0.032966971217455114,36117055.944905825
0.03287968460879105,36191502.63158712
0.03279165334268864,36266115.63775181
0.032702934094264315,36340895.36105306
0.03261357936191319,36415842.200154275
0.03252360418118337,36490956.55472851
0.032432974236821496,36566238.825463064
0.032341639081368424,36641689.41406375
0.03224954819995259,36717308.7232527
0.03215665111159462,36793097.156776026
0.03206289737064067,36869055.11940378
0.03196823656607717,36945183.01693407
0.031872618321845216,37021481.25619508
0.03177599229682087,37097950.24504765
0.031678308184577106,37174590.39238845
0.03157951571347655,37251402.10815272
0.03147956464654451,37328385.8033174
0.03137840478145314,37405541.8899042
0.0312759859515815,37482870.78097865
0.03117225802362124,37560372.89065933
0.031067170899613607,37638048.6341165
0.030960674516493748,37715898.42757495
0.030852718845750957,37793922.68831751
0.03074325885175718,37872121.8346885
0.030632372412957312,37950496.28609713
0.030520375373773705,38029046.46301734
0.030407708851176395,38107772.786993474
0.03029481905521291,38186675.68064257
0.030182151888962578,38265755.567656815
0.030070152948693227,38345012.872806154
0.029959267523812415,38424448.02194169
0.029849940597028102,38504061.441998884
0.029742616844815658,38583853.56099954
0.029637740637267537,38663824.808055334
0.029535756038152852,38743975.61337144
0.029437106805785943,38824306.40824717
0.029342236392169707,38904817.62508164
0.029251587943865114,38985509.69737518
0.02916560430214595,39066383.05973177
0.02908472800245669,39147438.147864304
0.029009401275770584,39228675.39859405
0.02894006604685434,39310095.24985953
0.028877162921519012,39391698.14070865
0.02882094559908884,39473484.51131778
0.02877108183456686,39555454.80297743
0.028726787384937672,39637609.45810835
0.028687226483894015,39719948.92025751
0.028651563938607422,39802473.634105414
0.028618965130905567,39885184.04546479
0.028588596015502562,39968080.601287745
0.028559623121172068,40051163.749664426
0.02853121354849347,40134433.939832315
0.028502534971902544,40217891.622172505
0.02847275563773223,40301537.24821664
0.028441044364016028,40385371.27065093
0.028406570541262787,40469394.14331578
0.02836850413128316,40553606.32121069
0.028326015666700875,40638008.26049884
0.028278276251626603,40722600.418507025
0.02822445756019891,40807383.25373231
0.028163731837449427,40892357.22584159
0.02809527189804068,40977522.7956775
0.028018360794653002,41062880.42526177
0.02793293099734485,41148430.57779463
0.027839619684541843,41234173.71766221
0.027739229094229382,41320110.31044006
0.02763256095938238,41406240.82288932
0.027520416461209042,41492565.72296953
0.027403596231619764,41579085.479836784
0.02728290035349991,41665800.5638452
0.02715912835986987,41752711.44655358
0.02703307923427474,41839818.600730136
0.026905551412730738,41927122.50034912
0.02677734278206387,42014623.62059961
0.02664925068066623,42102322.43788892
0.02652207189987114,42190219.42984143
0.026396602682688067,42278315.07530677
0.026273638724999417,42366609.85436112
0.02615397517601785,42455104.24830882
0.026038406637763852,42543798.739688784
0.025927727165888842,42632693.812276445
0.025822698736238,42721789.9510846
0.02572366240759687,42811087.64237264
0.02563030834070574,42900587.37364413
0.025542060198654362,42990289.63365249
0.025458337152998393,43080194.912406355
0.02537855877437939,43170303.701167956
0.025302145030757544,43260616.4924622
0.02522851628850388,43351133.78007582
0.025157093311502284,43441856.059062615
0.02508729726103151,43532783.82574713
0.025018549695729957,43623917.57772738
0.02495027257155829,43715257.81387706
0.0248818882405757,43806805.03435369
0.024812819452683297,43898559.740594156
0.024742489352712404,43990522.43532869
0.024670321483424913,44082693.6225723
0.024595739782192226,44175073.807639234
0.024518168583225655,44267663.49713829
0.024437032615696033,44360463.19898188
0.024351762076320616,44453473.422388375
0.024262030191198228,44546694.677880414
0.024168082145185767,44640127.47729627
0.024070522221371387,44733772.33379001
0.02396997939761867,44827629.76183264
0.023867082220081055,44921700.27721903
0.023762458803837032,45015984.39707062
0.023656736833273944,45110482.639838204
0.023550543561988366,45205195.52530666
0.023444505813251852,45300123.57459782
0.023339249980469354,45395267.310172394
0.023235402025978884,45490627.25584084
0.023133587484276102,45586203.936753325
0.02303443145821795,45681997.87942019
0.0229385586230193,45778009.61170115
0.022846593223966285,45874239.66281767
0.022759159077735257,45970688.563353404
0.022676879572610387,46067356.845256895
0.022600377667861788,46164245.04184976
0.022530275814565816,46261353.6878251
0.022467048313783832,46358683.31925352
0.022410568441354105,46456234.473588064
0.022360169930541567,46554007.68966743
0.022315100362619453,46652003.50771578
0.022274607833378444,46750222.46935329
0.02223794095414528,46848665.11759511
0.02220434885113561,46947331.99685566
0.02217308116481249,47046223.65295462
0.02214338805014509,47145340.633118525
0.022114520175817307,47244683.48598708
0.022085728725007216,47344252.76161144
0.022056265393104846,47444049.01146807
0.022025382390205017,47544072.78844986
0.02199233243823249,47644324.64688078
0.02195636877216594,47744805.1425148
0.0219167451393988,47845514.8325406
0.02187271579954669,47946454.27558491
0.021823535523886717,48047624.031718165
0.021768459595754283,48149024.66245486
0.021706803313955914,48250656.73076256
0.02163837031720258,48352520.801060416
0.02156358030215102,48454617.439230084
0.02148304106537034,48556947.21261017
0.021397360782357277,48659510.69000836
0.02130714721254601,48762308.44170305
0.02121300769966585,48865341.03944599
0.02111554917188092,48968609.056465715
0.021015378141224582,49072113.06747664
0.020913100705378565,49175853.64867474
0.020809322546115443,49279831.37775011
0.020704648930859153,49384046.83388531
0.020599684712125324,49488500.59776269
0.020495034328364192,49593193.25156523
0.020391301803618343,49698125.37898299
0.02028909074760723,49803297.56521939
0.020189004357104225,49908710.396988094
0.020091645414510407,50014364.462525584
0.019997616289299552,50120260.35159002
0.019907505444807138,50226398.655466974
0.019821613669634808,50332779.96697129
0.019739712938357464,50439404.880458355
0.01966131084475285,50546273.99181707
0.019585905611563863,50653387.898485675
0.019512995805401757,50760747.19944823
0.019442080336034076,50868352.49523994
0.01937265845555528,50976204.38795641
0.019304229759644333,51084303.48124924
0.019236294185693635,51192650.3803397
0.019168352014253473,51301245.69201407
0.019099903867174913,51410090.0246378
0.019030450709298596,51519183.98814903
0.018959493846860725,51628528.194069445
0.01888653492732436,51738123.255511194
0.018811075940470975,51847969.78717278
0.018732619217013368,51958068.40534909
0.018650667428613807,52068419.72793629
0.018564723588332728,52179024.37443182
0.018474292320472693,52289882.96594608
0.018379039004161636,52400996.12519604
0.01827910031577949,52512364.4765202
0.018174960984853238,52623988.64587955
0.018067141650962175,52735869.26085653
0.0179561625972248,52848006.95066713
0.017842543751099525,52960402.34616339
0.01772680468492531,53073056.07983449
0.01760946461562329,53185968.78581357
0.01749104240482711,53299141.09988344
0.017372056559363733,53412573.659479424
0.01725302523137614,53526267.10369375
0.017134466218333925,53640222.07328133
0.017016896963449553,53754439.21066286
0.016900834555745405,53868919.15992967
0.01678679573001357,53983662.56685071
0.01667529686739787,54098670.078874536
0.016566853995682727,54213942.345131695
0.016461982788533554,54329480.01644716
0.01636119856712245,54445283.74533455
0.016264968545033037,54561354.18601109
0.016173500226628886,54677691.994393244
0.016086730752118503,54794297.82811001
0.016004538699525082,54911172.34649724
0.0159268027262592,55028316.21061501
0.015853401572966386,55145730.083239675
0.01578421406214883,55263414.62887694
0.015719119098710533,55381370.51376368
0.015657995669598836,55499598.405875444
0.015600722844545552,55618098.97492395
0.015547179774822699,55736872.8923711
0.015497245694243132,55855920.83142665
0.015450799918442238,55975243.46705757
0.015407721845198662,56094841.4759907
0.015367890954287821,56214715.536717996
0.015331186807541437,56334866.329500094
0.015297489048447492,56455294.536374636
0.015266677402669508,56576000.84115653
0.01523863167744299,56696985.929447
0.01521322609995711,56818250.48863515
0.015190267703244432,56939795.20790844
0.015169464201590668,57061620.77824573
0.015150485120301016,57183727.89243963
0.015132999661042427,57306117.24508463
0.015116677250864583,57428789.53259225
0.015101187542637983,57551745.45319328
0.015086200414935892,57674985.7069425
0.01507138597191667,57798510.9957232
0.01505641454310611,57922322.02325307
0.015040956683230503,58046419.49509022
0.015024683172549071,58170804.11863358
0.015007265015738049,58295476.603137374
0.014988373443220251,58420437.659703664
0.014967679909602334,58545688.001298815
0.014944856094504499,58671228.34275216
0.014919573902242944,58797059.40076116
0.014891505461267602,58923181.89390132
0.014860323124688966,59049596.54262616
0.014825701234343784,59176304.069276124
0.014787383036546926,59303305.1980804
0.01474526481615994,59430600.65516303
0.014699334520063752,59558191.16855248
0.014649585751937923,59686077.46817975
0.01459601212005943,59814260.28588928
0.014538607237690493,59942740.355441764
0.014477364723026293,60071518.41251908
0.014412278199047892,60200595.19473124
0.014343341293806548,60329971.44161858
0.014270547639849281,60459647.89466308
0.014193890874931076,60589625.297287606
0.014113364641722912,60719904.394862026
0.014028962587482357,60850485.93471265
0.013940678364428548,60981370.66612512
0.013848505629828187,61112559.34034762
0.013752438045486386,61244052.71060163
0.013652469278612727,61375851.53207816
0.013548593000410017,61507956.56195809
0.01344080299078655,61640368.55940047
0.013329170363709869,61773088.28556158
0.013214057705035984,61906116.503593326
0.013096078494775027,62039453.97864951
0.012975882660045176,62173101.4778935
0.012854119684649758,62307059.770503774
0.012731438609478467,62441329.62767731
0.01260848803269018,62575911.822634466
0.012485916109568548,62710807.13062967
0.012364370553256754,62846016.32895222
0.01224449863481554,62981540.1969322
0.012126947183292106,63117379.51594847
0.012012362585996035,63253535.06943502
0.011901390789125077,63390007.64288071
0.011794677297281106,63526798.02384357
0.011692867174526942,63663907.00194683
0.011596605043756897,63801335.36889449
0.011506535087475761,63939083.91847266
0.01142330104836141,64077153.44654778
0.011347546228282612,64215544.751088664
0.011279852731385074,64354258.632159024
0.011220349263498679,64493295.89192681
0.011168616448196817,64632657.334671885
0.011124079016811301,64772343.76679328
0.011086161696944612,64912355.996805355
0.01105428960693301,65052694.83535981
0.011027888256995107,65193361.09523475
0.011006383547825441,65334355.59135512
0.010989201771408923,65475679.14078618
0.010975769610054911,65617332.562747955
0.010965514136448636,65759316.67862013
0.010957862813771887,65901632.3119421
0.010952243494886956,66044280.28842723
0.010948084422710393,66187261.43596178
0.010944814229577094,66330576.584616125
0.010941861937253725,66474226.56664893
0.010938656956879584,66618212.21650989
0.010934629088296295,66762534.370852664
0.010929208520348439,66907193.86853483
0.010921833099161615,67052191.55062761
0.010912075375232522,67197528.26041906
0.01089974331060261,67343204.8434245
0.01088475651489166,67489222.14738739
0.010867038098207075,67635581.02229026
0.010846511223532845,67782282.32035781
0.010823099106452266,67929326.89606658
0.010796725015546845,68076715.60614449
0.01076731227180014,68224449.30958484
0.010734784248961378,68372528.86764854
0.010699064373516264,68520955.14386885
0.010660076124273,68669729.0040642
0.010617743032861946,68818851.3163377
0.010571988683530355,68968322.95108351
0.010522736712664826,69118144.78100187
0.010469910809561035,69268317.68109395
0.010413434715772694,69418842.52867565
0.010353232225258751,69569720.20338322
0.010289227184558962,69720951.58717588
0.010221344133986081,69872537.56434637
0.010149566485689817,70024479.02152647
0.010074039622195418,70176776.84769355
0.009995023334086037,70329431.93417408
0.009912787967681025,70482445.17465411
0.009827603685629595,70635817.4651849
0.00973974046703812,70789549.70418873
0.009649468107596072,70943642.7924642
0.009557056219450005,71098097.63319719
0.009462774231646747,71252915.13196161
0.009366891389821686,71408096.19673297
0.009269676756789913,71563641.73788643
0.009171399212117903,71719552.66821176
0.009072327452587521,71875829.90291506
0.008972729992079572,72032474.35962887
0.008872875161934848,72189486.95841342
0.008773031110610202,72346868.62177187
0.00867346580429771,72504620.27464804
0.008574447026613594,72662742.84443909
0.008476242378812454,72821237.26100212
0.008379119279993021,72980104.45665832
0.008283344967188501,73139345.36619827
0.008189186495083219,73298960.92689817
0.008096910736758129,73458952.07851377
0.008006784383139925,73619319.76329932
0.007919073943705357,73780064.92600228
0.007834045745844752,73941188.51388577
0.007751965935761938,74102691.47671989
0.007673100478023695,74264574.76679716
0.007597715155712351,74426839.33894122
0.007526075570843584,74589486.15050575
0.007458447144013955,74752516.16139096
0.007395095114842525,74915930.33404441
0.007336284542012147,75079729.63346705
0.007282280302982782,75243915.02723145
0.0072333470948972006,75408487.48546882
0.007189749433629803,75573447.98090017
0.007151751654804987,75738797.48882446
0.007119617913418173,75904536.98713343
0.0070935849115916685,76070667.4563201
0.007073598774030053,76237189.8794828
0.007059195307832161,76404105.24233502
0.007049761793948908,76571414.53321195
0.007044684313792323,76739118.74307314
0.007043349365388243,76907218.86552025
0.007045143863617199,77075715.89679427
0.007049455139745167,77244610.83578686
0.007055670941160716,77413904.68405053
0.007063179431340673,77583598.4458017
0.00707136918961055,77753693.12792686
0.007079629210560653,77924189.74000143
0.007087348904585931,78095089.29427728
0.007093918096728384,78266392.80571313
0.007098727027356345,78438101.29196136
0.007101166351234523,78610215.77339129
0.007100627137791163,78782737.27308665
0.007096500870579223,78955666.81686023
0.007088179447312732,79129005.43325588
0.007075061385554183,79302754.15355986
0.007056745873802815,79476914.01180616
0.007033254119153641,79651486.04478547
0.007004847994069585,79826471.29205275
0.006971802187168715,80001870.7959374
0.006934391201270337,80177685.60154182
0.006892889352928325,80353916.7567646
0.006847570773092293,80530565.3122958
0.006798709407086939,80707632.32162315
0.006746579014246483,80885118.84105512
0.00669145316863098,81063025.92971393
0.006633605258855127,81241354.64954685
0.006573308488014615,81420106.06534116
0.006510835874169979,81599281.2447209
0.006446460250036514,81778881.25816587
0.006380454263379331,81958907.17901234
0.006313090377043774,82139360.08346099
0.00624464086884724,82320241.05059253
0.006175377832004022,82501551.16236624
0.006105573175055143,82683291.50363068
0.0060354986217307635,82865463.1621421
0.005965425711676724,83048067.22855157
0.005895625799728476,83231104.79643849
0.005826370056822213,83414576.96229446
0.005757929469455717,83598484.82554902
0.005690574840147571,83782829.48856872
0.0056245767873091415,83967612.05667244
0.005560205745598554,84152833.63813078
0.005497731965742066,84338495.34418303
0.005437425514900325,84524598.28903621
0.005379556276392566,84711143.58988757
0.005324393950302342,84898132.36691454
0.005272208053083588,85085565.74329892
0.005223267917918955,85273444.84522885
0.005177842694830168,85461770.80190466
0.005136201350622248,85650544.74555308
0.00509861266911347,85839767.81143135
0.005065345251148243,86029441.13783881
0.005036667514758898,86219565.86612263
0.005012808913830948,86410143.14069003
0.004993734998602702,86601174.1090095
0.004979105484246198,86792659.92163247
0.004968499300394209,86984601.7321865
0.0049614955550412254,87177000.69739696
0.004957673641348479,87369857.97708744
0.004956613237367224,87563174.73419186
0.004957894305890064,87756952.13476464
0.004961097094429783,87951191.34798324
0.004965802134879121,88145893.54616442
0.004971590243410266,88341059.90477413
0.004978042520613812,88536691.60242113
0.004984740350791127,88732789.82088968
0.004991265402397451,88929355.74512589
0.004997199627493657,89126390.5632597
0.005002125261661741,89323895.46661517
0.005005624824081083,89521871.64970855
0.005007281117139877,89720320.31026539
0.005006677226303087,89919242.6492317
0.0050034083817835015,90118639.8707732
0.0049972620231878186,90318513.182295
0.004988345730245578,90518863.79444516
0.0049769106157438936,90719692.92112595
0.0049632113004190945,90921001.7794968
0.004947502232516782,91122791.58999601
0.004930037688216393,91325063.57633701
0.004911071771435565,91527818.96552828
0.004890858414188344,91731058.98787157
0.004869651376438446,91934784.87697992
0.00484770424622203,92138997.86978884
0.0048252704399551595,92343699.20655474
0.004802603202289666,92548890.13087243
0.004779955606188878,92754571.88968885
0.00475758055337001,92960745.7332938
0.004735730773796721,93167412.9153566
0.004714658826364723,93374574.6929119
0.004694617098624997,93582232.3263813
0.004675857806965478,93790387.07958192
0.004658631508163655,93999040.21972965
0.004643085176672207,94208193.01745862
0.004629098108029667,94417846.74682337
0.004616368844173199,94628002.68531105
0.0046045809430966785,94838662.11384785
0.004593418176944733,95049826.31681582
0.00458256453201914,95261496.5820585
0.004571704208695632,95473674.2008875
0.004560521621180339,95686360.46809864
0.004548701397514861,95899556.681977
0.004535928379377155,96113264.1443111
0.004521887622100445,96327484.16039544
0.0045062643943583666,96542218.03905085
0.004488744178241909,96757467.09262644
0.004469012669089303,96973232.63701043
0.004446755775289119,97189515.99164559
0.0044216596183392996,97406318.47953047
0.0043934105325089895,97623641.42724097
0.00436169506498164,97841486.16492835
0.004326199978227384,98059854.02633743
0.004286683153758346,98278746.34881623
0.00424322907478229,98498164.47332051
0.004196235221002478,98718109.7444332
0.0041461563450433,98938583.51036268
0.004093446892015597,99159587.12296367
0.004038560999772886,99381121.93774498
0.003981952499135749,99603189.31387483
0.003924074913885273,99825790.61420122
0.0038653814612016335,100048927.20524491
0.003806325051423782,100272600.4572337
0.0037473582885961844,100496811.74409294
0.003688933470405806,100721562.44346593
0.003631502588450796,100946853.93671833
0.0035755173282605852,101172687.6089588
0.003521429069653528,101399064.84903708
0.0034696888867347068,101625987.04956335
0.003420747548092543,101853455.60691902
0.003375055517067359,102081471.92125833
0.003333062951736273,102310037.39653051
0.003295189751938455,102539153.4404844
0.003261568323106178,102768821.46467929
0.0032319427490821373,102999042.88449827
0.0032059252544513624,103229819.11915407
0.0031831272849690987,103461151.59171225
0.003163160548925295,103693041.72908218
0.0031456370167433157,103925490.96204539
0.00313016892096536,104158500.72526161
0.0031163687561248992,104392072.4572779
0.003103849278638908,104626207.60053487
0.0030922235065128163,104860907.60139193
0.0030811047194011453,105096173.91012415
0.0030701064583623394,105332007.98093925
0.003058842525712257,105568411.27199122
0.003046926984926916,105805385.24538931
0.003033974160544201,106042931.36720422
0.0030195986379014947,106281051.10749
0.0030034152631345547,106519745.94028595
0.002985039142954079,106759017.34363326
0.002964091396495916,106998866.79958338
0.002940349719929407,107239295.794211
0.002913903973057184,107480305.81762767
0.002885013333832027,107721898.3639879
0.002853944740966981,107964074.93150097
0.0028209649529413548,108206837.02245674
0.002786340548374721,108450186.14321089
0.0027503379257970985,108694123.80422324
0.0027132233039928576,108938651.52005038
0.002675262721953517,109183770.80936721
0.002636722038999438,109429483.19497925
0.0025978669349485555,109675790.20382546
0.0025589629101097273,109922693.36699845
0.0025202752854192045,110170194.2197546
0.0024820692025577383,110418294.30152225
0.002444609623973513,110666995.15592195
0.0024081613330857446,110916298.33076656
0.002372988934269056,111166205.37808362
0.0023393568530390946,111416717.85411763
0.0023075291039739076,111667837.31936134
0.0022777149698134554,111919565.33853614
0.002249945474312052,112171903.48063532
0.00222411067242438,112424853.31892183
0.0022000835324769655,112678416.43093307
0.0021777371082441297,112932594.39851445
0.0021569445391128096,113187388.80780756
0.002137579049830498,113442801.24928659
0.0021195139506792124,113698833.3177442
0.002102622637193793,113955486.61233234
0.0020867785903656,114212762.7365447
0.0020718553763386023,114470663.2982608
0.0020577266466089016,114729189.9097299
0.002044266137809515,114988344.18760137
0.00203134767171242,115248127.7529361
0.002018845155272823,115508542.23120347
0.002006632580405988,115769589.25231865
0.0019945840241278245,116031270.45063275
0.0019825736483952594,116293587.46495694
0.0019704757000753898,116556541.93857698
0.001958172715111176,116820135.5192598
0.0019455983419059183,117084369.8592679
0.0019327430277861653,117349246.6153737
0.0019196111626629858,117614767.44887173
0.0019062071409993156,117880934.0255931
0.0018925353543340906,118147748.01591669
0.0018786001912895873,118415211.09478018
0.0018644060375254642,118683324.94170135
0.0018499572758348991,118952091.2407763
0.0018352582860168061,119221511.68071175
0.0018203134450001707,119491587.9548219
0.0018051271267814225,119762321.76104796
0.0017897037024091015,120033714.801977
0.001774047540064797,120305768.78484151
0.0017581630049686742,120578485.42154694
0.0017420544594321456,120851866.42868036
0.0017257262629024619,121125913.52751276
0.0017091827718332256,121400628.4440357
0.0016924283398437347,121676012.90895018
0.0016754673175853544,121952068.65770073
0.0016583040528554056,122228797.43047094
0.0016409428904980527,122506200.97221345
0.0016233881724795657,122784281.03265294
0.0016056442378683182,123063039.36630088
0.001587715422816173,123342477.73247352
0.001569606060570462,123622597.89530587
0.0015513204815051005,123903401.62375829
0.0015328630130680614,124184890.69164063
0.0015142379798411586,124467066.87761563
0.0014954497034931264,124749931.96522062
0.0014765025027916512,125033487.74288262
0.001457400693646285,125317736.00392208
0.0014381485890495556,125602678.54657811
0.0014187504991291183,125888317.17401323
0.0013992107310863936,126174653.69434187
0.0013795335892958327,126461689.9206231
0.001359723375187275,126749427.67089947
0.0013397843873737066,127037868.76818499
0.0013197209215116909,127327015.04051033
0.0012995372704671575,127616868.32090081
0.0012792377241462643,127907430.44742738
0.001258826569632709,128198703.2631944
0.0012383080911237577,128490688.61636412
0.0012176865699322409,128783388.36017394
0.0011969662845042301,129076804.35294846
0.0011761515104349973,129370938.45810744
0.0011552465204216782,129665792.544194
0.001134255584317058,129961368.4848774
0.0011131829691015504,130257668.15897322
0.0010920329388918253,130554693.45045735
0.0010708097549324107,130852446.24848509
0.0010495176756344475,131150928.44739342
0.0010281609565228346,131450141.94673088
0.0010067438502720117,131750088.65126608
0.0009852706067188831,132050770.4709953
0.0009637454728054325,132352189.32117856
0.0009421726926697236,132654347.1223262
0.0009205565075614489,132957245.80023855
0.0008989011558953429,133260887.28600836
0.0008772108732291494,133565273.51604277
0.000855489892284408,133870406.4320715
0.000833742442928723,134176287.98116839
0.0008119727521935646,134482920.11576116
0.0007901850442596673,134790304.7936524
0.0007683835404619641,135098443.9780368
0.0007465724593128185,135407339.6375056
0.0007247560164763533,135716993.746071
0.0007029384247711454,136027408.2831863
0.0006811238942006459,136338585.233746
0.000659316631912675,136650526.58812082
0.0006375208422400839,136963234.34215686
0.0006157407266821339,137276710.4971968
0.000593980483898844,137590957.06010246
0.000572244309725215,137905976.04326725
0.000550536397178993,138221769.46462488
0.0005288609364522461,138538339.34766802
0.0005072221148968775,138855687.72147912
0.00048562411706145594,139173816.62072533
0.0004640711246689436,139492728.08568472
0.0004425673166187212,139812424.16226506
0.0004211168689959473,140132906.90201622
0.0003997239550722739,140454178.3621439
0.0003783927452984732,140776240.60553497
0.00035712740731852716,141099095.70076364
0.0003359321059613314,141422745.72211504
0.0003148110032488009,141747192.74959564
0.0002937682583899862,142072438.86895746
0.0002728080277884567,142398486.17171115
0.00025193446504607244,142725336.75513554
0.00023115172095446236,143052992.72230762
0.00021046394350475022,143381456.18211251
0.00018987527788943121,143710729.24925554
0.00016938986649818588,144040814.04428703
0.00014901184892182772,144371712.6936202
0.0001287453619579553,144703427.32953674
0.00010859453960643413,145035960.0902131
8.85635130726711e-05,145369313.11973888
6.865641077046121e-05,145703488.56813133
4.887735832353334e-05,146038488.59134704
2.9230478564581304e-05,146374315.35130867
9.719891539176234e-06,146710971.01591825
