rv,ri
3.9999999999999996, 96.86617493117694
4.001, 96.86791516780531
4.002000000000001, 96.8696037967889
4.003000000000001, 96.87124136956089
4.004000000000001, 96.87282843755457
4.005000000000002, 96.87436555220329
4.006000000000002, 96.8758532649401
4.007000000000002, 96.8772921271984
4.008000000000003, 96.87868269041138
4.009000000000003, 96.88002550601232
4.010000000000003, 96.88132112543448
4.011000000000004, 96.88257010011107
4.012000000000004, 96.88377298147549
4.013000000000004, 96.88493032096075
4.014000000000005, 96.88604267000036
4.015000000000005, 96.8871105800274
4.016000000000005, 96.8881346024752
4.017000000000006, 96.88911528877695
4.018000000000006, 96.89005319036595
4.019000000000006, 96.89094885867546
4.020000000000007, 96.89180284513871
4.021000000000007, 96.892615701189
4.022000000000007, 96.89338797825951
4.023000000000008, 96.89412022778353
4.024000000000008, 96.89481300119442
4.025000000000008, 96.89546684992523
4.026000000000009, 96.89608232540934
4.027000000000009, 96.89665997908
4.028000000000009, 96.89720036237041
4.02900000000001, 96.89770402671392
4.03000000000001, 96.89817152354365
4.03100000000001, 96.89860340429301
4.032000000000011, 96.89900022039508
4.033000000000011, 96.8993625232833
4.034000000000011, 96.89969086439076
4.035000000000012, 96.8999857951508
4.036000000000012, 96.90024786699666
4.037000000000012, 96.90047763136162
4.038000000000013, 96.9006756396789
4.039000000000013, 96.9008424433817
4.040000000000013, 96.90097859390339
4.041000000000014, 96.90108464267718
4.042000000000014, 96.90116114113628
4.043000000000014, 96.90120864071396
4.044000000000015, 96.90122769284356
4.045000000000015, 96.90121884895818
4.046000000000015, 96.90118266049122
4.047000000000016, 96.90111967887582
4.048000000000016, 96.90103045554538
4.049000000000016, 96.90091554193295
4.050000000000017, 96.90077548947195
4.051000000000017, 96.90061084959558
4.052000000000017, 96.90042217373708
4.053000000000018, 96.90021001332973
4.054000000000018, 96.89997491980675
4.055000000000018, 96.89971744460142
4.056000000000019, 96.89943813914702
4.057000000000019, 96.89913755487673
4.058000000000019, 96.89881624322386
4.05900000000002, 96.89847475562165
4.06000000000002, 96.8981136435034
4.06100000000002, 96.89773345830228
4.062000000000021, 96.8973347514516
4.063000000000021, 96.89691807438456
4.064000000000021, 96.89648397853446
4.065000000000022, 96.89603301533458
4.066000000000022, 96.89556573621815
4.067000000000022, 96.89508269261836
4.068000000000023, 96.89458443596855
4.069000000000023, 96.89407151770192
4.070000000000023, 96.89354448925177
4.071000000000024, 96.89300390205132
4.072000000000024, 96.8924503075338
4.073000000000024, 96.89188425713253
4.074000000000025, 96.89130630228073
4.075000000000025, 96.89071699441169
4.076000000000025, 96.89011688495857
4.077000000000026, 96.88950652535473
4.078000000000026, 96.88888646703337
4.079000000000026, 96.88825726142773
4.080000000000027, 96.8876194599711
4.081000000000027, 96.88697361409672
4.082000000000027, 96.88632027523785
4.083000000000028, 96.88565999482775
4.084000000000028, 96.88499332429964
4.085000000000028, 96.88432081508678
4.086000000000029, 96.88364301862248
4.087000000000029, 96.88296048633994
4.088000000000029, 96.88227376967242
4.08900000000003, 96.88158342005319
4.09000000000003, 96.88088998891548
4.09100000000003, 96.88019402769258
4.092000000000031, 96.87949608781773
4.093000000000031, 96.87879672072417
4.094000000000031, 96.87809647784516
4.095000000000032, 96.87739591061396
4.096000000000032, 96.87669557046384
4.097000000000032, 96.875996008828
4.098000000000033, 96.87529777713975
4.099000000000033, 96.87460142683231
4.100000000000033, 96.87390750933899
4.101000000000034, 96.87321657609294
4.102000000000034, 96.8725291785275
4.103000000000034, 96.87184586807591
4.104000000000035, 96.87116719617141
4.105000000000035, 96.87049371424727
4.106000000000035, 96.8698259737367
4.107000000000036, 96.869164526073
4.108000000000036, 96.8685099226894
4.109000000000036, 96.86786271501919
4.110000000000037, 96.8672234544956
4.111000000000037, 96.86659269255185
4.112000000000037, 96.86597098062124
4.113000000000038, 96.86535887013702
4.114000000000038, 96.86475691253241
4.115000000000038, 96.86416565924073
4.116000000000039, 96.86358566169515
4.117000000000039, 96.86301747132899
4.118000000000039, 96.86246163957547
4.11900000000004, 96.86191871786784
4.12000000000004, 96.8613892576394
4.12100000000004, 96.86087381032335
4.122000000000041, 96.86037292735297
4.123000000000041, 96.85988716016152
4.124000000000041, 96.85941706018225
4.125000000000042, 96.8589631788484
4.126000000000042, 96.85852606759323
4.127000000000042, 96.85810627785
4.128000000000043, 96.85770436105196
4.129000000000043, 96.85732086863237
4.130000000000043, 96.85695635202445
4.131000000000044, 96.85661136266151
4.132000000000044, 96.85628645197679
4.133000000000044, 96.8559821714035
4.134000000000045, 96.85569907237495
4.135000000000045, 96.85543770632435
4.136000000000045, 96.85519862468497
4.137000000000046, 96.85498236973623
4.138000000000046, 96.8547890627565
4.139000000000046, 96.85461823713906
4.140000000000047, 96.85446938257572
4.141000000000047, 96.85434198875829
4.142000000000047, 96.85423554537856
4.143000000000048, 96.85414954212833
4.144000000000048, 96.85408346869939
4.145000000000048, 96.85403681478356
4.146000000000049, 96.85400907007259
4.147000000000049, 96.85399972425836
4.148000000000049, 96.85400826703255
4.14900000000005, 96.85403418808708
4.15000000000005, 96.85407697711368
4.15100000000005, 96.85413612380417
4.152000000000051, 96.85421111785033
4.153000000000051, 96.85430144894394
4.154000000000051, 96.85440660677689
4.155000000000052, 96.85452608104086
4.156000000000052, 96.85465936142771
4.157000000000052, 96.85480593762924
4.158000000000053, 96.85496529933724
4.159000000000053, 96.85513693624351
4.160000000000053, 96.8553203380398
4.161000000000054, 96.85551499441799
4.162000000000054, 96.85572039506984
4.163000000000054, 96.85593602968714
4.164000000000055, 96.85616138796169
4.165000000000055, 96.85639595958529
4.166000000000055, 96.85663923424976
4.167000000000056, 96.85689070164686
4.168000000000056, 96.8571498514684
4.169000000000056, 96.8574161734062
4.170000000000057, 96.85768915715202
4.171000000000057, 96.85796829239771
4.172000000000057, 96.85825306883503
4.173000000000058, 96.85854297615577
4.174000000000058, 96.85883750405176
4.175000000000058, 96.85913614221478
4.176000000000059, 96.85943838033663
4.177000000000059, 96.85974370810911
4.178000000000059, 96.86005161522401
4.17900000000006, 96.86036159137312
4.18000000000006, 96.86067312624827
4.1810000000000604, 96.86098570954124
4.182000000000061, 96.86129883094381
4.183000000000061, 96.86161198014781
4.1840000000000614, 96.86192464684503
4.185000000000062, 96.86223632072725
4.186000000000062, 96.86254649148627
4.1870000000000624, 96.86285464881391
4.188000000000063, 96.86316028240198
4.189000000000063, 96.8634628819422
4.1900000000000635, 96.86376193712644
4.191000000000064, 96.86405693764647
4.192000000000064, 96.86434737319414
4.1930000000000645, 96.86463273346115
4.194000000000065, 96.86491250813938
4.195000000000065, 96.8651861869206
4.1960000000000655, 96.8654532594966
4.197000000000066, 96.86571321555921
4.198000000000066, 96.86596554480018
4.1990000000000665, 96.86620973691133
4.200000000000067, 96.86644528489225
4.201000000000067, 96.86667191126048
4.2020000000000675, 96.86688971339127
4.203000000000068, 96.86709882324678
4.204000000000068, 96.86729937278925
4.2050000000000685, 96.8674914939809
4.206000000000069, 96.86767531878395
4.207000000000069, 96.86785097916061
4.2080000000000695, 96.86801860707311
4.20900000000007, 96.86817833448363
4.21000000000007, 96.8683302933544
4.2110000000000705, 96.86847461564763
4.212000000000071, 96.8686114333256
4.213000000000071, 96.86874087835041
4.2140000000000715, 96.86886308268436
4.215000000000072, 96.86897817828964
4.216000000000072, 96.86908629712846
4.2170000000000725, 96.86918757116305
4.218000000000073, 96.86928213235562
4.219000000000073, 96.86937011266839
4.2200000000000735, 96.86945164406353
4.221000000000074, 96.86952685850332
4.222000000000074, 96.86959588794996
4.2230000000000745, 96.86965886436562
4.224000000000075, 96.86971591971255
4.225000000000075, 96.86976718595298
4.2260000000000755, 96.86981279504913
4.227000000000076, 96.86985287896314
4.228000000000076, 96.86988756965731
4.2290000000000765, 96.86991699909385
4.230000000000077, 96.86994129923491
4.231000000000077, 96.86996060204274
4.2320000000000775, 96.8699750394796
4.233000000000078, 96.86998474350764
4.234000000000078, 96.8699898460891
4.2350000000000785, 96.8699904791862
4.236000000000079, 96.86998677476114
4.237000000000079, 96.86997886477617
4.2380000000000795, 96.86996688119346
4.23900000000008, 96.86995095597527
4.24000000000008, 96.86993122108376
4.2410000000000805, 96.86990780848119
4.242000000000081, 96.86988085012976
4.243000000000081, 96.8698504779917
4.2440000000000815, 96.8698168240292
4.245000000000082, 96.86978002020452
4.246000000000082, 96.86974019847979
4.2470000000000825, 96.86969749081732
4.248000000000083, 96.86965202917925
4.249000000000083, 96.86960394552786
4.2500000000000835, 96.86955337182532
4.251000000000084, 96.86950044003386
4.252000000000084, 96.86944528211569
4.2530000000000845, 96.86938803003302
4.254000000000085, 96.86932881574812
4.255000000000085, 96.86926777122311
4.2560000000000855, 96.86920502842027
4.257000000000086, 96.86914071930183
4.258000000000086, 96.86907497582995
4.2590000000000865, 96.86900792996687
4.260000000000087, 96.8689397136748
4.261000000000087, 96.86887045891598
4.2620000000000875, 96.8688002976526
4.263000000000088, 96.86872936184689
4.264000000000088, 96.86865778346105
4.2650000000000885, 96.8685856944573
4.266000000000089, 96.86851322679786
4.267000000000089, 96.86844051244495
4.2680000000000895, 96.86836768336076
4.26900000000009, 96.86829487150753
4.27000000000009, 96.8682222088475
4.2710000000000905, 96.86814982734282
4.272000000000091, 96.86807785895576
4.273000000000091, 96.86800643564848
4.2740000000000915, 96.86793568533142
4.275000000000092, 96.86786570007905
4.276000000000092, 96.86779655326978
4.2770000000000925, 96.86772831812007
4.278000000000093, 96.86766106784638
4.279000000000093, 96.86759487566518
4.2800000000000935, 96.8675298147929
4.281000000000094, 96.86746595844603
4.282000000000094, 96.86740337984101
4.2830000000000945, 96.8673421521943
4.284000000000095, 96.86728234872234
4.285000000000095, 96.86722404264162
4.2860000000000955, 96.86716730716859
4.287000000000096, 96.86711221551968
4.288000000000096, 96.8670588409114
4.2890000000000965, 96.86700725656017
4.290000000000097, 96.86695753568245
4.291000000000097, 96.8669097514947
4.2920000000000975, 96.86686397721338
4.293000000000098, 96.86682028605496
4.294000000000098, 96.86677875123588
4.2950000000000985, 96.86673944597261
4.296000000000099, 96.86670244348161
4.297000000000099, 96.86666781697934
4.2980000000000995, 96.86663563968223
4.2990000000001, 96.86660598480677
4.3000000000001, 96.8665789255694
4.3010000000001005, 96.86655453518661
4.302000000000101, 96.8665328868748
4.303000000000101, 96.86651405385047
4.3040000000001015, 96.86649810933007
4.305000000000102, 96.86648512653005
4.306000000000102, 96.86647517866689
4.3070000000001025, 96.86646833895702
4.308000000000103, 96.86646468061693
4.309000000000103, 96.86646427686303
4.3100000000001035, 96.86646720091183
4.311000000000104, 96.86647352597973
4.312000000000104, 96.86648332528327
4.3130000000001045, 96.86649667203882
4.314000000000105, 96.86651363946291
4.315000000000105, 96.86653430077195
4.3160000000001055, 96.8665587291824
4.317000000000106, 96.86658699791076
4.318000000000106, 96.86661918017346
4.3190000000001065, 96.86665534918694
4.320000000000107, 96.86669557816768
4.321000000000107, 96.86673994033215
4.3220000000001075, 96.86678850889679
4.323000000000108, 96.86684135707806
4.324000000000108, 96.86689855809242
4.3250000000001085, 96.86696018515629
4.326000000000109, 96.86702631148621
4.327000000000109, 96.86709701029858
4.3280000000001095, 96.86717235480987
4.32900000000011, 96.86725241823652
4.33000000000011, 96.86733727379504
4.3310000000001105, 96.86742699470184
4.332000000000111, 96.86752165417339
4.333000000000111, 96.86762132542616
4.3340000000001115, 96.86772608167658
4.335000000000112, 96.86783599614114
4.336000000000112, 96.86795114203629
4.3370000000001125, 96.86807157765976
4.338000000000113, 96.86819719973828
4.339000000000113, 96.86832780612721
4.3400000000001135, 96.86846319325937
4.341000000000114, 96.86860315756752
4.342000000000114, 96.86874749548444
4.3430000000001145, 96.86889600344288
4.344000000000115, 96.86904847787565
4.345000000000115, 96.86920471521552
4.3460000000001155, 96.86936451189523
4.347000000000115, 96.86952766434759
4.348000000000116, 96.86969396900535
4.3490000000001166, 96.86986322230128
4.350000000000117, 96.8700352206682
4.351000000000117, 96.87020976053883
4.3520000000001176, 96.87038663834595
4.353000000000118, 96.87056565052237
4.354000000000118, 96.87074659350084
4.3550000000001186, 96.87092926371413
4.356000000000119, 96.87111345759504
4.357000000000119, 96.87129897157631
4.35800000000012, 96.87148560209074
4.35900000000012, 96.87167314557107
4.36000000000012, 96.87186139845015
4.361000000000121, 96.87205015716066
4.362000000000121, 96.87223921813543
4.363000000000121, 96.87242837780721
4.364000000000122, 96.8726174326088
4.365000000000122, 96.87280617897295
4.366000000000122, 96.87299441333245
4.367000000000123, 96.87318193212005
4.368000000000123, 96.87336853176853
4.369000000000123, 96.87355400871071
4.370000000000124, 96.87373815937929
4.371000000000124, 96.87392078020713
4.372000000000124, 96.87410166762692
4.373000000000125, 96.87428061807148
4.374000000000125, 96.87445742797357
4.375000000000125, 96.87463189376598
4.376000000000126, 96.87480381188146
4.377000000000126, 96.87497297875281
4.378000000000126, 96.87513919081277
4.379000000000127, 96.87530224449418
4.380000000000127, 96.87546193622973
4.381000000000127, 96.87561806245223
4.382000000000128, 96.87577041959447
4.383000000000128, 96.87591880408922
4.384000000000128, 96.87606301236926
4.385000000000129, 96.87620284086732
4.386000000000129, 96.8763380860162
4.387000000000129, 96.8764685442487
4.38800000000013, 96.87659401199755
4.38900000000013, 96.87671428569556
4.39000000000013, 96.87682916177549
4.391000000000131, 96.8769384366701
4.392000000000131, 96.8770419068122
4.393000000000131, 96.87713936863453
4.394000000000132, 96.87723061856988
4.395000000000132, 96.87731545305103
4.396000000000132, 96.87739366851072
4.397000000000133, 96.87746506138176
4.398000000000133, 96.8775294280969
4.399000000000133, 96.87758656508896
4.400000000000134, 96.87763626879065
4.401000000000134, 96.87767833563478
4.402000000000134, 96.87771256205411
4.403000000000135, 96.87773874448146
4.404000000000135, 96.87775667934953
4.405000000000135, 96.87776616309115
4.406000000000136, 96.87776699213906
4.407000000000136, 96.87775896292608
4.408000000000136, 96.87774187188492
4.409000000000137, 96.87771551544839
4.410000000000137, 96.87767969014426
4.411000000000137, 96.877634273264
4.412000000000138, 96.87757936993478
4.413000000000138, 96.87751512517205
4.414000000000138, 96.8774416839913
4.415000000000139, 96.87735919140805
4.416000000000139, 96.87726779243775
4.417000000000139, 96.8771676320959
4.41800000000014, 96.87705885539799
4.41900000000014, 96.87694160735948
4.42000000000014, 96.87681603299588
4.421000000000141, 96.87668227732264
4.422000000000141, 96.87654048535529
4.423000000000141, 96.87639080210927
4.424000000000142, 96.87623337260011
4.425000000000142, 96.87606834184326
4.426000000000142, 96.87589585485422
4.427000000000143, 96.87571605664849
4.428000000000143, 96.87552909224149
4.429000000000143, 96.87533510664878
4.430000000000144, 96.8751342448858
4.431000000000144, 96.87492665196807
4.432000000000144, 96.87471247291101
4.433000000000145, 96.87449185273016
4.434000000000145, 96.87426493644102
4.435000000000145, 96.87403186905901
4.436000000000146, 96.87379279559967
4.437000000000146, 96.87354786107844
4.438000000000146, 96.87329721051087
4.439000000000147, 96.87304098891235
4.440000000000147, 96.87277934129845
4.441000000000147, 96.87251241268461
4.442000000000148, 96.87224034808635
4.443000000000148, 96.8719632925191
4.444000000000148, 96.87168139099839
4.445000000000149, 96.87139478853969
4.446000000000149, 96.87110363015846
4.447000000000149, 96.87080806087023
4.44800000000015, 96.87050822569047
4.44900000000015, 96.87020426963464
4.45000000000015, 96.86989633771825
4.451000000000151, 96.86958457495678
4.452000000000151, 96.8692691263657
4.453000000000151, 96.86895013696049
4.454000000000152, 96.86862775175668
4.455000000000152, 96.8683021157697
4.456000000000152, 96.86797337401505
4.457000000000153, 96.86764167150825
4.458000000000153, 96.86730715326476
4.459000000000153, 96.86696996430003
4.460000000000154, 96.86663024962958
4.461000000000154, 96.86628815426891
4.462000000000154, 96.86594382323347
4.463000000000155, 96.86559740153875
4.464000000000155, 96.86524903420026
4.465000000000155, 96.86489886623346
4.466000000000156, 96.86454704265384
4.467000000000156, 96.86419370847689
4.468000000000156, 96.86383900871809
4.469000000000157, 96.86348308839293
4.470000000000157, 96.86312609251686
4.471000000000157, 96.86276816610543
4.472000000000158, 96.86240945417407
4.473000000000158, 96.8620501017383
4.474000000000158, 96.86169025381358
4.475000000000159, 96.86133005541537
4.476000000000159, 96.8609696515592
4.477000000000159, 96.86060918726056
4.47800000000016, 96.86024880753489
4.47900000000016, 96.85988865739772
4.48000000000016, 96.8595288818645
4.481000000000161, 96.85916962595076
4.482000000000161, 96.85881103467192
4.483000000000161, 96.8584532530435
4.484000000000162, 96.85809641638788
4.485000000000162, 96.85774048123872
4.486000000000162, 96.8573852468938
4.487000000000163, 96.8570305072907
4.488000000000163, 96.85667605636704
4.489000000000163, 96.8563216880604
4.490000000000164, 96.85596719630837
4.491000000000164, 96.85561237504852
4.492000000000164, 96.8552570182185
4.493000000000165, 96.85490091975586
4.494000000000165, 96.85454387359817
4.495000000000165, 96.85418567368308
4.496000000000166, 96.85382611394812
4.497000000000166, 96.85346498833094
4.498000000000166, 96.8531020907691
4.499000000000167, 96.85273721520018
4.500000000000167, 96.85237015556181
4.501000000000167, 96.85200070579157
4.502000000000168, 96.85162865982704
4.503000000000168, 96.85125381160579
4.504000000000168, 96.85087595506545
4.505000000000169, 96.8504948841436
4.506000000000169, 96.85011039277785
4.507000000000169, 96.84972227490576
4.50800000000017, 96.84933032446492
4.50900000000017, 96.84893433539297
4.51000000000017, 96.84853410162744
4.511000000000171, 96.84812941710597
4.512000000000171, 96.84772007576612
4.513000000000171, 96.84730587154552
4.514000000000172, 96.84688659838173
4.515000000000172, 96.84646205021232
4.516000000000172, 96.84603202097495
4.517000000000173, 96.84559630460716
4.518000000000173, 96.84515469504655
4.519000000000173, 96.84470698623072
4.520000000000174, 96.84425297209728
4.521000000000174, 96.84379244658375
4.522000000000174, 96.84332520362781
4.523000000000174, 96.84285103716702
4.524000000000175, 96.84236974113897
4.525000000000175, 96.84188110948122
4.526000000000176, 96.84138493613142
4.527000000000176, 96.84088101502712
4.528000000000176, 96.84036914010592
4.529000000000177, 96.83984910530543
4.530000000000177, 96.8393207045632
4.531000000000177, 96.83878373181689
4.532000000000178, 96.83823798100407
4.533000000000178, 96.83768324606226
4.534000000000178, 96.83711932092916
4.535000000000179, 96.83654599954227
4.536000000000179, 96.83596307583923
4.537000000000179, 96.83537034375763
4.53800000000018, 96.83476759723504
4.53900000000018, 96.83415463020908
4.54000000000018, 96.83353123661735
4.541000000000181, 96.83289721039739
4.542000000000181, 96.83225234548685
4.543000000000181, 96.83159643582327
4.544000000000182, 96.83092927534429
4.545000000000182, 96.83025065798748
4.546000000000182, 96.8295603776904
4.547000000000183, 96.82885823819582
4.548000000000183, 96.82814427925523
4.549000000000183, 96.8274187826086
4.550000000000184, 96.82668204099718
4.551000000000184, 96.82593434716223
4.552000000000184, 96.82517599384505
4.553000000000185, 96.82440727378683
4.554000000000185, 96.82362847972892
4.555000000000185, 96.82283990441249
4.556000000000186, 96.82204184057885
4.557000000000186, 96.8212345809693
4.558000000000186, 96.82041841832502
4.559000000000187, 96.81959364538734
4.560000000000187, 96.81876055489747
4.561000000000187, 96.81791943959671
4.562000000000188, 96.81707059222632
4.563000000000188, 96.81621430552751
4.564000000000188, 96.81535087224162
4.565000000000189, 96.81448058510985
4.566000000000189, 96.81360373687349
4.567000000000189, 96.8127206202738
4.56800000000019, 96.81183152805202
4.56900000000019, 96.81093675294946
4.57000000000019, 96.81003658770733
4.571000000000191, 96.80913132506693
4.572000000000191, 96.80822125776949
4.573000000000192, 96.80730667855629
4.574000000000192, 96.8063878801686
4.575000000000192, 96.80546515534766
4.576000000000192, 96.80453879683473
4.577000000000193, 96.80360909737111
4.578000000000193, 96.80267634969802
4.579000000000193, 96.80174084655674
4.580000000000194, 96.80080288068852
4.581000000000194, 96.79986274483467
4.582000000000194, 96.79892073173637
4.583000000000195, 96.79797713413494
4.584000000000195, 96.79703224477164
4.585000000000195, 96.79608635638769
4.586000000000196, 96.7951397617244
4.587000000000196, 96.794192753523
4.588000000000196, 96.79324562452477
4.589000000000197, 96.79229866747099
4.590000000000197, 96.79135217510284
4.591000000000197, 96.79040644016169
4.592000000000198, 96.78946175538873
4.593000000000198, 96.78851841352525
4.594000000000198, 96.78757670731251
4.595000000000199, 96.78663692949176
4.596000000000199, 96.78569937280427
4.597000000000199, 96.7847643299913
4.5980000000002, 96.7838320937941
4.5990000000002, 96.78290295695395
4.6000000000002, 96.78197721221211
4.601000000000201, 96.78105515230983
4.602000000000201, 96.7801370699884
4.603000000000201, 96.77922325798903
4.604000000000202, 96.77831400905305
4.605000000000202, 96.77740961592163
4.606000000000202, 96.77651037133613
4.607000000000203, 96.77561656803776
4.608000000000203, 96.77472849876777
4.609000000000203, 96.77384645626746
4.610000000000204, 96.77297073327806
4.611000000000204, 96.77210162254086
4.612000000000204, 96.77123941679712
4.613000000000205, 96.77038440878806
4.614000000000205, 96.76953689125497
4.615000000000205, 96.76869715693911
4.616000000000206, 96.76786549858177
4.617000000000206, 96.76704220892418
4.618000000000206, 96.76622758070759
4.619000000000207, 96.76542190667328
4.620000000000207, 96.76462547956251
4.621000000000207, 96.76383857964127
4.622000000000208, 96.76306142403016
4.623000000000208, 96.76229420991781
4.624000000000208, 96.76153713448534
4.625000000000209, 96.76079039491378
4.626000000000209, 96.76005418838425
4.627000000000209, 96.75932871207777
4.62800000000021, 96.75861416317545
4.62900000000021, 96.75791073885834
4.63000000000021, 96.7572186363075
4.631000000000211, 96.75653805270404
4.632000000000211, 96.75586918522899
4.633000000000211, 96.75521223106348
4.634000000000212, 96.75456738738849
4.635000000000212, 96.75393485138518
4.636000000000212, 96.75331482023456
4.637000000000213, 96.75270749111773
4.638000000000213, 96.75211306121575
4.639000000000213, 96.75153172770968
4.640000000000214, 96.75096368778065
4.641000000000214, 96.75040913860965
4.642000000000214, 96.7498682773778
4.643000000000215, 96.74934130126618
4.644000000000215, 96.74882840745582
4.645000000000215, 96.74832979312784
4.646000000000216, 96.74784565546324
4.647000000000215, 96.74737619164316
4.648000000000216, 96.74692159884864
4.649000000000217, 96.74648207426075
4.650000000000217, 96.7460578150606
4.651000000000217, 96.74564901842919
4.652000000000218, 96.74525588154762
4.653000000000217, 96.74487860159701
4.654000000000218, 96.74451737575836
4.655000000000218, 96.74417240121281
4.656000000000219, 96.74384387514135
4.657000000000219, 96.74353199472512
4.65800000000022, 96.74323695714516
4.65900000000022, 96.74295895958255
4.66000000000022, 96.74269819921835
4.661000000000221, 96.74245487323363
4.662000000000221, 96.7422291788095
4.663000000000222, 96.74202131312697
4.664000000000222, 96.74183147336714
4.665000000000222, 96.74165985671111
4.666000000000222, 96.7415066603399
4.667000000000223, 96.74137208143462
4.668000000000223, 96.74125631717631
4.669000000000223, 96.74115956474607
4.670000000000224, 96.74108202132496
4.671000000000224, 96.74102388409403
4.672000000000224, 96.7409853502344
4.673000000000225, 96.7409666169271
4.674000000000225, 96.7409678813532
4.675000000000225, 96.74098934069379
4.676000000000226, 96.74103119212992
4.677000000000226, 96.74109363284272
4.678000000000226, 96.74117686001318
4.679000000000227, 96.7412810708224
4.680000000000227, 96.74140646245148
4.681000000000227, 96.74155323208146
4.682000000000228, 96.74172157689341
4.683000000000228, 96.74191169406843
4.684000000000228, 96.74212373064005
4.685000000000229, 96.74235752974886
4.686000000000229, 96.74261282066257
4.687000000000229, 96.74288933244846
4.68800000000023, 96.74318679417368
4.68900000000023, 96.74350493490545
4.69000000000023, 96.74384348371098
4.691000000000231, 96.74420216965747
4.692000000000231, 96.74458072181213
4.693000000000231, 96.74497886924216
4.694000000000232, 96.74539634101477
4.695000000000232, 96.74583286619718
4.696000000000232, 96.74628817385656
4.697000000000233, 96.74676199306013
4.698000000000233, 96.7472540528751
4.699000000000233, 96.7477640823687
4.700000000000234, 96.74829181060807
4.701000000000234, 96.74883696666046
4.702000000000234, 96.7493992795931
4.703000000000235, 96.74997847847312
4.704000000000235, 96.7505742923678
4.705000000000235, 96.75118645034429
4.706000000000236, 96.75181468146985
4.707000000000236, 96.75245871481162
4.708000000000236, 96.75311827943686
4.709000000000237, 96.75379310441274
4.710000000000237, 96.75448291880647
4.711000000000237, 96.75518745168529
4.712000000000238, 96.75590643211636
4.713000000000237, 96.75663958916691
4.714000000000238, 96.75738665190411
4.715000000000239, 96.75814734939523
4.716000000000239, 96.75892141070743
4.7170000000002394, 96.75970856490791
4.71800000000024, 96.76050854106387
4.71900000000024, 96.7613210682426
4.7200000000002404, 96.76214587551117
4.721000000000241, 96.76298269193688
4.722000000000241, 96.76383124658692
4.7230000000002414, 96.76469126852847
4.724000000000242, 96.76556248682874
4.725000000000242, 96.76644463055494
4.7260000000002425, 96.76733742877427
4.727000000000243, 96.76824061055397
4.728000000000243, 96.7691539049612
4.7290000000002435, 96.7700770410632
4.730000000000244, 96.77100974792715
4.731000000000244, 96.77195175462023
4.7320000000002445, 96.77290279020973
4.733000000000245, 96.77386258376278
4.734000000000245, 96.77483086434661
4.7350000000002455, 96.77580736102841
4.736000000000246, 96.7767918028754
4.737000000000246, 96.77778391895481
4.7380000000002465, 96.77878343833379
4.739000000000247, 96.77979009007957
4.740000000000247, 96.78080360325937
4.7410000000002475, 96.78182370694037
4.742000000000248, 96.78285013018981
4.743000000000248, 96.78388260207485
4.7440000000002485, 96.78492085166272
4.745000000000249, 96.78596460802065
4.746000000000249, 96.78701360021579
4.7470000000002495, 96.78806755731537
4.74800000000025, 96.7891262083866
4.74900000000025, 96.79018928249668
4.7500000000002505, 96.79125650871285
4.751000000000251, 96.79232761610226
4.752000000000251, 96.79340233373215
4.7530000000002515, 96.79448039066968
4.754000000000252, 96.79556151598209
4.755000000000252, 96.79664543873662
4.7560000000002525, 96.7977318880004
4.757000000000253, 96.79882059284958
4.758000000000253, 96.79991128308065
4.7590000000002535, 96.80100368972988
4.760000000000254, 96.80209754395587
4.761000000000254, 96.80319257691735
4.7620000000002545, 96.80428851977295
4.763000000000255, 96.80538510368137
4.764000000000255, 96.80648205980131
4.7650000000002555, 96.80757911929138
4.766000000000256, 96.80867601331028
4.767000000000256, 96.8097724730167
4.7680000000002565, 96.8108682295693
4.769000000000257, 96.81196301412672
4.770000000000257, 96.81305655784767
4.7710000000002575, 96.81414859189083
4.772000000000258, 96.81523884741485
4.773000000000258, 96.81632705557841
4.7740000000002585, 96.81741294754019
4.775000000000259, 96.81849625445888
4.776000000000259, 96.81957670749308
4.7770000000002595, 96.82065403780155
4.77800000000026, 96.8217279765429
4.77900000000026, 96.82279825487583
4.7800000000002605, 96.82386460395901
4.781000000000261, 96.82492675495114
4.782000000000261, 96.82598443901082
4.7830000000002615, 96.8270373872968
4.784000000000262, 96.82808533096771
4.785000000000262, 96.82912800118223
4.7860000000002625, 96.83016512909903
4.787000000000263, 96.83119644587681
4.788000000000263, 96.8322216826742
4.7890000000002635, 96.8332405706499
4.790000000000264, 96.83425284096258
4.791000000000264, 96.8352582247709
4.7920000000002645, 96.83625645323355
4.793000000000265, 96.83724725750919
4.794000000000265, 96.83823036875648
4.7950000000002655, 96.83920551813412
4.796000000000266, 96.84017243680078
4.797000000000266, 96.84113085591511
4.7980000000002665, 96.84208050663581
4.799000000000267, 96.84302112012153
4.800000000000267, 96.84395242753097
4.8010000000002675, 96.84487416002278
4.802000000000268, 96.84578604875563
4.803000000000268, 96.8466878248882
4.8040000000002685, 96.84757921957917
4.805000000000269, 96.8484599639872
4.806000000000269, 96.84932978927097
4.8070000000002695, 96.85018842658914
4.80800000000027, 96.85103560710041
4.809000000000271, 96.85187106196344
4.8100000000002705, 96.85269452233688
4.811000000000271, 96.85350571937941
4.812000000000271, 96.85430438424974
4.8130000000002715, 96.8550902481065
4.814000000000272, 96.85586304210841
4.815000000000272, 96.85662249741408
4.8160000000002725, 96.85736834518224
4.817000000000273, 96.85810031657152
4.818000000000273, 96.8588181427406
4.8190000000002735, 96.8595215548482
4.820000000000274, 96.86021028405293
4.821000000000274, 96.86088406151349
4.8220000000002745, 96.86154261838854
4.823000000000276, 96.86218568583679
4.824000000000275, 96.86281299501687
4.8250000000002755, 96.86342427708747
4.826000000000276, 96.86401926320725
4.827000000000276, 96.8645976845349
4.8280000000002765, 96.86515927222909
4.829000000000277, 96.8657037574485
4.830000000000277, 96.86623087135179
4.8310000000002775, 96.86674037353822
4.832000000000278, 96.8672322921806
4.833000000000278, 96.867706803192
4.8340000000002785, 96.86816408401859
4.835000000000279, 96.86860431210664
4.836000000000279, 96.86902766490238
4.8370000000002795, 96.86943431985202
4.83800000000028, 96.86982445440182
4.83900000000028, 96.87019824599798
4.8400000000002805, 96.87055587208675
4.841000000000281, 96.87089751011437
4.842000000000281, 96.87122333752707
4.8430000000002815, 96.87153353177106
4.844000000000282, 96.8718282702926
4.845000000000282, 96.87210773053789
4.8460000000002825, 96.87237208995317
4.847000000000283, 96.8726215259847
4.848000000000283, 96.8728562160787
4.8490000000002835, 96.87307633768137
4.850000000000284, 96.87328206823898
4.851000000000284, 96.87347358519774
4.8520000000002845, 96.87365106600387
4.853000000000285, 96.87381468810366
4.854000000000285, 96.87396462894328
4.8550000000002855, 96.87410106596897
4.856000000000286, 96.87422417662698
4.857000000000286, 96.87433413836357
4.8580000000002865, 96.87443112862489
4.859000000000287, 96.87451532485726
4.860000000000287, 96.87458690450684
4.8610000000002875, 96.87464604501992
4.862000000000288, 96.87469292384267
4.863000000000288, 96.87472771842138
4.8640000000002885, 96.87475060620227
4.865000000000289, 96.87476176463153
4.866000000000289, 96.87476137115542
4.8670000000002895, 96.8747496032202
4.86800000000029, 96.87472663827205
4.86900000000029, 96.87469265375724
4.8700000000002905, 96.874647827122
4.871000000000291, 96.87459233581251
4.872000000000291, 96.87452635727507
4.8730000000002915, 96.87445006895587
4.874000000000292, 96.87436364830117
4.875000000000292, 96.87426727275715
4.8760000000002925, 96.87416111977012
4.877000000000293, 96.87404536678628
4.878000000000293, 96.8739201912518
4.8790000000002935, 96.87378577061298
4.880000000000294, 96.87364228231603
4.881000000000294, 96.8734899038072
4.8820000000002945, 96.8733288125327
4.883000000000296, 96.87315918593876
4.884000000000295, 96.87298120147163
4.8850000000002956, 96.87279503657753
4.886000000000296, 96.87260086870269
4.887000000000296, 96.87239887529333
4.8880000000002966, 96.87218923379574
4.889000000000297, 96.87197212165609
4.890000000000297, 96.8717477163206
4.8910000000002976, 96.87151619523556
4.892000000000298, 96.87127773584717
4.893000000000299, 96.87103251560167
4.8940000000002986, 96.87078071194527
4.895000000000299, 96.87052250232422
4.896000000000299, 96.87025806418475
4.8970000000003, 96.86998757497311
4.8980000000003, 96.8697112121355
4.8990000000003, 96.86942915311818
4.900000000000301, 96.86914157536734
4.901000000000301, 96.86884865632925
4.902000000000301, 96.86855057345012
4.903000000000302, 96.8682475041762
4.904000000000302, 96.86793962613454
4.905000000000302, 96.86762718834193
4.906000000000303, 96.86731061959338
4.907000000000303, 96.86699037654014
4.908000000000303, 96.86666691583349
4.909000000000304, 96.86634069412467
4.910000000000304, 96.86601216806497
4.911000000000304, 96.86568179430562
4.912000000000305, 96.86535002949792
4.913000000000305, 96.8650173302931
4.914000000000305, 96.86468415334244
4.915000000000306, 96.86435095529717
4.916000000000306, 96.8640181928086
4.917000000000306, 96.86368632252795
4.918000000000307, 96.86335580110654
4.919000000000307, 96.86302708519555
4.920000000000307, 96.8627006314463
4.921000000000308, 96.86237689651006
4.922000000000308, 96.86205633703803
4.923000000000308, 96.86173940968152
4.924000000000309, 96.86142657109181
4.925000000000309, 96.86111827792011
4.926000000000309, 96.8608149868177
4.92700000000031, 96.8605171544359
4.92800000000031, 96.86022523742588
4.92900000000031, 96.85993969243894
4.930000000000311, 96.85966097612636
4.931000000000311, 96.85938954513941
4.932000000000311, 96.85912585612928
4.933000000000312, 96.85887036574732
4.934000000000312, 96.85862353064475
4.935000000000312, 96.85838580747284
4.936000000000313, 96.85815765288282
4.937000000000313, 96.85793952352601
4.938000000000313, 96.85773187605363
4.939000000000314, 96.85753516711698
4.940000000000314, 96.85734985336727
4.941000000000314, 96.85717639145578
4.942000000000315, 96.85701523803381
4.943000000000314, 96.85686684975258
4.944000000000315, 96.85673168326336
4.945000000000316, 96.85661019521744
4.946000000000316, 96.85650284226604
4.947000000000315, 96.85641008106045
4.948000000000317, 96.85633236825193
4.949000000000317, 96.8562701604917
4.950000000000317, 96.8562239144311
4.951000000000318, 96.85619408672133
4.952000000000318, 96.85618113401368
4.953000000000318, 96.85618551295941
4.954000000000319, 96.85620768020976
4.955000000000319, 96.85624809241601
4.956000000000319, 96.85630720622943
4.95700000000032, 96.85638547830129
4.95800000000032, 96.85648336528283
4.95900000000032, 96.85660132382527
4.960000000000321, 96.85673981057998
4.961000000000321, 96.85689928219813
4.962000000000321, 96.85708019533101
4.963000000000322, 96.85728300662988
4.964000000000322, 96.85750817274602
4.965000000000322, 96.85775615033072
4.966000000000323, 96.85802739603513
4.967000000000323, 96.8583223662414
4.968000000000323, 96.8586411441082
4.969000000000324, 96.85898269865648
4.970000000000324, 96.85934579192212
4.971000000000324, 96.85972918594115
4.972000000000325, 96.86013164274941
4.973000000000325, 96.86055192438285
4.974000000000325, 96.86098879287741
4.975000000000326, 96.86144101026899
4.976000000000326, 96.86190733859358
4.977000000000326, 96.86238653988705
4.978000000000327, 96.86287737618535
4.979000000000327, 96.8633786095244
4.980000000000327, 96.86388900194017
4.981000000000328, 96.8644073154685
4.982000000000328, 96.8649323121454
4.983000000000328, 96.86546275400676
4.984000000000329, 96.8659974030885
4.985000000000329, 96.86653502142659
4.986000000000329, 96.86707437105692
4.98700000000033, 96.86761421401543
4.98800000000033, 96.86815331233807
4.98900000000033, 96.86869042806073
4.990000000000331, 96.86922432321937
4.991000000000331, 96.86975375984987
4.992000000000331, 96.87027749998823
4.993000000000332, 96.87079430567033
4.994000000000332, 96.8713029389321
4.995000000000332, 96.87180216180947
4.996000000000333, 96.87229073633839
4.997000000000333, 96.87276742455478
4.998000000000333, 96.87323098849454
4.9990000000003345, 96.87368019019362
5.000000000000334, 96.87411379168798
5.001000000000334, 96.8745305550135
5.002000000000335, 96.87492924220612
5.003000000000335, 96.87530861530175
5.004000000000335, 96.87566743633637
5.005000000000336, 96.87600446734588
5.006000000000336, 96.87631847036619
5.007000000000336, 96.87660820743326
5.008000000000337, 96.876872440583
5.009000000000337, 96.87710993185135
5.010000000000337, 96.87731944327422
5.011000000000338, 96.87749973688754
5.012000000000338, 96.87764957472726
5.013000000000339, 96.8777677188293
5.014000000000339, 96.87785293122957
5.01500000000034, 96.87790397396401
5.016000000000339, 96.87791960906857
5.01700000000034, 96.87789859857912
5.01800000000034, 96.87783970453165
5.019000000000341, 96.87774168896208
5.020000000000341, 96.87760336989616
5.021000000000341, 96.87742459716657
5.022000000000341, 96.8772061275338
5.023000000000342, 96.87694874864226
5.024000000000342, 96.87665324813625
5.025000000000341, 96.87632041366012
5.026000000000343, 96.8759510328582
5.027000000000343, 96.87554589337482
5.028000000000343, 96.87510578285432
5.029000000000344, 96.87463148894102
5.030000000000344, 96.87412379927927
5.031000000000344, 96.8735835015134
5.032000000000345, 96.87301138328773
5.033000000000345, 96.87240823224663
5.034000000000345, 96.87177483603439
5.035000000000346, 96.87111198229539
5.036000000000346, 96.87042045867392
5.037000000000346, 96.86970105281435
5.038000000000347, 96.86895455236098
5.039000000000348, 96.86818174495816
5.040000000000347, 96.86738341825026
5.041000000000348, 96.86656035988152
5.042000000000348, 96.86571335749639
5.043000000000348, 96.86484319873914
5.044000000000349, 96.86395067125407
5.045000000000349, 96.8630365626856
5.046000000000349, 96.862101660678
5.04700000000035, 96.86114675287563
5.04800000000035, 96.86017262692282
5.04900000000035, 96.85918007046388
5.050000000000351, 96.8581698711432
5.051000000000351, 96.85714281660506
5.052000000000351, 96.85609969449384
5.053000000000352, 96.85504129245382
5.054000000000352, 96.85396839812938
5.055000000000352, 96.85288179916483
5.056000000000353, 96.85178228320451
5.057000000000353, 96.85067063789276
5.058000000000353, 96.8495476508739
5.0590000000003545, 96.8484141097923
5.060000000000354, 96.84727080229224
5.061000000000354, 96.8461185160181
5.062000000000355, 96.8449580386142
5.063000000000355, 96.84379015772485
5.064000000000355, 96.84261566099441
5.065000000000356, 96.8414353360672
5.066000000000356, 96.84024997058759
5.067000000000356, 96.8390603521999
5.068000000000357, 96.8378672685484
5.069000000000357, 96.8366715072775
5.070000000000357, 96.83547385603151
5.071000000000358, 96.83427510245477
5.072000000000358, 96.8330760341916
5.073000000000358, 96.83187743888634
5.074000000000359, 96.83068010418333
5.075000000000359, 96.8294848177269
5.076000000000359, 96.82829236716137
5.07700000000036, 96.82710354013109
5.07800000000036, 96.8259191242804
5.07900000000036, 96.82473990725363
5.080000000000361, 96.82356667669511
5.081000000000361, 96.82240022024916
5.082000000000361, 96.82124132556014
5.083000000000363, 96.82009078027237
5.084000000000362, 96.81894937203018
5.085000000000362, 96.81781788847792
5.086000000000363, 96.8166971172599
5.087000000000363, 96.81558784602049
5.088000000000363, 96.81449086240401
5.089000000000364, 96.81340695405478
5.090000000000364, 96.81233690861713
5.0910000000003635, 96.81128151373541
5.092000000000365, 96.81024155705394
5.093000000000365, 96.80921782621708
5.094000000000365, 96.80821110886913
5.095000000000366, 96.80722219265445
5.096000000000366, 96.80625186521738
5.097000000000366, 96.80530091420222
5.098000000000367, 96.80437012725334
5.099000000000367, 96.80346029201505
5.100000000000367, 96.80257219613168
5.101000000000368, 96.80170662724758
5.102000000000368, 96.8008643730071
5.103000000000368, 96.80004622105454
5.104000000000369, 96.79925295903426
5.105000000000369, 96.79848537459058
5.106000000000369, 96.79774425536783
5.10700000000037, 96.79703038901036
5.10800000000037, 96.79634456316249
5.10900000000037, 96.79568756546858
5.110000000000371, 96.7950601835729
5.111000000000372, 96.79446320511987
5.112000000000371, 96.79389741775377
5.113000000000372, 96.79336360911893
5.114000000000372, 96.79286256685971
5.115000000000372, 96.79239489353024
5.116000000000373, 96.79196035989081
5.117000000000373, 96.79155850314066
5.118000000000373, 96.79118886046693
5.119000000000374, 96.79085096905675
5.120000000000374, 96.79054436609722
5.121000000000374, 96.79026858877545
5.122000000000375, 96.7900231742786
5.123000000000375, 96.78980765979374
5.124000000000375, 96.78962158250802
5.125000000000375, 96.78946447960855
5.126000000000376, 96.78933588828247
5.127000000000376, 96.78923534571686
5.128000000000377, 96.78916238909886
5.129000000000377, 96.7891165556156
5.130000000000377, 96.78909738245423
5.131000000000378, 96.78910440680177
5.132000000000378, 96.78913716584542
5.1330000000003775, 96.78919519677227
5.134000000000379, 96.78927803676947
5.135000000000379, 96.7893852230241
5.136000000000379, 96.7895162927233
5.13700000000038, 96.78967078305418
5.13800000000038, 96.78984823120388
5.13900000000038, 96.7900481743595
5.140000000000381, 96.79027014970816
5.141000000000381, 96.79051369443695
5.142000000000381, 96.7907783457331
5.143000000000382, 96.7910636407836
5.144000000000382, 96.79136911677561
5.145000000000382, 96.79169431089629
5.146000000000383, 96.79203876033274
5.147000000000383, 96.79240200227206
5.148000000000383, 96.79278357390136
5.149000000000384, 96.7931830124078
5.150000000000384, 96.79359985497847
5.151000000000384, 96.79403363880049
5.152000000000385, 96.794483901061
5.153000000000385, 96.7949501789471
5.154000000000385, 96.79543200964592
5.155000000000385, 96.79592893034459
5.156000000000386, 96.79644047823018
5.157000000000386, 96.79696619048987
5.158000000000387, 96.79750560431074
5.159000000000387, 96.79805825687995
5.160000000000387, 96.79862368538457
5.161000000000388, 96.79920142701174
5.162000000000388, 96.7997910189486
5.163000000000388, 96.80039199838222
5.164000000000389, 96.80100390249979
5.165000000000389, 96.80162626848836
5.166000000000389, 96.80225863353509
5.16700000000039, 96.80290053482709
5.16800000000039, 96.80355150955147
5.16900000000039, 96.80421109489536
5.170000000000391, 96.80487882804587
5.171000000000391, 96.80555424619014
5.172000000000391, 96.80623688651526
5.173000000000392, 96.8069262862084
5.174000000000392, 96.80762198245662
5.175000000000392, 96.80832351244705
5.176000000000393, 96.80903041336683
5.177000000000393, 96.80974222240309
5.178000000000393, 96.81045851882133
5.179000000000394, 96.81117910780664
5.180000000000394, 96.8119038700396
5.181000000000394, 96.81263268625413
5.182000000000395, 96.81336543718405
5.183000000000395, 96.8141020035632
5.184000000000395, 96.81484226612545
5.185000000000396, 96.81558610560462
5.186000000000396, 96.8163334027346
5.187000000000396, 96.8170840382492
5.188000000000397, 96.8178378928823
5.189000000000397, 96.81859484736775
5.190000000000397, 96.81935478243936
5.191000000000398, 96.82011757883103
5.192000000000398, 96.82088311727658
5.193000000000398, 96.82165127850989
5.194000000000399, 96.82242194326479
5.195000000000399, 96.82319499227512
5.196000000000399, 96.82397030627472
5.1970000000004, 96.82474776599747
5.1980000000004, 96.82552725217722
5.1990000000004, 96.82630864554783
5.200000000000401, 96.82709182684309
5.201000000000402, 96.82787667679693
5.202000000000401, 96.82866307614314
5.203000000000402, 96.82945090561559
5.204000000000402, 96.83024004594813
5.205000000000402, 96.83103037787461
5.206000000000403, 96.8318217821289
5.207000000000403, 96.8326141394448
5.208000000000403, 96.83340733055623
5.209000000000404, 96.83420123619695
5.210000000000404, 96.8349957371009
5.211000000000404, 96.83579071400187
5.212000000000405, 96.83658604763374
5.213000000000405, 96.83738161873036
5.214000000000405, 96.83817730802556
5.215000000000406, 96.83897299625319
5.216000000000406, 96.83976856414714
5.217000000000406, 96.84056389244121
5.218000000000407, 96.84135886186928
5.219000000000407, 96.8421533531652
5.220000000000407, 96.84294724706278
5.221000000000409, 96.84374042429593
5.222000000000408, 96.84453276559846
5.223000000000408, 96.84532415170425
5.224000000000409, 96.8461144633471
5.225000000000409, 96.8469035812609
5.226000000000409, 96.84769138617952
5.22700000000041, 96.84847775883678
5.22800000000041, 96.84926257996652
5.22900000000041, 96.8500457303026
5.230000000000411, 96.85082709057885
5.231000000000411, 96.85160654152915
5.232000000000411, 96.85238396388738
5.233000000000412, 96.85315923838732
5.234000000000412, 96.85393224576286
5.2350000000004115, 96.85470286674784
5.236000000000413, 96.85547098207611
5.237000000000413, 96.85623647248154
5.238000000000413, 96.85699921869795
5.239000000000414, 96.85775910145921
5.240000000000414, 96.85851600149915
5.241000000000414, 96.85926979955164
5.242000000000415, 96.86002037635052
5.243000000000416, 96.86076761262964
5.244000000000415, 96.86151138912285
5.245000000000416, 96.86225158656401
5.246000000000416, 96.862988085687
5.247000000000416, 96.86372076722557
5.248000000000417, 96.86444951191366
5.249000000000417, 96.8651742004851
5.250000000000417, 96.86589471367373
5.251000000000418, 96.86661093200955
5.252000000000418, 96.86732272383381
5.253000000000419, 96.86802993861986
5.254000000000419, 96.86873242422084
5.255000000000419, 96.86943002848983
5.2560000000004194, 96.87012259927997
5.257000000000421, 96.87080998444446
5.25800000000042, 96.87149203183635
5.2590000000004204, 96.87216858930884
5.260000000000421, 96.87283950471503
5.261000000000421, 96.87350462590805
5.2620000000004215, 96.87416380074104
5.263000000000422, 96.87481687706713
5.264000000000422, 96.87546370273945
5.2650000000004225, 96.87610412561115
5.266000000000423, 96.87673799353534
5.267000000000423, 96.8773651543652
5.2680000000004235, 96.87798545595378
5.269000000000424, 96.87859874615424
5.270000000000424, 96.87920487281977
5.2710000000004245, 96.87980368380344
5.272000000000425, 96.88039502695841
5.273000000000425, 96.88097875013783
5.2740000000004255, 96.88155470119479
5.275000000000426, 96.88212272798246
5.276000000000426, 96.88268267835392
5.2770000000004265, 96.88323440016241
5.278000000000427, 96.88377774126093
5.279000000000427, 96.88431254950267
5.2800000000004275, 96.88483867274078
5.281000000000428, 96.88535595882841
5.282000000000428, 96.88586425561863
5.2830000000004285, 96.88636341096462
5.284000000000429, 96.88685327271952
5.285000000000429, 96.88733368873639
5.2860000000004295, 96.88780450686843
5.28700000000043, 96.88826557496876
5.28800000000043, 96.88871674089052
5.2890000000004305, 96.88915785248682
5.290000000000431, 96.8895887576108
5.291000000000431, 96.8900093041156
5.2920000000004315, 96.89041933985438
5.293000000000432, 96.89081871268019
5.294000000000432, 96.89120727044623
5.2950000000004325, 96.89158486100563
5.296000000000433, 96.8919513322115
5.297000000000432, 96.89230653191699
5.2980000000004335, 96.89265030797523
5.299000000000434, 96.89298250823933
5.300000000000434, 96.89330298056245
5.3010000000004345, 96.89361157279771
5.302000000000435, 96.89390813279826
5.303000000000435, 96.89419250841722
5.3040000000004355, 96.8944645475077
5.305000000000435, 96.89472409792286
5.306000000000436, 96.89497100751584
5.3070000000004365, 96.89520512413974
5.308000000000437, 96.89542629564771
5.309000000000437, 96.8956343698929
5.3100000000004375, 96.89582919472844
5.311000000000437, 96.89601061800741
5.312000000000438, 96.896178487583
5.3130000000004385, 96.89633265130834
5.314000000000439, 96.89647295703654
5.31500000000044, 96.89659925262075
5.3160000000004395, 96.89671138591406
5.31700000000044, 96.89680920476967
5.31800000000044, 96.89689255704066
5.3190000000004405, 96.8969612905802
5.320000000000441, 96.89701525324139
5.321000000000441, 96.89705429287737
5.3220000000004415, 96.89707825734129
5.323000000000441, 96.89708699448626
5.324000000000442, 96.89708035216545
5.3250000000004425, 96.89705821228233
5.326000000000443, 96.89702073852166
5.327000000000443, 96.8969682336976
5.3280000000004435, 96.89690100160784
5.329000000000443, 96.89681934604997
5.330000000000444, 96.89672357082166
5.3310000000004445, 96.89661397972051
5.332000000000445, 96.8964908765442
5.333000000000445, 96.89635456509035
5.3340000000004455, 96.89620534915657
5.335000000000445, 96.89604353254053
5.336000000000446, 96.89586941903987
5.3370000000004465, 96.89568331245218
5.338000000000447, 96.89548551657515
5.339000000000447, 96.8952763352064
5.3400000000004475, 96.89505607214356
5.341000000000448, 96.89482503118425
5.342000000000448, 96.89458351612615
5.3430000000004485, 96.89433183076684
5.344000000000449, 96.89407027890401
5.345000000000449, 96.89379916433526
5.3460000000004495, 96.89351879085824
5.34700000000045, 96.89322946227061
5.34800000000045, 96.89293148236996
5.3490000000004505, 96.89262515495395
5.350000000000451, 96.89231078382024
5.351000000000451, 96.89198867276642
5.3520000000004515, 96.89165912559014
5.353000000000452, 96.89132244608905
5.354000000000452, 96.89097893806078
5.3550000000004525, 96.89062890530298
5.356000000000453, 96.89027265161327
5.357000000000453, 96.8899104807893
5.3580000000004535, 96.88954269662868
5.359000000000454, 96.88916960292907
5.360000000000454, 96.88879150348811
5.3610000000004545, 96.88840870210342
5.362000000000455, 96.88802150257263
5.363000000000455, 96.88763020869341
5.3640000000004555, 96.88723512426338
5.365000000000457, 96.88683655308014
5.366000000000456, 96.88643479894141
5.3670000000004565, 96.88603016564474
5.368000000000457, 96.8856229569878
5.369000000000457, 96.88521347676827
5.3700000000004575, 96.8848020287837
5.371000000000458, 96.88438891683178
5.372000000000458, 96.88397444471013
5.373000000000459, 96.88355891621642
5.374000000000459, 96.88314263514825
5.37500000000046, 96.88272590530329
5.3760000000004595, 96.8823090304791
5.377000000000459, 96.88189231447342
5.37800000000046, 96.8814760610838
5.3790000000004605, 96.88106057410795
5.380000000000461, 96.88064615734345
5.381000000000461, 96.88023311458795
5.3820000000004615, 96.87982174963912
5.383000000000463, 96.87941236629453
5.384000000000462, 96.87900526835189
5.3850000000004625, 96.87860075960879
5.386000000000463, 96.87819914386289
5.387000000000463, 96.8778007249118
5.388000000000464, 96.87740579585983
5.389000000000464, 96.87701454186173
5.390000000000464, 96.87662708548295
5.3910000000004645, 96.87624354852137
5.392000000000465, 96.8758640527749
5.393000000000465, 96.87548872004147
5.3940000000004655, 96.87511767211896
5.395000000000466, 96.87475103080531
5.396000000000466, 96.87438891789837
5.3970000000004665, 96.87403145519615
5.398000000000467, 96.87367876449645
5.399000000000468, 96.87333096759725
5.4000000000004675, 96.87298818629644
5.401000000000468, 96.8726505423919
5.402000000000468, 96.87231815768159
5.403000000000469, 96.87199115396336
5.404000000000469, 96.87166965303518
5.40500000000047, 96.87135377669493
5.4060000000004695, 96.8710436467405
5.40700000000047, 96.87073938496984
5.40800000000047, 96.87044111318083
5.4090000000004705, 96.87014895317137
5.410000000000471, 96.86986302673938
5.411000000000471, 96.86958345568279
5.4120000000004715, 96.86931036179948
5.413000000000472, 96.8690438668874
5.414000000000472, 96.86878409274439
5.4150000000004725, 96.86853116116842
5.416000000000473, 96.86828519395739
5.417000000000474, 96.86804631290916
5.4180000000004735, 96.8678146398217
5.419000000000473, 96.86759029649288
5.420000000000474, 96.86737340472062
5.4210000000004746, 96.86716408630285
5.422000000000475, 96.86696246303744
5.423000000000476, 96.86676865672233
5.4240000000004756, 96.8665827891554
5.425000000000476, 96.86640498213458
5.426000000000476, 96.86623535745777
5.4270000000004766, 96.8660740369229
5.428000000000477, 96.86592114232785
5.429000000000477, 96.86577679547054
5.4300000000004776, 96.8656411181489
5.431000000000477, 96.86551423216079
5.432000000000478, 96.86539625930415
5.433000000000479, 96.8652873213769
5.434000000000479, 96.86518754017692
5.43500000000048, 96.86509703750214
5.43600000000048, 96.86501593515045
5.43700000000048, 96.8649443549198
5.43800000000048, 96.86488241860806
5.439000000000481, 96.86483024801312
5.440000000000481, 96.86478796493294
5.441000000000481, 96.8647556911654
5.442000000000482, 96.86473354850843
5.443000000000482, 96.8647216587599
5.444000000000483, 96.86472014371776
5.4450000000004835, 96.86472912517989
5.446000000000483, 96.8647487249442
5.447000000000483, 96.86477906480863
5.448000000000484, 96.86482026657106
5.449000000000484, 96.8648724520294
5.450000000000484, 96.86493574298156
5.4510000000004855, 96.86501026122548
5.452000000000485, 96.86509612855903
5.453000000000486, 96.8651934667801
5.4540000000004865, 96.86530239768666
5.455000000000487, 96.86542304307659
5.456000000000486, 96.86555552474779
5.457000000000487, 96.86569996449819
5.458000000000487, 96.86585648412566
5.459000000000486, 96.86602520542813
5.460000000000488, 96.86620625020353
5.461000000000487, 96.86639973995187
5.462000000000488, 96.86660562976743
5.463000000000489, 96.86682343172288
5.464000000000489, 96.86705258497379
5.465000000000489, 96.86729252867568
5.46600000000049, 96.86754270198402
5.46700000000049, 96.86780254405441
5.46800000000049, 96.8680714940423
5.4690000000004915, 96.86834899110319
5.470000000000491, 96.86863447439269
5.471000000000491, 96.86892738306626
5.472000000000492, 96.86922715627945
5.473000000000492, 96.86953323318772
5.474000000000492, 96.86984505294664
5.475000000000493, 96.87016205471171
5.476000000000493, 96.87048367763843
5.477000000000493, 96.87080936088238
5.478000000000494, 96.87113854359902
5.479000000000495, 96.87147066494387
5.480000000000494, 96.87180516407248
5.4810000000004955, 96.87214148014034
5.482000000000495, 96.87247905230299
5.483000000000496, 96.87281731971596
5.484000000000496, 96.87315572153473
5.485000000000496, 96.87349369691484
5.486000000000496, 96.87383068501181
5.487000000000497, 96.87416612498114
5.488000000000497, 96.87449945597838
5.489000000000497, 96.87483011715904
5.490000000000498, 96.8751575476786
5.491000000000499, 96.87548118669262
5.492000000000498, 96.87580047335663
5.493000000000499, 96.8761148468261
5.494000000000499, 96.87642374625658
5.4950000000005, 96.8767266108036
5.4960000000005, 96.87702287962264
5.497000000000501, 96.87731199186926
5.4980000000005, 96.87759338669893
5.499000000000501, 96.87786650326721
5.500000000000501, 96.8781307807296
5.501000000000501, 96.87838565824165
5.502000000000502, 96.87863057495885
5.503000000000502, 96.87886497003669
5.504000000000502, 96.87908828263073
5.505000000000503, 96.8792999518965
5.506000000000503, 96.87949941698947
5.507000000000503, 96.87968611706519
5.508000000000504, 96.87985949127919
5.509000000000504, 96.88001897878695
5.510000000000504, 96.88016401874404
5.511000000000505, 96.88029405030592
5.512000000000505, 96.88040851262815
5.513000000000506, 96.88050684486622
5.5140000000005065, 96.88058848617568
5.515000000000506, 96.88065287571204
5.516000000000506, 96.88069945263082
5.517000000000507, 96.8807276560875
5.518000000000507, 96.88073692523763
5.519000000000507, 96.88072669923676
5.520000000000508, 96.88069641724036
5.521000000000509, 96.88064551840397
5.522000000000508, 96.88057344188309
5.523000000000509, 96.88047962683326
5.524000000000509, 96.88036351240999
5.525000000000509, 96.88022453776878
5.5260000000005105, 96.88006214206519
5.52700000000051, 96.87987576445471
5.52800000000051, 96.87966484409284
5.529000000000511, 96.87942882013515
5.530000000000511, 96.87916713173713
5.531000000000512, 96.87887921805428
5.532000000000512, 96.87856451824219
5.533000000000512, 96.87822247145627
5.534000000000512, 96.87785251685213
5.535000000000513, 96.87745414455239
5.536000000000513, 96.87702770862239
5.537000000000513, 96.8765742841494
5.538000000000514, 96.87609496831048
5.539000000000514, 96.87559085828272
5.540000000000514, 96.87506305124312
5.5410000000005155, 96.87451264436875
5.542000000000515, 96.8739407348367
5.543000000000515, 96.873348419824
5.544000000000516, 96.87273679650771
5.545000000000516, 96.87210696206488
5.546000000000516, 96.87146001367259
5.547000000000517, 96.87079704850785
5.548000000000517, 96.87011916374776
5.549000000000517, 96.86942745656937
5.550000000000518, 96.8687230241497
5.551000000000519, 96.86800696366585
5.552000000000518, 96.86728037229487
5.5530000000005195, 96.8665443472138
5.554000000000519, 96.86579998559968
5.555000000000519, 96.86504838462962
5.55600000000052, 96.86429064148064
5.557000000000521, 96.86352785332976
5.55800000000052, 96.8627611173541
5.559000000000521, 96.86199153073068
5.560000000000521, 96.8612201906366
5.561000000000521, 96.86044819424886
5.562000000000522, 96.85967663874453
5.563000000000522, 96.8589066213007
5.564000000000522, 96.8581392390944
5.5650000000005235, 96.85737558930266
5.566000000000524, 96.85661676910259
5.567000000000523, 96.85586387567122
5.568000000000524, 96.8551180061856
5.569000000000524, 96.85438025782278
5.570000000000524, 96.85365172775983
5.571000000000525, 96.85293351317382
5.572000000000526, 96.8522267112418
5.573000000000526, 96.85153241914078
5.574000000000526, 96.8508517340479
5.575000000000526, 96.85018575314015
5.576000000000526, 96.84953557359458
5.577000000000527, 96.84890229258832
5.578000000000527, 96.84828700729832
5.579000000000527, 96.84769081490172
5.580000000000528, 96.84711481257555
5.581000000000528, 96.84656009749688
5.582000000000528, 96.84602776684272
5.583000000000529, 96.84551891779019
5.584000000000529, 96.8450346475163
5.585000000000529, 96.8445760531981
5.58600000000053, 96.8441442320127
5.58700000000053, 96.84374028113508
5.58800000000053, 96.84336503733029
5.589000000000531, 96.8430183570196
5.590000000000531, 96.84269986597066
5.591000000000532, 96.842409189951
5.5920000000005325, 96.84214595472832
5.593000000000533, 96.84190978607019
5.594000000000533, 96.84170030974427
5.595000000000533, 96.84151715151818
5.596000000000533, 96.84135993715948
5.597000000000533, 96.84122829243582
5.598000000000534, 96.84112184311482
5.599000000000534, 96.84104021496411
5.600000000000534, 96.84098303375129
5.6010000000005356, 96.84094992524398
5.602000000000535, 96.84094051520978
5.603000000000535, 96.84095442941634
5.604000000000536, 96.84099129363128
5.605000000000536, 96.84105073362217
5.606000000000536, 96.84113237515668
5.607000000000537, 96.8412358440024
5.608000000000537, 96.84136076592695
5.609000000000537, 96.84150676669798
5.610000000000538, 96.84167347208303
5.611000000000538, 96.8418605078498
5.612000000000538, 96.84206749976589
5.61300000000054, 96.84229407359886
5.614000000000539, 96.8425398551164
5.615000000000539, 96.8428044700861
5.61600000000054, 96.84308754427556
5.61700000000054, 96.8433887034524
5.61800000000054, 96.84370757338431
5.619000000000542, 96.8440437798388
5.620000000000541, 96.84439694858357
5.621000000000541, 96.84476670538616
5.622000000000542, 96.84515267601424
5.623000000000543, 96.84555448623544
5.624000000000542, 96.84597176181735
5.625000000000543, 96.8464041285276
5.626000000000543, 96.8468512121338
5.627000000000544, 96.84731263840355
5.628000000000544, 96.84778803310451
5.629000000000544, 96.84827702200427
5.630000000000544, 96.84877923087043
5.631000000000545, 96.84929428547063
5.632000000000545, 96.84982181157253
5.633000000000545, 96.85036143494368
5.634000000000546, 96.85091278135171
5.635000000000547, 96.85147547656427
5.636000000000546, 96.85204914634896
5.637000000000547, 96.85263341647338
5.638000000000547, 96.85322791270518
5.639000000000547, 96.85383226081196
5.640000000000548, 96.85444608656131
5.641000000000548, 96.8550690157209
5.642000000000548, 96.85570067405834
5.64300000000055, 96.8563406873412
5.644000000000549, 96.85698868133714
5.645000000000549, 96.85764428181379
5.646000000000551, 96.8583071145387
5.64700000000055, 96.85897680527957
5.64800000000055, 96.85965297980397
5.649000000000551, 96.86033526387952
5.650000000000552, 96.86102328327382
5.651000000000551, 96.86171666375456
5.652000000000552, 96.8624150310893
5.653000000000553, 96.86311801104567
5.654000000000552, 96.86382522939128
5.655000000000553, 96.86453631189373
5.656000000000553, 96.86525088432069
5.657000000000553, 96.86596857243973
5.658000000000554, 96.8666890020185
5.659000000000554, 96.86741179882459
5.660000000000554, 96.86813658862565
5.661000000000555, 96.86886299718927
5.662000000000555, 96.86959065028309
5.663000000000556, 96.8703191736747
5.664000000000556, 96.87104819313171
5.665000000000556, 96.87177733442178
5.666000000000556, 96.87250622331251
5.667000000000557, 96.87323448557152
5.668000000000557, 96.8739617469664
5.669000000000558, 96.87468763326481
5.670000000000559, 96.87541177023435
5.671000000000559, 96.87613378364264
5.672000000000558, 96.87685329925728
5.67300000000056, 96.87756994284588
5.674000000000559, 96.87828337089493
5.675000000000559, 96.87899343996327
5.67600000000056, 96.87970008672272
5.67700000000056, 96.88040324805819
5.67800000000056, 96.88110286085444
5.679000000000561, 96.88179886199633
5.680000000000561, 96.88249118836866
5.681000000000562, 96.88317977685625
5.682000000000562, 96.88386456434397
5.683000000000562, 96.88454548771657
5.684000000000563, 96.8852224838589
5.685000000000563, 96.88589548965578
5.686000000000563, 96.88656444199205
5.687000000000563, 96.88722927775248
5.688000000000564, 96.88788993382195
5.689000000000564, 96.88854634708528
5.690000000000565, 96.88919845442723
5.691000000000565, 96.88984619273266
5.692000000000565, 96.89048949888642
5.693000000000565, 96.89112830977326
5.694000000000566, 96.89176256227806
5.695000000000566, 96.89239219328563
5.696000000000566, 96.89301713968081
5.697000000000567, 96.89363733834836
5.698000000000567, 96.89425272617312
5.699000000000567, 96.89486324003995
5.700000000000568, 96.89546881683364
5.701000000000569, 96.896069393439
5.702000000000568, 96.89666490674092
5.703000000000569, 96.89725529362414
5.704000000000569, 96.8978404909735
5.705000000000569, 96.89842043567386
5.70600000000057, 96.89899506460998
5.70700000000057, 96.89956431466672
5.70800000000057, 96.90012812272893
5.709000000000572, 96.90068642568136
5.710000000000571, 96.90123916040889
5.711000000000571, 96.9017862637963
5.712000000000572, 96.90232767272843
5.713000000000572, 96.90286332409012
5.714000000000572, 96.90339315476618
5.715000000000573, 96.9039171016414
5.716000000000573, 96.90443510160061
5.717000000000573, 96.90494709152865
5.718000000000574, 96.90545300831036
5.719000000000575, 96.90595278883052
5.720000000000574, 96.90644636997395
5.721000000000576, 96.90693368862551
5.722000000000575, 96.90741468166999
5.723000000000575, 96.90788928599227
5.724000000000576, 96.90835743847705
5.725000000000576, 96.90881907600924
5.726000000000576, 96.90927413547367
5.727000000000577, 96.90972255375512
5.728000000000577, 96.91016426773844
5.729000000000577, 96.9105992143084
5.730000000000579, 96.91102733034988
5.731000000000578, 96.91144855274767
5.732000000000578, 96.9118628183866
5.733000000000579, 96.9122700641515
5.734000000000579, 96.91267022692716
5.735000000000579, 96.91306324359844
5.73600000000058, 96.91344905105016
5.73700000000058, 96.91382758616709
5.73800000000058, 96.91419878583412
5.739000000000582, 96.914562586936
5.740000000000582, 96.9149189263576
5.741000000000582, 96.91526774098375
5.742000000000582, 96.91560896769923
5.743000000000582, 96.91594254338888
5.744000000000583, 96.91626840493753
5.745000000000583, 96.91658648885331
5.746000000000583, 96.9168967143901
5.747000000000584, 96.91719897674771
5.748000000000584, 96.91749316934211
5.749000000000584, 96.91777918558928
5.750000000000584, 96.91805691890524
5.751000000000586, 96.91832626270595
5.752000000000585, 96.91858711040737
5.753000000000586, 96.9188393554255
5.754000000000586, 96.91908289117634
5.755000000000585, 96.91931761107585
5.756000000000586, 96.91954340854005
5.757000000000588, 96.91976017698487
5.758000000000587, 96.91996780982635
5.759000000000588, 96.92016620048041
5.760000000000588, 96.92035524236309
5.761000000000589, 96.92053482889034
5.762000000000588, 96.92070485347817
5.763000000000589, 96.92086520954255
5.764000000000589, 96.92101579049944
5.76500000000059, 96.92115648976485
5.76600000000059, 96.92128720075476
5.76700000000059, 96.92140781688515
5.76800000000059, 96.92151823157201
5.769000000000592, 96.92161833823128
5.770000000000592, 96.92170803027904
5.771000000000592, 96.9217872011312
5.772000000000592, 96.92185574420373
5.773000000000592, 96.92191355291263
5.774000000000592, 96.92196052067392
5.775000000000594, 96.92199654090358
5.776000000000593, 96.92202150701753
5.777000000000593, 96.9220353124318
5.778000000000594, 96.92203785056238
5.779000000000595, 96.92202901482523
5.780000000000594, 96.92200869863635
5.781000000000596, 96.92197679541172
5.782000000000595, 96.92193319856732
5.783000000000595, 96.92187780151912
5.784000000000596, 96.92181049768313
5.785000000000595, 96.9217311804753
5.786000000000596, 96.92163974331166
5.787000000000597, 96.92153607960815
5.788000000000597, 96.9214200827808
5.789000000000598, 96.92129164624554
5.790000000000598, 96.92115066341836
5.791000000000598, 96.92099702771526
5.7920000000005984, 96.92083063255225
5.793000000000599, 96.92065137134527
5.794000000000599, 96.92045913751033
5.7950000000005994, 96.9202538244634
5.7960000000006, 96.92003532562046
5.797000000000601, 96.91980353439752
5.7980000000006005, 96.91955834421051
5.799000000000602, 96.91929964847547
5.800000000000601, 96.91902734060835
5.8010000000006015, 96.91874131402516
5.802000000000602, 96.91844146214184
5.803000000000603, 96.91812767837442
5.8040000000006025, 96.91779985613886
5.805000000000604, 96.91745788885112
5.806000000000603, 96.91710166992725
5.8070000000006035, 96.91673109278317
5.808000000000604, 96.91634605277449
5.809000000000604, 96.91594657919293
5.8100000000006045, 96.91553291971243
5.811000000000605, 96.9151053421117
5.812000000000605, 96.91466411416945
5.8130000000006055, 96.91420950366432
5.814000000000606, 96.91374177837503
5.815000000000606, 96.91326120608021
5.8160000000006065, 96.91276805455858
5.817000000000608, 96.91226259158883
5.818000000000607, 96.91174508494962
5.8190000000006075, 96.91121580241963
5.820000000000608, 96.91067501177757
5.821000000000609, 96.9101229808021
5.8220000000006085, 96.90955997727191
5.823000000000609, 96.90898626896569
5.824000000000609, 96.90840212366209
5.8250000000006095, 96.90780780913984
5.82600000000061, 96.9072035931776
5.82700000000061, 96.90658974355405
5.8280000000006105, 96.90596652804787
5.829000000000612, 96.90533421443777
5.830000000000611, 96.90469307050239
5.831000000000612, 96.90404336402045
5.832000000000612, 96.9033853627706
5.833000000000612, 96.90271933453157
5.8340000000006125, 96.90204554708198
5.835000000000613, 96.90136426820055
5.836000000000613, 96.90067576566598
5.8370000000006135, 96.89998030725694
5.838000000000614, 96.89927816075208
5.839000000000614, 96.89856959393012
5.8400000000006145, 96.8978548745697
5.841000000000616, 96.89713427044956
5.842000000000615, 96.89640804934837
5.8430000000006155, 96.8956764790448
5.844000000000616, 96.8949398273175
5.845000000000616, 96.89419836194519
5.8460000000006165, 96.89345235070655
5.847000000000618, 96.89270206138029
5.848000000000617, 96.89194776174503
5.849000000000618, 96.89118971957949
5.850000000000618, 96.89042820266236
5.851000000000619, 96.8896634787723
5.8520000000006185, 96.88889581568802
5.853000000000619, 96.88812548118817
5.854000000000619, 96.88735274305145
5.8550000000006195, 96.88657786905655
5.85600000000062, 96.88580112698214
5.85700000000062, 96.88502278460692
5.8580000000006205, 96.88424310970954
5.859000000000622, 96.88346237006874
5.860000000000621, 96.88268083346314
5.861000000000622, 96.88189876767143
5.862000000000622, 96.88111644047235
5.863000000000622, 96.88033411964453
5.8640000000006225, 96.87955207296666
5.865000000000623, 96.87877056821743
5.866000000000623, 96.87798987317555
5.8670000000006235, 96.87721025561966
5.868000000000624, 96.87643198332846
5.869000000000624, 96.87565532408064
5.8700000000006245, 96.87488054565485
5.871000000000625, 96.87410791582981
5.872000000000625, 96.87333770238418
5.8730000000006255, 96.87257017309669
5.874000000000626, 96.87180559574594
5.875000000000625, 96.87104423811068
5.8760000000006265, 96.87028636796958
5.877000000000627, 96.8695322531013
5.878000000000627, 96.86878216128454
5.879000000000628, 96.86803636029798
5.880000000000628, 96.8672951179203
5.881000000000628, 96.86655870193022
5.8820000000006285, 96.86582737456784
5.883000000000629, 96.86510134919149
5.884000000000629, 96.86438081370079
5.8850000000006295, 96.86366595577614
5.88600000000063, 96.86295696309801
5.887000000000631, 96.86225402334681
5.8880000000006305, 96.86155732420299
5.889000000000632, 96.86086705334695
5.890000000000631, 96.86018339845918
5.8910000000006315, 96.85950654722006
5.892000000000632, 96.85883668731003
5.893000000000632, 96.85817400640956
5.894000000000632, 96.85751869219902
5.895000000000633, 96.85687093235892
5.896000000000633, 96.85623091456962
5.8970000000006335, 96.85559882651158
5.898000000000634, 96.85497485586522
5.899000000000635, 96.85435919031103
5.9000000000006345, 96.85375201752935
5.901000000000635, 96.85315352520068
5.902000000000635, 96.85256390100544
5.9030000000006355, 96.85198333262406
5.904000000000636, 96.85141200773695
5.905000000000635, 96.8508501140246
5.9060000000006365, 96.85029783916737
5.907000000000638, 96.84975537084571
5.908000000000638, 96.84922289674009
5.9090000000006375, 96.8487006045309
5.910000000000638, 96.84818868189862
5.911000000000638, 96.84768731652365
5.9120000000006385, 96.84719669608644
5.913000000000639, 96.84671700826738
5.914000000000639, 96.84624844074693
5.9150000000006395, 96.84579118120553
5.91600000000064, 96.84534541732361
5.91700000000064, 96.84491133678159
5.9180000000006405, 96.84448912725992
5.919000000000642, 96.84407897643902
5.920000000000642, 96.84368107199933
5.9210000000006415, 96.84329560162128
5.922000000000642, 96.84292275298529
5.923000000000642, 96.84256271377181
5.9240000000006425, 96.84221567166126
5.925000000000643, 96.84188181433409
5.926000000000643, 96.84156132947071
5.927000000000644, 96.84125440475155
5.928000000000644, 96.84096122785708
5.929000000000644, 96.84068198646769
5.9300000000006445, 96.84041686826383
5.931000000000645, 96.84016606092592
5.932000000000645, 96.83992975213442
5.9330000000006455, 96.83970812956974
5.934000000000646, 96.83950138091231
5.935000000000646, 96.83930969384258
5.9360000000006465, 96.83913325604098
5.937000000000647, 96.83897225518793
5.938000000000647, 96.83882687896387
5.9390000000006475, 96.83869731504923
5.940000000000648, 96.83858375112443
5.941000000000648, 96.83848637486992
5.9420000000006485, 96.83840537396614
5.943000000000649, 96.8383409360935
5.944000000000649, 96.83829324893244
5.945000000000649, 96.8382625001634
5.94600000000065, 96.8382488774668
5.947000000000651, 96.83825256852307
5.9480000000006505, 96.83827376101266
5.949000000000652, 96.838312642616
5.950000000000651, 96.83836940101351
5.9510000000006515, 96.83844422388563
5.952000000000652, 96.83853729891277
5.953000000000652, 96.83864881377541
5.9540000000006525, 96.83877895615394
5.955000000000654, 96.83892791314607
5.956000000000653, 96.83909570339226
5.957000000000654, 96.83928194478594
5.958000000000654, 96.83948619691559
5.959000000000654, 96.83970801936975
5.960000000000655, 96.83994697173688
5.961000000000655, 96.84020261360556
5.962000000000655, 96.84047450456426
5.9630000000006556, 96.84076220420154
5.964000000000656, 96.84106527210587
5.965000000000656, 96.84138326786578
5.9660000000006566, 96.84171575106983
5.967000000000657, 96.8420622813065
5.968000000000657, 96.84242241816429
5.9690000000006584, 96.84279572123175
5.970000000000658, 96.84318175009736
5.971000000000659, 96.84358006434968
5.972000000000659, 96.84399022357722
5.973000000000658, 96.84441178736846
5.974000000000659, 96.84484431531193
5.97500000000066, 96.84528736699617
5.97600000000066, 96.84574050200968
5.977000000000661, 96.84620327994098
5.978000000000661, 96.84667526037857
5.979000000000661, 96.84715600291099
5.980000000000661, 96.84764506712676
5.981000000000662, 96.84814201261437
5.982000000000662, 96.84864639896234
5.983000000000662, 96.84915778575923
5.984000000000663, 96.8496757325935
5.985000000000662, 96.8501997990537
5.986000000000663, 96.85072954472834
5.9870000000006645, 96.85126452920592
5.988000000000664, 96.85180431207499
5.989000000000665, 96.85234845292405
5.990000000000665, 96.85289651134157
5.991000000000665, 96.85344804691616
5.992000000000665, 96.85400261923627
5.993000000000666, 96.85455978789041
5.994000000000666, 96.85511911246714
5.995000000000667, 96.85568015255495
5.996000000000667, 96.85624246774238
5.997000000000668, 96.8568056176179
5.998000000000667, 96.85736916177007
5.999000000000668, 96.85793265978741
6.000000000000668, 96.8584956712584
6.001000000000669, 96.85905775577157
6.002000000000669, 96.85961847291544
6.00300000000067, 96.86017738227854
6.004000000000669, 96.86073404344938
6.00500000000067, 96.86128801601646
6.00600000000067, 96.86183885956831
6.00700000000067, 96.86238613369343
6.008000000000671, 96.86292939798037
6.009000000000672, 96.86346821201764
6.010000000000671, 96.86400213539373
6.0110000000006725, 96.86453072769714
6.012000000000672, 96.86505354851644
6.013000000000673, 96.86557015744015
6.014000000000673, 96.86608011405673
6.015000000000673, 96.86658297795474
6.016000000000674, 96.86707830872268
6.0170000000006745, 96.86756566594907
6.018000000000674, 96.86804460911411
6.019000000000674, 96.86851460690752
6.020000000000675, 96.86897487236325
6.021000000000675, 96.86942457384228
6.022000000000675, 96.86986287970561
6.023000000000675, 96.8702889583142
6.024000000000676, 96.87070197802906
6.025000000000676, 96.87110110721115
6.026000000000677, 96.87148551422148
6.027000000000678, 96.87185436742102
6.028000000000677, 96.87220683517079
6.029000000000678, 96.87254208583174
6.030000000000678, 96.8728592877649
6.031000000000678, 96.87315760933122
6.032000000000679, 96.87343621889168
6.033000000000679, 96.87369428480731
6.034000000000679, 96.87393097543905
6.03500000000068, 96.87414545914794
6.036000000000681, 96.87433690429492
6.03700000000068, 96.87450447924101
6.038000000000681, 96.87464735234718
6.039000000000682, 96.87476469197442
6.040000000000681, 96.87485566648373
6.041000000000682, 96.87491944423606
6.042000000000682, 96.87495519359246
6.043000000000683, 96.87496208291385
6.044000000000683, 96.87493928056128
6.045000000000683, 96.87488595489569
6.046000000000684, 96.8748012742781
6.0470000000006845, 96.87468440706947
6.048000000000684, 96.87453452163079
6.049000000000684, 96.87435078632308
6.050000000000685, 96.87413236950731
6.051000000000684, 96.87387843954443
6.052000000000685, 96.87358816479548
6.0530000000006865, 96.87326071362142
6.054000000000686, 96.87289525438325
6.055000000000685, 96.87249095544196
6.056000000000687, 96.87204698515855
6.057000000000688, 96.87156251189396
6.058000000000687, 96.87103670400921
6.059000000000687, 96.8704687298653
6.060000000000688, 96.86985775782318
6.061000000000689, 96.86920295624385
6.062000000000689, 96.86850349348832
6.063000000000689, 96.86775853791757
6.064000000000689, 96.86696725789257
6.06500000000069, 96.86612882177432
6.06600000000069, 96.86524239792381
6.067000000000691, 96.86430715470202
6.068000000000691, 96.86332226046994
6.069000000000692, 96.86228688358857
6.070000000000691, 96.86120019241886
6.071000000000691, 96.86006144561763
6.072000000000692, 96.85887143111668
6.073000000000692, 96.85763221243994
6.074000000000693, 96.85634589214675
6.075000000000693, 96.85501457279645
6.076000000000693, 96.85364035694835
6.077000000000694, 96.85222534716185
6.078000000000695, 96.85077164599623
6.079000000000695, 96.84928135601088
6.080000000000695, 96.8477565797651
6.081000000000696, 96.84619941981826
6.082000000000695, 96.84461197872967
6.083000000000696, 96.8429963590587
6.084000000000696, 96.84135466336467
6.085000000000697, 96.83968899420691
6.086000000000697, 96.83800145414476
6.087000000000698, 96.83629414573758
6.088000000000697, 96.83456917154473
6.0890000000006985, 96.8328286341255
6.090000000000698, 96.83107463603925
6.091000000000699, 96.82930927984532
6.092000000000699, 96.82753466810304
6.093000000000699, 96.82575290337176
6.094000000000699, 96.82396608821081
6.0950000000007, 96.82217632517956
6.096000000000701, 96.82038571683731
6.0970000000007, 96.81859636574343
6.098000000000701, 96.81681037445722
6.099000000000702, 96.81502984553806
6.100000000000701, 96.81325688154527
6.101000000000702, 96.8114935850382
6.102000000000702, 96.8097420585533
6.103000000000702, 96.80800400381605
6.104000000000703, 96.80627970044726
6.105000000000702, 96.80456911281176
6.106000000000704, 96.8028722052744
6.1070000000007045, 96.80118894220003
6.108000000000704, 96.79951928795347
6.109000000000704, 96.79786320689956
6.110000000000705, 96.79622066340318
6.111000000000706, 96.7945916218291
6.112000000000705, 96.79297604654222
6.113000000000706, 96.79137390190736
6.114000000000706, 96.78978515228935
6.115000000000706, 96.78820976205307
6.116000000000707, 96.7866476955633
6.117000000000707, 96.78509891718497
6.118000000000707, 96.78356339128281
6.119000000000707, 96.78204108222174
6.120000000000708, 96.78053195436657
6.121000000000709, 96.77903597208214
6.122000000000709, 96.7775530997333
6.123000000000709, 96.77608330168489
6.124000000000709, 96.77462654230175
6.12500000000071, 96.7731827859487
6.12600000000071, 96.77175199699062
6.127000000000711, 96.77033413979231
6.128000000000711, 96.76892917871865
6.129000000000712, 96.76753707813444
6.130000000000711, 96.76615780240455
6.131000000000712, 96.76479131589383
6.132000000000712, 96.76343758296707
6.133000000000711, 96.76209656798916
6.134000000000713, 96.76076823532495
6.135000000000713, 96.7594525493392
6.136000000000713, 96.75814947439684
6.1370000000007146, 96.75685897486268
6.138000000000714, 96.75558101510154
6.139000000000715, 96.75431555947827
6.140000000000715, 96.75306257235772
6.141000000000715, 96.75182201810473
6.142000000000715, 96.75059386108414
6.1430000000007166, 96.7493780656608
6.144000000000716, 96.74817459619953
6.145000000000716, 96.7469834170652
6.146000000000717, 96.74580449262258
6.147000000000718, 96.74463778723658
6.148000000000717, 96.74348326527206
6.149000000000719, 96.74234089109376
6.150000000000718, 96.74121062906664
6.151000000000718, 96.74009244355543
6.152000000000719, 96.73898629892507
6.153000000000719, 96.73789215954035
6.154000000000719, 96.73680998976609
6.155000000000721, 96.73573975396717
6.15600000000072, 96.73468141650841
6.157000000000721, 96.73363494175466
6.158000000000721, 96.73260029407075
6.159000000000722, 96.73157743782153
6.160000000000721, 96.73056633737184
6.161000000000723, 96.72956695708652
6.162000000000722, 96.72857926133041
6.163000000000722, 96.72760321446833
6.164000000000723, 96.72663878086517
6.165000000000723, 96.72568592488572
6.166000000000723, 96.72474461089486
6.167000000000725, 96.72381480325741
6.168000000000724, 96.7228964663382
6.169000000000725, 96.72198956450208
6.170000000000725, 96.7210940621139
6.171000000000726, 96.72020992353849
6.172000000000725, 96.71933711314071
6.173000000000726, 96.7184755952854
6.174000000000726, 96.71762533433734
6.175000000000726, 96.71678629466145
6.176000000000727, 96.71595844062252
6.177000000000727, 96.71514173658541
6.178000000000727, 96.71433614691497
6.179000000000729, 96.71354163597601
6.180000000000728, 96.71275816813342
6.181000000000729, 96.71198570775198
6.182000000000729, 96.71122421919658
6.183000000000729, 96.71047366683203
6.184000000000729, 96.70973401502317
6.18500000000073, 96.70900522813487
6.18600000000073, 96.70828727053194
6.187000000000731, 96.70758010657927
6.188000000000731, 96.70688370064164
6.18900000000073, 96.7061980170839
6.190000000000731, 96.7055230202709
6.191000000000731, 96.7048586745675
6.192000000000732, 96.70420494433856
6.193000000000732, 96.70356179394884
6.194000000000733, 96.70292918776326
6.195000000000734, 96.70230709014659
6.196000000000733, 96.70169546546374
6.197000000000735, 96.70109427807951
6.198000000000734, 96.70050349235873
6.199000000000734, 96.69992307266628
6.200000000000735, 96.69935298336698
6.201000000000735, 96.69879318882569
6.202000000000735, 96.69824365340719
6.203000000000736, 96.69770434147638
6.204000000000736, 96.69717521739811
6.205000000000737, 96.69665624553716
6.206000000000737, 96.69614739025842
6.207000000000737, 96.69564861592671
6.208000000000737, 96.69515988690688
6.209000000000738, 96.69468116756376
6.210000000000738, 96.6942124222622
6.211000000000739, 96.69375361536703
6.212000000000739, 96.6933047112431
6.213000000000738, 96.69286567425526
6.214000000000739, 96.6924364687683
6.21500000000074, 96.69201705914715
6.21600000000074, 96.69160740975659
6.217000000000741, 96.69120748496144
6.218000000000741, 96.6908172491266
6.219000000000741, 96.69043666661686
6.220000000000741, 96.6900657017971
6.221000000000742, 96.68970431903213
6.222000000000742, 96.68935248268681
6.223000000000742, 96.68901015712596
6.224000000000743, 96.68867730671444
6.225000000000744, 96.68835389581712
6.226000000000743, 96.68803988879877
6.227000000000744, 96.68773525002428
6.228000000000744, 96.68743994385846
6.229000000000745, 96.68715393466618
6.230000000000745, 96.68687718681227
6.231000000000745, 96.68660966466157
6.232000000000745, 96.6863513325789
6.233000000000746, 96.68610215492913
6.234000000000746, 96.6858620960771
6.235000000000747, 96.68563112038761
6.236000000000747, 96.68540919222559
6.237000000000747, 96.68519627595579
6.238000000000747, 96.68499233594305
6.239000000000749, 96.6847973365523
6.240000000000748, 96.68461124214825
6.241000000000748, 96.68443401709588
6.242000000000749, 96.68426562575995
6.243000000000749, 96.68410603250531
6.244000000000749, 96.6839552016968
6.245000000000751, 96.68381309769926
6.24600000000075, 96.68367968487755
6.247000000000751, 96.6835549275965
6.248000000000751, 96.68343879022095
6.249000000000752, 96.68333123711571
6.250000000000751, 96.68323223264568
6.251000000000753, 96.68314174117565
6.252000000000752, 96.6830597270705
6.253000000000752, 96.68298615469504
6.254000000000753, 96.68292098841411
6.255000000000754, 96.68286419259258
6.256000000000753, 96.68281573159527
6.257000000000753, 96.68277556978703
6.258000000000754, 96.68274367153266
6.2590000000007535, 96.68272000119704
6.260000000000755, 96.68270452314503
6.261000000000755, 96.68269720174145
6.262000000000755, 96.68269800135113
6.263000000000756, 96.68270688633889
6.264000000000756, 96.68272382106964
6.265000000000757, 96.68274876990813
6.266000000000757, 96.6827816972193
6.267000000000758, 96.68282256736791
6.268000000000757, 96.6828713447188
6.269000000000758, 96.68292799363688
6.270000000000758, 96.68299247848692
6.271000000000759, 96.68306476363384
6.272000000000759, 96.6831448134424
6.273000000000759, 96.68323259227746
6.27400000000076, 96.68332806450388
6.27500000000076, 96.6834311944865
6.27600000000076, 96.68354194659017
6.2770000000007595, 96.68366028517971
6.278000000000761, 96.68378617461994
6.279000000000761, 96.68391957927574
6.280000000000761, 96.68406046351195
6.281000000000761, 96.68420879169337
6.282000000000762, 96.68436452818489
6.283000000000762, 96.68452763735132
6.284000000000763, 96.68469808355749
6.285000000000763, 96.68487583116826
6.286000000000764, 96.6850608445485
6.287000000000764, 96.685253088063
6.288000000000764, 96.68545252607662
6.289000000000764, 96.6856591229542
6.290000000000765, 96.6858728430606
6.291000000000765, 96.68609365076061
6.292000000000765, 96.68632151041915
6.293000000000766, 96.68655638640097
6.294000000000766, 96.68679824307097
6.295000000000767, 96.68704704479397
6.296000000000767, 96.68730275593484
6.297000000000767, 96.68756534085837
6.298000000000767, 96.68783476392943
6.299000000000768, 96.68811098951286
6.300000000000768, 96.68839398197349
6.301000000000768, 96.68868370567618
6.302000000000769, 96.68898012498575
6.303000000000769, 96.68928320426704
6.304000000000769, 96.68959290788492
6.305000000000771, 96.6899092002042
6.30600000000077, 96.69023204558972
6.307000000000771, 96.69056140840637
6.308000000000771, 96.69089725301892
6.309000000000772, 96.69123954379224
6.310000000000771, 96.69158824509118
6.311000000000772, 96.69194332128059
6.312000000000772, 96.69230473672526
6.313000000000772, 96.69267245579009
6.314000000000773, 96.69304644283989
6.315000000000773, 96.69342666223949
6.316000000000773, 96.69381307835377
6.317000000000775, 96.69420565554755
6.318000000000774, 96.69460435818564
6.319000000000775, 96.69500915063293
6.320000000000775, 96.69541999725423
6.321000000000775, 96.6958368624144
6.322000000000775, 96.69625971047827
6.323000000000776, 96.69668850581066
6.324000000000777, 96.69712321277643
6.3250000000007764, 96.69756379574045
6.326000000000777, 96.69801021906753
6.327000000000777, 96.69846244712248
6.3280000000007774, 96.6989204442702
6.329000000000779, 96.69938417487549
6.330000000000778, 96.69985360330321
6.331000000000779, 96.7003286939182
6.332000000000779, 96.7008094110853
6.333000000000779, 96.70129571916932
6.3340000000007795, 96.70178758253515
6.33500000000078, 96.70228496554762
6.33600000000078, 96.70278783257153
6.33700000000078, 96.70329614797177
6.338000000000781, 96.70380987611314
6.33900000000078, 96.70432898136049
6.3400000000007815, 96.70485342807869
6.341000000000783, 96.70538318063257
6.342000000000782, 96.70591820338694
6.343000000000783, 96.70645846070667
6.344000000000784, 96.7070039169566
6.345000000000784, 96.70755453650155
6.3460000000007835, 96.70811028370639
6.347000000000783, 96.70867112293593
6.348000000000784, 96.709237018555
6.349000000000785, 96.7098079349285
6.350000000000785, 96.71038383642124
6.351000000000785, 96.71096468739805
6.3520000000007855, 96.71155045222378
6.353000000000786, 96.71214109526325
6.354000000000786, 96.71273658088133
6.3550000000007865, 96.71333687344283
6.356000000000787, 96.71394193731263
6.357000000000786, 96.71455173685554
6.3580000000007875, 96.7151662364364
6.359000000000788, 96.71578540042009
6.360000000000788, 96.7164091931714
6.3610000000007885, 96.7170375790552
6.362000000000789, 96.71767052243634
6.36300000000079, 96.71830798767961
6.3640000000007895, 96.7189499391499
6.365000000000791, 96.71959634121202
6.36600000000079, 96.72024715823085
6.367000000000791, 96.7209023545712
6.368000000000791, 96.72156189459791
6.369000000000792, 96.72222574267582
6.3700000000007915, 96.72289386316976
6.371000000000793, 96.72356622044464
6.372000000000792, 96.7242427788652
6.3730000000007925, 96.72492350279634
6.374000000000794, 96.7256083566029
6.375000000000794, 96.72629730464972
6.3760000000007935, 96.72699031130159
6.377000000000795, 96.72768734092342
6.378000000000794, 96.72838835788002
6.379000000000795, 96.72909332653624
6.380000000000795, 96.7298022112569
6.381000000000795, 96.73051497640687
6.3820000000007955, 96.73123158635094
6.383000000000797, 96.73195200545402
6.384000000000796, 96.7326761980809
6.385000000000797, 96.73340412859642
6.386000000000797, 96.73413576136547
6.387000000000796, 96.73487106075284
6.3880000000007975, 96.73560999112337
6.389000000000798, 96.73635251684195
6.390000000000798, 96.73709860227336
6.3910000000007985, 96.73784821178246
6.392000000000799, 96.73860130973414
6.393000000000799, 96.73935786049319
6.3940000000007995, 96.74011782842443
6.3950000000008, 96.74088117789276
6.3960000000008, 96.74164787326299
6.397000000000801, 96.74241787889994
6.398000000000801, 96.7431911591685
6.399000000000802, 96.74396767843348
6.4000000000008015, 96.74474740105971
6.401000000000802, 96.74553029141205
6.402000000000802, 96.74631631385535
6.403000000000803, 96.7471054327544
6.404000000000803, 96.74789761247412
6.405000000000802, 96.74869281737928
6.4060000000008035, 96.74949101183475
6.407000000000804, 96.75029216020536
6.408000000000804, 96.75109622685598
6.409000000000804, 96.7519031761514
6.410000000000805, 96.75271297245652
6.411000000000806, 96.75352558013614
6.4120000000008055, 96.75434096355511
6.413000000000806, 96.75515908707827
6.414000000000806, 96.75597991507047
6.415000000000806, 96.75680341189653
6.416000000000807, 96.7576295419213
6.417000000000807, 96.75845826950965
6.4180000000008075, 96.75928955902636
6.419000000000807, 96.76012337483633
6.420000000000808, 96.76095968130436
6.4210000000008085, 96.76179844279531
6.422000000000809, 96.762639623674
6.423000000000809, 96.76348318830534
6.4240000000008095, 96.76432910105406
6.42500000000081, 96.76517732628508
6.42600000000081, 96.76602782836324
6.427000000000811, 96.76688057165333
6.428000000000811, 96.76773552052022
6.429000000000811, 96.76859263932877
6.4300000000008115, 96.76945189244378
6.431000000000812, 96.77031324423012
6.432000000000812, 96.77117665905266
6.4330000000008125, 96.77204210127616
6.434000000000813, 96.77290953526548
6.435000000000813, 96.77377892538554
6.4360000000008135, 96.7746502360011
6.437000000000814, 96.77552343147701
6.438000000000814, 96.77639847617816
6.439000000000815, 96.77727533446932
6.440000000000815, 96.77815397071538
6.441000000000815, 96.77903434928118
6.4420000000008155, 96.77991643453154
6.443000000000817, 96.78080019083129
6.444000000000816, 96.78168558254532
6.4450000000008165, 96.78257257403841
6.446000000000817, 96.78346112967544
6.447000000000816, 96.78435121382125
6.4480000000008175, 96.78524279084067
6.449000000000819, 96.78613582509854
6.450000000000818, 96.7870302809597
6.4510000000008185, 96.78792612278902
6.452000000000819, 96.78882331495126
6.45300000000082, 96.78972182181134
6.4540000000008195, 96.7906216077341
6.45500000000082, 96.79152263708431
6.45600000000082, 96.79242487422688
6.457000000000821, 96.79332828352662
6.458000000000821, 96.79423282934839
6.459000000000822, 96.795138476057
6.4600000000008215, 96.79604518801733
6.461000000000822, 96.79695292959417
6.462000000000822, 96.7978616651524
6.4630000000008225, 96.79877135905687
6.464000000000823, 96.79968197567237
6.465000000000824, 96.80059347936378
6.4660000000008235, 96.80150583449596
6.467000000000825, 96.80241900543368
6.468000000000824, 96.80333295654185
6.469000000000825, 96.80424765218527
6.470000000000825, 96.8051630567288
6.471000000000825, 96.80607913453724
6.4720000000008255, 96.80699584997552
6.473000000000826, 96.8079131674084
6.474000000000827, 96.80883105120076
6.475000000000827, 96.8097494657174
6.476000000000827, 96.8106683753232
6.477000000000827, 96.81158774438299
6.4780000000008275, 96.81250753726161
6.479000000000829, 96.8134277183239
6.480000000000828, 96.81434825193467
6.4810000000008285, 96.81526910245883
6.482000000000829, 96.81619023426117
6.48300000000083, 96.81711161170652
6.4840000000008295, 96.81803319915977
6.485000000000829, 96.81895496098574
6.48600000000083, 96.81987686154923
6.4870000000008305, 96.82079886521512
6.488000000000831, 96.82172093634826
6.48900000000083, 96.82264303931345
6.4900000000008315, 96.82356513847559
6.491000000000832, 96.82448719819945
6.492000000000832, 96.82540918284992
6.4930000000008326, 96.82633105679184
6.494000000000834, 96.82725278439003
6.495000000000834, 96.82817433000933
6.4960000000008336, 96.82909565801458
6.497000000000833, 96.83001673277064
6.498000000000834, 96.83093751864233
6.499000000000834, 96.83185797999454
6.500000000000835, 96.83277808119203
6.501000000000835, 96.83369778659969
6.5020000000008356, 96.83461706058236
6.503000000000837, 96.83553586750486
6.504000000000836, 96.83645417173207
6.505000000000837, 96.83737193762876
6.506000000000837, 96.83828912955985
6.507000000000838, 96.83920571189012
6.508000000000838, 96.84012164898446
6.509000000000838, 96.84103690520767
6.510000000000838, 96.8419514449246
6.511000000000839, 96.84286523250012
6.512000000000839, 96.84377823229902
6.513000000000839, 96.84469040868619
6.51400000000084, 96.84560172602643
6.515000000000841, 96.8465121486846
6.51600000000084, 96.84742164102556
6.5170000000008415, 96.84833016741412
6.518000000000841, 96.84923769221514
6.519000000000841, 96.85014417979343
6.520000000000842, 96.85104959451385
6.521000000000842, 96.85195390074128
6.522000000000842, 96.85285706284049
6.5230000000008435, 96.85375904517636
6.524000000000843, 96.85465981211372
6.525000000000844, 96.85555932801743
6.526000000000844, 96.85645755725233
6.527000000000844, 96.85735446418322
6.528000000000844, 96.85825001317497
6.529000000000845, 96.8591441685924
6.530000000000845, 96.86003689480039
6.531000000000846, 96.86092815616375
6.532000000000846, 96.86181791704733
6.533000000000847, 96.86270614181596
6.534000000000846, 96.86359279483452
6.535000000000847, 96.8644778404678
6.536000000000847, 96.86536124308067
6.537000000000848, 96.86624296703793
6.538000000000848, 96.86712297670448
6.539000000000848, 96.86800123644515
6.540000000000848, 96.86887771062474
6.5410000000008495, 96.86975236360811
6.542000000000849, 96.87062515976011
6.54300000000085, 96.87149606344558
6.54400000000085, 96.87236503902936
6.545000000000849, 96.87323205087627
6.54600000000085, 96.87409706335117
6.547000000000851, 96.8749600408189
6.548000000000851, 96.87582094764431
6.549000000000852, 96.87667974819223
6.550000000000852, 96.87753640682746
6.551000000000853, 96.87839088791492
6.552000000000852, 96.8792431558194
6.553000000000853, 96.88009317490575
6.554000000000853, 96.88094090953881
6.555000000000854, 96.88178632408341
6.556000000000854, 96.88262938290443
6.557000000000854, 96.88347005036665
6.558000000000854, 96.88430829083497
6.559000000000854, 96.88514406867418
6.560000000000855, 96.88597734824917
6.561000000000856, 96.88680809392474
6.562000000000856, 96.88763627006574
6.563000000000856, 96.88846184103704
6.564000000000856, 96.88928477120344
6.5650000000008575, 96.8901050249298
6.566000000000857, 96.89092256658095
6.567000000000857, 96.89173736052176
6.568000000000858, 96.89254937111703
6.569000000000859, 96.89335856273165
6.570000000000858, 96.8941648997304
6.5710000000008595, 96.89496834647814
6.572000000000859, 96.89576886733974
6.57300000000086, 96.89656642668002
6.57400000000086, 96.89736098886384
6.575000000000861, 96.89815251825598
6.57600000000086, 96.89894097922138
6.5770000000008615, 96.89972633612477
6.578000000000861, 96.90050855333106
6.579000000000862, 96.90128759520512
6.580000000000862, 96.90206342611171
6.581000000000862, 96.9028360104157
6.582000000000862, 96.90360531248194
6.5830000000008635, 96.9043712966753
6.584000000000863, 96.90513392736054
6.585000000000863, 96.90589316890257
6.586000000000864, 96.9066489856662
6.587000000000864, 96.90740134201629
6.588000000000864, 96.90815020231767
6.589000000000864, 96.90889553093518
6.590000000000865, 96.90963729223367
6.591000000000866, 96.91037545057794
6.5920000000008665, 96.9111099703329
6.593000000000866, 96.91184081586334
6.594000000000866, 96.9125679515341
6.5950000000008675, 96.91329134171006
6.596000000000867, 96.91401095075602
6.597000000000868, 96.91472674303685
6.598000000000868, 96.91543868291735
6.599000000000868, 96.9161467347624
6.600000000000868, 96.91685086293684
6.601000000000869, 96.9175510318055
6.602000000000869, 96.9182472057332
6.603000000000868, 96.9189393490848
6.60400000000087, 96.91962742622516
6.60500000000087, 96.92031140151907
6.60600000000087, 96.92099123933141
6.607000000000871, 96.92166690402703
6.608000000000871, 96.92233835997072
6.609000000000871, 96.9230055715274
6.610000000000872, 96.92366850306182
6.611000000000872, 96.92432711893888
6.612000000000872, 96.92498138352339
6.6130000000008735, 96.92563126118023
6.614000000000873, 96.9262767162742
6.615000000000874, 96.92691771317014
6.616000000000874, 96.92755421623293
6.617000000000874, 96.92818618982739
6.618000000000874, 96.92881359831836
6.619000000000875, 96.92943640607066
6.620000000000875, 96.93005457744916
6.621000000000876, 96.93066807681868
6.622000000000876, 96.93127686854406
6.623000000000877, 96.93188091699018
6.624000000000876, 96.93248018652181
6.625000000000876, 96.93307464150388
6.626000000000877, 96.93366424630115
6.627000000000877, 96.93424896527851
6.628000000000878, 96.93482876280078
6.629000000000878, 96.93540360323277
6.630000000000878, 96.9359734509394
6.631000000000879, 96.93653827028545
6.632000000000879, 96.93709802563579
6.633000000000879, 96.93765268135522
6.63400000000088, 96.93820220180861
6.63500000000088, 96.9387465513608
6.63600000000088, 96.93928569437664
6.6370000000008815, 96.93981959522095
6.638000000000881, 96.94034821825856
6.639000000000882, 96.94087152785436
6.640000000000882, 96.94138948837315
6.641000000000882, 96.94190206417976
6.642000000000882, 96.94240921963907
6.6430000000008835, 96.9429109191159
6.644000000000883, 96.94340712697512
6.645000000000884, 96.94389780758151
6.646000000000884, 96.94438292529995
6.647000000000884, 96.94486244449526
6.648000000000884, 96.9453363295323
6.649000000000884, 96.94580456959774
6.650000000000886, 96.94626765075921
6.651000000000886, 96.94672651802136
6.652000000000886, 96.94718213360674
6.653000000000887, 96.94763545973795
6.654000000000886, 96.94808745863754
6.6550000000008875, 96.94853909252812
6.656000000000887, 96.94899132363226
6.657000000000887, 96.94944511417256
6.658000000000888, 96.94990142637157
6.659000000000888, 96.95036122245189
6.660000000000888, 96.95082546463608
6.661000000000889, 96.95129511514676
6.662000000000889, 96.9517711362065
6.66300000000089, 96.95225449003784
6.66400000000089, 96.95274613886342
6.665000000000891, 96.95324704490578
6.66600000000089, 96.95375817038752
6.667000000000891, 96.95428047753123
6.668000000000891, 96.95481492855946
6.669000000000892, 96.95536248569482
6.670000000000892, 96.95592411115987
6.671000000000892, 96.95650076717722
6.672000000000892, 96.95709341596942
6.673000000000893, 96.95770301975907
6.674000000000893, 96.95833054076876
6.675000000000893, 96.95897694122102
6.676000000000894, 96.9596431833385
6.677000000000895, 96.96033022934375
6.678000000000894, 96.96103904145937
6.679000000000894, 96.96177058190789
6.680000000000895, 96.96252581291196
6.681000000000895, 96.96330534070665
6.682000000000896, 96.96410835202833
6.683000000000896, 96.9649336798477
6.684000000000896, 96.9657801571356
6.685000000000898, 96.96664661686275
6.686000000000897, 96.96753189199997
6.687000000000898, 96.96843481551801
6.688000000000898, 96.96935422038767
6.689000000000897, 96.97028893957975
6.690000000000898, 96.97123780606496
6.6910000000009, 96.97219965281415
6.692000000000899, 96.97317331279805
6.693000000000899, 96.97415761898749
6.6940000000009, 96.97515140435317
6.695000000000901, 96.97615350186595
6.6960000000009, 96.97716274449655
6.697000000000901, 96.97817796521578
6.698000000000901, 96.97919799699439
6.699000000000902, 96.9802216728032
6.700000000000902, 96.98124782561294
6.701000000000902, 96.98227528839443
6.702000000000902, 96.98330289411845
6.703000000000902, 96.98432947575576
6.704000000000902, 96.98535386627711
6.705000000000904, 96.98637489865332
6.706000000000904, 96.98739140585516
6.707000000000904, 96.98840222085342
6.708000000000904, 96.98940617661884
6.709000000000905, 96.99040210612225
6.710000000000905, 96.99138884233437
6.711000000000905, 96.99236521822603
6.712000000000906, 96.993330066768
6.713000000000906, 96.99428222093103
6.714000000000906, 96.99522051368591
6.715000000000907, 96.99614377800343
6.716000000000907, 96.99705084685435
6.717000000000907, 96.99794055320946
6.718000000000908, 96.99881173003956
6.719000000000908, 96.9996632103154
6.720000000000908, 97.00049382700777
6.721000000000909, 97.00130241308743
6.722000000000909, 97.00208780152519
6.7230000000009085, 97.00284904426897
6.724000000000909, 97.00358617549698
6.725000000000911, 97.0042995046746
6.72600000000091, 97.00498934128086
6.727000000000911, 97.0056559947948
6.728000000000912, 97.00629977469546
6.729000000000911, 97.00692099046188
6.730000000000913, 97.0075199515731
6.731000000000912, 97.00809696750818
6.732000000000912, 97.00865234774611
6.733000000000913, 97.00918640176599
6.734000000000913, 97.00969943904683
6.735000000000913, 97.01019176906763
6.736000000000914, 97.0106637013075
6.737000000000914, 97.01111554524543
6.7380000000009135, 97.01154761036051
6.739000000000915, 97.01196020613173
6.740000000000915, 97.01235364203816
6.741000000000915, 97.01272822755882
6.742000000000916, 97.01308427217276
6.743000000000915, 97.01342208535903
6.744000000000916, 97.01374197659665
6.745000000000918, 97.01404425536465
6.746000000000917, 97.0143292311421
6.747000000000917, 97.01459721340804
6.748000000000918, 97.01484851164149
6.749000000000918, 97.01508343532151
6.750000000000918, 97.01530229392712
6.751000000000919, 97.01550539693736
6.752000000000919, 97.01569305383128
6.753000000000919, 97.0158655740879
6.75400000000092, 97.01602326718631
6.75500000000092, 97.01616644260551
6.75600000000092, 97.01629540982451
6.757000000000922, 97.01641047832241
6.75800000000092, 97.01651195757825
6.7590000000009205, 97.01660015707103
6.760000000000922, 97.01667538627977
6.761000000000923, 97.0167379546836
6.762000000000922, 97.01678817176146
6.763000000000924, 97.01682634699245
6.764000000000923, 97.0168527898556
6.765000000000924, 97.01686780982993
6.766000000000924, 97.01687171639452
6.767000000000924, 97.01686481902838
6.768000000000924, 97.01684742721054
6.769000000000925, 97.01681985042005
6.770000000000925, 97.01678239813597
6.771000000000925, 97.01673537983731
6.772000000000926, 97.01667910500313
6.773000000000926, 97.01661388311247
6.774000000000926, 97.01654002364435
6.775000000000927, 97.01645783607783
6.776000000000927, 97.01636762989195
6.777000000000927, 97.01626971456574
6.778000000000928, 97.0161643995782
6.779000000000928, 97.01605199440846
6.780000000000928, 97.0159328085355
6.781000000000929, 97.01580715143837
6.782000000000929, 97.0156753325961
6.7830000000009285, 97.01553766148774
6.78400000000093, 97.01539444759237
6.785000000000929, 97.01524600038894
6.78600000000093, 97.01509262935657
6.787000000000931, 97.01493464397427
6.788000000000931, 97.01477235372107
6.789000000000932, 97.01460606807603
6.790000000000932, 97.01443609651817
6.791000000000932, 97.01426274852653
6.792000000000932, 97.0140863335802
6.793000000000934, 97.01390716115814
6.794000000000933, 97.01372554073944
6.7950000000009325, 97.01354178180313
6.796000000000934, 97.01335618962105
6.797000000000933, 97.0131688991892
6.798000000000934, 97.01297982034039
6.799000000000935, 97.01278884745348
6.800000000000935, 97.01259587490725
6.801000000000936, 97.0124007970806
6.802000000000935, 97.01220350835231
6.803000000000935, 97.01200390310125
6.804000000000936, 97.01180187570623
6.805000000000938, 97.01159732054606
6.806000000000937, 97.01139013199965
6.807000000000937, 97.01118020444572
6.808000000000938, 97.01096743226319
6.809000000000938, 97.01075170983087
6.810000000000938, 97.01053293152759
6.811000000000938, 97.01031099173218
6.812000000000939, 97.01008578482345
6.813000000000939, 97.00985720518025
6.81400000000094, 97.00962514718142
6.81500000000094, 97.00938950520583
6.81600000000094, 97.00915017363222
6.817000000000941, 97.00890704683948
6.818000000000941, 97.00866001920645
6.819000000000941, 97.00840898511194
6.820000000000942, 97.00815383893476
6.821000000000941, 97.0078944750538
6.822000000000942, 97.00763078784786
6.823000000000942, 97.00736267169576
6.824000000000943, 97.00709002097635
6.825000000000944, 97.00681273006845
6.826000000000944, 97.00653069335091
6.827000000000945, 97.00624380520257
6.828000000000944, 97.0059519600022
6.829000000000945, 97.00565505212872
6.830000000000945, 97.0053529759609
6.8310000000009445, 97.00504562587757
6.832000000000946, 97.00473289625761
6.833000000000946, 97.00441468147982
6.834000000000946, 97.00409087592303
6.835000000000947, 97.00376137396609
6.836000000000947, 97.00342606998781
6.837000000000947, 97.00308485836703
6.838000000000947, 97.0027376334826
6.839000000000948, 97.00238428971332
6.840000000000948, 97.00202472143805
6.841000000000948, 97.00165882303561
6.842000000000949, 97.00128648888482
6.8430000000009485, 97.00090761336453
6.84400000000095, 97.0005220908536
6.845000000000951, 97.00012981573077
6.84600000000095, 96.99973068237496
6.847000000000951, 96.99932458516498
6.848000000000951, 96.99891141847965
6.849000000000951, 96.99849107669782
6.850000000000952, 96.9980634541983
6.851000000000952, 96.99762844535994
6.852000000000952, 96.99718594456154
6.853000000000954, 96.99673584618199
6.854000000000953, 96.99627804460006
6.855000000000953, 96.99581243419463
6.856000000000954, 96.99533890934451
6.857000000000954, 96.99485736442853
6.858000000000954, 96.99436769382552
6.859000000000954, 96.9938697946424
6.860000000000955, 96.99336372636695
6.861000000000955, 96.99284979943015
6.862000000000956, 96.99232834576244
6.863000000000957, 96.99179969729428
6.8640000000009564, 96.99126418595611
6.865000000000958, 96.99072214367837
6.866000000000957, 96.99017390239148
6.867000000000957, 96.98961979402593
6.868000000000958, 96.98906015051212
6.869000000000958, 96.98849530378051
6.8700000000009585, 96.98792558576153
6.871000000000959, 96.98735132838566
6.872000000000959, 96.9867728635833
6.87300000000096, 96.98619052328493
6.87400000000096, 96.98560463942096
6.87500000000096, 96.98501554392182
6.8760000000009605, 96.98442356871801
6.87700000000096, 96.98382904573994
6.878000000000961, 96.98323230691801
6.879000000000961, 96.98263368418273
6.880000000000962, 96.98203350946456
6.881000000000961, 96.98143211469387
6.8820000000009625, 96.98082983180112
6.883000000000964, 96.98022699271678
6.884000000000964, 96.97962392937129
6.885000000000964, 96.97902097369507
6.886000000000965, 96.97841845761857
6.887000000000964, 96.97781671307226
6.8880000000009645, 96.97721607198655
6.889000000000965, 96.97661686629188
6.890000000000965, 96.97601942791871
6.8910000000009655, 96.97542408879748
6.892000000000966, 96.97483118085862
6.893000000000966, 96.9742410360326
6.8940000000009665, 96.97365398624983
6.895000000000968, 96.97307036344078
6.896000000000967, 96.97249049953587
6.8970000000009675, 96.97191472646558
6.898000000000968, 96.97134337616032
6.899000000000968, 96.97077678055055
6.9000000000009685, 96.97021527156667
6.901000000000968, 96.96965918113916
6.902000000000969, 96.96910884119849
6.90300000000097, 96.96856458367503
6.90400000000097, 96.96802674049928
6.905000000000971, 96.96749564360167
6.9060000000009705, 96.96697162491265
6.907000000000971, 96.96645501636264
6.908000000000971, 96.9659461498821
6.9090000000009715, 96.96544535740145
6.910000000000972, 96.96495297085116
6.911000000000972, 96.96446932216165
6.9120000000009725, 96.96399474326338
6.913000000000974, 96.96352956608683
6.914000000000973, 96.96307412256236
6.9150000000009735, 96.96262874462047
6.916000000000974, 96.96219376419155
6.917000000000974, 96.96176951320612
6.9180000000009745, 96.96135632359456
6.919000000000975, 96.96095452728734
6.920000000000975, 96.9605644562149
6.921000000000975, 96.96018644230767
6.922000000000975, 96.95982081749611
6.923000000000977, 96.95946791371065
6.9240000000009765, 96.95912806288173
6.925000000000977, 96.95880159693981
6.926000000000977, 96.95848884781533
6.9270000000009775, 96.95819014743873
6.928000000000978, 96.95790582774043
6.929000000000978, 96.9576362206509
6.9300000000009785, 96.95738165810056
6.931000000000979, 96.95714247201988
6.932000000000979, 96.95691899433928
6.9330000000009795, 96.95671152056046
6.93400000000098, 96.95652004534327
6.93500000000098, 96.95634441506343
6.9360000000009805, 96.95618447505564
6.937000000000981, 96.95604007065452
6.938000000000981, 96.95591104719473
6.9390000000009815, 96.9557972500109
6.940000000000982, 96.95569852443772
6.941000000000981, 96.95561471580979
6.9420000000009825, 96.95554566946177
6.943000000000984, 96.95549123072833
6.944000000000983, 96.95545124494406
6.9450000000009835, 96.95542555744366
6.946000000000984, 96.95541401356178
6.947000000000984, 96.95541645863301
6.9480000000009845, 96.95543273799207
6.949000000000984, 96.95546269697354
6.950000000000985, 96.95550618091211
6.951000000000986, 96.9555630351424
6.952000000000986, 96.95563310499907
6.953000000000986, 96.95571623581678
6.9540000000009865, 96.95581227293015
6.955000000000987, 96.95592106167386
6.956000000000987, 96.95604244738252
6.957000000000988, 96.95617627539076
6.958000000000988, 96.95632239103331
6.959000000000988, 96.95648063964474
6.960000000000988, 96.95665086655974
6.961000000000988, 96.95683291711292
6.962000000000989, 96.95702663663897
6.96300000000099, 96.95723187047247
6.96400000000099, 96.95744846394814
6.96500000000099, 96.95767626240058
6.9660000000009905, 96.95791511116445
6.967000000000992, 96.9581648555744
6.968000000000991, 96.95842534096508
6.9690000000009915, 96.95869641267113
6.970000000000992, 96.95897791602721
6.971000000000992, 96.95926969636795
6.9720000000009925, 96.959571599028
6.973000000000993, 96.95988346934197
6.974000000000993, 96.96020515264459
6.975000000000994, 96.96053649427046
6.976000000000994, 96.96087733955422
6.977000000000994, 96.9612275338305
6.9780000000009945, 96.96158692243398
6.979000000000995, 96.96195535069933
6.980000000000995, 96.96233266396113
6.981000000000995, 96.96271870755407
6.982000000000996, 96.96311332681279
6.983000000000997, 96.96351636707195
6.9840000000009965, 96.96392767366615
6.985000000000998, 96.96434709193007
6.986000000000997, 96.96477446719837
6.9870000000009975, 96.96520964480565
6.988000000000998, 96.96565247008661
6.989000000000998, 96.96610278837588
6.9900000000009985, 96.9665604450081
6.991000000000999, 96.96702528531789
6.992000000000999, 96.96749715463994
6.9930000000009995, 96.96797589830891
6.994000000001, 96.96846136165938
6.995000000001, 96.96895339002602
6.9960000000010005, 96.9694518287435
6.997000000001001, 96.96995652314648
6.998000000001001, 96.97046731856955
6.9990000000010015, 96.9709840603474
7.000000000001002, 96.97150659381468
7.001000000001001, 96.97203476430603
7.0020000000010025, 96.97256841715605
7.003000000001004, 96.97310739769948
7.004000000001003, 96.97365155127086
7.0050000000010035, 96.97420072320492
7.006000000001004, 96.97475475856388
7.007000000001004, 96.97531344259073
7.0080000000010045, 96.97587642602974
7.009000000001005, 96.97644334126525
7.010000000001005, 96.97701382068173
7.0110000000010055, 96.97758749666353
7.012000000001006, 96.97816400159508
7.013000000001006, 96.97874296786071
7.014000000001006, 96.97932402784485
7.015000000001007, 96.9799068139319
7.016000000001007, 96.98049095850627
7.0170000000010075, 96.9810760939523
7.018000000001008, 96.98166185265441
7.019000000001007, 96.982247866997
7.0200000000010085, 96.98283376936446
7.021000000001008, 96.98341919214118
7.02200000000101, 96.98400376771157
7.02300000000101, 96.98458712846
7.02400000000101, 96.98516890677085
7.025000000001011, 96.98574873502857
7.0260000000010105, 96.98632624561749
7.027000000001011, 96.98690107092204
7.028000000001012, 96.98747284332661
7.029000000001012, 96.98804119521559
7.030000000001012, 96.98860575897335
7.031000000001012, 96.98916616698433
7.0320000000010126, 96.98972205163288
7.033000000001013, 96.99027304530343
7.034000000001013, 96.99081878038034
7.0350000000010136, 96.991358889248
7.036000000001014, 96.99189300429086
7.037000000001013, 96.99242075789327
7.0380000000010146, 96.99294178243959
7.039000000001014, 96.99345571031428
7.040000000001014, 96.99396217390168
7.041000000001015, 96.99446080558624
7.042000000001016, 96.99495123775229
7.043000000001017, 96.99543310278428
7.044000000001017, 96.99590603306656
7.045000000001017, 96.99636966098353
7.046000000001017, 96.99682361891962
7.047000000001018, 96.99726753925916
7.048000000001018, 96.99770105438661
7.049000000001018, 96.99812379668631
7.050000000001019, 96.99853539854269
7.051000000001018, 96.99893549234014
7.052000000001019, 96.99932371046303
7.05300000000102, 96.99969968529575
7.05400000000102, 97.00006304922273
7.05500000000102, 97.00041343462834
7.056000000001021, 97.00075047389699
7.057000000001021, 97.00107379941302
7.058000000001021, 97.00138304356088
7.059000000001021, 97.00167783872496
7.060000000001022, 97.00195781728964
7.061000000001021, 97.0022226116393
7.0620000000010235, 97.00247185415833
7.063000000001024, 97.00270517723115
7.064000000001023, 97.00292221324217
7.065000000001024, 97.00312259457573
7.066000000001024, 97.00330595361625
7.067000000001024, 97.0034719227481
7.0680000000010255, 97.00362013435573
7.069000000001025, 97.00375022117201
7.070000000001025, 97.0038620083121
7.071000000001026, 97.00395583214659
7.072000000001026, 97.00403211303089
7.073000000001026, 97.00409127132046
7.074000000001026, 97.00413372737067
7.075000000001027, 97.004159901537
7.076000000001027, 97.0041702141748
7.077000000001028, 97.00416508563951
7.078000000001028, 97.00414493628656
7.079000000001027, 97.00411018647135
7.080000000001029, 97.00406125654932
7.08100000000103, 97.00399856687586
7.082000000001029, 97.00392253780639
7.0830000000010305, 97.00383358969634
7.08400000000103, 97.00373214290111
7.085000000001029, 97.00361861777616
7.086000000001031, 97.00349343467686
7.087000000001032, 97.00335701395862
7.088000000001031, 97.00320977597688
7.089000000001032, 97.00305214108708
7.090000000001032, 97.0028845296446
7.091000000001032, 97.00270736200487
7.092000000001033, 97.0025210585233
7.093000000001033, 97.00232603955531
7.094000000001033, 97.00212272545633
7.095000000001034, 97.00191153658177
7.096000000001034, 97.00169289328703
7.097000000001034, 97.00146721592755
7.098000000001035, 97.00123492485872
7.099000000001034, 97.000996440436
7.100000000001034, 97.00075218301475
7.1010000000010365, 97.00050257295044
7.102000000001037, 97.00024803059846
7.103000000001037, 96.9999889763142
7.104000000001037, 96.99972583045314
7.105000000001037, 96.99945901337065
7.106000000001037, 96.99918894542219
7.107000000001037, 96.99891604696312
7.108000000001039, 96.99864073834888
7.109000000001038, 96.99836343993489
7.110000000001039, 96.99808457207659
7.111000000001039, 96.99780455512938
7.112000000001039, 96.99752380944865
7.11300000000104, 96.99724275538983
7.11400000000104, 96.99696181330837
7.11500000000104, 96.99668140355966
7.116000000001041, 96.9964019464991
7.117000000001041, 96.99612386248212
7.118000000001041, 96.99584757186418
7.1190000000010425, 96.99557349500063
7.120000000001042, 96.99530205224693
7.121000000001043, 96.99503366395847
7.122000000001043, 96.99476875049069
7.123000000001044, 96.994507732199
7.124000000001043, 96.9942510294388
7.125000000001044, 96.99399906256554
7.126000000001044, 96.9937522519346
7.127000000001044, 96.99351101790143
7.128000000001045, 96.99327578082139
7.129000000001045, 96.99304696104998
7.130000000001045, 96.99282497894255
7.131000000001046, 96.99261025485458
7.132000000001046, 96.9924032091414
7.133000000001046, 96.99220426215852
7.134000000001047, 96.99201383426129
7.135000000001047, 96.99183234580515
7.136000000001047, 96.99166021714548
7.1370000000010485, 96.99149786863778
7.138000000001048, 96.99134572063741
7.139000000001047, 96.99120419349977
7.140000000001049, 96.99107370758031
7.14100000000105, 96.99095468323448
7.142000000001049, 96.99084754081761
7.1430000000010505, 96.99075268130261
7.14400000000105, 96.99067017796177
7.14500000000105, 96.99059983102589
7.146000000001051, 96.99054143238935
7.147000000001052, 96.99049477394642
7.148000000001051, 96.99045964759152
7.149000000001052, 96.99043584521891
7.150000000001052, 96.99042315872299
7.151000000001052, 96.99042137999808
7.152000000001053, 96.99043030093847
7.153000000001053, 96.99044971343855
7.154000000001053, 96.99047940939263
7.155000000001054, 96.99051918069509
7.156000000001054, 96.9905688192402
7.157000000001054, 96.99062811692235
7.158000000001055, 96.99069686563585
7.159000000001054, 96.99077485727506
7.160000000001055, 96.99086188373425
7.1610000000010565, 96.99095773690789
7.162000000001057, 96.99106220869018
7.163000000001056, 96.99117509097552
7.164000000001057, 96.99129617565822
7.165000000001057, 96.9914252546327
7.166000000001057, 96.99156211979317
7.167000000001058, 96.99170656303406
7.168000000001058, 96.99185837624967
7.169000000001058, 96.99201735133434
7.170000000001059, 96.99218328018243
7.171000000001059, 96.99235595468824
7.172000000001059, 96.99253516674612
7.17300000000106, 96.99272070825042
7.17400000000106, 96.99291237109547
7.175000000001061, 96.99310994717563
7.176000000001061, 96.99331322838518
7.177000000001062, 96.99352200661849
7.178000000001061, 96.99373607376991
7.179000000001061, 96.99395522173374
7.180000000001062, 96.99417924240437
7.181000000001063, 96.9944079276761
7.182000000001063, 96.99464106944325
7.183000000001064, 96.99487845960019
7.184000000001064, 96.99511989004127
7.185000000001064, 96.9953651526608
7.186000000001064, 96.9956140393531
7.187000000001064, 96.99586634201252
7.188000000001065, 96.99612185253343
7.189000000001064, 96.99638036281014
7.190000000001065, 96.996641664737
7.191000000001066, 96.99690555020831
7.192000000001066, 96.99717181111845
7.193000000001066, 96.99744023936174
7.194000000001067, 96.9977106268325
7.195000000001067, 96.99798276542508
7.196000000001067, 96.99825644703385
7.197000000001067, 96.99853146355309
7.198000000001068, 96.9988076068772
7.199000000001067, 96.99908466890044
7.200000000001069, 96.99936244151723
7.20100000000107, 96.99964071662183
7.202000000001069, 96.99991928610862
7.2030000000010705, 97.00019794187195
7.20400000000107, 97.00047647580612
7.205000000001069, 97.00075467980548
7.206000000001071, 97.00103234576437
7.207000000001071, 97.00130926557712
7.208000000001071, 97.0015852311381
7.209000000001072, 97.00186003434158
7.210000000001072, 97.00213346708196
7.211000000001072, 97.00240532125355
7.212000000001073, 97.00267538875069
7.213000000001072, 97.00294346146774
7.214000000001073, 97.003209331299
7.215000000001074, 97.00347279013882
7.216000000001074, 97.00373362988154
7.217000000001074, 97.00399167305342
7.218000000001075, 97.00424686424904
7.219000000001074, 97.00449917846561
7.220000000001075, 97.00474859070036
7.221000000001077, 97.00499507595048
7.222000000001076, 97.0052386092132
7.223000000001076, 97.00547916548572
7.224000000001077, 97.00571671976525
7.225000000001077, 97.00595124704904
7.226000000001077, 97.00618272233429
7.227000000001078, 97.00641112061817
7.228000000001078, 97.00663641689792
7.229000000001078, 97.00685858617078
7.230000000001079, 97.00707760343394
7.231000000001079, 97.00729344368466
7.232000000001079, 97.00750608192006
7.23300000000108, 97.00771549313744
7.23400000000108, 97.00792165233396
7.23500000000108, 97.00812453450685
7.236000000001081, 97.00832411465335
7.23700000000108, 97.00852036777064
7.238000000001081, 97.00871326885598
7.239000000001081, 97.00890279290653
7.240000000001082, 97.00908891491952
7.241000000001083, 97.00927160989217
7.242000000001084, 97.00945085282171
7.243000000001083, 97.00962661870533
7.244000000001083, 97.00979888254024
7.245000000001085, 97.00996761932369
7.246000000001084, 97.01013280405284
7.247000000001084, 97.01029441172496
7.248000000001085, 97.01045241733723
7.249000000001085, 97.01060679588689
7.250000000001085, 97.01075752237111
7.251000000001086, 97.01090457178715
7.252000000001086, 97.0110479191322
7.253000000001086, 97.01118753940348
7.254000000001087, 97.0113234075982
7.255000000001087, 97.01145549871356
7.256000000001087, 97.01158378774682
7.257000000001087, 97.01170824969515
7.258000000001088, 97.01182885955578
7.2590000000010875, 97.01194559232592
7.260000000001089, 97.01205842300278
7.26100000000109, 97.01216732658361
7.262000000001089, 97.01227227806558
7.26300000000109, 97.0123732524459
7.26400000000109, 97.01247022472184
7.26500000000109, 97.01256316989056
7.266000000001091, 97.01265206294927
7.267000000001091, 97.01273687889524
7.268000000001091, 97.01281759272564
7.269000000001092, 97.01289417943768
7.270000000001092, 97.01296661402861
7.271000000001092, 97.01303487149559
7.272000000001093, 97.0130989268359
7.273000000001093, 97.0131587550467
7.274000000001093, 97.01321433112523
7.275000000001094, 97.01326563006869
7.276000000001094, 97.01331262687431
7.2770000000010935, 97.01335529653929
7.278000000001095, 97.01339361406087
7.279000000001096, 97.01342755443622
7.280000000001095, 97.0134571163337
7.281000000001097, 97.01348241098539
7.282000000001096, 97.01350358304737
7.283000000001096, 97.01352077718109
7.284000000001097, 97.01353413804799
7.285000000001098, 97.01354381030953
7.286000000001097, 97.01354993862716
7.287000000001098, 97.01355266766234
7.288000000001098, 97.0135521420765
7.289000000001098, 97.01354850653111
7.290000000001099, 97.01354190568762
7.291000000001099, 97.01353248420746
7.292000000001099, 97.0135203867521
7.2930000000011, 97.01350575798297
7.2940000000011, 97.01348874256156
7.2950000000010995, 97.01346948514929
7.296000000001101, 97.01344813040761
7.297000000001102, 97.01342482299799
7.298000000001101, 97.01339970758187
7.299000000001103, 97.01337292882069
7.300000000001102, 97.01334463137593
7.301000000001103, 97.01331495990902
7.302000000001103, 97.0132840590814
7.303000000001103, 97.01325207355453
7.304000000001103, 97.01321914798989
7.305000000001104, 97.0131854270489
7.306000000001104, 97.01315105539301
7.3070000000011035, 97.01311617768367
7.308000000001105, 97.01308093858236
7.309000000001105, 97.01304548275048
7.310000000001105, 97.01300995484955
7.311000000001106, 97.01297449954096
7.312000000001106, 97.0129392614862
7.313000000001106, 97.01290438534669
7.314000000001107, 97.01287001578389
7.315000000001107, 97.01283629745924
7.316000000001107, 97.01280337503425
7.317000000001107, 97.0127713931703
7.318000000001108, 97.01274049652888
7.3190000000011075, 97.01271082977141
7.32000000000111, 97.01268253755939
7.321000000001108, 97.01265576455421
7.322000000001109, 97.01263065541735
7.32300000000111, 97.0126073548103
7.32400000000111, 97.01258600739445
7.325000000001111, 97.01256675783128
7.326000000001111, 97.01254975078224
7.327000000001112, 97.01253513090876
7.328000000001111, 97.01252304287232
7.329000000001112, 97.01251363133436
7.330000000001112, 97.01250704095632
7.331000000001113, 97.01250341639967
7.332000000001113, 97.01250290232585
7.333000000001113, 97.0125056433963
7.334000000001113, 97.01251178427249
7.335000000001114, 97.01252146961588
7.336000000001114, 97.01253484408787
7.3370000000011135, 97.01255205234996
7.338000000001114, 97.0125732390636
7.339000000001116, 97.01259854889021
7.340000000001115, 97.01262812649128
7.341000000001116, 97.01266211652822
7.342000000001116, 97.01270066366251
7.343000000001116, 97.01274391255559
7.344000000001117, 97.01279200786891
7.345000000001117, 97.01284509426392
7.346000000001117, 97.01290331640209
7.347000000001117, 97.01296681894485
7.348000000001118, 97.01303574655363
7.349000000001118, 97.01311024388993
7.350000000001119, 97.01319045561517
7.351000000001119, 97.01327652639081
7.352000000001119, 97.0133686008783
7.35300000000112, 97.01346682185265
7.35400000000112, 97.01357124601687
7.35500000000112, 97.0136818102807
7.356000000001121, 97.01379844269118
7.35700000000112, 97.0139210712954
7.358000000001121, 97.0140496241404
7.359000000001123, 97.01418402927331
7.360000000001122, 97.01432421474121
7.361000000001123, 97.01447010859114
7.362000000001123, 97.01462163887021
7.363000000001123, 97.01477873362545
7.364000000001123, 97.014941320904
7.365000000001124, 97.0151093287529
7.366000000001124, 97.01528268521922
7.367000000001124, 97.01546131835009
7.368000000001125, 97.0156451561925
7.369000000001125, 97.01583412679362
7.370000000001125, 97.01602815820047
7.371000000001126, 97.01622717846017
7.372000000001126, 97.01643111561972
7.3730000000011255, 97.0166398977263
7.374000000001127, 97.01685345282691
7.375000000001127, 97.01707170896866
7.376000000001127, 97.01729459419862
7.377000000001127, 97.01752203656386
7.378000000001128, 97.01775396411146
7.379000000001129, 97.01799030488856
7.380000000001129, 97.01823098694216
7.381000000001129, 97.01847593831934
7.382000000001129, 97.0187250870672
7.383000000001131, 97.01897836123285
7.38400000000113, 97.01923568886326
7.38500000000113, 97.01949699800565
7.386000000001131, 97.01976221670701
7.387000000001132, 97.02003127301442
7.388000000001131, 97.020304094975
7.389000000001132, 97.02058061063579
7.390000000001132, 97.02086074804387
7.391000000001132, 97.02114443524636
7.392000000001133, 97.02143160029028
7.393000000001133, 97.02172217122273
7.394000000001133, 97.02201607609081
7.395000000001134, 97.02231324294156
7.396000000001133, 97.02261359982208
7.397000000001134, 97.02291707477946
7.398000000001135, 97.02322359586074
7.399000000001136, 97.02353309111302
7.4000000000011354, 97.02384548858338
7.401000000001136, 97.02416071631892
7.402000000001136, 97.02447870236666
7.403000000001136, 97.0247993747737
7.404000000001137, 97.02512266158716
7.405000000001137, 97.02544849085407
7.4060000000011375, 97.02577679062153
7.407000000001138, 97.02610748893659
7.408000000001138, 97.02644051384638
7.409000000001139, 97.02677579339792
7.410000000001139, 97.02711325563834
7.411000000001139, 97.02745282861467
7.4120000000011395, 97.02779444037401
7.41300000000114, 97.02813801896343
7.414000000001139, 97.02848349243003
7.4150000000011405, 97.02883078882088
7.416000000001141, 97.029179836183
7.417000000001142, 97.02953056256356
7.4180000000011415, 97.02988289600961
7.419000000001143, 97.03023676456819
7.420000000001142, 97.03059209628638
7.421000000001143, 97.03094881921132
7.422000000001143, 97.03130686139002
7.423000000001143, 97.0316661508696
7.424000000001144, 97.03202661569712
7.425000000001144, 97.03238818391964
7.426000000001144, 97.03275078358425
7.427000000001145, 97.03311431757322
7.428000000001145, 97.03347850589167
7.429000000001145, 97.03384298777874
7.430000000001145, 97.03420740211766
7.431000000001146, 97.03457138779164
7.432000000001146, 97.03493458368393
7.433000000001147, 97.0352966286777
7.434000000001147, 97.0356571616562
7.435000000001146, 97.03601582150264
7.4360000000011475, 97.03637224710026
7.437000000001147, 97.0367260773322
7.438000000001148, 97.03707695108176
7.439000000001149, 97.03742450723209
7.44000000000115, 97.03776838466646
7.441000000001148, 97.03810822226808
7.4420000000011495, 97.03844365892012
7.44300000000115, 97.03877433350586
7.44400000000115, 97.03909988490847
7.44500000000115, 97.03941995201117
7.446000000001151, 97.0397341736972
7.447000000001151, 97.04004218884977
7.4480000000011515, 97.04034363635209
7.449000000001152, 97.0406381550874
7.450000000001152, 97.04092538393884
7.4510000000011525, 97.04120496178972
7.452000000001152, 97.04147652752322
7.453000000001153, 97.04173972002253
7.4540000000011535, 97.04199417817091
7.455000000001153, 97.04223954085153
7.456000000001154, 97.04247544694768
7.457000000001154, 97.04270153534252
7.458000000001155, 97.04291744491928
7.459000000001156, 97.04312281456113
7.460000000001156, 97.04331728315137
7.461000000001156, 97.04350048957316
7.462000000001156, 97.04367207270975
7.4630000000011565, 97.04383167144434
7.464000000001157, 97.04397892466014
7.465000000001156, 97.04411347124037
7.4660000000011575, 97.04423495006826
7.467000000001157, 97.04434300002703
7.468000000001158, 97.04443725999987
7.469000000001158, 97.04451736886998
7.470000000001159, 97.04458296552065
7.471000000001158, 97.04463368883502
7.4720000000011595, 97.04466917769636
7.47300000000116, 97.04468907098787
7.47400000000116, 97.04469300759277
7.47500000000116, 97.04468062639424
7.476000000001161, 97.04465156627555
7.47700000000116, 97.04460546611989
7.4780000000011615, 97.04454196481048
7.479000000001163, 97.04446070123052
7.480000000001162, 97.04436131426324
7.4810000000011625, 97.0442434427919
7.482000000001163, 97.04410672569962
7.483000000001163, 97.04395080186971
7.4840000000011635, 97.04377531018534
7.485000000001164, 97.04357988952974
7.486000000001164, 97.04336417878612
7.4870000000011645, 97.0431278168377
7.488000000001165, 97.04287044256768
7.489000000001165, 97.0425916948593
7.490000000001165, 97.04229127980123
7.491000000001166, 97.04196949538473
7.492000000001165, 97.04162694734622
7.4930000000011665, 97.0412642440558
7.494000000001167, 97.0408819938835
7.495000000001166, 97.0404808051994
7.496000000001167, 97.04006128637347
7.497000000001167, 97.03962404577584
7.498000000001168, 97.03916969177651
7.499000000001169, 97.03869883274557
7.500000000001169, 97.03821207705299
7.501000000001169, 97.0377100330689
7.5020000000011695, 97.03719330916333
7.503000000001171, 97.0366625137063
7.50400000000117, 97.03611825506788
7.5050000000011705, 97.03556114161813
7.506000000001171, 97.03499178172704
7.507000000001171, 97.03441078376471
7.5080000000011715, 97.03381875610121
7.509000000001173, 97.03321630710653
7.510000000001172, 97.03260404515075
7.5110000000011725, 97.0319825786039
7.512000000001173, 97.03135251583605
7.513000000001173, 97.03071446521723
7.5140000000011735, 97.0300690351175
7.515000000001175, 97.02941683390691
7.516000000001174, 97.02875846995552
7.517000000001175, 97.02809455163333
7.518000000001175, 97.02742568731044
7.519000000001176, 97.02675248535688
7.520000000001176, 97.02607555414268
7.521000000001176, 97.02539550203791
7.522000000001176, 97.0247129374126
7.523000000001176, 97.02402846863681
7.524000000001177, 97.02334270408062
7.525000000001176, 97.02265625211403
7.5260000000011775, 97.02196972110711
7.527000000001178, 97.02128371942989
7.528000000001178, 97.02059885545243
7.5290000000011785, 97.01991573754478
7.530000000001179, 97.019234974077
7.531000000001179, 97.01855717341911
7.5320000000011795, 97.0178829439412
7.53300000000118, 97.01721289401328
7.53400000000118, 97.0165476320054
7.53500000000118, 97.01588776628763
7.536000000001181, 97.01523390523
7.53700000000118, 97.01458665720257
7.5380000000011815, 97.01394663057539
7.539000000001183, 97.0133144337185
7.540000000001182, 97.01269067500195
7.5410000000011825, 97.01207596279576
7.542000000001183, 97.01147090547006
7.543000000001183, 97.01087611139481
7.5440000000011835, 97.01029218894008
7.545000000001184, 97.00971974647595
7.546000000001184, 97.00915939237245
7.5470000000011845, 97.00861173499963
7.548000000001185, 97.00807738272754
7.549000000001184, 97.0075569439262
7.550000000001185, 97.00705102696571
7.551000000001186, 97.00656024021606
7.552000000001186, 97.00608519204734
7.553000000001186, 97.0056264908296
7.554000000001187, 97.00518474493286
7.555000000001186, 97.00476056272721
7.5560000000011875, 97.00435455258264
7.557000000001187, 97.00396732286924
7.558000000001188, 97.00359948195704
7.559000000001188, 97.00325163821613
7.56000000000119, 97.00292440001648
7.561000000001189, 97.0026183757282
7.56200000000119, 97.00233417372132
7.56300000000119, 97.00207240161693
7.56400000000119, 97.00183345250313
7.56500000000119, 97.00161721001342
7.566000000001191, 97.00142348380732
7.567000000001191, 97.00125208354433
7.5680000000011916, 97.00110281888405
7.569000000001192, 97.00097549948596
7.570000000001192, 97.00086993500958
7.5710000000011926, 97.0007859351145
7.572000000001193, 97.00072330946017
7.573000000001192, 97.00068186770619
7.574000000001193, 97.00066141951207
7.575000000001193, 97.00066177453729
7.576000000001194, 97.00068274244147
7.5770000000011954, 97.00072413288409
7.578000000001195, 97.00078575552467
7.579000000001194, 97.00086742002276
7.580000000001196, 97.0009689360379
7.581000000001196, 97.0010901132296
7.582000000001197, 97.00123076125737
7.583000000001197, 97.00139068978079
7.584000000001197, 97.00156970845939
7.585000000001198, 97.00176762695266
7.586000000001198, 97.00198425492016
7.587000000001197, 97.00221940202138
7.588000000001198, 97.00247287791589
7.589000000001199, 97.00274449226325
7.590000000001199, 97.00303405472289
7.591000000001199, 97.00334137495445
7.5920000000012, 97.00366626261737
7.5930000000012, 97.00400852737124
7.5940000000012, 97.00436797887559
7.5950000000012, 97.00474442678991
7.596000000001201, 97.00513768077376
7.5970000000012, 97.00554755048665
7.598000000001202, 97.00597384558819
7.599000000001201, 97.00641637573776
7.600000000001202, 97.00687495059503
7.601000000001203, 97.00734937981946
7.602000000001203, 97.00783947307059
7.603000000001204, 97.00834504000797
7.604000000001204, 97.0088658902911
7.605000000001204, 97.00940183357955
7.606000000001204, 97.00995267953279
7.607000000001205, 97.01051823781043
7.608000000001205, 97.01109831807194
7.609000000001205, 97.01169272997687
7.610000000001206, 97.01230128318475
7.611000000001206, 97.0129237873551
7.612000000001206, 97.01356005214748
7.613000000001207, 97.01420988722141
7.614000000001207, 97.01487310223641
7.615000000001206, 97.01554950685198
7.616000000001208, 97.0162389107277
7.617000000001209, 97.01694112352308
7.618000000001208, 97.01765595489768
7.619000000001209, 97.01838321451098
7.620000000001209, 97.01912271202252
7.62100000000121, 97.01987425709186
7.62200000000121, 97.02063765937855
7.62300000000121, 97.02141272854205
7.62400000000121, 97.02219927424191
7.625000000001211, 97.0229971061377
7.626000000001211, 97.02380603388892
7.627000000001211, 97.02462586715512
7.628000000001212, 97.0254564155958
7.629000000001212, 97.02629748887051
7.630000000001212, 97.02714889663879
7.631000000001213, 97.02801044856018
7.632000000001212, 97.02888195429416
7.633000000001213, 97.0297632235003
7.634000000001214, 97.0306540658381
7.635000000001213, 97.03155429096714
7.636000000001215, 97.03246370854691
7.637000000001214, 97.03338211969331
7.638000000001215, 97.03430920225706
7.639000000001215, 97.03524454148462
7.640000000001216, 97.03618772036886
7.641000000001216, 97.03713832190256
7.642000000001216, 97.03809592907854
7.643000000001216, 97.03906012488957
7.644000000001217, 97.04003049232851
7.645000000001217, 97.04100661438812
7.646000000001218, 97.04198807406127
7.647000000001218, 97.04297445434068
7.648000000001218, 97.04396533821924
7.649000000001219, 97.04496030868965
7.650000000001218, 97.04595894874484
7.651000000001219, 97.04696084137754
7.65200000000122, 97.04796556958058
7.653000000001219, 97.04897271634675
7.65400000000122, 97.04998186466888
7.65500000000122, 97.05099259753973
7.656000000001221, 97.05200449795217
7.657000000001222, 97.05301714889897
7.658000000001222, 97.05403013337293
7.659000000001222, 97.05504303436688
7.660000000001222, 97.0560554348736
7.661000000001223, 97.05706691788593
7.662000000001223, 97.05807706639665
7.663000000001223, 97.05908546339857
7.664000000001224, 97.06009169188448
7.665000000001224, 97.06109533484724
7.666000000001224, 97.0620959752796
7.667000000001225, 97.06309319617438
7.668000000001225, 97.06408658052439
7.669000000001225, 97.06507571132246
7.670000000001226, 97.06606017156136
7.671000000001226, 97.06703954423391
7.672000000001226, 97.06801341233293
7.673000000001226, 97.0689813588512
7.674000000001227, 97.06994296678154
7.675000000001226, 97.07089781911677
7.676000000001228, 97.07184549884968
7.677000000001229, 97.07278558897308
7.678000000001229, 97.07371767247979
7.679000000001229, 97.07464133236255
7.680000000001229, 97.07555615161426
7.681000000001229, 97.07646171322769
7.68200000000123, 97.07735760019561
7.683000000001231, 97.07824339551088
7.68400000000123, 97.07911868216628
7.685000000001231, 97.07998304315461
7.686000000001231, 97.08083606146869
7.687000000001231, 97.0816773201013
7.688000000001232, 97.08250640204528
7.689000000001231, 97.08332289029343
7.690000000001232, 97.08412636783855
7.691000000001233, 97.08491641767345
7.692000000001233, 97.0856926227909
7.693000000001232, 97.08645456618378
7.694000000001234, 97.08720183084483
7.695000000001233, 97.08793399976689
7.696000000001234, 97.08865065594274
7.6970000000012355, 97.08935138236521
7.698000000001236, 97.09003576202713
7.699000000001235, 97.09070337792124
7.700000000001236, 97.09135384995051
7.701000000001236, 97.09198747517952
7.702000000001236, 97.09260514425651
7.703000000001237, 97.09320776793332
7.704000000001237, 97.09379625696175
7.705000000001237, 97.09437152209362
7.706000000001238, 97.09493447408074
7.707000000001238, 97.09548602367497
7.708000000001238, 97.09602708162805
7.709000000001239, 97.09655855869188
7.710000000001239, 97.09708136561825
7.711000000001239, 97.09759641315893
7.71200000000124, 97.09810461206578
7.713000000001239, 97.09860687309065
7.71400000000124, 97.09910410698528
7.7150000000012415, 97.09959722450154
7.716000000001241, 97.10008713639122
7.717000000001242, 97.10057475340618
7.718000000001242, 97.10106098629817
7.719000000001242, 97.10154674581905
7.720000000001242, 97.10203294272065
7.721000000001243, 97.10252048775477
7.722000000001243, 97.10301029167321
7.723000000001244, 97.1035032652278
7.724000000001244, 97.10400031917037
7.725000000001244, 97.10450236425272
7.726000000001244, 97.10501031122669
7.727000000001245, 97.10552507084408
7.728000000001245, 97.1060475538567
7.729000000001245, 97.10657867101636
7.730000000001246, 97.10711933307493
7.731000000001246, 97.10767045078418
7.732000000001246, 97.10823293489592
7.733000000001246, 97.10880769616199
7.734000000001247, 97.1093956453342
7.735000000001248, 97.10999769316439
7.736000000001248, 97.11061475040434
7.737000000001249, 97.1112477278059
7.738000000001248, 97.11189753612085
7.739000000001249, 97.11256508610103
7.740000000001249, 97.11325128849826
7.741000000001249, 97.11395705406436
7.74200000000125, 97.11468329355112
7.74300000000125, 97.11543091771041
7.74400000000125, 97.11620083729399
7.745000000001251, 97.1169939630537
7.746000000001251, 97.11781120574136
7.74700000000125, 97.11865347610879
7.748000000001252, 97.11952168490782
7.749000000001251, 97.12041674289021
7.750000000001252, 97.12133956080785
7.751000000001253, 97.12229104941252
7.752000000001253, 97.12327211945605
7.7530000000012524, 97.12428368169022
7.754000000001254, 97.12532664686688
7.755000000001255, 97.12640192573785
7.756000000001254, 97.12751042905495
7.757000000001256, 97.12865306756999
7.758000000001255, 97.12983075203476
7.759000000001256, 97.13104439320114
7.760000000001256, 97.13229490182087
7.761000000001256, 97.13358318864582
7.762000000001256, 97.1349101644278
7.763000000001257, 97.13627666310796
7.764000000001257, 97.13768168083517
7.765000000001257, 97.13912233554854
7.766000000001258, 97.14059566029172
7.767000000001258, 97.1420986881085
7.768000000001258, 97.14362845204262
7.769000000001259, 97.14518198513774
7.770000000001259, 97.14675632043762
7.771000000001259, 97.14834849098601
7.77200000000126, 97.14995552982658
7.773000000001261, 97.15157447000314
7.77400000000126, 97.15320234455935
7.775000000001262, 97.15483618653896
7.776000000001261, 97.1564730289857
7.777000000001262, 97.15810990494329
7.778000000001263, 97.15974384745547
7.779000000001262, 97.16137188956596
7.780000000001262, 97.16299106431846
7.781000000001264, 97.16459840475675
7.782000000001263, 97.16619094392452
7.783000000001264, 97.16776571486551
7.784000000001264, 97.16931975062344
7.785000000001265, 97.17085008424205
7.786000000001264, 97.17235374876503
7.787000000001265, 97.17382777723617
7.788000000001265, 97.17526920269916
7.7890000000012645, 97.17667505819772
7.790000000001266, 97.17804237677558
7.791000000001266, 97.1793681914765
7.792000000001266, 97.18064953534416
7.793000000001266, 97.18188344142233
7.794000000001267, 97.1830669427547
7.7950000000012665, 97.18419762013013
7.796000000001268, 97.18527550818627
7.797000000001267, 97.18630132843796
7.798000000001269, 97.18727580243302
7.799000000001269, 97.18819965171936
7.800000000001269, 97.18907359784484
7.8010000000012685, 97.18989836235738
7.80200000000127, 97.19067466680482
7.80300000000127, 97.19140323273504
7.80400000000127, 97.19208478169594
7.805000000001271, 97.19272003523534
7.806000000001271, 97.19330971490116
7.807000000001272, 97.19385454224127
7.808000000001271, 97.19435523880355
7.809000000001272, 97.19481252613583
7.810000000001272, 97.19522712578606
7.811000000001273, 97.19559975930207
7.812000000001273, 97.19593114823175
7.8130000000012725, 97.19622201412295
7.814000000001275, 97.19647307852358
7.815000000001275, 97.1966850629815
7.816000000001274, 97.19685868904459
7.817000000001275, 97.19699467826072
7.818000000001275, 97.19709375217775
7.819000000001275, 97.1971566323436
7.820000000001276, 97.19718404030611
7.821000000001277, 97.19717669761316
7.822000000001276, 97.19713532581262
7.823000000001276, 97.19706064645243
7.824000000001277, 97.19695338108036
7.825000000001277, 97.19681425124436
7.826000000001278, 97.1966439784923
7.827000000001277, 97.19644328437201
7.828000000001278, 97.19621289043141
7.829000000001279, 97.19595351821835
7.830000000001279, 97.19566588928073
7.831000000001279, 97.19535072516643
7.83200000000128, 97.19500874742329
7.833000000001279, 97.1946406775992
7.83400000000128, 97.19424723724207
7.835000000001282, 97.1938291478997
7.836000000001281, 97.19338713112002
7.8370000000012805, 97.19292190845094
7.838000000001282, 97.19243420144025
7.839000000001281, 97.19192473163591
7.840000000001283, 97.1913942205857
7.841000000001283, 97.19084338983761
7.842000000001283, 97.19027296093942
7.843000000001283, 97.18968365543904
7.844000000001284, 97.18907619488438
7.845000000001284, 97.18845130082326
7.846000000001284, 97.18780969480359
7.847000000001285, 97.18715209837325
7.848000000001285, 97.18647923308008
7.849000000001285, 97.18579182047198
7.850000000001286, 97.18509058209682
7.851000000001286, 97.18437623950246
7.852000000001286, 97.18364951423682
7.853000000001286, 97.18291112784775
7.854000000001287, 97.18216180188313
7.855000000001288, 97.18140225789082
7.856000000001288, 97.18063321741872
7.857000000001288, 97.17985540201468
7.858000000001288, 97.1790695332266
7.859000000001288, 97.17827633260232
7.860000000001289, 97.17747652168977
7.86100000000129, 97.17667082203678
7.86200000000129, 97.17585995519126
7.86300000000129, 97.17504464270105
7.86400000000129, 97.17422560611405
7.865000000001291, 97.17340356697814
7.866000000001291, 97.17257924684118
7.8670000000012905, 97.17175336725104
7.868000000001292, 97.17092664975561
7.869000000001292, 97.17009981590276
7.870000000001292, 97.16927358724038
7.871000000001294, 97.16844868531632
7.872000000001293, 97.16762583167846
7.873000000001294, 97.1668057478747
7.874000000001294, 97.16598915545292
7.875000000001295, 97.16517677596097
7.876000000001294, 97.16436933094671
7.877000000001295, 97.16356754195806
7.878000000001295, 97.16277213054285
7.879000000001295, 97.161983818249
7.880000000001296, 97.16120332662436
7.881000000001296, 97.16043137721682
7.882000000001296, 97.15966869157423
7.883000000001298, 97.15891599124451
7.884000000001297, 97.15817399777549
7.885000000001297, 97.15744343271507
7.886000000001298, 97.1567250176111
7.887000000001298, 97.1560194740115
7.888000000001298, 97.15532752346411
7.889000000001299, 97.15464988751681
7.890000000001299, 97.1539872877175
7.8910000000012985, 97.15334044561403
7.8920000000013, 97.15271008275431
7.893000000001299, 97.15209692068618
7.8940000000013, 97.15150168095751
7.895000000001302, 97.15092508511619
7.896000000001301, 97.15036785471011
7.897000000001301, 97.14983071128714
7.898000000001302, 97.14931437639513
7.899000000001302, 97.14881957158198
7.900000000001302, 97.14834701839557
7.901000000001303, 97.14789743838377
7.902000000001303, 97.14747155309445
7.903000000001303, 97.14707008407547
7.904000000001304, 97.14669375287474
7.905000000001303, 97.1463432810401
7.906000000001304, 97.14601939011946
7.907000000001305, 97.1457228016607
7.908000000001305, 97.14545423721165
7.909000000001305, 97.14521441832024
7.910000000001306, 97.14500406653431
7.911000000001305, 97.14482390340171
7.912000000001306, 97.14467465047039
7.913000000001308, 97.14455702928817
7.914000000001307, 97.14447176140295
7.915000000001308, 97.1444195683626
7.916000000001308, 97.14440117171499
7.917000000001309, 97.14441729300798
7.918000000001308, 97.14446865378949
7.919000000001309, 97.14455597560735
7.920000000001309, 97.14467998000947
7.921000000001309, 97.14484138854371
7.92200000000131, 97.14504092275794
7.92300000000131, 97.14527930420005
7.92400000000131, 97.14555725441791
7.925000000001311, 97.14587549495938
7.926000000001311, 97.14623474737238
7.927000000001311, 97.14663573320473
7.928000000001312, 97.14707917400435
7.929000000001312, 97.14756579131908
7.9300000000013116, 97.14809630669683
7.931000000001312, 97.14867144168544
7.932000000001313, 97.14929191783284
7.933000000001314, 97.14995845668683
7.934000000001314, 97.15067177979536
7.935000000001315, 97.15143260870626
7.9360000000013144, 97.15224166496743
7.937000000001314, 97.15309967012671
7.938000000001315, 97.15400734573201
7.939000000001316, 97.1549654133312
7.940000000001316, 97.15597459447216
7.941000000001315, 97.15703561070274
7.9420000000013165, 97.15814918357084
7.943000000001318, 97.15931603462433
7.944000000001317, 97.16053688541108
7.945000000001317, 97.16181245747897
7.946000000001317, 97.16314347237589
7.947000000001318, 97.16453065164968
7.948000000001318, 97.16597471684824
7.949000000001319, 97.16747638951946
7.950000000001319, 97.1690363912112
7.951000000001319, 97.1706554434713
7.95200000000132, 97.17233424871888
7.953000000001321, 97.17407219688592
7.9540000000013205, 97.17586654269266
7.95500000000132, 97.17771434486976
7.956000000001321, 97.17961266214789
7.9570000000013215, 97.18155855325772
7.958000000001322, 97.18354907692985
7.959000000001323, 97.18558129189498
7.9600000000013225, 97.18765225688371
7.961000000001322, 97.18975903062673
7.962000000001323, 97.19189867185469
7.963000000001324, 97.19406823929825
7.964000000001324, 97.19626479168801
7.965000000001323, 97.19848538775467
7.966000000001324, 97.20072708622884
7.967000000001326, 97.20298694584122
7.968000000001325, 97.20526202532243
7.9690000000013255, 97.20754938340313
7.970000000001326, 97.20984607881397
7.971000000001325, 97.21214917028558
7.9720000000013265, 97.21445571654864
7.973000000001328, 97.2167627763338
7.974000000001327, 97.21906740837169
7.9750000000013275, 97.22136667139299
7.976000000001328, 97.2236576241283
7.977000000001328, 97.22593732530831
7.9780000000013285, 97.22820283366369
7.979000000001329, 97.23045120792503
7.980000000001329, 97.23267950682303
7.9810000000013295, 97.23488478908835
7.98200000000133, 97.2370641134516
7.98300000000133, 97.23921453864344
7.9840000000013305, 97.24133336819241
7.985000000001331, 97.24341979926567
7.986000000001331, 97.2454739119661
7.987000000001332, 97.24749579134922
7.988000000001332, 97.24948552247047
7.989000000001331, 97.25144319038536
7.9900000000013325, 97.25336888014934
7.991000000001332, 97.25526267681789
7.992000000001332, 97.25712466544647
7.993000000001334, 97.25895493109057
7.994000000001334, 97.26075355880566
7.995000000001334, 97.26252063364718
7.9960000000013345, 97.26425624067066
7.997000000001335, 97.26596046493155
7.998000000001335, 97.2676333914853
7.9990000000013355, 97.26927510538741
8.000000000001336, 97.27088569169334
8.001000000001335, 97.27246523545855
8.002000000001335, 97.27401382173855
8.003000000001334, 97.27553153558877
8.004000000001334, 97.27701846206473
8.005000000001333, 97.27847468622187
8.006000000001332, 97.27990029311569
8.007000000001332, 97.28129536780159
8.008000000001331, 97.28265999533514
8.00900000000133, 97.28399426077176
8.01000000000133, 97.28529824916694
8.01100000000133, 97.28657204557615
8.01200000000133, 97.28781573505485
8.013000000001329, 97.28902940265851
8.014000000001328, 97.29021313344265
8.015000000001328, 97.29136701246269
8.016000000001327, 97.2924911247741
8.017000000001326, 97.2935855554324
8.018000000001326, 97.29465038949303
8.019000000001325, 97.29568571201149
8.020000000001325, 97.29669160804319
8.021000000001324, 97.29766816264369
8.022000000001324, 97.2986154608684
8.023000000001323, 97.29953358777281
8.024000000001323, 97.30042262841239
8.025000000001322, 97.30128266784263
8.026000000001321, 97.302113791119
8.02700000000132, 97.30291608329694
8.02800000000132, 97.30368962943196
8.02900000000132, 97.30443451457953
8.03000000000132, 97.3051508237951
8.031000000001319, 97.30583864213416
8.032000000001318, 97.30649805465217
8.033000000001318, 97.30712914640463
8.034000000001317, 97.307732002447
8.035000000001316, 97.30830670783475
8.036000000001316, 97.30885334762333
8.037000000001317, 97.30937200686822
8.038000000001315, 97.30986277062493
8.039000000001314, 97.3103257239489
8.040000000001314, 97.31076095189563
8.041000000001313, 97.31116853952058
8.042000000001313, 97.3115485718792
8.043000000001312, 97.31190113402701
8.044000000001311, 97.31222631101943
8.04500000000131, 97.31252418791196
8.04600000000131, 97.31279484976008
8.04700000000131, 97.31303838161925
8.04800000000131, 97.31325486854494
8.049000000001309, 97.31344439559265
8.050000000001308, 97.31360704781783
8.051000000001308, 97.31374291027595
8.052000000001307, 97.31385206802248
8.053000000001308, 97.3139346061129
8.054000000001306, 97.31399060960271
8.055000000001305, 97.31402016354735
8.056000000001305, 97.31402335300231
8.057000000001304, 97.31400026429479
8.058000000001304, 97.31395120232644
8.059000000001301, 97.31387693670783
8.060000000001303, 97.3137782965168
8.061000000001302, 97.31365611083116
8.062000000001301, 97.31351120872873
8.0630000000013, 97.31334441928733
8.0640000000013, 97.31315657158478
8.0650000000013, 97.3129484946989
8.0660000000013, 97.31272101770753
8.067000000001299, 97.31247496968845
8.068000000001298, 97.31221117971951
8.069000000001296, 97.3119304768785
8.070000000001297, 97.3116336902433
8.071000000001296, 97.31132164889166
8.072000000001296, 97.31099518190143
8.073000000001295, 97.31065511835044
8.074000000001295, 97.31030228731652
8.075000000001294, 97.3099375178774
8.076000000001294, 97.30956163911102
8.077000000001293, 97.30917548009513
8.078000000001293, 97.30877986990757
8.07900000000129, 97.30837563762616
8.080000000001291, 97.30796361232873
8.081000000001293, 97.30754462309307
8.08200000000129, 97.30711949899701
8.08300000000129, 97.3066890691184
8.08400000000129, 97.30625416253503
8.085000000001289, 97.30581560832472
8.086000000001288, 97.3053742355653
8.087000000001288, 97.30493087333458
8.088000000001287, 97.30448635071035
8.089000000001285, 97.30404149677052
8.090000000001286, 97.30359714059283
8.091000000001285, 97.30315411125513
8.092000000001285, 97.30271323783522
8.093000000001284, 97.30227534941095
8.094000000001284, 97.3018412750601
8.095000000001283, 97.30141184386052
8.096000000001283, 97.30098788489005
8.097000000001282, 97.30057022722643
8.098000000001282, 97.30015969994759
8.099000000001281, 97.29975713213126
8.10000000000128, 97.29936335285528
8.101000000001278, 97.2989791911975
8.10200000000128, 97.2986054762357
8.10300000000128, 97.29824303704775
8.104000000001278, 97.29789270271142
8.105000000001278, 97.29755530230457
8.106000000001277, 97.29723166490498
8.107000000001278, 97.29692261959048
8.108000000001276, 97.29662899543892
8.109000000001274, 97.29635162152809
8.110000000001275, 97.29609132693582
8.111000000001274, 97.29584894073994
8.112000000001274, 97.29562529201823
8.113000000001273, 97.29542120984856
8.114000000001273, 97.29523752330869
8.115000000001272, 97.29507506147652
8.116000000001272, 97.2949346534298
8.117000000001271, 97.2948171282464
8.11800000000127, 97.29472331500409
8.11900000000127, 97.29465404278073
8.12000000000127, 97.29461014000644
8.121000000001269, 97.29459218465992
8.122000000001268, 97.29460012626816
8.123000000001268, 97.29463381736177
8.124000000001267, 97.29469311047139
8.125000000001267, 97.29477785812757
8.126000000001266, 97.29488791286097
8.127000000001265, 97.29502312720221
8.128000000001265, 97.29518335368185
8.129000000001266, 97.29536844483053
8.130000000001264, 97.29557825317887
8.131000000001263, 97.29581263125745
8.132000000001263, 97.29607143159693
8.133000000001262, 97.29635450672785
8.134000000001262, 97.29666170918088
8.135000000001261, 97.29699289148662
8.13600000000126, 97.29734790617566
8.137000000001258, 97.2977266057786
8.13800000000126, 97.2981288428261
8.13900000000126, 97.29855446984872
8.140000000001258, 97.29900333937712
8.141000000001258, 97.29947530394188
8.142000000001257, 97.29997021607359
8.143000000001257, 97.30048792830289
8.144000000001256, 97.30102829316041
8.145000000001255, 97.30159116317671
8.146000000001255, 97.30217639088242
8.147000000001254, 97.30278382880816
8.148000000001254, 97.30341332948456
8.149000000001253, 97.30406474544218
8.150000000001253, 97.30473792921167
8.151000000001254, 97.3054327333236
8.152000000001252, 97.30614901030863
8.153000000001251, 97.30688661269734
8.15400000000125, 97.30764539302035
8.15500000000125, 97.30842520380828
8.15600000000125, 97.30922589759172
8.157000000001249, 97.3100473269013
8.158000000001248, 97.31088934426762
8.159000000001248, 97.31175180222128
8.160000000001247, 97.3126345532929
8.161000000001247, 97.31353745001307
8.162000000001246, 97.31446034491248
8.163000000001245, 97.31540309052164
8.164000000001245, 97.31636553937122
8.165000000001244, 97.3173475439918
8.166000000001244, 97.31834895691401
8.167000000001245, 97.31936963066846
8.168000000001243, 97.32040941778574
8.169000000001244, 97.3214681707965
8.170000000001242, 97.3225457422313
8.171000000001241, 97.32364198462076
8.17200000000124, 97.32475675049555
8.17300000000124, 97.32588989238623
8.17400000000124, 97.3270412628234
8.175000000001239, 97.3282107143377
8.176000000001238, 97.32939809945971
8.177000000001238, 97.33060327072008
8.178000000001237, 97.33182608064938
8.179000000001237, 97.33306638177827
8.180000000001236, 97.33432402663729
8.181000000001236, 97.3355988677571
8.182000000001235, 97.33689075766831
8.183000000001236, 97.33819954890154
8.184000000001234, 97.33952509398738
8.185000000001233, 97.3408672454564
8.186000000001233, 97.3422258558393
8.18700000000123, 97.34360077766661
8.188000000001232, 97.34499186346899
8.189000000001231, 97.34639896577701
8.19000000000123, 97.34782193712132
8.19100000000123, 97.34926063003253
8.19200000000123, 97.35071489704121
8.19300000000123, 97.35218459067802
8.194000000001228, 97.35366954100793
8.195000000001228, 97.35516922807606
8.196000000001227, 97.35668285520774
8.197000000001227, 97.35820961817696
8.198000000001226, 97.35974871275774
8.199000000001226, 97.36129933472402
8.200000000001225, 97.36286067984989
8.201000000001224, 97.3644319439093
8.202000000001224, 97.36601232267621
8.203000000001223, 97.36760101192469
8.204000000001223, 97.36919720742873
8.205000000001222, 97.37080010496226
8.206000000001222, 97.37240890029936
8.207000000001221, 97.374022789214
8.20800000000122, 97.37564096748017
8.209000000001222, 97.37726263087185
8.21000000000122, 97.37888697516308
8.211000000001219, 97.38051319612786
8.212000000001218, 97.38214048954016
8.213000000001218, 97.38376805117399
8.214000000001217, 97.38539507680333
8.215000000001217, 97.38702076220225
8.216000000001216, 97.38864430314467
8.217000000001216, 97.3902648954046
8.218000000001215, 97.3918817347561
8.219000000001213, 97.3934940169731
8.220000000001214, 97.39510093782962
8.221000000001213, 97.39670169309967
8.222000000001213, 97.39829547855723
8.223000000001212, 97.39988148997634
8.224000000001212, 97.40145892313097
8.225000000001211, 97.4030269737951
8.22600000000121, 97.40458483774276
8.227000000001212, 97.40613171074794
8.22800000000121, 97.40766678858465
8.229000000001209, 97.40918926702685
8.230000000001208, 97.41069834184859
8.231000000001208, 97.41219320882384
8.232000000001207, 97.41367306372659
8.233000000001207, 97.41513710233085
8.234000000001206, 97.41658452041067
8.235000000001206, 97.41801451373995
8.236000000001205, 97.41942627809277
8.237000000001206, 97.42081900924308
8.238000000001204, 97.42219190296493
8.239000000001205, 97.42354415503227
8.240000000001203, 97.4248749612191
8.241000000001202, 97.42618351729945
8.242000000001202, 97.42746901904732
8.243000000001203, 97.42873066223666
8.2440000000012, 97.42996764264156
8.245000000001202, 97.43117915603591
8.2460000000012, 97.4323643981938
8.247000000001199, 97.43352256488916
8.248000000001198, 97.43465285189603
8.249000000001198, 97.43575445498841
8.250000000001197, 97.43682656994028
8.251000000001195, 97.43786839252566
8.252000000001196, 97.43887911851853
8.253000000001196, 97.43985794369289
8.254000000001195, 97.44080406382275
8.255000000001196, 97.4417166746821
8.256000000001194, 97.44259497204496
8.257000000001193, 97.44343815168527
8.258000000001193, 97.44424540937712
8.259000000001194, 97.44501594089444
8.260000000001192, 97.44574894201124
8.261000000001193, 97.44644360850157
8.26200000000119, 97.44709913613933
8.263000000001192, 97.44771472069861
8.26400000000119, 97.44828955795336
8.265000000001189, 97.44882284367762
8.266000000001188, 97.44931377364536
8.267000000001188, 97.4497615436338
8.268000000001187, 97.45016570782056
8.269000000001187, 97.4505271654122
8.270000000001186, 97.45084713108142
8.271000000001187, 97.45112681950107
8.272000000001185, 97.45136744534393
8.273000000001186, 97.45157022328277
8.274000000001184, 97.45173636799042
8.275000000001185, 97.45186709413962
8.276000000001183, 97.45196361640318
8.277000000001182, 97.4520271494539
8.278000000001182, 97.45205890796456
8.279000000001181, 97.45206010660795
8.28000000000118, 97.45203196005684
8.28100000000118, 97.45197568298403
8.28200000000118, 97.45189249006232
8.283000000001179, 97.4517835959645
8.284000000001178, 97.45165021536336
8.28500000000118, 97.45149356293165
8.286000000001177, 97.4513148533422
8.287000000001179, 97.4511153012678
8.288000000001176, 97.45089612138122
8.289000000001177, 97.45065852835526
8.290000000001175, 97.45040373686268
8.291000000001176, 97.45013296157632
8.292000000001174, 97.44984741716894
8.293000000001173, 97.44954831831329
8.294000000001173, 97.44923687968222
8.295000000001174, 97.44891431594853
8.296000000001172, 97.44858184178493
8.297000000001171, 97.44824067186426
8.29800000000117, 97.44789202085934
8.29900000000117, 97.44753710344288
8.30000000000117, 97.44717713428771
8.30100000000117, 97.44681332806664
8.302000000001168, 97.44644689945245
8.303000000001168, 97.44607906311789
8.304000000001167, 97.44571103373579
8.305000000001169, 97.44534402597893
8.306000000001166, 97.44497925452008
8.307000000001167, 97.44461793403204
8.308000000001165, 97.44426127918761
8.309000000001165, 97.44391050465957
8.310000000001164, 97.44356682512071
8.311000000001163, 97.44323145524382
8.312000000001163, 97.44290560970168
8.313000000001162, 97.44259050316708
8.314000000001162, 97.44228735031282
8.315000000001163, 97.44199736581169
8.31600000000116, 97.44172176433645
8.31700000000116, 97.44146176055993
8.31800000000116, 97.44121856915488
8.319000000001159, 97.44099340479413
8.320000000001158, 97.44078748215043
8.32100000000116, 97.44060201589657
8.322000000001157, 97.44043822070539
8.323000000001157, 97.44029731124962
8.324000000001156, 97.44018050220207
8.325000000001156, 97.44008900823555
8.326000000001155, 97.4400240440228
8.327000000001156, 97.43998682423667
8.328000000001154, 97.43997856354989
8.329000000001153, 97.44000047663526
8.330000000001153, 97.44005377816562
8.33100000000115, 97.44013942673102
8.332000000001152, 97.44025723441413
8.333000000001153, 97.44040669256911
8.33400000000115, 97.44058729253493
8.33500000000115, 97.44079852565058
8.33600000000115, 97.44103988325502
8.33700000000115, 97.44131085668724
8.338000000001148, 97.44161093728624
8.33900000000115, 97.441939616391
8.34000000000115, 97.44229638534048
8.341000000001149, 97.4426807354737
8.342000000001146, 97.44309215812962
8.343000000001146, 97.44353014464717
8.344000000001145, 97.4439941863654
8.345000000001145, 97.44448377462328
8.346000000001144, 97.44499840075979
8.347000000001144, 97.44553755611389
8.348000000001143, 97.44610073202459
8.349000000001144, 97.44668741983084
8.350000000001142, 97.44729711087165
8.351000000001141, 97.44792929648598
8.35200000000114, 97.44858346801283
8.35300000000114, 97.44925911679118
8.35400000000114, 97.44995573415997
8.355000000001139, 97.45067281145826
8.356000000001139, 97.45140984002497
8.35700000000114, 97.45216631119908
8.358000000001137, 97.45294171631964
8.359000000001137, 97.45373554672554
8.360000000001136, 97.45454729375584
8.361000000001136, 97.45537644874946
8.362000000001135, 97.45622250304542
8.363000000001135, 97.45708494798268
8.364000000001134, 97.45796327490027
8.365000000001135, 97.45885697513707
8.366000000001133, 97.45976554003217
8.367000000001132, 97.46068846092449
8.368000000001132, 97.461625229153
8.369000000001133, 97.46257533605674
8.37000000000113, 97.46353827297467
8.371000000001132, 97.46451353124574
8.37200000000113, 97.46550060220898
8.373000000001129, 97.46649897720332
8.374000000001129, 97.46750814756778
8.375000000001128, 97.46852760464132
8.376000000001127, 97.46955683976294
8.377000000001127, 97.4705953442716
8.378000000001126, 97.4716426095063
8.379000000001128, 97.47269812680602
8.380000000001125, 97.47376138750973
8.381000000001126, 97.47483188295641
8.382000000001124, 97.47590910448505
8.383000000001124, 97.47699254343466
8.384000000001123, 97.47808169114418
8.385000000001122, 97.4791760389526
8.386000000001122, 97.48027507819891
8.387000000001123, 97.48137830022206
8.38800000000112, 97.48248519636108
8.38900000000112, 97.48359525795493
8.39000000000112, 97.4847079763426
8.39100000000112, 97.48582284286307
8.392000000001119, 97.4869393488553
8.393000000001118, 97.48805698565829
8.394000000001117, 97.48917524461103
8.395000000001117, 97.49029361705249
8.396000000001116, 97.49141159432162
8.397000000001116, 97.49252866775747
8.398000000001115, 97.49364432869896
8.399000000001116, 97.49475806848511
8.400000000001114, 97.49586937845487
8.401000000001112, 97.49697774994726
8.402000000001113, 97.49808267430126
8.403000000001114, 97.4991836428558
8.404000000001112, 97.5002801548818
8.405000000001111, 97.5013720294676
8.40600000000111, 97.50245950791314
8.40700000000111, 97.50354286042568
8.40800000000111, 97.5046223572124
8.40900000000111, 97.50569826848053
8.410000000001109, 97.50677086443726
8.411000000001108, 97.50784041528983
8.412000000001107, 97.50890719124543
8.413000000001107, 97.50997146251129
8.414000000001106, 97.5110334992946
8.415000000001106, 97.51209357180261
8.416000000001105, 97.5131519502425
8.417000000001106, 97.51420890482149
8.418000000001104, 97.51526470574679
8.419000000001105, 97.51631962322563
8.420000000001103, 97.51737392746521
8.421000000001104, 97.51842788867273
8.422000000001102, 97.51948177705543
8.423000000001101, 97.5205358628205
8.4240000000011, 97.52159041617517
8.4250000000011, 97.52264570732662
8.4260000000011, 97.52370200648211
8.427000000001101, 97.52475958384883
8.428000000001099, 97.525818709634
8.4290000000011, 97.52687965404482
8.430000000001098, 97.5279426872885
8.431000000001097, 97.52900807957224
8.432000000001096, 97.53007610110328
8.433000000001098, 97.53114702208883
8.434000000001095, 97.53222111273611
8.435000000001095, 97.53329864325232
8.436000000001094, 97.53437988384468
8.437000000001094, 97.53546510472036
8.438000000001093, 97.53655457608662
8.439000000001093, 97.53764856815067
8.440000000001092, 97.53874735111972
8.441000000001091, 97.53985119520098
8.44200000000109, 97.54096037060164
8.443000000001092, 97.54207514752895
8.44400000000109, 97.54319579619009
8.445000000001091, 97.5443225867923
8.446000000001089, 97.54545578954277
8.447000000001088, 97.54659567464871
8.448000000001088, 97.54774251231737
8.449000000001087, 97.54889657275592
8.450000000001086, 97.5500581261716
8.451000000001088, 97.55122744277162
8.452000000001085, 97.55240479276318
8.453000000001085, 97.55359044635348
8.454000000001084, 97.55478467374975
8.455000000001084, 97.55598774515923
8.456000000001083, 97.5571999307891
8.457000000001083, 97.55842150084658
8.458000000001082, 97.55965272553885
8.459000000001083, 97.56089387507319
8.46000000000108, 97.56214521965677
8.46100000000108, 97.5634070294968
8.46200000000108, 97.5646795748005
8.463000000001081, 97.56596312577508
8.464000000001079, 97.56725795262777
8.465000000001078, 97.56856432556579
8.466000000001078, 97.56988251479628
8.467000000001077, 97.57121279052654
8.468000000001076, 97.57255542296376
8.469000000001076, 97.57391068231512
8.470000000001075, 97.57527883878785
8.471000000001075, 97.57666016258918
8.472000000001074, 97.57805492392629
8.473000000001074, 97.57946339300644
8.474000000001073, 97.58088584003677
8.475000000001073, 97.58232253522458
8.476000000001072, 97.583773748777
8.477000000001071, 97.58523975090134
8.478000000001071, 97.58672077133114
8.47900000000107, 97.58821676380711
8.48000000000107, 97.58972756687433
8.48100000000107, 97.59125301869369
8.482000000001069, 97.59279295742611
8.48300000000107, 97.5943472212326
8.484000000001068, 97.59591564827403
8.485000000001067, 97.59749807671136
8.486000000001066, 97.59909434470555
8.487000000001066, 97.60070429041747
8.488000000001065, 97.60232775200814
8.489000000001067, 97.60396456763844
8.490000000001064, 97.60561457546932
8.491000000001064, 97.60727761366172
8.492000000001063, 97.60895352037656
8.493000000001064, 97.61064213377479
8.494000000001062, 97.61234329201736
8.495000000001063, 97.61405683326517
8.496000000001061, 97.61578259567918
8.49700000000106, 97.61752041742032
8.49800000000106, 97.61927013664955
8.49900000000106, 97.62103159152778
8.500000000001059, 97.62280462021596
8.501000000001058, 97.62458906087498
8.502000000001058, 97.62638475166585
8.503000000001057, 97.62819153074946
8.504000000001056, 97.63000923628672
8.505000000001056, 97.63183770643866
8.506000000001055, 97.63367677936614
8.507000000001057, 97.6355262932301
8.508000000001054, 97.63738608619148
8.509000000001054, 97.63925599641125
8.510000000001053, 97.6411358620503
8.511000000001054, 97.64302552126962
8.512000000001052, 97.64492481223009
8.513000000001052, 97.64683357309269
8.514000000001051, 97.64875164201831
8.51500000000105, 97.65067885716793
8.51600000000105, 97.65261505670249
8.51700000000105, 97.65456007878286
8.518000000001049, 97.65651376157004
8.519000000001048, 97.65847594322494
8.520000000001048, 97.66044646190852
8.521000000001047, 97.66242515578169
8.522000000001047, 97.66441186300538
8.523000000001048, 97.66640642174056
8.524000000001045, 97.66840867014817
8.525000000001047, 97.6704184463891
8.526000000001044, 97.67243558862432
8.527000000001042, 97.67445993501475
8.528000000001043, 97.67649132372132
8.529000000001044, 97.67852959290497
8.530000000001042, 97.68057458072667
8.531000000001043, 97.68262612534731
8.532000000001041, 97.68468406492786
8.53300000000104, 97.68674823762925
8.53400000000104, 97.68881848161239
8.535000000001041, 97.69089463503826
8.536000000001039, 97.69297653606775
8.537000000001038, 97.69506402286181
8.538000000001038, 97.69715693358138
8.539000000001037, 97.69925510638743
8.540000000001037, 97.70135837944085
8.541000000001038, 97.70346661927003
8.542000000001035, 97.70557992618976
8.543000000001037, 97.70769851554813
8.544000000001034, 97.70982260349552
8.545000000001034, 97.71195240618233
8.546000000001033, 97.71408813975893
8.547000000001033, 97.7162300203757
8.548000000001032, 97.71837826418307
8.549000000001032, 97.7205330873314
8.550000000001031, 97.72269470597108
8.551000000001032, 97.7248633362525
8.55200000000103, 97.72703919432607
8.553000000001031, 97.72922249634213
8.554000000001029, 97.7314134584511
8.55500000000103, 97.73361229680337
8.556000000001028, 97.73581922754933
8.557000000001029, 97.73803446683934
8.558000000001027, 97.74025823082381
8.559000000001028, 97.74249073565315
8.560000000001025, 97.7447321974777
8.561000000001025, 97.74698283244788
8.562000000001024, 97.74924285671409
8.563000000001024, 97.75151248642669
8.564000000001023, 97.75379193773605
8.565000000001023, 97.75608142679265
8.566000000001022, 97.75838116974676
8.567000000001023, 97.76069138274882
8.568000000001021, 97.76301228194924
8.56900000000102, 97.7653440834984
8.57000000000102, 97.76768700354667
8.571000000001021, 97.77004125824443
8.572000000001019, 97.77240706374212
8.57300000000102, 97.77478463619005
8.574000000001018, 97.77717419173867
8.575000000001017, 97.77957594653836
8.576000000001017, 97.7819901167395
8.577000000001018, 97.78441691849244
8.578000000001015, 97.78685656794764
8.579000000001015, 97.78930928125544
8.580000000001014, 97.79177527456623
8.581000000001014, 97.79425476403041
8.582000000001013, 97.7967479657984
8.583000000001014, 97.79925509602052
8.584000000001012, 97.8017763708472
8.585000000001013, 97.80431200642883
8.586000000001011, 97.8068622189158
8.587000000001009, 97.80942722445846
8.58800000000101, 97.81200723920725
8.589000000001011, 97.81460247931253
8.590000000001009, 97.81721316092468
8.59100000000101, 97.81983950019412
8.592000000001008, 97.8224817132712
8.593000000001009, 97.82514001630636
8.594000000001007, 97.82781462544995
8.595000000001006, 97.83050575685235
8.596000000001006, 97.83321362666395
8.597000000001005, 97.83593845103516
8.598000000001004, 97.83868044611637
8.599000000001004, 97.84143982805794
8.600000000001003, 97.84421681301032
8.601000000001005, 97.84701161712378
8.602000000001002, 97.84982445654883
8.603000000001003, 97.85265554743582
8.604000000001001, 97.85550510593512
8.605000000001, 97.85837334819712
8.606000000001002, 97.86126049037222
8.607000000001, 97.86416674861077
8.608000000001, 97.86709233906323
8.609000000001, 97.87003747787996
8.610000000000998, 97.87300238121132
8.611000000000997, 97.87598726520773
8.612000000000997, 97.87899234601953
8.613000000000996, 97.88201783979717
8.614000000000996, 97.88506396240166
8.615000000000995, 97.88813086665503
8.616000000000994, 97.89121856389049
8.617000000000994, 97.89432704616581
8.618000000000993, 97.89745630553877
8.619000000000993, 97.90060633406712
8.620000000000992, 97.90377712380868
8.62100000000099, 97.90696866682126
8.622000000000991, 97.91018095516262
8.623000000000992, 97.91341398089052
8.62400000000099, 97.91666773606279
8.625000000000991, 97.91994221273718
8.626000000000989, 97.92323740297148
8.627000000000988, 97.92655329882353
8.628000000000988, 97.92988989235103
8.629000000000989, 97.9332471756118
8.630000000000987, 97.93662514066365
8.631000000000986, 97.94002377956434
8.632000000000986, 97.94344308437168
8.633000000000985, 97.94688304714342
8.634000000000984, 97.95034365993737
8.635000000000986, 97.9538249148113
8.636000000000983, 97.95732680382301
8.637000000000983, 97.96084931903027
8.638000000000982, 97.96439245249088
8.639000000000983, 97.9679561962626
8.640000000000981, 97.97154054240328
8.641000000000982, 97.97514548297063
8.64200000000098, 97.97877101002246
8.643000000000978, 97.98241711561658
8.644000000000979, 97.98608379181073
8.64500000000098, 97.98977103066277
8.646000000000978, 97.9934788242304
8.647000000000979, 97.99720716457144
8.648000000000977, 98.00095604374368
8.649000000000974, 98.00472545380492
8.650000000000976, 98.00851538681292
8.651000000000975, 98.01232583482546
8.652000000000974, 98.01615678990035
8.653000000000976, 98.02000824409538
8.654000000000973, 98.0238801894683
8.655000000000973, 98.02777261807691
8.656000000000972, 98.031685521979
8.657000000000972, 98.0356188932324
8.658000000000971, 98.0395727238948
8.659000000000969, 98.04354700602406
8.66000000000097, 98.04754173167792
8.661000000000971, 98.05155689291423
8.662000000000969, 98.05559248179068
8.663000000000968, 98.05964849036513
8.664000000000968, 98.06372491069537
8.665000000000967, 98.06782173483913
8.666000000000967, 98.07193895485423
8.667000000000968, 98.07607656279846
8.668000000000966, 98.08023455072959
8.669000000000967, 98.08441291070541
8.670000000000964, 98.0886116347837
8.671000000000964, 98.09283071502225
8.672000000000963, 98.09707014347885
8.673000000000963, 98.10132991221128
8.674000000000962, 98.10561001327731
8.675000000000962, 98.10991043873477
8.676000000000961, 98.11423118064141
8.67700000000096, 98.11857223105503
8.67800000000096, 98.1229335820334
8.67900000000096, 98.1273152256343
8.680000000000959, 98.13171715391555
8.681000000000958, 98.13613934764898
8.682000000000958, 98.14058164054978
8.683000000000959, 98.14504376334109
8.684000000000957, 98.14952544462511
8.685000000000956, 98.15402641300403
8.686000000000956, 98.15854639707996
8.687000000000957, 98.16308512545515
8.688000000000955, 98.1676423267317
8.689000000000954, 98.17221772951184
8.690000000000953, 98.17681106239772
8.691000000000953, 98.18142205399153
8.692000000000952, 98.18605043289541
8.693000000000952, 98.19069592771154
8.694000000000951, 98.19535826704212
8.69500000000095, 98.2000371794893
8.69600000000095, 98.20473239365523
8.69700000000095, 98.20944363814216
8.698000000000949, 98.21417064155223
8.69900000000095, 98.21891313248756
8.700000000000948, 98.22367083955035
8.701000000000947, 98.22844349134283
8.702000000000947, 98.23323081646708
8.703000000000948, 98.23803254352534
8.704000000000946, 98.24284840111976
8.705000000000945, 98.24767811785252
8.706000000000945, 98.25252142232577
8.707000000000944, 98.25737804314171
8.708000000000943, 98.2622477089025
8.709000000000945, 98.26713014821034
8.710000000000942, 98.27202508966735
8.711000000000944, 98.27693226187576
8.712000000000941, 98.2818513934377
8.713000000000942, 98.28678221295536
8.71400000000094, 98.2917244490309
8.715000000000941, 98.29667783026653
8.716000000000939, 98.30164208526438
8.717000000000938, 98.30661694262663
8.71800000000094, 98.31160213095548
8.719000000000939, 98.31659737885307
8.720000000000937, 98.32160241492161
8.721000000000934, 98.32661696776324
8.722000000000936, 98.33164076598015
8.723000000000935, 98.3366735381745
8.724000000000935, 98.34171501294847
8.725000000000934, 98.34676491890423
8.726000000000933, 98.35182298464397
8.727000000000933, 98.35688893876984
8.728000000000932, 98.36196250988402
8.729000000000934, 98.36704342658871
8.730000000000931, 98.37213141748603
8.731000000000929, 98.37722621117818
8.732000000000932, 98.38232753626731
8.73300000000093, 98.38743512135567
8.73400000000093, 98.39254869504535
8.73500000000093, 98.39766798593857
8.736000000000928, 98.40279272263744
8.737000000000927, 98.40792263374423
8.738000000000927, 98.41305744786104
8.739000000000928, 98.41819689359006
8.740000000000926, 98.42334069953347
8.741000000000925, 98.42848859429344
8.742000000000925, 98.43364030647214
8.743000000000924, 98.43879556467174
8.744000000000923, 98.44395409749444
8.745000000000925, 98.44911563354238
8.746000000000922, 98.45427990141772
8.74700000000092, 98.45944662972269
8.748000000000921, 98.46461554705942
8.749000000000919, 98.46978638203008
8.75000000000092, 98.47495886323688
8.75100000000092, 98.48013271928194
8.752000000000919, 98.48530767876748
8.753000000000918, 98.49048347029566
8.754000000000918, 98.49565982249105
8.755000000000917, 98.50083655367355
8.756000000000917, 98.50601377569828
8.757000000000916, 98.51119166037236
8.758000000000916, 98.51637037950299
8.759000000000915, 98.52155010489734
8.760000000000915, 98.52673100836256
8.761000000000916, 98.53191326170584
8.762000000000914, 98.53709703673434
8.763000000000911, 98.54228250525524
8.764000000000912, 98.54746983907572
8.765000000000914, 98.55265921000291
8.766000000000911, 98.55785078984404
8.76700000000091, 98.56304475040623
8.76800000000091, 98.56824126349667
8.769000000000911, 98.57344050092254
8.770000000000909, 98.578642634491
8.771000000000909, 98.58384783600924
8.772000000000908, 98.5890562772844
8.773000000000907, 98.59426813012367
8.774000000000907, 98.5994835663342
8.775000000000908, 98.60470275772319
8.776000000000906, 98.6099258760978
8.777000000000907, 98.61515309326519
8.778000000000905, 98.62038458103255
8.779000000000906, 98.62562051120705
8.780000000000904, 98.63086105559584
8.781000000000905, 98.63610638600612
8.782000000000902, 98.64135667424502
8.783000000000902, 98.64661209211978
8.784000000000901, 98.65187281143747
8.7850000000009, 98.65713900400534
8.7860000000009, 98.66241084163055
8.7870000000009, 98.66768849612025
8.788000000000899, 98.67297213928163
8.7890000000009, 98.67826194292184
8.790000000000898, 98.68355807884805
8.791000000000897, 98.68886071886745
8.792000000000897, 98.69417003478722
8.793000000000898, 98.69948619841452
8.794000000000896, 98.7048093815565
8.795000000000897, 98.71013975602033
8.796000000000896, 98.71547749361322
8.797000000000894, 98.72082276614232
8.798000000000894, 98.7261757454148
8.799000000000893, 98.7315366032378
8.800000000000892, 98.73690551141857
8.801000000000892, 98.7422826417642
8.802000000000891, 98.7476681660819
8.80300000000089, 98.75306225617885
8.80400000000089, 98.7584650838622
8.805000000000891, 98.76387682093912
8.80600000000089, 98.7692976392168
8.80700000000089, 98.77472771050238
8.808000000000888, 98.78016720660304
8.80900000000089, 98.78561629932598
8.810000000000887, 98.79107516047834
8.811000000000888, 98.79654396186733
8.812000000000886, 98.80202287530007
8.813000000000885, 98.80751207258373
8.814000000000885, 98.81301172552556
8.815000000000884, 98.81852200593262
8.816000000000884, 98.82404308561216
8.817000000000885, 98.82957513637132
8.818000000000882, 98.8351183300173
8.819000000000882, 98.84067283835726
8.820000000000881, 98.84623883319834
8.821000000000883, 98.85181648634774
8.82200000000088, 98.85740596961261
8.823000000000881, 98.86300745480014
8.82400000000088, 98.86862111371748
8.82500000000088, 98.87424715258626
8.826000000000878, 98.8798859145121
8.82700000000088, 98.88553777662945
8.828000000000877, 98.89120311607275
8.829000000000875, 98.89688230997639
8.830000000000876, 98.9025757354748
8.831000000000877, 98.90828376970242
8.832000000000875, 98.91400678979366
8.833000000000874, 98.9197451728829
8.834000000000874, 98.92549929610462
8.835000000000875, 98.9312695365932
8.836000000000872, 98.93705627148309
8.837000000000874, 98.94285987790867
8.838000000000871, 98.9486807330044
8.839000000000873, 98.9545192139047
8.84000000000087, 98.96037569774396
8.841000000000871, 98.96625056165662
8.842000000000871, 98.9721441827771
8.843000000000869, 98.9780569382398
8.844000000000868, 98.98398920517916
8.845000000000868, 98.98994136072957
8.846000000000867, 98.99591378202553
8.847000000000865, 99.0019068462014
8.848000000000866, 99.00792093039158
8.849000000000865, 99.01395641173053
8.850000000000865, 99.02001366735266
8.851000000000866, 99.02609307439238
8.852000000000864, 99.03219500998412
8.853000000000865, 99.03831985126232
8.854000000000863, 99.04446797536134
8.855000000000864, 99.05063975941566
8.856000000000861, 99.05683558055968
8.857000000000863, 99.06305581592781
8.85800000000086, 99.0693008426545
8.85900000000086, 99.07557103787413
8.86000000000086, 99.08186677872114
8.861000000000859, 99.08818844232997
8.862000000000858, 99.094536405835
8.863000000000856, 99.10091104637067
8.864000000000857, 99.10731274107142
8.865000000000858, 99.11374186707164
8.866000000000856, 99.12019880150577
8.867000000000857, 99.1266839215082
8.868000000000855, 99.1331976042134
8.869000000000856, 99.13974022675575
8.870000000000854, 99.14631216626968
8.871000000000853, 99.1529137998896
8.872000000000853, 99.15954550474997
8.873000000000854, 99.16620765798518
8.874000000000851, 99.17290063672965
8.875000000000853, 99.17962481811779
8.87600000000085, 99.18638057928405
8.87700000000085, 99.19316829736283
8.878000000000851, 99.19998834948855
8.87900000000085, 99.20684111279563
8.880000000000848, 99.21372696441851
8.881000000000848, 99.2206462814916
8.882000000000847, 99.2275994411493
8.883000000000846, 99.23458682052606
8.884000000000846, 99.24160879675625
8.885000000000845, 99.24866574697435
8.886000000000845, 99.25575804831477
8.887000000000846, 99.2628860779119
8.888000000000844, 99.2700502129002
8.889000000000845, 99.27725083041405
8.890000000000843, 99.28448830758789
8.891000000000844, 99.29176302155614
8.892000000000841, 99.2990753494532
8.893000000000843, 99.30642566841352
8.89400000000084, 99.31381435557152
8.89500000000084, 99.3212417880616
8.89600000000084, 99.32870834301818
8.897000000000839, 99.33621439757572
8.898000000000838, 99.34376032906127
8.89900000000084, 99.35134652100652
8.900000000000837, 99.3589733643289
8.901000000000838, 99.366641250377
8.902000000000836, 99.37435057049943
8.903000000000837, 99.38210171604486
8.904000000000835, 99.38989507836185
8.905000000000836, 99.39773104879905
8.906000000000834, 99.40561001870506
8.907000000000833, 99.41353237942855
8.908000000000833, 99.42149852231807
8.909000000000832, 99.42950883872227
8.910000000000831, 99.43756371998977
8.91100000000083, 99.44566355746922
8.91200000000083, 99.45380874250917
8.913000000000832, 99.46199966645828
8.91400000000083, 99.47023672066518
8.91500000000083, 99.47852029647845
8.916000000000828, 99.48685078524676
8.917000000000826, 99.49522857831867
8.918000000000827, 99.50365406704286
8.919000000000826, 99.5121276427679
8.920000000000826, 99.52064969684244
8.921000000000824, 99.52922062061508
8.922000000000825, 99.53784080543443
8.923000000000824, 99.54651064264914
8.924000000000824, 99.55523052360782
8.925000000000823, 99.56400083965909
8.926000000000823, 99.57282198215152
8.927000000000824, 99.5816943424338
8.928000000000822, 99.59061831185453
8.929000000000821, 99.59959428176231
8.93000000000082, 99.60862264350575
8.93100000000082, 99.61770378843347
8.93200000000082, 99.62683810789414
8.933000000000819, 99.63602599323633
8.934000000000818, 99.64526783580868
8.935000000000818, 99.65456402695979
8.936000000000819, 99.66391495803828
8.937000000000818, 99.67332102039279
8.938000000000816, 99.68278260537194
8.939000000000815, 99.6923001043243
8.940000000000815, 99.70187390859856
8.941000000000814, 99.71150440954328
8.942000000000814, 99.72119199850712
8.943000000000813, 99.73093706683866
8.944000000000813, 99.74074000588658
8.94500000000081, 99.75060120699942
8.946000000000812, 99.76052106152586
8.947000000000813, 99.7704999608145
8.94800000000081, 99.78053829621393
8.94900000000081, 99.79063645907283
8.95000000000081, 99.80079484073975
8.951000000000809, 99.81101383256336
8.952000000000808, 99.82129382589224
8.95300000000081, 99.83163521207506
8.954000000000807, 99.8420383824604
8.955000000000807, 99.8525037283969
8.956000000000806, 99.86303164123314
8.957000000000805, 99.87362251231777
8.958000000000805, 99.88427673299941
8.959000000000806, 99.89499469462667
8.960000000000804, 99.9057767885482
8.961000000000803, 99.91662339765293
8.962000000000803, 99.92753452037572
8.963000000000804, 99.93850962096073
8.964000000000802, 99.94954812422569
8.965000000000803, 99.96064945498838
8.9660000000008, 99.97181303806657
8.967000000000798, 99.98303829827799
8.9680000000008, 99.99432466044037
8.969000000000799, 100.00567154937153
8.970000000000798, 100.01707838988919
8.971000000000796, 100.02854460681111
8.972000000000797, 100.04006962495504
8.973000000000795, 100.05165286913876
8.974000000000796, 100.06329376418
8.975000000000795, 100.07499173489651
8.976000000000795, 100.08674620610608
8.977000000000794, 100.09855660262646
8.978000000000794, 100.11042234927538
8.979000000000795, 100.1223428708706
8.980000000000793, 100.1343175922299
8.981000000000794, 100.14634593817104
8.982000000000793, 100.15842733351174
8.983000000000793, 100.17056120306978
8.98400000000079, 100.18274697166291
8.98500000000079, 100.19498406410891
8.98600000000079, 100.20727190522548
8.987000000000789, 100.21960991983043
8.988000000000788, 100.23199753274149
8.989000000000788, 100.24443416877642
8.990000000000787, 100.25691925275298
8.991000000000787, 100.26945220948895
8.992000000000786, 100.28203246380205
8.993000000000787, 100.29465944051005
8.994000000000785, 100.3073325644307
8.995000000000786, 100.32005126038177
8.996000000000784, 100.332814953181
8.997000000000785, 100.34562306764613
8.998000000000783, 100.358475028595
8.99900000000078, 100.37137026084525
9.000000000000782, 100.3843081892147
9.001000000000783, 100.39728823852113
9.00200000000078, 100.41030983358226
9.003000000000782, 100.42337239921585
9.00400000000078, 100.43647536023964
9.00500000000078, 100.44961814147142
9.006000000000778, 100.46280016772893
9.007000000000778, 100.47602086382993
9.008000000000777, 100.48927965459217
9.009000000000778, 100.5025759648334
9.010000000000776, 100.51590921937137
9.011000000000777, 100.52927884302387
9.012000000000775, 100.54268426060862
9.013000000000773, 100.55612489694343
9.014000000000774, 100.569600176846
9.015000000000775, 100.58310952513412
9.016000000000773, 100.59665236662549
9.017000000000774, 100.61022812613795
9.018000000000772, 100.62383622848924
9.019000000000771, 100.63747609849705
9.02000000000077, 100.65114716097919
9.021000000000772, 100.66484884075341
9.02200000000077, 100.67858056263745
9.02300000000077, 100.69234175144906
9.024000000000768, 100.70613183200605
9.025000000000768, 100.71995022912613
9.026000000000767, 100.73379636762706
9.027000000000765, 100.74766967232661
9.028000000000766, 100.7615695680425
9.029000000000767, 100.77549547959254
9.030000000000765, 100.78944683179445
9.031000000000763, 100.80342304946602
9.032000000000764, 100.81742355742497
9.033000000000762, 100.83144778048907
9.034000000000763, 100.84549514347604
9.035000000000764, 100.85956511538608
9.036000000000762, 100.87365748565736
9.037000000000761, 100.88777218499793
9.03800000000076, 100.90190914473327
9.03900000000076, 100.9160682961889
9.04000000000076, 100.9302495706903
9.04100000000076, 100.94445289956299
9.042000000000758, 100.95867821413249
9.043000000000756, 100.97292544572424
9.044000000000757, 100.98719452566382
9.045000000000758, 101.00148538527668
9.046000000000756, 101.01579795588836
9.047000000000754, 101.03013216882435
9.048000000000755, 101.04448795541013
9.049000000000754, 101.05886524697124
9.050000000000754, 101.07326397483313
9.051000000000755, 101.08768407032134
9.052000000000753, 101.10212546476139
9.053000000000752, 101.11658808947874
9.054000000000752, 101.13107187579891
9.055000000000751, 101.1455767550474
9.05600000000075, 101.16010265854975
9.05700000000075, 101.17464951763142
9.05800000000075, 101.18921726361789
9.05900000000075, 101.20380582783473
9.060000000000748, 101.21841514160744
9.06100000000075, 101.23304513626144
9.062000000000747, 101.24769574312229
9.063000000000747, 101.26236689351552
9.064000000000746, 101.27705851876657
9.065000000000747, 101.29177055020097
9.066000000000745, 101.30650291914426
9.067000000000744, 101.32125555692187
9.068000000000744, 101.33602839485935
9.069000000000743, 101.35082136428221
9.070000000000743, 101.36563439651594
9.071000000000742, 101.38046742288603
9.072000000000742, 101.39532037471798
9.07300000000074, 101.41019318333733
9.07400000000074, 101.42508578006954
9.07500000000074, 101.43999809624012
9.07600000000074, 101.45493006317461
9.07700000000074, 101.46988161219846
9.078000000000738, 101.48485267463722
9.079000000000736, 101.49984318181635
9.080000000000737, 101.5148530650614
9.081000000000737, 101.52988225569783
9.082000000000736, 101.54493068505117
9.083000000000736, 101.5599982844469
9.084000000000735, 101.57508498521055
9.085000000000736, 101.59019071866759
9.086000000000734, 101.60531541614357
9.087000000000735, 101.62045900896393
9.088000000000733, 101.63562142845421
9.089000000000734, 101.65080260593993
9.090000000000732, 101.66600247274657
9.091000000000733, 101.68122096019961
9.092000000000732, 101.6964579996246
9.09300000000073, 101.71171352234701
9.094000000000731, 101.72698745969235
9.09500000000073, 101.74227974298613
9.096000000000728, 101.75759030355385
9.09700000000073, 101.77291907272101
9.098000000000727, 101.78826598181311
9.099000000000727, 101.80363096215567
9.100000000000726, 101.81901394507415
9.101000000000726, 101.8344148618941
9.102000000000725, 101.84983364394101
9.103000000000726, 101.86527022254036
9.104000000000724, 101.88072452901768
9.105000000000725, 101.89619649469847
9.106000000000723, 101.9116860509082
9.107000000000724, 101.92719312897243
9.108000000000722, 101.94271765956242
9.109000000000723, 101.9582594832184
9.110000000000722, 101.97381825919457
9.111000000000722, 101.98939362501895
9.11200000000072, 102.00498521821936
9.113000000000719, 102.02059267632383
9.114000000000718, 102.03621563686023
9.115000000000718, 102.05185373735647
9.116000000000717, 102.06750661534053
9.117000000000719, 102.08317390834029
9.118000000000716, 102.0988552538837
9.119000000000714, 102.11455028949862
9.120000000000715, 102.13025865271308
9.121000000000713, 102.14597998105495
9.122000000000714, 102.16171391205214
9.123000000000715, 102.17746008323257
9.124000000000713, 102.19321813212423
9.125000000000714, 102.20898769625498
9.126000000000712, 102.22476841315276
9.127000000000711, 102.2405599203455
9.12800000000071, 102.25636185536112
9.129000000000712, 102.27217385572757
9.13000000000071, 102.28799555897272
9.13100000000071, 102.30382660262455
9.132000000000708, 102.31966662421098
9.13300000000071, 102.33551526125987
9.134000000000707, 102.35137215129923
9.135000000000709, 102.36723693185694
9.136000000000706, 102.38310924046091
9.137000000000706, 102.3989887146391
9.138000000000705, 102.41487499191942
9.139000000000706, 102.43076770982981
9.140000000000704, 102.44666650589815
9.141000000000705, 102.46257101765242
9.142000000000703, 102.4784808826205
9.143000000000702, 102.49439573833033
9.144000000000702, 102.51031522230986
9.145000000000703, 102.52623897208696
9.1460000000007, 102.54216662518964
9.1470000000007, 102.55809781914571
9.1480000000007, 102.57403219148321
9.1490000000007, 102.58996937972996
9.150000000000698, 102.60590902141398
9.151000000000698, 102.62185075406313
9.152000000000697, 102.63779421520533
9.153000000000695, 102.65373904236858
9.154000000000696, 102.66968487308074
9.155000000000696, 102.68563134486975
9.156000000000695, 102.70157809526351
9.157000000000695, 102.71752476178999
9.158000000000694, 102.73347098197709
9.159000000000693, 102.74941639335275
9.160000000000693, 102.76536063344484
9.161000000000692, 102.78130333978135
9.162000000000692, 102.79724414989019
9.163000000000691, 102.81318270129927
9.16400000000069, 102.8291186315365
9.165000000000692, 102.84505157812988
9.16600000000069, 102.86098117860725
9.16700000000069, 102.87690707049653
9.168000000000688, 102.89282889132572
9.16900000000069, 102.9087462786227
9.170000000000687, 102.92465886991539
9.171000000000689, 102.94056630406826
9.172000000000686, 102.95646859932513
9.173000000000687, 102.97236667325281
9.174000000000687, 102.98826157374306
9.175000000000685, 103.00415434868776
9.176000000000684, 103.02004604597875
9.177000000000682, 103.03593771350789
9.178000000000683, 103.05183039916693
9.179000000000684, 103.06772515084779
9.180000000000682, 103.08362301644225
9.181000000000683, 103.09952504384218
9.18200000000068, 103.11543228093942
9.183000000000682, 103.13134577562579
9.18400000000068, 103.14726657579313
9.185000000000677, 103.16319572933324
9.18600000000068, 103.17913428413806
9.18700000000068, 103.19508328809934
9.18800000000068, 103.21104378910894
9.189000000000677, 103.22701683505869
9.190000000000676, 103.2430034738404
9.191000000000676, 103.25900475334598
9.192000000000675, 103.27502172146723
9.193000000000673, 103.29105542609597
9.194000000000674, 103.30710691512402
9.195000000000674, 103.32317723644329
9.196000000000673, 103.33926743794555
9.197000000000674, 103.35537856752266
9.198000000000672, 103.37151167306646
9.19900000000067, 103.38766780246877
9.20000000000067, 103.40384800362145
9.20100000000067, 103.42005332441633
9.20200000000067, 103.43628481274523
9.203000000000669, 103.45254351649999
9.204000000000669, 103.46883048357245
9.205000000000668, 103.48514676185447
9.206000000000667, 103.50149339923786
9.207000000000669, 103.51787144361444
9.208000000000666, 103.5342819428761
9.209000000000664, 103.55072594491465
9.210000000000665, 103.56720449762192
9.211000000000665, 103.58371864888973
9.212000000000664, 103.60026944660996
9.213000000000664, 103.6168579386744
9.214000000000663, 103.63348517297493
9.215000000000662, 103.65015219740336
9.216000000000662, 103.66686005985153
9.217000000000663, 103.68360980821132
9.21800000000066, 103.70040249037447
9.219000000000662, 103.71723915423287
9.22000000000066, 103.7341208476784
9.221000000000661, 103.75104861860284
9.222000000000659, 103.76802351489803
9.223000000000658, 103.78504658445586
9.224000000000657, 103.80211887516809
9.225000000000659, 103.8192414349266
9.226000000000656, 103.83641531162321
9.227000000000656, 103.85364155314979
9.228000000000655, 103.87092120739814
9.229000000000656, 103.88825532226011
9.230000000000654, 103.90564494562754
9.231000000000655, 103.92309112539225
9.232000000000653, 103.9405949094461
9.233000000000654, 103.95815734568092
9.234000000000652, 103.97577948198852
9.235000000000651, 103.99346236626077
9.23600000000065, 104.0112070463895
9.237000000000652, 104.02901457026654
9.23800000000065, 104.04688598578373
9.239000000000651, 104.0648223408329
9.240000000000649, 104.08282468330589
9.241000000000648, 104.10089406109455
9.242000000000647, 104.11903152209068
9.243000000000647, 104.13723811418618
9.244000000000646, 104.15551488527282
9.245000000000648, 104.17386282765933
9.246000000000643, 104.19228213367467
9.247000000000645, 104.21077239564681
9.248000000000644, 104.22933319135652
9.249000000000645, 104.24796409858467
9.250000000000643, 104.26666469511207
9.251000000000642, 104.28543455871959
9.252000000000642, 104.30427326718805
9.253000000000641, 104.32318039829826
9.25400000000064, 104.34215552983112
9.25500000000064, 104.36119823956736
9.25600000000064, 104.38030810528787
9.25700000000064, 104.39948470477351
9.258000000000639, 104.41872761580507
9.25900000000064, 104.43803641616338
9.260000000000637, 104.45741068362933
9.261000000000637, 104.47684999598367
9.262000000000636, 104.49635393100732
9.263000000000634, 104.51592206648104
9.264000000000635, 104.5355539801857
9.265000000000637, 104.55524924990213
9.266000000000634, 104.57500745341119
9.267000000000634, 104.59482816849365
9.268000000000633, 104.61471097293038
9.269000000000633, 104.63465544450224
9.270000000000632, 104.65466116099
9.271000000000631, 104.67472770017454
9.27200000000063, 104.69485463983668
9.27300000000063, 104.71504155775725
9.27400000000063, 104.7352880317171
9.27500000000063, 104.75559363949705
9.276000000000629, 104.77595795887792
9.277000000000626, 104.79638056764058
9.278000000000628, 104.81686104356581
9.279000000000629, 104.83739896443453
9.280000000000626, 104.85799390802745
9.281000000000628, 104.87864545212551
9.282000000000625, 104.89935317450951
9.283000000000627, 104.92011665296027
9.284000000000624, 104.94093546525862
9.285000000000624, 104.96180918918543
9.286000000000625, 104.98273740252148
9.28700000000062, 105.00371968304766
9.288000000000622, 105.02475560854474
9.289000000000623, 105.04584475679361
9.29000000000062, 105.06698670557506
9.291000000000622, 105.08818103267001
9.29200000000062, 105.10942731585915
9.293000000000621, 105.13072513292343
9.294000000000619, 105.15207406164363
9.29500000000062, 105.1734736798006
9.296000000000618, 105.19492356517516
9.297000000000619, 105.21642329554821
9.298000000000616, 105.23797244870048
9.299000000000616, 105.25957060241285
9.300000000000615, 105.28121733446619
9.301000000000615, 105.30291222264125
9.302000000000614, 105.32465484471894
9.303000000000614, 105.34644477848008
9.304000000000613, 105.36828160170545
9.305000000000613, 105.39016489217595
9.306000000000612, 105.41209422767238
9.307000000000611, 105.43406918597557
9.308000000000611, 105.45608934486637
9.30900000000061, 105.47815428212562
9.31000000000061, 105.5002635755341
9.31100000000061, 105.5224168028727
9.312000000000609, 105.54461354192225
9.31300000000061, 105.56685337046356
9.314000000000608, 105.58913586627747
9.315000000000607, 105.61146060365333
9.316000000000606, 105.63382709117559
9.317000000000606, 105.6562347789374
9.318000000000605, 105.67868311498904
9.319000000000605, 105.70117154738087
9.320000000000604, 105.7236995241632
9.321000000000605, 105.74626649338644
9.322000000000603, 105.76887190310092
9.323000000000603, 105.79151520135697
9.324000000000602, 105.81419583620493
9.325000000000603, 105.83691325569518
9.326000000000601, 105.85966690787805
9.327000000000602, 105.88245624080389
9.3280000000006, 105.90528070252302
9.329000000000601, 105.92813974108583
9.330000000000599, 105.95103280454265
9.331000000000598, 105.97395934094384
9.332000000000598, 105.99691879833969
9.333000000000597, 106.01991062478065
9.334000000000596, 106.04293426831696
9.335000000000598, 106.06598917699905
9.336000000000595, 106.0890747988772
9.337000000000597, 106.11219058200183
9.338000000000594, 106.13533597442323
9.339000000000594, 106.15851042419175
9.340000000000593, 106.1817133793578
9.341000000000593, 106.20494428797164
9.342000000000592, 106.22820259808368
9.343000000000593, 106.25148775774426
9.344000000000591, 106.27479921500365
9.34500000000059, 106.2981364179123
9.346000000000592, 106.32149881452051
9.34700000000059, 106.34488585287866
9.348000000000589, 106.36829698103705
9.349000000000586, 106.39173164704609
9.350000000000588, 106.41518929895602
9.351000000000589, 106.43866938481732
9.352000000000587, 106.46217135268022
9.353000000000588, 106.48569465059515
9.354000000000585, 106.50923872661241
9.355000000000587, 106.53280302878237
9.356000000000584, 106.55638700515539
9.357000000000584, 106.57999010378175
9.358000000000583, 106.6036117727119
9.359000000000583, 106.62725145999613
9.360000000000582, 106.65090861368478
9.361000000000583, 106.6745826818282
9.362000000000581, 106.69827311247676
9.36300000000058, 106.72197935368077
9.36400000000058, 106.74570085349063
9.36500000000058, 106.76943705995664
9.366000000000579, 106.79318742112919
9.367000000000578, 106.81695138505859
9.368000000000578, 106.84072839979521
9.369000000000579, 106.86451791338934
9.370000000000577, 106.8883193738914
9.371000000000576, 106.91213222935174
9.372000000000575, 106.93595592782069
9.373000000000577, 106.95978991734856
9.374000000000574, 106.98363364598572
9.375000000000576, 107.00748656178253
9.376000000000573, 107.03134811278933
9.37700000000057, 107.05521774705646
9.378000000000572, 107.07909491263428
9.379000000000572, 107.10297905757315
9.380000000000571, 107.1268696299234
9.381000000000572, 107.15076607773535
9.38200000000057, 107.1746678490594
9.38300000000057, 107.19857439194587
9.384000000000569, 107.22248515444508
9.38500000000057, 107.24639958460743
9.386000000000568, 107.27031713048325
9.387000000000565, 107.29423724012288
9.388000000000567, 107.31815936157666
9.389000000000566, 107.34208319303218
9.390000000000565, 107.3660095080962
9.391000000000567, 107.38993936932748
9.392000000000564, 107.41387383928857
9.393000000000564, 107.43781398054199
9.394000000000563, 107.46176085565021
9.395000000000563, 107.48571552717581
9.396000000000562, 107.50967905768131
9.397000000000562, 107.53365250972917
9.398000000000561, 107.557636945882
9.39900000000056, 107.58163342870225
9.40000000000056, 107.60564302075248
9.401000000000561, 107.62966678459517
9.402000000000557, 107.6537057827929
9.403000000000558, 107.67776107790817
9.40400000000056, 107.70183373250347
9.405000000000555, 107.72592480914136
9.406000000000557, 107.75003537038435
9.407000000000556, 107.77416647879498
9.408000000000555, 107.79831919693572
9.409000000000557, 107.8224945873691
9.410000000000554, 107.84669371265774
9.411000000000554, 107.87091763536404
9.412000000000553, 107.89516741805058
9.413000000000553, 107.91944412327987
9.414000000000552, 107.94374881361442
9.41500000000055, 107.96808255161679
9.416000000000551, 107.99244639984946
9.41700000000055, 108.01684142087495
9.41800000000055, 108.04126867725583
9.419000000000548, 108.06572923155458
9.420000000000549, 108.09022414633374
9.421000000000548, 108.11475448415582
9.422000000000548, 108.13932130758336
9.423000000000549, 108.16392567917885
9.424000000000547, 108.18856866150485
9.425000000000546, 108.21325131712383
9.426000000000545, 108.23797470859837
9.427000000000545, 108.26273989849095
9.428000000000544, 108.28754794936413
9.429000000000544, 108.31239992378036
9.430000000000543, 108.33729688430228
9.431000000000545, 108.3622398934923
9.432000000000542, 108.387230013913
9.43300000000054, 108.41226830812684
9.434000000000541, 108.43735583869643
9.43500000000054, 108.46249366818428
9.43600000000054, 108.48768285915283
9.437000000000541, 108.51292447416466
9.438000000000539, 108.53821957578229
9.439000000000538, 108.56356922656826
9.440000000000538, 108.58897448908505
9.441000000000537, 108.6144364258952
9.442000000000537, 108.63995609956123
9.443000000000536, 108.66553457264565
9.444000000000536, 108.69117290771102
9.445000000000535, 108.71687216731983
9.446000000000534, 108.7426334140346
9.447000000000534, 108.76845771041789
9.448000000000533, 108.79434611903216
9.449000000000533, 108.82029970243997
9.450000000000532, 108.84631952320385
9.45100000000053, 108.8724066438863
9.452000000000531, 108.89856212704984
9.45300000000053, 108.924787035257
9.454000000000532, 108.95108243107032
9.455000000000531, 108.97744936560176
9.456000000000529, 109.00388847928663
9.457000000000528, 109.0303998981992
9.458000000000528, 109.05698371589637
9.459000000000527, 109.08364002593495
9.460000000000527, 109.1103689218719
9.461000000000526, 109.13717049726407
9.462000000000526, 109.16404484566834
9.463000000000525, 109.19099206064156
9.464000000000524, 109.21801223574072
9.465000000000522, 109.2451054645226
9.466000000000523, 109.27227184054412
9.467000000000523, 109.29951145736214
9.468000000000524, 109.32682440853357
9.469000000000523, 109.35421078761529
9.470000000000521, 109.38167068816418
9.471000000000519, 109.4092042037371
9.47200000000052, 109.43681142789096
9.473000000000521, 109.46449245418266
9.474000000000519, 109.492247376169
9.475000000000517, 109.52007628740694
9.476000000000518, 109.54797928145337
9.477000000000517, 109.57595645186511
9.478000000000517, 109.6040078921991
9.479000000000516, 109.63213369601219
9.480000000000516, 109.66033395686128
9.481000000000515, 109.68860876830324
9.482000000000514, 109.71695822389495
9.483000000000512, 109.7453824171933
9.484000000000512, 109.77388144175518
9.485000000000513, 109.80245539113746
9.486000000000512, 109.83110435889702
9.487000000000513, 109.85982843859077
9.488000000000511, 109.88862772377556
9.48900000000051, 109.91750230800827
9.49000000000051, 109.94645228484583
9.49100000000051, 109.97547774784505
9.492000000000509, 110.00457879056289
9.493000000000508, 110.03375550655616
9.494000000000508, 110.0630079893818
9.495000000000507, 110.09233633259669
9.496000000000507, 110.12174062975767
9.497000000000504, 110.15122097442163
9.498000000000506, 110.18077746014549
9.499000000000505, 110.21041018048611
9.500000000000504, 110.24011922900037
9.501000000000506, 110.26990469924513
9.502000000000503, 110.29976668477734
9.503000000000503, 110.32970527915383
9.504000000000502, 110.35972057593149
9.5050000000005, 110.38981266866719
9.506000000000501, 110.41998165091783
9.507000000000499, 110.45022761624031
9.5080000000005, 110.4805506581915
9.5090000000005, 110.51095087032827
9.510000000000499, 110.54142834620751
9.511000000000498, 110.5719831793861
9.512000000000498, 110.60261546342092
9.513000000000497, 110.63332529186884
9.514000000000497, 110.6641127582868
9.515000000000494, 110.69497795623163
9.516000000000496, 110.7259209792602
9.517000000000497, 110.75694192092944
9.518000000000495, 110.7880408747962
9.519000000000496, 110.81921793441738
9.520000000000493, 110.85047319334984
9.521000000000493, 110.88180674515047
9.522000000000492, 110.91321868337619
9.523000000000492, 110.94470910158384
9.524000000000491, 110.97627809333032
9.525000000000489, 111.00792575217253
9.52600000000049, 111.03965217166729
9.52700000000049, 111.07145744537152
9.528000000000489, 111.10334166684213
9.529000000000487, 111.13530484842263
9.530000000000488, 111.16734648241187
9.531000000000487, 111.19946585607225
9.532000000000487, 111.23166225616816
9.533000000000488, 111.26393496946405
9.534000000000486, 111.2962832827243
9.535000000000485, 111.32870648271339
9.536000000000485, 111.36120385619569
9.537000000000484, 111.39377468993563
9.538000000000483, 111.42641827069765
9.539000000000483, 111.45913388524616
9.540000000000482, 111.4919208203456
9.541000000000482, 111.52477836276034
9.542000000000481, 111.55770579925486
9.543000000000479, 111.59070241659359
9.54400000000048, 111.6237675015409
9.54500000000048, 111.65690034086123
9.54600000000048, 111.690100221319
9.547000000000477, 111.72336642967866
9.548000000000476, 111.7566982527046
9.549000000000477, 111.79009497716126
9.550000000000477, 111.82355588981306
9.551000000000476, 111.85708027742442
9.552000000000476, 111.89066742675973
9.553000000000475, 111.92431662458347
9.554000000000475, 111.95802715766003
9.555000000000474, 111.99179831275384
9.556000000000473, 112.0256293766293
9.557000000000473, 112.05951963605087
9.558000000000472, 112.09346837778293
9.559000000000472, 112.12747488858992
9.560000000000471, 112.16153845523627
9.561000000000472, 112.1956583644864
9.56200000000047, 112.22983390310475
9.56300000000047, 112.26406435785569
9.564000000000469, 112.2983490155037
9.56500000000047, 112.33268716281316
9.566000000000468, 112.36707808654852
9.567000000000467, 112.40152107347416
9.568000000000467, 112.43601541035454
9.569000000000464, 112.47056038395408
9.570000000000466, 112.50515528103722
9.571000000000465, 112.53979938836832
9.572000000000465, 112.57449199271184
9.573000000000464, 112.60923238083221
9.574000000000463, 112.64401983949385
9.575000000000461, 112.67885365546115
9.57600000000046, 112.71373311549858
9.577000000000462, 112.74865750637055
9.578000000000461, 112.78362611484144
9.579000000000462, 112.81863822767573
9.580000000000458, 112.85369313163778
9.58100000000046, 112.88879011349206
9.582000000000459, 112.923928460003
9.58300000000046, 112.95910745793498
9.584000000000458, 112.99432639405245
9.58500000000046, 113.02958455511983
9.586000000000457, 113.06488122790151
9.587000000000458, 113.10021569916195
9.588000000000456, 113.13558725566557
9.589000000000455, 113.17099518417676
9.590000000000455, 113.20643877145999
9.591000000000454, 113.24191730427965
9.592000000000453, 113.27743017098534
9.593000000000455, 113.31297754414733
9.594000000000452, 113.34855996135231
9.595000000000452, 113.38417796221934
9.596000000000451, 113.4198320863675
9.597000000000453, 113.4555228734158
9.59800000000045, 113.49125086298335
9.59900000000045, 113.52701659468917
9.600000000000449, 113.56282060815235
9.601000000000449, 113.59866344299192
9.602000000000448, 113.63454563882695
9.603000000000447, 113.67046773527647
9.604000000000447, 113.7064302719596
9.605000000000446, 113.74243378849536
9.606000000000446, 113.77847882450283
9.607000000000447, 113.81456591960101
9.608000000000445, 113.85069561340903
9.609000000000446, 113.88686844554591
9.610000000000444, 113.92308495563073
9.611000000000445, 113.95934568328252
9.612000000000442, 113.99565116812033
9.613000000000442, 114.03200194976331
9.614000000000441, 114.0683985678304
9.61500000000044, 114.10484156194073
9.61600000000044, 114.14133147171331
9.61700000000044, 114.17786883676729
9.618000000000439, 114.21445419672159
9.619000000000439, 114.25108809119537
9.620000000000438, 114.28777105980765
9.621000000000436, 114.3245036421775
9.622000000000437, 114.36128637792397
9.623000000000438, 114.39811980666616
9.624000000000436, 114.4350044680231
9.625000000000433, 114.4719409016138
9.626000000000435, 114.50892964705737
9.627000000000434, 114.54597124397287
9.628000000000434, 114.58306623197933
9.629000000000433, 114.62021515069584
9.630000000000432, 114.65741853974146
9.631000000000432, 114.6946769387352
9.632000000000431, 114.73199088729618
9.63300000000043, 114.7693609250434
9.63400000000043, 114.80678759159593
9.63500000000043, 114.84427142657289
9.636000000000429, 114.88181296959327
9.637000000000429, 114.91941276027617
9.638000000000428, 114.95707133824062
9.639000000000426, 114.9947892431057
9.640000000000427, 115.03256701449043
9.641000000000428, 115.07040519201391
9.642000000000428, 115.1083043152952
9.643000000000427, 115.14626492395332
9.644000000000425, 115.18428755760736
9.645000000000424, 115.22237275587638
9.646000000000424, 115.26052105837941
9.647000000000423, 115.29873300473554
9.648000000000422, 115.3370091345638
9.649000000000424, 115.37534998748326
9.650000000000421, 115.41375610311299
9.65100000000042, 115.45222802107205
9.65200000000042, 115.49076628097947
9.653000000000418, 115.52937142245432
9.65400000000042, 115.56804398511568
9.655000000000419, 115.60678450858256
9.656000000000418, 115.6455935324741
9.65700000000042, 115.68447159640928
9.658000000000417, 115.72341924000719
9.659000000000416, 115.76243700288691
9.660000000000416, 115.80152542466743
9.661000000000415, 115.84068504496788
9.662000000000415, 115.8799164034073
9.663000000000414, 115.91922003960472
9.664000000000414, 115.95859649317923
9.665000000000415, 115.99804630384557
9.666000000000412, 116.0375700276524
9.667000000000412, 116.07716825531489
9.66800000000041, 116.11684158197548
9.66900000000041, 116.15659060277656
9.67000000000041, 116.19641591286049
9.671000000000408, 116.23631810736975
9.67200000000041, 116.27629778144667
9.673000000000409, 116.3163555302337
9.674000000000408, 116.35649194887321
9.67500000000041, 116.39670763250763
9.676000000000407, 116.43700317627932
9.677000000000406, 116.47737917533068
9.678000000000406, 116.51783622480414
9.679000000000405, 116.5583749198421
9.680000000000407, 116.59899585558696
9.681000000000404, 116.6396996271811
9.682000000000404, 116.68048682976695
9.683000000000403, 116.72135805848689
9.684000000000403, 116.76231390848329
9.6850000000004, 116.80335497489861
9.6860000000004, 116.84448185287519
9.6870000000004, 116.88569513755553
9.6880000000004, 116.92699542408191
9.689000000000402, 116.96838330759678
9.690000000000397, 117.00985938324258
9.691000000000397, 117.05142424616164
9.692000000000398, 117.09307849149644
9.693000000000396, 117.1348227143893
9.694000000000397, 117.17665750998265
9.695000000000398, 117.21858347341892
9.696000000000396, 117.2606011998405
9.697000000000395, 117.30271128438974
9.698000000000395, 117.34491432220909
9.699000000000394, 117.38721090844098
9.700000000000394, 117.42960163822771
9.701000000000391, 117.47208710671174
9.702000000000393, 117.5146679090355
9.70300000000039, 117.55734464034136
9.704000000000391, 117.60011789577169
9.70500000000039, 117.64298827046898
9.70600000000039, 117.68595635957548
9.707000000000392, 117.72902275823375
9.70800000000039, 117.77218806158609
9.709000000000389, 117.81545286477494
9.710000000000388, 117.85881776294268
9.711000000000388, 117.90228335123174
9.712000000000387, 117.9458502247845
9.713000000000386, 117.98951897874335
9.714000000000386, 118.03329020825072
9.715000000000385, 118.07716450844899
9.716000000000385, 118.12114247448054
9.717000000000382, 118.16522470148783
9.718000000000384, 118.20941178461321
9.719000000000383, 118.25370431899907
9.720000000000383, 118.29810289978789
9.721000000000384, 118.34260812212197
9.72200000000038, 118.38722058114377
9.723000000000381, 118.43194087199564
9.72400000000038, 118.47676958982007
9.725000000000382, 118.52170732975941
9.72600000000038, 118.56675468695602
9.727000000000379, 118.61191225655236
9.728000000000378, 118.65718063369081
9.729000000000378, 118.70256041351375
9.730000000000377, 118.7480521911636
9.731000000000375, 118.79365656178278
9.732000000000376, 118.83937412051365
9.733000000000374, 118.88520546249862
9.734000000000375, 118.93115118288014
9.735000000000376, 118.97721187727996
9.736000000000374, 119.02338834613101
9.737000000000373, 119.06968191254413
9.738000000000373, 119.1160939818048
9.739000000000372, 119.16262595919851
9.740000000000371, 119.20927925001071
9.741000000000371, 119.25605525952696
9.74200000000037, 119.30295539303268
9.74300000000037, 119.3499810558134
9.74400000000037, 119.3971336531546
9.745000000000369, 119.44441459034172
9.746000000000368, 119.4918252726603
9.747000000000366, 119.53936710539583
9.748000000000367, 119.58704149383375
9.749000000000365, 119.63484984325954
9.750000000000366, 119.68279355895876
9.751000000000365, 119.73087404621683
9.752000000000365, 119.77909271031922
9.753000000000366, 119.82745095655147
9.754000000000364, 119.87595019019903
9.755000000000365, 119.92459181654743
9.756000000000363, 119.97337724088212
9.757000000000362, 120.0223078684886
9.758000000000361, 120.07138510465228
9.759000000000361, 120.12061035465878
9.76000000000036, 120.16998502379349
9.76100000000036, 120.21951051734192
9.76200000000036, 120.26918824058959
9.763000000000357, 120.31901959882192
9.764000000000356, 120.36900599732444
9.765000000000358, 120.41914884138262
9.766000000000357, 120.46944953628196
9.767000000000358, 120.51990948730793
9.768000000000356, 120.57053009974601
9.769000000000355, 120.6213127788817
9.770000000000355, 120.67225893000051
9.771000000000353, 120.72336995838786
9.772000000000354, 120.77464726932928
9.773000000000353, 120.8260922681103
9.774000000000353, 120.8777063600163
9.77500000000035, 120.92949095033282
9.776000000000352, 120.98144744434538
9.77700000000035, 121.0335772473394
9.77800000000035, 121.08588176460043
9.77900000000035, 121.13836240141393
9.780000000000351, 121.19102056306531
9.781000000000347, 121.24385765484017
9.782000000000348, 121.29687508202392
9.783000000000348, 121.35007424990215
9.784000000000347, 121.4034565637602
9.785000000000345, 121.45702342888362
9.786000000000346, 121.51077625055795
9.787000000000345, 121.5647164340686
9.788000000000345, 121.61884538470109
9.789000000000344, 121.67316450774089
9.790000000000344, 121.7276752084735
9.791000000000341, 121.7823788921844
9.792000000000343, 121.83727696415905
9.793000000000342, 121.89237082968299
9.794000000000342, 121.94766189404166
9.79500000000034, 122.00315156252057
9.79600000000034, 122.05884124040519
9.79700000000034, 122.11473233298102
9.79800000000034, 122.17082611452702
9.799000000000337, 122.2271228735458
9.800000000000338, 122.28362244974774
9.801000000000336, 122.34032468057262
9.802000000000337, 122.39722940346024
9.803000000000337, 122.45433645585038
9.804000000000336, 122.51164567518288
9.805000000000335, 122.56915689889749
9.806000000000335, 122.626869964434
9.807000000000334, 122.68478470923219
9.808000000000334, 122.74290097073192
9.809000000000331, 122.8012185863729
9.810000000000333, 122.859737393595
9.811000000000332, 122.91845722983791
9.812000000000332, 122.97737793254151
9.81300000000033, 123.03649933914556
9.814000000000329, 123.09582128708989
9.81500000000033, 123.15534361381421
9.81600000000033, 123.21506615675841
9.81700000000033, 123.27498875336218
9.818000000000328, 123.33511124106536
9.819000000000328, 123.3954334573078
9.820000000000327, 123.4559552395292
9.821000000000327, 123.51667642516942
9.822000000000326, 123.57759685166819
9.823000000000325, 123.63871635646538
9.824000000000325, 123.70003477700072
9.825000000000324, 123.76155195071397
9.826000000000324, 123.82326771504502
9.827000000000321, 123.8851819074336
9.828000000000323, 123.94729436531952
9.82900000000032, 124.00960492614257
9.830000000000322, 124.07211342734252
9.831000000000323, 124.13481970635922
9.83200000000032, 124.1977236006324
9.83300000000032, 124.26082494760189
9.83400000000032, 124.32412358470745
9.835000000000319, 124.3876193493889
9.836000000000318, 124.45131207908602
9.837000000000318, 124.51520161123862
9.838000000000317, 124.57928778328645
9.839000000000315, 124.64357043266938
9.840000000000316, 124.70804939682709
9.841000000000314, 124.77272451319948
9.842000000000315, 124.83759561922626
9.843000000000314, 124.90266255234727
9.844000000000314, 124.96792515000229
9.845000000000315, 125.03338324963113
9.846000000000313, 125.09903668867355
9.847000000000314, 125.16488530456937
9.848000000000312, 125.23092893475834
9.849000000000311, 125.29716741668028
9.85000000000031, 125.36360058777501
9.851000000000312, 125.43022828548229
9.85200000000031, 125.4970503472419
9.85300000000031, 125.56406661049364
9.854000000000308, 125.63127691267735
9.85500000000031, 125.69868109123274
9.856000000000307, 125.76627898359969
9.857000000000305, 125.83407042721792
9.858000000000306, 125.90205525952726
9.859000000000304, 125.97023331796751
9.860000000000305, 126.0386044399784
9.861000000000303, 126.1071684629998
9.862000000000304, 126.17592522447146
9.863000000000305, 126.24487456183317
9.864000000000303, 126.31401631252476
9.865000000000304, 126.38335031433553
9.866000000000302, 126.45287641201352
9.8670000000003, 126.52259445671316
9.8680000000003, 126.59250429982762
9.8690000000003, 126.66260579275013
9.8700000000003, 126.73289878687392
9.871000000000299, 126.80338313359215
9.8720000000003, 126.87405868429808
9.8730000000003, 126.94492529038492
9.874000000000297, 127.01598280324583
9.875000000000295, 127.0872310742741
9.876000000000296, 127.1586699548629
9.877000000000294, 127.23029929640545
9.878000000000295, 127.30211895029495
9.879000000000294, 127.37412876792465
9.880000000000294, 127.44632860068774
9.881000000000293, 127.51871829997742
9.882000000000293, 127.5912977171869
9.883000000000292, 127.66406670370945
9.884000000000292, 127.73702511093822
9.885000000000291, 127.81017279026648
9.88600000000029, 127.88350959308738
9.88700000000029, 127.95703537079413
9.88800000000029, 128.03074997478004
9.889000000000289, 128.10465325643827
9.890000000000288, 128.17874506716194
9.891000000000286, 128.25302525834445
9.892000000000287, 128.32749368137883
9.893000000000287, 128.4021501876584
9.894000000000286, 128.47699462857636
9.895000000000287, 128.55202685552592
9.896000000000285, 128.62724671990026
9.897000000000283, 128.7026540730926
9.898000000000284, 128.7782487664962
9.899000000000283, 128.85403065150425
9.900000000000283, 128.92999957950994
9.901000000000282, 129.00615540190648
9.902000000000282, 129.08249797008716
9.903000000000281, 129.15902713544511
9.90400000000028, 129.23574274937357
9.905000000000278, 129.31264466326573
9.90600000000028, 129.38973272851487
9.907000000000279, 129.46700679651414
9.90800000000028, 129.54446671865676
9.90900000000028, 129.622112346336
9.910000000000277, 129.69994353094498
9.911000000000277, 129.777960123877
9.912000000000276, 129.8561619765252
9.913000000000276, 129.93454894028287
9.914000000000275, 130.01312086654318
9.915000000000274, 130.09187760669928
9.916000000000274, 130.17081901214456
9.917000000000273, 130.24994493427204
9.918000000000273, 130.32925522447502
9.919000000000274, 130.40874973414674
9.920000000000272, 130.48842831468036
9.921000000000271, 130.56829081746915
9.922000000000272, 130.6483370939063
9.923000000000272, 130.72856699538497
9.92400000000027, 130.80898037329843
9.925000000000269, 130.88957707903987
9.926000000000268, 130.97035696400252
9.927000000000268, 131.05131987957964
9.928000000000267, 131.1324656771643
9.929000000000267, 131.21379420814986
9.930000000000266, 131.29530532392948
9.931000000000266, 131.37699887589633
9.932000000000265, 131.4588747154437
9.933000000000265, 131.54093269396475
9.934000000000264, 131.6231726628527
9.935000000000263, 131.7055944735008
9.936000000000263, 131.78819797730222
9.93700000000026, 131.8709830256502
9.938000000000262, 131.95394946993792
9.939000000000261, 132.03709716155865
9.94000000000026, 132.12042595190556
9.941000000000258, 132.20393569237189
9.94200000000026, 132.28762623435077
9.943000000000259, 132.37149742923555
9.944000000000258, 132.45554912841934
9.945000000000258, 132.53978118329542
9.946000000000257, 132.6241934452569
9.947000000000257, 132.70878576569712
9.948000000000256, 132.7935579960092
9.949000000000256, 132.8785099875864
9.950000000000255, 132.96364159182195
9.951000000000253, 133.04895266010905
9.952000000000254, 133.13444304384083
9.953000000000255, 133.22011345006808
9.954000000000253, 133.3059685628732
9.955000000000254, 133.39201422093805
9.956000000000252, 133.47825626306908
9.957000000000251, 133.56470052807268
9.95800000000025, 133.6513528547553
9.95900000000025, 133.7382190819233
9.96000000000025, 133.8253050483831
9.961000000000249, 133.9126165929411
9.962000000000248, 134.00015955440378
9.963000000000246, 134.08793977157748
9.964000000000247, 134.17596308326864
9.965000000000247, 134.2642353282837
9.966000000000246, 134.35276234542894
9.967000000000246, 134.44154997351097
9.968000000000245, 134.530604051336
9.969000000000246, 134.6199304177106
9.970000000000242, 134.70953491144115
9.971000000000243, 134.799423371334
9.972000000000243, 134.8896016361956
9.973000000000244, 134.98007554483232
9.974000000000242, 135.0708509360506
9.97500000000024, 135.1619336486569
9.97600000000024, 135.25332952145754
9.97700000000024, 135.34504439325903
9.97800000000024, 135.43708410286771
9.979000000000239, 135.52945448908997
9.980000000000238, 135.62216139073223
9.981000000000238, 135.71521064660104
9.982000000000237, 135.80860809550265
9.983000000000235, 135.90235957624353
9.984000000000236, 135.99647092763004
9.985000000000236, 136.09094798846868
9.986000000000235, 136.18579659756577
9.987000000000236, 136.2810225937278
9.988000000000234, 136.37663181576113
9.989000000000232, 136.4726301024722
9.990000000000233, 136.56902329266742
9.991000000000232, 136.66581722515315
9.992000000000232, 136.76301773873584
9.993000000000231, 136.86063067222193
9.99400000000023, 136.9586618644178
9.995000000000232, 137.05711715412983
9.99600000000023, 137.1560023801645
9.997000000000229, 137.25532338132817
9.998000000000228, 137.35508599642728
9.99900000000023, 137.4552960642682
10.00000000000023, 137.55595942365738
10.001000000000225, 137.6570819134012
10.002000000000226, 137.75866894959395
10.003000000000227, 137.86072369174184
10.004000000000225, 137.96324854940568
10.005000000000226, 138.06624593164506
10.006000000000224, 138.1697182475197
10.007000000000223, 138.27366790608934
10.008000000000223, 138.37809731641363
10.009000000000222, 138.48300888755227
10.010000000000222, 138.58840502856492
10.011000000000221, 138.69428814851128
10.01200000000022, 138.80066065645104
10.013000000000222, 138.90752496144393
10.01400000000022, 139.01488347254954
10.015000000000217, 139.12273859882765
10.016000000000219, 139.23109274933793
10.01700000000022, 139.33994833314003
10.018000000000217, 139.44930775929365
10.019000000000219, 139.5591734368585
10.020000000000216, 139.66954777489423
10.021000000000216, 139.7804331824606
10.022000000000215, 139.8918320686172
10.023000000000215, 140.00374684242382
10.024000000000214, 140.11617991294003
10.025000000000215, 140.22913368922562
10.026000000000213, 140.34261058034025
10.027000000000212, 140.45661299534356
10.028000000000214, 140.57114334329532
10.02900000000021, 140.68620403325517
10.03000000000021, 140.8017974742828
10.03100000000021, 140.91792607543792
10.03200000000021, 141.03459224578012
10.03300000000021, 141.15179839436922
10.034000000000209, 141.26954693026485
10.035000000000208, 141.3878402625267
10.03600000000021, 141.5066808002145
10.037000000000205, 141.6260709523878
10.038000000000206, 141.74601312810645
10.039000000000206, 141.86650973643006
10.040000000000205, 141.98756318641836
10.041000000000206, 142.109175887131
10.042000000000204, 142.23135024762763
10.043000000000204, 142.354088676968
10.044000000000203, 142.47739358421177
10.045000000000204, 142.6012673784187
10.046000000000204, 142.72571246864837
10.047000000000203, 142.8507312639605
10.048000000000199, 142.9763261734148
10.049000000000202, 143.10249960607098
10.050000000000201, 143.22925397098868
10.0510000000002, 143.3565916772276
10.052000000000199, 143.48451513384742
10.053000000000196, 143.61302674990793
10.054000000000194, 143.74212893446858
10.055000000000197, 143.8718240965893
10.056000000000196, 144.0021146453297
10.057000000000194, 144.13300298974937
10.058000000000195, 144.26449153890815
10.059000000000195, 144.39658270186564
10.060000000000194, 144.52927888768153
10.061000000000195, 144.66258250541551
10.062000000000193, 144.79649596412733
10.063000000000192, 144.93102167287662
10.064000000000192, 145.06616204072304
10.06500000000019, 145.20191947672635
10.06600000000019, 145.33829638994618
10.06700000000019, 145.47529518944225
10.06800000000019, 145.61291828427423
10.06900000000019, 145.7511680835018
10.070000000000187, 145.8900469961847
10.07100000000019, 146.02955743138253
10.072000000000187, 146.16970179815507
10.073000000000185, 146.31048250556194
10.074000000000185, 146.4519019626629
10.075000000000186, 146.59396219819604
10.076000000000183, 146.73664280545646
10.077000000000186, 146.8798888217367
10.078000000000184, 147.02364233721164
10.079000000000182, 147.16784544205643
10.080000000000183, 147.31244022644609
10.081000000000182, 147.45736878055564
10.082000000000182, 147.6025731945601
10.083000000000183, 147.74799555863459
10.08400000000018, 147.8935779629541
10.08500000000018, 148.03926249769367
10.08600000000018, 148.1849912530283
10.087000000000177, 148.33070631913313
10.088000000000179, 148.4763497861831
10.08900000000018, 148.62186374435333
10.090000000000177, 148.76719028381888
10.091000000000177, 148.9122714947547
10.092000000000176, 149.0570494673358
10.093000000000174, 149.20146629173735
10.094000000000175, 149.34546405813433
10.095000000000176, 149.48898485670173
10.096000000000174, 149.63197077761473
10.097000000000172, 149.77436391104823
10.098000000000173, 149.91610634717736
10.09900000000017, 150.0571401761771
10.100000000000172, 150.19740748822252
10.101000000000171, 150.3368503734887
10.102000000000169, 150.47541092215056
10.103000000000172, 150.61303122438326
10.10400000000017, 150.74965337036178
10.105000000000171, 150.88521945026122
10.106000000000169, 151.01967155425655
10.107000000000166, 151.1529571301242
10.108000000000168, 151.28506243049617
10.109000000000169, 151.41599079562306
10.110000000000166, 151.5457456400363
10.111000000000168, 151.67433037826717
10.112000000000165, 151.8017484248469
10.113000000000165, 151.92800319430683
10.114000000000164, 152.05309810117836
10.115000000000165, 152.1770365599927
10.116000000000163, 152.2998219852812
10.11700000000016, 152.42145779157516
10.118000000000162, 152.54194739340596
10.119000000000163, 152.66129420530484
10.12000000000016, 152.77950164180308
10.12100000000016, 152.8965731174321
10.12200000000016, 153.0125120467231
10.12300000000016, 153.12732184420744
10.124000000000159, 153.2410059244164
10.125000000000156, 153.35356770188145
10.126000000000158, 153.4650105911337
10.127000000000159, 153.57533800670458
10.128000000000156, 153.6845533631253
10.129000000000158, 153.79266007492726
10.130000000000155, 153.89966155664175
10.131000000000155, 154.00556122280005
10.132000000000154, 154.11036248793351
10.133000000000154, 154.21406876657346
10.134000000000151, 154.31668347325117
10.135000000000153, 154.418210022498
10.136000000000152, 154.51865182884518
10.137000000000151, 154.61801230682403
10.138000000000151, 154.71629487096595
10.139000000000149, 154.8135029358022
10.14000000000015, 154.9096399158641
10.14100000000015, 155.00470922568292
10.142000000000149, 155.09871427979002
10.14300000000015, 155.19165849271673
10.144000000000148, 155.28354527899432
10.145000000000145, 155.3743780531541
10.146000000000146, 155.46416022972738
10.147000000000144, 155.5528952232455
10.148000000000144, 155.6405864482398
10.149000000000145, 155.72723731924154
10.150000000000144, 155.812851250782
10.151000000000145, 155.89743165739256
10.152000000000143, 155.98098195360447
10.15300000000014, 156.0635055539491
10.154000000000142, 156.14500587295777
10.155000000000141, 156.22548632516174
10.156000000000141, 156.3049503250923
10.157000000000139, 156.3834012872809
10.15800000000014, 156.4608426262587
10.159000000000141, 156.53727775655702
10.16000000000014, 156.61271009270735
10.16100000000014, 156.68714304924077
10.162000000000136, 156.7605800406887
10.163000000000135, 156.83302448158247
10.164000000000136, 156.90447978645338
10.165000000000136, 156.9749493698327
10.166000000000135, 157.0444366462517
10.167000000000135, 157.11294503024192
10.168000000000134, 157.18047793633446
10.169000000000134, 157.24703877906063
10.170000000000135, 157.31263097295187
10.17100000000013, 157.3772579325394
10.172000000000132, 157.4409230723545
10.173000000000133, 157.5036298069286
10.174000000000131, 157.56538155079295
10.175000000000129, 157.6261817184788
10.176000000000128, 157.68603372451756
10.17700000000013, 157.74494098344047
10.178000000000129, 157.80290690977895
10.179000000000128, 157.85993491806414
10.180000000000128, 157.9160284228275
10.181000000000129, 157.9711908386003
10.182000000000127, 158.02542557991384
10.183000000000126, 158.07873606129942
10.184000000000125, 158.13112569728833
10.185000000000127, 158.18259790241194
10.186000000000124, 158.23315609120155
10.187000000000122, 158.2828036781885
10.188000000000125, 158.331544077904
10.18900000000012, 158.37938070487942
10.190000000000122, 158.42631697364612
10.191000000000122, 158.47235629873538
10.192000000000123, 158.51750209467843
10.193000000000122, 158.5617577760067
10.194000000000118, 158.6051267572515
10.195000000000121, 158.647612452944
10.196000000000119, 158.6892182776156
10.197000000000118, 158.7299476457977
10.19800000000012, 158.7698039720215
10.199000000000117, 158.80879067081827
10.200000000000117, 158.8469111567195
10.201000000000114, 158.88416884425638
10.202000000000115, 158.92056714796018
10.203000000000117, 158.95610948236236
10.204000000000114, 158.99079926199408
10.205000000000114, 159.02463990138668
10.206000000000113, 159.0576348150716
10.20700000000011, 159.08978741758
10.208000000000112, 159.12110112344325
10.20900000000011, 159.15157934719267
10.210000000000111, 159.18122550335957
10.21100000000011, 159.21004300647522
10.21200000000011, 159.23803527107103
10.21300000000011, 159.2652057116782
10.214000000000109, 159.2915577428281
10.21500000000011, 159.317094779052
10.216000000000108, 159.34182023488128
10.217000000000105, 159.36573752484725
10.218000000000105, 159.38885006348113
10.219000000000108, 159.41116126531432
10.220000000000105, 159.43267454487807
10.221000000000103, 159.4533933167038
10.222000000000104, 159.47332099532264
10.223000000000102, 159.49246099526607
10.224000000000103, 159.51081673106535
10.225000000000101, 159.5283916172517
10.2260000000001, 159.54518906835662
10.227000000000103, 159.56121249891123
10.228000000000101, 159.576465323447
10.229000000000102, 159.59095095649508
10.230000000000102, 159.6046728125869
10.2310000000001, 159.61763430625382
10.232000000000102, 159.62983885202698
10.233000000000098, 159.6412898644378
10.234000000000098, 159.65199075801763
10.235000000000099, 159.66194494729768
10.236000000000097, 159.67115584680934
10.237000000000096, 159.6796268710839
10.238000000000095, 159.68736143465264
10.239000000000097, 159.6943629520469
10.240000000000093, 159.700634837798
10.241000000000094, 159.7061805064372
10.242000000000093, 159.71100337249592
10.243000000000093, 159.71510685050535
10.244000000000092, 159.7184943549969
10.245000000000093, 159.7211693005018
10.246000000000091, 159.72313510155135
10.247000000000089, 159.72439517267702
10.24800000000009, 159.72495292840995
10.249000000000088, 159.72481178328155
10.250000000000089, 159.72397515182308
10.251000000000088, 159.72244644856585
10.252000000000088, 159.7202290880412
10.253000000000089, 159.71732648478044
10.254000000000087, 159.7137420533149
10.255000000000086, 159.70947920817582
10.256000000000085, 159.70454136389458
10.257000000000085, 159.69893193500246
10.258000000000084, 159.6926543360308
10.259000000000086, 159.6857119815109
10.260000000000083, 159.67810828597408
10.261000000000083, 159.66984666395155
10.262000000000084, 159.66093052997473
10.263000000000082, 159.651363298575
10.264000000000081, 159.64114838428353
10.26500000000008, 159.63028920163168
10.26600000000008, 159.61878916515076
10.267000000000078, 159.60665168937211
10.268000000000079, 159.593880188827
10.269000000000078, 159.58047807804672
10.270000000000078, 159.56644877156273
10.271000000000075, 159.55179568390614
10.272000000000077, 159.53652222960844
10.273000000000076, 159.5206318232008
10.274000000000076, 159.5041278792146
10.275000000000073, 159.48701381218115
10.276000000000074, 159.4692930366318
10.277000000000074, 159.45096896709777
10.278000000000073, 159.4320450181104
10.279000000000075, 159.41252460420105
10.280000000000072, 159.39241113990101
10.28100000000007, 159.37170803974158
10.282000000000071, 159.350418718254
10.283000000000069, 159.3285465899698
10.284000000000072, 159.30609506942005
10.285000000000071, 159.2830675711362
10.286000000000069, 159.25946750964954
10.287000000000067, 159.23529829949132
10.288000000000068, 159.21056335519287
10.289000000000069, 159.18526609128554
10.290000000000067, 159.1594099223007
10.291000000000068, 159.13299826276955
10.292000000000066, 159.10603452722347
10.293000000000067, 159.07852213019373
10.294000000000064, 159.0504644862116
10.295000000000064, 159.0218650098085
10.296000000000063, 158.99272711551572
10.297000000000063, 158.9630542178645
10.298000000000066, 158.93284973138623
10.29900000000006, 158.90211707061218
10.300000000000061, 158.87085965007367
10.30100000000006, 158.839080884302
10.302000000000062, 158.8067841878285
10.303000000000061, 158.77397297518442
10.304000000000059, 158.74065066090122
10.30500000000006, 158.7068206595101
10.306000000000058, 158.6724863855423
10.307000000000055, 158.63765125352933
10.308000000000057, 158.60231867800235
10.309000000000058, 158.56649207349273
10.310000000000056, 158.53017485453174
10.311000000000055, 158.49337043565077
10.312000000000056, 158.45608223138103
10.313000000000056, 158.4183136562539
10.314000000000053, 158.3800681248007
10.315000000000053, 158.34134905155264
10.316000000000052, 158.3021598510412
10.31700000000005, 158.2625039377976
10.318000000000051, 158.22238472635308
10.319000000000049, 158.18180563123903
10.32000000000005, 158.14077006698682
10.32100000000005, 158.09928144812767
10.322000000000049, 158.0573431891929
10.323000000000048, 158.01495870471385
10.324000000000048, 157.97213140922182
10.325000000000047, 157.92886471724816
10.326000000000048, 157.8851620433241
10.327000000000044, 157.84102680198106
10.328000000000046, 157.79646240775017
10.329000000000045, 157.751472275163
10.330000000000044, 157.70605981875067
10.331000000000042, 157.66022845304454
10.332000000000042, 157.61398159257595
10.333000000000043, 157.56732265187622
10.334000000000042, 157.52025504547657
10.335000000000043, 157.47278218790836
10.336000000000041, 157.42490749370296
10.337000000000042, 157.37663437739164
10.33800000000004, 157.32796625350568
10.33900000000004, 157.27890653657647
10.34000000000004, 157.22945864113524
10.341000000000037, 157.17962598171331
10.342000000000036, 157.12941197284204
10.343000000000037, 157.07882002905268
10.344000000000037, 157.0278535648767
10.345000000000038, 156.9765159948452
10.346000000000034, 156.9248107334896
10.347000000000037, 156.8727411953412
10.348000000000035, 156.82031079493132
10.349000000000036, 156.76752294679122
10.350000000000032, 156.71438106545227
10.351000000000035, 156.6608885654458
10.352000000000032, 156.607048861303
10.353000000000032, 156.55286536755534
10.354000000000031, 156.49834149873408
10.35500000000003, 156.4434806693705
10.35600000000003, 156.38828629399583
10.357000000000028, 156.33276178714155
10.358000000000029, 156.2769105633389
10.35900000000003, 156.22073603711914
10.360000000000028, 156.16424162301365
10.361000000000027, 156.1074307355538
10.362000000000029, 156.05030678927073
10.363000000000028, 155.99287319869592
10.364000000000026, 155.93513337836055
10.365000000000025, 155.877090742796
10.366000000000025, 155.81874870653357
10.367000000000024, 155.76011068410457
10.368000000000025, 155.70118009004034
10.369000000000025, 155.64196033887214
10.370000000000022, 155.58245484513128
10.371000000000024, 155.5226670233492
10.372000000000021, 155.46260028805705
10.37300000000002, 155.4022580537862
10.37400000000002, 155.34164373506795
10.375000000000021, 155.28076074643366
10.376000000000019, 155.2196125024146
10.37700000000002, 155.1582024175421
10.378000000000018, 155.09653390634745
10.379000000000019, 155.034610383362
10.380000000000017, 154.97243526311698
10.381000000000014, 154.91001196014383
10.382000000000016, 154.8473438889737
10.383000000000017, 154.7844344641381
10.384000000000015, 154.72128710016818
10.385000000000014, 154.65790521159533
10.386000000000015, 154.59429221295082
10.387000000000011, 154.53045151876597
10.388000000000012, 154.4663865435721
10.389000000000014, 154.40210070190057
10.390000000000013, 154.3375974082826
10.391000000000012, 154.2728800772495
10.392000000000008, 154.20795212333272
10.393000000000011, 154.14281696106346
10.394000000000009, 154.07747800497302
10.39500000000001, 154.0119386695928
10.396000000000008, 153.946202369454
10.39700000000001, 153.880272519088
10.398000000000003, 153.81415253302617
10.399000000000004, 153.7478458257997
10.400000000000006, 153.68135581193994
10.401000000000007, 153.6146859059782
10.402000000000005, 153.54783952244588
10.403000000000006, 153.48082007587414
10.404000000000005, 153.4136309807944
10.405000000000001, 153.34627565173793
10.406, 153.27875750323608
10.407, 153.21107994982015
10.408000000000001, 153.14324640602143
10.408999999999999, 153.07526028637122
10.41, 153.00712500540087
10.411, 152.93884397764901
10.411999999999999, 152.870421339389
10.412999999999998, 152.8018639287052
10.413999999999998, 152.73317921578462
10.414999999999996, 152.66437467081425
10.415999999999997, 152.59545776398113
10.416999999999998, 152.52643596547222
10.417999999999997, 152.45731674547466
10.418999999999995, 152.38810757417536
10.419999999999995, 152.3188159217613
10.420999999999994, 152.24944925841967
10.421999999999993, 152.18001505433733
10.422999999999995, 152.11052077970135
10.42399999999999, 152.04097390469877
10.424999999999994, 151.97138189951653
10.425999999999991, 151.90175223434176
10.426999999999992, 151.8320923793614
10.42799999999999, 151.76240980476246
10.428999999999991, 151.69271198073196
10.429999999999989, 151.623006377457
10.430999999999989, 151.5533004651245
10.431999999999988, 151.48360171392144
10.43299999999999, 151.413917594035
10.433999999999987, 151.34425557565208
10.434999999999985, 151.27462312895972
10.435999999999986, 151.20502772414494
10.436999999999987, 151.13547683139473
10.437999999999983, 151.06597792089613
10.438999999999986, 150.9965384628362
10.439999999999985, 150.92716592740186
10.440999999999985, 150.8578677847802
10.441999999999982, 150.78865150515827
10.442999999999982, 150.71952455872292
10.443999999999983, 150.65049441566137
10.44499999999998, 150.5815685461605
10.44599999999998, 150.51275442040742
10.44699999999998, 150.44405813462723
10.447999999999979, 150.37548011225678
10.448999999999979, 150.30701931288567
10.44999999999998, 150.23867469610178
10.45099999999998, 150.17044522149305
10.451999999999977, 150.1023298486473
10.452999999999978, 150.03432753715256
10.453999999999978, 149.96643724659663
10.454999999999973, 149.89865793656747
10.455999999999973, 149.830988566653
10.456999999999974, 149.76342809644112
10.457999999999974, 149.69597548551968
10.458999999999975, 149.62862969347665
10.459999999999972, 149.5613896798999
10.460999999999972, 149.4942544043774
10.461999999999971, 149.42722282649694
10.46299999999997, 149.36029390584656
10.46399999999997, 149.293466602014
10.464999999999971, 149.2267398745874
10.465999999999969, 149.16011268315452
10.466999999999969, 149.0935839873032
10.46799999999997, 149.02715274662148
10.468999999999966, 148.9608179206972
10.469999999999967, 148.8945784691183
10.470999999999966, 148.82843335147268
10.471999999999966, 148.76238152734817
10.472999999999967, 148.69642195633287
10.473999999999965, 148.63055359801447
10.474999999999964, 148.564775411981
10.475999999999964, 148.4990863578203
10.476999999999963, 148.43348539512036
10.47799999999996, 148.367971483469
10.478999999999962, 148.3025435824542
10.479999999999961, 148.23720065166378
10.48099999999996, 148.17194165068577
10.481999999999962, 148.10676553910795
10.482999999999958, 148.04167127651831
10.48399999999996, 147.9766578225047
10.48499999999996, 147.9117241366551
10.485999999999958, 147.84686917855734
10.48699999999996, 147.78209190779938
10.487999999999957, 147.71739128396908
10.488999999999956, 147.65276622324933
10.489999999999956, 147.58821544020614
10.490999999999957, 147.52373759090915
10.491999999999953, 147.4593313314219
10.492999999999952, 147.39499531780783
10.493999999999954, 147.3307282061303
10.494999999999951, 147.26652865245276
10.495999999999952, 147.20239531283872
10.496999999999952, 147.1383268433516
10.497999999999951, 147.0743219000548
10.49899999999995, 147.0103791390118
10.49999999999995, 146.9464972162861
10.500999999999948, 146.88267478794097
10.50199999999995, 146.81891051004007
10.50299999999995, 146.75520303864667
10.503999999999948, 146.69155102982432
10.50499999999995, 146.62795313963645
10.505999999999947, 146.56440802414645
10.506999999999946, 146.5009143394178
10.507999999999946, 146.43747074151392
10.508999999999945, 146.37407588649825
10.509999999999945, 146.31072843043432
10.510999999999946, 146.24742702938542
10.511999999999944, 146.18417033941515
10.512999999999943, 146.12095701658686
10.513999999999943, 146.057785716964
10.51499999999994, 145.99465509661005
10.515999999999941, 145.93156381158843
10.516999999999943, 145.8685105179626
10.51799999999994, 145.805493871796
10.518999999999942, 145.74251252915198
10.51999999999994, 145.6795651460941
10.520999999999939, 145.6166503786858
10.521999999999938, 145.55376688299046
10.522999999999938, 145.49091331507157
10.523999999999937, 145.42808833099258
10.524999999999938, 145.36529058681685
10.525999999999936, 145.30251873860794
10.526999999999935, 145.23977144242926
10.527999999999935, 145.17704735434415
10.528999999999934, 145.11434513041618
10.529999999999934, 145.05166342670873
10.530999999999933, 144.9890008992853
10.531999999999933, 144.92635620420927
10.53299999999993, 144.86372799754412
10.533999999999931, 144.80111493535324
10.53499999999993, 144.7385156737002
10.53599999999993, 144.67592886864824
10.536999999999932, 144.61335317626094
10.53799999999993, 144.55078725260182
10.538999999999929, 144.48822975373415
10.539999999999928, 144.42567933572147
10.540999999999928, 144.36313465462723
10.541999999999925, 144.30059436651482
10.542999999999926, 144.23805712744772
10.543999999999926, 144.17552159348935
10.544999999999927, 144.11298642070315
10.545999999999927, 144.05045026515262
10.546999999999922, 143.98791178290114
10.547999999999922, 143.9253696300122
10.548999999999923, 143.8628224625492
10.549999999999924, 143.80026893657558
10.550999999999924, 143.73770770815486
10.551999999999921, 143.6751374333504
10.55299999999992, 143.61255676822566
10.55399999999992, 143.54996436884412
10.554999999999922, 143.4873588912692
10.55599999999992, 143.4247389915643
10.556999999999917, 143.36210332579296
10.557999999999918, 143.29945055001855
10.558999999999918, 143.23677932030452
10.559999999999917, 143.17408829271434
10.560999999999915, 143.11137612331143
10.561999999999916, 143.04864146815925
10.562999999999914, 142.98588298332123
10.563999999999915, 142.92309932486083
10.564999999999916, 142.86028914884147
10.565999999999914, 142.79745111132658
10.566999999999915, 142.7345838683797
10.567999999999914, 142.67168607606413
10.56899999999991, 142.6087563904434
10.569999999999911, 142.545793467581
10.570999999999913, 142.48279596354024
10.57199999999991, 142.41976253438466
10.57299999999991, 142.35669183617767
10.573999999999911, 142.29358252498275
10.574999999999909, 142.23043325686328
10.575999999999908, 142.16724268788275
10.576999999999908, 142.1040094741046
10.577999999999909, 142.04073227159222
10.578999999999905, 141.97740973640916
10.579999999999904, 141.9140405246188
10.580999999999907, 141.85062329228452
10.581999999999905, 141.78715669546986
10.582999999999906, 141.72363939023825
10.583999999999904, 141.6600700326531
10.584999999999901, 141.59644727877787
10.585999999999903, 141.53276978467602
10.586999999999902, 141.46903656432337
10.5879999999999, 141.4052488293238
10.588999999999901, 141.341408624869
10.5899999999999, 141.2775179977425
10.5909999999999, 141.21357899472778
10.5919999999999, 141.14959366260845
10.592999999999899, 141.08556404816795
10.593999999999898, 141.0214921981899
10.594999999999898, 140.9573801594577
10.595999999999899, 140.89322997875496
10.596999999999895, 140.82904370286516
10.597999999999894, 140.76482337857186
10.598999999999894, 140.70057105265855
10.599999999999897, 140.63628877190882
10.600999999999896, 140.5719785831061
10.601999999999892, 140.507642533034
10.602999999999895, 140.44328266847594
10.603999999999893, 140.37890103621552
10.604999999999894, 140.31449968303627
10.605999999999892, 140.2500806557217
10.606999999999891, 140.1856460010553
10.60799999999989, 140.12119776582065
10.608999999999888, 140.05673799680116
10.60999999999989, 139.99226874078056
10.61099999999989, 139.92779204454214
10.611999999999888, 139.8633099548696
10.612999999999888, 139.79882451854635
10.613999999999889, 139.734337782356
10.614999999999888, 139.66985179308205
10.615999999999886, 139.60536859750795
10.616999999999885, 139.54089024241728
10.617999999999885, 139.4764187745936
10.618999999999886, 139.4119562408204
10.619999999999884, 139.34750468788116
10.620999999999883, 139.28306616255946
10.621999999999883, 139.21864271163884
10.622999999999882, 139.15423638190273
10.623999999999882, 139.08984922013474
10.624999999999883, 139.0254832731184
10.62599999999988, 138.96114058763717
10.626999999999878, 138.89682321047462
10.62799999999988, 138.8325331884143
10.62899999999988, 138.76827256823958
10.629999999999878, 138.7040433967342
10.63099999999988, 138.63984772068153
10.631999999999877, 138.57568758686517
10.632999999999878, 138.51156504206855
10.633999999999876, 138.44748213307534
10.634999999999875, 138.3834409066689
10.635999999999875, 138.31944369574103
10.636999999999873, 138.25549486135293
10.637999999999874, 138.19159964087555
10.638999999999873, 138.1277632751586
10.639999999999873, 138.06399100505183
10.640999999999872, 138.00028807140504
10.641999999999873, 137.93665971506783
10.64299999999987, 137.87311117688998
10.64399999999987, 137.80964769772126
10.644999999999868, 137.7462745184114
10.64599999999987, 137.68299687981008
10.64699999999987, 137.61982002276704
10.647999999999868, 137.55674918813207
10.648999999999868, 137.49378961675484
10.649999999999867, 137.43094654948513
10.650999999999867, 137.3682252271726
10.651999999999866, 137.30563089066703
10.652999999999865, 137.2431687808181
10.653999999999865, 137.18084413847566
10.654999999999864, 137.1186622044893
10.655999999999864, 137.05662821970887
10.656999999999861, 136.99474742498398
10.657999999999861, 136.9330250611645
10.658999999999864, 136.87146636910003
10.659999999999862, 136.81007658964037
10.660999999999863, 136.74886096363522
10.66199999999986, 136.6878247319343
10.66299999999986, 136.62697313538746
10.66399999999986, 136.56631141484434
10.66499999999986, 136.5058448111546
10.665999999999858, 136.44557856516803
10.666999999999858, 136.38551791773446
10.667999999999857, 136.32566810970349
10.668999999999857, 136.26603438192484
10.669999999999856, 136.20662197524837
10.670999999999855, 136.1474361305237
10.671999999999855, 136.08848208860059
10.672999999999854, 136.0297650903288
10.673999999999854, 135.971290376558
10.674999999999851, 135.91306318813798
10.675999999999853, 135.85508876591845
10.676999999999854, 135.79737235074913
10.677999999999852, 135.73991918347977
10.678999999999853, 135.68273450496008
10.67999999999985, 135.6258235560398
10.68099999999985, 135.5691915775687
10.68199999999985, 135.51284381039645
10.682999999999849, 135.45678549537277
10.683999999999848, 135.40102187334742
10.684999999999848, 135.34555818517018
10.685999999999847, 135.29039967169075
10.686999999999847, 135.23555157375878
10.687999999999846, 135.18101913222412
10.688999999999844, 135.1268075879364
10.689999999999845, 135.07292218174544
10.690999999999843, 135.0193681545009
10.691999999999844, 134.96615074705255
10.692999999999845, 134.9132752002501
10.693999999999843, 134.86074675494334
10.694999999999842, 134.80857065198188
10.695999999999842, 134.7567521322156
10.696999999999841, 134.7052964364941
10.69799999999984, 134.6542088056672
10.69899999999984, 134.60349448058454
10.69999999999984, 134.55315870209594
10.700999999999839, 134.50320671105112
10.701999999999838, 134.45364374829975
10.702999999999836, 134.4044750546916
10.703999999999837, 134.3557058710764
10.704999999999835, 134.30734143830392
10.705999999999836, 134.2593869972238
10.706999999999834, 134.21184778868584
10.707999999999835, 134.1647290535397
10.708999999999834, 134.11803603263525
10.709999999999834, 134.0717739668221
10.710999999999832, 134.02594809694997
10.711999999999833, 133.9805636638687
10.712999999999832, 133.9356259084279
10.713999999999832, 133.89114007147737
10.714999999999831, 133.84711139386684
10.71599999999983, 133.80354511644603
10.716999999999828, 133.76044648006467
10.71799999999983, 133.71782072557247
10.718999999999829, 133.67567309381923
10.719999999999828, 133.63400794984832
10.720999999999826, 133.59282163244455
10.721999999999827, 133.55210617021282
10.722999999999827, 133.5118535504842
10.723999999999826, 133.47205576059
10.724999999999824, 133.43270478786118
10.725999999999825, 133.39379261962904
10.726999999999824, 133.35531124322472
10.727999999999824, 133.31725264597932
10.728999999999823, 133.279608815224
10.729999999999823, 133.24237173829
10.730999999999822, 133.20553340250837
10.731999999999822, 133.16908579521035
10.732999999999821, 133.13302090372704
10.73399999999982, 133.09733071538957
10.734999999999818, 133.0620072175292
10.73599999999982, 133.02704239747703
10.736999999999819, 132.99242824256416
10.73799999999982, 132.95815674012184
10.738999999999816, 132.9242198774811
10.739999999999817, 132.8906096419733
10.740999999999817, 132.85731802092937
10.741999999999816, 132.82433700168062
10.742999999999817, 132.79165857155817
10.743999999999815, 132.75927471789313
10.744999999999814, 132.72717742801666
10.745999999999814, 132.69535868926
10.746999999999813, 132.6638104889542
10.747999999999813, 132.63252481443044
10.748999999999812, 132.60149365301996
10.74999999999981, 132.57070899205382
10.750999999999811, 132.54016281886322
10.751999999999812, 132.50984712077928
10.752999999999808, 132.4797538851332
10.75399999999981, 132.4498750992561
10.754999999999809, 132.42020275047915
10.755999999999808, 132.3907288261335
10.75699999999981, 132.36144531355035
10.757999999999805, 132.3323442000608
10.758999999999807, 132.30341747299602
10.759999999999806, 132.2746571196872
10.760999999999806, 132.2460551274654
10.761999999999805, 132.2176034836619
10.762999999999805, 132.18929417560776
10.763999999999804, 132.1611191906342
10.764999999999805, 132.1330705160723
10.765999999999803, 132.1051401392533
10.7669999999998, 132.07732004750832
10.767999999999802, 132.0496022281685
10.768999999999801, 132.021978668565
10.7699999999998, 131.994441356029
10.770999999999802, 131.96698227789165
10.7719999999998, 131.93959342148412
10.772999999999799, 131.9122667741375
10.773999999999798, 131.884994323183
10.774999999999798, 131.85776805595174
10.775999999999797, 131.83057995977492
10.776999999999797, 131.8034220219837
10.777999999999796, 131.77628622990915
10.778999999999794, 131.74916457088256
10.779999999999795, 131.72204903223493
10.780999999999795, 131.69493160129753
10.781999999999794, 131.66780426540151
10.782999999999793, 131.64065901187797
10.783999999999793, 131.61348782805808
10.78499999999979, 131.586283946317
10.785999999999792, 131.55904685532542
10.786999999999791, 131.5317780046155
10.78799999999979, 131.50447884440587
10.788999999999792, 131.47715082491524
10.789999999999788, 131.44979539636228
10.790999999999787, 131.42241400896563
10.791999999999788, 131.39500811294403
10.792999999999788, 131.3675791585161
10.793999999999789, 131.34012859590052
10.794999999999789, 131.312657875316
10.795999999999786, 131.2851684469812
10.796999999999786, 131.2576617611148
10.797999999999785, 131.23013926793544
10.798999999999783, 131.20260241766184
10.799999999999784, 131.17505266051265
10.800999999999783, 131.14749144670654
10.801999999999783, 131.11992022646223
10.802999999999784, 131.09234044999835
10.803999999999782, 131.06475356753356
10.804999999999783, 131.03716102928658
10.80599999999978, 131.00956428547607
10.80699999999978, 130.98196478632073
10.80799999999978, 130.9543639820392
10.808999999999779, 130.92676332285018
10.809999999999778, 130.8991642589723
10.810999999999778, 130.87156824062427
10.811999999999777, 130.84397671802478
10.812999999999775, 130.8163911413925
10.813999999999776, 130.78881296094607
10.814999999999776, 130.76124362690422
10.815999999999775, 130.73368458948556
10.816999999999776, 130.7061372989088
10.817999999999774, 130.67860320539262
10.818999999999772, 130.65108375915568
10.819999999999773, 130.6235804104167
10.820999999999772, 130.59609460939433
10.821999999999772, 130.5686278063072
10.82299999999977, 130.54118145137403
10.82399999999977, 130.51375699481355
10.824999999999768, 130.48635588684434
10.82599999999977, 130.45897957768506
10.82699999999977, 130.43162951755448
10.827999999999768, 130.40430715667122
10.828999999999768, 130.377013945254
10.829999999999767, 130.3497513335214
10.830999999999765, 130.3225207716922
10.831999999999766, 130.29532370998504
10.832999999999766, 130.26816159861855
10.833999999999765, 130.24103588781145
10.834999999999766, 130.2139480277824
10.835999999999764, 130.18689946875014
10.836999999999762, 130.15989166093328
10.837999999999763, 130.13292605455047
10.838999999999762, 130.10600409982044
10.839999999999762, 130.07912724696183
10.840999999999763, 130.05229694619334
10.84199999999976, 130.02551464773364
10.84299999999976, 129.99878180180139
10.84399999999976, 129.9720998586153
10.844999999999757, 129.94547026839405
10.845999999999759, 129.91889448135626
10.846999999999758, 129.8923739477206
10.847999999999757, 129.86591011770585
10.848999999999759, 129.83950444153058
10.849999999999756, 129.81315836941351
10.850999999999756, 129.7868733515733
10.851999999999757, 129.76065083822863
10.852999999999755, 129.73449227959816
10.853999999999754, 129.70839912590057
10.854999999999752, 129.68237282735464
10.855999999999753, 129.6564148341789
10.856999999999752, 129.63052659659206
10.857999999999754, 129.60470956481285
10.85899999999975, 129.5789651890599
10.85999999999975, 129.55329491955186
10.86099999999975, 129.52770020650752
10.86199999999975, 129.5021825001454
10.862999999999747, 129.4767432506843
10.863999999999749, 129.45138390834285
10.86499999999975, 129.42610592333966
10.865999999999747, 129.40091074589355
10.866999999999745, 129.37579982622307
10.867999999999746, 129.35077461454696
10.868999999999746, 129.32583656108386
10.869999999999745, 129.30098694754764
10.870999999999745, 129.2762257894197
10.871999999999746, 129.25155252637896
10.872999999999744, 129.2269665952062
10.873999999999743, 129.20246743268217
10.874999999999742, 129.17805447558766
10.875999999999742, 129.15372716070354
10.87699999999974, 129.12948492481053
10.87799999999974, 129.10532720468942
10.87899999999974, 129.08125343712103
10.879999999999741, 129.05726305888615
10.88099999999974, 129.03335550676553
10.881999999999739, 129.00953021754
10.882999999999736, 128.98578662799034
10.883999999999737, 128.9621241748973
10.884999999999735, 128.93854229504169
10.885999999999736, 128.91504042520432
10.886999999999736, 128.89161800216598
10.887999999999735, 128.86827446270746
10.888999999999735, 128.84500924360952
10.889999999999734, 128.82182178165294
10.890999999999734, 128.79871151361854
10.891999999999731, 128.77567787628712
10.89299999999973, 128.75272030643944
10.893999999999732, 128.72983824085628
10.89499999999973, 128.7070311163185
10.89599999999973, 128.68429836960678
10.89699999999973, 128.66163943750203
10.897999999999731, 128.63905375678488
10.898999999999727, 128.61654076423628
10.899999999999729, 128.59409989663695
10.900999999999728, 128.57173059076763
10.901999999999727, 128.54943228340923
10.902999999999727, 128.52720441134244
10.903999999999726, 128.5050464113481
10.904999999999728, 128.48295772020694
10.905999999999725, 128.4609377746998
10.906999999999726, 128.43898601160745
10.907999999999724, 128.4171018677107
10.908999999999722, 128.39528477979033
10.909999999999721, 128.37353418462706
10.910999999999722, 128.35184951900183
10.911999999999722, 128.3302302196953
10.912999999999723, 128.3086757234883
10.91399999999972, 128.28718546716158
10.914999999999718, 128.265758887496
10.91599999999972, 128.24439542127232
10.916999999999717, 128.22309450527135
10.917999999999719, 128.20185557627377
10.918999999999718, 128.18067807106053
10.919999999999717, 128.15956142447425
10.920999999999717, 128.13850496631773
10.921999999999716, 128.11750786973798
10.922999999999714, 128.09656929510095
10.923999999999715, 128.07568840277258
10.924999999999715, 128.0548643531188
10.925999999999716, 128.0340963065055
10.926999999999715, 128.01338342329865
10.927999999999711, 127.99272486386417
10.928999999999713, 127.972119788568
10.929999999999712, 127.95156735777601
10.930999999999713, 127.9310667318542
10.93199999999971, 127.91061707116847
10.93299999999971, 127.89021753608475
10.93399999999971, 127.86986728696898
10.93499999999971, 127.84956548418711
10.935999999999709, 127.82931128810502
10.936999999999708, 127.80910385908865
10.937999999999708, 127.78894235750394
10.938999999999707, 127.76882594371683
10.939999999999706, 127.74875377809326
10.940999999999704, 127.72872502099914
10.941999999999705, 127.70873883280039
10.942999999999705, 127.68879437386298
10.943999999999704, 127.66889080455277
10.944999999999705, 127.64902728523572
10.945999999999703, 127.62920297627781
10.946999999999704, 127.60941703804492
10.947999999999702, 127.58966863090298
10.948999999999701, 127.56995691521794
10.949999999999699, 127.55028105135568
10.9509999999997, 127.53064019968221
10.9519999999997, 127.51103352056342
10.952999999999701, 127.49146017436524
10.953999999999699, 127.4719193214536
10.954999999999696, 127.45241012219442
10.955999999999698, 127.43293173695363
10.956999999999697, 127.41348332609718
10.957999999999696, 127.39406404999099
10.958999999999698, 127.37467306900098
10.959999999999695, 127.35530954349306
10.960999999999695, 127.33597263383324
10.961999999999694, 127.31666150038737
10.962999999999695, 127.29737530352142
10.963999999999693, 127.27811320360128
10.96499999999969, 127.25887436099288
10.965999999999692, 127.23965793606223
10.966999999999691, 127.22046308917518
10.96799999999969, 127.20128898069771
10.96899999999969, 127.1821347709957
10.96999999999969, 127.16299962043512
10.97099999999969, 127.14388268938188
10.971999999999689, 127.1247831382019
10.972999999999686, 127.10570012726112
10.973999999999688, 127.08663281692549
10.974999999999689, 127.06758036756091
10.975999999999686, 127.04854193953332
10.976999999999688, 127.02951669320868
10.977999999999685, 127.01050378895286
10.978999999999683, 126.99150238713185
10.979999999999684, 126.97251164811155
10.980999999999684, 126.95353073225787
10.981999999999683, 126.93455879993677
10.982999999999683, 126.91559501151417
10.983999999999682, 126.89663852735599
10.984999999999681, 126.8776885078282
10.985999999999681, 126.85874411329667
10.986999999999679, 126.83980450412737
10.98799999999968, 126.82086884068622
10.98899999999968, 126.80193628333916
10.98999999999968, 126.7830059924521
10.99099999999968, 126.76407712839097
10.991999999999678, 126.74514885152172
10.992999999999677, 126.72622032221025
10.993999999999676, 126.70729070082254
10.994999999999676, 126.68835914772447
10.995999999999675, 126.66942482328199
10.996999999999675, 126.650486887861
10.997999999999674, 126.63154450182748
10.998999999999674, 126.61259682554734
10.999999999999673, 126.5936430193865
11.00099999999967, 126.57468224371092
11.001999999999672, 126.5557136588865
11.00299999999967, 126.53673642527914
11.003999999999671, 126.51774970325482
11.004999999999672, 126.49875265317945
11.00599999999967, 126.47974443541898
11.00699999999967, 126.46072421033932
11.007999999999669, 126.44169113844256
11.00899999999967, 126.42264496642687
11.009999999999668, 126.40358736926231
11.010999999999669, 126.38452041782496
11.011999999999666, 126.3654461829911
11.012999999999666, 126.34636673563688
11.013999999999665, 126.32728414663852
11.014999999999665, 126.30820048687218
11.015999999999664, 126.28911782721407
11.016999999999662, 126.27003823854038
11.017999999999663, 126.25096379172732
11.01899999999966, 126.23189655765103
11.019999999999662, 126.21283860718773
11.020999999999663, 126.19379201121362
11.021999999999661, 126.17475884060488
11.022999999999662, 126.15574116623773
11.02399999999966, 126.13674105898829
11.02499999999966, 126.1177605897328
11.025999999999659, 126.09880182934748
11.026999999999658, 126.07986684870845
11.027999999999656, 126.06095771869197
11.028999999999657, 126.04207651017416
11.029999999999657, 126.02322529403129
11.030999999999656, 126.0044061411395
11.031999999999657, 125.985621122375
11.032999999999653, 125.96687230861397
11.033999999999653, 125.94816177073258
11.034999999999652, 125.92949157960709
11.035999999999653, 125.91086380611362
11.036999999999654, 125.89228052112838
11.03799999999965, 125.87374379552759
11.038999999999652, 125.85525570018743
11.039999999999651, 125.83681830598405
11.040999999999649, 125.8184336837937
11.04199999999965, 125.80010390449252
11.04299999999965, 125.78183103895674
11.043999999999649, 125.76361715806253
11.044999999999648, 125.74546433268607
11.045999999999648, 125.72737463370359
11.046999999999647, 125.70935013199124
11.047999999999647, 125.69139289842528
11.048999999999646, 125.6735050038818
11.049999999999645, 125.65568851923709
11.050999999999643, 125.63794551536724
11.051999999999643, 125.6202780631485
11.052999999999644, 125.60268823345712
11.053999999999643, 125.58517809716918
11.054999999999644, 125.5677497251609
11.055999999999642, 125.55040518830849
11.056999999999642, 125.53314655748815
11.057999999999641, 125.51597590357608
11.05899999999964, 125.49889529744843
11.059999999999642, 125.48190680998141
11.06099999999964, 125.46501251205126
11.061999999999639, 125.44821447453405
11.062999999999638, 125.43151473044762
11.063999999999638, 125.4149139598357
11.064999999999635, 125.39841115096326
11.065999999999637, 125.38200518541336
11.066999999999636, 125.36569494476902
11.067999999999635, 125.34947931061328
11.068999999999637, 125.3333571645291
11.069999999999634, 125.31732738809964
11.070999999999634, 125.30138886290783
11.071999999999633, 125.28554047053667
11.072999999999633, 125.26978109256925
11.073999999999632, 125.25410961058859
11.074999999999632, 125.23852490617767
11.075999999999631, 125.22302586091956
11.07699999999963, 125.20761135639727
11.07799999999963, 125.1922802741938
11.07899999999963, 125.17703149589224
11.079999999999627, 125.16186390307556
11.08099999999963, 125.14677637732683
11.081999999999628, 125.13176780022903
11.082999999999625, 125.1168370533652
11.083999999999627, 125.10198301831838
11.084999999999624, 125.08720457667158
11.085999999999625, 125.07250061000781
11.086999999999627, 125.05786999991017
11.087999999999624, 125.0433116279616
11.088999999999624, 125.02882437574519
11.089999999999623, 125.01440712484393
11.090999999999623, 125.00005875684082
11.091999999999622, 124.98577815331896
11.092999999999622, 124.9715641958613
11.093999999999621, 124.9574157660509
11.09499999999962, 124.9433317454708
11.09599999999962, 124.92931101570403
11.096999999999618, 124.91535245833356
11.097999999999619, 124.90145495494248
11.098999999999618, 124.88761738711378
11.099999999999618, 124.87383863643048
11.100999999999619, 124.86011758447565
11.101999999999617, 124.84645311283225
11.102999999999616, 124.83284410308337
11.103999999999616, 124.819289436812
11.104999999999615, 124.80578799560118
11.105999999999614, 124.79233866103392
11.106999999999614, 124.77894031469327
11.107999999999613, 124.76559183816224
11.108999999999613, 124.75229211302383
11.109999999999612, 124.7390400208611
11.11099999999961, 124.72583444325707
11.111999999999611, 124.7126742617948
11.11299999999961, 124.69955835805723
11.11399999999961, 124.68648561362747
11.114999999999611, 124.67345491008851
11.115999999999609, 124.66046512902335
11.116999999999607, 124.64751515201507
11.11799999999961, 124.63460386064666
11.118999999999607, 124.62173013650114
11.119999999999607, 124.60889286116158
11.120999999999606, 124.59609091621097
11.121999999999606, 124.58332318323235
11.122999999999605, 124.57058854380871
11.123999999999604, 124.55788587952313
11.124999999999604, 124.5452140719586
11.125999999999603, 124.53257200269815
11.126999999999601, 124.51995855332481
11.127999999999602, 124.50737260542162
11.1289999999996, 124.49481304057159
11.129999999999601, 124.48227874035771
11.1309999999996, 124.46976858636312
11.1319999999996, 124.45728146017073
11.132999999999601, 124.44481624336359
11.133999999999599, 124.43237181752477
11.134999999999597, 124.41994706423726
11.135999999999598, 124.40754086508412
11.136999999999597, 124.39515210164828
11.137999999999597, 124.3827796555129
11.138999999999596, 124.37042246360315
11.139999999999596, 124.35807995436377
11.140999999999595, 124.34575181355092
11.141999999999594, 124.33343772917686
11.142999999999592, 124.32113738925383
11.143999999999593, 124.30885048179417
11.144999999999593, 124.29657669481008
11.145999999999592, 124.28431571631387
11.146999999999593, 124.27206723431775
11.147999999999591, 124.25983093683404
11.14899999999959, 124.24760651187496
11.14999999999959, 124.2353936474528
11.15099999999959, 124.22319203157981
11.151999999999587, 124.21100135226827
11.152999999999588, 124.19882129753044
11.153999999999588, 124.1866515553786
11.154999999999587, 124.174491813825
11.155999999999588, 124.16234176088187
11.156999999999586, 124.15020108456156
11.157999999999586, 124.13806947287625
11.158999999999585, 124.12594661383824
11.159999999999584, 124.11383219545979
11.160999999999582, 124.1017259057532
11.161999999999583, 124.08962743273071
11.162999999999581, 124.07753646440456
11.163999999999582, 124.06545268878702
11.16499999999958, 124.05337579389038
11.165999999999581, 124.04130546772691
11.166999999999579, 124.02924139830887
11.16799999999958, 124.0171832736485
11.16899999999958, 124.00513078175808
11.169999999999579, 123.99308361064989
11.170999999999578, 123.98104144833616
11.171999999999578, 123.96900398282918
11.172999999999577, 123.95697090214122
11.173999999999577, 123.94494189428453
11.174999999999578, 123.93291664727138
11.175999999999576, 123.92089484911403
11.176999999999575, 123.90887618782477
11.177999999999576, 123.89686035141584
11.178999999999576, 123.8848470278995
11.179999999999573, 123.87283590528804
11.180999999999573, 123.86082667159373
11.181999999999572, 123.84881901482878
11.182999999999572, 123.83681262300549
11.183999999999571, 123.82480718413613
11.18499999999957, 123.81280238623299
11.18599999999957, 123.8007979173083
11.18699999999957, 123.78879346537431
11.187999999999569, 123.77678871844333
11.18899999999957, 123.7647833645276
11.189999999999568, 123.75277709163936
11.190999999999569, 123.74076958779094
11.191999999999567, 123.72876054099456
11.192999999999564, 123.71674963926247
11.193999999999566, 123.70473657060694
11.194999999999565, 123.6927210230403
11.195999999999565, 123.68070268457474
11.196999999999566, 123.66868124322258
11.197999999999563, 123.65665638699602
11.198999999999563, 123.64462780390738
11.199999999999562, 123.63259526591497
11.200999999999562, 123.62055919171269
11.201999999999561, 123.60852030049358
11.20299999999956, 123.5964793131113
11.20399999999956, 123.58443695041964
11.20499999999956, 123.57239393327228
11.205999999999559, 123.56035098252295
11.206999999999557, 123.54830881902532
11.207999999999558, 123.53626816363322
11.208999999999557, 123.52422973720029
11.209999999999559, 123.51219426058026
11.210999999999558, 123.50016245462689
11.211999999999556, 123.4881350401939
11.212999999999557, 123.47611273813496
11.213999999999555, 123.46409626930381
11.214999999999554, 123.45208635455418
11.215999999999553, 123.44008371473981
11.216999999999555, 123.42808907071439
11.217999999999552, 123.41610314333164
11.218999999999554, 123.40412665344533
11.219999999999551, 123.39216032190912
11.220999999999549, 123.38020486957677
11.22199999999955, 123.36826101730199
11.22299999999955, 123.35632948593849
11.223999999999549, 123.34441099634
11.22499999999955, 123.33250626936027
11.225999999999548, 123.32061602585296
11.226999999999547, 123.30874098667186
11.227999999999547, 123.29688187267064
11.228999999999544, 123.28503940470304
11.229999999999546, 123.27321430362278
11.230999999999545, 123.26140729028361
11.231999999999545, 123.2496190855392
11.232999999999544, 123.23785041024328
11.233999999999543, 123.22610198524958
11.234999999999545, 123.21437453141186
11.235999999999542, 123.2026687695838
11.236999999999542, 123.19098542061909
11.237999999999541, 123.17932520537153
11.238999999999539, 123.1676888446948
11.23999999999954, 123.1560770594426
11.24099999999954, 123.14449057046872
11.241999999999539, 123.13293009862679
11.24299999999954, 123.12139636477062
11.243999999999538, 123.10989008975385
11.244999999999537, 123.09841199443028
11.245999999999537, 123.08696279965355
11.246999999999534, 123.07554322627745
11.247999999999536, 123.06415399515565
11.248999999999535, 123.05279582714192
11.249999999999535, 123.04146944308995
11.250999999999534, 123.03017556385348
11.251999999999533, 123.01891491028618
11.252999999999531, 123.00768820324184
11.253999999999532, 122.99649616357414
11.254999999999534, 122.98533951213682
11.255999999999533, 122.9742189697836
11.256999999999532, 122.9631352573682
11.25799999999953, 122.95208909574433
11.25899999999953, 122.94108120576573
11.25999999999953, 122.93011230828608
11.26099999999953, 122.91918312415918
11.261999999999528, 122.90829437423866
11.262999999999527, 122.8974467793783
11.263999999999527, 122.8866410604318
11.264999999999526, 122.8758779382529
11.265999999999526, 122.8651581336953
11.266999999999525, 122.85448236761272
11.267999999999525, 122.8438513608589
11.268999999999524, 122.83326583428756
11.269999999999524, 122.82272650875242
11.270999999999521, 122.8122341051072
11.271999999999522, 122.80178934420556
11.272999999999524, 122.79139294411206
11.273999999999521, 122.78104515040685
11.274999999999519, 122.77074520761903
11.27599999999952, 122.76049223269722
11.276999999999518, 122.75028534259008
11.277999999999519, 122.74012365424619
11.278999999999517, 122.73000628461423
11.279999999999518, 122.71993235064284
11.280999999999517, 122.7099009692806
11.281999999999517, 122.69991125747615
11.282999999999516, 122.68996233217813
11.283999999999518, 122.68005331033518
11.284999999999513, 122.67018330889593
11.285999999999515, 122.66035144480901
11.286999999999514, 122.65055683502307
11.287999999999514, 122.64079859648668
11.288999999999515, 122.63107584614852
11.289999999999512, 122.62138770095724
11.290999999999512, 122.61173327786139
11.291999999999511, 122.6021116938097
11.292999999999509, 122.59252206575073
11.29399999999951, 122.58296351063314
11.29499999999951, 122.57343514540554
11.295999999999509, 122.5639360870166
11.296999999999509, 122.55446545241487
11.297999999999508, 122.54502235854906
11.298999999999506, 122.53560592236781
11.299999999999507, 122.5262152608197
11.300999999999506, 122.51684949085336
11.301999999999506, 122.50750772941745
11.302999999999503, 122.4981890934606
11.303999999999505, 122.48889269993143
11.304999999999504, 122.47961766577853
11.305999999999504, 122.47036310795062
11.306999999999503, 122.46112814339625
11.307999999999502, 122.45191188906409
11.3089999999995, 122.4427134619028
11.309999999999501, 122.43353197886091
11.310999999999499, 122.42436655688716
11.3119999999995, 122.41521631293011
11.3129999999995, 122.40608036393843
11.3139999999995, 122.39695782686074
11.314999999999499, 122.3878478186457
11.315999999999498, 122.37874945624186
11.316999999999496, 122.36966185659793
11.317999999999497, 122.3605841366625
11.318999999999495, 122.35151541338422
11.319999999999496, 122.34245480371168
11.320999999999497, 122.33340142459357
11.321999999999495, 122.32435439297848
11.322999999999494, 122.31531282581506
11.323999999999494, 122.30627584005194
11.324999999999495, 122.29724255263774
11.325999999999492, 122.2882120805211
11.326999999999492, 122.27918354065066
11.327999999999491, 122.27015604997501
11.328999999999489, 122.26112872544283
11.32999999999949, 122.25210068400273
11.330999999999488, 122.24307104260332
11.33199999999949, 122.23403891819325
11.332999999999487, 122.22500342772118
11.333999999999488, 122.2159636881357
11.33499999999949, 122.20691881638547
11.335999999999487, 122.19786792941906
11.336999999999486, 122.18881014418517
11.337999999999486, 122.17974457763242
11.338999999999485, 122.17067034670941
11.339999999999485, 122.16158656836478
11.340999999999484, 122.15249235954718
11.341999999999484, 122.14338683720521
11.342999999999481, 122.13426911828753
11.343999999999482, 122.1251383197428
11.34499999999948, 122.11599355851956
11.34599999999948, 122.1068339515665
11.34699999999948, 122.09765867902053
11.34799999999948, 122.08846770208898
11.348999999999478, 122.07926150889526
11.34999999999948, 122.07004059743856
11.350999999999479, 122.06080546571793
11.351999999999478, 122.05155661173245
11.35299999999948, 122.04229453348123
11.353999999999477, 122.03301972896332
11.354999999999476, 122.02373269617789
11.355999999999476, 122.01443393312397
11.356999999999477, 122.00512393780066
11.357999999999475, 121.99580320820706
11.358999999999474, 121.98647224234226
11.359999999999474, 121.97713153820534
11.360999999999473, 121.96778159379542
11.361999999999473, 121.95842290711154
11.36299999999947, 121.94905597615283
11.363999999999471, 121.93968129891837
11.36499999999947, 121.93029937340727
11.36599999999947, 121.92091069761858
11.366999999999472, 121.91151576955141
11.36799999999947, 121.90211508720489
11.368999999999469, 121.89270914857806
11.369999999999468, 121.88329845167
11.370999999999466, 121.87388349447986
11.371999999999467, 121.86446477500667
11.372999999999466, 121.85504279124956
11.373999999999466, 121.8456180412076
11.374999999999465, 121.83619102287994
11.375999999999465, 121.82676223426554
11.376999999999464, 121.81733217336364
11.377999999999464, 121.80790133817322
11.378999999999463, 121.79847022669344
11.379999999999463, 121.78903933692334
11.38099999999946, 121.77960916686203
11.381999999999461, 121.77018021450864
11.382999999999459, 121.76075297786221
11.38399999999946, 121.75132795492186
11.384999999999458, 121.74190564368664
11.38599999999946, 121.73248654215571
11.386999999999459, 121.72307114832807
11.387999999999458, 121.7136599602029
11.388999999999458, 121.70425347577924
11.389999999999457, 121.69485219305619
11.390999999999456, 121.68545661003282
11.391999999999456, 121.67606722470826
11.392999999999455, 121.66668453508163
11.393999999999457, 121.65730903915191
11.394999999999452, 121.64794123491828
11.395999999999454, 121.63858162037982
11.396999999999453, 121.62923069353559
11.397999999999453, 121.61988895238471
11.398999999999454, 121.61055689492625
11.399999999999451, 121.60123501915933
11.400999999999451, 121.591923823083
11.40199999999945, 121.58262380469637
11.40299999999945, 121.57333546199854
11.40399999999945, 121.56405929298859
11.404999999999449, 121.55479579566563
11.405999999999448, 121.54554546802873
11.406999999999448, 121.53630880807697
11.407999999999447, 121.52708631380949
11.408999999999445, 121.51787848322527
11.409999999999446, 121.50868581432354
11.410999999999444, 121.49950880510333
11.411999999999445, 121.49034795356371
11.412999999999446, 121.48120375770382
11.413999999999444, 121.47207671552272
11.414999999999443, 121.46296732501949
11.415999999999443, 121.4538760841932
11.416999999999442, 121.44480349104302
11.417999999999441, 121.43575004356796
11.418999999999441, 121.42671623976716
11.41999999999944, 121.41770257760217
11.42099999999944, 121.40870946692358
11.42199999999944, 121.3997370410068
11.422999999999439, 121.39078537900217
11.423999999999438, 121.38185456006005
11.424999999999438, 121.37294466333081
11.425999999999437, 121.36405576796479
11.426999999999435, 121.35518795311238
11.427999999999436, 121.34634129792391
11.428999999999435, 121.33751588154976
11.429999999999435, 121.32871178314028
11.430999999999436, 121.31992908184583
11.431999999999434, 121.31116785681675
11.432999999999433, 121.30242818720343
11.433999999999433, 121.29371015215622
11.434999999999432, 121.28501383082545
11.435999999999432, 121.27633930236155
11.436999999999431, 121.26768664591486
11.43799999999943, 121.25905594063565
11.43899999999943, 121.25044726567438
11.43999999999943, 121.24186070018138
11.440999999999427, 121.23329632330697
11.441999999999428, 121.22475421420157
11.442999999999428, 121.2162344520155
11.443999999999427, 121.20773711589915
11.444999999999428, 121.19926228500285
11.445999999999424, 121.19081003847695
11.446999999999425, 121.18238045547189
11.447999999999425, 121.17397361513791
11.448999999999424, 121.16558959662544
11.449999999999424, 121.15722847908484
11.450999999999421, 121.14889034166646
11.451999999999423, 121.14057526352065
11.452999999999422, 121.1322833237978
11.453999999999422, 121.12401460164821
11.454999999999421, 121.1157691762223
11.45599999999942, 121.10754712667037
11.456999999999418, 121.09934853214284
11.45799999999942, 121.09117347179006
11.458999999999417, 121.08302202476236
11.459999999999418, 121.07489427021011
11.460999999999418, 121.06679028728365
11.461999999999419, 121.05871015513344
11.462999999999415, 121.05065395290964
11.463999999999414, 121.04262175976281
11.464999999999415, 121.03461365484324
11.465999999999415, 121.02662971730123
11.466999999999414, 121.01867002628721
11.467999999999414, 121.0107346609515
11.468999999999413, 121.00282370044451
11.469999999999413, 120.99493722391654
11.470999999999412, 120.98707531051801
11.471999999999413, 120.97923803939918
11.47299999999941, 120.97142548971053
11.47399999999941, 120.96363774060235
11.474999999999412, 120.95587487122503
11.47599999999941, 120.94813696072887
11.47699999999941, 120.94042408826431
11.477999999999408, 120.93273633298166
11.478999999999408, 120.9250737740313
11.479999999999407, 120.91743649056356
11.480999999999407, 120.90982456172884
11.481999999999406, 120.90223806667746
11.482999999999404, 120.89467708455928
11.483999999999405, 120.8871416448568
11.484999999999404, 120.87963159135535
11.485999999999404, 120.87214672444998
11.486999999999403, 120.86468684453563
11.487999999999403, 120.8572517520073
11.4889999999994, 120.84984124725997
11.489999999999402, 120.84245513068862
11.4909999999994, 120.83509320268827
11.4919999999994, 120.82775526365384
11.4929999999994, 120.82044111398041
11.4939999999994, 120.81315055406284
11.4949999999994, 120.80588338429627
11.495999999999398, 120.79863940507558
11.496999999999398, 120.79141841679572
11.497999999999397, 120.78422021985176
11.498999999999398, 120.77704461463864
11.499999999999396, 120.76989140155136
11.500999999999394, 120.7627603809849
11.501999999999395, 120.75565135333423
11.502999999999394, 120.7485641189944
11.503999999999396, 120.74149847836031
11.504999999999391, 120.73445423182702
11.505999999999391, 120.72743117978942
11.506999999999392, 120.7204291226426
11.507999999999392, 120.71344786078147
11.508999999999393, 120.70648719460107
11.50999999999939, 120.69954692449633
11.51099999999939, 120.69262685086224
11.51199999999939, 120.68572677409385
11.51299999999939, 120.67884649458608
11.513999999999388, 120.67198581273394
11.514999999999388, 120.66514452893239
11.515999999999387, 120.65832244357647
11.516999999999387, 120.65151935706115
11.517999999999388, 120.64473506978132
11.518999999999384, 120.6379693821321
11.519999999999385, 120.6312220945084
11.520999999999384, 120.6244930073052
11.521999999999386, 120.61778192091754
11.522999999999382, 120.61108863574033
11.523999999999383, 120.6044129521686
11.524999999999382, 120.59775467059737
11.525999999999382, 120.59111359142153
11.526999999999381, 120.58448951503618
11.52799999999938, 120.57788224183618
11.528999999999378, 120.57129157221658
11.52999999999938, 120.56471730657239
11.530999999999379, 120.55815924529858
11.531999999999378, 120.55161718879009
11.532999999999376, 120.54509093744196
11.533999999999377, 120.53858029164915
11.534999999999377, 120.53208505180665
11.535999999999376, 120.52560501830945
11.536999999999374, 120.51913999155252
11.537999999999375, 120.51268977193085
11.538999999999374, 120.50625415983941
11.539999999999374, 120.49983295567321
11.540999999999375, 120.49342595982723
11.541999999999373, 120.48703297269648
11.542999999999372, 120.48065379467587
11.543999999999372, 120.47428822616045
11.544999999999371, 120.46793606754518
11.54599999999937, 120.46159711922506
11.546999999999372, 120.45527118159507
11.54799999999937, 120.44895805505016
11.548999999999369, 120.44265753998536
11.54999999999937, 120.43636943679567
11.550999999999366, 120.430093545876
11.551999999999367, 120.42382966762143
11.552999999999368, 120.41757760242686
11.553999999999368, 120.41133715068733
11.554999999999364, 120.40510811279779
11.555999999999363, 120.39889028915324
11.556999999999366, 120.39268347769061
11.557999999999364, 120.38648740540559
11.558999999999365, 120.38030171928577
11.559999999999363, 120.37412606203911
11.560999999999362, 120.36796007637359
11.561999999999362, 120.3618034049972
11.562999999999361, 120.35565569061787
11.56399999999936, 120.34951657594355
11.56499999999936, 120.34338570368226
11.56599999999936, 120.33726271654194
11.566999999999359, 120.33114725723055
11.567999999999358, 120.32503896845608
11.56899999999936, 120.31893749292647
11.569999999999357, 120.3128424733497
11.570999999999357, 120.30675355243373
11.571999999999356, 120.30067037288654
11.572999999999357, 120.29459257741607
11.573999999999355, 120.28851980873031
11.574999999999356, 120.28245170953724
11.575999999999354, 120.27638792254479
11.576999999999353, 120.27032809046092
11.577999999999353, 120.26427185599366
11.57899999999935, 120.25821886185093
11.579999999999352, 120.25216875074068
11.580999999999351, 120.24612116537091
11.58199999999935, 120.24007574844961
11.582999999999348, 120.23403214268467
11.58399999999935, 120.22798999078412
11.58499999999935, 120.22194893545594
11.585999999999348, 120.21590861940803
11.58699999999935, 120.20986868534837
11.587999999999347, 120.20382877598496
11.588999999999347, 120.19778853402576
11.589999999999346, 120.19174760217875
11.590999999999346, 120.18570562315185
11.591999999999345, 120.17966223965306
11.592999999999344, 120.17361709439035
11.593999999999344, 120.16756983007167
11.594999999999343, 120.16152008940497
11.595999999999343, 120.15546751509825
11.59699999999934, 120.1494117498595
11.597999999999342, 120.14335243639664
11.598999999999341, 120.13728921741765
11.599999999999342, 120.1312217356305
11.600999999999342, 120.12514963374313
11.601999999999338, 120.11907255446356
11.602999999999339, 120.11299014049969
11.60399999999934, 120.10690203455954
11.604999999999338, 120.10080787935108
11.605999999999337, 120.09470731758225
11.606999999999337, 120.08859999196102
11.607999999999336, 120.08248554519534
11.608999999999336, 120.07636361999323
11.609999999999335, 120.0702338590626
11.610999999999335, 120.06409590511143
11.611999999999334, 120.05794940084772
11.612999999999332, 120.0517939889794
11.613999999999333, 120.04562931221446
11.61499999999933, 120.03945501326086
11.615999999999332, 120.03327073482653
11.616999999999331, 120.02707611961952
11.61799999999933, 120.0208708103477
11.618999999999332, 120.01465444971913
11.61999999999933, 120.00842668512645
11.620999999999329, 120.00218735144111
11.621999999999328, 119.9959365302222
11.622999999999326, 119.98967431983567
11.623999999999327, 119.98340081864751
11.624999999999325, 119.97711612502371
11.625999999999326, 119.97082033733024
11.626999999999326, 119.96451355393307
11.627999999999327, 119.95819587319818
11.628999999999323, 119.95186739349157
11.629999999999324, 119.9455282131792
11.630999999999323, 119.93917843062705
11.631999999999325, 119.9328181442011
11.632999999999324, 119.9264474522673
11.633999999999322, 119.9200664531917
11.634999999999321, 119.91367524534019
11.635999999999322, 119.90727392707883
11.63699999999932, 119.90086259677355
11.63799999999932, 119.89444135279032
11.638999999999319, 119.88801029349516
11.639999999999318, 119.88156951725398
11.640999999999318, 119.87511912243285
11.64199999999932, 119.86865920739768
11.642999999999315, 119.86218987051444
11.643999999999316, 119.8557112101492
11.644999999999316, 119.84922332466783
11.645999999999315, 119.84272631243635
11.646999999999313, 119.83622027182076
11.647999999999314, 119.829705301187
11.648999999999312, 119.8231814989011
11.649999999999313, 119.81664896332899
11.650999999999314, 119.81010779283667
11.651999999999312, 119.80355808579007
11.65299999999931, 119.79699994055525
11.65399999999931, 119.79043345549816
11.654999999999312, 119.78385872898474
11.65599999999931, 119.777275859381
11.656999999999309, 119.77068494505292
11.657999999999308, 119.76408608436645
11.658999999999308, 119.75747937568761
11.659999999999307, 119.75086491738236
11.660999999999305, 119.74424280781665
11.661999999999306, 119.73761314535649
11.662999999999306, 119.73097602836786
11.663999999999305, 119.72433155521674
11.664999999999306, 119.71767982426906
11.665999999999304, 119.7110209338909
11.666999999999303, 119.70435498244811
11.667999999999303, 119.69768206830679
11.668999999999302, 119.69100228983282
11.669999999999302, 119.68431574539224
11.670999999999301, 119.67762253335098
11.6719999999993, 119.67092275207509
11.6729999999993, 119.66421649993046
11.673999999999301, 119.65750387528313
11.674999999999299, 119.65078497649904
11.675999999999298, 119.64405990194419
11.676999999999298, 119.63732874998459
11.677999999999297, 119.63059161898617
11.678999999999295, 119.62384860731493
11.679999999999296, 119.61709981333681
11.680999999999294, 119.61034533541785
11.681999999999295, 119.60358527192398
11.682999999999293, 119.5968197212212
11.683999999999294, 119.59004878167546
11.684999999999294, 119.58327255165278
11.685999999999293, 119.57649112951913
11.686999999999292, 119.56970461364048
11.687999999999292, 119.56291310238278
11.688999999999291, 119.55611669411205
11.68999999999929, 119.54931548719424
11.69099999999929, 119.54250957999537
11.69199999999929, 119.53569907088135
11.692999999999287, 119.52888405821824
11.693999999999287, 119.52206468004248
11.69499999999929, 119.5152413438398
11.695999999999287, 119.50841456916172
11.696999999999289, 119.50158487592644
11.697999999999285, 119.49475278405225
11.698999999999286, 119.48791881345741
11.699999999999285, 119.4810834840602
11.700999999999285, 119.47424731577887
11.701999999999282, 119.46741082853167
11.702999999999285, 119.46057454223688
11.703999999999283, 119.45373897681273
11.704999999999282, 119.44690465217752
11.705999999999282, 119.44007208824951
11.70699999999928, 119.43324180494696
11.70799999999928, 119.42641432218812
11.70899999999928, 119.41959015989124
11.70999999999928, 119.41276983797464
11.71099999999928, 119.40595387635653
11.711999999999279, 119.39914279495514
11.712999999999278, 119.39233711368885
11.713999999999277, 119.38553735247582
11.714999999999277, 119.3787440312343
11.715999999999276, 119.37195766988268
11.716999999999276, 119.36517878833911
11.717999999999275, 119.35840790652186
11.718999999999275, 119.35164554434922
11.719999999999274, 119.34489222173949
11.720999999999274, 119.33814845861085
11.721999999999273, 119.33141477488161
11.722999999999272, 119.32469169047005
11.723999999999272, 119.31797972529435
11.72499999999927, 119.31127939927288
11.72599999999927, 119.30459123232386
11.72699999999927, 119.29791574436551
11.72799999999927, 119.29125345531617
11.728999999999271, 119.28460488509401
11.729999999999265, 119.27797055361738
11.730999999999268, 119.2713509808045
11.731999999999267, 119.26474668657366
11.732999999999265, 119.25815819084306
11.733999999999266, 119.25158601353107
11.734999999999266, 119.24503067455584
11.735999999999265, 119.2384926938357
11.736999999999265, 119.23197259128888
11.737999999999264, 119.22547088683366
11.738999999999262, 119.21898810038832
11.739999999999263, 119.21252475187106
11.740999999999264, 119.20608136120018
11.741999999999264, 119.19965844829397
11.742999999999263, 119.1932565330707
11.74399999999926, 119.18687613544856
11.74499999999926, 119.18051777534586
11.74599999999926, 119.17418197268087
11.746999999999257, 119.16786924737181
11.747999999999259, 119.161580119337
11.748999999999258, 119.15531510849465
11.749999999999257, 119.14907473476309
11.750999999999257, 119.14285951806053
11.751999999999256, 119.1366699783052
11.752999999999256, 119.13050663541544
11.753999999999255, 119.12437000930947
11.754999999999253, 119.11826061990558
11.755999999999254, 119.11217898712201
11.756999999999252, 119.10612556847495
11.757999999999251, 119.10010030931653
11.75899999999925, 119.09410290386256
11.759999999999252, 119.08813304460057
11.760999999999253, 119.08219042401818
11.761999999999249, 119.07627473460295
11.76299999999925, 119.07038566884245
11.76399999999925, 119.06452291922432
11.76499999999925, 119.05868617823606
11.765999999999249, 119.05287513836537
11.766999999999248, 119.04708949209972
11.767999999999248, 119.04132893192676
11.768999999999247, 119.03559315033407
11.769999999999246, 119.02988183980919
11.770999999999244, 119.02419469283979
11.771999999999245, 119.01853140191336
11.772999999999245, 119.01289165951755
11.773999999999244, 119.00727515813989
11.774999999999245, 119.00168159026799
11.775999999999241, 118.99611064838948
11.776999999999243, 118.99056202499187
11.777999999999242, 118.98503541256278
11.778999999999241, 118.97953050358981
11.77999999999924, 118.97404699056051
11.78099999999924, 118.96858456596249
11.78199999999924, 118.96314292228334
11.782999999999241, 118.95772175201058
11.783999999999239, 118.95232074763189
11.784999999999236, 118.94693960163477
11.785999999999238, 118.94157800650686
11.786999999999237, 118.93623565473573
11.787999999999236, 118.93091223880896
11.788999999999234, 118.92560745121412
11.789999999999235, 118.92032098443883
11.790999999999235, 118.91505253097066
11.791999999999236, 118.90980178329715
11.792999999999235, 118.90456843390595
11.793999999999231, 118.89935217528462
11.794999999999233, 118.89415269992072
11.795999999999232, 118.88896970030189
11.796999999999231, 118.88380286891567
11.79799999999923, 118.87865189824963
11.79899999999923, 118.87351648079141
11.79999999999923, 118.86839630902854
11.80099999999923, 118.86329107544863
11.801999999999229, 118.85820047253927
11.802999999999226, 118.85312419278804
11.803999999999228, 118.84806192868251
11.804999999999227, 118.84301337271029
11.805999999999226, 118.83797821735891
11.806999999999228, 118.83295615511604
11.807999999999225, 118.8279468784692
11.808999999999225, 118.82295007990601
11.809999999999224, 118.817965451914
11.810999999999224, 118.8129926869808
11.811999999999223, 118.80803147759403
11.812999999999223, 118.8030815162412
11.813999999999222, 118.7981424954099
11.814999999999221, 118.79321410758779
11.815999999999221, 118.78829604526236
11.816999999999219, 118.78338800092125
11.81799999999922, 118.77848966705204
11.81899999999922, 118.7736007361423
11.819999999999219, 118.76872090067961
11.820999999999216, 118.76384985315158
11.821999999999218, 118.75898728604578
11.822999999999217, 118.75413289184979
11.823999999999218, 118.74928636305118
11.824999999999218, 118.74444739213757
11.825999999999215, 118.73961567159654
11.826999999999215, 118.73479089391566
11.827999999999214, 118.7299727515825
11.828999999999214, 118.72516093708464
11.829999999999213, 118.72035514338322
11.830999999999213, 118.7155551649473
11.831999999999212, 118.71076102327879
11.832999999999211, 118.7059727706847
11.833999999999213, 118.70119045947204
11.834999999999209, 118.69641414194794
11.83599999999921, 118.69164387041941
11.83699999999921, 118.68687969719349
11.837999999999209, 118.68212167457727
11.83899999999921, 118.67736985487778
11.839999999999208, 118.67262429040211
11.840999999999207, 118.66788503345722
11.841999999999206, 118.66315213635028
11.842999999999206, 118.65842565138823
11.843999999999205, 118.65370563087816
11.844999999999205, 118.6489921271272
11.845999999999204, 118.64428519244228
11.846999999999202, 118.63958487913057
11.847999999999205, 118.63489123949901
11.8489999999992, 118.63020432585475
11.849999999999202, 118.62552419050473
11.850999999999203, 118.62085088575611
11.851999999999201, 118.6161844639159
11.852999999999202, 118.61152497729111
11.8539999999992, 118.60687247818888
11.8549999999992, 118.6022270189162
11.855999999999199, 118.59758865178011
11.856999999999196, 118.59295742908772
11.857999999999198, 118.58833340314604
11.858999999999197, 118.58371662626215
11.859999999999197, 118.57910715074304
11.860999999999196, 118.57450502889584
11.861999999999195, 118.56991031302755
11.862999999999195, 118.56532305544525
11.863999999999194, 118.56074330845597
11.864999999999196, 118.55617112436677
11.865999999999193, 118.55160655548472
11.86699999999919, 118.54704965411685
11.867999999999192, 118.5425004725702
11.868999999999192, 118.53795906315189
11.869999999999191, 118.53342547816888
11.870999999999192, 118.5288997699283
11.87199999999919, 118.52438199073714
11.87299999999919, 118.51987219290248
11.873999999999189, 118.51537042873137
11.874999999999188, 118.51087675053087
11.87599999999919, 118.506391210608
11.876999999999187, 118.50191386126988
11.877999999999187, 118.49744475482346
11.878999999999186, 118.4929839435759
11.879999999999185, 118.48853147983417
11.880999999999183, 118.48408741590538
11.881999999999184, 118.47965180409652
11.882999999999186, 118.47522469342367
11.883999999999183, 118.47080609225372
11.884999999999184, 118.4663959815467
11.885999999999182, 118.4619943417496
11.886999999999182, 118.45760115330951
11.887999999999181, 118.45321639667338
11.88899999999918, 118.44884005228838
11.88999999999918, 118.44447210060143
11.89099999999918, 118.44011252205964
11.891999999999179, 118.43576129710999
11.89299999999918, 118.43141840619958
11.893999999999178, 118.42708382977544
11.894999999999175, 118.42275754828461
11.895999999999177, 118.41843954217406
11.896999999999174, 118.41412979189093
11.897999999999175, 118.40982827788217
11.898999999999177, 118.4055349805949
11.899999999999174, 118.40124988047612
11.900999999999174, 118.39697295797284
11.901999999999173, 118.39270419353217
11.902999999999173, 118.38844356760107
11.903999999999172, 118.38419106062665
11.904999999999172, 118.37994665305592
11.905999999999171, 118.37571032533593
11.90699999999917, 118.37148205791368
11.90799999999917, 118.36726183123625
11.90899999999917, 118.36304962575065
11.909999999999169, 118.35884542190396
11.910999999999166, 118.35464920014319
11.91199999999917, 118.35046094091537
11.912999999999165, 118.34628062466757
11.913999999999167, 118.34210823184682
11.914999999999166, 118.33794374290014
11.915999999999165, 118.33378713827459
11.916999999999167, 118.32963839841719
11.917999999999163, 118.32549750377498
11.918999999999164, 118.32136443479506
11.919999999999163, 118.31723917192437
11.920999999999163, 118.31312169561005
11.921999999999162, 118.30901198629903
11.922999999999162, 118.30491002443846
11.923999999999161, 118.3008157904753
11.92499999999916, 118.29672926485665
11.92599999999916, 118.29265042802948
11.926999999999158, 118.2885792604409
11.927999999999157, 118.28451574253788
11.928999999999158, 118.28045985476754
11.929999999999158, 118.27641157757684
11.930999999999155, 118.27237089141283
11.931999999999157, 118.26833777672263
11.932999999999156, 118.2643122139532
11.933999999999156, 118.26029418355161
11.934999999999153, 118.25628366596487
11.935999999999154, 118.25228064164006
11.936999999999154, 118.2482850910242
11.937999999999153, 118.24429699456431
11.938999999999153, 118.24031633270747
11.939999999999152, 118.2363430859007
11.94099999999915, 118.23237723459104
11.941999999999151, 118.22841875922552
11.94299999999915, 118.22446764025116
11.94399999999915, 118.22052385811509
11.944999999999148, 118.21658739326423
11.945999999999147, 118.21265822614572
11.946999999999148, 118.20873633720652
11.947999999999148, 118.20482170689374
11.948999999999149, 118.20091431565436
11.949999999999147, 118.19701414393542
11.950999999999146, 118.19312117218402
11.951999999999146, 118.18923538084715
11.952999999999145, 118.18535675037185
11.953999999999144, 118.18148526120518
11.954999999999146, 118.17762089379417
11.955999999999143, 118.17376362858587
11.956999999999143, 118.16991344602731
11.957999999999142, 118.16607032656553
11.95899999999914, 118.16223425064754
11.95999999999914, 118.1584051987204
11.96099999999914, 118.15458315123121
11.96199999999914, 118.15076808862693
11.962999999999141, 118.14695999135463
11.963999999999139, 118.14315883986134
11.96499999999914, 118.13936461459411
11.965999999999138, 118.13557729599998
11.966999999999137, 118.13179686452597
11.967999999999137, 118.12802330061915
11.968999999999138, 118.12425658472651
11.969999999999136, 118.12049669729514
11.970999999999135, 118.11674361877206
11.971999999999134, 118.1129973296043
11.972999999999134, 118.10925781023892
11.973999999999133, 118.10552504112296
11.974999999999133, 118.10179900270344
11.975999999999132, 118.09807967542741
11.97699999999913, 118.09436703974193
11.97799999999913, 118.09066107609397
11.97899999999913, 118.08696176493063
11.97999999999913, 118.08326908669895
11.980999999999131, 118.07958302184596
11.981999999999129, 118.07590355081868
11.982999999999128, 118.07223065406416
11.983999999999128, 118.06856431202947
11.984999999999127, 118.06490450516159
11.985999999999127, 118.06125121390762
11.986999999999126, 118.05760441871458
11.987999999999126, 118.05396410002948
11.988999999999125, 118.05033023829938
11.989999999999124, 118.04670281397134
11.990999999999122, 118.04308180749234
11.991999999999123, 118.03946719930948
11.992999999999123, 118.03585896864718
11.993999999999122, 118.03225699798071
11.994999999999123, 118.02866100455805
11.995999999999121, 118.02507068946684
11.99699999999912, 118.02148575379462
11.99799999999912, 118.01790589862904
11.99899999999912, 118.01433082505761
11.999999999999119, 118.010760234168
12.000999999999118, 118.00719382704771
12.001999999999118, 118.00363130478442
12.002999999999117, 118.00007236846568
12.003999999999117, 117.99651671917907
12.004999999999116, 117.99296405801219
12.005999999999116, 117.98941408605262
12.006999999999113, 117.98586650438797
12.007999999999114, 117.98232101410582
12.008999999999114, 117.97877731629376
12.009999999999112, 117.97523511203936
12.010999999999113, 117.97169410243023
12.011999999999112, 117.96815398855401
12.012999999999112, 117.96461447149818
12.013999999999111, 117.96107525235038
12.014999999999109, 117.95753603219826
12.015999999999112, 117.95399651212934
12.01699999999911, 117.9504563932312
12.017999999999109, 117.94691537659149
12.018999999999108, 117.94337316329774
12.019999999999108, 117.93982945443759
12.020999999999107, 117.9362839510986
12.021999999999107, 117.93273635436836
12.022999999999106, 117.92918636533449
12.023999999999106, 117.92563368508453
12.024999999999105, 117.9220780147061
12.025999999999103, 117.9185190552868
12.026999999999104, 117.91495650791418
12.027999999999102, 117.91139007367588
12.028999999999103, 117.90781945365944
12.029999999999102, 117.90424434895252
12.030999999999104, 117.90066446064262
12.0319999999991, 117.89707948981737
12.032999999999099, 117.8934891375644
12.0339999999991, 117.88989310541895
12.0349999999991, 117.88629112715924
12.0359999999991, 117.88268298990658
12.036999999999098, 117.87906848578842
12.037999999999098, 117.87544740693211
12.038999999999097, 117.87181954546503
12.039999999999097, 117.86818469351462
12.040999999999096, 117.86454264320824
12.041999999999096, 117.86089318667331
12.042999999999093, 117.85723611603726
12.043999999999095, 117.85357122342737
12.044999999999094, 117.84989830097113
12.045999999999093, 117.84621714079589
12.046999999999091, 117.84252753502908
12.047999999999094, 117.8388292757981
12.048999999999092, 117.83512215523028
12.049999999999091, 117.83140596545313
12.05099999999909, 117.82768049859389
12.05199999999909, 117.82394554678007
12.05299999999909, 117.820200902139
12.053999999999089, 117.81644635679817
12.054999999999088, 117.81268170288487
12.055999999999086, 117.80890673252654
12.056999999999087, 117.80512123785059
12.057999999999085, 117.80132501098436
12.058999999999086, 117.7975178440553
12.059999999999084, 117.79369952919079
12.060999999999085, 117.78986985851819
12.061999999999085, 117.78602862416494
12.062999999999086, 117.78217561825844
12.063999999999083, 117.77831063292604
12.064999999999081, 117.77443346029517
12.065999999999084, 117.77054389249318
12.066999999999082, 117.76664172164752
12.067999999999083, 117.76272673988555
12.06899999999908, 117.75879873933471
12.06999999999908, 117.75485751212233
12.07099999999908, 117.75090285037582
12.071999999999079, 117.74693454622263
12.072999999999078, 117.74295239179011
12.073999999999076, 117.73895617920566
12.074999999999076, 117.73494570059665
12.075999999999077, 117.73092074809048
12.076999999999076, 117.72688111381461
12.077999999999074, 117.72282658989639
12.078999999999075, 117.71875696846317
12.079999999999075, 117.71467204164242
12.080999999999074, 117.71057160156151
12.081999999999075, 117.70645544034781
12.082999999999071, 117.70232335012872
12.083999999999074, 117.69817512303166
12.084999999999072, 117.69401055118401
12.085999999999073, 117.68982942671315
12.08699999999907, 117.68563154174652
12.08799999999907, 117.68141668841147
12.08899999999907, 117.67718465883542
12.089999999999069, 117.67293524514577
12.090999999999068, 117.66866823946984
12.091999999999068, 117.6643834339351
12.092999999999067, 117.66008062066894
12.093999999999069, 117.65575959179873
12.094999999999066, 117.65142013945189
12.095999999999066, 117.64706205575581
12.096999999999065, 117.6426851328379
12.097999999999065, 117.63828916282552
12.098999999999062, 117.63387393784606
12.099999999999064, 117.6294392500269
12.100999999999063, 117.6249848914955
12.101999999999062, 117.6205106543792
12.102999999999064, 117.61601633080545
12.103999999999061, 117.6115017129016
12.10499999999906, 117.60696659279503
12.10599999999906, 117.60241076261319
12.106999999999058, 117.59783401448342
12.107999999999059, 117.59323614053312
12.108999999999059, 117.58861693288975
12.109999999999056, 117.58397618368062
12.110999999999057, 117.57931368503318
12.111999999999057, 117.57462922907482
12.112999999999056, 117.56992260793291
12.113999999999056, 117.56519361373485
12.114999999999055, 117.56044203860804
12.115999999999053, 117.55566767467985
12.116999999999054, 117.55087031407774
12.117999999999054, 117.54604974892906
12.118999999999053, 117.5412057713612
12.119999999999052, 117.53633817350158
12.120999999999054, 117.53144675810785
12.121999999999051, 117.52653168023929
12.12299999999905, 117.52159352017141
12.12399999999905, 117.51663288355506
12.124999999999051, 117.51165037604116
12.125999999999049, 117.50664660328053
12.126999999999049, 117.50162217092398
12.127999999999048, 117.49657768462234
12.128999999999047, 117.49151375002654
12.129999999999047, 117.48643097278733
12.130999999999046, 117.48132995855562
12.131999999999048, 117.4762113129822
12.132999999999043, 117.47107564171797
12.133999999999045, 117.46592355041375
12.134999999999042, 117.46075564472038
12.135999999999045, 117.4555725302887
12.136999999999043, 117.45037481276958
12.137999999999042, 117.44516309781386
12.138999999999042, 117.43993799107237
12.139999999999041, 117.43470009819595
12.14099999999904, 117.42945002483545
12.14199999999904, 117.42418837664172
12.14299999999904, 117.41891575926563
12.14399999999904, 117.41363277835798
12.144999999999039, 117.40834003956962
12.145999999999038, 117.40303814855142
12.146999999999037, 117.3977277109542
12.147999999999035, 117.39240933242887
12.148999999999036, 117.38708361862618
12.149999999999034, 117.38175117519702
12.150999999999035, 117.37641260779223
12.151999999999035, 117.37106852206267
12.152999999999034, 117.36571952365918
12.153999999999035, 117.36036621823258
12.154999999999033, 117.35500921143374
12.155999999999032, 117.34964910891347
12.156999999999034, 117.34428651632268
12.157999999999031, 117.33892203931217
12.15899999999903, 117.33355628353277
12.15999999999903, 117.32818985463535
12.16099999999903, 117.32282335827075
12.161999999999031, 117.31745740008985
12.162999999999027, 117.31209258574341
12.163999999999028, 117.30672952088237
12.164999999999026, 117.30136881115749
12.165999999999027, 117.29601106221969
12.166999999999026, 117.29065687971976
12.167999999999026, 117.28530686930857
12.168999999999025, 117.27996163663698
12.169999999999023, 117.2746217873558
12.170999999999024, 117.26928792711588
12.171999999999024, 117.26396066156809
12.172999999999025, 117.25864059636322
12.173999999999022, 117.25332833715217
12.174999999999022, 117.2480244895858
12.17599999999902, 117.24272965931488
12.176999999999023, 117.23744444848546
12.17799999999902, 117.23216930121885
12.17899999999902, 117.22690444279047
12.179999999999017, 117.22165008240086
12.180999999999019, 117.21640642925047
12.181999999999018, 117.21117369253975
12.18299999999902, 117.20595208146915
12.183999999999017, 117.20074180523926
12.184999999999016, 117.19554307305047
12.185999999999018, 117.19035609410327
12.186999999999015, 117.18518107759812
12.187999999999015, 117.18001823273556
12.188999999999014, 117.17486776871601
12.189999999999012, 117.16972989473999
12.190999999999013, 117.16460482000792
12.191999999999013, 117.15949275372031
12.192999999999012, 117.15439390507768
12.193999999999011, 117.14930848328044
12.194999999999009, 117.1442366975291
12.19599999999901, 117.13917875702415
12.19699999999901, 117.13413487096604
12.19799999999901, 117.12910524855525
12.198999999999009, 117.12409009899227
12.19999999999901, 117.11908963147755
12.200999999999008, 117.11410405521161
12.201999999999007, 117.10913357939489
12.202999999999008, 117.10417841322791
12.203999999999006, 117.09923876591111
12.204999999999005, 117.09431484664495
12.205999999999005, 117.08940686462996
12.206999999999004, 117.08451502906662
12.207999999999004, 117.07963954915535
12.208999999999003, 117.07478063409664
12.209999999999003, 117.06993849309103
12.210999999999002, 117.06511333533894
12.211999999999001, 117.06030537004088
12.212999999999, 117.05551480639724
12.213999999998999, 117.05074185360863
12.214999999999, 117.04598672087543
12.215999999999, 117.04124961739817
12.216999999998999, 117.0365307523773
12.217999999998998, 117.03183033501328
12.218999999998998, 117.02714857450667
12.219999999998997, 117.02248568005784
12.220999999998996, 117.01784186086735
12.221999999998996, 117.01321732613565
12.222999999998995, 117.00861228506318
12.223999999998995, 117.00402694685047
12.224999999998994, 116.99946152069798
12.225999999998994, 116.9949162158062
12.226999999998993, 116.99039124137555
12.227999999998993, 116.9858868066066
12.228999999998992, 116.98140312069975
12.229999999998991, 116.97694039285551
12.230999999998993, 116.97249883227431
12.23199999999899, 116.96807864815673
12.232999999998992, 116.96368004970317
12.23399999999899, 116.95930324611413
12.234999999998989, 116.95494844659005
12.235999999998986, 116.95061586033148
12.236999999998988, 116.94630569653883
12.237999999998987, 116.94201816441264
12.238999999998985, 116.93775347315331
12.239999999998986, 116.93351183196141
12.240999999998985, 116.92929345003733
12.241999999998985, 116.92509853658157
12.242999999998984, 116.92092730079466
12.243999999998984, 116.91677995187702
12.244999999998983, 116.91265669902914
12.245999999998984, 116.9085577514515
12.246999999998982, 116.9044833183446
12.247999999998981, 116.9004336089089
12.248999999998983, 116.89640878688537
12.249999999998979, 116.89240877685492
12.25099999999898, 116.88843342502761
12.25199999999898, 116.88448257756816
12.252999999998979, 116.88055608064124
12.253999999998978, 116.87665378041149
12.254999999998978, 116.87277552304366
12.255999999998977, 116.86892115470235
12.256999999998975, 116.86509052155222
12.257999999998974, 116.86128346975804
12.258999999998975, 116.85749984548438
12.259999999998977, 116.85373949489602
12.260999999998974, 116.85000226415755
12.261999999998974, 116.84628799943364
12.262999999998973, 116.84259654688904
12.26399999999897, 116.83892775268836
12.264999999998972, 116.83528146299629
12.265999999998972, 116.83165752397751
12.266999999998971, 116.82805578179669
12.26799999999897, 116.82447608261852
12.268999999998968, 116.82091827260763
12.26999999999897, 116.81738219792877
12.270999999998969, 116.81386770474651
12.271999999998968, 116.81037463922564
12.272999999998968, 116.80690284753075
12.273999999998967, 116.80345217582655
12.274999999998967, 116.8000224702777
12.275999999998966, 116.79661357704887
12.276999999998967, 116.79322534230477
12.277999999998965, 116.78985761221003
12.278999999998964, 116.78651023292936
12.279999999998964, 116.78318305062739
12.280999999998963, 116.77987591146886
12.28199999999896, 116.7765886616184
12.282999999998962, 116.77332114724067
12.283999999998962, 116.77007321450037
12.284999999998961, 116.76684470956218
12.28599999999896, 116.76363547859074
12.28699999999896, 116.76044536775078
12.287999999998961, 116.7572742232069
12.288999999998959, 116.75412189112387
12.28999999999896, 116.75098821766628
12.29099999999896, 116.74787304899883
12.291999999998959, 116.74477623128624
12.292999999998957, 116.74169761069308
12.293999999998956, 116.73863703338414
12.294999999998955, 116.735594345524
12.295999999998955, 116.7325693932774
12.296999999998954, 116.72956202280899
12.297999999998954, 116.72657208028346
12.298999999998953, 116.72359941186545
12.299999999998953, 116.72064386371964
12.300999999998952, 116.71770528201074
12.301999999998952, 116.7147835129034
12.302999999998951, 116.71187840256228
12.30399999999895, 116.70898979715209
12.30499999999895, 116.70611754283748
12.30599999999895, 116.70326148578313
12.306999999998949, 116.70042147215369
12.307999999998948, 116.6975973481139
12.308999999998948, 116.69478895982837
12.309999999998947, 116.6919961534618
12.310999999998947, 116.68921877517883
12.311999999998944, 116.68645667114421
12.312999999998945, 116.68370968752255
12.313999999998943, 116.68097767047855
12.314999999998946, 116.67826046617687
12.315999999998944, 116.67555792078221
12.316999999998943, 116.6728698804592
12.317999999998943, 116.67019619137254
12.31899999999894, 116.66753669968693
12.319999999998942, 116.66489125156701
12.320999999998941, 116.66225969317745
12.32199999999894, 116.65964187068295
12.32299999999894, 116.65703763024817
12.32399999999894, 116.65444681803778
12.324999999998939, 116.65186928021647
12.325999999998938, 116.6493048629489
12.32699999999894, 116.64675341239975
12.327999999998937, 116.6442147747337
12.328999999998937, 116.6416887961154
12.329999999998936, 116.63917532270955
12.330999999998935, 116.63667420068083
12.331999999998935, 116.6341852761939
12.332999999998934, 116.63170839541343
12.333999999998934, 116.62924340450408
12.334999999998933, 116.62679012149081
12.335999999998933, 116.6243481012963
12.336999999998932, 116.62191675525992
12.337999999998932, 116.61949549326957
12.338999999998931, 116.61708372521313
12.33999999999893, 116.61468086097861
12.340999999998928, 116.61228631045387
12.34199999999893, 116.60989948352685
12.342999999998929, 116.60751979008543
12.343999999998928, 116.60514664001757
12.344999999998928, 116.60277944321118
12.345999999998927, 116.60041760955417
12.346999999998927, 116.59806054893448
12.347999999998926, 116.59570767124002
12.348999999998926, 116.5933583863587
12.349999999998927, 116.59101210417843
12.350999999998924, 116.58866823458717
12.351999999998924, 116.58632618747282
12.352999999998923, 116.58398537272326
12.353999999998923, 116.5816452002265
12.354999999998922, 116.57930507987035
12.355999999998922, 116.57696442154284
12.356999999998921, 116.57462263513177
12.35799999999892, 116.57227913052517
12.35899999999892, 116.56993331761092
12.35999999999892, 116.56758460627692
12.360999999998919, 116.5652324064111
12.361999999998918, 116.56287612790138
12.362999999998918, 116.56051518063569
12.363999999998917, 116.55814897450193
12.364999999998917, 116.55577691938808
12.365999999998916, 116.553398425182
12.366999999998916, 116.55101290177156
12.367999999998915, 116.54861975904478
12.368999999998914, 116.54621840688952
12.369999999998916, 116.54380825519377
12.370999999998913, 116.54138871384538
12.371999999998913, 116.53895919273228
12.37299999999891, 116.53651910174239
12.373999999998912, 116.53406785076365
12.374999999998911, 116.53160491290197
12.37599999999891, 116.52913024145576
12.376999999998908, 116.52664401012987
12.37799999999891, 116.52414639378483
12.378999999998909, 116.52163756728123
12.379999999998908, 116.51911770547962
12.380999999998908, 116.51658698324056
12.381999999998907, 116.51404557542459
12.382999999998905, 116.51149365689226
12.383999999998906, 116.50893140250413
12.384999999998906, 116.50635898712078
12.385999999998905, 116.50377658560274
12.386999999998904, 116.5011843728106
12.387999999998904, 116.49858252360485
12.388999999998903, 116.49597121284609
12.389999999998903, 116.49335061539489
12.390999999998902, 116.49072090611175
12.391999999998903, 116.48808225985732
12.392999999998901, 116.48543485149204
12.3939999999989, 116.48277885587652
12.3949999999989, 116.48011444787134
12.395999999998898, 116.47744180233703
12.396999999998899, 116.47476109413414
12.397999999998898, 116.47207249812323
12.398999999998898, 116.46937618916485
12.399999999998895, 116.4666723421196
12.400999999998897, 116.46396113184794
12.401999999998898, 116.46124273321054
12.402999999998896, 116.45851732106784
12.403999999998895, 116.45578507028048
12.404999999998894, 116.453046155709
12.405999999998894, 116.45030075221393
12.406999999998893, 116.44754903465584
12.407999999998893, 116.4447911778953
12.40899999999889, 116.44202735679283
12.409999999998892, 116.43925774620905
12.410999999998891, 116.43648252100442
12.411999999998892, 116.43370185603958
12.41299999999889, 116.43091592617503
12.41399999999889, 116.42812490627136
12.414999999998887, 116.42532897118912
12.415999999998888, 116.42252829578884
12.416999999998888, 116.4197230549311
12.417999999998887, 116.41691342347643
12.418999999998887, 116.41409957628544
12.419999999998886, 116.41128168821861
12.420999999998886, 116.40845993413656
12.421999999998883, 116.40563448889979
12.422999999998886, 116.40280552736891
12.423999999998886, 116.39997322440445
12.424999999998883, 116.39713775486698
12.425999999998883, 116.39429929361701
12.426999999998882, 116.39145801551517
12.427999999998882, 116.38861409542193
12.428999999998881, 116.38576770819789
12.42999999999888, 116.38291902870361
12.430999999998878, 116.38006823179964
12.43199999999888, 116.37721549234655
12.432999999998879, 116.37436098520487
12.433999999998878, 116.37150488523514
12.434999999998878, 116.36864736729797
12.435999999998877, 116.36578860625386
12.436999999998879, 116.3629287769634
12.437999999998874, 116.36006805428713
12.438999999998876, 116.35720661308561
12.439999999998875, 116.35434462821941
12.440999999998875, 116.35148227454906
12.441999999998876, 116.34861972693515
12.442999999998873, 116.34575716023818
12.443999999998873, 116.34289474931873
12.444999999998872, 116.34003266903741
12.445999999998872, 116.33717109425467
12.446999999998871, 116.33431019983117
12.44799999999887, 116.3314501606274
12.44899999999887, 116.32859115150391
12.449999999998868, 116.32573334732132
12.450999999998869, 116.32287692294013
12.451999999998868, 116.3200220532209
12.452999999998868, 116.31716891302419
12.453999999998867, 116.31431767721058
12.454999999998867, 116.3114685206406
12.455999999998868, 116.30862161817481
12.456999999998866, 116.30577714467377
12.457999999998865, 116.30293527499803
12.458999999998865, 116.30009618400817
12.459999999998864, 116.29726004656466
12.460999999998865, 116.29442703752817
12.461999999998863, 116.29159733175919
12.462999999998862, 116.2887711041183
12.463999999998862, 116.285948529466
12.46499999999886, 116.28312978266294
12.465999999998862, 116.28031503856963
12.466999999998862, 116.27750447204659
12.46799999999886, 116.27469825795438
12.468999999998857, 116.27189657115363
12.469999999998857, 116.26909958650484
12.470999999998858, 116.26630747881552
12.471999999998857, 116.26352035505181
12.472999999998857, 116.26073812138549
12.473999999998856, 116.25796064701575
12.474999999998854, 116.25518780114189
12.475999999998855, 116.25241945296318
12.476999999998855, 116.24965547167888
12.477999999998854, 116.24689572648822
12.478999999998853, 116.24414008659048
12.479999999998853, 116.2413884211849
12.480999999998852, 116.23864059947076
12.481999999998852, 116.2358964906473
12.482999999998851, 116.2331559639138
12.483999999998849, 116.23041888846953
12.48499999999885, 116.22768513351369
12.48599999999885, 116.22495456824561
12.486999999998849, 116.22222706186449
12.487999999998847, 116.21950248356961
12.488999999998848, 116.21678070256024
12.489999999998847, 116.21406158803565
12.490999999998847, 116.21134500919504
12.491999999998846, 116.20863083523776
12.492999999998846, 116.205918935363
12.493999999998845, 116.20320917877004
12.494999999998845, 116.20050143465811
12.495999999998844, 116.19779557222651
12.496999999998842, 116.19509146067448
12.497999999998841, 116.19238896920129
12.498999999998842, 116.1896879670062
12.499999999998842, 116.18698832328845
12.500999999998841, 116.1842899072473
12.50199999999884, 116.18159258808203
12.50299999999884, 116.17889623499188
12.50399999999884, 116.17620071717613
12.504999999998839, 116.17350590383401
12.505999999998838, 116.17081166416477
12.506999999998836, 116.16811786736777
12.507999999998837, 116.16542438264213
12.508999999998837, 116.16273107918718
12.509999999998834, 116.16003782620217
12.510999999998834, 116.15734449288637
12.511999999998835, 116.15465094843903
12.512999999998836, 116.15195706205938
12.513999999998834, 116.14926270294671
12.514999999998834, 116.14656774030027
12.515999999998833, 116.14387204331933
12.516999999998832, 116.14117548120315
12.517999999998832, 116.13847792315099
12.51899999999883, 116.13577923836206
12.51999999999883, 116.13307929603567
12.520999999998828, 116.13037796537111
12.521999999998831, 116.12767511556756
12.522999999998829, 116.12497061582432
12.523999999998829, 116.12226433534065
12.524999999998828, 116.11955614331578
12.525999999998827, 116.11684590894902
12.526999999998827, 116.1141335014396
12.527999999998826, 116.11141878998673
12.528999999998826, 116.10870164378976
12.529999999998823, 116.10598193204791
12.530999999998825, 116.10325952396043
12.531999999998824, 116.10053428872659
12.532999999998825, 116.09780609554562
12.533999999998825, 116.0950748136168
12.534999999998822, 116.09234031213944
12.535999999998822, 116.0896024603127
12.536999999998821, 116.0868611273359
12.53799999999882, 116.0841161824498
12.53899999999882, 116.08136749569374
12.53999999999882, 116.07861493782809
12.540999999998819, 116.07585837963899
12.541999999998819, 116.07309769191262
12.54299999999882, 116.07033274543514
12.543999999998817, 116.06756341099269
12.544999999998817, 116.06478955937149
12.545999999998816, 116.06201106135767
12.546999999998816, 116.0592277877374
12.547999999998817, 116.05643960929685
12.548999999998815, 116.05364639682222
12.549999999998814, 116.0508480210996
12.550999999998814, 116.04804435291526
12.551999999998815, 116.04523526305525
12.552999999998812, 116.04242062230583
12.553999999998812, 116.0396003014531
12.55499999999881, 116.03677417128327
12.555999999998813, 116.03394210258253
12.55699999999881, 116.03110396613698
12.55799999999881, 116.02825963273281
12.55899999999881, 116.02540897315626
12.559999999998809, 116.02255185819337
12.560999999998808, 116.0196881586304
12.561999999998807, 116.01681774525346
12.562999999998807, 116.01394048884873
12.563999999998806, 116.01105626020242
12.564999999998806, 116.00816493010072
12.565999999998807, 116.00526636932966
12.566999999998806, 116.00236044867552
12.567999999998804, 115.99944703892444
12.568999999998804, 115.99652601086257
12.569999999998803, 115.9935972352761
12.570999999998802, 115.99066058295116
12.571999999998802, 115.987715924674
12.572999999998801, 115.98476313123072
12.5739999999988, 115.98180207340745
12.5749999999988, 115.97883262199045
12.575999999998798, 115.97585464776583
12.5769999999988, 115.97286802151974
12.577999999998799, 115.9698726140384
12.578999999998798, 115.96686829610796
12.579999999998797, 115.96385493851456
12.580999999998795, 115.96083241204438
12.581999999998796, 115.9578005874836
12.582999999998796, 115.95475933561838
12.583999999998795, 115.95170852723489
12.584999999998796, 115.94864803311927
12.585999999998794, 115.94557772405774
12.586999999998792, 115.94249747083644
12.587999999998793, 115.93940714424147
12.588999999998792, 115.93630661505911
12.589999999998792, 115.93319575407547
12.590999999998791, 115.93007443207671
12.59199999999879, 115.92694251984899
12.59299999999879, 115.92379988817854
12.593999999998788, 115.92064640785144
12.59499999999879, 115.91748194965393
12.595999999998789, 115.91430638437215
12.596999999998786, 115.91111958279222
12.597999999998788, 115.90792151494861
12.598999999998789, 115.90471256771755
12.599999999998786, 115.90149323739371
12.600999999998786, 115.89826402027211
12.601999999998785, 115.89502541264788
12.602999999998787, 115.89177791081605
12.603999999998784, 115.88852201107173
12.604999999998784, 115.88525820970995
12.605999999998781, 115.8819870030258
12.60699999999878, 115.87870888731439
12.60799999999878, 115.87542435887077
12.608999999998781, 115.87213391398998
12.60999999999878, 115.86883804896715
12.610999999998779, 115.8655372600973
12.61199999999878, 115.86223204367553
12.61299999999878, 115.85892289599693
12.613999999998779, 115.85561031335652
12.614999999998778, 115.85229479204943
12.615999999998778, 115.84897682837074
12.616999999998777, 115.84565691861546
12.617999999998776, 115.84233555907872
12.618999999998776, 115.83901324605557
12.619999999998777, 115.83569047584108
12.620999999998775, 115.83236774473033
12.621999999998776, 115.82904554901839
12.622999999998774, 115.82572438500037
12.623999999998773, 115.82240474897128
12.624999999998773, 115.81908713722623
12.625999999998772, 115.8157720460603
12.626999999998771, 115.81245997176853
12.62799999999877, 115.80915141064605
12.62899999999877, 115.80584685898788
12.62999999999877, 115.80254681308912
12.63099999999877, 115.79925176924482
12.631999999998769, 115.79596222375008
12.632999999998768, 115.79267867289995
12.633999999998766, 115.78940161298954
12.634999999998767, 115.7861315403139
12.635999999998766, 115.78286895116808
12.636999999998768, 115.7796143418472
12.637999999998765, 115.7763682086463
12.638999999998765, 115.77313104786049
12.639999999998764, 115.7699033557848
12.640999999998764, 115.7666856287143
12.641999999998763, 115.76347836294411
12.642999999998763, 115.76028205476929
12.64399999999876, 115.75709720048489
12.644999999998761, 115.75392429638599
12.645999999998761, 115.75076383876767
12.64699999999876, 115.747616323925
12.64799999999876, 115.74448224815306
12.648999999998757, 115.74136210774697
12.649999999998759, 115.73825639900168
12.650999999998758, 115.73516561821236
12.651999999998756, 115.73209026167407
12.652999999998759, 115.72903082568189
12.653999999998758, 115.72598780653087
12.654999999998756, 115.72296170051607
12.655999999998755, 115.7199530039326
12.656999999998755, 115.71696221307552
12.657999999998754, 115.7139898242399
12.658999999998754, 115.71103633372081
12.659999999998753, 115.70810223781334
12.660999999998753, 115.70518803281257
12.661999999998754, 115.70229421501354
12.662999999998751, 115.69942128071132
12.663999999998751, 115.69656972620102
12.66499999999875, 115.6937400477777
12.66599999999875, 115.69093274173643
12.666999999998751, 115.6881483043723
12.667999999998749, 115.68538723198031
12.66899999999875, 115.68265002085566
12.669999999998748, 115.67993716729333
12.670999999998747, 115.6772491585252
12.671999999998746, 115.67458615903506
12.672999999998746, 115.67194793040046
12.673999999998745, 115.66933420885653
12.674999999998745, 115.66674473063819
12.675999999998744, 115.6641792319806
12.676999999998744, 115.66163744911871
12.677999999998743, 115.65911911828759
12.678999999998743, 115.65662397572225
12.679999999998742, 115.65415175765774
12.68099999999874, 115.65170220032914
12.681999999998743, 115.6492750399714
12.68299999999874, 115.6468700128196
12.68399999999874, 115.64448685510882
12.68499999999874, 115.64212530307404
12.685999999998739, 115.63978509295029
12.686999999998738, 115.63746596097262
12.687999999998738, 115.63516764337609
12.688999999998737, 115.6328898763957
12.689999999998737, 115.63063239626655
12.690999999998736, 115.62839493922355
12.691999999998735, 115.62617724150189
12.692999999998733, 115.62397903933649
12.693999999998734, 115.62180006896241
12.694999999998732, 115.61964006661472
12.695999999998733, 115.61749876852845
12.696999999998733, 115.61537591093861
12.697999999998732, 115.61327123008024
12.698999999998732, 115.61118446218842
12.699999999998731, 115.60911534349813
12.70099999999873, 115.60706361024444
12.70199999999873, 115.60502899866235
12.70299999999873, 115.60301124498692
12.703999999998727, 115.60101008545323
12.70499999999873, 115.5990252562962
12.705999999998726, 115.59705649375098
12.706999999998727, 115.59510353405256
12.707999999998727, 115.59316611343596
12.708999999998726, 115.59124396813628
12.709999999998725, 115.58933683438846
12.710999999998725, 115.58744444842759
12.711999999998726, 115.58556654648872
12.712999999998722, 115.58370286480688
12.713999999998723, 115.58185313961708
12.714999999998723, 115.58001710715438
12.715999999998722, 115.57819450365379
12.716999999998722, 115.57638506535037
12.717999999998721, 115.57458852847917
12.71899999999872, 115.57280462927514
12.719999999998718, 115.5710331039734
12.720999999998721, 115.569273688809
12.72199999999872, 115.56752612001694
12.72299999999872, 115.56579013383224
12.723999999998718, 115.56406546648994
12.724999999998717, 115.5623518542251
12.725999999998718, 115.56064903327275
12.726999999998716, 115.55895673986794
12.727999999998717, 115.55727471024565
12.728999999998715, 115.55560268064096
12.729999999998714, 115.55394038728892
12.730999999998714, 115.55228756642454
12.731999999998713, 115.55064395428283
12.732999999998713, 115.54900928709887
12.733999999998712, 115.5473833011077
12.734999999998712, 115.54576573254433
12.735999999998713, 115.5441563176438
12.736999999998712, 115.54255479264116
12.73799999999871, 115.54096089377141
12.73899999999871, 115.53937435726964
12.739999999998709, 115.53779491937084
12.740999999998706, 115.53622231631005
12.741999999998708, 115.53465628432235
12.742999999998707, 115.53309655964271
12.743999999998707, 115.53154287850624
12.744999999998704, 115.52999491258562
12.745999999998705, 115.52845192174681
12.746999999998705, 115.52691300407434
12.747999999998704, 115.5253772572682
12.748999999998704, 115.52384377902831
12.749999999998701, 115.52231166705461
12.750999999998703, 115.520780019047
12.751999999998702, 115.51924793270548
12.752999999998702, 115.51771450573
12.753999999998701, 115.51617883582043
12.7549999999987, 115.51464002067678
12.7559999999987, 115.51309715799894
12.7569999999987, 115.51154934548693
12.757999999998697, 115.50999568084062
12.7589999999987, 115.50843526175993
12.759999999998698, 115.50686718594487
12.760999999998697, 115.50529055109537
12.761999999998697, 115.50370445491137
12.762999999998696, 115.50210799509279
12.763999999998697, 115.50050026933957
12.764999999998695, 115.49888037535165
12.765999999998694, 115.497247410829
12.766999999998694, 115.49560047347155
12.767999999998693, 115.49393866097925
12.768999999998691, 115.49226107105204
12.769999999998692, 115.49056680138982
12.770999999998692, 115.48885494969255
12.771999999998691, 115.48712461366024
12.77299999999869, 115.48537489099279
12.77399999999869, 115.48360487939007
12.774999999998688, 115.48181367655214
12.775999999998689, 115.48000038017884
12.77699999999869, 115.47816408797019
12.777999999998688, 115.4763038976261
12.778999999998687, 115.47441890684645
12.779999999998685, 115.47250821333131
12.780999999998686, 115.4705709147805
12.781999999998686, 115.46860610889404
12.782999999998685, 115.46661289337185
12.783999999998684, 115.4645903659139
12.784999999998684, 115.46253762422003
12.785999999998683, 115.46045376599032
12.786999999998683, 115.45833788892462
12.787999999998682, 115.45618909072292
12.788999999998682, 115.4540064690851
12.789999999998681, 115.45178912171113
12.790999999998679, 115.44953614630103
12.79199999999868, 115.4472466405546
12.79299999999868, 115.44491970217189
12.793999999998679, 115.44255442885283
12.794999999998678, 115.4401499182973
12.795999999998676, 115.43770526820529
12.796999999998677, 115.43521957627675
12.797999999998677, 115.43269194021158
12.798999999998676, 115.43012145770979
12.799999999998676, 115.42750722647125
12.800999999998675, 115.42484834419592
12.801999999998674, 115.42214390858379
12.802999999998674, 115.41939301733473
12.803999999998673, 115.41659476814874
12.804999999998673, 115.41374825872572
12.805999999998672, 115.41085258676564
12.806999999998672, 115.40790684996844
12.807999999998671, 115.40491014603404
12.80899999999867, 115.40186157266241
12.80999999999867, 115.39876022755348
12.81099999999867, 115.39560520840718
12.811999999998669, 115.39239561292345
12.81299999999867, 115.38913053880226
12.813999999998668, 115.38580908374352
12.814999999998669, 115.38243034544718
12.815999999998665, 115.37899342161323
12.816999999998666, 115.37549740994156
12.817999999998666, 115.37194141577423
12.818999999998665, 115.36832525670009
12.819999999998666, 115.3646500319222
12.820999999998664, 115.36091697462979
12.821999999998663, 115.35712731801222
12.822999999998663, 115.3532822952587
12.823999999998662, 115.34938313955858
12.824999999998662, 115.34543108410115
12.825999999998661, 115.34142736207569
12.826999999998662, 115.33737320667144
12.82799999999866, 115.33326985107777
12.82899999999866, 115.32911852848392
12.829999999998659, 115.32492047207919
12.830999999998658, 115.32067691505287
12.831999999998658, 115.31638909059427
12.832999999998659, 115.31205823189262
12.833999999998657, 115.30768557213729
12.834999999998656, 115.30327234451752
12.835999999998654, 115.29881978222262
12.836999999998657, 115.29432911844185
12.837999999998656, 115.28980158636452
12.838999999998652, 115.28523841917992
12.839999999998653, 115.28064085007736
12.840999999998653, 115.27601011224608
12.841999999998652, 115.27134743887541
12.842999999998652, 115.26665406315462
12.843999999998651, 115.26193121827302
12.84499999999865, 115.2571801374199
12.84599999999865, 115.2524020537845
12.84699999999865, 115.24759820055615
12.847999999998649, 115.24276981092417
12.848999999998647, 115.2379181180778
12.849999999998648, 115.23304435520633
12.850999999998647, 115.22814975549909
12.851999999998647, 115.22323555214531
12.852999999998644, 115.21830297833435
12.853999999998646, 115.21335326725543
12.854999999998645, 115.20838765209794
12.855999999998645, 115.20340736605105
12.856999999998644, 115.19841364230409
12.857999999998643, 115.19340771404642
12.858999999998643, 115.1883908144672
12.859999999998642, 115.18336417675584
12.860999999998642, 115.17832903410155
12.861999999998641, 115.1732866196937
12.86299999999864, 115.1682381667215
12.86399999999864, 115.16318490837428
12.86499999999864, 115.1581280778413
12.865999999998639, 115.1530689083119
12.866999999998638, 115.14800863297529
12.867999999998636, 115.14294848502087
12.868999999998639, 115.13788969763783
12.869999999998637, 115.13283350401551
12.870999999998636, 115.12778113734319
12.871999999998636, 115.12273383081018
12.872999999998635, 115.11769281760573
12.873999999998635, 115.11265933091914
12.874999999998634, 115.1076346039397
12.875999999998633, 115.10261986985674
12.876999999998631, 115.09761636185948
12.877999999998632, 115.09262531313728
12.878999999998632, 115.08764795687937
12.879999999998631, 115.08268552627509
12.880999999998629, 115.07773925326002
12.88199999999863, 115.07281015893648
12.882999999998628, 115.06789881849153
12.883999999998629, 115.0630057503977
12.884999999998627, 115.05813147312753
12.885999999998628, 115.05327650515348
12.886999999998627, 115.04844136494802
12.887999999998627, 115.04362657098372
12.888999999998626, 115.03883264173305
12.889999999998624, 115.03406009566851
12.890999999998625, 115.02930945126256
12.891999999998623, 115.0245812269878
12.892999999998624, 115.01987594131658
12.893999999998623, 115.01519411272155
12.894999999998623, 115.01053625967515
12.895999999998622, 115.00590290064989
12.896999999998622, 115.00129455411825
12.897999999998621, 114.99671173855272
12.89899999999862, 114.99215497242582
12.89999999999862, 114.98762477421013
12.90099999999862, 114.98312166237798
12.901999999998619, 114.97864615540202
12.902999999998618, 114.97419877175467
12.903999999998618, 114.96978002990846
12.904999999998617, 114.9653904483359
12.905999999998619, 114.96103054550946
12.906999999998616, 114.9567008399017
12.907999999998616, 114.95240184998505
12.908999999998615, 114.94813409423203
12.909999999998615, 114.94389809111513
12.910999999998612, 114.93969435910691
12.911999999998613, 114.93552341667983
12.912999999998613, 114.93138578230636
12.913999999998614, 114.92728197445908
12.914999999998614, 114.9232125116104
12.915999999998613, 114.91917791223287
12.916999999998609, 114.915178694799
12.91799999999861, 114.91121537778125
12.91899999999861, 114.90728847965215
12.919999999998609, 114.90339851888423
12.920999999998608, 114.89954601394994
12.921999999998608, 114.89573148332178
12.922999999998607, 114.89195544547229
12.923999999998607, 114.88821841887392
12.924999999998606, 114.88452092199923
12.925999999998606, 114.88086347332069
12.926999999998605, 114.87724659131075
12.927999999998603, 114.873670794442
12.928999999998604, 114.8701366011869
12.929999999998603, 114.86664453001795
12.930999999998603, 114.86319509940763
12.931999999998602, 114.85978882782848
12.932999999998602, 114.85642623375301
12.933999999998601, 114.85310783565367
12.9349999999986, 114.84983415200298
12.9359999999986, 114.84660570127346
12.9369999999986, 114.84342300193757
12.9379999999986, 114.84028657246787
12.938999999998599, 114.83719693133679
12.939999999998598, 114.8341545970169
12.940999999998597, 114.83116008798065
12.941999999998597, 114.82821392270058
12.942999999998596, 114.82531661964916
12.943999999998598, 114.82246869729889
12.944999999998595, 114.81967067412228
12.945999999998595, 114.81692306859183
12.946999999998596, 114.81422639918009
12.947999999998594, 114.81158118435947
12.948999999998593, 114.8089879426025
12.949999999998592, 114.8064471923817
12.950999999998592, 114.80395945216955
12.951999999998591, 114.80152524043861
12.95299999999859, 114.79914507566131
12.95399999999859, 114.79681947631016
12.95499999999859, 114.79454891032846
12.955999999998589, 114.792333222513
12.956999999998589, 114.79017183798058
12.957999999998588, 114.78806417401594
12.958999999998587, 114.78600964790365
12.959999999998589, 114.78400767692841
12.960999999998586, 114.78205767837483
12.961999999998586, 114.78015906952754
12.962999999998585, 114.77831126767117
12.963999999998585, 114.77651369009044
12.964999999998584, 114.77476575406993
12.965999999998584, 114.7730668768943
12.966999999998583, 114.7714164758482
12.967999999998582, 114.7698139682163
12.96899999999858, 114.76825877128317
12.969999999998581, 114.76675030233353
12.97099999999858, 114.76528797865197
12.97199999999858, 114.76387121752316
12.97299999999858, 114.76249943623172
12.97399999999858, 114.76117205206234
12.974999999998577, 114.7598884822996
12.975999999998578, 114.75864814422823
12.976999999998577, 114.7574504551328
12.977999999998577, 114.75629483229801
12.978999999998576, 114.75518069300843
12.979999999998576, 114.75410745454876
12.980999999998575, 114.75307453420362
12.981999999998575, 114.75208134925771
12.982999999998574, 114.75112731699559
12.983999999998575, 114.75021185470196
12.984999999998573, 114.74933437966143
12.985999999998572, 114.74849430915864
12.986999999998572, 114.74769106047833
12.987999999998571, 114.746924050905
12.98899999999857, 114.74619269772339
12.98999999999857, 114.74549641821808
12.99099999999857, 114.74483462967379
12.991999999998571, 114.74420674937511
12.992999999998567, 114.74361219460668
12.993999999998568, 114.74305038265322
12.994999999998567, 114.74252073079926
12.995999999998567, 114.74202265632952
12.996999999998566, 114.74155557652864
12.997999999998566, 114.7411189086812
12.998999999998565, 114.74071207007192
12.999999999998565, 114.74033447798541
13.000999999998564, 114.73998554970632
13.001999999998564, 114.7396647025193
13.002999999998565, 114.739371353709
13.003999999998562, 114.73910492056004
13.004999999998562, 114.73886482035707
13.005999999998561, 114.73865047038473
13.00699999999856, 114.73846128792769
13.00799999999856, 114.73829669027057
13.00899999999856, 114.73815609469801
13.009999999998561, 114.73803891849467
13.01099999999856, 114.73794457894519
13.01199999999856, 114.73787249333422
13.012999999998557, 114.73782207894641
13.013999999998557, 114.73779275306634
13.014999999998555, 114.73778393297874
13.015999999998556, 114.73779503596823
13.016999999998555, 114.73782547931943
13.017999999998555, 114.73787465389339
13.018999999998556, 114.7379415419571
13.019999999998555, 114.73802480434043
13.020999999998553, 114.738123093196
13.021999999998553, 114.73823506067649
13.022999999998552, 114.73835935893462
13.023999999998551, 114.73849464012306
13.02499999999855, 114.7386395563945
13.02599999999855, 114.7387927599016
13.02699999999855, 114.73895290279707
13.027999999998551, 114.73911863723356
13.028999999998549, 114.73928861536382
13.02999999999855, 114.73946148934047
13.030999999998548, 114.73963591131624
13.031999999998547, 114.73981053344377
13.032999999998546, 114.73998400787578
13.033999999998546, 114.74015498676494
13.034999999998545, 114.74032212226389
13.035999999998545, 114.74048406652541
13.036999999998544, 114.7406394717021
13.037999999998542, 114.7407869899467
13.038999999998541, 114.74092527341188
13.039999999998543, 114.74105297425028
13.040999999998542, 114.74116874461464
13.041999999998541, 114.74127123665762
13.04299999999854, 114.7413591025319
13.04399999999854, 114.74143099439021
13.044999999998542, 114.74148556438513
13.04599999999854, 114.74152146466946
13.046999999998539, 114.74153734739582
13.047999999998538, 114.74153186471686
13.048999999998538, 114.74150366878541
13.049999999998537, 114.74145141175396
13.050999999998536, 114.74137374577535
13.051999999998538, 114.74126932300217
13.052999999998535, 114.74113679558717
13.053999999998535, 114.74097481568299
13.054999999998534, 114.74078203544231
13.055999999998532, 114.74055710701785
13.056999999998533, 114.74029868256225
13.057999999998533, 114.74000541422828
13.05899999999853, 114.7396759541685
13.059999999998531, 114.73930895453569
13.060999999998533, 114.73890306748248
13.06199999999853, 114.7384569451616
13.06299999999853, 114.73796923972569
13.06399999999853, 114.73743860332748
13.064999999998529, 114.7368636881196
13.065999999998526, 114.73624314625476
13.06699999999853, 114.73557562988566
13.067999999998527, 114.73485979116496
13.068999999998526, 114.7340942822454
13.069999999998526, 114.73327775527956
13.070999999998525, 114.73240886242019
13.071999999998525, 114.73148625582
13.072999999998524, 114.7305085876316
13.073999999998524, 114.72947451000776
13.074999999998523, 114.72838267510107
13.075999999998523, 114.72723173506431
13.076999999998522, 114.72602034205008
13.077999999998521, 114.72474714821115
13.078999999998521, 114.72341080570011
13.07999999999852, 114.72200996666972
13.08099999999852, 114.72054328327262
13.08199999999852, 114.71900940766153
13.082999999998517, 114.71740699198907
13.08399999999852, 114.71573468840799
13.084999999998518, 114.7139911612225
13.085999999998517, 114.71217582695341
13.086999999998516, 114.7102892815519
13.087999999998516, 114.70833222401924
13.088999999998514, 114.70630535335671
13.089999999998515, 114.70420936856559
13.090999999998514, 114.70204496864717
13.091999999998514, 114.69981285260273
13.092999999998513, 114.69751371943354
13.093999999998513, 114.69514826814091
13.094999999998512, 114.69271719772607
13.095999999998511, 114.69022120719033
13.096999999998511, 114.68766099553494
13.09799999999851, 114.68503726176125
13.09899999999851, 114.68235070487047
13.09999999999851, 114.67960202386398
13.100999999998507, 114.67679191774292
13.101999999998508, 114.67392108550864
13.102999999998508, 114.67099022616243
13.103999999998507, 114.66800003870556
13.104999999998507, 114.66495122213932
13.105999999998506, 114.66184447546499
13.106999999998505, 114.65868049768383
13.107999999998507, 114.65545998779714
13.108999999998506, 114.6521836448062
13.109999999998504, 114.64885216771225
13.110999999998503, 114.64546625551664
13.111999999998503, 114.64202660722063
13.112999999998502, 114.63853392182543
13.113999999998502, 114.63498889833244
13.114999999998501, 114.63139223574284
13.1159999999985, 114.62774463305796
13.1169999999985, 114.62404678927906
13.1179999999985, 114.62029940340746
13.118999999998499, 114.6165031744444
13.1199999999985, 114.61265880139113
13.120999999998498, 114.60876698324901
13.121999999998497, 114.60482841901924
13.122999999998497, 114.60084380770319
13.123999999998494, 114.59681384830209
13.124999999998495, 114.5927392398172
13.125999999998495, 114.58862068124984
13.126999999998494, 114.58445887160127
13.127999999998494, 114.58025450987279
13.128999999998493, 114.5760082950656
13.129999999998494, 114.57172092618113
13.130999999998494, 114.56739310222055
13.131999999998492, 114.56302552218516
13.132999999998491, 114.55861888507624
13.13399999999849, 114.55417388989511
13.13499999999849, 114.54969123564298
13.13599999999849, 114.54517162132119
13.136999999998489, 114.540615745931
13.137999999998488, 114.5360243084737
13.138999999998488, 114.53139800795054
13.139999999998487, 114.52673754336286
13.140999999998488, 114.52204361371186
13.141999999998484, 114.51731691799888
13.142999999998485, 114.51255815522518
13.143999999998485, 114.50776802439205
13.144999999998484, 114.50294722450076
13.145999999998484, 114.49809645455261
13.146999999998483, 114.49321641354885
13.147999999998481, 114.48830780049079
13.14899999999848, 114.4833713143797
13.149999999998482, 114.47840765421685
13.150999999998481, 114.47341751900352
13.151999999998479, 114.46840160774099
13.152999999998482, 114.46336061943057
13.15399999999848, 114.45829525307352
13.15499999999848, 114.45320620767112
13.155999999998478, 114.44809418222465
13.156999999998478, 114.44295987573541
13.157999999998477, 114.43780398720465
13.158999999998477, 114.43262721563363
13.159999999998474, 114.42743026002368
13.160999999998475, 114.42221381937608
13.161999999998477, 114.41697859269212
13.162999999998474, 114.41172527897302
13.163999999998474, 114.4064545772201
13.164999999998473, 114.40116718643463
13.165999999998473, 114.39586380561792
13.166999999998472, 114.39054513377123
13.167999999998472, 114.38521186989584
13.168999999998471, 114.379864712993
13.16999999999847, 114.37450436206402
13.17099999999847, 114.36913151611019
13.171999999998468, 114.36374688006326
13.172999999998469, 114.35835133536354
13.173999999998468, 114.35294596561667
13.174999999998468, 114.3475318655199
13.175999999998469, 114.34211012977049
13.176999999998467, 114.33668185306561
13.177999999998466, 114.33124813010251
13.178999999998465, 114.32581005557843
13.179999999998465, 114.32036872419054
13.180999999998463, 114.31492523063609
13.181999999998464, 114.30948066961233
13.182999999998463, 114.30403613581643
13.183999999998463, 114.29859272394566
13.18499999999846, 114.2931515286972
13.185999999998462, 114.28771364476832
13.186999999998461, 114.28228016685615
13.18799999999846, 114.27685218965803
13.18899999999846, 114.27143080787113
13.18999999999846, 114.26601711619266
13.190999999998459, 114.26061220931982
13.191999999998457, 114.25521718194992
13.192999999998456, 114.2498331287801
13.193999999998457, 114.24446114450757
13.194999999998457, 114.23910232382963
13.195999999998456, 114.23375776144347
13.196999999998456, 114.22842855204627
13.197999999998453, 114.22311579033533
13.198999999998453, 114.21782057100776
13.199999999998454, 114.21254398876094
13.200999999998453, 114.20728713829195
13.201999999998453, 114.20205111429807
13.202999999998454, 114.1968370114765
13.203999999998452, 114.19164592452452
13.204999999998453, 114.18647894813927
13.20599999999845, 114.18133717701804
13.20699999999845, 114.17622170585803
13.20799999999845, 114.17113362935645
13.208999999998449, 114.16607404221051
13.209999999998448, 114.16104403911744
13.210999999998448, 114.15604471477452
13.211999999998447, 114.1510771638789
13.212999999998447, 114.14614248112782
13.213999999998446, 114.14124176121852
13.214999999998444, 114.13637609884825
13.215999999998445, 114.13154658871413
13.216999999998444, 114.12675432551346
13.217999999998442, 114.12200040394346
13.218999999998443, 114.11728591870134
13.219999999998443, 114.1126119644843
13.220999999998442, 114.10797963598958
13.221999999998443, 114.10339002791444
13.222999999998441, 114.09884423495606
13.22399999999844, 114.09434335181169
13.22499999999844, 114.0898884731785
13.22599999999844, 114.08548069375375
13.226999999998439, 114.08112110823465
13.22799999999844, 114.07681080613385
13.228999999998438, 114.0725506702578
13.229999999998437, 114.06834131187357
13.230999999998437, 114.0641833237936
13.231999999998434, 114.06007729883045
13.232999999998436, 114.05602382979662
13.233999999998433, 114.05202350950462
13.234999999998434, 114.04807693076694
13.235999999998434, 114.04418468639608
13.236999999998433, 114.04034736920454
13.237999999998433, 114.03656557200485
13.238999999998434, 114.03283988760954
13.239999999998432, 114.02917090883108
13.240999999998431, 114.02555922848194
13.241999999998432, 114.02200543937464
13.24299999999843, 114.01851013432176
13.24399999999843, 114.01507390613574
13.244999999998427, 114.01169734762907
13.245999999998428, 114.00838105161432
13.246999999998428, 114.00512561090393
13.247999999998427, 114.00193161831045
13.248999999998427, 113.99879966664636
13.249999999998424, 113.99573034872421
13.250999999998426, 113.99272425735643
13.251999999998425, 113.98978198535559
13.252999999998424, 113.98690412553415
13.253999999998424, 113.98409127070467
13.254999999998423, 113.9813440136796
13.255999999998423, 113.97866294727146
13.256999999998422, 113.97604866429279
13.25799999999842, 113.97350175755604
13.258999999998421, 113.97102281987375
13.25999999999842, 113.96861244405845
13.26099999999842, 113.96627122292259
13.261999999998418, 113.96399974927868
13.262999999998417, 113.96179861593926
13.263999999998418, 113.95966841571683
13.264999999998418, 113.9576097414239
13.265999999998417, 113.95562318587295
13.266999999998417, 113.9537093418765
13.267999999998416, 113.95186880224703
13.268999999998416, 113.95010215979708
13.269999999998413, 113.94841000733915
13.270999999998416, 113.94679293768574
13.271999999998414, 113.94525154364936
13.272999999998413, 113.94378641804249
13.273999999998413, 113.94239815367769
13.274999999998412, 113.9410873433674
13.27599999999841, 113.93985457992416
13.27699999999841, 113.93870045616049
13.27799999999841, 113.93762556488886
13.27899999999841, 113.9366304989218
13.27999999999841, 113.93571585107182
13.280999999998409, 113.93488221415137
13.28199999999841, 113.93413018097303
13.282999999998408, 113.9334603443493
13.283999999998407, 113.93287329709264
13.284999999998407, 113.93236963201555
13.285999999998406, 113.93194994193058
13.286999999998407, 113.93161481965019
13.287999999998405, 113.93136485798694
13.288999999998405, 113.93120064975331
13.289999999998404, 113.9311227877618
13.290999999998403, 113.93113186482489
13.291999999998405, 113.93122847375514
13.292999999998402, 113.93141320736503
13.293999999998404, 113.93168665846707
13.294999999998401, 113.93204941987374
13.295999999998399, 113.93250208439758
13.296999999998402, 113.93304524485104
13.2979999999984, 113.9336794940467
13.298999999998397, 113.93440542479705
13.299999999998398, 113.93522362991456
13.300999999998398, 113.93613470221175
13.301999999998396, 113.9371389741392
13.302999999998397, 113.93823501321627
13.303999999998394, 113.93942065421744
13.304999999998394, 113.94069372954145
13.305999999998395, 113.94205207158689
13.306999999998395, 113.94349351275247
13.307999999998396, 113.94501588543685
13.308999999998395, 113.94661702203871
13.309999999998393, 113.9482947549567
13.310999999998392, 113.9500469165895
13.311999999998392, 113.95187133933574
13.312999999998391, 113.95376585559416
13.31399999999839, 113.95572829776337
13.31499999999839, 113.95775649824205
13.31599999999839, 113.95984828942889
13.316999999998389, 113.96200150372252
13.317999999998388, 113.96421397352164
13.318999999998388, 113.96648353122491
13.319999999998387, 113.96880800923095
13.320999999998387, 113.97118523993852
13.321999999998386, 113.97361305574624
13.322999999998384, 113.97608928905275
13.323999999998385, 113.97861177225676
13.324999999998383, 113.98117833775696
13.325999999998384, 113.98378681795191
13.326999999998382, 113.98643504524038
13.327999999998385, 113.98912085202102
13.328999999998382, 113.99184207069248
13.329999999998382, 113.99459653365341
13.330999999998381, 113.99738207330253
13.33199999999838, 114.00019652203846
13.33299999999838, 114.0030377122599
13.333999999998381, 114.00590347636548
13.334999999998379, 114.00879164675389
13.335999999998378, 114.01170005582381
13.336999999998376, 114.0146265359739
13.33799999999838, 114.01756891960282
13.338999999998377, 114.02052503910927
13.339999999998376, 114.02349272689185
13.340999999998376, 114.02646981534929
13.341999999998375, 114.02945413688022
13.342999999998375, 114.03244352388334
13.343999999998374, 114.03543580875728
13.344999999998375, 114.03842882390074
13.345999999998373, 114.04142040171239
13.346999999998372, 114.04440837459089
13.347999999998372, 114.04739057493487
13.348999999998371, 114.05036483514303
13.34999999999837, 114.05332898761407
13.35099999999837, 114.0562808647466
13.35199999999837, 114.05921829893936
13.352999999998367, 114.06213912259089
13.35399999999837, 114.0650411681
13.354999999998366, 114.06792226786527
13.355999999998367, 114.07078025428541
13.356999999998367, 114.07361295975906
13.357999999998366, 114.07641821668493
13.358999999998366, 114.07919385746162
13.359999999998365, 114.08193771448788
13.360999999998365, 114.08464762016229
13.361999999998364, 114.08732140688358
13.362999999998365, 114.08995690705038
13.363999999998365, 114.0925519530614
13.364999999998362, 114.09510437731528
13.365999999998362, 114.0976120122107
13.366999999998361, 114.1000726901463
13.36799999999836, 114.10248424352079
13.36899999999836, 114.10484450473282
13.36999999999836, 114.10715130618104
13.370999999998359, 114.10940248026414
13.371999999998359, 114.11159585938076
13.372999999998358, 114.11372927592961
13.373999999998357, 114.11580056230933
13.374999999998357, 114.11780755517154
13.375999999998356, 114.11974856468038
13.376999999998356, 114.12162279931704
13.377999999998355, 114.12342956785986
13.378999999998356, 114.12516817908708
13.379999999998352, 114.12683794177714
13.380999999998355, 114.12843816470829
13.381999999998353, 114.12996815665886
13.382999999998352, 114.13142722640718
13.383999999998352, 114.13281468273154
13.384999999998351, 114.13412983441032
13.38599999999835, 114.13537199022177
13.386999999998348, 114.13654045894425
13.387999999998351, 114.13763454935614
13.388999999998349, 114.13865357023563
13.389999999998349, 114.13959683036113
13.390999999998348, 114.14046363851094
13.391999999998346, 114.1412533034634
13.392999999998347, 114.14196513399679
13.393999999998346, 114.14259843888945
13.394999999998346, 114.14315252691969
13.395999999998345, 114.1436267068659
13.396999999998346, 114.14402028750632
13.397999999998344, 114.14433257761927
13.398999999998344, 114.14456288598312
13.399999999998345, 114.14471052137613
13.400999999998342, 114.1447747925767
13.401999999998342, 114.14475500836308
13.402999999998341, 114.14465047751364
13.40399999999834, 114.1444605088067
13.40499999999834, 114.14418441102052
13.40599999999834, 114.1438214929335
13.40699999999834, 114.14337106332387
13.407999999998339, 114.14283243097005
13.408999999998338, 114.14220490465027
13.40999999999834, 114.14148779314291
13.410999999998337, 114.14068040522628
13.411999999998335, 114.13978204967871
13.412999999998334, 114.13879203527853
13.413999999998335, 114.13770967080399
13.414999999998335, 114.13653426503346
13.415999999998334, 114.13526512674531
13.416999999998334, 114.13390156471776
13.417999999998331, 114.13244288772918
13.418999999998334, 114.13088840455791
13.419999999998332, 114.12923742398226
13.420999999998331, 114.12748925478053
13.421999999998329, 114.12564320573105
13.42299999999833, 114.12369858561216
13.42399999999833, 114.12165470320213
13.42499999999833, 114.11951086727935
13.425999999998329, 114.11726638662209
13.426999999998326, 114.1149205700087
13.427999999998327, 114.11247272621748
13.428999999998327, 114.10992216402676
13.429999999998326, 114.10726819221486
13.430999999998326, 114.1045101195601
13.431999999998325, 114.10164725484084
13.432999999998325, 114.09867890683529
13.433999999998324, 114.09560438432187
13.434999999998324, 114.0924230894379
13.435999999998323, 114.08913537801159
13.436999999998323, 114.08574216393023
13.437999999998322, 114.08224436811884
13.438999999998321, 114.07864291150241
13.43999999999832, 114.07493871500596
13.44099999999832, 114.0711326995545
13.44199999999832, 114.06722578607301
13.44299999999832, 114.06321889548654
13.443999999998319, 114.05911294872013
13.444999999998318, 114.05490886669867
13.44599999999832, 114.05060757034735
13.446999999998317, 114.04620998059099
13.447999999998316, 114.04171701835475
13.448999999998316, 114.03712960456356
13.449999999998315, 114.03244866014248
13.450999999998315, 114.02767510601646
13.451999999998314, 114.02280986311058
13.452999999998315, 114.01785385234982
13.453999999998313, 114.01280799465917
13.454999999998313, 114.0076732109637
13.455999999998312, 114.00245042218836
13.456999999998311, 113.99714054925818
13.457999999998309, 113.99174451309817
13.458999999998309, 113.98626323463337
13.45999999999831, 113.98069763478873
13.46099999999831, 113.97504863448935
13.46199999999831, 113.96931715466013
13.462999999998306, 113.96350411622618
13.463999999998308, 113.95761044011248
13.464999999998309, 113.951637047244
13.465999999998306, 113.9455848585458
13.466999999998306, 113.93945479494289
13.467999999998305, 113.93324777736026
13.468999999998303, 113.92696472672293
13.469999999998304, 113.9206065639559
13.470999999998304, 113.91417420998421
13.471999999998303, 113.90766858573284
13.472999999998303, 113.90109061212678
13.473999999998304, 113.8944412100911
13.474999999998301, 113.88772130055081
13.475999999998301, 113.88093180443084
13.4769999999983, 113.8740736426563
13.4779999999983, 113.86714773615215
13.4789999999983, 113.86015500584341
13.479999999998299, 113.85309637265506
13.480999999998298, 113.84597275751219
13.481999999998298, 113.83878508133972
13.482999999998297, 113.83153426506273
13.483999999998296, 113.82422122960618
13.484999999998296, 113.81684689589513
13.485999999998295, 113.80941218485455
13.486999999998297, 113.80191801740948
13.487999999998294, 113.79436531448492
13.488999999998294, 113.78675499700589
13.489999999998293, 113.77908798589738
13.49099999999829, 113.7713652020844
13.491999999998292, 113.76358756649198
13.492999999998291, 113.75575600004514
13.493999999998293, 113.74787142366884
13.49499999999829, 113.73993475828817
13.49599999999829, 113.73194692482807
13.49699999999829, 113.72390884421358
13.49799999999829, 113.71582143736973
13.498999999998288, 113.7076856252215
13.499999999998288, 113.69950232869392
13.500999999998287, 113.69127246871199
13.501999999998286, 113.6829969662007
13.502999999998286, 113.67467674208513
13.503999999998285, 113.66631271729023
13.504999999998285, 113.657905812741
13.505999999998284, 113.64945694936249
13.506999999998284, 113.64096704807974
13.507999999998283, 113.63243702981767
13.508999999998283, 113.62386781550137
13.50999999999828, 113.61526032605583
13.510999999998281, 113.60661548240606
13.511999999998281, 113.59793420547703
13.512999999998279, 113.58921741619382
13.51399999999828, 113.5804660354814
13.514999999998281, 113.57168098426479
13.51599999999828, 113.56286318346898
13.51699999999828, 113.55401356740052
13.517999999998278, 113.54513367171015
13.518999999998277, 113.5362258636943
13.519999999998278, 113.52729257161445
13.520999999998276, 113.51833622373198
13.521999999998275, 113.50935924830841
13.522999999998277, 113.50036407360517
13.523999999998274, 113.49135312788377
13.524999999998274, 113.48232883940557
13.525999999998273, 113.47329363643212
13.526999999998273, 113.46424994722483
13.527999999998272, 113.45520020004517
13.52899999999827, 113.4461468231546
13.529999999998271, 113.43709224481455
13.53099999999827, 113.42803889328653
13.531999999998268, 113.41898919683194
13.53299999999827, 113.40994558371227
13.533999999998267, 113.40091048218898
13.534999999998268, 113.39188632052353
13.535999999998268, 113.38287552697737
13.536999999998267, 113.37388052981193
13.537999999998267, 113.3649037572887
13.538999999998268, 113.35594763766915
13.539999999998265, 113.34701459921469
13.540999999998265, 113.33810707018682
13.541999999998263, 113.32922747884697
13.542999999998266, 113.32037825345665
13.543999999998265, 113.3115618222772
13.544999999998263, 113.30278061357023
13.54599999999826, 113.29403705559712
13.546999999998263, 113.28533357661931
13.54799999999826, 113.2766726048983
13.54899999999826, 113.2680565686955
13.54999999999826, 113.25948789627239
13.550999999998258, 113.25096901589043
13.551999999998259, 113.2425023558111
13.552999999998258, 113.23409034429581
13.55399999999826, 113.22573540960606
13.554999999998255, 113.21743998000329
13.555999999998258, 113.20920648374897
13.556999999998256, 113.2010373491045
13.557999999998255, 113.19293500433145
13.558999999998255, 113.18490187769116
13.559999999998254, 113.17694039744512
13.560999999998254, 113.1690529918549
13.561999999998253, 113.16124208918178
13.562999999998254, 113.15351011768733
13.563999999998252, 113.14585950563296
13.564999999998252, 113.13829268128016
13.565999999998253, 113.1308120728904
13.56699999999825, 113.12342010872507
13.56799999999825, 113.11611921704565
13.56899999999825, 113.10891182611365
13.569999999998249, 113.10180036419052
13.570999999998248, 113.09478725953767
13.571999999998248, 113.08787494041655
13.572999999998247, 113.08106583508868
13.573999999998247, 113.07436237181545
13.574999999998246, 113.06776697885843
13.575999999998245, 113.0612820844789
13.576999999998247, 113.05491011693846
13.577999999998243, 113.04865350449853
13.578999999998244, 113.04251467542056
13.579999999998243, 113.036496057966
13.580999999998243, 113.03060008039633
13.581999999998242, 113.02482917097298
13.582999999998243, 113.01918575795744
13.583999999998241, 113.0136722696111
13.58499999999824, 113.00829113419553
13.58599999999824, 113.00304477997209
13.586999999998238, 112.9979356352023
13.587999999998239, 112.99296612814756
13.588999999998238, 112.98813868706937
13.589999999998238, 112.98345574022913
13.590999999998237, 112.97891971588841
13.591999999998237, 112.97453304222034
13.592999999998238, 112.97029755678989
13.593999999998234, 112.96621309910623
13.594999999998235, 112.96227908656944
13.595999999998233, 112.9584949365797
13.596999999998232, 112.95486006653725
13.597999999998233, 112.95137389384223
13.598999999998233, 112.94803583589483
13.599999999998232, 112.9448453100952
13.600999999998232, 112.94180173384356
13.601999999998233, 112.93890452454005
13.60299999999823, 112.93615309958487
13.60399999999823, 112.93354687637816
13.60499999999823, 112.93108527232017
13.605999999998229, 112.92876770481102
13.60699999999823, 112.9265935912509
13.60799999999823, 112.92456234904002
13.608999999998229, 112.9226733955785
13.609999999998227, 112.92092614826657
13.610999999998226, 112.91932002450436
13.611999999998227, 112.91785444169207
13.612999999998225, 112.91652881722993
13.613999999998224, 112.91534256851801
13.614999999998226, 112.91429511295658
13.615999999998223, 112.91338586794578
13.616999999998225, 112.91261425088578
13.617999999998222, 112.9119796791768
13.618999999998222, 112.91148157021897
13.619999999998223, 112.91111934141246
13.620999999998219, 112.91089241015752
13.621999999998222, 112.91080019385427
13.62299999999822, 112.91084210990289
13.623999999998219, 112.91101757570357
13.62499999999822, 112.91132600865646
13.625999999998216, 112.9117668261618
13.626999999998219, 112.91233944561974
13.627999999998218, 112.91304328443039
13.628999999998218, 112.91387775999402
13.629999999998214, 112.91484228971082
13.630999999998215, 112.91593629098087
13.631999999998214, 112.91715918120441
13.632999999998214, 112.9185103777816
13.633999999998213, 112.91998929811264
13.634999999998211, 112.92159535959767
13.635999999998214, 112.92332797963692
13.636999999998212, 112.9251865756305
13.637999999998213, 112.9271705649787
13.638999999998212, 112.92927936508158
13.639999999998214, 112.93151239333936
13.64099999999821, 112.93386906715222
13.64199999999821, 112.93634880392034
13.642999999998208, 112.93895102104389
13.64399999999821, 112.94167513592308
13.644999999998207, 112.94452056595802
13.645999999998207, 112.94748672854895
13.646999999998208, 112.950573041096
13.647999999998207, 112.95377892099944
13.648999999998207, 112.95710345742941
13.649999999998206, 112.96054444135035
13.650999999998204, 112.96409934281218
13.651999999998203, 112.96776563186496
13.652999999998205, 112.97154077855866
13.653999999998206, 112.9754222529433
13.654999999998202, 112.97940752506895
13.655999999998203, 112.9834940649855
13.656999999998202, 112.98767934274304
13.657999999998202, 112.99196082839151
13.658999999998201, 112.99633599198104
13.659999999998197, 113.0008023035615
13.660999999998197, 113.00535723318299
13.6619999999982, 113.00999825089548
13.662999999998197, 113.01472282674894
13.6639999999982, 113.01952843079344
13.664999999998196, 113.02441253307897
13.665999999998196, 113.02937260365553
13.666999999998197, 113.03440611257317
13.667999999998194, 113.03951052988182
13.668999999998194, 113.04468332563152
13.669999999998193, 113.04992196987229
13.670999999998195, 113.05522393265412
13.671999999998192, 113.06058668402706
13.672999999998192, 113.06600769404108
13.673999999998191, 113.07148443274619
13.67499999999819, 113.07701437019237
13.675999999998192, 113.0825949764297
13.676999999998191, 113.0882237215081
13.677999999998189, 113.09389807547765
13.678999999998187, 113.09961550838834
13.679999999998188, 113.10537349029013
13.680999999998187, 113.11116949123311
13.681999999998187, 113.11700098126722
13.682999999998186, 113.1228654304425
13.683999999998187, 113.12876030880892
13.684999999998183, 113.13468308641653
13.685999999998186, 113.14063123331535
13.686999999998188, 113.1466022195553
13.687999999998183, 113.1525935151865
13.688999999998185, 113.15860259025888
13.689999999998182, 113.16462691482248
13.690999999998184, 113.1706639589273
13.691999999998181, 113.17671119262334
13.69299999999818, 113.18276608596062
13.69399999999818, 113.18882610898913
13.694999999998181, 113.19488873175888
13.69599999999818, 113.20095142431991
13.696999999998178, 113.20701165672222
13.69799999999818, 113.21306689901576
13.698999999998176, 113.21911462125058
13.699999999998177, 113.22515229347673
13.700999999998176, 113.23117738574413
13.701999999998176, 113.23718736810285
13.702999999998173, 113.24317971060287
13.703999999998176, 113.24915188329422
13.704999999998174, 113.25510135622686
13.705999999998173, 113.26102559945087
13.706999999998175, 113.2669220830162
13.707999999998174, 113.27278827697288
13.708999999998174, 113.27862165137088
13.709999999998171, 113.28441967626028
13.71099999999817, 113.29017982169103
13.71199999999817, 113.29589955771316
13.712999999998171, 113.30157635437668
13.713999999998173, 113.30720768173157
13.714999999998168, 113.31279100982788
13.715999999998168, 113.31832380871558
13.716999999998169, 113.32380354844469
13.717999999998165, 113.32922769906523
13.718999999998166, 113.3345937306272
13.719999999998166, 113.33989911318059
13.720999999998165, 113.34514131677543
13.721999999998165, 113.35031783582777
13.722999999998164, 113.35542694135438
13.723999999998163, 113.36046782429048
13.724999999998165, 113.36543972885879
13.725999999998164, 113.37034189928202
13.726999999998162, 113.37517357978301
13.727999999998161, 113.37993401458445
13.728999999998159, 113.38462244790908
13.729999999998162, 113.38923812397965
13.73099999999816, 113.39378028701896
13.731999999998159, 113.39824818124967
13.732999999998158, 113.4026410508946
13.733999999998158, 113.40695814017647
13.734999999998157, 113.41119869331801
13.735999999998157, 113.41536195454204
13.736999999998158, 113.41944716807119
13.737999999998156, 113.42345357812835
13.738999999998157, 113.42738042893615
13.739999999998153, 113.43122696471737
13.740999999998156, 113.43499242969477
13.741999999998155, 113.4386760680911
13.742999999998153, 113.4422771241291
13.743999999998154, 113.44579484203155
13.744999999998152, 113.44922846602108
13.745999999998151, 113.45257724032062
13.74699999999815, 113.45584040915278
13.747999999998148, 113.45901721674039
13.748999999998151, 113.46210690730614
13.749999999998149, 113.46510872507275
13.750999999998152, 113.46802191426306
13.751999999998146, 113.4708457190998
13.75299999999815, 113.47357938380563
13.753999999998147, 113.47622215260338
13.754999999998146, 113.47877326971579
13.755999999998144, 113.48123197936559
13.756999999998145, 113.48359752577552
13.757999999998143, 113.48586915316834
13.758999999998146, 113.48804610576681
13.759999999998145, 113.49012762779364
13.760999999998143, 113.49211296347163
13.761999999998144, 113.49400135702346
13.76299999999814, 113.49579205267197
13.763999999998145, 113.49748429463982
13.76499999999814, 113.49907732714979
13.76599999999814, 113.50057039442464
13.76699999999814, 113.5019627406871
13.767999999998139, 113.50325361015996
13.768999999998142, 113.5044422470659
13.769999999998138, 113.50552789562774
13.77099999999814, 113.50650980006816
13.771999999998139, 113.50738720460993
13.772999999998136, 113.50815935347583
13.773999999998138, 113.50882549088858
13.774999999998135, 113.50938486107088
13.775999999998133, 113.50983670824559
13.776999999998136, 113.51018027663535
13.777999999998137, 113.510414810463
13.778999999998133, 113.5105395539512
13.779999999998134, 113.51055375132277
13.780999999998134, 113.5104566468004
13.781999999998133, 113.51024748460688
13.78299999999813, 113.50992550896495
13.78399999999813, 113.50948996409731
13.784999999998131, 113.5089400942268
13.785999999998129, 113.5082751435761
13.786999999998129, 113.50749435636799
13.787999999998128, 113.50659697682516
13.788999999998127, 113.5055822491704
13.789999999998129, 113.50444941762649
13.790999999998128, 113.50319772641613
13.791999999998126, 113.50182641976208
13.792999999998127, 113.5003347418871
13.793999999998126, 113.49872193701393
13.794999999998124, 113.49698724936529
13.795999999998125, 113.49513004199807
13.796999999998125, 113.49315039023686
13.797999999998122, 113.49104863358586
13.798999999998124, 113.48882511198313
13.799999999998121, 113.48648016536674
13.80099999999812, 113.48401413367476
13.80199999999812, 113.48142735684529
13.80299999999812, 113.47872017481637
13.80399999999812, 113.4758929275261
13.804999999998119, 113.47294595491255
13.80599999999812, 113.46987959691381
13.806999999998117, 113.46669419346792
13.807999999998117, 113.46339008451294
13.808999999998118, 113.459967609987
13.809999999998116, 113.45642710982818
13.810999999998115, 113.45276892397449
13.811999999998115, 113.44899339236406
13.812999999998116, 113.44510085493492
13.813999999998115, 113.44109165162521
13.814999999998115, 113.43696612237292
13.815999999998114, 113.4327246071162
13.816999999998112, 113.4283674457931
13.817999999998113, 113.42389497834168
13.81899999999811, 113.41930754470003
13.819999999998114, 113.4146054848062
13.82099999999811, 113.4097891385983
13.821999999998111, 113.40485884601438
13.822999999998107, 113.39981494699252
13.82399999999811, 113.39465778147081
13.824999999998107, 113.38938768938732
13.825999999998105, 113.3840050106801
13.826999999998106, 113.37851008528723
13.827999999998108, 113.37290325314682
13.828999999998107, 113.36718485419694
13.829999999998105, 113.36135522837563
13.830999999998102, 113.35541471562094
13.831999999998104, 113.34936365587104
13.832999999998103, 113.34320238906392
13.833999999998104, 113.33693125513773
13.834999999998104, 113.33055059403046
13.835999999998101, 113.32406074568024
13.8369999999981, 113.31746205002514
13.837999999998102, 113.31075484700321
13.8389999999981, 113.30393947655253
13.8399999999981, 113.2970162786112
13.840999999998097, 113.2899855931173
13.841999999998098, 113.28284776000885
13.842999999998097, 113.27560311922397
13.843999999998097, 113.26825201070072
13.844999999998098, 113.26079477437717
13.845999999998098, 113.25323175019145
13.846999999998097, 113.24556327808155
13.847999999998095, 113.2377896979856
13.848999999998094, 113.22991134984164
13.849999999998094, 113.22192857358777
13.850999999998095, 113.21384170916207
13.851999999998093, 113.20565120794515
13.852999999998092, 113.19735830817247
13.85399999999809, 113.18896458685676
13.854999999998093, 113.1804716223326
13.855999999998092, 113.17188099293467
13.85699999999809, 113.16319427699759
13.85799999999809, 113.15441305285596
13.85899999999809, 113.14553889884436
13.859999999998088, 113.13657339329744
13.860999999998088, 113.12751811454984
13.861999999998087, 113.1183746409362
13.862999999998088, 113.10914455079103
13.863999999998086, 113.09982942244905
13.864999999998087, 113.0904308342449
13.865999999998085, 113.08095036451311
13.866999999998086, 113.07138959158837
13.867999999998085, 113.06175009380524
13.868999999998083, 113.05203344949838
13.869999999998084, 113.0422412370024
13.870999999998084, 113.03237503465189
13.871999999998081, 113.02243642078153
13.87299999999808, 113.01242697372592
13.87399999999808, 113.00234827181967
13.874999999998083, 112.99220189339738
13.87599999999808, 112.98198941679371
13.876999999998079, 112.97171242034324
13.877999999998078, 112.96137248238057
13.878999999998078, 112.95097118124039
13.879999999998075, 112.94051009525731
13.880999999998076, 112.92999080276589
13.881999999998076, 112.91941488210082
13.882999999998079, 112.90878391159664
13.883999999998077, 112.89809946958803
13.884999999998074, 112.88736313440961
13.885999999998075, 112.87657648439594
13.886999999998071, 112.86574109788172
13.887999999998073, 112.85485855320152
13.888999999998074, 112.84393042868999
13.889999999998071, 112.8329583026817
13.890999999998073, 112.82194375351133
13.89199999999807, 112.81088835951344
13.89299999999807, 112.7997936990227
13.89399999999807, 112.7886613503737
13.89499999999807, 112.77749289190109
13.895999999998066, 112.76628990193944
13.896999999998068, 112.75505395882341
13.897999999998065, 112.7437866408876
13.898999999998066, 112.73248952646665
13.899999999998068, 112.72116419389515
13.900999999998065, 112.70981222150775
13.901999999998065, 112.69843518763903
13.902999999998064, 112.68703467062367
13.903999999998065, 112.67561224879626
13.904999999998063, 112.66416950049137
13.905999999998063, 112.65270800404369
13.906999999998062, 112.64122933778779
13.907999999998061, 112.62973508005834
13.908999999998063, 112.61822680918992
13.909999999998062, 112.60670610351717
13.91099999999806, 112.59517454137469
13.911999999998061, 112.58363370109711
13.912999999998059, 112.57208516101906
13.91399999999806, 112.56053049947514
13.914999999998058, 112.5489712948
13.915999999998057, 112.5374091253282
13.916999999998056, 112.52584556939442
13.917999999998056, 112.51428220533326
13.918999999998054, 112.50272061147935
13.919999999998055, 112.49116236616727
13.920999999998052, 112.47960904773169
13.921999999998055, 112.46806223450719
13.922999999998055, 112.4565235048284
13.923999999998053, 112.44499443702996
13.924999999998052, 112.43347660944647
13.925999999998051, 112.42197160041255
13.926999999998051, 112.41048098826282
13.92799999999805, 112.39900635133192
13.92899999999805, 112.3875492679544
13.929999999998051, 112.376111316465
13.930999999998049, 112.36469407519824
13.931999999998048, 112.3532991224888
13.93299999999805, 112.34192803667125
13.933999999998047, 112.33058239608019
13.934999999998047, 112.31926377905032
13.935999999998044, 112.30797376391624
13.936999999998044, 112.2967139290125
13.937999999998047, 112.28548585267382
13.938999999998046, 112.27429113143876
13.939999999998044, 112.26313145084336
13.940999999998047, 112.25200852357891
13.941999999998044, 112.24092406234334
13.942999999998044, 112.22987977983453
13.943999999998042, 112.21887738875046
13.94499999999804, 112.20791860178903
13.94599999999804, 112.19700513164813
13.946999999998042, 112.18613869102575
13.947999999998041, 112.17532099261973
13.948999999998039, 112.16455374912807
13.949999999998038, 112.15383867324866
13.950999999998036, 112.14317747767943
13.951999999998037, 112.13257187511827
13.952999999998035, 112.12202357826317
13.953999999998036, 112.11153429981199
13.954999999998035, 112.1011057524627
13.955999999998035, 112.09073964891316
13.956999999998038, 112.08043770186137
13.957999999998034, 112.0702016240052
13.958999999998031, 112.06003312804262
13.959999999998033, 112.04993392667149
13.960999999998032, 112.03990573258977
13.961999999998035, 112.02995025849539
13.962999999998031, 112.02006921708627
13.963999999998032, 112.0102643210603
13.964999999998028, 112.00053728311545
13.965999999998031, 111.99088981594963
13.96699999999803, 111.98132363226074
13.967999999998028, 111.97184044474675
13.96899999999803, 111.9624419661055
13.969999999998029, 111.953129909035
13.970999999998027, 111.94390598623315
13.971999999998026, 111.93477191039784
13.972999999998027, 111.92572939422703
13.973999999998027, 111.91678015041863
13.974999999998024, 111.90792589167057
13.975999999998026, 111.89916833068074
13.976999999998025, 111.8905091801471
13.977999999998021, 111.88195015276756
13.978999999998024, 111.87349296124002
13.979999999998022, 111.86513931826246
13.980999999998021, 111.85689093653276
13.98199999999802, 111.84874952874887
13.982999999998022, 111.84071680760866
13.98399999999802, 111.83279448581013
13.984999999998019, 111.82498427605115
13.985999999998018, 111.81728789102968
13.986999999998018, 111.80970704344358
13.987999999998019, 111.80224344599081
13.98899999999802, 111.79489881136932
13.989999999998016, 111.78767485227702
13.990999999998015, 111.78057328141182
13.991999999998017, 111.77359581147161
13.992999999998014, 111.76674415515438
13.993999999998017, 111.76002002515801
13.994999999998013, 111.7534251341805
13.995999999998014, 111.74696119491963
13.996999999998012, 111.74062992007342
13.997999999998013, 111.73443302233979
13.998999999998011, 111.72837221441664
13.999999999998009, 111.7224492090019
14.00099999999801, 111.71666571879348
14.001999999998011, 111.71102345648933
14.002999999998009, 111.70552413478738
14.003999999998008, 111.70016946638552
14.00499999999801, 111.6949611639817
14.005999999998009, 111.68990087280429
14.006999999998008, 111.68498946473483
14.007999999998006, 111.68022731788886
14.008999999998005, 111.67561480238163
14.009999999998003, 111.67115228832833
14.010999999998006, 111.66684014584425
14.011999999998006, 111.66267874504459
14.012999999998003, 111.65866845604457
14.013999999998004, 111.6548096489594
14.014999999998, 111.65110269390433
14.015999999998003, 111.64754796099463
14.016999999998003, 111.64414582034546
14.017999999998, 111.6408966420721
14.018999999998002, 111.63780079628977
14.019999999998, 111.63485865311364
14.020999999997999, 111.63207058265903
14.021999999998, 111.62943695504113
14.022999999997998, 111.62695814037517
14.023999999997999, 111.62463450877632
14.024999999997997, 111.62246643035992
14.025999999997998, 111.62045427524113
14.026999999997996, 111.61859841353518
14.027999999997997, 111.61689921535731
14.028999999997994, 111.61535705082275
14.029999999997997, 111.61397229004675
14.030999999997993, 111.61274530314448
14.031999999997993, 111.61167646023122
14.032999999997992, 111.6107661314222
14.033999999997992, 111.61001468683263
14.034999999997993, 111.60942249657772
14.03599999999799, 111.60898993077272
14.036999999997992, 111.6087173595329
14.03799999999799, 111.60860515297341
14.038999999997992, 111.60865368120955
14.039999999997988, 111.6088633143565
14.04099999999799, 111.60923442252951
14.041999999997987, 111.60976737584379
14.042999999997985, 111.61046254441462
14.043999999997988, 111.61132029835716
14.044999999997984, 111.6123410077867
14.045999999997987, 111.61352504281844
14.046999999997986, 111.61487277356758
14.047999999997984, 111.61638457014939
14.048999999997983, 111.61806080267911
14.049999999997985, 111.61990184127193
14.050999999997984, 111.62190805604311
14.051999999997982, 111.62407981710783
14.052999999997981, 111.62641749458137
14.05399999999798, 111.62892145857896
14.054999999997978, 111.6315920792158
14.055999999997981, 111.63442972660712
14.05699999999798, 111.63743477086817
14.057999999997978, 111.6406075821142
14.058999999997978, 111.64394853046036
14.059999999997979, 111.64745798602192
14.060999999997978, 111.65113631891418
14.061999999997978, 111.65498389925227
14.062999999997976, 111.65900109715145
14.063999999997975, 111.66318828272694
14.064999999997974, 111.667545826094
14.065999999997972, 111.67207409736783
14.066999999997973, 111.67677346666366
14.067999999997975, 111.68164430409675
14.068999999997972, 111.6866868377135
14.069999999997973, 111.69189926575902
14.070999999997971, 111.69727827160631
14.071999999997972, 111.70282050231758
14.07299999999797, 111.70852260495491
14.073999999997971, 111.7143812265806
14.074999999997967, 111.7203930142567
14.075999999997968, 111.72655461504539
14.076999999997968, 111.7328626760088
14.077999999997965, 111.73931384420914
14.078999999997967, 111.74590476670855
14.079999999997966, 111.75263209056916
14.080999999997967, 111.75949246285315
14.081999999997965, 111.76648253062271
14.082999999997964, 111.77359894093998
14.083999999997966, 111.78083834086706
14.084999999997967, 111.78819737746619
14.085999999997963, 111.79567269779945
14.086999999997962, 111.80326094892906
14.087999999997962, 111.81095877791714
14.088999999997963, 111.8187628318259
14.08999999999796, 111.82666975771744
14.09099999999796, 111.83467620265394
14.091999999997961, 111.84277881369755
14.09299999999796, 111.85097423791046
14.09399999999796, 111.85925912235476
14.094999999997958, 111.86763011409269
14.095999999997957, 111.87608386018636
14.096999999997958, 111.8846170076979
14.097999999997956, 111.89322620368955
14.098999999997957, 111.90190809522339
14.099999999997955, 111.91065932936166
14.100999999997956, 111.9194765531664
14.101999999997954, 111.92835641369987
14.102999999997952, 111.93729555802418
14.103999999997953, 111.94629063320154
14.10499999999795, 111.95533828629402
14.105999999997954, 111.96443516436385
14.106999999997953, 111.97357791447317
14.107999999997952, 111.98276318368411
14.108999999997952, 111.99198761905888
14.109999999997951, 112.00124786765959
14.11099999999795, 112.01054057654842
14.111999999997947, 112.01986239278753
14.11299999999795, 112.02920996343904
14.113999999997947, 112.03857993556517
14.114999999997947, 112.04796895622805
14.115999999997948, 112.0573736724898
14.116999999997946, 112.06679073141264
14.117999999997945, 112.0762167800587
14.118999999997946, 112.08564846549014
14.119999999997944, 112.09508243476911
14.120999999997943, 112.10451533495778
14.121999999997943, 112.11394381311827
14.122999999997942, 112.12336451631282
14.123999999997944, 112.13277409160351
14.124999999997943, 112.14216918605253
14.12599999999794, 112.15154644672204
14.12699999999794, 112.16090252067417
14.12799999999794, 112.17023405497109
14.128999999997939, 112.17953769667503
14.129999999997937, 112.18881009284803
14.130999999997938, 112.1980478905523
14.131999999997937, 112.20724773685002
14.132999999997937, 112.21640627880332
14.133999999997936, 112.22552016347436
14.134999999997936, 112.23458603792533
14.135999999997937, 112.24360054921834
14.136999999997935, 112.25256034441557
14.137999999997936, 112.26146207057919
14.138999999997933, 112.27030237477132
14.139999999997935, 112.27907790405416
14.140999999997932, 112.28778530548983
14.141999999997934, 112.29642122617453
14.142999999997933, 112.30498279288673
14.143999999997932, 112.31346881852684
14.14499999999793, 112.3218784862748
14.14599999999793, 112.33021097931059
14.146999999997929, 112.33846548081411
14.147999999997928, 112.34664117396535
14.14899999999793, 112.35473724194422
14.14999999999793, 112.36275286793068
14.150999999997929, 112.3706872351047
14.151999999997926, 112.3785395266462
14.152999999997926, 112.38630892573511
14.153999999997929, 112.39399461555142
14.154999999997925, 112.40159577927506
14.155999999997922, 112.40911160008596
14.156999999997923, 112.41654126116411
14.157999999997923, 112.4238839456894
14.158999999997924, 112.43113883684181
14.159999999997924, 112.43830511780126
14.160999999997923, 112.44538197174775
14.16199999999792, 112.45236858186118
14.16299999999792, 112.4592641313215
14.16399999999792, 112.46606780330866
14.16499999999792, 112.47277878100265
14.16599999999792, 112.47939624758334
14.16699999999792, 112.48591938623072
14.16799999999792, 112.49234738012476
14.168999999997919, 112.49867941244534
14.169999999997918, 112.50491466637249
14.170999999997916, 112.5110523250861
14.171999999997919, 112.5170915717661
14.172999999997916, 112.5230315895925
14.173999999997914, 112.52887156174518
14.174999999997913, 112.53461067140414
14.175999999997915, 112.54024810174933
14.176999999997916, 112.54578303596064
14.177999999997914, 112.55121465721808
14.178999999997913, 112.55654214870154
14.179999999997912, 112.56176469359099
14.180999999997912, 112.56688147506637
14.181999999997911, 112.57189167630767
14.182999999997909, 112.57679448049477
14.183999999997909, 112.58158907080767
14.18499999999791, 112.58627463042629
14.185999999997907, 112.59085034253059
14.186999999997907, 112.59531539030048
14.187999999997906, 112.59966895691599
14.188999999997908, 112.60391022555697
14.189999999997907, 112.60803837940342
14.190999999997908, 112.61205260163527
14.191999999997902, 112.61595207543247
14.192999999997905, 112.61973598397499
14.193999999997903, 112.62340351044277
14.194999999997902, 112.62695383801568
14.195999999997902, 112.63038614987377
14.1969999999979, 112.63369962919695
14.197999999997899, 112.63689345916515
14.1989999999979, 112.63996682295833
14.199999999997903, 112.64291890375644
14.200999999997899, 112.64574888473942
14.2019999999979, 112.64845594908722
14.202999999997896, 112.65103927997978
14.2039999999979, 112.65349806059706
14.204999999997899, 112.655831474119
14.205999999997895, 112.65803870372554
14.206999999997896, 112.66011893259663
14.207999999997895, 112.66207134391222
14.208999999997898, 112.66389512085227
14.209999999997892, 112.6655894465967
14.210999999997894, 112.66715350432548
14.211999999997895, 112.66858647721853
14.212999999997892, 112.66988754845582
14.213999999997894, 112.67105590121729
14.214999999997891, 112.67209071868288
14.215999999997889, 112.67299121222057
14.216999999997888, 112.67375732605105
14.217999999997891, 112.6743897875316
14.218999999997889, 112.67488936227807
14.219999999997889, 112.67525681590634
14.220999999997888, 112.6754929140323
14.22199999999789, 112.67559842227183
14.222999999997889, 112.67557410624084
14.223999999997886, 112.67542073155518
14.224999999997888, 112.67513906383068
14.225999999997887, 112.67472986868331
14.226999999997886, 112.67419391172892
14.227999999997886, 112.67353195858338
14.228999999997884, 112.67274477486255
14.229999999997881, 112.67183312618235
14.230999999997882, 112.67079777815867
14.231999999997884, 112.66963949640734
14.232999999997881, 112.66835904654427
14.23399999999788, 112.66695719418534
14.234999999997882, 112.66543470494642
14.235999999997883, 112.66379234444341
14.23699999999788, 112.66203087829217
14.237999999997879, 112.6601510721086
14.23899999999788, 112.65815369150857
14.239999999997876, 112.65603950210797
14.240999999997879, 112.65380926952265
14.241999999997876, 112.65146375936854
14.242999999997876, 112.64900373726147
14.243999999997873, 112.64642996881736
14.244999999997875, 112.64374321965205
14.245999999997874, 112.64094425538147
14.246999999997874, 112.63803384162146
14.247999999997875, 112.63501274398793
14.248999999997874, 112.63188172809673
14.249999999997872, 112.62864155956377
14.250999999997871, 112.62529300400492
14.25199999999787, 112.62183682703608
14.25299999999787, 112.61827379427307
14.25399999999787, 112.61460467133183
14.254999999997871, 112.6108302238282
14.255999999997869, 112.60695121737811
14.25699999999787, 112.60296841759742
14.25799999999787, 112.59888259010198
14.258999999997869, 112.5946945005077
14.25999999999787, 112.59040491443045
14.260999999997866, 112.58601459748611
14.261999999997865, 112.58152431529058
14.262999999997865, 112.57693483345972
14.263999999997866, 112.57224691760942
14.264999999997864, 112.56746133335557
14.265999999997865, 112.562578846314
14.266999999997864, 112.55760022210065
14.267999999997864, 112.55252622633138
14.268999999997863, 112.54735762462207
14.26999999999786, 112.54209518258858
14.27099999999786, 112.53673966584685
14.27199999999786, 112.5312918260951
14.272999999997861, 112.52575193899098
14.273999999997859, 112.52011969697998
14.274999999997858, 112.514394756878
14.27599999999786, 112.50857677550113
14.276999999997857, 112.50266540966524
14.277999999997858, 112.49666031618632
14.278999999997854, 112.49056115188037
14.279999999997857, 112.48436757356335
14.280999999997855, 112.47807923805125
14.281999999997854, 112.47169580216001
14.282999999997854, 112.46521692270565
14.283999999997851, 112.45864225650413
14.284999999997854, 112.45197146037138
14.285999999997852, 112.44520419112344
14.286999999997853, 112.43834010557624
14.28799999999785, 112.43137886054578
14.28899999999785, 112.42432011284804
14.289999999997852, 112.41716351929895
14.290999999997851, 112.4099087367145
14.291999999997849, 112.40255542191069
14.292999999997848, 112.3951032317035
14.29399999999785, 112.38755182290888
14.294999999997849, 112.37990085234283
14.295999999997846, 112.37214997682128
14.296999999997844, 112.36429885316026
14.297999999997847, 112.35634713817569
14.298999999997847, 112.34829448868354
14.299999999997844, 112.34014056149985
14.300999999997845, 112.33188501344056
14.301999999997843, 112.32352750132165
14.302999999997844, 112.31506768195908
14.303999999997844, 112.3065052121688
14.304999999997841, 112.29783974876683
14.30599999999784, 112.28907094856918
14.306999999997842, 112.28019846839172
14.30799999999784, 112.27122196505051
14.308999999997837, 112.26214109536147
14.30999999999784, 112.25295551614062
14.310999999997838, 112.2436648842039
14.311999999997836, 112.2342688563673
14.312999999997839, 112.2247670894468
14.31399999999784, 112.21515924025834
14.31499999999784, 112.20544496561794
14.315999999997835, 112.19562392234158
14.316999999997835, 112.18569576724516
14.317999999997832, 112.17566015714476
14.318999999997834, 112.16551674885628
14.319999999997833, 112.1552651991957
14.320999999997834, 112.14490516497904
14.321999999997834, 112.13443630302217
14.322999999997831, 112.1238582701412
14.323999999997831, 112.11317072315204
14.32499999999783, 112.10237331887063
14.32599999999783, 112.091465714113
14.326999999997831, 112.08044756569512
14.32799999999783, 112.06931853043294
14.328999999997828, 112.05807826514243
14.32999999999783, 112.0467264266396
14.330999999997829, 112.03526267174038
14.331999999997828, 112.02368665726081
14.332999999997826, 112.01199804001676
14.333999999997824, 112.0001964768243
14.334999999997823, 111.9882816244994
14.335999999997822, 111.97625313985796
14.336999999997824, 111.96411067971601
14.337999999997823, 111.95185390088955
14.338999999997823, 111.93948246019447
14.339999999997822, 111.92699601444683
14.340999999997823, 111.91439422046255
14.341999999997823, 111.9016767350576
14.34299999999782, 111.88884321504803
14.343999999997822, 111.87589331724973
14.344999999997821, 111.86282669847871
14.34599999999782, 111.84964301555094
14.346999999997822, 111.83634192528238
14.347999999997818, 111.82292308448905
14.348999999997817, 111.80938614998686
14.349999999997815, 111.79573077859186
14.350999999997816, 111.78195662711995
14.351999999997815, 111.76806335238714
14.352999999997815, 111.75405061120942
14.353999999997816, 111.73991806040274
14.354999999997816, 111.72566535678307
14.355999999997813, 111.71129215716641
14.35699999999781, 111.69679811836872
14.357999999997814, 111.68218301744547
14.358999999997813, 111.66744848685813
14.359999999997811, 111.65259761669954
14.360999999997812, 111.63763353629224
14.36199999999781, 111.62255937495883
14.362999999997811, 111.60737826202181
14.363999999997809, 111.59209332680373
14.36499999999781, 111.57670769862722
14.365999999997808, 111.56122450681475
14.366999999997805, 111.54564688068893
14.367999999997807, 111.52997794957231
14.368999999997804, 111.51422084278741
14.369999999997805, 111.49837868965682
14.370999999997805, 111.4824546195031
14.371999999997806, 111.46645176164878
14.372999999997804, 111.45037324541642
14.373999999997805, 111.4342222001286
14.374999999997803, 111.41800175510784
14.375999999997804, 111.4017150396767
14.376999999997802, 111.38536518315777
14.377999999997803, 111.36895531487357
14.378999999997802, 111.35248856414668
14.379999999997802, 111.33596806029965
14.380999999997801, 111.31939693265502
14.3819999999978, 111.30277831053534
14.382999999997798, 111.2861153232632
14.383999999997798, 111.26941110016115
14.384999999997797, 111.25266877055174
14.385999999997797, 111.23589146375748
14.386999999997796, 111.21908230910097
14.387999999997795, 111.20224443590477
14.388999999997795, 111.18538097349145
14.389999999997794, 111.1684950511835
14.390999999997796, 111.15158979830355
14.391999999997795, 111.1346683441741
14.392999999997794, 111.1177338181177
14.393999999997792, 111.10078934945699
14.394999999997793, 111.08383806751444
14.395999999997793, 111.06688310161263
14.396999999997794, 111.0499275810741
14.39799999999779, 111.03297463522145
14.398999999997791, 111.01602739337723
14.399999999997789, 110.99908898486396
14.40099999999779, 110.9821625390042
14.401999999997788, 110.96525118512051
14.402999999997787, 110.94835805253545
14.403999999997788, 110.93148627057164
14.404999999997786, 110.91463896855149
14.405999999997785, 110.89781927579767
14.406999999997785, 110.88103032163272
14.407999999997784, 110.8642752353792
14.408999999997786, 110.8475571463596
14.409999999997785, 110.83087918389653
14.410999999997783, 110.81424447731253
14.411999999997782, 110.79765615593017
14.412999999997782, 110.78111734907202
14.413999999997783, 110.76463118606061
14.414999999997782, 110.74820079621848
14.41599999999778, 110.73182930886821
14.41699999999778, 110.71551985333235
14.41799999999778, 110.69927555893345
14.41899999999778, 110.68309955499406
14.41999999999778, 110.66699497083677
14.420999999997777, 110.65096493578412
14.421999999997778, 110.63501257915863
14.422999999997774, 110.6191410302829
14.423999999997775, 110.60335341847946
14.424999999997777, 110.58765287307088
14.425999999997776, 110.57204252337972
14.426999999997774, 110.55652549872849
14.427999999997773, 110.54110492843981
14.428999999997774, 110.5257839418362
14.429999999997772, 110.51056566824023
14.430999999997772, 110.49545323697444
14.431999999997771, 110.4804497773614
14.432999999997772, 110.46555841872365
14.43399999999777, 110.45078229038374
14.43499999999777, 110.43612452166425
14.435999999997767, 110.42158824188773
14.436999999997767, 110.40717631312782
14.437999999997771, 110.39288941152675
14.438999999997767, 110.37872714445875
14.439999999997765, 110.36468911202584
14.440999999997766, 110.35077491433003
14.441999999997766, 110.33698415147347
14.442999999997765, 110.32331642355808
14.443999999997764, 110.30977133068598
14.444999999997766, 110.29634847295917
14.445999999997765, 110.28304745047976
14.446999999997765, 110.26986786334967
14.447999999997762, 110.25680931167108
14.44899999999776, 110.24387139554597
14.44999999999776, 110.23105371507637
14.45099999999776, 110.21835587036435
14.45199999999776, 110.20577746151193
14.45299999999776, 110.1933180886212
14.45399999999776, 110.1809773517941
14.45499999999776, 110.1687548511328
14.455999999997758, 110.15665018673927
14.456999999997757, 110.14466295871557
14.457999999997757, 110.13279276716375
14.458999999997758, 110.12103921218582
14.459999999997757, 110.10940189388387
14.460999999997757, 110.0978804123599
14.461999999997754, 110.08647436771598
14.462999999997754, 110.07518336005415
14.463999999997752, 110.06400698947644
14.464999999997753, 110.05294485608492
14.465999999997754, 110.04199655998158
14.466999999997752, 110.03116170126856
14.467999999997753, 110.0204398800478
14.468999999997752, 110.00983069642137
14.46999999999775, 109.99933375049136
14.470999999997751, 109.98894864235977
14.471999999997749, 109.97867497212866
14.472999999997747, 109.96851233990007
14.47399999999775, 109.95846034577602
14.474999999997749, 109.94851858985858
14.475999999997747, 109.9386866722498
14.476999999997748, 109.92896419305168
14.477999999997744, 109.91935075236631
14.478999999997749, 109.90984595029572
14.479999999997744, 109.90044938694192
14.480999999997744, 109.89116066240703
14.481999999997743, 109.88197937679303
14.482999999997743, 109.87290513020196
14.483999999997746, 109.86393752273588
14.48499999999774, 109.85507615449686
14.485999999997743, 109.8463208030509
14.486999999997739, 109.83767293777379
14.48799999999774, 109.82913496574885
14.48899999999774, 109.82070930403394
14.489999999997739, 109.81239836968686
14.490999999997738, 109.80420457976557
14.49199999999774, 109.79613035132788
14.492999999997739, 109.78817810143167
14.493999999997737, 109.78035024713482
14.494999999997738, 109.77264920549518
14.495999999997736, 109.7650773935706
14.496999999997735, 109.75763722841899
14.497999999997736, 109.75033112709818
14.498999999997732, 109.743161506666
14.499999999997735, 109.7361307841804
14.500999999997735, 109.72924137669922
14.501999999997736, 109.72249570128028
14.502999999997732, 109.7158961749815
14.503999999997733, 109.70944521486071
14.50499999999773, 109.7031452379758
14.50599999999773, 109.69699866138458
14.50699999999773, 109.69100790214503
14.507999999997729, 109.6851753773149
14.508999999997728, 109.67950350395212
14.509999999997728, 109.67399469911453
14.510999999997727, 109.66865137986
14.511999999997727, 109.66347596324641
14.512999999997726, 109.65847086633158
14.513999999997726, 109.65363850617342
14.514999999997725, 109.6489812998298
14.515999999997725, 109.6445016643586
14.516999999997724, 109.64020201681761
14.517999999997723, 109.63608477426479
14.518999999997725, 109.63215235375792
14.519999999997722, 109.62840717235488
14.520999999997722, 109.62485164711362
14.521999999997721, 109.6214881950919
14.522999999997722, 109.61831923334766
14.523999999997722, 109.61534717893872
14.52499999999772, 109.61257444892296
14.52599999999772, 109.61000346035826
14.526999999997718, 109.60763663030247
14.527999999997718, 109.60547637581347
14.528999999997719, 109.6035251139491
14.52999999999772, 109.60178526176723
14.530999999997716, 109.60025923632577
14.531999999997717, 109.59894945468251
14.532999999997715, 109.5978583338954
14.533999999997716, 109.59698829102224
14.534999999997716, 109.59634174312093
14.535999999997713, 109.59592110724934
14.536999999997715, 109.59572880046528
14.537999999997714, 109.59576723982669
14.538999999997715, 109.59603884239141
14.539999999997713, 109.59654602521724
14.540999999997712, 109.59729120536215
14.54199999999771, 109.59827679988396
14.542999999997711, 109.59950522584052
14.543999999997709, 109.6009789002897
14.544999999997708, 109.60270024028942
14.54599999999771, 109.60467166289746
14.546999999997709, 109.60689558517173
14.547999999997707, 109.60937442417014
14.548999999997706, 109.61211059695046
14.549999999997706, 109.61510652057062
14.550999999997705, 109.61836461208847
14.551999999997705, 109.62188728856187
14.552999999997704, 109.62567696704872
14.553999999997705, 109.62973606460683
14.554999999997705, 109.63406699829409
14.555999999997704, 109.6386721851684
14.556999999997705, 109.64355404228758
14.557999999997701, 109.6487149867095
14.5589999999977, 109.65415743549204
14.5599999999977, 109.65988380569306
14.560999999997703, 109.66589651437044
14.5619999999977, 109.67219797858203
14.562999999997698, 109.6787906153857
14.563999999997696, 109.6856768418393
14.564999999997697, 109.69285907500071
14.565999999997699, 109.70033973192783
14.566999999997696, 109.70812122967844
14.567999999997697, 109.71620598531048
14.568999999997695, 109.7245964158818
14.569999999997695, 109.73329493845026
14.570999999997694, 109.74230397007373
14.571999999997693, 109.75162592781008
14.572999999997693, 109.76126322439924
14.57399999999769, 109.77121601756149
14.57499999999769, 109.7814785224845
14.575999999997693, 109.79204398697348
14.57699999999769, 109.80290565883354
14.57799999999769, 109.81405678586984
14.578999999997688, 109.82549061588753
14.57999999999769, 109.83720039669174
14.58099999999769, 109.84917937608762
14.581999999997688, 109.86142080188034
14.582999999997687, 109.87391792187506
14.583999999997689, 109.8866639838769
14.58499999999769, 109.89965223569105
14.585999999997686, 109.91287592512259
14.586999999997685, 109.92632829997673
14.587999999997686, 109.94000260805856
14.588999999997684, 109.95389209717328
14.589999999997685, 109.96799001512605
14.590999999997683, 109.98228960972196
14.591999999997682, 109.9967841287662
14.59299999999768, 110.01146682006392
14.593999999997681, 110.02633093142026
14.594999999997679, 110.04136971064037
14.59599999999768, 110.05657640552938
14.596999999997681, 110.07194426389245
14.59799999999768, 110.08746653353478
14.598999999997679, 110.10313646226143
14.599999999997678, 110.1189472978776
14.60099999999768, 110.13489228818845
14.601999999997679, 110.1509646809991
14.602999999997678, 110.16715772411472
14.603999999997676, 110.18346466534044
14.604999999997675, 110.1998787524814
14.605999999997676, 110.21639323334279
14.606999999997674, 110.23300135572974
14.607999999997674, 110.24969636744738
14.608999999997673, 110.26647151630087
14.609999999997672, 110.28332005009537
14.610999999997672, 110.300235216636
14.611999999997671, 110.31721026372796
14.61299999999767, 110.33423843917637
14.61399999999767, 110.35131299078637
14.614999999997671, 110.36842716636309
14.615999999997669, 110.38557421371175
14.61699999999767, 110.40274738063742
14.617999999997668, 110.4199399149453
14.61899999999767, 110.43714506444051
14.619999999997665, 110.45435607692824
14.620999999997665, 110.47156620021357
14.621999999997668, 110.48876868210172
14.622999999997663, 110.50595677039779
14.623999999997665, 110.52312371290694
14.624999999997666, 110.54026275743435
14.625999999997665, 110.55736715178512
14.626999999997663, 110.57443014376446
14.627999999997662, 110.59144498117745
14.628999999997664, 110.60840491182925
14.629999999997663, 110.62530318352506
14.63099999999766, 110.64213304407002
14.631999999997658, 110.65888774126924
14.63299999999766, 110.67556052292787
14.63399999999766, 110.69214463685111
14.634999999997662, 110.70863333084404
14.635999999997662, 110.72501985330057
14.636999999997657, 110.74129877693849
14.637999999997657, 110.75746881614268
14.638999999997656, 110.77352949273654
14.639999999997656, 110.78948032854349
14.640999999997655, 110.80532084538686
14.641999999997656, 110.82105056509012
14.642999999997656, 110.83666900947662
14.643999999997655, 110.8521757003698
14.644999999997655, 110.867570159593
14.645999999997652, 110.88285190896967
14.646999999997654, 110.89802047032313
14.647999999997651, 110.9130753654769
14.64899999999765, 110.92801611625427
14.64999999999765, 110.94284224447868
14.65099999999765, 110.9575532719735
14.65199999999765, 110.97214872056215
14.65299999999765, 110.98662811206802
14.65399999999765, 111.00099096831448
14.654999999997646, 111.01523681112498
14.655999999997649, 111.02936516232288
14.656999999997646, 111.04337554373159
14.65799999999765, 111.05726747717449
14.658999999997645, 111.07104048447499
14.659999999997643, 111.08469408745646
14.660999999997646, 111.09822780794235
14.661999999997645, 111.111641167756
14.662999999997645, 111.12493368872083
14.663999999997642, 111.13810489266025
14.664999999997644, 111.15115430139763
14.66599999999764, 111.16408143675639
14.666999999997643, 111.1768858205599
14.667999999997642, 111.18956697463159
14.66899999999764, 111.20212442079483
14.669999999997641, 111.214557680873
14.67099999999764, 111.22686627668955
14.671999999997638, 111.23904973006783
14.672999999997637, 111.25110756283124
14.673999999997639, 111.26303929680321
14.674999999997638, 111.27484445380709
14.675999999997638, 111.2865225556663
14.676999999997635, 111.29807312420428
14.677999999997633, 111.30949568124434
14.678999999997634, 111.32078974860994
14.679999999997634, 111.33195484812443
14.680999999997635, 111.34299050161125
14.681999999997634, 111.35389623089375
14.682999999997634, 111.36467155779536
14.683999999997631, 111.37531600413949
14.684999999997633, 111.38582909174951
14.685999999997634, 111.39621034244881
14.686999999997632, 111.4064592780608
14.68799999999763, 111.41657542040889
14.688999999997629, 111.42655829131644
14.689999999997632, 111.43640741260688
14.690999999997628, 111.44612230610356
14.691999999997629, 111.45570249362994
14.692999999997628, 111.46514749700937
14.693999999997626, 111.47445683806528
14.694999999997627, 111.483630038621
14.695999999997625, 111.49266662050002
14.696999999997626, 111.50156610552565
14.697999999997625, 111.51032801552137
14.698999999997625, 111.51895187230997
14.699999999997624, 111.52743715385022
14.700999999997622, 111.53578317471505
14.70199999999762, 111.54398921144347
14.70299999999762, 111.55205454057463
14.703999999997622, 111.55997843864749
14.704999999997622, 111.56776018220111
14.705999999997617, 111.5753990477746
14.706999999997619, 111.58289431190697
14.707999999997618, 111.59024525113732
14.708999999997618, 111.59745114200467
14.709999999997619, 111.60451126104807
14.710999999997616, 111.61142488480661
14.711999999997618, 111.61819128981934
14.712999999997615, 111.62480975262527
14.713999999997617, 111.63127954976352
14.714999999997614, 111.63759995777312
14.715999999997614, 111.64377025319311
14.716999999997613, 111.64978971256255
14.717999999997614, 111.65565761242055
14.718999999997612, 111.6613732293061
14.719999999997611, 111.66693583975825
14.72099999999761, 111.6723447203161
14.721999999997609, 111.67759914751872
14.722999999997612, 111.68269839790511
14.72399999999761, 111.68764174801436
14.724999999997609, 111.69242847438552
14.725999999997608, 111.69705785355767
14.726999999997608, 111.70152916206982
14.727999999997605, 111.70584167646103
14.728999999997603, 111.70999467327039
14.729999999997608, 111.71398742903693
14.730999999997605, 111.71781922029973
14.731999999997605, 111.72148932359784
14.732999999997604, 111.7249970154703
14.733999999997605, 111.72834157245616
14.734999999997605, 111.7315222710945
14.735999999997603, 111.73453838792437
14.736999999997602, 111.73738919948482
14.737999999997601, 111.74007398231495
14.738999999997603, 111.7425920129537
14.7399999999976, 111.74494256794023
14.740999999997603, 111.7471249238136
14.7419999999976, 111.74913835711283
14.742999999997597, 111.75098214437696
14.7439999999976, 111.75265556214505
14.744999999997598, 111.7541578869562
14.745999999997599, 111.75548839534942
14.746999999997596, 111.75664636386382
14.747999999997598, 111.7576310690384
14.748999999997597, 111.75844178741222
14.749999999997595, 111.75907779552438
14.750999999997594, 111.75953836991388
14.751999999997594, 111.75982278711983
14.752999999997595, 111.75993032368126
14.75399999999759, 111.75986025613722
14.754999999997592, 111.75961186102676
14.755999999997593, 111.75918441488898
14.756999999997591, 111.75857719815028
14.757999999997592, 111.75779013954778
14.758999999997593, 111.75682453622122
14.75999999999759, 111.75568185893998
14.76099999999759, 111.75436357847352
14.761999999997588, 111.75287116559119
14.762999999997586, 111.75120609106249
14.763999999997587, 111.74936982565676
14.764999999997586, 111.7473638401435
14.76599999999759, 111.74518960529204
14.766999999997585, 111.74284859187186
14.767999999997585, 111.74034227065235
14.768999999997584, 111.73767211240293
14.769999999997586, 111.73483958789299
14.770999999997585, 111.73184616789197
14.771999999997583, 111.72869332316934
14.772999999997582, 111.72538252449445
14.773999999997582, 111.72191524263673
14.774999999997581, 111.71829294836559
14.775999999997582, 111.71451711245048
14.77699999999758, 111.7105892056608
14.77799999999758, 111.70651069876592
14.778999999997582, 111.70228306253537
14.779999999997578, 111.69790776773843
14.780999999997576, 111.69338628514461
14.781999999997577, 111.6887200855233
14.782999999997577, 111.68391063964391
14.783999999997578, 111.67895941827587
14.784999999997575, 111.67386789218857
14.785999999997573, 111.66863753215148
14.786999999997574, 111.66326980893399
14.787999999997574, 111.6577661933055
14.788999999997575, 111.65212815603542
14.789999999997573, 111.64635716789321
14.790999999997572, 111.64045469964827
14.791999999997572, 111.63442222206999
14.792999999997571, 111.62826120592781
14.793999999997572, 111.62197312199115
14.79499999999757, 111.61555944102942
14.79599999999757, 111.609021633812
14.796999999997567, 111.60236117110838
14.797999999997568, 111.59557952368795
14.798999999997566, 111.58867816232012
14.799999999997567, 111.58165855777428
14.800999999997567, 111.5745221808199
14.801999999997564, 111.56727050222634
14.802999999997565, 111.55990499276305
14.803999999997567, 111.55242712319946
14.804999999997564, 111.54483836430495
14.805999999997564, 111.53714018684899
14.806999999997565, 111.52933406160093
14.807999999997563, 111.52142145933023
14.80899999999756, 111.51340385080631
14.809999999997562, 111.50528270679857
14.810999999997561, 111.49705949807642
14.811999999997562, 111.4887356954093
14.81299999999756, 111.48031276956661
14.81399999999756, 111.47179219131777
14.814999999997559, 111.46317543143222
14.815999999997558, 111.45446396067933
14.81699999999756, 111.44565924982855
14.817999999997559, 111.43676276964928
14.818999999997557, 111.42777599091097
14.819999999997556, 111.41870038438299
14.820999999997555, 111.40953742083482
14.821999999997553, 111.4002885710358
14.822999999997554, 111.3909553057554
14.823999999997554, 111.38153909576303
14.824999999997557, 111.37204141182804
14.825999999997553, 111.36246372471996
14.82699999999755, 111.35280750520818
14.827999999997552, 111.34307422406204
14.828999999997551, 111.33326535205101
14.829999999997552, 111.32338235994455
14.83099999999755, 111.31342671851195
14.831999999997548, 111.30339989852277
14.832999999997549, 111.29330337074632
14.833999999997548, 111.2831386059521
14.83499999999755, 111.27290707490948
14.835999999997547, 111.26261024838787
14.836999999997547, 111.2522495971567
14.837999999997546, 111.24182659198542
14.838999999997545, 111.23134270364336
14.839999999997547, 111.22079940290004
14.840999999997544, 111.21019816052481
14.841999999997544, 111.1995404472871
14.842999999997541, 111.18882773395634
14.843999999997543, 111.17806149130197
14.84499999999754, 111.16724319009334
14.845999999997542, 111.15637430109993
14.846999999997541, 111.14545629509112
14.847999999997544, 111.13449064283633
14.84899999999754, 111.123478815105
14.849999999997536, 111.11242228266649
14.850999999997539, 111.10132251629028
14.851999999997538, 111.0901809867458
14.85299999999754, 111.07899916480243
14.853999999997537, 111.06777852122957
14.854999999997535, 111.05652052679665
14.855999999997536, 111.04522665227309
14.856999999997536, 111.03389836842832
14.857999999997537, 111.02253714603175
14.858999999997534, 111.01114445585279
14.859999999997534, 110.99972176866086
14.860999999997533, 110.98827055522538
14.861999999997533, 110.97679228612827
14.862999999997534, 110.96528828647219
14.863999999997532, 110.95375947578025
14.864999999997531, 110.94220670345166
14.86599999999753, 110.93063081888559
14.86699999999753, 110.91903267148133
14.867999999997528, 110.90741311063807
14.868999999997529, 110.89577298575504
14.869999999997528, 110.88411314623141
14.870999999997528, 110.87243444146648
14.871999999997527, 110.8607377208594
14.872999999997525, 110.84902383380941
14.873999999997526, 110.83729362971572
14.874999999997526, 110.82554795797756
14.875999999997527, 110.81378766799412
14.876999999997524, 110.80201360916467
14.877999999997526, 110.79022663088837
14.878999999997523, 110.77842758256445
14.879999999997523, 110.76661731359216
14.880999999997526, 110.7547966733707
14.881999999997522, 110.74296651129924
14.882999999997521, 110.73112767677708
14.883999999997524, 110.7192810192034
14.884999999997518, 110.7074273879774
14.885999999997518, 110.6955676324983
14.886999999997519, 110.68370260216534
14.887999999997518, 110.67183314637774
14.888999999997521, 110.65996011453468
14.889999999997517, 110.64808435603541
14.890999999997515, 110.63620672027913
14.891999999997516, 110.62432805666506
14.892999999997516, 110.61244921459244
14.893999999997517, 110.60057104346046
14.894999999997514, 110.58869439266836
14.895999999997512, 110.57682011161532
14.896999999997513, 110.5649490497006
14.897999999997513, 110.55308205632339
14.898999999997514, 110.54121998088291
14.899999999997512, 110.5293636727784
14.900999999997511, 110.51751398140902
14.901999999997509, 110.50567175617408
14.90299999999751, 110.49383784647273
14.903999999997511, 110.48201310170417
14.904999999997509, 110.47019837126768
14.905999999997508, 110.45839450456246
14.906999999997508, 110.44660235098766
14.907999999997507, 110.4348227599426
14.908999999997505, 110.42305658082644
14.909999999997506, 110.41130466303838
14.910999999997506, 110.3995678559777
14.911999999997505, 110.38784700904354
14.912999999997504, 110.37614297163518
14.913999999997502, 110.3644565931518
14.914999999997503, 110.35278872299264
14.915999999997503, 110.34114021055692
14.916999999997504, 110.32951137917212
14.917999999997502, 110.31789891881982
14.9189999999975, 110.30629798557402
14.9199999999975, 110.29470373008361
14.9209999999975, 110.28311130299751
14.921999999997503, 110.2715158549646
14.922999999997499, 110.2599125366338
14.923999999997498, 110.24829649865396
14.924999999997498, 110.23666289167402
14.925999999997497, 110.22500686634285
14.926999999997498, 110.21332357330937
14.927999999997494, 110.20160816322246
14.928999999997496, 110.18985578673102
14.929999999997495, 110.17806159448396
14.930999999997496, 110.16622073713012
14.931999999997492, 110.15432836531843
14.932999999997493, 110.14237962969783
14.93399999999749, 110.1303696809172
14.934999999997492, 110.11829366962536
14.935999999997492, 110.1061467464713
14.93699999999749, 110.09392406210385
14.93799999999749, 110.08162076717194
14.93899999999749, 110.06923201232448
14.939999999997491, 110.05675294821033
14.940999999997489, 110.04417872547842
14.941999999997487, 110.03150449477764
14.942999999997488, 110.01872540675684
14.943999999997487, 110.00583661206497
14.944999999997485, 109.99283326135088
14.945999999997486, 109.97971050526351
14.946999999997486, 109.96646349445174
14.947999999997485, 109.9530873795645
14.948999999997481, 109.93957731125062
14.949999999997486, 109.92592844015903
14.950999999997483, 109.91213591693862
14.951999999997483, 109.89819550251214
14.952999999997482, 109.88410763727381
14.953999999997482, 109.86987492704488
14.95499999999748, 109.85549998940746
14.95599999999748, 109.84098544194373
14.95699999999748, 109.82633390223586
14.95799999999748, 109.81154798786599
14.958999999997479, 109.7966303164163
14.959999999997477, 109.78158350546894
14.960999999997478, 109.76641017260609
14.961999999997477, 109.75111293540988
14.962999999997479, 109.73569441146248
14.963999999997476, 109.72015721834606
14.964999999997474, 109.7045039736428
14.965999999997475, 109.6887372949348
14.966999999997475, 109.67285979980426
14.967999999997476, 109.65687410583334
14.968999999997473, 109.6407828306042
14.969999999997473, 109.624588591699
14.970999999997472, 109.6082940066999
14.971999999997472, 109.59190169318903
14.972999999997473, 109.5754142687486
14.97399999999747, 109.55883435096075
14.97499999999747, 109.54216455740763
14.97599999999747, 109.5254075056714
14.976999999997469, 109.50856581333423
14.977999999997467, 109.4916420979783
14.978999999997468, 109.47463897718572
14.979999999997467, 109.4575590685387
14.980999999997467, 109.4404049896194
14.981999999997468, 109.4231793580099
14.982999999997464, 109.40588479129245
14.983999999997463, 109.38852390704918
14.984999999997465, 109.37109932286224
14.985999999997466, 109.35361365631383
14.986999999997462, 109.33606952498604
14.987999999997463, 109.3184695464611
14.988999999997462, 109.30081633832114
14.989999999997462, 109.28311251814831
14.990999999997463, 109.26536070352479
14.99199999999746, 109.24756351203274
14.99299999999746, 109.22972356125432
14.99399999999746, 109.21184346877165
14.994999999997459, 109.19392585216694
14.995999999997457, 109.17597332902234
14.996999999997458, 109.15798851692
14.997999999997457, 109.13997403344209
14.998999999997457, 109.12193249617074
14.999999999997456, 109.10386652268815
15.000999999997454, 109.08577873057648
15.001999999997455, 109.06767173741788
15.002999999997455, 109.04954816079449
15.003999999997456, 109.03141061828846
15.004999999997453, 109.01326172748199
15.005999999997451, 108.99510410595727
15.006999999997452, 108.97694037129638
15.007999999997454, 108.95877314108151
15.008999999997453, 108.94060503289482
15.00999999999745, 108.9224386643185
15.01099999999745, 108.9042766529347
15.01199999999745, 108.88612161632554
15.012999999997449, 108.86797617207321
15.01399999999745, 108.8498429377599
15.014999999997448, 108.83172453096773
15.015999999997447, 108.81362356927883
15.016999999997447, 108.79554267027544
15.017999999997446, 108.77748445153965
15.018999999997444, 108.75945153065366
15.019999999997445, 108.74144652519965
15.020999999997445, 108.72347205275972
15.021999999997444, 108.70553073091608
15.022999999997444, 108.68762517725087
15.023999999997441, 108.66975800934622
15.024999999997442, 108.65193184478434
15.025999999997442, 108.6341493011474
15.026999999997443, 108.6164129960175
15.02799999999744, 108.59872554697684
15.028999999997437, 108.58108957160758
15.02999999999744, 108.56350768749186
15.03099999999744, 108.54598251221189
15.03199999999744, 108.52851666334976
15.032999999997438, 108.51111275848764
15.033999999997437, 108.49377341520777
15.034999999997437, 108.47650125109224
15.035999999997436, 108.4592988837232
15.03699999999744, 108.44216893068284
15.037999999997435, 108.42511400955331
15.038999999997435, 108.40813673791683
15.039999999997434, 108.39123973335546
15.040999999997432, 108.37442561345141
15.041999999997431, 108.35769699578687
15.042999999997432, 108.34105649794392
15.043999999997432, 108.32450673750478
15.044999999997431, 108.30805033205162
15.04599999999743, 108.29168989916656
15.046999999997428, 108.27542805643176
15.04799999999743, 108.25926742142944
15.04899999999743, 108.24321061174169
15.04999999999743, 108.22726024495071
15.050999999997428, 108.21141893863867
15.051999999997426, 108.19568931038766
15.052999999997427, 108.18007397777993
15.053999999997426, 108.16457555839759
15.054999999997428, 108.1491966698228
15.055999999997425, 108.13393992963773
15.056999999997425, 108.11880795542456
15.057999999997424, 108.10380336476541
15.058999999997424, 108.08892877524248
15.059999999997425, 108.07418680443789
15.060999999997422, 108.05958006993386
15.061999999997424, 108.04511118931251
15.062999999997421, 108.03078278015596
15.063999999997423, 108.01659746004646
15.064999999997418, 108.00255784656608
15.06599999999742, 107.98866655729705
15.06699999999742, 107.97492620982149
15.067999999997419, 107.96133942172158
15.068999999997418, 107.94790881057948
15.069999999997416, 107.93463699397734
15.070999999997417, 107.92152658949733
15.071999999997416, 107.9085802147216
15.072999999997418, 107.89580048723231
15.073999999997415, 107.88319002461164
15.074999999997413, 107.87075144444174
15.075999999997414, 107.85848736430476
15.076999999997414, 107.84640040178286
15.077999999997415, 107.8344931744582
15.078999999997412, 107.82276829991297
15.079999999997412, 107.81122839572929
15.080999999997411, 107.79987607948935
15.08199999999741, 107.7887139687753
15.082999999997412, 107.7777446811693
15.08399999999741, 107.7669708342535
15.084999999997411, 107.75639504561006
15.085999999997412, 107.74601993282118
15.086999999997408, 107.73584811346895
15.087999999997406, 107.7258822051356
15.088999999997407, 107.71612482540326
15.089999999997408, 107.70657859185407
15.090999999997406, 107.69724612207023
15.091999999997405, 107.68813003363385
15.092999999997403, 107.67923294412716
15.093999999997408, 107.67055747113227
15.094999999997404, 107.66210623223135
15.095999999997405, 107.65388184500657
15.096999999997402, 107.64588692704007
15.0979999999974, 107.63812409591401
15.098999999997401, 107.63059565183515
15.0999999999974, 107.62329999308012
15.100999999997402, 107.61623289586086
15.1019999999974, 107.60939008773461
15.1029999999974, 107.60276729625852
15.103999999997399, 107.59636024898977
15.104999999997398, 107.59016467348552
15.1059999999974, 107.58417629730302
15.106999999997397, 107.5783908479994
15.107999999997396, 107.5728040531319
15.108999999997396, 107.56741164025765
15.109999999997394, 107.56220933693385
15.110999999997393, 107.55719287071774
15.111999999997394, 107.55235796916645
15.112999999997394, 107.54770035983714
15.113999999997393, 107.54321577028706
15.114999999997393, 107.53889992807335
15.11599999999739, 107.53474856075324
15.116999999997391, 107.53075739588388
15.11799999999739, 107.52692216102247
15.118999999997392, 107.52323858372617
15.11999999999739, 107.51970239155219
15.12099999999739, 107.51630931205773
15.121999999997389, 107.51305507279994
15.122999999997388, 107.50993540133604
15.123999999997391, 107.5069460252232
15.124999999997387, 107.5040826720186
15.125999999997386, 107.5013410692794
15.126999999997386, 107.49871694456286
15.127999999997385, 107.49620602542609
15.128999999997383, 107.49380403942632
15.129999999997384, 107.49150671412073
15.130999999997384, 107.48930977706648
15.131999999997383, 107.48720895582079
15.132999999997383, 107.48519997794082
15.133999999997378, 107.48327857098377
15.134999999997385, 107.48144046250681
15.13599999999738, 107.47968138006716
15.136999999997382, 107.47799803441983
15.13799999999738, 107.4763940385383
15.138999999997377, 107.47487596200142
15.139999999997379, 107.4734503856379
15.140999999997378, 107.47212389027645
15.14199999999738, 107.47090305674584
15.142999999997377, 107.4697944658748
15.143999999997376, 107.46880469849201
15.14499999999738, 107.46794033542622
15.145999999997375, 107.46720795750613
15.146999999997377, 107.46661414556053
15.147999999997372, 107.4661654804181
15.148999999997374, 107.46586854290754
15.149999999997373, 107.46572991385764
15.150999999997373, 107.46575617409711
15.15199999999737, 107.46595390445466
15.15299999999737, 107.46632968575904
15.153999999997371, 107.46689009883892
15.15499999999737, 107.46764172452308
15.15599999999737, 107.46859114364025
15.156999999997367, 107.46974493701914
15.157999999997369, 107.47110968548847
15.158999999997368, 107.47269196987699
15.15999999999737, 107.4744983710134
15.160999999997367, 107.47653546972641
15.161999999997365, 107.47880984684483
15.162999999997366, 107.48132808319727
15.163999999997365, 107.48409675961256
15.164999999997367, 107.4871224569194
15.165999999997364, 107.49041175594647
15.166999999997364, 107.49397123752254
15.167999999997367, 107.4978074824763
15.168999999997363, 107.50192707163654
15.169999999997364, 107.50633658583193
15.170999999997361, 107.51104260589122
15.171999999997361, 107.51605171264315
15.17299999999736, 107.5213704869164
15.17399999999736, 107.52700550953978
15.174999999997357, 107.5329633613419
15.175999999997362, 107.53925062315162
15.176999999997358, 107.54587387579753
15.177999999997358, 107.55283970010845
15.178999999997357, 107.56015467691307
15.179999999997355, 107.56782538704016
15.180999999997356, 107.57585841131839
15.181999999997355, 107.58426033057651
15.182999999997357, 107.59303735788214
15.183999999997354, 107.60218956857295
15.184999999997352, 107.61171196578263
15.185999999997353, 107.62159940042073
15.186999999997353, 107.63184672339676
15.18799999999735, 107.64244878562025
15.188999999997352, 107.65340043800076
15.189999999997353, 107.66469653144779
15.19099999999735, 107.67633191687094
15.191999999997346, 107.68830144517966
15.192999999997348, 107.70059996728352
15.193999999997349, 107.71322233409208
15.194999999997348, 107.72616339651485
15.195999999997348, 107.73941800546136
15.196999999997347, 107.75298101184114
15.197999999997345, 107.76684726656376
15.198999999997346, 107.7810116205387
15.199999999997345, 107.79546892467553
15.200999999997343, 107.81021402988381
15.201999999997344, 107.82524178707303
15.202999999997342, 107.84054704715274
15.203999999997343, 107.85612466103247
15.204999999997339, 107.87196947962175
15.205999999997344, 107.88807635383012
15.206999999997343, 107.90444013456711
15.20799999999734, 107.9210556727423
15.208999999997339, 107.93791781926517
15.20999999999734, 107.95502142504523
15.210999999997341, 107.97236134099208
15.211999999997339, 107.98993241801526
15.212999999997338, 108.00772950702424
15.213999999997338, 108.02574745892858
15.214999999997337, 108.04398112463782
15.215999999997338, 108.06242535506154
15.216999999997336, 108.08107500110918
15.217999999997335, 108.09992491369036
15.218999999997335, 108.11896994371456
15.219999999997334, 108.13820494209135
15.220999999997332, 108.15762475973023
15.221999999997333, 108.17722424754075
15.222999999997333, 108.1969982564325
15.223999999997332, 108.2169416373149
15.224999999997332, 108.23704924109757
15.22599999999733, 108.25731591869001
15.22699999999733, 108.27773652100177
15.22799999999733, 108.2983058989424
15.228999999997331, 108.31901890342141
15.229999999997329, 108.33987038534829
15.230999999997328, 108.3608551956327
15.231999999997328, 108.38196818518405
15.232999999997327, 108.40320420491196
15.233999999997328, 108.4245581057259
15.234999999997326, 108.4460247385354
15.235999999997325, 108.46759895425006
15.236999999997325, 108.48927560377939
15.237999999997324, 108.51104953803292
15.238999999997322, 108.53291560792015
15.239999999997323, 108.55486866435064
15.240999999997323, 108.57690355823395
15.24199999999732, 108.59901514047958
15.242999999997322, 108.62119826199708
15.24399999999732, 108.643447773696
15.244999999997324, 108.66575852648586
15.24599999999732, 108.68812537127616
15.246999999997321, 108.71054315897646
15.247999999997319, 108.73300674049634
15.24899999999732, 108.75551096674526
15.249999999997318, 108.77805068863282
15.250999999997317, 108.80062075706846
15.251999999997315, 108.82321602296184
15.252999999997316, 108.84583133722242
15.253999999997315, 108.86846155075972
15.254999999997313, 108.89110151448334
15.255999999997314, 108.91374607930277
15.256999999997316, 108.93639009612751
15.257999999997313, 108.95902841586715
15.258999999997313, 108.98165588943122
15.259999999997312, 109.00426736772926
15.260999999997313, 109.02685770167075
15.26199999999731, 109.04942174216525
15.26299999999731, 109.07195434012236
15.26399999999731, 109.09445034645155
15.264999999997313, 109.11690461206234
15.265999999997309, 109.1393119878643
15.266999999997305, 109.16166732476697
15.267999999997308, 109.18396547367985
15.268999999997307, 109.20620128551249
15.269999999997308, 109.22836961117446
15.270999999997306, 109.25046530569564
15.271999999997304, 109.27248356837725
15.272999999997305, 109.2944201969942
15.273999999997306, 109.31627104920781
15.274999999997306, 109.33803198267955
15.275999999997303, 109.35969885507077
15.276999999997303, 109.38126752404283
15.277999999997302, 109.4027338472572
15.278999999997302, 109.4240936823752
15.279999999997303, 109.44534288705822
15.280999999997299, 109.46647731896763
15.2819999999973, 109.48749283576491
15.2829999999973, 109.50838529511135
15.283999999997299, 109.52915055466838
15.284999999997295, 109.54978447209741
15.285999999997298, 109.57028290505977
15.286999999997297, 109.59064171121693
15.287999999997297, 109.6108567482302
15.288999999997296, 109.63092387376103
15.289999999997294, 109.65083894547078
15.290999999997295, 109.67059782102078
15.291999999997294, 109.6901963580725
15.292999999997296, 109.70963041428729
15.293999999997293, 109.7288958473266
15.29499999999729, 109.74798851485174
15.295999999997292, 109.76690427452414
15.296999999997292, 109.78563898400516
15.297999999997295, 109.80418850095622
15.29899999999729, 109.82254868303866
15.29999999999729, 109.84071538791395
15.300999999997293, 109.8586844732434
15.30199999999729, 109.87645179668844
15.302999999997287, 109.89401321591048
15.303999999997288, 109.91136458857082
15.304999999997287, 109.92850177233092
15.305999999997285, 109.94542062485216
15.306999999997286, 109.96211700379592
15.307999999997284, 109.97858676682358
15.308999999997285, 109.99482577159654
15.309999999997284, 110.01082987577621
15.310999999997284, 110.02659493702393
15.311999999997283, 110.04211681300114
15.312999999997281, 110.05739136136917
15.313999999997282, 110.07241443978944
15.314999999997282, 110.08718190592334
15.315999999997283, 110.10168961743229
15.316999999997279, 110.11593343197761
15.317999999997278, 110.12990920722072
15.31899999999728, 110.14361280082302
15.31999999999728, 110.15704007044592
15.320999999997277, 110.17018687375074
15.321999999997278, 110.18304906839893
15.322999999997279, 110.19562251205183
15.323999999997277, 110.20790306237085
15.324999999997276, 110.21988657701742
15.32599999999728, 110.23156891365286
15.326999999997275, 110.24294592993861
15.327999999997276, 110.254013483536
15.328999999997272, 110.2647674321065
15.329999999997273, 110.27520363331143
15.330999999997271, 110.28531794481219
15.33199999999727, 110.2951062242702
15.332999999997272, 110.30456432934682
15.333999999997271, 110.31368811770346
15.33499999999727, 110.3224734470015
15.335999999997266, 110.33091617490231
15.33699999999727, 110.3390121590673
15.337999999997269, 110.34675725715782
15.338999999997267, 110.35414732683533
15.339999999997268, 110.36117822576115
15.340999999997265, 110.36784689256046
15.341999999997267, 110.37415566854813
15.342999999997266, 110.38010857950997
15.343999999997267, 110.3857096517839
15.344999999997265, 110.39096291170783
15.345999999997264, 110.39587238561963
15.346999999997262, 110.40044209985727
15.347999999997263, 110.4046760807586
15.348999999997266, 110.40857835466156
15.349999999997262, 110.41215294790403
15.350999999997262, 110.4154038868239
15.351999999997261, 110.41833519775916
15.35299999999726, 110.4209509070476
15.353999999997258, 110.4232550410272
15.354999999997258, 110.42525162603586
15.355999999997259, 110.42694468841145
15.356999999997262, 110.42833825449186
15.357999999997258, 110.42943635061509
15.358999999997256, 110.43024300311896
15.359999999997257, 110.4307622383414
15.360999999997256, 110.43099808262033
15.361999999997257, 110.4309545622936
15.362999999997255, 110.4306357036992
15.363999999997256, 110.43004553317493
15.364999999997254, 110.4291880770588
15.365999999997253, 110.42806736168863
15.366999999997255, 110.42668741340238
15.367999999997252, 110.42505225853796
15.368999999997252, 110.42316592343325
15.369999999997251, 110.42103243442611
15.37099999999725, 110.41865581785453
15.371999999997248, 110.41604010005639
15.37299999999725, 110.41318930736955
15.373999999997249, 110.41010746613196
15.374999999997247, 110.40679860268152
15.37599999999725, 110.40326674335611
15.376999999997246, 110.39951591449369
15.377999999997247, 110.39555014243209
15.378999999997246, 110.39137345350927
15.379999999997247, 110.38698987406309
15.380999999997245, 110.38240343043148
15.381999999997243, 110.37761814895238
15.382999999997244, 110.37263805596368
15.383999999997243, 110.3674671778032
15.384999999997245, 110.36210954080896
15.385999999997242, 110.35656917131882
15.386999999997242, 110.35085009567065
15.38799999999724, 110.3449563402024
15.388999999997242, 110.33889193125194
15.389999999997242, 110.33266089515723
15.39099999999724, 110.3262672582561
15.391999999997239, 110.31971504688653
15.392999999997238, 110.3130082873864
15.39399999999724, 110.30615100609359
15.394999999997236, 110.299147229346
15.395999999997237, 110.29200098348159
15.396999999997236, 110.2847162948382
15.397999999997236, 110.27729718975377
15.398999999997235, 110.2697476945662
15.399999999997233, 110.26207183561344
15.400999999997234, 110.2542736392333
15.401999999997233, 110.24635713176373
15.402999999997235, 110.23832633954265
15.403999999997232, 110.23018514123132
15.40499999999723, 110.22193653205845
15.405999999997231, 110.21358318018011
15.40699999999723, 110.2051277532218
15.407999999997232, 110.19657291880904
15.40899999999723, 110.18792134456734
15.409999999997229, 110.17917569812222
15.410999999997228, 110.17033864709919
15.411999999997228, 110.16141285912376
15.41299999999723, 110.1524010018214
15.413999999997227, 110.14330574281769
15.414999999997228, 110.1341297497381
15.41599999999723, 110.12487569020816
15.416999999997225, 110.11554623185336
15.417999999997223, 110.10614404229923
15.418999999997224, 110.09667178917127
15.419999999997223, 110.087132140095
15.420999999997223, 110.07752776269592
15.421999999997222, 110.06786132459958
15.42299999999722, 110.05813549343144
15.423999999997221, 110.04835293681703
15.424999999997222, 110.03851632238185
15.425999999997218, 110.02862831775147
15.42699999999722, 110.0186915905513
15.427999999997215, 110.00870880840696
15.428999999997218, 109.99868263894388
15.429999999997218, 109.98861574978761
15.43099999999722, 109.97851080856363
15.431999999997217, 109.96837048289751
15.432999999997216, 109.95819744041472
15.43399999999722, 109.94799434874075
15.434999999997215, 109.93776387550115
15.435999999997216, 109.92750868832144
15.436999999997214, 109.9172314548271
15.437999999997214, 109.90693484264364
15.438999999997213, 109.8966215193966
15.439999999997212, 109.88629415271146
15.44099999999721, 109.87595541021375
15.441999999997211, 109.86560795952899
15.44299999999721, 109.8552544682827
15.44399999999721, 109.84489760410032
15.44499999999721, 109.83454003460744
15.445999999997207, 109.82418442742954
15.446999999997209, 109.81383345019216
15.447999999997208, 109.80348977052073
15.44899999999721, 109.79315605604089
15.449999999997207, 109.78283497437803
15.450999999997208, 109.77252919315774
15.451999999997206, 109.76224138000548
15.452999999997205, 109.75197420254679
15.453999999997206, 109.74173032840719
15.454999999997204, 109.73151242521214
15.455999999997204, 109.72132316058722
15.456999999997203, 109.71116520215796
15.457999999997202, 109.70104121754973
15.4589999999972, 109.69095387438817
15.459999999997201, 109.68090584029878
15.4609999999972, 109.67089978290701
15.4619999999972, 109.6609383698384
15.4629999999972, 109.65102426871853
15.463999999997197, 109.6411601471728
15.464999999997199, 109.63134867282676
15.465999999997198, 109.62159251330596
15.466999999997201, 109.61189433623589
15.467999999997197, 109.60225680924205
15.468999999997195, 109.59268259994995
15.469999999997196, 109.5831743759851
15.470999999997195, 109.57373480497304
15.471999999997196, 109.56436655453926
15.472999999997194, 109.55507229230926
15.473999999997194, 109.5458546859086
15.474999999997193, 109.5367164029627
15.475999999997192, 109.52766011109716
15.476999999997194, 109.51868846206459
15.477999999997191, 109.50980286536517
15.47899999999719, 109.50100261674707
15.47999999999719, 109.49228680619511
15.480999999997191, 109.48365452369401
15.481999999997187, 109.47510485922864
15.482999999997189, 109.46663690278373
15.483999999997188, 109.45824974434412
15.484999999997187, 109.44994247389461
15.485999999997187, 109.44171418141998
15.486999999997185, 109.433563956905
15.487999999997186, 109.4254908903345
15.488999999997185, 109.4174940716933
15.489999999997186, 109.40957259096612
15.490999999997182, 109.4017255381378
15.491999999997182, 109.39395200319312
15.492999999997187, 109.38625107611693
15.493999999997179, 109.37862184689396
15.494999999997184, 109.371063405509
15.495999999997181, 109.36357484194693
15.49699999999718, 109.35615524619243
15.49799999999718, 109.34880370823035
15.49899999999718, 109.34151931804551
15.499999999997181, 109.3343011656227
15.500999999997179, 109.32714834094666
15.50199999999718, 109.32005993400224
15.502999999997177, 109.3130350347742
15.503999999997175, 109.30607273324736
15.504999999997175, 109.2991721194065
15.505999999997176, 109.29233228323645
15.506999999997177, 109.28555231472198
15.507999999997173, 109.27883130384785
15.508999999997172, 109.27216834059888
15.509999999997172, 109.2655625149599
15.510999999997173, 109.25901291691565
15.511999999997172, 109.25251863645099
15.512999999997174, 109.24607876355066
15.513999999997171, 109.23969238819947
15.514999999997167, 109.23335860038223
15.51599999999717, 109.2270764900837
15.51699999999717, 109.22084514728874
15.517999999997171, 109.21466366198206
15.518999999997169, 109.2085311241485
15.519999999997165, 109.20244662377289
15.520999999997168, 109.19640925083998
15.521999999997167, 109.19041809533455
15.522999999997168, 109.18447224724143
15.523999999997166, 109.17857079654543
15.524999999997165, 109.17271283323127
15.525999999997163, 109.16689744728382
15.526999999997164, 109.16112372868784
15.52799999999716, 109.15539076742814
15.528999999997163, 109.14969765348954
15.529999999997163, 109.14404347685677
15.530999999997162, 109.13842732751466
15.531999999997161, 109.13284829544801
15.532999999997159, 109.1273054673248
15.53399999999716, 109.12179751343928
15.53499999999716, 109.11632228720663
15.535999999997161, 109.11087754703061
15.536999999997159, 109.10546105131499
15.537999999997156, 109.10007055846344
15.538999999997158, 109.09470382687982
15.539999999997157, 109.08935861496778
15.540999999997158, 109.0840326811311
15.541999999997158, 109.07872378377353
15.542999999997155, 109.07342968129878
15.543999999997155, 109.0681481321106
15.544999999997154, 109.06287689461276
15.545999999997157, 109.05761372720899
15.546999999997153, 109.05235638830301
15.547999999997153, 109.0471026362986
15.548999999997152, 109.04185022959948
15.549999999997151, 109.03659692660936
15.550999999997149, 109.03134048573204
15.55199999999715, 109.02607866537124
15.55299999999715, 109.02080922393068
15.55399999999715, 109.01552991981416
15.554999999997147, 109.01023851142536
15.555999999997146, 109.00493275716804
15.556999999997148, 108.999610415446
15.557999999997147, 108.99426924466289
15.558999999997148, 108.98890700322251
15.559999999997146, 108.98352144952858
15.560999999997144, 108.97811034198486
15.561999999997145, 108.97267143899509
15.562999999997144, 108.96720249896298
15.563999999997145, 108.96170128029235
15.564999999997143, 108.95616554138687
15.565999999997143, 108.95059304065026
15.566999999997146, 108.94498153648632
15.567999999997141, 108.93932878729882
15.568999999997144, 108.93363255149143
15.56999999999714, 108.92789058746794
15.57099999999714, 108.92210065363209
15.571999999997143, 108.91626050838755
15.572999999997139, 108.91036791013818
15.573999999997136, 108.90442061728763
15.574999999997136, 108.8984163882397
15.575999999997137, 108.89235298139809
15.576999999997136, 108.88622815516658
15.577999999997136, 108.88003966794888
15.578999999997137, 108.87378527814874
15.579999999997135, 108.86746274416991
15.580999999997134, 108.86106982441615
15.581999999997135, 108.85460427729114
15.582999999997135, 108.84806386119871
15.583999999997134, 108.84144633454252
15.584999999997132, 108.83474945572638
15.585999999997128, 108.82797098315399
15.586999999997133, 108.82110867522911
15.58799999999713, 108.81416029035552
15.58899999999713, 108.80712358693685
15.589999999997133, 108.79999632337694
15.590999999997129, 108.7927762580795
15.591999999997126, 108.78546114944831
15.592999999997128, 108.77804875588706
15.593999999997127, 108.7705368357995
15.594999999997126, 108.76292314758942
15.595999999997126, 108.75520544966047
15.596999999997124, 108.74738150041648
15.597999999997125, 108.73944905826116
15.598999999997124, 108.73140588159825
15.599999999997127, 108.7232497288315
15.600999999997123, 108.71497835836468
15.60199999999712, 108.70658952860147
15.602999999997122, 108.69808099794567
15.603999999997122, 108.68945052480099
15.604999999997123, 108.68069586757116
15.605999999997119, 108.67181478465996
15.606999999997116, 108.6628050344711
15.607999999997118, 108.65366437540837
15.608999999997119, 108.64439056587547
15.60999999999712, 108.6349813642761
15.610999999997118, 108.6254345290141
15.611999999997117, 108.61574781849319
15.612999999997117, 108.60591899111704
15.613999999997116, 108.5959460105014
15.614999999997114, 108.58582918712285
15.615999999997115, 108.57557032737327
15.61699999999711, 108.56517126177185
15.617999999997114, 108.55463382083774
15.618999999997113, 108.5439598350901
15.61999999999711, 108.53315113504817
15.620999999997116, 108.52220955123101
15.621999999997108, 108.5111369141579
15.622999999997113, 108.49993505434799
15.62399999999711, 108.4886058023204
15.624999999997108, 108.47715098859437
15.62599999999711, 108.46557244368903
15.62699999999711, 108.45387199812355
15.62799999999711, 108.44205148241717
15.628999999997108, 108.43011272708895
15.629999999997107, 108.41805756265822
15.630999999997107, 108.405887819644
15.631999999997102, 108.39360532856556
15.632999999997107, 108.38121191994202
15.633999999997105, 108.36870942429259
15.634999999997104, 108.35609967213642
15.635999999997102, 108.3433844939927
15.636999999997103, 108.3305657203806
15.6379999999971, 108.3176451818193
15.6389999999971, 108.30462470882794
15.639999999997102, 108.29150613192573
15.640999999997105, 108.27829128163185
15.6419999999971, 108.26498198846545
15.642999999997098, 108.25158008294572
15.6439999999971, 108.23808739559183
15.644999999997099, 108.22450575692294
15.6459999999971, 108.21083699745822
15.646999999997096, 108.19708294771686
15.647999999997095, 108.18324543821804
15.648999999997097, 108.16932629948094
15.649999999997092, 108.15532736202468
15.650999999997094, 108.14125045636851
15.651999999997095, 108.12709741303155
15.652999999997094, 108.11287006253298
15.653999999997094, 108.09857023539199
15.654999999997093, 108.08419976212775
15.655999999997094, 108.06976047325944
15.656999999997092, 108.05525419930622
15.657999999997092, 108.04068277078727
15.658999999997091, 108.02604801822177
15.65999999999709, 108.0113517721289
15.660999999997088, 107.99659586302778
15.66199999999709, 107.98178212143767
15.662999999997089, 107.96691237787766
15.663999999997088, 107.95198846286699
15.664999999997088, 107.93701220692479
15.665999999997085, 107.92198544057025
15.666999999997087, 107.90690999432256
15.667999999997086, 107.8917876987009
15.668999999997087, 107.8766203842244
15.669999999997085, 107.86140988141224
15.670999999997083, 107.84615802078362
15.671999999997084, 107.8308666328577
15.67299999999708, 107.81553754815369
15.673999999997086, 107.8001725971907
15.67499999999708, 107.78477361048795
15.675999999997082, 107.76934241856458
15.676999999997081, 107.75388085193978
15.67799999999708, 107.73839074113278
15.678999999997082, 107.72287391666265
15.67999999999708, 107.70733220904862
15.680999999997079, 107.69176744880988
15.681999999997082, 107.67618146646558
15.682999999997078, 107.6605760925349
15.683999999997075, 107.64495315753699
15.684999999997077, 107.62931449199107
15.685999999997076, 107.61366192641627
15.686999999997079, 107.59799729133178
15.687999999997075, 107.5823224172568
15.688999999997073, 107.56663913471044
15.689999999997074, 107.55094927421197
15.690999999997073, 107.53525466628045
15.691999999997075, 107.51955703246406
15.692999999997072, 107.5038575025122
15.69399999999707, 107.48815700623042
15.694999999997075, 107.47245647326807
15.69599999999707, 107.45675683327447
15.696999999997072, 107.44105901589894
15.69799999999707, 107.42536395079084
15.698999999997069, 107.40967256759947
15.699999999997068, 107.39398579597416
15.70099999999707, 107.37830456556422
15.701999999997069, 107.36262980601902
15.702999999997067, 107.34696244698789
15.703999999997066, 107.33130341812009
15.704999999997066, 107.315653649065
15.705999999997065, 107.30001406947197
15.706999999997063, 107.28438560899029
15.707999999997064, 107.26876919726931
15.708999999997065, 107.25316576395831
15.709999999997063, 107.2375762387067
15.710999999997062, 107.22200155116371
15.71199999999706, 107.20644263097877
15.712999999997061, 107.19090040780117
15.713999999997057, 107.17537581128018
15.714999999997058, 107.15986977106517
15.71599999999706, 107.1443832168055
15.716999999997059, 107.12891707815048
15.717999999997058, 107.11347228474943
15.718999999997058, 107.09804976625168
15.719999999997059, 107.08265045230657
15.720999999997057, 107.06727527256336
15.721999999997056, 107.05192515667149
15.722999999997056, 107.0366010342802
15.723999999997055, 107.02130383503885
15.724999999997053, 107.00603448859678
15.725999999997054, 106.99079392460332
15.726999999997053, 106.97558307270776
15.727999999997053, 106.96040286255949
15.728999999997052, 106.94525422380778
15.72999999999705, 106.93013808610198
15.730999999997051, 106.91505537909138
15.73199999999705, 106.9000070324254
15.732999999997052, 106.88499397575329
15.73399999999705, 106.8700171387244
15.734999999997047, 106.85507745098806
15.735999999997048, 106.8401758421936
15.736999999997048, 106.82531324199034
15.737999999997049, 106.81049058002762
15.738999999997048, 106.79570878595479
15.739999999997046, 106.78096878942114
15.740999999997046, 106.766271520076
15.741999999997045, 106.7516179075687
15.742999999997046, 106.73700888154859
15.743999999997046, 106.72244537166495
15.744999999997043, 106.70792830756719
15.745999999997043, 106.69345861890459
15.746999999997044, 106.67903723532643
15.74799999999704, 106.66466508648213
15.748999999997041, 106.65034310202097
15.74999999999704, 106.63607221159226
15.75099999999704, 106.62185334484539
15.75199999999704, 106.60768743142964
15.752999999997037, 106.59357540099433
15.753999999997038, 106.57951818318881
15.75499999999704, 106.56551670766237
15.755999999997039, 106.55157190406443
15.756999999997037, 106.537684702041
15.757999999997034, 106.52385596123383
15.75899999999704, 106.51008629083705
15.759999999997031, 106.49637624405912
15.760999999997036, 106.48272637410852
15.761999999997034, 106.46913723419384
15.762999999997033, 106.45560937752359
15.763999999997033, 106.44214335730625
15.764999999997032, 106.42873972675036
15.765999999997033, 106.41539903906447
15.766999999997031, 106.40212184745702
15.76799999999703, 106.38890870513664
15.76899999999703, 106.37576016531179
15.76999999999703, 106.36267678119094
15.770999999997027, 106.34965910598271
15.771999999997028, 106.3367076928956
15.772999999997028, 106.32382309513807
15.773999999997027, 106.31100586591866
15.774999999997027, 106.29825655844593
15.775999999997024, 106.28557572592835
15.776999999997026, 106.27296392157447
15.777999999997025, 106.26042169859281
15.778999999997023, 106.24794961019188
15.779999999997024, 106.2355482095802
15.780999999997022, 106.2232180499663
15.781999999997023, 106.21095968455872
15.782999999997022, 106.1987736665659
15.78399999999702, 106.18666054919645
15.78499999999702, 106.17462088565883
15.78599999999702, 106.1626552291616
15.78699999999702, 106.15076413291322
15.78799999999702, 106.13894815012232
15.78899999999702, 106.12720783399732
15.789999999997018, 106.11554373774675
15.790999999997018, 106.10395641457919
15.791999999997017, 106.09244641770309
15.792999999997017, 106.08101430032704
15.793999999997014, 106.06966061565952
15.794999999997016, 106.05838591690902
15.795999999997015, 106.04719075728413
15.796999999997015, 106.03607568999331
15.797999999997012, 106.02504126824508
15.798999999997012, 106.01408804524802
15.799999999997013, 106.00321657421058
15.800999999997012, 105.99242740834134
15.801999999997014, 105.98172110084879
15.802999999997011, 105.97109820494143
15.803999999997009, 105.96055927382783
15.80499999999701, 105.95010486071646
15.80599999999701, 105.93973551881585
15.80699999999701, 105.92945180133458
15.807999999997007, 105.9192542599537
15.808999999997008, 105.9091432415743
15.809999999997007, 105.89911868416561
15.810999999997007, 105.88918047710884
15.811999999997008, 105.87932850978501
15.812999999997006, 105.86956267157532
15.813999999997005, 105.85988285186092
15.814999999997005, 105.85028894002286
15.815999999997006, 105.84078082544238
15.816999999997002, 105.83135839750051
15.817999999997003, 105.82202154557844
15.818999999997002, 105.81277015905727
15.819999999997002, 105.80360412731815
15.820999999997001, 105.7945233397422
15.821999999996999, 105.78552768571056
15.822999999997, 105.77661705460436
15.823999999997, 105.76779133580474
15.824999999997, 105.7590504186928
15.825999999996997, 105.75039419264965
15.826999999996994, 105.7418225470565
15.827999999996997, 105.7333353712944
15.828999999996997, 105.72493255474456
15.829999999996998, 105.71661398678808
15.830999999996996, 105.70837955680607
15.831999999996997, 105.70022915417965
15.832999999996995, 105.69216266828998
15.833999999996994, 105.6841799885182
15.83499999999699, 105.67628100424537
15.835999999996993, 105.66846560485274
15.836999999996994, 105.66073367972135
15.83799999999699, 105.65308511823235
15.838999999996991, 105.64551980976688
15.839999999996989, 105.63803764370606
15.84099999999699, 105.63063850943104
15.841999999996991, 105.62332229632293
15.84299999999699, 105.61608889376288
15.843999999996988, 105.608938191132
15.844999999996984, 105.60187007781144
15.845999999996987, 105.59488444318232
15.846999999996987, 105.58798117662573
15.847999999996988, 105.5811601675229
15.848999999996986, 105.57442130525487
15.849999999996985, 105.56776447920281
15.850999999996985, 105.56118957874784
15.851999999996984, 105.55469649327114
15.852999999996985, 105.54828511215374
15.853999999996983, 105.54195532477685
15.854999999996982, 105.53570702052156
15.855999999996982, 105.52954008876904
15.85699999999698, 105.5234544189004
15.857999999996979, 105.51744990029674
15.85899999999698, 105.51152642233923
15.85999999999698, 105.505683874409
15.860999999996979, 105.49992214588718
15.861999999996979, 105.49424112615492
15.862999999996974, 105.48864070459327
15.863999999996976, 105.48312077058344
15.864999999996977, 105.4776812135065
15.865999999996978, 105.47232192274366
15.866999999996976, 105.46704278767598
15.867999999996973, 105.4618436976846
15.868999999996975, 105.45672454215071
15.869999999996974, 105.45168521045537
15.870999999996975, 105.44672559197974
15.871999999996973, 105.44184557610495
15.872999999996972, 105.43704505221213
15.873999999996975, 105.43232390968242
15.874999999996971, 105.42768203789693
15.875999999996973, 105.42311932623682
15.87699999999697, 105.41863566408318
15.877999999996966, 105.41423094081716
15.878999999996969, 105.40990504581993
15.87999999999697, 105.40565786847257
15.880999999996966, 105.40148929815619
15.881999999996967, 105.39739922425198
15.882999999996967, 105.39338753614106
15.883999999996966, 105.38945412320456
15.884999999996966, 105.38559887482353
15.885999999996963, 105.38182168037922
15.886999999996965, 105.37812242925271
15.887999999996964, 105.37450101082513
15.888999999996965, 105.3709573144776
15.889999999996963, 105.36749122959125
15.890999999996964, 105.36410264554725
15.891999999996965, 105.3607914517267
15.892999999996961, 105.3575575375107
15.893999999996963, 105.35440079228043
15.89499999999696, 105.35132110541704
15.89599999999696, 105.34831836630158
15.896999999996963, 105.34539246431527
15.897999999996959, 105.34254328883915
15.89899999999696, 105.33977072925441
15.89999999999696, 105.33707467494219
15.900999999996957, 105.3344550152836
15.901999999996956, 105.33191163965975
15.902999999996956, 105.3294444374518
15.903999999996957, 105.32705329804087
15.904999999996955, 105.32473811080806
15.905999999996954, 105.32249876513455
15.906999999996954, 105.3203351504015
15.907999999996951, 105.31824715598995
15.908999999996949, 105.31623467128108
15.909999999996952, 105.31429758565602
15.910999999996951, 105.31243578849589
15.911999999996954, 105.31064916918184
15.912999999996952, 105.308937617095
15.913999999996948, 105.30730102163064
15.91499999999695, 105.30573929665582
15.915999999996949, 105.3042524307147
15.916999999996946, 105.30284042654588
15.917999999996947, 105.30150328688796
15.918999999996949, 105.30024101447944
15.919999999996946, 105.29905361205896
15.920999999996946, 105.29794108236499
15.921999999996947, 105.29690342813615
15.922999999996943, 105.29594065211093
15.923999999996944, 105.29505275702803
15.924999999996942, 105.29423974562584
15.925999999996943, 105.2935016206431
15.92699999999694, 105.29283838481822
15.927999999996945, 105.29225004088985
15.928999999996941, 105.29173659159656
15.929999999996939, 105.29129803967683
15.93099999999694, 105.29093438786933
15.931999999996938, 105.29064563891252
15.93299999999694, 105.290431795545
15.933999999996935, 105.29029286050537
15.93499999999694, 105.29022883653215
15.935999999996938, 105.29023972636391
15.936999999996935, 105.29032553273922
15.93799999999694, 105.29048625839663
15.938999999996936, 105.29072190607472
15.939999999996937, 105.29103247851205
15.940999999996935, 105.29141797844714
15.941999999996934, 105.29187840861864
15.942999999996934, 105.29241377176501
15.943999999996933, 105.29302407062488
15.944999999996934, 105.29370930793677
15.945999999996932, 105.2944694864393
15.946999999996933, 105.29530460887098
15.94799999999693, 105.2962146779704
15.948999999996929, 105.29719969647608
15.949999999996928, 105.29825966712666
15.95099999999693, 105.29939459266062
15.951999999996929, 105.30060447581657
15.952999999996928, 105.30188931933306
15.953999999996928, 105.30324912594865
15.954999999996925, 105.30468389840192
15.955999999996926, 105.30619363943138
15.956999999996926, 105.30777835177567
15.957999999996927, 105.30943803817328
15.958999999996925, 105.31117270136284
15.959999999996924, 105.31298234408283
15.960999999996924, 105.31486722720818
15.961999999996923, 105.31682925169662
15.962999999996924, 105.31887096052031
15.963999999996922, 105.32099489814506
15.964999999996921, 105.32320360903675
15.96599999999692, 105.32549963766125
15.96699999999692, 105.3278855284844
15.967999999996918, 105.33036382597206
15.96899999999692, 105.33293707459012
15.969999999996915, 105.33560781880439
15.970999999996918, 105.33837860308077
15.971999999996918, 105.34125197188509
15.972999999996915, 105.3442304696832
15.973999999996916, 105.34731664094095
15.974999999996916, 105.35051303012423
15.975999999996917, 105.35382218169896
15.976999999996915, 105.35724664013087
15.97799999999691, 105.36078894988587
15.978999999996914, 105.36445165542983
15.979999999996913, 105.36823730122862
15.980999999996914, 105.37214843174803
15.981999999996912, 105.37618759145404
15.982999999996911, 105.38035732481237
15.983999999996911, 105.38466017628896
15.984999999996907, 105.38909869034963
15.985999999996912, 105.3936754114603
15.98699999999691, 105.39839288408677
15.98799999999691, 105.40325365269493
15.988999999996908, 105.40826026175058
15.989999999996908, 105.41341525571966
15.990999999996905, 105.41872117906794
15.991999999996906, 105.42418057626138
15.992999999996906, 105.42979599176576
15.993999999996905, 105.43556997004697
15.994999999996907, 105.44150505557084
15.995999999996902, 105.44760379280325
15.996999999996904, 105.45386872621009
15.997999999996905, 105.46030240025716
15.998999999996904, 105.46690735941033
15.999999999996902, 105.47368614813547
16.000999999996903, 105.48064131089845
16.0019999999969, 105.48777539216512
16.00299999999691, 105.49509093640135
16.003999999996907, 105.50259048807294
16.004999999996908, 105.51027659164583
16.00599999999691, 105.51815179158584
16.006999999996914, 105.52621863235878
16.007999999996912, 105.53447965843057
16.008999999996913, 105.54293741426707
16.009999999996914, 105.55159444433414
16.010999999996912, 105.56045329309754
16.01199999999692, 105.56951650502327
16.012999999996918, 105.5787866245771
16.01399999999692, 105.58826619622491
16.01499999999692, 105.59795776443259
16.01599999999692, 105.60786387366592
16.016999999996923, 105.61798706839082
16.017999999996924, 105.62832989307316
16.01899999999693, 105.63889489217874
16.019999999996926, 105.64968461017344
16.020999999996928, 105.66070159152315
16.02199999999693, 105.67194838069366
16.02299999999693, 105.68342752215095
16.02399999999693, 105.69514156036075
16.024999999996933, 105.70709303978896
16.025999999996934, 105.71928450490148
16.026999999996935, 105.7317185001641
16.027999999996936, 105.74439757004274
16.028999999996937, 105.7573242590032
16.02999999999694, 105.7705011115114
16.03099999999694, 105.78393067203314
16.03199999999694, 105.79761548503433
16.03299999999694, 105.81155809498077
16.033999999996944, 105.8257610260753
16.034999999996945, 105.8402249346682
16.035999999996946, 105.85494712752079
16.036999999996947, 105.86992456271011
16.03799999999695, 105.88515419831317
16.03899999999695, 105.900632992407
16.03999999999695, 105.91635790306853
16.040999999996956, 105.93232588837483
16.041999999996953, 105.9485339064029
16.042999999996955, 105.96497891522971
16.043999999996956, 105.9816578729323
16.044999999996957, 105.99856773758768
16.04599999999696, 106.01570546727284
16.04699999999696, 106.03306802006477
16.04799999999696, 106.05065235404052
16.048999999996965, 106.06845542727706
16.049999999996963, 106.08647419785143
16.050999999996964, 106.1047056238406
16.051999999996966, 106.1231466633216
16.052999999996967, 106.14179427437142
16.053999999996968, 106.16064541506705
16.054999999996973, 106.17969704348555
16.05599999999697, 106.19894611770391
16.05699999999697, 106.21838959579912
16.057999999996973, 106.23802443584815
16.058999999996974, 106.25784759592806
16.059999999996975, 106.27785603411587
16.060999999996977, 106.29804670848851
16.061999999996978, 106.31841657712303
16.062999999996975, 106.3389625980965
16.06399999999698, 106.35968172948584
16.06499999999698, 106.38057092936806
16.065999999996983, 106.4016271558202
16.06699999999698, 106.42284736691926
16.067999999996985, 106.44422852074224
16.068999999996986, 106.46576757536616
16.069999999996988, 106.48746148886801
16.070999999996992, 106.5093072193248
16.07199999999699, 106.53130172481355
16.07299999999699, 106.55344196341122
16.073999999996992, 106.57572489319485
16.074999999996994, 106.59814747224145
16.075999999996995, 106.62070665862804
16.076999999996993, 106.64339941043158
16.077999999996997, 106.66622268572911
16.078999999997002, 106.68917344259766
16.079999999997, 106.71224863911416
16.080999999997, 106.7354452333557
16.081999999997002, 106.75876018339923
16.082999999997, 106.78219044732178
16.083999999997005, 106.80573298320033
16.084999999997002, 106.82938474911195
16.085999999997007, 106.85314270313359
16.08699999999701, 106.87700380334225
16.08799999999701, 106.90096500781496
16.088999999997014, 106.92502327462873
16.089999999997012, 106.94917556186056
16.090999999997017, 106.97341882758745
16.091999999997014, 106.9977500298864
16.092999999997012, 107.02216612683446
16.093999999997017, 107.04666407650856
16.094999999997018, 107.07124083698578
16.09599999999702, 107.09589336634309
16.096999999997017, 107.12061862265749
16.09799999999702, 107.145413564006
16.098999999997027, 107.17027514846566
16.099999999997024, 107.19520033411341
16.10099999999703, 107.22018607902628
16.101999999997027, 107.24522934128129
16.102999999997028, 107.27032707895546
16.10399999999703, 107.29547625012574
16.104999999997034, 107.3206738128692
16.10599999999703, 107.3459167252628
16.10699999999703, 107.37120194538358
16.107999999997034, 107.39652621482387
16.108999999997035, 107.4218841211593
16.109999999997036, 107.44726901708789
16.110999999997038, 107.47267424068369
16.11199999999704, 107.49809313002055
16.112999999997044, 107.52351902317254
16.11399999999704, 107.54894525821362
16.11499999999704, 107.57436517321773
16.115999999997044, 107.59977210625885
16.116999999997045, 107.62515939541098
16.117999999997046, 107.65052037874808
16.11899999999705, 107.67584839434413
16.119999999997045, 107.70113678027309
16.12099999999705, 107.72637887460893
16.12199999999705, 107.75156801542559
16.122999999997056, 107.7766975407971
16.123999999997054, 107.80176078879742
16.124999999997055, 107.82675109750053
16.125999999997056, 107.85166180498038
16.126999999997057, 107.87648624931097
16.12799999999706, 107.90121776856624
16.12899999999706, 107.92584970082017
16.12999999999706, 107.95037538414672
16.130999999997066, 107.97478815661992
16.131999999997063, 107.9990813563137
16.132999999997065, 108.02324832130205
16.133999999997066, 108.0472823896589
16.134999999997067, 108.07117689945827
16.13599999999707, 108.09492518877413
16.136999999997066, 108.11852059568042
16.13799999999707, 108.14195645825114
16.138999999997072, 108.1652261145603
16.139999999997073, 108.18832290268176
16.140999999997074, 108.21124016068963
16.141999999997076, 108.23397122665776
16.142999999997077, 108.2565094386602
16.143999999997078, 108.27884813477087
16.144999999997076, 108.3009806530638
16.14599999999708, 108.32290033161293
16.146999999997078, 108.34460050849225
16.147999999997083, 108.36607452177572
16.148999999997084, 108.38731570953733
16.149999999997085, 108.40831740985101
16.150999999997087, 108.42907296079079
16.151999999997088, 108.44957570043059
16.152999999997085, 108.46981896684439
16.15399999999709, 108.48979609810623
16.15499999999709, 108.50950043228998
16.155999999997093, 108.5289253074697
16.156999999997094, 108.54806406171934
16.157999999997095, 108.56691003311282
16.158999999997096, 108.58545655972418
16.159999999997098, 108.6036969836642
16.160999999997102, 108.62162613024658
16.1619999999971, 108.63924251346153
16.1629999999971, 108.65654521105856
16.163999999997102, 108.67353330078735
16.164999999997104, 108.69020586039747
16.165999999997105, 108.70656196763849
16.166999999997103, 108.72260070026003
16.167999999997107, 108.73832113601165
16.16899999999711, 108.75372235264297
16.16999999999711, 108.7688034279036
16.17099999999711, 108.78356343954309
16.171999999997112, 108.79800146531106
16.172999999997117, 108.81211658295707
16.173999999997115, 108.82590787023071
16.17499999999712, 108.83937440488165
16.17599999999712, 108.85251526465942
16.176999999997115, 108.8653295273136
16.17799999999712, 108.8778162705938
16.17899999999712, 108.88997457224963
16.179999999997122, 108.90180351003069
16.18099999999712, 108.91330216168652
16.181999999997124, 108.92446960496675
16.18299999999713, 108.93530491762093
16.183999999997127, 108.94580717739872
16.184999999997128, 108.95597546204974
16.18599999999713, 108.96580884932342
16.18699999999713, 108.97530641696949
16.187999999997132, 108.98446724273752
16.18899999999713, 108.9932904043771
16.189999999997134, 109.00177497963779
16.190999999997132, 109.00992004626922
16.191999999997137, 109.01772468202097
16.19299999999714, 109.02518796464261
16.19399999999714, 109.03230897188378
16.19499999999714, 109.03908678149402
16.19599999999714, 109.04552047122294
16.19699999999714, 109.0516091188202
16.197999999997144, 109.05735180203527
16.198999999997145, 109.06274759861782
16.199999999997146, 109.06779558631744
16.200999999997148, 109.07249484288369
16.20199999999715, 109.07684444606619
16.20299999999715, 109.08084347361451
16.20399999999715, 109.08449100327829
16.204999999997156, 109.08778611280707
16.205999999997157, 109.0907278799504
16.206999999997155, 109.09331538245802
16.207999999997156, 109.09554769807943
16.208999999997157, 109.0974239045642
16.20999999999716, 109.09894307966195
16.21099999999716, 109.1001043011223
16.21199999999716, 109.10090664669477
16.212999999997166, 109.10134919412901
16.213999999997164, 109.10143102117462
16.214999999997165, 109.1011512055812
16.215999999997166, 109.10050882509827
16.216999999997164, 109.09950295747548
16.21799999999717, 109.09813268046243
16.218999999997166, 109.09639707180867
16.21999999999717, 109.09429520926382
16.220999999997172, 109.09182617057746
16.221999999997173, 109.08898903349919
16.222999999997175, 109.08578287577862
16.223999999997176, 109.0822067751653
16.224999999997177, 109.07825980940888
16.22599999999718, 109.0739410562589
16.226999999997176, 109.069249788718
16.22799999999718, 109.06418820677558
16.228999999997182, 109.05876076639825
16.229999999997183, 109.05297198174465
16.230999999997184, 109.04682636697355
16.231999999997182, 109.04032843624358
16.232999999997187, 109.03348270371352
16.233999999997188, 109.02629368354201
16.234999999997193, 109.01876588988782
16.23599999999719, 109.01090383690962
16.23699999999719, 109.00271203876613
16.237999999997193, 108.99419500961608
16.238999999997194, 108.98535726361817
16.239999999997195, 108.97620331493107
16.240999999997197, 108.96673767771352
16.241999999997198, 108.95696486612422
16.2429999999972, 108.94688939432189
16.2439999999972, 108.93651577646523
16.2449999999972, 108.92584852671295
16.245999999997203, 108.91489215922377
16.246999999997204, 108.90365118815637
16.247999999997205, 108.89213012766947
16.248999999997203, 108.88033349192182
16.249999999997208, 108.86826579507208
16.25099999999721, 108.85593155127894
16.25199999999721, 108.84333527470118
16.25299999999721, 108.83048147949745
16.253999999997212, 108.81737467982649
16.254999999997214, 108.80401938984697
16.255999999997215, 108.79042012371764
16.25699999999722, 108.77658139559716
16.257999999997217, 108.76250771964433
16.258999999997222, 108.74820361001775
16.25999999999722, 108.73367358087621
16.26099999999722, 108.71892214637838
16.261999999997222, 108.70395382068298
16.262999999997223, 108.6887731179487
16.263999999997225, 108.67338455233423
16.26499999999723, 108.65779263799836
16.265999999997227, 108.64200188909975
16.26699999999723, 108.62601681979712
16.26799999999723, 108.60984194424911
16.26899999999723, 108.59348177661452
16.269999999997232, 108.576940831052
16.27099999999723, 108.56022362172033
16.271999999997234, 108.54333466277812
16.272999999997236, 108.52627846838416
16.273999999997237, 108.5090595526971
16.27499999999724, 108.49168242987568
16.27599999999724, 108.47415158344042
16.27699999999724, 108.45647094277297
16.277999999997242, 108.43864395573308
16.27899999999724, 108.42067405415554
16.279999999997244, 108.40256466987516
16.280999999997242, 108.38431923472682
16.281999999997247, 108.3659411805452
16.282999999997248, 108.34743393916517
16.28399999999725, 108.32880094242151
16.284999999997247, 108.31004562214903
16.28599999999725, 108.29117141018253
16.286999999997256, 108.27218173835684
16.287999999997254, 108.25308003850668
16.288999999997255, 108.23386974246695
16.289999999997256, 108.21455428207241
16.290999999997258, 108.19513708915787
16.29199999999726, 108.1756215955581
16.29299999999726, 108.15601123310793
16.29399999999726, 108.1363094336422
16.294999999997266, 108.11651962899566
16.295999999997264, 108.09664525100308
16.29699999999726, 108.07668973149937
16.297999999997266, 108.05665650231926
16.298999999997264, 108.03654899529754
16.29999999999727, 108.01637064226905
16.300999999997273, 107.99612487506859
16.30199999999727, 107.9758151255309
16.302999999997272, 107.95544482549086
16.303999999997274, 107.93501740678326
16.304999999997275, 107.91453630124289
16.305999999997276, 107.89400494070449
16.306999999997277, 107.87342675700297
16.30799999999728, 107.85280518197307
16.308999999997283, 107.83214364744964
16.30999999999728, 107.81144558526742
16.310999999997282, 107.79071442726121
16.311999999997283, 107.76995360526587
16.312999999997285, 107.74916655111622
16.313999999997286, 107.72835669664693
16.314999999997287, 107.70752747369295
16.31599999999729, 107.68668231408901
16.316999999997293, 107.66582464966993
16.31799999999729, 107.64495791227051
16.318999999997292, 107.62408553372552
16.319999999997293, 107.6032109458698
16.320999999997294, 107.58233758053817
16.321999999997296, 107.56146886956536
16.322999999997293, 107.54060824478626
16.323999999997298, 107.5197591380356
16.324999999997296, 107.49892498114822
16.3259999999973, 107.47810920595892
16.3269999999973, 107.4573152443025
16.327999999997303, 107.43654652801376
16.3289999999973, 107.41580648892753
16.329999999997305, 107.39509855887854
16.33099999999731, 107.37442616970165
16.331999999997308, 107.35379275323166
16.33299999999731, 107.33320174130336
16.33399999999731, 107.31265656575155
16.33499999999731, 107.29216065841102
16.335999999997313, 107.27171745111657
16.336999999997314, 107.25133037570306
16.337999999997315, 107.23100286400523
16.33899999999732, 107.21073834785793
16.339999999997318, 107.19054025909594
16.34099999999732, 107.17041202955404
16.34199999999732, 107.15035709106705
16.342999999997325, 107.13037887546979
16.343999999997322, 107.11048081459703
16.344999999997324, 107.09066634028358
16.345999999997325, 107.07093888436427
16.34699999999733, 107.05130187867388
16.347999999997327, 107.03175875504722
16.348999999997332, 107.01231294531908
16.34999999999733, 106.99296788132426
16.35099999999733, 106.97372699489762
16.351999999997332, 106.95459371787388
16.35299999999733, 106.93557148208785
16.353999999997335, 106.91666371937441
16.35499999999734, 106.8978738615683
16.355999999997337, 106.87920534050431
16.35699999999734, 106.86066158801731
16.35799999999734, 106.842246035942
16.358999999997337, 106.8239621161133
16.359999999997342, 106.80581326036591
16.36099999999734, 106.78780290053469
16.361999999997344, 106.76993446845442
16.36299999999735, 106.75221139595992
16.363999999997347, 106.73463711488597
16.364999999997348, 106.7172150570674
16.36599999999735, 106.69994865433901
16.36699999999735, 106.68284133853558
16.367999999997352, 106.66589654149192
16.368999999997357, 106.64911769504283
16.369999999997354, 106.63250823102311
16.370999999997355, 106.61607158126759
16.371999999997357, 106.59981117761102
16.372999999997358, 106.58373045188824
16.37399999999736, 106.56783283593408
16.37499999999736, 106.55212176158328
16.37599999999736, 106.53660066067067
16.376999999997363, 106.52127296503109
16.377999999997364, 106.50614210649924
16.378999999997365, 106.49121151691006
16.379999999997366, 106.47648462809823
16.380999999997368, 106.4619648718986
16.38199999999737, 106.447655680146
16.382999999997367, 106.43356048467518
16.38399999999737, 106.419682717321
16.384999999997373, 106.40602580991819
16.385999999997374, 106.39259319430163
16.386999999997375, 106.37938830230607
16.387999999997376, 106.36641456576632
16.388999999997377, 106.3536754165172
16.38999999999738, 106.34117428639351
16.390999999997383, 106.32891460723002
16.39199999999738, 106.31689981086159
16.392999999997382, 106.30513332912298
16.393999999997384, 106.29361859384902
16.394999999997385, 106.28235903687448
16.395999999997386, 106.27135809003416
16.396999999997387, 106.26061918516288
16.397999999997385, 106.25014575409546
16.398999999997393, 106.23994122866667
16.39999999999739, 106.23000904071131
16.400999999997392, 106.22035262206423
16.401999999997393, 106.21097540456017
16.402999999997395, 106.201880820034
16.403999999997396, 106.19307230032047
16.404999999997393, 106.18455327725438
16.405999999997398, 106.17632718267056
16.4069999999974, 106.16839744840381
16.4079999999974, 106.16076750628892
16.408999999997402, 106.15344078816072
16.409999999997403, 106.14642072585396
16.410999999997404, 106.13971075120348
16.411999999997406, 106.13331429604408
16.412999999997403, 106.12723479221053
16.413999999997408, 106.12147567153768
16.41499999999741, 106.1160403658603
16.41599999999741, 106.11093230701319
16.41699999999741, 106.1061549268312
16.417999999997413, 106.10171165714907
16.418999999997414, 106.09760592980166
16.419999999997412, 106.0938411766237
16.42099999999742, 106.09042082945007
16.421999999997418, 106.08734832011552
16.42299999999742, 106.08462683680355
16.42399999999742, 106.08225096267097
16.42499999999742, 106.08020457980389
16.425999999997423, 106.0784709011732
16.426999999997424, 106.07703313974983
16.427999999997425, 106.07587450850477
16.42899999999743, 106.07497822040885
16.429999999997428, 106.07432748843306
16.43099999999743, 106.07390552554828
16.43199999999743, 106.07369554472547
16.432999999997435, 106.0736807589356
16.43399999999743, 106.07384438114951
16.43499999999743, 106.07416962433818
16.435999999997435, 106.07463970147253
16.436999999997436, 106.0752378255235
16.437999999997437, 106.075947209462
16.43899999999744, 106.07675106625895
16.43999999999744, 106.0776326088853
16.44099999999744, 106.07857505031194
16.441999999997442, 106.07956160350983
16.44299999999744, 106.08057548144991
16.443999999997445, 106.08160006579753
16.444999999997446, 106.08262541388521
16.445999999997447, 106.0836503236674
16.44699999999745, 106.08467418421066
16.44799999999745, 106.0856963845817
16.44899999999745, 106.08671631384703
16.449999999997452, 106.08773336107333
16.450999999997457, 106.0887469153272
16.451999999997454, 106.08975636567519
16.452999999997456, 106.09076110118397
16.453999999997457, 106.09176051092012
16.454999999997458, 106.09275398395023
16.45599999999746, 106.09374090934091
16.456999999997457, 106.09472067615884
16.457999999997465, 106.09569267347052
16.458999999997463, 106.09665629034264
16.459999999997464, 106.09761091584177
16.460999999997462, 106.09855593903453
16.461999999997467, 106.09949074898749
16.462999999997468, 106.1004147347673
16.46399999999747, 106.10132728544056
16.464999999997467, 106.10222779007388
16.46599999999747, 106.10311563773386
16.466999999997473, 106.10399021748712
16.467999999997474, 106.10485091840025
16.468999999997475, 106.10569712953985
16.469999999997476, 106.10652823997253
16.470999999997478, 106.10734363876492
16.47199999999748, 106.10814271498361
16.472999999997484, 106.10892485769526
16.47399999999748, 106.10968945596638
16.474999999997483, 106.11043589886366
16.475999999997484, 106.11116357545363
16.476999999997485, 106.11187187480299
16.477999999997486, 106.11256018597824
16.478999999997487, 106.11322789804608
16.47999999999749, 106.11387440007309
16.480999999997493, 106.1144990811259
16.481999999997495, 106.11510133027107
16.48299999999749, 106.1156805365752
16.483999999997494, 106.11623608910493
16.4849999999975, 106.1167673769269
16.485999999997492, 106.11727378910763
16.486999999997494, 106.11775471471381
16.4879999999975, 106.118209542812
16.4889999999975, 106.11863766246883
16.4899999999975, 106.11903846275088
16.490999999997502, 106.1194113327248
16.491999999997503, 106.11975566145716
16.492999999997505, 106.12007083801461
16.493999999997506, 106.1203562514637
16.494999999997503, 106.12061129087108
16.495999999997508, 106.12083534530333
16.496999999997506, 106.1210278038271
16.49799999999751, 106.12118805550892
16.498999999997512, 106.12131548941551
16.499999999997513, 106.12140949461337
16.500999999997514, 106.12146946016918
16.501999999997516, 106.12149477514946
16.502999999997513, 106.12148482862092
16.503999999997518, 106.12143900965012
16.50499999999752, 106.12135670730369
16.50599999999752, 106.12123731064821
16.506999999997525, 106.12108020875024
16.507999999997523, 106.12088479067651
16.508999999997524, 106.12065044549354
16.509999999997525, 106.12037656226795
16.510999999997527, 106.12006253006636
16.511999999997528, 106.11970773795537
16.51299999999753, 106.11931157500159
16.51399999999753, 106.11887343027162
16.51499999999753, 106.11839269283209
16.515999999997533, 106.11786875174957
16.51699999999753, 106.11730099609073
16.517999999997535, 106.11668881492213
16.518999999997533, 106.11603159731035
16.519999999997538, 106.11532873232204
16.52099999999754, 106.11457960902383
16.52199999999754, 106.11378361648227
16.522999999997538, 106.11294014376404
16.523999999997542, 106.11204857993562
16.524999999997547, 106.11110831406376
16.52599999999755, 106.110118735215
16.526999999997546, 106.10907923245593
16.527999999997547, 106.1079891893385
16.52899999999755, 106.10684762052955
16.52999999999755, 106.10565294593158
16.53099999999755, 106.10440353149959
16.531999999997552, 106.10309774318858
16.532999999997557, 106.10173394695349
16.533999999997555, 106.10031050874926
16.534999999997552, 106.09882579453094
16.535999999997557, 106.09727817025345
16.53699999999756, 106.09566600187179
16.53799999999756, 106.09398765534095
16.538999999997557, 106.09224149661588
16.539999999997562, 106.09042589165156
16.540999999997563, 106.08853920640297
16.541999999997564, 106.0865798068251
16.542999999997566, 106.08454605887289
16.543999999997567, 106.08243632850133
16.544999999997568, 106.08024898166543
16.54599999999757, 106.07798238432011
16.546999999997567, 106.07563490242039
16.547999999997575, 106.07320490192122
16.548999999997573, 106.07069074877761
16.549999999997574, 106.06809080894448
16.550999999997575, 106.06540344837684
16.551999999997577, 106.06262703302966
16.55299999999758, 106.05975992885793
16.55399999999758, 106.0568005018166
16.554999999997584, 106.05374711786068
16.55599999999758, 106.05059814294506
16.556999999997583, 106.04735194302484
16.557999999997584, 106.04400688405494
16.558999999997585, 106.04056133199029
16.559999999997586, 106.03701365278592
16.56099999999759, 106.0333622123968
16.56199999999759, 106.02960537677791
16.562999999997594, 106.02574151188416
16.56399999999759, 106.02176898367065
16.564999999997596, 106.01768615809223
16.565999999997594, 106.01349140110396
16.566999999997595, 106.00918307866078
16.567999999997596, 106.00475955671763
16.568999999997594, 106.00021920122956
16.569999999997602, 105.99556037815152
16.5709999999976, 105.99078145343847
16.5719999999976, 105.98588079304537
16.572999999997602, 105.98085676292725
16.573999999997604, 105.97570772903903
16.574999999997605, 105.97043205733573
16.575999999997606, 105.96502811377229
16.576999999997604, 105.95949426430371
16.57799999999761, 105.95382887488498
16.57899999999761, 105.948030311471
16.57999999999761, 105.94209694001681
16.580999999997612, 105.9360271264774
16.581999999997613, 105.92981923680772
16.582999999997615, 105.92347163696273
16.583999999997616, 105.9169826928974
16.58499999999762, 105.91035077056677
16.58599999999762, 105.90357423592572
16.58699999999762, 105.89665145492933
16.58799999999762, 105.88958079353249
16.588999999997622, 105.88236061769022
16.589999999997623, 105.87498929335744
16.59099999999762, 105.86746518648921
16.59199999999763, 105.8597866630405
16.59299999999763, 105.85195208896621
16.593999999997628, 105.84395983022134
16.59499999999763, 105.83580825276088
16.59599999999763, 105.82749572253985
16.596999999997628, 105.81902060551315
16.597999999997633, 105.8103812676358
16.59899999999763, 105.80157607486277
16.599999999997635, 105.79260339314904
16.600999999997637, 105.78346158844954
16.601999999997638, 105.7741490267193
16.60299999999764, 105.76466407391325
16.60399999999764, 105.75500509598642
16.60499999999764, 105.74517045889375
16.605999999997643, 105.7351585285902
16.606999999997647, 105.72496767103081
16.607999999997645, 105.71459625217054
16.608999999997646, 105.70404263796424
16.609999999997648, 105.69330519436704
16.61099999999765, 105.6823822873339
16.61199999999765, 105.67127229942798
16.61299999999765, 105.65997583269021
16.613999999997652, 105.64849791748225
16.614999999997657, 105.63684410978176
16.615999999997655, 105.62501996556638
16.616999999997656, 105.61303104081387
16.617999999997657, 105.60088289150178
16.61899999999766, 105.58858107360788
16.61999999999766, 105.57613114310976
16.620999999997657, 105.56353865598518
16.621999999997662, 105.55080916821177
16.62299999999766, 105.53794823576715
16.623999999997665, 105.52496141462908
16.624999999997662, 105.51185426077512
16.625999999997667, 105.49863233018306
16.62699999999767, 105.48530117883047
16.62799999999767, 105.47186636269511
16.628999999997667, 105.45833343775459
16.629999999997672, 105.4447079599866
16.630999999997677, 105.43099548536881
16.631999999997678, 105.4172015698789
16.632999999997676, 105.4033317694945
16.633999999997677, 105.38939164019334
16.634999999997678, 105.37538673795305
16.63599999999768, 105.3613226187513
16.636999999997684, 105.34720483856582
16.63799999999768, 105.3330389533742
16.638999999997683, 105.31883051915413
16.639999999997684, 105.30458509188331
16.640999999997685, 105.2903082275394
16.641999999997687, 105.27600548210009
16.642999999997688, 105.26168241154298
16.64399999999769, 105.2473445718458
16.644999999997694, 105.23299751898622
16.64599999999769, 105.21864680894191
16.646999999997696, 105.2042979976905
16.647999999997694, 105.18995664120969
16.64899999999769, 105.17562829547718
16.649999999997696, 105.16131851647057
16.650999999997694, 105.14703286016761
16.6519999999977, 105.13277688254593
16.6529999999977, 105.1185561395832
16.6539999999977, 105.10437617911182
16.654999999997703, 105.09024084407304
16.655999999997704, 105.07615018427549
16.6569999999977, 105.06210373794713
16.657999999997706, 105.04810104331564
16.65899999999771, 105.03414163860896
16.659999999997712, 105.0202250620549
16.66099999999771, 105.00635085188131
16.66199999999771, 104.99251854631603
16.662999999997712, 104.97872768358687
16.663999999997714, 104.96497780192172
16.664999999997715, 104.95126843954837
16.665999999997716, 104.93759913469471
16.66699999999772, 104.92396942558852
16.66799999999772, 104.91037885045769
16.66899999999772, 104.89682694753003
16.66999999999772, 104.8833132550334
16.670999999997722, 104.86983731119562
16.671999999997723, 104.85639865424454
16.672999999997728, 104.84299682240801
16.673999999997726, 104.82963135391387
16.674999999997727, 104.81630178698994
16.675999999997728, 104.80300765986405
16.67699999999773, 104.78974851076408
16.67799999999773, 104.77652387791785
16.678999999997732, 104.76333329955321
16.679999999997733, 104.750176313898
16.68099999999773, 104.73705245918
16.681999999997736, 104.72396127362715
16.682999999997737, 104.71090229546718
16.683999999997738, 104.69787506292806
16.68499999999774, 104.6848791142375
16.68599999999774, 104.67191398762341
16.68699999999774, 104.65897922131364
16.687999999997743, 104.646074353536
16.688999999997748, 104.63319892251832
16.689999999997745, 104.62035246648847
16.690999999997747, 104.60753452367426
16.691999999997748, 104.59474463230356
16.692999999997753, 104.5819823306042
16.69399999999775, 104.569247156804
16.694999999997755, 104.55653864913084
16.695999999997753, 104.54385634581251
16.69699999999775, 104.53119978507692
16.697999999997755, 104.51856850515182
16.698999999997756, 104.50596204426512
16.699999999997758, 104.49337994064462
16.70099999999776, 104.4808217325182
16.70199999999776, 104.46828695811362
16.702999999997758, 104.45577515565881
16.703999999997762, 104.44328586338159
16.704999999997764, 104.43081861950976
16.705999999997765, 104.4183729622712
16.706999999997766, 104.4059484298937
16.707999999997767, 104.39354456060515
16.70899999999777, 104.38116089263336
16.70999999999777, 104.36879696420623
16.710999999997767, 104.35645231355153
16.711999999997776, 104.34412647889711
16.712999999997773, 104.33181899847084
16.713999999997775, 104.31952941050054
16.714999999997776, 104.30725725321403
16.715999999997777, 104.2950020648392
16.71699999999778, 104.28276338360384
16.71799999999778, 104.27054074773582
16.718999999997784, 104.25833369546295
16.719999999997782, 104.24614176501312
16.720999999997787, 104.23396449461414
16.721999999997784, 104.22180142249383
16.722999999997786, 104.20965208688006
16.723999999997787, 104.19751602600066
16.724999999997788, 104.18539277808345
16.725999999997793, 104.1732818813563
16.72699999999779, 104.16118287404706
16.72799999999779, 104.14909529438354
16.72899999999779, 104.13701868059358
16.729999999997794, 104.12495257090504
16.730999999997795, 104.11289650354573
16.731999999997797, 104.10085001674352
16.732999999997794, 104.08881264872623
16.7339999999978, 104.07678393772174
16.734999999997804, 104.06476342195784
16.7359999999978, 104.05275063966235
16.736999999997803, 104.04074512906318
16.737999999997804, 104.02874642838813
16.738999999997805, 104.01675407586504
16.739999999997806, 104.00476760972178
16.74099999999781, 103.99278656818615
16.74199999999781, 103.980810489486
16.74299999999781, 103.96883891184919
16.74399999999781, 103.95687137350355
16.744999999997813, 103.94490741267691
16.745999999997814, 103.9329465675971
16.746999999997815, 103.92098837649199
16.747999999997816, 103.9090323775894
16.748999999997814, 103.89707810911713
16.74999999999782, 103.88512510930312
16.75099999999782, 103.87317291637515
16.75199999999782, 103.86122106856106
16.752999999997826, 103.84926910408869
16.753999999997824, 103.8373165611859
16.75499999999782, 103.82536297808046
16.755999999997826, 103.8134078930003
16.756999999997827, 103.80145084417323
16.75799999999783, 103.78949136982708
16.75899999999783, 103.77752900818967
16.75999999999783, 103.76556329748888
16.760999999997832, 103.75359377595255
16.761999999997833, 103.74161998180847
16.76299999999783, 103.72964145328453
16.763999999997836, 103.71765772860854
16.764999999997837, 103.70566860944646
16.765999999997838, 103.69367556959835
16.76699999999784, 103.68168073683876
16.76799999999784, 103.66968624045552
16.768999999997845, 103.65769420973658
16.769999999997843, 103.64570677396983
16.77099999999784, 103.63372606244317
16.771999999997846, 103.62175420444453
16.772999999997847, 103.60979332926173
16.773999999997848, 103.59784556618277
16.77499999999785, 103.58591304449547
16.77599999999785, 103.57399789348774
16.77699999999785, 103.56210224244748
16.777999999997853, 103.55022822066263
16.77899999999785, 103.53837795742108
16.779999999997855, 103.52655358201069
16.780999999997857, 103.51475722371936
16.781999999997858, 103.50299101183501
16.78299999999786, 103.49125707564554
16.783999999997857, 103.47955754443888
16.784999999997858, 103.46789454750285
16.785999999997866, 103.4562702141254
16.786999999997864, 103.44468667359442
16.787999999997865, 103.43314605519781
16.788999999997866, 103.42165048822346
16.789999999997868, 103.41020210195929
16.79099999999787, 103.3988030256932
16.79199999999787, 103.38745538871305
16.792999999997868, 103.3761613203068
16.793999999997872, 103.36492294976226
16.794999999997874, 103.35374240636743
16.795999999997875, 103.34262181941014
16.796999999997876, 103.3315633181783
16.797999999997877, 103.32056903195982
16.798999999997882, 103.30964109004262
16.79999999999788, 103.29878162171453
16.800999999997885, 103.28799275626355
16.801999999997882, 103.27727662297748
16.802999999997883, 103.26663535114427
16.803999999997885, 103.25607107005182
16.804999999997882, 103.245585908988
16.805999999997884, 103.23518175092408
16.806999999997885, 103.22485897163587
16.80799999999789, 103.21461737703093
16.80899999999789, 103.20445677195126
16.809999999997892, 103.19437696123867
16.810999999997893, 103.18437774973523
16.811999999997894, 103.17445894228281
16.812999999997896, 103.16462034372336
16.813999999997897, 103.15486175889882
16.8149999999979, 103.14518299265117
16.8159999999979, 103.13558384982231
16.8169999999979, 103.12606413525418
16.8179999999979, 103.11662365378872
16.818999999997903, 103.10726221026786
16.819999999997904, 103.09797960953361
16.820999999997905, 103.08877565642783
16.821999999997907, 103.07965015579249
16.82299999999791, 103.07060291246952
16.82399999999791, 103.06163373130087
16.82499999999791, 103.05274241712853
16.82599999999791, 103.04392877479437
16.826999999997913, 103.0351926091403
16.827999999997914, 103.02653372500833
16.828999999997915, 103.01795192724042
16.829999999997916, 103.00944702067846
16.83099999999792, 103.00101881016437
16.83199999999792, 102.99266710054013
16.83299999999792, 102.98439169664769
16.83399999999792, 102.97619240332895
16.834999999997923, 102.96806902542589
16.835999999997924, 102.96002136778043
16.83699999999793, 102.95204923523451
16.837999999997926, 102.94415243263009
16.83899999999793, 102.93633076480906
16.83999999999793, 102.92858403661343
16.840999999997926, 102.92091205288507
16.84199999999793, 102.91331461846596
16.842999999997932, 102.90579153819806
16.84399999999793, 102.89834261692329
16.84499999999793, 102.89096765948355
16.845999999997936, 102.88366647072081
16.846999999997934, 102.87643885547706
16.84799999999794, 102.86928461859415
16.84899999999794, 102.8622035649141
16.84999999999794, 102.85519549927882
16.850999999997942, 102.84826022653021
16.851999999997943, 102.84139755151027
16.852999999997948, 102.83460727906092
16.853999999997946, 102.82788921402411
16.854999999997947, 102.82124316124174
16.855999999997948, 102.81466892555578
16.85699999999795, 102.80816631180818
16.85799999999795, 102.80173512484086
16.858999999997952, 102.79537516949576
16.859999999997953, 102.78908625061483
16.860999999997954, 102.78286817304006
16.861999999997956, 102.77672074161329
16.862999999997957, 102.7706437611765
16.863999999997958, 102.7646370365717
16.86499999999796, 102.75870037264069
16.865999999997957, 102.75283357422552
16.866999999997958, 102.74703644616814
16.867999999997963, 102.74130879331041
16.868999999997968, 102.73565042049432
16.869999999997965, 102.7300611325618
16.870999999997963, 102.7245407343548
16.871999999997968, 102.71908903071525
16.87299999999797, 102.71370582648508
16.87399999999797, 102.70839092650627
16.874999999997975, 102.7031441356207
16.875999999997973, 102.69796525867038
16.87699999999797, 102.69285410049716
16.877999999997975, 102.68781046594307
16.878999999997976, 102.68283415985002
16.879999999997978, 102.67792498705992
16.88099999999798, 102.67308275221748
16.88199999999798, 102.66830721186489
16.882999999997985, 102.66359801195446
16.883999999997982, 102.65895478295539
16.884999999997984, 102.65437715533687
16.885999999997985, 102.64986475956809
16.88699999999799, 102.64541722611823
16.887999999997987, 102.64103418545646
16.888999999997985, 102.63671526805201
16.88999999999799, 102.63246010437402
16.89099999999799, 102.62826832489168
16.891999999997992, 102.62413956007416
16.892999999997993, 102.62007344039071
16.893999999997995, 102.61606959631044
16.894999999997996, 102.61212765830255
16.895999999997997, 102.60824725683625
16.896999999997995, 102.60442802238069
16.897999999998, 102.6006695854051
16.898999999998, 102.59697157637864
16.899999999998002, 102.59333362577046
16.900999999998003, 102.58975536404978
16.901999999998004, 102.5862364216858
16.902999999998006, 102.58277642914767
16.903999999998007, 102.57937501690458
16.90499999999801, 102.57603181542572
16.90599999999801, 102.57274645518027
16.90699999999801, 102.56951856663746
16.90799999999801, 102.56634778026638
16.908999999998017, 102.5632337265363
16.909999999998014, 102.56017603591633
16.910999999998015, 102.55717433887573
16.911999999998017, 102.55422826588362
16.91299999999802, 102.55133744740925
16.91399999999802, 102.54850151392172
16.91499999999802, 102.54572009589025
16.91599999999802, 102.54299282378408
16.916999999998023, 102.54031932807233
16.917999999998024, 102.53769923922418
16.91899999999802, 102.53513218770885
16.919999999998026, 102.53261780399554
16.920999999998028, 102.53015571855335
16.92199999999803, 102.52774556185155
16.92299999999803, 102.52538696435927
16.92399999999803, 102.52307955654574
16.92499999999803, 102.52082296888008
16.925999999998034, 102.51861683183152
16.92699999999803, 102.51646077586925
16.927999999998036, 102.51435443146244
16.928999999998037, 102.51229742908026
16.92999999999804, 102.51028939919192
16.93099999999804, 102.5083299722666
16.93199999999804, 102.50641877877345
16.932999999998042, 102.5045554491817
16.933999999998044, 102.5027396139605
16.93499999999805, 102.50097090357903
16.935999999998046, 102.4992489485065
16.936999999998047, 102.49757337921213
16.93799999999805, 102.49594382616499
16.93899999999805, 102.49435991983438
16.93999999999805, 102.49282129068942
16.94099999999805, 102.49132756919933
16.941999999998057, 102.48987838583324
16.942999999998055, 102.48847337106037
16.943999999998056, 102.48711215534993
16.944999999998057, 102.48579436917106
16.945999999998058, 102.48451964299294
16.94699999999806, 102.4832876072848
16.94799999999806, 102.48209789251581
16.94899999999806, 102.48095020842166
16.949999999998067, 102.47984466016463
16.950999999998064, 102.47878147596639
16.951999999998066, 102.47776088408806
16.952999999998063, 102.47678311279084
16.953999999998068, 102.47584839033577
16.95499999999807, 102.47495694498404
16.95599999999807, 102.47410900499673
16.956999999998075, 102.47330479863501
16.957999999998073, 102.47254455416005
16.958999999998074, 102.4718284998329
16.959999999998075, 102.4711568639147
16.960999999998077, 102.4705298746666
16.961999999998078, 102.46994776034973
16.96299999999808, 102.46941074922525
16.96399999999808, 102.46891906955423
16.964999999998078, 102.46847294959781
16.965999999998086, 102.46807261761717
16.96699999999808, 102.4677183018734
16.967999999998085, 102.46741023062768
16.968999999998086, 102.46714863214102
16.969999999998088, 102.46693373467464
16.970999999998085, 102.46676576648969
16.97199999999809, 102.46664495584724
16.97299999999809, 102.46657153100847
16.973999999998092, 102.4665457202345
16.974999999998094, 102.4665677517864
16.975999999998095, 102.46663785392536
16.976999999998093, 102.4667562549125
16.977999999998097, 102.46692318300893
16.978999999998095, 102.4671388664758
16.9799999999981, 102.46740353357426
16.9809999999981, 102.46771741256539
16.981999999998102, 102.46808073171034
16.982999999998103, 102.46849371927023
16.983999999998105, 102.46895660350624
16.984999999998106, 102.46946961267945
16.985999999998107, 102.47003297505098
16.986999999998112, 102.47064691888201
16.98799999999811, 102.47131167243361
16.98899999999811, 102.47202746396697
16.989999999998112, 102.4727945217432
16.990999999998113, 102.47361307402338
16.991999999998114, 102.47448334906869
16.99299999999812, 102.47540557514026
16.993999999998117, 102.47637998049922
16.99499999999812, 102.47740679340669
16.99599999999812, 102.47848624212375
16.99699999999812, 102.47961855491164
16.99799999999812, 102.4808039600314
16.998999999998123, 102.48204268574418
16.999999999998124, 102.48333496031111
17.000999999998122, 102.48468101199333
17.001999999998127, 102.48608106905199
17.002999999998128, 102.4875353597482
17.00399999999813, 102.48904411234307
17.004999999998127, 102.49060755509775
17.00599999999813, 102.49222591627337
17.006999999998133, 102.49389942413104
17.007999999998134, 102.49562830693192
17.00899999999813, 102.49741279293711
17.009999999998136, 102.49925311040776
17.01099999999814, 102.501149487605
17.01199999999814, 102.5031020688817
17.012999999998144, 102.50511049760453
17.01399999999814, 102.5071742319954
17.014999999998142, 102.50929272997965
17.015999999998144, 102.51146544948263
17.01699999999815, 102.51369184842957
17.017999999998146, 102.51597138474588
17.018999999998147, 102.51830351635682
17.01999999999815, 102.5206877011878
17.020999999998146, 102.52312339716407
17.02199999999815, 102.52561006221097
17.02299999999815, 102.5281471542539
17.023999999998153, 102.53073413121807
17.024999999998155, 102.53337045102886
17.025999999998156, 102.5360555716116
17.026999999998157, 102.53878895089161
17.02799999999816, 102.54157004679423
17.02899999999816, 102.54439831724474
17.02999999999816, 102.54727322016849
17.030999999998166, 102.55019421349083
17.031999999998163, 102.55316075513706
17.032999999998164, 102.55617230303251
17.033999999998166, 102.55922831510247
17.034999999998167, 102.56232824927233
17.035999999998168, 102.56547156346738
17.03699999999817, 102.56865771561294
17.03799999999817, 102.57188616363435
17.038999999998175, 102.57515636545696
17.039999999998173, 102.578467779006
17.040999999998174, 102.58181986220688
17.041999999998175, 102.5852120729849
17.042999999998177, 102.58864386926544
17.043999999998178, 102.5921147089737
17.04499999999818, 102.59562405003513
17.04599999999818, 102.59917135037497
17.046999999998185, 102.60275606791859
17.047999999998183, 102.6063776605913
17.048999999998184, 102.61003558631845
17.049999999998185, 102.61372930302532
17.050999999998186, 102.61745826863728
17.051999999998188, 102.62122194107961
17.052999999998185, 102.62501977827768
17.05399999999819, 102.62885123815677
17.05499999999819, 102.63271577864225
17.055999999998193, 102.63661285765941
17.056999999998194, 102.64054193313362
17.057999999998195, 102.64450246299012
17.058999999998193, 102.64849390515431
17.059999999998197, 102.65251571755152
17.060999999998195, 102.65656735810703
17.0619999999982, 102.66064828474617
17.062999999998198, 102.6647579553943
17.063999999998202, 102.66889582797674
17.064999999998204, 102.67306136041877
17.065999999998205, 102.67725401064575
17.066999999998206, 102.681473236583
17.067999999998207, 102.68571849615584
17.068999999998212, 102.6899892472896
17.06999999999821, 102.69428494790964
17.07099999999821, 102.69860505594121
17.071999999998212, 102.7029490293097
17.072999999998213, 102.70731632594038
17.07399999999821, 102.7117064037586
17.074999999998216, 102.71611872068974
17.075999999998217, 102.72055273465901
17.07699999999822, 102.72500790359184
17.07799999999822, 102.7294836854135
17.07899999999822, 102.73397953804935
17.079999999998222, 102.73849491942468
17.080999999998223, 102.74302928746485
17.081999999998224, 102.74758210009514
17.082999999998222, 102.7521528152409
17.083999999998227, 102.75674089082743
17.084999999998228, 102.76134579031877
17.08599999999823, 102.76596740844678
17.08699999999823, 102.77060637252772
17.087999999998228, 102.77526338103544
17.088999999998233, 102.77993913244373
17.089999999998234, 102.78463432522648
17.09099999999824, 102.78934965785749
17.091999999998237, 102.79408582881061
17.092999999998238, 102.79884353655973
17.09399999999824, 102.80362347957866
17.09499999999824, 102.80842635634117
17.09599999999824, 102.8132528653212
17.096999999998243, 102.81810370499255
17.097999999998244, 102.82297957382906
17.09899999999825, 102.8278811703046
17.099999999998246, 102.83280919289294
17.100999999998248, 102.83776434006799
17.10199999999825, 102.84274731030354
17.10299999999825, 102.84775880207347
17.10399999999825, 102.85279951385161
17.10499999999825, 102.8578701441118
17.105999999998254, 102.86297139132786
17.10699999999825, 102.86810395397364
17.107999999998256, 102.87326853052305
17.108999999998257, 102.87846581944979
17.10999999999826, 102.88369651922781
17.11099999999826, 102.88896132833094
17.11199999999826, 102.89426094523297
17.11299999999826, 102.89959606840776
17.113999999998267, 102.90496739632918
17.114999999998265, 102.91037562747107
17.115999999998266, 102.91582146030723
17.11699999999827, 102.9213055933115
17.11799999999827, 102.92682872495774
17.11899999999827, 102.93239155371984
17.11999999999827, 102.93799477807156
17.120999999998276, 102.94363909648678
17.121999999998273, 102.94932520743934
17.122999999998274, 102.95505380940304
17.123999999998276, 102.96082560085179
17.124999999998273, 102.9666412802594
17.125999999998278, 102.97250154609966
17.12699999999828, 102.97840709684648
17.12799999999828, 102.98435863097367
17.128999999998285, 102.9903568469551
17.129999999998283, 102.99640244326454
17.130999999998284, 103.00249611837592
17.131999999998285, 103.00863857076303
17.132999999998287, 103.01483049889971
17.133999999998288, 103.02107260125979
17.134999999998286, 103.02736557631715
17.13599999999829, 103.0337101225456
17.13699999999829, 103.040106938419
17.137999999998293, 103.04655672241117
17.138999999998294, 103.05306017299597
17.139999999998295, 103.0596179886472
17.140999999998293, 103.06623086783878
17.141999999998294, 103.07289950904448
17.142999999998302, 103.07962461073815
17.1439999999983, 103.08640687139363
17.1449999999983, 103.09324698948481
17.145999999998303, 103.10014566348548
17.146999999998304, 103.10710359186947
17.147999999998305, 103.11412147311069
17.148999999998306, 103.12120000568288
17.149999999998307, 103.12833988805998
17.150999999998312, 103.13554181871577
17.15199999999831, 103.14280649612411
17.15299999999831, 103.15013461875881
17.153999999998312, 103.15752688509377
17.154999999998314, 103.16498399360277
17.155999999998315, 103.17250664275969
17.156999999998312, 103.18009553103838
17.15799999999832, 103.1877513569126
17.15899999999832, 103.19547478800277
17.15999999999832, 103.20326620528874
17.16099999999832, 103.2111258341202
17.161999999998322, 103.21905389830032
17.162999999998323, 103.22705062163222
17.163999999998325, 103.23511622791906
17.164999999998322, 103.24325094096399
17.165999999998327, 103.25145498457017
17.16699999999833, 103.25972858254072
17.16799999999833, 103.26807195867877
17.16899999999833, 103.27648533678752
17.169999999998332, 103.28496894067007
17.170999999998333, 103.29352299412962
17.171999999998334, 103.30214772096926
17.17299999999834, 103.31084334499214
17.173999999998337, 103.31961009000145
17.174999999998338, 103.32844817980029
17.17599999999834, 103.33735783819183
17.17699999999834, 103.34633928897921
17.17799999999834, 103.35539275596562
17.178999999998343, 103.36451846295411
17.179999999998344, 103.3737166337479
17.18099999999835, 103.38298749215015
17.181999999998347, 103.39233126196393
17.182999999998344, 103.40174816699243
17.18399999999835, 103.41123843103887
17.18499999999835, 103.42080227790626
17.185999999998348, 103.4304399313978
17.18699999999835, 103.44015161531664
17.187999999998354, 103.44993755346597
17.188999999998355, 103.4597979696489
17.189999999998356, 103.46973308766856
17.190999999998358, 103.47974313132812
17.19199999999836, 103.4898283244307
17.19299999999836, 103.49998889077946
17.19399999999836, 103.51022505417758
17.19499999999836, 103.52053703842817
17.195999999998364, 103.53092506733438
17.196999999998365, 103.54138936469934
17.197999999998366, 103.55193015432624
17.198999999998367, 103.5625476600182
17.19999999999837, 103.57324210557836
17.200999999998373, 103.58401371480986
17.20199999999837, 103.5948627115159
17.20299999999837, 103.60578931949956
17.203999999998373, 103.61679376256401
17.204999999998375, 103.62787626451242
17.205999999998376, 103.63903704914789
17.206999999998377, 103.65027634027362
17.207999999998375, 103.6615943616927
17.20899999999838, 103.67299133720833
17.20999999999838, 103.68446749062362
17.210999999998382, 103.69602304574174
17.211999999998383, 103.70765822636581
17.212999999998384, 103.71937325629901
17.213999999998386, 103.73116835934445
17.214999999998387, 103.7430437593053
17.215999999998388, 103.7549996799847
17.216999999998386, 103.7670363451858
17.217999999998394, 103.77915397871173
17.218999999998392, 103.79135280436566
17.219999999998393, 103.8036330459507
17.220999999998394, 103.81599492727005
17.221999999998395, 103.82843851306032
17.222999999998397, 103.84096205303476
17.223999999998398, 103.85356264192626
17.224999999998403, 103.86623735592451
17.2259999999984, 103.87898327121907
17.2269999999984, 103.89179746399967
17.227999999998403, 103.90467701045584
17.228999999998404, 103.91761898677726
17.229999999998405, 103.93062046915361
17.230999999998406, 103.94367853377442
17.231999999998408, 103.95679025682938
17.232999999998412, 103.96995271450814
17.23399999999841, 103.98316298300033
17.234999999998415, 103.99641813849549
17.235999999998413, 104.00971525718333
17.236999999998414, 104.0230514152535
17.237999999998415, 104.03642368889561
17.238999999998413, 104.0498291542993
17.239999999998417, 104.06326488765413
17.24099999999842, 104.07672796514984
17.24199999999842, 104.090215462976
17.24299999999842, 104.10372445732223
17.243999999998422, 104.1172520243782
17.244999999998424, 104.13079524033355
17.245999999998425, 104.14435118137783
17.246999999998422, 104.15791692370077
17.247999999998427, 104.17148954349196
17.24899999999843, 104.18506611694102
17.24999999999843, 104.19864372023761
17.25099999999843, 104.21221942957132
17.251999999998432, 104.22579032113181
17.252999999998433, 104.23935347110873
17.253999999998435, 104.25290595569166
17.25499999999844, 104.2664448510703
17.255999999998437, 104.27996723343423
17.25699999999844, 104.29347017897308
17.25799999999844, 104.3069507638765
17.25899999999844, 104.32040606433415
17.259999999998442, 104.33383315653559
17.260999999998443, 104.34722911667052
17.261999999998444, 104.36059102092852
17.26299999999845, 104.37391594549929
17.263999999998447, 104.3872009665724
17.26499999999845, 104.40044316033747
17.26599999999845, 104.41363960298416
17.26699999999845, 104.42678737070213
17.26799999999845, 104.43988353968098
17.26899999999845, 104.45292518611033
17.269999999998454, 104.46590938617986
17.270999999998455, 104.47883321607914
17.271999999998457, 104.49169375199784
17.272999999998458, 104.50448807012559
17.27399999999846, 104.51721324665198
17.27499999999846, 104.5298663577667
17.27599999999846, 104.54244447965937
17.27699999999846, 104.5549446885196
17.277999999998464, 104.56736406053702
17.27899999999846, 104.5796996719013
17.279999999998466, 104.59194859880202
17.280999999998468, 104.60410791742882
17.28199999999847, 104.61617470397138
17.28299999999847, 104.62814603461928
17.28399999999847, 104.64001898556215
17.28499999999847, 104.65179063298969
17.285999999998477, 104.66345805309146
17.286999999998475, 104.67501832205714
17.287999999998476, 104.6864685160763
17.288999999998477, 104.69780571133863
17.28999999999848, 104.70902698403373
17.290999999998476, 104.72012941035126
17.29199999999848, 104.73111006648082
17.292999999998482, 104.74196602861204
17.293999999998483, 104.75269437293457
17.294999999998485, 104.76329217598614
17.295999999998486, 104.77375693791679
17.296999999998487, 104.7840874057998
17.29799999999849, 104.79428255499265
17.298999999998486, 104.80434136085285
17.29999999999849, 104.8142627987378
17.300999999998492, 104.82404584400501
17.301999999998493, 104.83368947201186
17.302999999998494, 104.84319265811592
17.303999999998496, 104.85255437767461
17.304999999998497, 104.86177360604535
17.305999999998498, 104.87084931858563
17.306999999998496, 104.87978049065288
17.3079999999985, 104.88856609760465
17.308999999998502, 104.89720511479833
17.309999999998503, 104.9056965175914
17.310999999998504, 104.91403928134126
17.311999999998505, 104.92223238140551
17.312999999998507, 104.93027479314146
17.313999999998508, 104.93816549190667
17.314999999998513, 104.94590345305856
17.31599999999851, 104.95348765195462
17.31699999999851, 104.96091706395228
17.317999999998513, 104.96819066440901
17.318999999998514, 104.97530742868224
17.319999999998515, 104.98226633212954
17.320999999998513, 104.98906635010823
17.321999999998518, 104.99570645797587
17.32299999999852, 105.00218563108987
17.32399999999852, 105.00850284480775
17.32499999999852, 105.01465707448688
17.325999999998523, 105.02064729548478
17.32699999999852, 105.02647248315893
17.327999999998525, 105.03213161286672
17.328999999998523, 105.03762365996569
17.329999999998527, 105.04294759981329
17.33099999999853, 105.04810240776692
17.33199999999853, 105.05308705918407
17.332999999998535, 105.05790052942221
17.333999999998532, 105.0625417938388
17.334999999998534, 105.06700982779128
17.335999999998535, 105.0713036066372
17.33699999999854, 105.0754221057339
17.337999999998537, 105.0793643004389
17.33899999999854, 105.08312916610967
17.33999999999854, 105.08671567810366
17.34099999999854, 105.09012281177829
17.341999999998542, 105.0933495424911
17.342999999998543, 105.09639484559945
17.343999999998545, 105.09925769646091
17.344999999998546, 105.10193707043291
17.345999999998547, 105.10443194287288
17.34699999999855, 105.10674128913823
17.34799999999855, 105.10886408458654
17.34899999999855, 105.11079930457521
17.349999999998552, 105.1125459244617
17.35099999999855, 105.11410291960345
17.351999999998554, 105.115469265358
17.352999999998556, 105.11664393708274
17.35399999999856, 105.11762591013513
17.354999999998558, 105.11841415987267
17.35599999999856, 105.11900766165279
17.35699999999856, 105.119405390833
17.35799999999856, 105.11960632277066
17.358999999998566, 105.11960943282335
17.359999999998564, 105.11941369634846
17.360999999998565, 105.11901808870346
17.361999999998567, 105.11842158524581
17.36299999999857, 105.11762316133301
17.36399999999857, 105.11662179232245
17.36499999999857, 105.11541645357168
17.36599999999857, 105.11400612043809
17.366999999998576, 105.11238976827916
17.367999999998574, 105.11056637245235
17.368999999998575, 105.10853495170574
17.369999999998576, 105.1062953775081
17.370999999998578, 105.10384830039396
17.37199999999858, 105.10119439951966
17.372999999998576, 105.09833435404155
17.37399999999858, 105.095268843116
17.374999999998582, 105.0919985458994
17.375999999998584, 105.08852414154812
17.376999999998585, 105.0848463092185
17.377999999998586, 105.0809657280669
17.37899999999859, 105.0768830772497
17.37999999999859, 105.07259903592333
17.380999999998586, 105.06811428324403
17.38199999999859, 105.06342949836825
17.382999999998592, 105.05854536045234
17.383999999998593, 105.05346254865266
17.384999999998595, 105.0481817421256
17.385999999998596, 105.04270362002751
17.386999999998597, 105.03702886151471
17.387999999998595, 105.03115814574363
17.388999999998603, 105.02509215187064
17.389999999998604, 105.01883155905205
17.390999999998602, 105.01237704644429
17.391999999998603, 105.00572929320366
17.392999999998604, 104.9988889784866
17.393999999998602, 104.99185678144939
17.394999999998607, 104.98463338124847
17.395999999998608, 104.97721945704019
17.396999999998613, 104.9696156879809
17.39799999999861, 104.96182275322697
17.398999999998612, 104.95384133193478
17.399999999998613, 104.94567210326068
17.400999999998618, 104.93731574636104
17.401999999998615, 104.92877294039222
17.402999999998613, 104.9200443645106
17.403999999998618, 104.91113069787252
17.40499999999862, 104.90203261963441
17.40599999999862, 104.8927508089526
17.40699999999862, 104.88328594498341
17.407999999998623, 104.87363870688326
17.40899999999862, 104.86380977380848
17.409999999998625, 104.85379982491551
17.410999999998623, 104.84360953936063
17.411999999998628, 104.83323959630027
17.41299999999863, 104.82269067489071
17.41399999999863, 104.81196345428842
17.41499999999863, 104.8010586136497
17.415999999998633, 104.78997683213098
17.416999999998634, 104.77871878888854
17.417999999998635, 104.76728516307881
17.41899999999864, 104.75567663385814
17.419999999998637, 104.74389388038284
17.42099999999864, 104.73193758180938
17.42199999999864, 104.71980841729408
17.42299999999864, 104.70750706599328
17.423999999998642, 104.69503420706337
17.42499999999864, 104.6823905196607
17.425999999998645, 104.66957668294171
17.426999999998646, 104.65659337606263
17.427999999998647, 104.6434412781799
17.42899999999865, 104.63012106844997
17.42999999999865, 104.61663342602905
17.43099999999865, 104.60297903007363
17.431999999998652, 104.58915858916168
17.43299999999865, 104.57517357208039
17.433999999998655, 104.56102625733584
17.434999999998656, 104.54671896277026
17.435999999998657, 104.5322540062258
17.43699999999866, 104.51763370554461
17.43799999999866, 104.50286037856887
17.438999999998657, 104.48793634314076
17.439999999998662, 104.47286391710242
17.440999999998667, 104.457645418296
17.441999999998664, 104.44228316456373
17.442999999998666, 104.42677947374769
17.443999999998667, 104.41113666369012
17.444999999998664, 104.39535705223311
17.44599999999867, 104.37944295721894
17.44699999999867, 104.36339669648964
17.44799999999867, 104.3472205878875
17.448999999998676, 104.33091694925463
17.449999999998678, 104.31448809843316
17.450999999998675, 104.2979363532653
17.451999999998677, 104.28126403159321
17.45299999999868, 104.26447345125906
17.45399999999868, 104.24756693010502
17.454999999998677, 104.23054678597322
17.45599999999868, 104.21341533670588
17.456999999998683, 104.19617490014512
17.457999999998684, 104.17882779413313
17.45899999999868, 104.16137633651209
17.459999999998686, 104.1438228451241
17.460999999998684, 104.12616963781139
17.46199999999869, 104.10841903241611
17.462999999998694, 104.09057334678043
17.46399999999869, 104.07263489874649
17.464999999998696, 104.05460600615648
17.465999999998697, 104.03648898685256
17.466999999998695, 104.01828615867691
17.467999999998696, 103.99999983947168
17.468999999998694, 103.98163234707903
17.4699999999987, 103.96318599934115
17.470999999998703, 103.94466311410017
17.4719999999987, 103.92606600919828
17.472999999998702, 103.90739700247767
17.473999999998703, 103.88865841178044
17.474999999998705, 103.86985255494878
17.475999999998706, 103.8509817498249
17.476999999998707, 103.83204831425094
17.47799999999871, 103.81305456606904
17.478999999998713, 103.79400282312139
17.47999999999871, 103.77489540325018
17.48099999999871, 103.75573462429753
17.481999999998713, 103.73652280410562
17.482999999998714, 103.7172622605166
17.483999999998716, 103.69795531137268
17.484999999998713, 103.67860427451603
17.485999999998718, 103.65921146778872
17.48699999999872, 103.63977920903304
17.487999999998724, 103.6203098160911
17.488999999998722, 103.60080560680504
17.489999999998723, 103.58126889901708
17.490999999998724, 103.56170201056932
17.491999999998725, 103.54210725930398
17.49299999999873, 103.52248696306322
17.493999999998728, 103.50284343968917
17.49499999999873, 103.48317900702403
17.49599999999873, 103.46349598290996
17.496999999998728, 103.44379668518913
17.497999999998733, 103.4240834317037
17.498999999998734, 103.40435854029585
17.499999999998735, 103.38462432880772
17.50099999999874, 103.36488311508145
17.501999999998738, 103.34513721695927
17.50299999999874, 103.32538895228322
17.50399999999874, 103.30564052298388
17.50499999999874, 103.28589367993804
17.505999999998743, 103.26615006432209
17.50699999999874, 103.2464113173125
17.507999999998745, 103.22667908008563
17.508999999998746, 103.20695499381799
17.509999999998747, 103.18724069968593
17.51099999999875, 103.16753783886588
17.51199999999875, 103.14784805253429
17.51299999999875, 103.12817298186755
17.513999999998752, 103.10851426804213
17.51499999999875, 103.08887355223436
17.515999999998755, 103.06925247562076
17.516999999998756, 103.0496526793777
17.517999999998757, 103.0300758046816
17.518999999998762, 103.0105234927089
17.51999999999876, 102.99099738463599
17.52099999999876, 102.97149912163935
17.521999999998762, 102.95203034489533
17.522999999998767, 102.93259269558038
17.523999999998765, 102.91318781487098
17.524999999998766, 102.89381734394343
17.525999999998767, 102.87448292397423
17.52699999999877, 102.85518619613984
17.52799999999877, 102.83592880161659
17.52899999999877, 102.81671238158093
17.529999999998772, 102.79753857720931
17.530999999998777, 102.77840902967813
17.531999999998774, 102.75932538016382
17.532999999998772, 102.74028926984279
17.533999999998777, 102.72130233989145
17.534999999998778, 102.70236623148625
17.53599999999878, 102.68348258580359
17.536999999998777, 102.66465304401991
17.53799999999878, 102.64587924731167
17.538999999998783, 102.62716283685515
17.539999999998784, 102.6085054538269
17.540999999998785, 102.58990873940331
17.541999999998787, 102.57137433476078
17.542999999998788, 102.55290388107576
17.54399999999879, 102.53449901952466
17.544999999998787, 102.51616139128387
17.54599999999879, 102.49789263752989
17.546999999998793, 102.47969439943905
17.547999999998794, 102.46156831818782
17.548999999998795, 102.44351603495258
17.549999999998796, 102.42553919090982
17.550999999998798, 102.4076394272359
17.5519999999988, 102.3898183851073
17.552999999998804, 102.37207770570038
17.553999999998805, 102.35441903019158
17.554999999998806, 102.33684399975735
17.555999999998804, 102.31935425557408
17.556999999998805, 102.3019514388182
17.557999999998806, 102.28463719066613
17.558999999998807, 102.26741315229428
17.55999999999881, 102.2502809648791
17.56099999999881, 102.233242269597
17.56199999999881, 102.21629870762436
17.562999999998812, 102.19945192013768
17.563999999998813, 102.1827035483133
17.564999999998815, 102.16605523332771
17.565999999998816, 102.14950861635728
17.566999999998814, 102.13306533857843
17.56799999999882, 102.11672704116765
17.56899999999882, 102.1004953653013
17.56999999999882, 102.0843719521558
17.57099999999882, 102.0683584429076
17.571999999998823, 102.05245647873308
17.572999999998824, 102.03666770080868
17.573999999998826, 102.02099375031086
17.574999999998823, 102.00543626841599
17.575999999998828, 101.98999689630053
17.57699999999883, 101.97467727514086
17.57799999999883, 101.95947904611342
17.578999999998832, 101.94440385039464
17.579999999998833, 101.92945332916094
17.580999999998834, 101.91462912358874
17.581999999998835, 101.89993287485444
17.58299999999884, 101.88536622413447
17.583999999998838, 101.8709308126053
17.58499999999884, 101.85662828144325
17.58599999999884, 101.84246027182483
17.58699999999884, 101.82842842492644
17.587999999998843, 101.8145343819245
17.58899999999884, 101.80077978399538
17.589999999998845, 101.78716601776011
17.59099999999885, 101.77369275333425
17.591999999998848, 101.7603589515617
17.592999999998852, 101.7471635710439
17.59399999999885, 101.73410557038223
17.59499999999885, 101.72118390817805
17.59599999999885, 101.70839754303272
17.59699999999885, 101.69574543354766
17.597999999998855, 101.68322653832425
17.598999999998856, 101.67083981596383
17.599999999998857, 101.65858422506784
17.60099999999886, 101.6464587242376
17.60199999999886, 101.63446227207453
17.602999999998858, 101.62259382718
17.603999999998862, 101.61085234815539
17.604999999998867, 101.59923679360205
17.605999999998865, 101.58774612212139
17.606999999998866, 101.5763792923148
17.607999999998867, 101.56513526278366
17.608999999998865, 101.55401299212934
17.60999999999887, 101.54301143895319
17.610999999998867, 101.53212956185662
17.611999999998872, 101.52136631944103
17.612999999998877, 101.51072067030775
17.613999999998875, 101.50019157305817
17.614999999998876, 101.48977798629373
17.615999999998877, 101.47947886861576
17.61699999999888, 101.46929317862563
17.61799999999888, 101.45921987492473
17.618999999998877, 101.44925791611448
17.619999999998882, 101.43940626079619
17.620999999998883, 101.42966386757129
17.621999999998884, 101.42002969504117
17.62299999999889, 101.41050270180716
17.623999999998887, 101.40108184647067
17.624999999998888, 101.39176608763309
17.62599999999889, 101.38255438389575
17.626999999998894, 101.37344569386009
17.62799999999889, 101.36443897612747
17.628999999998893, 101.35553318929928
17.629999999998894, 101.34672729197686
17.630999999998895, 101.33802024276163
17.631999999998897, 101.32941100025494
17.632999999998898, 101.32089852305822
17.6339999999989, 101.31248176977277
17.634999999998904, 101.30415969900005
17.6359999999989, 101.2959312693414
17.636999999998903, 101.2877954393982
17.637999999998904, 101.27975116777188
17.6389999999989, 101.27179741306371
17.639999999998906, 101.26393313387516
17.640999999998904, 101.25615728880757
17.64199999999891, 101.24846884436029
17.642999999998906, 101.24086749108265
17.64399999999891, 101.23335421574464
17.644999999998912, 101.22593013976041
17.645999999998914, 101.21859638454417
17.646999999998915, 101.21135407151013
17.647999999998913, 101.20420432207253
17.648999999998914, 101.19714825764554
17.64999999999892, 101.19018699964334
17.65099999999892, 101.1833216694802
17.65199999999892, 101.17655338857026
17.652999999998922, 101.16988327832776
17.653999999998923, 101.16331246016688
17.654999999998925, 101.15684205550185
17.655999999998926, 101.1504731857469
17.65699999999893, 101.14420697231618
17.65799999999893, 101.1380445366239
17.65899999999893, 101.1319870000843
17.65999999999893, 101.12603548411155
17.660999999998932, 101.12019111011989
17.661999999998933, 101.11445499952349
17.662999999998934, 101.10882827373656
17.663999999998936, 101.10331205417333
17.66499999999894, 101.097907462248
17.665999999998938, 101.09261561937477
17.66699999999894, 101.08743764696781
17.66799999999894, 101.08237466644138
17.66899999999894, 101.07742779920963
17.669999999998943, 101.0725981666868
17.67099999999894, 101.06788689028708
17.671999999998945, 101.06329509142469
17.672999999998947, 101.05882389151387
17.673999999998948, 101.05447441196874
17.67499999999895, 101.05024777420351
17.67599999999895, 101.04614509963247
17.67699999999895, 101.04216750966978
17.677999999998953, 101.03831612572962
17.67899999999895, 101.03459206922622
17.679999999998955, 101.03099646157379
17.680999999998956, 101.0275304241865
17.681999999998958, 101.02419507847858
17.68299999999896, 101.02099154586429
17.68399999999896, 101.01792094775774
17.68499999999896, 101.01498440557317
17.685999999998963, 101.01218304072479
17.686999999998967, 101.00951797462679
17.687999999998965, 101.0069903286934
17.68899999999897, 101.00460122433884
17.689999999998967, 101.00235178297726
17.69099999999897, 101.00024312602288
17.69199999999897, 100.99827637488991
17.69299999999897, 100.9964526509926
17.693999999998972, 100.99477307574509
17.694999999998974, 100.99323877056163
17.695999999998975, 100.99185085685639
17.696999999998976, 100.99061045604361
17.697999999998977, 100.98951868953743
17.69899999999898, 100.98857667875211
17.69999999999898, 100.98778554510189
17.700999999998977, 100.98714641000089
17.701999999998982, 100.98666039486335
17.702999999998983, 100.98632862110352
17.703999999998985, 100.98615221013551
17.704999999998986, 100.98613228337362
17.705999999998987, 100.98626996223199
17.706999999998988, 100.98656636812485
17.70799999999899, 100.98702262246641
17.708999999998994, 100.98763984667086
17.709999999998992, 100.9884191621524
17.710999999998993, 100.9893616903253
17.711999999998994, 100.99046855260367
17.712999999998992, 100.99174087040174
17.713999999998997, 100.99317976513375
17.714999999998998, 100.99478635821387
17.715999999999, 100.99656158051998
17.716999999999004, 100.99850447119965
17.717999999999, 101.00061298672635
17.718999999999003, 101.00288507081937
17.719999999999004, 101.00531866719817
17.720999999999005, 101.00791171958205
17.721999999999007, 101.01066217169037
17.722999999999004, 101.0135679672425
17.72399999999901, 101.01662704995778
17.724999999999007, 101.01983736355554
17.725999999999015, 101.02319685175522
17.726999999999013, 101.02670345827607
17.727999999999014, 101.03035512683752
17.728999999999015, 101.03414980115888
17.729999999999016, 101.03808542495953
17.730999999999014, 101.04215994195887
17.731999999999022, 101.04637129587617
17.73299999999902, 101.05071743043081
17.73399999999902, 101.05519628934219
17.734999999999022, 101.05980581632966
17.735999999999024, 101.0645439551125
17.736999999999025, 101.06940864941014
17.737999999999026, 101.07439784294195
17.73899999999903, 101.07950947942719
17.73999999999903, 101.08474150258529
17.74099999999903, 101.09009185613561
17.74199999999903, 101.09555848379748
17.742999999999036, 101.10113932929026
17.74399999999903, 101.1068323363333
17.744999999999035, 101.11263544864602
17.745999999999032, 101.11854660994766
17.74699999999904, 101.12456376395762
17.74799999999904, 101.1306848543953
17.74899999999904, 101.13690782498003
17.74999999999904, 101.14323061943116
17.750999999999046, 101.14965118146803
17.751999999999043, 101.15616745481006
17.75299999999904, 101.16277738317653
17.753999999999046, 101.16947891028681
17.754999999999047, 101.17626997986031
17.755999999999048, 101.18314853561631
17.75699999999905, 101.19011252127423
17.75799999999905, 101.19715988055336
17.75899999999905, 101.20428855717314
17.759999999999053, 101.21149649485287
17.76099999999905, 101.21878163731186
17.761999999999055, 101.22614192826961
17.762999999999057, 101.23357531144535
17.763999999999058, 101.24107973055845
17.76499999999906, 101.2486531293283
17.76599999999906, 101.25629345147425
17.76699999999906, 101.26399864071566
17.767999999999063, 101.27176664077186
17.76899999999906, 101.27959539536224
17.769999999999065, 101.28748284820611
17.770999999999066, 101.29542694302286
17.771999999999068, 101.30342562353185
17.77299999999907, 101.31147683345242
17.77399999999907, 101.31957851650392
17.774999999999068, 101.32772861640572
17.775999999999073, 101.33592507687719
17.776999999999077, 101.34416584163768
17.777999999999075, 101.35244885440648
17.77899999999908, 101.36077205890302
17.779999999999077, 101.36913339884664
17.78099999999908, 101.3775308179567
17.78199999999908, 101.38596225995252
17.782999999999078, 101.39442566855351
17.783999999999082, 101.40291898747898
17.784999999999084, 101.41144016044828
17.785999999999085, 101.41998713118083
17.78699999999909, 101.42855784339592
17.787999999999087, 101.43715024081297
17.78899999999909, 101.44576226784096
17.78999999999909, 101.45439222076828
17.790999999999087, 101.46303931983955
17.791999999999092, 101.47170293512602
17.792999999999093, 101.480382436699
17.793999999999095, 101.48907719462986
17.794999999999096, 101.49778657898987
17.795999999999093, 101.50650995985039
17.796999999999098, 101.5152467072827
17.7979999999991, 101.52399619135811
17.798999999999104, 101.53275778214801
17.799999999999102, 101.54153084972364
17.800999999999103, 101.55031476415635
17.801999999999104, 101.55910889551748
17.802999999999106, 101.56791261387832
17.803999999999107, 101.57672528931022
17.804999999999104, 101.58554629188441
17.80599999999911, 101.59437499167231
17.806999999999114, 101.6032107587452
17.80799999999911, 101.61205296317442
17.808999999999113, 101.62090097503125
17.809999999999114, 101.62975416438702
17.81099999999911, 101.63861190131306
17.811999999999117, 101.64747355588071
17.812999999999114, 101.65633849816123
17.81399999999912, 101.66520609822598
17.814999999999124, 101.67407572614627
17.81599999999912, 101.68294675199343
17.816999999999123, 101.69181854583876
17.817999999999124, 101.70069047775357
17.818999999999125, 101.70956191780922
17.819999999999126, 101.71843223607698
17.82099999999913, 101.7273008026282
17.82199999999913, 101.7361669875342
17.82299999999913, 101.74503016086626
17.82399999999913, 101.75388969269576
17.824999999999136, 101.76274495309397
17.825999999999134, 101.77159531213222
17.826999999999135, 101.78044013988185
17.827999999999136, 101.78927880641415
17.828999999999137, 101.79811068180044
17.82999999999914, 101.80693513611206
17.83099999999914, 101.81575153942032
17.83199999999914, 101.82455926179654
17.832999999999142, 101.83335767331201
17.833999999999143, 101.84214614403811
17.83499999999914, 101.85092404404611
17.835999999999146, 101.85969074340734
17.836999999999144, 101.86844561219309
17.83799999999915, 101.87718802047476
17.83899999999915, 101.88591733832357
17.83999999999915, 101.89463293581086
17.840999999999152, 101.90333418300801
17.841999999999153, 101.91202044998633
17.842999999999158, 101.92069110681707
17.843999999999156, 101.92934552357157
17.844999999999157, 101.93798307032122
17.845999999999158, 101.94660311713724
17.846999999999163, 101.95520503409104
17.84799999999916, 101.96378819125385
17.84899999999916, 101.97235195869706
17.849999999999163, 101.98089570649194
17.850999999999168, 101.98941880470983
17.851999999999165, 101.99792062332367
17.852999999999167, 102.00640032000524
17.853999999999168, 102.01485639092428
17.85499999999917, 102.02328720377659
17.85599999999917, 102.03169112625812
17.856999999999168, 102.0400665260647
17.857999999999173, 102.0484117708922
17.858999999999174, 102.05672522843658
17.859999999999175, 102.0650052663936
17.86099999999918, 102.07325025245922
17.861999999999178, 102.08145855432929
17.86299999999918, 102.08962853969967
17.86399999999918, 102.09775857626627
17.864999999999178, 102.10584703172492
17.865999999999183, 102.11389227377157
17.866999999999184, 102.12189267010206
17.867999999999185, 102.12984658841225
17.868999999999186, 102.13775239639801
17.869999999999187, 102.14560846175527
17.87099999999919, 102.15341315217987
17.87199999999919, 102.16116483536769
17.872999999999195, 102.16886187901461
17.873999999999192, 102.17650265081654
17.874999999999194, 102.18408551846927
17.875999999999195, 102.19160884966878
17.876999999999196, 102.19907101211086
17.877999999999197, 102.20647037349144
17.878999999999195, 102.2138053015064
17.8799999999992, 102.22107416385163
17.880999999999204, 102.22827532822294
17.881999999999202, 102.23540716231628
17.882999999999203, 102.24246803382742
17.883999999999205, 102.2494563104524
17.884999999999206, 102.25637035988694
17.885999999999207, 102.26320854982704
17.886999999999205, 102.2699692479685
17.88799999999921, 102.27665082200723
17.88899999999921, 102.28325163963909
17.889999999999212, 102.28977006855999
17.890999999999213, 102.29620447646576
17.891999999999214, 102.3025532310523
17.892999999999216, 102.3088147000155
17.893999999999217, 102.3149872510512
17.894999999999214, 102.32106925185533
17.895999999999223, 102.32705907012374
17.896999999999224, 102.3329550735523
17.89799999999922, 102.3387556298369
17.898999999999223, 102.34445910667343
17.899999999999224, 102.35006387175771
17.900999999999225, 102.35556829278569
17.901999999999227, 102.3609707374532
17.90299999999923, 102.36626957345611
17.90399999999923, 102.37146316849035
17.90499999999923, 102.37654989025177
17.90599999999923, 102.38152810643625
17.906999999999236, 102.38639618473962
17.907999999999234, 102.39115249285781
17.90899999999923, 102.39579539848671
17.90999999999924, 102.40032326932217
17.910999999999238, 102.40473447306007
17.91199999999924, 102.40902737739627
17.912999999999236, 102.41320035002668
17.91399999999924, 102.41725175864715
17.914999999999242, 102.42117997095359
17.915999999999244, 102.42498335464187
17.91699999999924, 102.4286602774078
17.917999999999246, 102.43220910694735
17.918999999999247, 102.43562821095637
17.91999999999925, 102.43891595713072
17.920999999999253, 102.44207071316627
17.92199999999925, 102.44509084675893
17.922999999999252, 102.44797472560452
17.923999999999253, 102.45072071739898
17.92499999999925, 102.45332718983813
17.925999999999256, 102.45579256023976
17.926999999999257, 102.45811630958536
17.92799999999926, 102.46029894109647
17.92899999999926, 102.46234099932765
17.92999999999926, 102.46424302883341
17.930999999999262, 102.46600557416835
17.93199999999926, 102.46762917988686
17.932999999999268, 102.46911439054358
17.933999999999266, 102.470461750693
17.934999999999267, 102.47167180488967
17.935999999999268, 102.47274509768806
17.936999999999266, 102.47368217364276
17.93799999999927, 102.47448357730825
17.938999999999268, 102.47514985323909
17.939999999999273, 102.4756815459898
17.94099999999927, 102.47607920011492
17.941999999999275, 102.47634336016891
17.942999999999277, 102.4764745707064
17.943999999999278, 102.47647337628183
17.944999999999283, 102.4763403214498
17.94599999999928, 102.47607595076477
17.946999999999278, 102.47568080878126
17.947999999999283, 102.47515544005392
17.94899999999928, 102.47450038913713
17.949999999999285, 102.47371620058551
17.950999999999286, 102.47280341895353
17.951999999999288, 102.47176258879577
17.95299999999929, 102.4705942546667
17.953999999999287, 102.4692989611209
17.954999999999295, 102.46787725271287
17.955999999999296, 102.46632967399715
17.95699999999929, 102.46465676952826
17.957999999999295, 102.4628590838607
17.958999999999293, 102.46093716154904
17.959999999999297, 102.4588915471478
17.9609999999993, 102.4567227852115
17.9619999999993, 102.45443142029464
17.962999999999305, 102.4520179969518
17.963999999999302, 102.44948305973747
17.964999999999307, 102.4468271532062
17.965999999999305, 102.4440508219125
17.966999999999306, 102.44115461041088
17.967999999999307, 102.4381390632559
17.968999999999305, 102.43500472500207
17.96999999999931, 102.43175214020397
17.970999999999307, 102.42838185341604
17.971999999999312, 102.42489440919283
17.972999999999313, 102.42129035208892
17.973999999999315, 102.41757022665878
17.974999999999316, 102.41373457745702
17.975999999999317, 102.40978394903807
17.97699999999932, 102.40571888595647
17.97799999999932, 102.40153993276678
17.978999999999317, 102.39724763402354
17.979999999999322, 102.39284253428124
17.980999999999323, 102.38832517809448
17.981999999999324, 102.38369611001765
17.982999999999326, 102.3789558746054
17.983999999999327, 102.3741050164122
17.98499999999933, 102.36914407999262
17.985999999999333, 102.36407360990111
17.98699999999933, 102.35889415069231
17.98799999999933, 102.35360624692066
17.988999999999333, 102.34821044314069
17.989999999999334, 102.34270728390698
17.99099999999933, 102.337097313774
17.99199999999934, 102.33138107729631
17.992999999999338, 102.32555911902845
17.99399999999934, 102.31963198352493
17.994999999999337, 102.31360021534027
17.99599999999934, 102.30746435902897
17.996999999999343, 102.30122495914566
17.99799999999934, 102.29488256024474
17.99899999999934, 102.28843770688081
17.999999999999346, 102.28189082367666
18.000999999999348, 102.2752417720754
18.00199999999935, 102.26849024835559
18.00299999999935, 102.26163594877423
18.00399999999935, 102.25467856958836
18.004999999999352, 102.24761780705501
18.005999999999354, 102.24045335743116
18.00699999999936, 102.2331849169739
18.007999999999356, 102.2258121819402
18.008999999999357, 102.21833484858712
18.00999999999936, 102.21075261317168
18.01099999999936, 102.20306517195088
18.01199999999936, 102.1952722211818
18.012999999999362, 102.18737345712142
18.013999999999363, 102.17936857602677
18.014999999999368, 102.1712572741549
18.015999999999366, 102.16303924776281
18.016999999999367, 102.1547141931075
18.01799999999937, 102.14628180644607
18.01899999999937, 102.13774178403551
18.01999999999937, 102.12909382213283
18.020999999999376, 102.12033761699507
18.021999999999373, 102.11147286487926
18.022999999999374, 102.10249926204241
18.02399999999938, 102.09341650474153
18.02499999999938, 102.0842242892337
18.025999999999378, 102.0749223117759
18.02699999999938, 102.0655102686252
18.02799999999938, 102.05598785603857
18.028999999999378, 102.04635477027303
18.029999999999387, 102.03661070758571
18.030999999999384, 102.0267553642335
18.031999999999385, 102.0167884364735
18.032999999999387, 102.00670962056275
18.033999999999388, 101.99651861275818
18.034999999999393, 101.98621510931696
18.035999999999387, 101.97579880649604
18.036999999999395, 101.96526940055242
18.037999999999393, 101.95462658774315
18.038999999999398, 101.94387006432524
18.039999999999395, 101.93299952655578
18.0409999999994, 101.92201467069171
18.041999999999398, 101.9109151929901
18.0429999999994, 101.89970078970798
18.0439999999994, 101.88837115710236
18.0449999999994, 101.87692599143028
18.045999999999403, 101.86536498894876
18.046999999999404, 101.85368784591478
18.047999999999405, 101.84189425858543
18.048999999999406, 101.82998392321772
18.049999999999407, 101.81795653606868
18.050999999999412, 101.80581179339529
18.05199999999941, 101.79354941771419
18.05299999999941, 101.78117016683403
18.053999999999412, 101.76867615186555
18.054999999999414, 101.75606957521518
18.055999999999415, 101.74335263928911
18.056999999999416, 101.73052754649376
18.057999999999417, 101.71759649923543
18.058999999999422, 101.70456169992039
18.05999999999942, 101.69142535095503
18.06099999999942, 101.67818965474562
18.061999999999422, 101.66485681369852
18.062999999999423, 101.65142903022004
18.063999999999425, 101.63790850671649
18.064999999999426, 101.62429744559418
18.065999999999427, 101.61059804925947
18.06699999999943, 101.59681252011865
18.06799999999943, 101.58294306057803
18.068999999999434, 101.56899187304398
18.069999999999432, 101.55496115992278
18.070999999999433, 101.5408531236208
18.071999999999434, 101.52666996654426
18.07299999999944, 101.51241389109961
18.07399999999944, 101.4980870996931
18.074999999999438, 101.48369179473104
18.07599999999944, 101.46923017861978
18.07699999999944, 101.45470445376561
18.07799999999944, 101.44011682257486
18.078999999999443, 101.42546948745394
18.079999999999444, 101.41076465080906
18.08099999999944, 101.3960045150466
18.081999999999447, 101.38119128257281
18.082999999999448, 101.3663271557941
18.083999999999453, 101.35141433711674
18.08499999999945, 101.33645502894706
18.08599999999945, 101.32145143369135
18.086999999999453, 101.30640575375602
18.087999999999454, 101.29132019154731
18.08899999999946, 101.27619694947158
18.089999999999456, 101.26103822993514
18.09099999999946, 101.24584623534433
18.09199999999946, 101.23062316810541
18.09299999999946, 101.21537123062478
18.09399999999946, 101.20009262530871
18.094999999999466, 101.18478955456354
18.095999999999464, 101.16946422079559
18.09699999999947, 101.15411882641118
18.097999999999466, 101.13875557381662
18.098999999999467, 101.12337666541826
18.09999999999947, 101.10798430362237
18.10099999999947, 101.09258069083536
18.10199999999947, 101.07716802946346
18.102999999999476, 101.06174852191305
18.103999999999473, 101.0463243705904
18.104999999999478, 101.03089777790188
18.10599999999948, 101.01547094625379
18.106999999999477, 101.00004607805243
18.10799999999948, 100.98462537570418
18.10899999999948, 100.9692110416153
18.10999999999948, 100.95380527819212
18.110999999999486, 100.93841028784102
18.111999999999483, 100.92302827296828
18.112999999999484, 100.90766143598017
18.113999999999486, 100.89231197928312
18.114999999999487, 100.87698210528337
18.115999999999485, 100.86167401638725
18.11699999999949, 100.84638991500114
18.117999999999487, 100.83113200353127
18.118999999999495, 100.81590248438403
18.119999999999493, 100.80070355996571
18.120999999999494, 100.78553743268266
18.121999999999495, 100.77040630494116
18.122999999999497, 100.75531237914758
18.123999999999494, 100.74025785770819
18.124999999999496, 100.72524494302935
18.1259999999995, 100.71027583751737
18.1269999999995, 100.69535274357858
18.127999999999503, 100.68047786361927
18.128999999999508, 100.66565340004578
18.129999999999505, 100.65088155526448
18.130999999999506, 100.63616447420378
18.131999999999504, 100.62150334704816
18.132999999999505, 100.60689857735409
18.13399999999951, 100.59235054521938
18.13499999999951, 100.57785963074184
18.135999999999513, 100.56342621401934
18.136999999999514, 100.54905067514963
18.137999999999515, 100.53473339423059
18.138999999999516, 100.52047475135994
18.139999999999517, 100.50627512663561
18.140999999999522, 100.49213490015538
18.14199999999952, 100.47805445201702
18.14299999999952, 100.46403416231843
18.143999999999522, 100.45007441115739
18.144999999999524, 100.43617557863172
18.14599999999952, 100.4223380448392
18.146999999999526, 100.40856218987774
18.147999999999527, 100.39484839384505
18.148999999999532, 100.38119703683901
18.14999999999953, 100.36760849895745
18.150999999999527, 100.35408316029813
18.151999999999532, 100.34062140095894
18.152999999999537, 100.32722360103762
18.153999999999535, 100.31389014063205
18.154999999999532, 100.30062139984004
18.155999999999537, 100.28741775875942
18.156999999999538, 100.27427959748793
18.15799999999954, 100.2612072961235
18.15899999999954, 100.24820123476383
18.159999999999542, 100.23526179350684
18.160999999999543, 100.2223893524503
18.16199999999954, 100.20958429169205
18.16299999999955, 100.19684699132988
18.163999999999547, 100.18417783146162
18.164999999999548, 100.17157719218508
18.16599999999955, 100.15904545359813
18.16699999999955, 100.14658299579851
18.16799999999955, 100.1341901988841
18.168999999999553, 100.12186744295268
18.169999999999554, 100.10961510810209
18.17099999999956, 100.09743357443013
18.17199999999956, 100.08532322203465
18.172999999999554, 100.07328443101345
18.17399999999956, 100.06131758146434
18.17499999999956, 100.04942305348511
18.17599999999956, 100.03760122717362
18.176999999999563, 100.02585248262774
18.177999999999564, 100.0141771999452
18.178999999999565, 100.00257575922382
18.179999999999566, 99.99104854056147
18.180999999999568, 99.97959592405594
18.18199999999957, 99.96821828980505
18.18299999999957, 99.95691601790662
18.18399999999957, 99.94568948845847
18.18499999999957, 99.93453908155841
18.185999999999574, 99.92346517730431
18.186999999999575, 99.91246815579387
18.187999999999576, 99.901548397125
18.188999999999577, 99.89070628139552
18.18999999999958, 99.87994218870325
18.19099999999958, 99.86925649914595
18.19199999999958, 99.8586495928215
18.192999999999586, 99.84812184982763
18.193999999999583, 99.8376736502623
18.194999999999585, 99.82730537422323
18.195999999999586, 99.81701740180824
18.19699999999959, 99.80681011311515
18.19799999999959, 99.79668388824183
18.19899999999959, 99.78663910728605
18.19999999999959, 99.77667615034565
18.200999999999596, 99.76679539751842
18.201999999999593, 99.75699722890222
18.202999999999594, 99.74728202459484
18.203999999999596, 99.73765016469409
18.204999999999597, 99.7281020292978
18.205999999999598, 99.7186379985038
18.206999999999596, 99.7092584524099
18.2079999999996, 99.69996377111394
18.2089999999996, 99.69075433471366
18.209999999999603, 99.68163052330698
18.210999999999604, 99.67259271699164
18.211999999999605, 99.66364129586553
18.212999999999607, 99.65477664002638
18.213999999999608, 99.6459991295721
18.214999999999606, 99.63730914460044
18.21599999999961, 99.62870706520926
18.21699999999961, 99.62019318920917
18.217999999999613, 99.61176708392833
18.218999999999614, 99.603427934434
18.219999999999615, 99.59517492244645
18.22099999999962, 99.58700722968594
18.221999999999618, 99.57892403787268
18.222999999999622, 99.57092452872698
18.22399999999962, 99.56300788396905
18.22499999999962, 99.55517328531916
18.225999999999623, 99.54741991449751
18.226999999999624, 99.53974695322441
18.227999999999625, 99.53215358322007
18.228999999999626, 99.52463898620476
18.229999999999627, 99.51720234389873
18.230999999999632, 99.50984283802227
18.23199999999963, 99.50255965029551
18.232999999999628, 99.49535196243878
18.233999999999632, 99.48821895617236
18.234999999999634, 99.48115981321644
18.235999999999635, 99.47417371529129
18.236999999999632, 99.46725984411712
18.237999999999637, 99.46041738141427
18.23899999999964, 99.4536455089029
18.23999999999964, 99.44694340830334
18.24099999999964, 99.44031026133578
18.241999999999642, 99.43374524972046
18.242999999999643, 99.4272475551777
18.243999999999645, 99.42081635942769
18.244999999999642, 99.41445084419067
18.245999999999647, 99.40815019118693
18.24699999999965, 99.40191358213669
18.24799999999965, 99.39574019876022
18.24899999999965, 99.38962922277777
18.249999999999652, 99.3835798359096
18.250999999999653, 99.37759121987588
18.251999999999654, 99.37166255639697
18.25299999999966, 99.36579302719302
18.253999999999657, 99.35998181398439
18.254999999999658, 99.35422809849123
18.25599999999966, 99.34853106243382
18.25699999999966, 99.34288988753244
18.25799999999966, 99.33730375550728
18.258999999999666, 99.33177184807865
18.259999999999664, 99.32629334696676
18.260999999999665, 99.32086743389189
18.261999999999666, 99.31549329057427
18.262999999999668, 99.31017009873416
18.26399999999967, 99.30489704009177
18.264999999999667, 99.2996732963674
18.26599999999967, 99.2944980492813
18.26699999999967, 99.28937048055366
18.267999999999674, 99.28428977190478
18.268999999999675, 99.27925510505492
18.269999999999676, 99.27426566172429
18.270999999999677, 99.26932062363313
18.27199999999968, 99.26441917250173
18.27299999999968, 99.25956054107165
18.27399999999968, 99.25474450414148
18.274999999999686, 99.24997116341025
18.275999999999684, 99.24524062508635
18.276999999999685, 99.24055299537821
18.277999999999686, 99.23590838049424
18.278999999999684, 99.23130688664284
18.27999999999969, 99.2267486200324
18.280999999999693, 99.22223368687132
18.28199999999969, 99.217762193368
18.282999999999696, 99.21333424573086
18.283999999999693, 99.20894995016832
18.284999999999695, 99.20460941288873
18.285999999999696, 99.20031274010053
18.286999999999697, 99.19606003801215
18.2879999999997, 99.19185141283192
18.288999999999696, 99.18768697076831
18.2899999999997, 99.18356681802965
18.2909999999997, 99.17949106082442
18.291999999999703, 99.17545980536102
18.292999999999704, 99.17147315784777
18.293999999999706, 99.16753122449317
18.294999999999707, 99.16363411150557
18.295999999999704, 99.15978192509341
18.296999999999713, 99.15597477146504
18.29799999999971, 99.15221275682887
18.29899999999971, 99.14849598739337
18.299999999999713, 99.14482456936689
18.300999999999714, 99.14119860895781
18.301999999999715, 99.13761821237458
18.302999999999717, 99.13408348582558
18.303999999999718, 99.13059453551924
18.304999999999723, 99.12715146766394
18.30599999999972, 99.12375438846806
18.30699999999972, 99.12040340414005
18.307999999999723, 99.11709862088833
18.308999999999724, 99.11384014492121
18.309999999999725, 99.11062808244716
18.310999999999726, 99.1074625396746
18.311999999999728, 99.10434362281185
18.31299999999973, 99.10127143806741
18.31399999999973, 99.09824609164964
18.31499999999973, 99.09526768976696
18.315999999999732, 99.09233633862775
18.316999999999734, 99.08945214444039
18.317999999999735, 99.08661521341332
18.318999999999733, 99.08382565175495
18.319999999999737, 99.0810835656737
18.32099999999974, 99.0783890613779
18.32199999999974, 99.07574224507604
18.32299999999974, 99.07314322297644
18.323999999999742, 99.07059210128756
18.324999999999743, 99.06808898621777
18.325999999999745, 99.06563398397552
18.32699999999975, 99.06322720076915
18.327999999999747, 99.06086874280712
18.32899999999975, 99.05855871629782
18.32999999999975, 99.05629722744962
18.33099999999975, 99.05408438247093
18.331999999999752, 99.05192028757023
18.332999999999753, 99.0498050489558
18.333999999999754, 99.04773877283611
18.33499999999976, 99.04572156541958
18.335999999999757, 99.04375353291456
18.336999999999758, 99.04183478152953
18.33799999999976, 99.03996541747284
18.338999999999757, 99.03814554695289
18.339999999999762, 99.03637527617809
18.34099999999976, 99.03465471135685
18.341999999999764, 99.03298395869756
18.342999999999765, 99.03136312440866
18.343999999999767, 99.02979231469848
18.344999999999768, 99.0282716357755
18.34599999999977, 99.02680119364632
18.346999999999767, 99.02538094233535
18.34799999999977, 99.02401041382137
18.34899999999977, 99.02268906741647
18.349999999999774, 99.02141636243266
18.350999999999775, 99.02019175818194
18.351999999999776, 99.01901471397639
18.352999999999778, 99.01788468912795
18.35399999999978, 99.01680114294878
18.354999999999784, 99.01576353475079
18.35599999999978, 99.01477132384609
18.356999999999786, 99.01382396954665
18.357999999999784, 99.01292093116452
18.358999999999785, 99.01206166801171
18.359999999999786, 99.01124563940031
18.360999999999787, 99.01047230464228
18.36199999999979, 99.00974112304966
18.36299999999979, 99.00905155393453
18.36399999999979, 99.00840305660887
18.364999999999796, 99.00779509038469
18.365999999999794, 99.00722711457405
18.366999999999795, 99.00669858848899
18.367999999999796, 99.00620897144151
18.368999999999797, 99.00575772274364
18.3699999999998, 99.00534430170745
18.370999999999796, 99.00496816764495
18.3719999999998, 99.00462877986811
18.372999999999802, 99.00432559768903
18.373999999999807, 99.0040580804197
18.3749999999998, 99.00382568737216
18.375999999999806, 99.00362787785843
18.376999999999807, 99.00346411119058
18.37799999999981, 99.00333384668059
18.378999999999806, 99.00323654364053
18.37999999999981, 99.00317166138232
18.380999999999812, 99.00313865921815
18.381999999999813, 99.00313699645992
18.382999999999814, 99.00316613241975
18.383999999999816, 99.00322552640958
18.384999999999817, 99.00331463774151
18.385999999999818, 99.00343292572751
18.386999999999823, 99.00357984967967
18.38799999999982, 99.00375486890998
18.388999999999825, 99.00395744273048
18.389999999999823, 99.00418703045318
18.390999999999824, 99.00444309139013
18.391999999999825, 99.00472508485336
18.39299999999983, 99.00503247015486
18.393999999999828, 99.00536470660668
18.39499999999983, 99.00572125352092
18.39599999999983, 99.0061015702095
18.39699999999983, 99.00650511598448
18.397999999999833, 99.00693135015793
18.398999999999834, 99.00737973204183
18.399999999999835, 99.00784972094823
18.400999999999833, 99.0083407761891
18.401999999999838, 99.00885235707659
18.402999999999842, 99.00938392292265
18.40399999999984, 99.0099349330393
18.40499999999984, 99.0105048467386
18.405999999999842, 99.01109312333256
18.406999999999844, 99.01169922213325
18.407999999999845, 99.01232260245263
18.40899999999985, 99.01296272360275
18.409999999999847, 99.01361904489565
18.41099999999985, 99.01429102564336
18.41199999999985, 99.01497812515791
18.41299999999985, 99.01567980275134
18.413999999999852, 99.01639551773566
18.414999999999853, 99.01712472942286
18.415999999999855, 99.01786689712506
18.416999999999852, 99.01862148015422
18.417999999999857, 99.01938793782234
18.41899999999986, 99.02016572944152
18.41999999999986, 99.02095427412482
18.42099999999986, 99.02175226650331
18.421999999999862, 99.02255777303861
18.42299999999986, 99.02336883937876
18.423999999999864, 99.02418351117181
18.424999999999866, 99.02499983406594
18.425999999999867, 99.02581585370913
18.426999999999868, 99.02662961574944
18.42799999999987, 99.02743916583498
18.428999999999867, 99.02824254961382
18.429999999999872, 99.029037812734
18.43099999999987, 99.0298230008436
18.431999999999878, 99.03059615959074
18.432999999999872, 99.0313553346234
18.433999999999877, 99.03209857158976
18.434999999999874, 99.03282391613777
18.43599999999988, 99.03352941391556
18.43699999999988, 99.0342131105712
18.43799999999988, 99.03487305175277
18.438999999999886, 99.03550728310833
18.439999999999884, 99.03611385028593
18.44099999999989, 99.03669079893368
18.441999999999886, 99.03723617469957
18.442999999999888, 99.0377480232318
18.44399999999989, 99.03822439017834
18.44499999999989, 99.03866332118727
18.445999999999888, 99.0390628619067
18.446999999999896, 99.03942105798465
18.447999999999894, 99.03973595506928
18.448999999999895, 99.04000559880853
18.449999999999896, 99.04022803485056
18.450999999999897, 99.0404013088434
18.4519999999999, 99.04052346643515
18.452999999999903, 99.04059255327385
18.453999999999905, 99.04060661500762
18.454999999999902, 99.04056369728445
18.455999999999904, 99.0404618457525
18.4569999999999, 99.04029910605978
18.457999999999906, 99.04007352385437
18.45899999999991, 99.03978314478437
18.45999999999991, 99.03942601449782
18.460999999999913, 99.03900017864277
18.46199999999991, 99.03850368286733
18.462999999999912, 99.03793457281957
18.463999999999913, 99.03729089414752
18.464999999999915, 99.03657069249927
18.465999999999916, 99.03577202739783
18.466999999999917, 99.03489393827763
18.46799999999992, 99.03393707487457
18.468999999999923, 99.03290223671252
18.46999999999992, 99.03179022331523
18.470999999999922, 99.0306018342065
18.471999999999923, 99.02933786891015
18.472999999999924, 99.02799912695
18.473999999999926, 99.02658640784979
18.47499999999993, 99.02510051113335
18.475999999999928, 99.0235422363245
18.47699999999993, 99.02191238294701
18.47799999999993, 99.02021175052471
18.47899999999993, 99.01844113858135
18.479999999999933, 99.0166013466408
18.48099999999993, 99.01469317422679
18.481999999999935, 99.01271742086317
18.482999999999933, 99.01067488607372
18.483999999999938, 99.00856636938221
18.48499999999994, 99.0063926703125
18.48599999999994, 99.00415458838835
18.48699999999994, 99.00185292313355
18.487999999999943, 98.99948847407194
18.48899999999994, 98.99706204072729
18.489999999999945, 98.99457442262342
18.49099999999995, 98.9920264192841
18.491999999999948, 98.98941883023315
18.49299999999995, 98.98675245499437
18.49399999999995, 98.98402809309155
18.49499999999995, 98.98124654404852
18.495999999999952, 98.97840860738904
18.496999999999954, 98.97551508263692
18.497999999999955, 98.97256676931595
18.49899999999996, 98.96956446694999
18.499999999999957, 98.96650897506277
18.50099999999996, 98.96340109317812
18.50199999999996, 98.96024162081979
18.50299999999996, 98.95703135751171
18.503999999999962, 98.95377110277751
18.50499999999996, 98.95046165614113
18.505999999999965, 98.94710381712626
18.506999999999966, 98.9436983852568
18.507999999999967, 98.94024616005646
18.508999999999965, 98.93674794104912
18.50999999999997, 98.93320452775852
18.51099999999997, 98.9296167197085
18.511999999999972, 98.9259853164228
18.51299999999997, 98.92231111742531
18.513999999999974, 98.91859492223973
18.514999999999976, 98.91483753038995
18.515999999999977, 98.91103974139969
18.51699999999998, 98.90720235479284
18.51799999999998, 98.9033261700931
18.51899999999998, 98.89941198682435
18.519999999999982, 98.89546060451033
18.520999999999987, 98.89147282267493
18.521999999999984, 98.88744944084183
18.522999999999985, 98.88339125853491
18.523999999999987, 98.87929907527791
18.524999999999988, 98.87517369059469
18.52599999999999, 98.87101590400906
18.52699999999999, 98.86682651504475
18.52799999999999, 98.86260632322558
18.528999999999996, 98.8583561280754
18.529999999999994, 98.85407672911795
18.530999999999995, 98.84976892587707
18.531999999999996, 98.84543351787654
18.532999999999998, 98.84107130464018
18.534, 98.83668308569176
18.534999999999997, 98.83226966055506
18.536, 98.82783182875394
18.537000000000003, 98.82337038981221
18.538000000000004, 98.81888614325358
18.539000000000005, 98.81437988860193
18.540000000000006, 98.80985242538102
18.541000000000007, 98.80530455311467
18.54200000000001, 98.80073707132667
18.543000000000013, 98.7961507795408
18.54400000000001, 98.79154647728089
18.545000000000012, 98.78692496407074
18.546000000000014, 98.78228703943412
18.547000000000015, 98.7776335028949
18.548000000000016, 98.77296515397676
18.549000000000017, 98.76828279220364
18.55000000000002, 98.76358721709923
18.551000000000023, 98.75887922818735
18.55200000000002, 98.75415962499184
18.553000000000022, 98.74942920703648
18.554000000000023, 98.74468877384506
18.555000000000025, 98.73993912494139
18.556000000000026, 98.73518105984925
18.557000000000023, 98.73041537809247
18.55800000000003, 98.72564287919487
18.559000000000033, 98.72086436268017
18.56000000000003, 98.71608062807223
18.561000000000032, 98.71129247489483
18.562000000000033, 98.70650070267178
18.563000000000034, 98.70170611092685
18.564000000000036, 98.6969094991839
18.56500000000004, 98.69211166696665
18.566000000000038, 98.687313413799
18.56700000000004, 98.68251553920466
18.56800000000004, 98.67771884270746
18.56900000000004, 98.67292412383122
18.570000000000043, 98.66813218209971
18.57100000000004, 98.66334381703676
18.572000000000045, 98.65855982800161
18.57300000000005, 98.65378095480789
18.574000000000048, 98.64900778957714
18.57500000000005, 98.64424090192473
18.57600000000005, 98.63948086146601
18.57700000000005, 98.63472823781633
18.578000000000053, 98.62998360059107
18.579000000000054, 98.62524751940565
18.580000000000055, 98.62052056387536
18.58100000000006, 98.61580330361564
18.582000000000058, 98.6110963082418
18.58300000000006, 98.60640014736921
18.58400000000006, 98.6017153906133
18.585000000000058, 98.59704260758936
18.586000000000062, 98.59238236791279
18.58700000000006, 98.58773524119894
18.588000000000065, 98.58310179706325
18.589000000000066, 98.57848260512095
18.590000000000067, 98.57387823498757
18.591000000000072, 98.5692892562784
18.59200000000007, 98.56471623860872
18.59300000000007, 98.56015975159407
18.594000000000072, 98.5556203648497
18.59500000000007, 98.55109864799103
18.596000000000075, 98.54659517063337
18.597000000000076, 98.54211050239213
18.598000000000077, 98.53764521288267
18.59900000000008, 98.53319987172037
18.60000000000008, 98.52877504852059
18.601000000000077, 98.52437131289865
18.602000000000082, 98.51998923447
18.603000000000087, 98.51562938284998
18.604000000000084, 98.51129232765395
18.605000000000086, 98.50697863849723
18.606000000000087, 98.50268888499528
18.607000000000088, 98.49842363676336
18.608000000000086, 98.49418346341696
18.609000000000087, 98.48996893457135
18.610000000000092, 98.48578061984195
18.611000000000093, 98.48161908884408
18.612000000000094, 98.47748491119317
18.613000000000095, 98.47337865650451
18.614000000000097, 98.46930089439357
18.615000000000098, 98.46525219447562
18.6160000000001, 98.46123312636608
18.617000000000097, 98.45724425968031
18.618000000000105, 98.45328616403367
18.619000000000103, 98.4493594090415
18.620000000000104, 98.44546456431922
18.621000000000105, 98.44160219948219
18.622000000000103, 98.43777288414577
18.623000000000108, 98.4339771879253
18.624000000000105, 98.43021568043615
18.625000000000114, 98.4264889312937
18.62600000000011, 98.42279751011337
18.627000000000113, 98.41914198651045
18.628000000000114, 98.41552293010035
18.62900000000011, 98.41194091049842
18.630000000000116, 98.40839648983332
18.63100000000012, 98.40488985314252
18.63200000000012, 98.40142063904776
18.633000000000116, 98.3979884433519
18.63400000000012, 98.3945928618578
18.635000000000122, 98.39123349036834
18.636000000000124, 98.38790992468643
18.637000000000125, 98.3846217606149
18.638000000000126, 98.38136859395668
18.639000000000124, 98.3781500205146
18.64000000000013, 98.37496563609157
18.641000000000133, 98.37181503649049
18.64200000000013, 98.36869781751415
18.643000000000132, 98.36561357496552
18.644000000000133, 98.36256190464746
18.645000000000135, 98.35954240236283
18.646000000000136, 98.35655466391451
18.64700000000014, 98.35359828510536
18.64800000000014, 98.3506728617383
18.64900000000014, 98.34777798961623
18.65000000000014, 98.34491326454193
18.651000000000142, 98.34207828231835
18.652000000000143, 98.33927263874837
18.653000000000144, 98.33649592963485
18.654000000000146, 98.33374775078066
18.65500000000015, 98.3310276979887
18.656000000000148, 98.32833536706184
18.65700000000015, 98.32567035380295
18.65800000000015, 98.32303225401493
18.65900000000015, 98.32042066350066
18.660000000000153, 98.31783517806298
18.661000000000154, 98.31527539350478
18.662000000000155, 98.312740905629
18.663000000000157, 98.31023131023842
18.664000000000158, 98.30774620313599
18.665000000000163, 98.30528518012459
18.66600000000016, 98.30284783700702
18.66700000000016, 98.30043376958623
18.668000000000163, 98.29804257366513
18.66900000000016, 98.29567384504652
18.670000000000165, 98.29332717953332
18.671000000000166, 98.2910021729284
18.672000000000168, 98.28869843369465
18.673000000000165, 98.2864164118121
18.67400000000017, 98.28415791102955
18.67500000000017, 98.28192485752265
18.676000000000172, 98.27971917746713
18.677000000000177, 98.27754279703865
18.678000000000175, 98.27539764241283
18.679000000000176, 98.2732856397654
18.680000000000177, 98.27120871527204
18.681000000000175, 98.26916879510837
18.68200000000018, 98.26716780545013
18.68300000000018, 98.26520767247298
18.68400000000018, 98.26329032235256
18.685000000000187, 98.26141768126459
18.686000000000185, 98.2595916753847
18.687000000000186, 98.25781423088861
18.688000000000187, 98.25608727395195
18.68900000000019, 98.25441273075043
18.690000000000186, 98.25279252745972
18.691000000000187, 98.2512285902555
18.692000000000192, 98.24972284531339
18.693000000000193, 98.24827721880916
18.694000000000194, 98.24689363691843
18.6950000000002, 98.24557402581685
18.696000000000197, 98.24432031168016
18.697000000000198, 98.24313442068399
18.6980000000002, 98.24201827900401
18.699000000000197, 98.24097381281594
18.700000000000205, 98.2400029482954
18.701000000000203, 98.2391076116181
18.702000000000204, 98.23828972895973
18.703000000000205, 98.23755122649591
18.704000000000207, 98.2368940304024
18.705000000000204, 98.23632006685479
18.70600000000021, 98.23583126202878
18.707000000000214, 98.23542954210009
18.708000000000215, 98.23511683324432
18.709000000000213, 98.23489506163722
18.710000000000214, 98.2347661534544
18.711000000000215, 98.2347320348716
18.712000000000216, 98.23479463206445
18.713000000000218, 98.23495587120863
18.71400000000022, 98.23521766860596
18.715000000000224, 98.23558103865423
18.71600000000022, 98.23604538296009
18.717000000000223, 98.2366099358416
18.718000000000224, 98.23727393161708
18.719000000000225, 98.23803660460469
18.720000000000226, 98.2388971891226
18.721000000000224, 98.23985491948908
18.72200000000023, 98.24090903002224
18.723000000000226, 98.24205875504032
18.72400000000023, 98.24330332886159
18.725000000000232, 98.24464198580412
18.726000000000234, 98.24607396018621
18.727000000000235, 98.24759848632604
18.728000000000236, 98.24921479854176
18.729000000000234, 98.25092213115164
18.730000000000242, 98.25271971847384
18.73100000000024, 98.25460679482654
18.73200000000024, 98.256582594528
18.73300000000024, 98.25864635189636
18.734000000000243, 98.26079730124985
18.735000000000245, 98.2630346769067
18.736000000000246, 98.26535771318504
18.73700000000025, 98.2677656444031
18.73800000000025, 98.27025770487913
18.73900000000025, 98.27283312893121
18.74000000000025, 98.27549115087766
18.74100000000025, 98.27823100503663
18.742000000000253, 98.28105192572633
18.743000000000258, 98.28395314726495
18.744000000000256, 98.2869339039707
18.745000000000253, 98.28999343016177
18.746000000000258, 98.29313096015636
18.74700000000026, 98.29634572827268
18.74800000000026, 98.29963696882889
18.74900000000026, 98.30300391614325
18.750000000000263, 98.30644580453395
18.75100000000026, 98.30996186831919
18.752000000000265, 98.3135513418171
18.753000000000267, 98.31721345934594
18.754000000000268, 98.32094745522393
18.75500000000027, 98.32475256376925
18.75600000000027, 98.32862801930003
18.75700000000027, 98.33257305613459
18.758000000000273, 98.33658690859104
18.759000000000277, 98.34066881098764
18.760000000000275, 98.34481799764255
18.761000000000276, 98.34903370287395
18.762000000000278, 98.35331516100013
18.76300000000028, 98.35766160633919
18.764000000000276, 98.36207227320938
18.76500000000028, 98.36654639592892
18.766000000000282, 98.37108320881595
18.767000000000287, 98.3756819461887
18.76800000000029, 98.38034184236538
18.76900000000029, 98.38506213166416
18.770000000000287, 98.38984204840327
18.77100000000029, 98.39468082690092
18.77200000000029, 98.3995777014753
18.773000000000287, 98.40453190644456
18.774000000000292, 98.40954267612696
18.775000000000293, 98.41460924484066
18.776000000000295, 98.4197308469039
18.777000000000296, 98.42490671663485
18.778000000000297, 98.43013608835173
18.7790000000003, 98.43541819637271
18.7800000000003, 98.440752275016
18.781000000000297, 98.44613755859983
18.782000000000302, 98.45157328144239
18.783000000000303, 98.45705867786185
18.784000000000304, 98.46259298217645
18.785000000000306, 98.46817542870433
18.786000000000307, 98.47380525176375
18.787000000000308, 98.47948168567288
18.788000000000306, 98.48520396474996
18.789000000000314, 98.4909713233131
18.790000000000312, 98.49678299568063
18.791000000000313, 98.50263821617058
18.792000000000314, 98.50853621910133
18.793000000000315, 98.51447623879096
18.794000000000313, 98.5204575095577
18.795000000000318, 98.52647926571979
18.79600000000032, 98.53254074159535
18.797000000000324, 98.53864117150269
18.79800000000032, 98.5447797897599
18.799000000000323, 98.55095583068523
18.800000000000324, 98.55716852859685
18.801000000000325, 98.56341711781306
18.802000000000326, 98.5697008326519
18.80300000000033, 98.57601890743172
18.80400000000033, 98.58237057647062
18.80500000000033, 98.58875507408683
18.80600000000033, 98.59517163459859
18.807000000000333, 98.60161949232405
18.808000000000334, 98.60809788158141
18.809000000000335, 98.6146060366889
18.810000000000336, 98.62114319196469
18.81100000000034, 98.627708581727
18.81200000000034, 98.63430144029402
18.81300000000034, 98.64092100198394
18.81400000000034, 98.647566501115
18.81500000000034, 98.65423717200534
18.816000000000344, 98.66093224897324
18.81700000000035, 98.66765096633685
18.818000000000342, 98.67439255841435
18.81900000000035, 98.68115625952395
18.82000000000035, 98.6879413039839
18.82100000000035, 98.69474692611232
18.82200000000035, 98.70157236022749
18.82300000000035, 98.70841684064754
18.824000000000353, 98.71527960169071
18.82500000000035, 98.72215987767521
18.826000000000356, 98.72905690291923
18.827000000000357, 98.73596991174094
18.82800000000036, 98.74289813845853
18.82900000000036, 98.74984081739028
18.83000000000036, 98.7567971828543
18.831000000000362, 98.76376646916889
18.832000000000363, 98.77074791065213
18.83300000000036, 98.77774074162234
18.834000000000366, 98.78474419639761
18.835000000000367, 98.79175750929622
18.836000000000368, 98.79877991463631
18.83700000000037, 98.80581064673615
18.83800000000037, 98.81284893991386
18.83900000000037, 98.81989402848771
18.840000000000373, 98.82694514677586
18.841000000000378, 98.83400152909651
18.842000000000375, 98.84106240976789
18.843000000000373, 98.84812702310816
18.844000000000378, 98.85519460343554
18.84500000000038, 98.86226438506822
18.84600000000038, 98.86933560232441
18.84700000000038, 98.87640748952234
18.848000000000383, 98.88347928098015
18.849000000000387, 98.89055021101608
18.850000000000385, 98.8976195139483
18.851000000000386, 98.90468642409506
18.852000000000388, 98.9117501757745
18.853000000000385, 98.91881000330486
18.85400000000039, 98.92586514100432
18.855000000000395, 98.9329148231911
18.856000000000392, 98.93995828418336
18.857000000000394, 98.94699475829934
18.858000000000395, 98.95402347985724
18.859000000000396, 98.96104368317526
18.860000000000397, 98.96805460257156
18.861000000000395, 98.97505547236437
18.8620000000004, 98.9820455268719
18.863000000000397, 98.9890240004123
18.864000000000402, 98.99599012730383
18.865000000000403, 99.00294314186468
18.866000000000405, 99.00988227841302
18.867000000000406, 99.01680677126706
18.868000000000407, 99.02371585474505
18.86900000000041, 99.03060876316509
18.87000000000041, 99.03748473084542
18.871000000000414, 99.04434299210429
18.872000000000412, 99.05118278125985
18.873000000000413, 99.05800333263035
18.874000000000414, 99.06480388053394
18.875000000000416, 99.07158365928882
18.876000000000417, 99.0783419032132
18.877000000000415, 99.0850778466253
18.87800000000042, 99.09179072384329
18.87900000000042, 99.09847976918539
18.880000000000422, 99.10514421696982
18.881000000000423, 99.11178330151469
18.882000000000424, 99.1183962571383
18.88300000000043, 99.12498231815881
18.884000000000427, 99.13154071889443
18.885000000000424, 99.13807069366334
18.88600000000043, 99.14457147678375
18.88700000000043, 99.1510423025739
18.88800000000043, 99.15748240535193
18.889000000000433, 99.16389101943605
18.890000000000434, 99.17026737914448
18.89100000000043, 99.17661071879542
18.892000000000436, 99.18292027270704
18.89300000000044, 99.18919537391594
18.89400000000044, 99.19543675562642
18.89500000000044, 99.20164619084586
18.89600000000044, 99.2078254772207
18.897000000000443, 99.21397641239722
18.898000000000444, 99.22010079402185
18.899000000000445, 99.22620041974093
18.900000000000446, 99.23227708720088
18.90100000000045, 99.23833259404807
18.902000000000452, 99.24436873792885
18.903000000000453, 99.25038731648962
18.90400000000045, 99.25639012737675
18.905000000000452, 99.26237896823662
18.906000000000454, 99.26835563671557
18.90700000000045, 99.27432193045999
18.908000000000456, 99.28027964711632
18.909000000000454, 99.28623058433085
18.91000000000046, 99.29217653974999
18.911000000000456, 99.29811931102014
18.91200000000046, 99.30406069578765
18.913000000000462, 99.31000249169888
18.91400000000046, 99.31594649640026
18.91500000000046, 99.32189450753808
18.916000000000466, 99.32784832275881
18.917000000000463, 99.33380973970878
18.918000000000468, 99.33978055603438
18.919000000000473, 99.34576256938196
18.920000000000467, 99.35175757739793
18.921000000000472, 99.35776737772862
18.922000000000473, 99.36379376802047
18.923000000000478, 99.36983854591978
18.924000000000476, 99.37590350876896
18.925000000000477, 99.3819898069623
18.926000000000478, 99.38809657756514
18.92700000000048, 99.39422256711903
18.928000000000477, 99.40036652216564
18.929000000000478, 99.40652718924645
18.930000000000483, 99.41270331490313
18.931000000000488, 99.41889364567723
18.932000000000485, 99.42509692811035
18.933000000000483, 99.43131190874405
18.934000000000488, 99.4375373341199
18.93500000000049, 99.44377195077954
18.93600000000049, 99.45001450526453
18.937000000000495, 99.4562637441164
18.938000000000493, 99.46251841387682
18.93900000000049, 99.46877726108734
18.940000000000495, 99.47503903228953
18.941000000000496, 99.48130247402497
18.942000000000498, 99.48756633283526
18.9430000000005, 99.493829355262
18.9440000000005, 99.50009028784673
18.945000000000505, 99.50634787713106
18.946000000000502, 99.51260086965655
18.947000000000504, 99.51884801196485
18.948000000000505, 99.52508805059749
18.949000000000506, 99.53131973209608
18.950000000000507, 99.53754180300216
18.951000000000505, 99.54375300985733
18.95200000000051, 99.5499520992032
18.953000000000515, 99.55613781758134
18.954000000000512, 99.56230891153334
18.955000000000513, 99.56846412760078
18.956000000000515, 99.57460221232523
18.957000000000512, 99.58072191224828
18.958000000000517, 99.58682197391153
18.959000000000515, 99.59290114385655
18.96000000000052, 99.59895816862495
18.96100000000052, 99.60499179475826
18.962000000000522, 99.61100076879809
18.963000000000523, 99.61698383728603
18.964000000000524, 99.62293974676368
18.965000000000526, 99.6288672437726
18.966000000000527, 99.63476507485437
18.96700000000053, 99.64063198655064
18.96800000000053, 99.64646672540286
18.96900000000053, 99.65226803795272
18.97000000000053, 99.65803467074181
18.971000000000537, 99.66376537031167
18.97200000000053, 99.66945888320384
18.973000000000535, 99.67511395596
18.974000000000537, 99.6807293351217
18.97500000000054, 99.6863037672305
18.97600000000054, 99.69183599882798
18.97700000000054, 99.69732483016905
18.97800000000054, 99.7027701141893
18.979000000000543, 99.70817266400705
18.980000000000544, 99.71353332790504
18.981000000000545, 99.71885295416615
18.982000000000546, 99.7241323910732
18.983000000000544, 99.729372486909
18.98400000000055, 99.73457408995641
18.98500000000055, 99.7397380484982
18.98600000000055, 99.74486521081718
18.987000000000553, 99.74995642519622
18.988000000000554, 99.75501253991808
18.98900000000055, 99.76003440326569
18.990000000000556, 99.76502286352175
18.991000000000557, 99.76997876896914
18.99200000000056, 99.77490296789068
18.99300000000056, 99.77979630856917
18.99400000000056, 99.78465963928748
18.995000000000562, 99.78949380832839
18.996000000000564, 99.79429966397473
18.99700000000056, 99.79907805450932
18.998000000000566, 99.80382982821499
18.999000000000567, 99.80855583337453
19.00000000000057, 99.8132569182708
19.00100000000057, 99.81793393118662
19.00200000000057, 99.82258772040477
19.00300000000057, 99.82721913420808
19.004000000000573, 99.83182902087941
19.005000000000578, 99.83641822870158
19.006000000000576, 99.8409876059574
19.007000000000577, 99.84553800092966
19.008000000000578, 99.85007026190121
19.00900000000058, 99.85458523715488
19.01000000000058, 99.85908377497346
19.011000000000582, 99.86356672363979
19.012000000000583, 99.8680349314367
19.013000000000584, 99.87248924664704
19.014000000000586, 99.87693051755355
19.015000000000587, 99.88135959243907
19.016000000000588, 99.8857773195865
19.01700000000059, 99.89018454727855
19.01800000000059, 99.89458212379813
19.019000000000588, 99.89897089742803
19.020000000000593, 99.90335171645107
19.021000000000598, 99.90772542915008
19.0220000000006, 99.91209288380786
19.023000000000597, 99.91645492870724
19.024000000000598, 99.92081241213106
19.025000000000595, 99.92516618236212
19.0260000000006, 99.92951708768325
19.027000000000605, 99.9338659763773
19.028000000000603, 99.93821369672702
19.029000000000604, 99.94256109701527
19.030000000000605, 99.94690902552492
19.03100000000061, 99.9512583305387
19.032000000000608, 99.95560986033951
19.03300000000061, 99.95996446321013
19.03400000000061, 99.96432298743335
19.035000000000615, 99.9686862812921
19.036000000000616, 99.97305519306904
19.037000000000614, 99.97743057104717
19.038000000000615, 99.98181326350915
19.03900000000062, 99.98620411873794
19.040000000000617, 99.99060398063537
19.041000000000615, 99.99501358025665
19.04200000000062, 99.99943352865714
19.04300000000062, 100.00386443107905
19.044000000000622, 100.00830689276448
19.045000000000623, 100.01276151895564
19.046000000000625, 100.01722891489469
19.04700000000063, 100.02170968582378
19.048000000000627, 100.0262044369851
19.049000000000632, 100.03071377362076
19.05000000000063, 100.03523830097299
19.051000000000627, 100.0397786242839
19.052000000000632, 100.04433534879571
19.053000000000633, 100.04890907975053
19.054000000000634, 100.05350042239051
19.055000000000636, 100.05810998195788
19.056000000000637, 100.06273836369485
19.05700000000064, 100.0673861728434
19.05800000000064, 100.07205401464584
19.05900000000064, 100.07674249434429
19.06000000000064, 100.08145221718092
19.061000000000643, 100.0861837883979
19.062000000000644, 100.0909378132374
19.063000000000645, 100.09571489694156
19.064000000000647, 100.10051564475256
19.06500000000065, 100.10534066191252
19.06600000000065, 100.1101905536637
19.067000000000647, 100.11506592524817
19.06800000000065, 100.11996738190818
19.069000000000653, 100.12489552888582
19.070000000000654, 100.1298509714233
19.07100000000065, 100.1348343147627
19.072000000000656, 100.1398461641463
19.073000000000658, 100.14488712481622
19.07400000000066, 100.14995780201461
19.075000000000664, 100.15505880098364
19.07600000000066, 100.16019072696545
19.077000000000663, 100.16535418520225
19.078000000000664, 100.17054978093618
19.07900000000066, 100.17577811940942
19.080000000000666, 100.1810398058641
19.08100000000067, 100.18633544554244
19.08200000000067, 100.19166564368653
19.083000000000673, 100.1970310055386
19.084000000000668, 100.20243213634078
19.085000000000672, 100.20786964133524
19.086000000000674, 100.21334412576417
19.08700000000068, 100.21885619486966
19.088000000000676, 100.22440645389395
19.089000000000677, 100.22999550807917
19.09000000000068, 100.23562396266752
19.09100000000068, 100.24129242290111
19.09200000000068, 100.24700149402216
19.09300000000068, 100.25275178127278
19.094000000000683, 100.25854388989518
19.095000000000685, 100.26437842513147
19.096000000000686, 100.27025599222387
19.097000000000687, 100.27617719641451
19.098000000000688, 100.28214264294556
19.09900000000069, 100.28815293705921
19.10000000000069, 100.2942086839976
19.10100000000069, 100.30031048900287
19.102000000000693, 100.30645895731723
19.103000000000694, 100.31265469418285
19.104000000000696, 100.31889830484184
19.105000000000697, 100.32519039453638
19.106000000000698, 100.33153156850868
19.1070000000007, 100.33792243200085
19.1080000000007, 100.34436359025509
19.109000000000705, 100.35085564851354
19.110000000000703, 100.35739921201838
19.111000000000704, 100.36399488601175
19.112000000000705, 100.37064327573586
19.113000000000707, 100.37734498643285
19.114000000000704, 100.38410041395302
19.11500000000071, 100.39090884835272
19.11600000000071, 100.39776921599828
19.117000000000708, 100.40468044303695
19.118000000000716, 100.411641455616
19.119000000000714, 100.41865117988283
19.120000000000715, 100.42570854198458
19.121000000000716, 100.43281246806863
19.122000000000718, 100.4399618842822
19.123000000000715, 100.44715571677264
19.12400000000072, 100.45439289168718
19.125000000000725, 100.46167233517315
19.126000000000722, 100.46899297337784
19.127000000000727, 100.47635373244847
19.128000000000725, 100.48375353853241
19.129000000000726, 100.49119131777688
19.130000000000727, 100.49866599632921
19.131000000000725, 100.50617650033668
19.13200000000073, 100.51372175594656
19.133000000000727, 100.52130068930613
19.134000000000732, 100.52891222656268
19.135000000000737, 100.53655529386353
19.136000000000735, 100.5442288173559
19.137000000000736, 100.55193172318714
19.138000000000737, 100.55966293750453
19.139000000000742, 100.56742138645532
19.14000000000074, 100.57520599618681
19.14100000000074, 100.58301569284629
19.142000000000742, 100.59084940258106
19.143000000000747, 100.59870605153837
19.14400000000074, 100.60658456586556
19.14500000000075, 100.61448387170984
19.146000000000747, 100.62240289521858
19.147000000000748, 100.63034056253902
19.148000000000753, 100.63829579981842
19.149000000000747, 100.64626753320417
19.15000000000075, 100.65425468884341
19.151000000000753, 100.66225619288358
19.152000000000754, 100.67027097147178
19.153000000000752, 100.67829795075549
19.154000000000757, 100.68633605688187
19.155000000000758, 100.69438421599826
19.15600000000076, 100.7024413542519
19.15700000000076, 100.71050639779017
19.15800000000076, 100.71857827276025
19.159000000000763, 100.72665590530947
19.160000000000764, 100.73473822158513
19.16100000000077, 100.74282414773448
19.162000000000766, 100.75091260990484
19.163000000000768, 100.75900253424348
19.16400000000077, 100.76709284689768
19.165000000000774, 100.77518247401474
19.16600000000077, 100.78327034174198
19.167000000000773, 100.79135537622659
19.168000000000774, 100.79943650361594
19.16900000000078, 100.80751265005732
19.170000000000776, 100.81558274169794
19.171000000000777, 100.82364570468516
19.17200000000078, 100.83170046516622
19.173000000000776, 100.8397459591042
19.17400000000078, 100.84778163829728
19.17500000000078, 100.85580771466354
19.176000000000784, 100.86382446110753
19.177000000000785, 100.87183215053369
19.178000000000786, 100.87983105584671
19.179000000000787, 100.88782144995102
19.18000000000079, 100.8958036057512
19.18100000000079, 100.90377779615176
19.18200000000079, 100.91174429405726
19.18300000000079, 100.91970337237221
19.184000000000793, 100.92765530400116
19.185000000000795, 100.93560036184867
19.186000000000796, 100.94353881881925
19.187000000000797, 100.95147094781746
19.188000000000795, 100.95939702174779
19.1890000000008, 100.96731731351484
19.1900000000008, 100.97523209602312
19.191000000000805, 100.98314164217715
19.192000000000807, 100.99104622488143
19.193000000000804, 100.9989461170406
19.194000000000806, 101.00684159155912
19.195000000000807, 101.01473292134156
19.196000000000804, 101.02262037929245
19.19700000000081, 101.03050423831631
19.19800000000081, 101.03838477131768
19.199000000000815, 101.04626225120113
19.200000000000813, 101.05413695087117
19.201000000000814, 101.06200914323232
19.202000000000815, 101.06987910118914
19.203000000000817, 101.07774709764618
19.204000000000818, 101.08561340550796
19.205000000000815, 101.09347829767897
19.20600000000082, 101.10134204706385
19.207000000000825, 101.10920492656706
19.208000000000823, 101.11706720909316
19.209000000000824, 101.12492916754667
19.210000000000825, 101.13279107483217
19.211000000000826, 101.14065320385413
19.212000000000828, 101.14851582751713
19.213000000000825, 101.15637921872575
19.21400000000083, 101.16424365038444
19.215000000000835, 101.17210939539777
19.216000000000832, 101.17997672667026
19.217000000000834, 101.1878459171065
19.218000000000835, 101.19571723961099
19.21900000000084, 101.20359096708827
19.220000000000837, 101.2114673724429
19.221000000000842, 101.21934672857934
19.22200000000084, 101.22722930840224
19.22300000000084, 101.23511538481603
19.224000000000842, 101.24300523072533
19.225000000000843, 101.25089911903464
19.226000000000845, 101.2587973226485
19.227000000000842, 101.26670011447143
19.22800000000085, 101.274607767408
19.229000000000852, 101.2825205543627
19.23000000000085, 101.29043874824015
19.23100000000085, 101.29836262194476
19.232000000000852, 101.30629244838119
19.233000000000853, 101.31422850045392
19.234000000000854, 101.3221710510675
19.23500000000086, 101.33012037312643
19.236000000000857, 101.3380767395353
19.237000000000858, 101.34604042319862
19.23800000000086, 101.35401169702095
19.23900000000086, 101.36199083390677
19.240000000000858, 101.36997810676067
19.241000000000863, 101.3779737884872
19.242000000000864, 101.38597815199081
19.24300000000087, 101.39399147017612
19.244000000000867, 101.40201401594766
19.245000000000864, 101.41004606220994
19.24600000000087, 101.41808788186749
19.24700000000087, 101.42613974782486
19.24800000000087, 101.43420193298662
19.249000000000873, 101.44227471025724
19.250000000000874, 101.45035835254131
19.25100000000087, 101.45845313274336
19.252000000000876, 101.46655932376788
19.253000000000874, 101.47467719851949
19.25400000000088, 101.48280702990265
19.255000000000884, 101.49094909082189
19.25600000000088, 101.49910365418185
19.25700000000088, 101.50727099288696
19.258000000000884, 101.5154513798418
19.259000000000885, 101.5236450879509
19.260000000000886, 101.53185239011881
19.261000000000887, 101.54007352961257
19.26200000000089, 101.54830850877288
19.26300000000089, 101.5565572127552
19.26400000000089, 101.56481952593367
19.26500000000089, 101.57309533268253
19.266000000000894, 101.58138451737597
19.267000000000895, 101.58968696438816
19.268000000000896, 101.5980025580933
19.269000000000897, 101.6063311828656
19.2700000000009, 101.61467272307924
19.271000000000896, 101.6230270631084
19.2720000000009, 101.63139408732724
19.273000000000906, 101.63977368011004
19.274000000000907, 101.64816572583095
19.275000000000908, 101.65657010886414
19.276000000000906, 101.66498671358383
19.277000000000907, 101.6734154243642
19.278000000000908, 101.68185612557943
19.27900000000091, 101.69030870160374
19.28000000000091, 101.69877303681126
19.281000000000915, 101.70724901557628
19.282000000000913, 101.71573652227292
19.283000000000914, 101.72423544127544
19.284000000000916, 101.73274565695792
19.285000000000917, 101.74126705369466
19.286000000000918, 101.74979951585978
19.287000000000916, 101.7583429278275
19.28800000000092, 101.76689717397201
19.289000000000925, 101.77546213866752
19.290000000000923, 101.78403770628819
19.291000000000924, 101.79262376120825
19.292000000000925, 101.80122018780187
19.293000000000923, 101.80982687044322
19.294000000000924, 101.81844369350657
19.295000000000933, 101.827070541366
19.29600000000093, 101.83570729839577
19.29700000000093, 101.84435384897007
19.298000000000933, 101.8530100774631
19.299000000000934, 101.861675868249
19.300000000000935, 101.87035110570201
19.301000000000936, 101.8790356741963
19.302000000000938, 101.8877294581061
19.303000000000935, 101.89643234180554
19.304000000000944, 101.90514420966885
19.30500000000094, 101.91386494607025
19.306000000000942, 101.92259443538386
19.307000000000944, 101.93133256198392
19.308000000000945, 101.94007921024462
19.309000000000943, 101.94883426454015
19.310000000000947, 101.95759760924469
19.31100000000095, 101.96636912873242
19.31200000000095, 101.97514870737757
19.31300000000095, 101.9839362295543
19.314000000000952, 101.99273157963685
19.315000000000953, 102.00153464199931
19.316000000000955, 102.01034530101597
19.317000000000952, 102.01916344106104
19.318000000000957, 102.0279889465086
19.31900000000096, 102.03682170173295
19.32000000000096, 102.04566159110817
19.321000000000957, 102.0545084990086
19.32200000000096, 102.0633623098083
19.323000000000963, 102.07222290788152
19.324000000000964, 102.08109025400557
19.32500000000097, 102.08996506588187
19.326000000000967, 102.09884849368038
19.327000000000965, 102.10774169263873
19.32800000000097, 102.11664581799451
19.32900000000097, 102.12556202498537
19.33000000000097, 102.13449146884894
19.331000000000973, 102.14343530482282
19.332000000000974, 102.15239468814464
19.33300000000098, 102.16137077405202
19.334000000000977, 102.17036471778258
19.335000000000978, 102.17937767457393
19.33600000000098, 102.18841079966373
19.337000000000977, 102.19746524828955
19.338000000000978, 102.20654217568901
19.339000000000986, 102.21564273709978
19.340000000000984, 102.22476808775947
19.34100000000098, 102.23391938290568
19.342000000000986, 102.24309777777601
19.343000000000988, 102.25230442760815
19.34400000000099, 102.26154048763966
19.34500000000099, 102.27080711310819
19.34600000000099, 102.28010545925135
19.34700000000099, 102.28943668130674
19.348000000000994, 102.29880193451204
19.349000000000995, 102.30820237410484
19.350000000000996, 102.31763915532271
19.351000000000997, 102.32711343340335
19.352000000001, 102.33662636358436
19.353000000001, 102.3461791011033
19.354000000001, 102.3557728011979
19.355000000001006, 102.36540861910566
19.356000000001004, 102.37508771006432
19.35700000000101, 102.38481122931142
19.358000000001006, 102.39458033208462
19.359000000001007, 102.4043961736215
19.36000000000101, 102.41425990915971
19.36100000000101, 102.4241726939369
19.36200000000101, 102.43413568319065
19.363000000001016, 102.44415003215856
19.364000000001013, 102.4542168960783
19.365000000001015, 102.4643374301875
19.366000000001016, 102.47451278972373
19.367000000001017, 102.48474412992462
19.368000000001018, 102.49503260602779
19.369000000001016, 102.50537937327094
19.37000000000102, 102.51578558689158
19.371000000001022, 102.52625240212738
19.372000000001023, 102.536780974216
19.373000000001024, 102.54737245839499
19.374000000001026, 102.558028009902
19.375000000001027, 102.56874878397467
19.376000000001028, 102.5795359358506
19.377000000001033, 102.5903906207674
19.37800000000103, 102.6013139939627
19.37900000000103, 102.61230721067417
19.380000000001033, 102.62337142613934
19.38100000000103, 102.63450779559591
19.382000000001035, 102.64571747428148
19.383000000001037, 102.65700161743365
19.384000000001034, 102.66836138029004
19.385000000001035, 102.6797979180883
19.38600000000104, 102.69131238606602
19.38700000000104, 102.70290585718855
19.388000000001043, 102.7145783991523
19.389000000001044, 102.72632940711563
19.390000000001045, 102.73815826389983
19.39100000000105, 102.75006435232609
19.392000000001048, 102.76204705521562
19.39300000000105, 102.77410575538964
19.39400000000105, 102.78623983566942
19.395000000001055, 102.79844867887616
19.396000000001052, 102.81073166783109
19.397000000001054, 102.8230881853554
19.398000000001055, 102.83551761427039
19.399000000001053, 102.84801933739729
19.40000000000106, 102.86059273755718
19.40100000000106, 102.87323719757148
19.40200000000106, 102.88595210026128
19.40300000000106, 102.89873682844785
19.404000000001062, 102.91159076495242
19.405000000001063, 102.9245132925962
19.406000000001065, 102.93750379420045
19.407000000001062, 102.95056165258636
19.408000000001067, 102.9636862505752
19.409000000001072, 102.97687697098813
19.41000000000107, 102.99013319664641
19.411000000001074, 103.0034543103713
19.412000000001072, 103.01683969498397
19.413000000001073, 103.03028873330568
19.414000000001074, 103.04380080815767
19.41500000000108, 103.05737530236108
19.416000000001077, 103.07101159873724
19.417000000001075, 103.08470908010733
19.41800000000108, 103.09846712929257
19.41900000000108, 103.11228512911421
19.420000000001078, 103.12616246239345
19.42100000000108, 103.1400985119515
19.422000000001084, 103.15409266060965
19.42300000000109, 103.16814429118911
19.424000000001087, 103.18225278651104
19.425000000001088, 103.19641752939673
19.42600000000109, 103.21063790266739
19.42700000000109, 103.22491328914427
19.42800000000109, 103.2392430716485
19.429000000001096, 103.25362663300142
19.430000000001094, 103.26806335602419
19.431000000001095, 103.28255262353808
19.432000000001096, 103.29709381836432
19.433000000001098, 103.31168632332405
19.4340000000011, 103.32632952123859
19.4350000000011, 103.34102279492912
19.4360000000011, 103.35576552721686
19.437000000001106, 103.3705571009231
19.438000000001104, 103.38539689886896
19.439000000001105, 103.40028430387575
19.440000000001106, 103.41521869876468
19.441000000001104, 103.43019946635692
19.44200000000111, 103.44522598947381
19.443000000001106, 103.46029765093648
19.444000000001115, 103.47541383356618
19.445000000001112, 103.49057392018413
19.446000000001114, 103.5057772936116
19.447000000001115, 103.52102333666973
19.448000000001116, 103.53631143217987
19.44900000000112, 103.55164096296308
19.45000000000112, 103.56701131184076
19.451000000001116, 103.58242186163403
19.452000000001124, 103.59787199516414
19.453000000001122, 103.61336109525229
19.454000000001127, 103.62888854471977
19.455000000001125, 103.64445372638777
19.456000000001122, 103.6600560230775
19.457000000001127, 103.67569481761021
19.458000000001125, 103.69136949280713
19.459000000001133, 103.70707943148946
19.46000000000113, 103.72282401632161
19.461000000001135, 103.73860229857993
19.462000000001133, 103.7544122988806
19.463000000001134, 103.77025183805037
19.464000000001136, 103.78611873691581
19.465000000001137, 103.80201081630368
19.466000000001138, 103.81792589704054
19.467000000001143, 103.83386179995314
19.46800000000114, 103.84981634586808
19.46900000000114, 103.86578735561203
19.470000000001143, 103.8817726500117
19.471000000001144, 103.89777004989371
19.472000000001145, 103.91377737608468
19.473000000001143, 103.92979244941134
19.47400000000115, 103.94581309070037
19.475000000001145, 103.96183712077833
19.47600000000115, 103.97786236047195
19.477000000001148, 103.99388663060788
19.478000000001153, 104.00990775201278
19.479000000001154, 104.02592354551334
19.480000000001155, 104.04193183193614
19.481000000001153, 104.05793043210791
19.482000000001158, 104.07391716685532
19.483000000001155, 104.08988985700498
19.48400000000116, 104.10584632338356
19.48500000000116, 104.12178438681778
19.48600000000116, 104.13770186813419
19.487000000001164, 104.15359658815956
19.48800000000116, 104.1694663677205
19.48900000000117, 104.18530902764365
19.490000000001167, 104.20112238875573
19.491000000001172, 104.21690427188337
19.49200000000117, 104.23265249785322
19.49300000000117, 104.24836488749196
19.494000000001172, 104.26403926162625
19.495000000001173, 104.2796734410827
19.496000000001175, 104.29526524668806
19.497000000001176, 104.31081249926892
19.498000000001177, 104.32631301965198
19.49900000000118, 104.34176462866387
19.50000000000118, 104.35716514713127
19.50100000000118, 104.37251239588082
19.502000000001182, 104.38780419573924
19.50300000000118, 104.4030383675331
19.504000000001184, 104.41821273208916
19.505000000001186, 104.43332511023398
19.506000000001187, 104.44837332279431
19.507000000001188, 104.46335519059676
19.50800000000119, 104.47826853446799
19.50900000000119, 104.4931111752347
19.510000000001188, 104.5078809337235
19.511000000001196, 104.52257563076107
19.512000000001194, 104.53719308717409
19.513000000001195, 104.55173112378921
19.514000000001197, 104.56618756143308
19.515000000001194, 104.58056022093238
19.5160000000012, 104.59484692311372
19.5170000000012, 104.60904548880387
19.5180000000012, 104.62315373882936
19.519000000001206, 104.63716949401692
19.520000000001207, 104.65109057519321
19.521000000001205, 104.66491480318489
19.522000000001206, 104.6786399988186
19.523000000001208, 104.69226398292105
19.52400000000121, 104.70578457631882
19.525000000001207, 104.71919959983862
19.52600000000121, 104.73250687430715
19.527000000001212, 104.74570422055096
19.528000000001214, 104.75878945939684
19.529000000001215, 104.77176041167135
19.530000000001216, 104.7846148982012
19.531000000001214, 104.79735073981306
19.532000000001215, 104.80996575733354
19.533000000001223, 104.82245777158931
19.53400000000122, 104.83482465561727
19.535000000001222, 104.84706539841079
19.536000000001227, 104.85918005970909
19.53700000000122, 104.87116874241443
19.538000000001226, 104.88303154942898
19.539000000001227, 104.89476858365504
19.54000000000123, 104.90637994799485
19.541000000001233, 104.9178657453506
19.54200000000123, 104.92922607862457
19.543000000001232, 104.94046105071901
19.544000000001233, 104.95157076453616
19.545000000001234, 104.96255532297823
19.546000000001236, 104.97341482894748
19.547000000001233, 104.98414938534619
19.548000000001238, 104.99475909507652
19.549000000001243, 105.00524406104078
19.550000000001244, 105.01560438614119
19.551000000001242, 105.02584017327996
19.552000000001243, 105.03595152535934
19.553000000001244, 105.04593854528163
19.554000000001245, 105.05580133594903
19.55500000000125, 105.06554000026375
19.556000000001248, 105.07515464112808
19.55700000000125, 105.08464536144422
19.55800000000125, 105.09401226411444
19.55900000000125, 105.10325545204097
19.560000000001253, 105.11237502812605
19.561000000001254, 105.12137109527197
19.56200000000125, 105.1302437563809
19.563000000001253, 105.13899311435509
19.564000000001258, 105.1476192720968
19.56500000000126, 105.15612233250829
19.56600000000126, 105.16450239849176
19.56700000000126, 105.17275957294947
19.568000000001263, 105.18089395878367
19.569000000001264, 105.18890565889662
19.570000000001265, 105.1967947761905
19.57100000000127, 105.20456141356759
19.572000000001267, 105.21220567393013
19.57300000000127, 105.21972766018035
19.57400000000127, 105.22712747522051
19.57500000000127, 105.23440522195281
19.576000000001272, 105.24156100327957
19.57700000000127, 105.24859492210295
19.578000000001275, 105.25550708132522
19.579000000001272, 105.26229758384866
19.580000000001277, 105.26896653257543
19.58100000000128, 105.27551403040782
19.58200000000128, 105.28194018024809
19.583000000001277, 105.28824508499844
19.584000000001282, 105.29442884756114
19.58500000000128, 105.3004915708384
19.586000000001288, 105.30643335773249
19.587000000001282, 105.31225431114564
19.588000000001287, 105.31795453398007
19.58900000000129, 105.32353412913807
19.59000000000129, 105.32899319952186
19.59100000000129, 105.33433184803363
19.592000000001292, 105.3395501775757
19.59300000000129, 105.3446482910503
19.594000000001298, 105.34962629135964
19.595000000001292, 105.35448428140592
19.596000000001297, 105.35922236409144
19.597000000001298, 105.36384063798586
19.5980000000013, 105.3683390786184
19.599000000001297, 105.37271752388325
19.6000000000013, 105.37697580441146
19.601000000001306, 105.38111375083412
19.602000000001304, 105.38513119378223
19.603000000001305, 105.38902796388682
19.604000000001307, 105.39280389177898
19.60500000000131, 105.39645880808975
19.60600000000131, 105.3999925434502
19.607000000001307, 105.40340492849131
19.60800000000131, 105.40669579384425
19.60900000000131, 105.40986497013995
19.610000000001314, 105.41291228800954
19.61100000000132, 105.415837578084
19.612000000001316, 105.41864067099442
19.613000000001318, 105.42132139737187
19.61400000000132, 105.42387958784735
19.615000000001316, 105.42631507305194
19.61600000000132, 105.4286276836167
19.61700000000132, 105.43081725017264
19.618000000001324, 105.43288360335082
19.619000000001325, 105.43482657378232
19.620000000001326, 105.43664599209819
19.621000000001327, 105.43834168892947
19.62200000000133, 105.43991349490719
19.623000000001333, 105.44136124066237
19.62400000000133, 105.44268475682613
19.625000000001336, 105.44388387402948
19.626000000001333, 105.44495842290348
19.62700000000133, 105.44590823407918
19.628000000001336, 105.44673313818764
19.629000000001337, 105.4474329658599
19.630000000001335, 105.44800754772699
19.63100000000134, 105.44845671441995
19.63200000000134, 105.44878029656988
19.633000000001342, 105.44897812480784
19.634000000001343, 105.44905002976478
19.635000000001344, 105.44899584207187
19.636000000001346, 105.44881539236009
19.637000000001343, 105.44850851126048
19.638000000001348, 105.44807502940414
19.63900000000135, 105.44751477742206
19.64000000000135, 105.44682758594534
19.641000000001352, 105.44601328560502
19.642000000001353, 105.44507170703213
19.643000000001354, 105.44400268085772
19.644000000001355, 105.44280603771284
19.64500000000136, 105.44148160822856
19.646000000001358, 105.44002922303595
19.64700000000136, 105.43844871276599
19.64800000000136, 105.43673990804976
19.64900000000136, 105.43490263951837
19.65000000000136, 105.43293673780275
19.65100000000136, 105.43084203353405
19.652000000001365, 105.42861835734327
19.65300000000137, 105.42626553986152
19.654000000001368, 105.42378341171975
19.65500000000137, 105.42117180354909
19.65600000000137, 105.41843054598054
19.65700000000137, 105.41555946964519
19.658000000001373, 105.41255840517407
19.659000000001377, 105.40942718319822
19.660000000001375, 105.4061656343487
19.661000000001376, 105.40277358925657
19.662000000001377, 105.39925087855289
19.66300000000138, 105.39559733286863
19.66400000000138, 105.39181278283493
19.66500000000138, 105.38789705908283
19.666000000001382, 105.38384999224334
19.66700000000138, 105.37967141294752
19.668000000001385, 105.37536115182645
19.669000000001386, 105.37091950363057
19.67000000000139, 105.36634867375194
19.67100000000139, 105.3616513591767
19.67200000000139, 105.35683025689153
19.67300000000139, 105.351888063883
19.674000000001392, 105.34682747713771
19.675000000001397, 105.3416511936422
19.676000000001395, 105.33636191038319
19.677000000001396, 105.33096232434718
19.678000000001397, 105.32545513252083
19.6790000000014, 105.31984303189071
19.6800000000014, 105.31412871944345
19.6810000000014, 105.30831489216561
19.682000000001402, 105.30240424704381
19.6830000000014, 105.29639948106468
19.684000000001404, 105.2903032912148
19.68500000000141, 105.28411837448074
19.686000000001407, 105.27784742784911
19.687000000001408, 105.27149314830656
19.68800000000141, 105.26505823283964
19.689000000001407, 105.25854537843499
19.69000000000141, 105.25195728207918
19.691000000001413, 105.24529664075881
19.692000000001414, 105.2385661514605
19.693000000001415, 105.23176851117084
19.694000000001417, 105.22490641687645
19.695000000001418, 105.21798256556391
19.69600000000142, 105.2109996542198
19.697000000001417, 105.20396037983079
19.69800000000142, 105.19686743938342
19.699000000001426, 105.1897235298643
19.700000000001424, 105.18253134826003
19.701000000001425, 105.17529359155725
19.702000000001426, 105.16801295674253
19.703000000001428, 105.16069214080247
19.70400000000143, 105.15333384072366
19.705000000001426, 105.14594075349274
19.70600000000143, 105.13851557609622
19.707000000001432, 105.13106100552082
19.708000000001434, 105.12357973875311
19.709000000001435, 105.11607447277964
19.710000000001436, 105.10854790458703
19.711000000001434, 105.10100273116191
19.71200000000144, 105.09344164949084
19.71300000000144, 105.08586735656046
19.71400000000144, 105.07828254935734
19.715000000001442, 105.07068992486812
19.716000000001443, 105.06309218007934
19.717000000001445, 105.05549201197762
19.718000000001446, 105.04789211754965
19.719000000001444, 105.04029519378192
19.720000000001452, 105.03270393766103
19.72100000000145, 105.02512104617365
19.72200000000145, 105.01754921630639
19.723000000001452, 105.00999114504577
19.724000000001453, 105.00244952937844
19.725000000001458, 104.99492706629101
19.726000000001456, 104.98742645277005
19.72700000000146, 104.97995038580217
19.728000000001458, 104.97250156237396
19.729000000001456, 104.96508267947209
19.73000000000146, 104.95769643408308
19.731000000001462, 104.95034552319355
19.73200000000146, 104.94303264379013
19.733000000001468, 104.93576049285934
19.734000000001465, 104.92853176738794
19.73500000000147, 104.92134916436234
19.73600000000147, 104.9142153807693
19.73700000000147, 104.90713311359534
19.73800000000147, 104.90010505982706
19.73900000000147, 104.8931339164511
19.740000000001473, 104.88622238045402
19.74100000000147, 104.87937314882244
19.742000000001475, 104.87258891854295
19.74300000000148, 104.86587238660216
19.744000000001478, 104.8592262499867
19.745000000001475, 104.85265320568311
19.74600000000148, 104.84615595067808
19.74700000000148, 104.8397371819581
19.748000000001483, 104.83339959650984
19.74900000000148, 104.82714589131989
19.750000000001485, 104.82097876337484
19.75100000000149, 104.8149009096613
19.752000000001487, 104.8089150271659
19.75300000000149, 104.80302381287515
19.75400000000149, 104.79722996377576
19.755000000001488, 104.7915359038341
19.75600000000149, 104.78594210312667
19.757000000001497, 104.78044818038418
19.758000000001495, 104.77505375081762
19.759000000001496, 104.76975842963792
19.760000000001497, 104.76456183205599
19.761000000001502, 104.7594635732828
19.7620000000015, 104.75446326852922
19.7630000000015, 104.74956053300625
19.764000000001502, 104.7447549819248
19.765000000001507, 104.74004623049574
19.766000000001505, 104.73543389393014
19.767000000001506, 104.7309175874388
19.768000000001507, 104.72649692623271
19.76900000000151, 104.72217152552281
19.77000000000151, 104.71794100052003
19.771000000001507, 104.71380496643526
19.772000000001512, 104.7097630384795
19.773000000001513, 104.70581483186362
19.774000000001514, 104.7019599617986
19.77500000000152, 104.69819804349534
19.776000000001517, 104.69452869216481
19.777000000001518, 104.69095152301789
19.77800000000152, 104.68746615126554
19.779000000001517, 104.6840721921187
19.78000000000152, 104.68076926078831
19.781000000001523, 104.67755697248529
19.782000000001524, 104.67443494242056
19.783000000001522, 104.67140278580507
19.784000000001527, 104.66846011784975
19.785000000001528, 104.66560655376553
19.786000000001525, 104.66284170876335
19.787000000001534, 104.66016519805413
19.78800000000153, 104.65757663684877
19.789000000001533, 104.65507564035829
19.790000000001534, 104.65266182379357
19.791000000001535, 104.65033480236552
19.792000000001536, 104.64809419128514
19.793000000001534, 104.64593960576327
19.79400000000154, 104.64387066101094
19.795000000001544, 104.64188697223902
19.796000000001545, 104.63998815465845
19.797000000001542, 104.63817382348019
19.798000000001544, 104.63644359391515
19.799000000001545, 104.63479708117424
19.800000000001546, 104.63323390046847
19.801000000001544, 104.6317536670087
19.80200000000155, 104.6303559960059
19.803000000001553, 104.62904050267096
19.80400000000155, 104.62780680221485
19.805000000001552, 104.6266545098485
19.806000000001553, 104.62558324078283
19.807000000001555, 104.62459261452244
19.808000000001556, 104.6236827173725
19.80900000000156, 104.62285451517431
19.81000000000156, 104.62210907114515
19.81100000000156, 104.6214474485024
19.81200000000156, 104.62087071046345
19.813000000001562, 104.6203799202456
19.814000000001563, 104.61997614106623
19.815000000001564, 104.61966043614267
19.816000000001566, 104.61943386869231
19.81700000000157, 104.61929750193242
19.818000000001568, 104.61925239908048
19.819000000001573, 104.61929962335373
19.82000000000157, 104.61944023796957
19.821000000001572, 104.61967530614533
19.822000000001573, 104.62000589109837
19.82300000000157, 104.6204330560461
19.82400000000158, 104.62095786420576
19.825000000001577, 104.62158137879479
19.826000000001578, 104.6223046630305
19.82700000000158, 104.62312878013029
19.82800000000158, 104.62405479331144
19.829000000001578, 104.62508376579137
19.830000000001583, 104.62621676078736
19.83100000000158, 104.62745484151681
19.832000000001585, 104.62879907119707
19.833000000001586, 104.63025051304551
19.834000000001588, 104.63181023027944
19.83500000000159, 104.63347928611623
19.83600000000159, 104.63525874377322
19.837000000001595, 104.6371496664678
19.838000000001593, 104.6391531174173
19.839000000001597, 104.64127015983905
19.840000000001595, 104.64350185695041
19.8410000000016, 104.64584927196877
19.842000000001597, 104.64831346811144
19.8430000000016, 104.6508955085958
19.844000000001596, 104.65359645663915
19.845000000001598, 104.65641737545889
19.846000000001602, 104.65935932827236
19.847000000001607, 104.66242337829692
19.84800000000161, 104.66561058874991
19.849000000001606, 104.6689220228487
19.850000000001607, 104.67235874381063
19.85100000000161, 104.67592181485304
19.85200000000161, 104.67961229919328
19.853000000001607, 104.68343126004876
19.854000000001612, 104.68737976063674
19.855000000001613, 104.69145886417462
19.856000000001615, 104.69566963387976
19.857000000001616, 104.70001313296952
19.858000000001617, 104.70449042466123
19.85900000000162, 104.70910257217221
19.86000000000162, 104.71385063871986
19.861000000001624, 104.71873568752153
19.862000000001622, 104.72375878179457
19.863000000001627, 104.72892098475631
19.864000000001624, 104.73422335962414
19.86500000000163, 104.73966696961533
19.866000000001627, 104.74525287794734
19.867000000001624, 104.75098214783745
19.86800000000163, 104.75685584250303
19.869000000001634, 104.76287502516145
19.870000000001635, 104.76904075903003
19.871000000001633, 104.77535410732615
19.872000000001634, 104.78181613326714
19.873000000001635, 104.78842790007037
19.874000000001637, 104.79519047095317
19.875000000001634, 104.80210490913291
19.87600000000164, 104.80917227782696
19.87700000000164, 104.81639364025261
19.87800000000164, 104.82377005962728
19.879000000001643, 104.83130259916828
19.880000000001644, 104.83899232209296
19.88100000000165, 104.84684013652304
19.882000000001646, 104.85484530645832
19.883000000001644, 104.8630061060409
19.88400000000165, 104.87132079582554
19.88500000000165, 104.87978763636703
19.886000000001655, 104.88840488822012
19.887000000001652, 104.89717081193962
19.888000000001654, 104.90608366808036
19.889000000001655, 104.91514171719699
19.890000000001656, 104.92434321984439
19.89100000000166, 104.93368643657729
19.89200000000166, 104.9431696279505
19.89300000000166, 104.95279105451876
19.89400000000166, 104.9625489768369
19.895000000001662, 104.9724416554596
19.896000000001663, 104.98246735094179
19.89700000000166, 104.9926243238381
19.898000000001666, 105.00291083470339
19.89900000000167, 105.01332514409238
19.90000000000167, 105.0238655125599
19.901000000001673, 105.03453020066074
19.90200000000167, 105.04531746894965
19.903000000001672, 105.05622557798141
19.904000000001673, 105.06725278831074
19.90500000000167, 105.07839736049252
19.906000000001676, 105.08965755508144
19.907000000001677, 105.1010316326324
19.908000000001678, 105.11251785370004
19.90900000000168, 105.1241144788392
19.91000000000168, 105.13581976860462
19.911000000001682, 105.14763198355112
19.912000000001683, 105.1595493842335
19.913000000001688, 105.17157023120653
19.914000000001685, 105.1836927850249
19.915000000001687, 105.19591530624346
19.916000000001688, 105.20823605541699
19.91700000000169, 105.22065329310024
19.918000000001687, 105.23316527984802
19.91900000000169, 105.24577027621507
19.920000000001693, 105.25846654275622
19.921000000001698, 105.2712523400262
19.922000000001695, 105.28412592857981
19.923000000001696, 105.2970855689718
19.924000000001698, 105.31012952175698
19.925000000001702, 105.3232560474901
19.9260000000017, 105.33646340672601
19.927000000001698, 105.34974986001939
19.928000000001703, 105.36311366792506
19.9290000000017, 105.37655309099782
19.930000000001705, 105.3900663897924
19.931000000001706, 105.40365182486362
19.932000000001707, 105.41730765676621
19.933000000001712, 105.43103214605503
19.93400000000171, 105.44482355328478
19.935000000001708, 105.45868013901024
19.936000000001716, 105.47260016378627
19.93700000000171, 105.48658188816755
19.938000000001715, 105.50062357270888
19.939000000001716, 105.51472347796509
19.940000000001717, 105.5288798644909
19.94100000000172, 105.54309099284113
19.94200000000172, 105.5573551235705
19.943000000001717, 105.57167051723388
19.944000000001722, 105.58603543438596
19.945000000001723, 105.60044813558156
19.946000000001725, 105.61490688137543
19.94700000000173, 105.6294099323224
19.948000000001727, 105.6439555489772
19.94900000000173, 105.65854199189461
19.95000000000173, 105.67316752162945
19.951000000001734, 105.68783039873645
19.952000000001735, 105.70252888377041
19.953000000001733, 105.71726123728607
19.954000000001734, 105.7320257204352
19.955000000001736, 105.74682103790911
19.956000000001737, 105.7616471238493
19.957000000001734, 105.77650412367336
19.95800000000174, 105.79139218279886
19.95900000000174, 105.80631144664333
19.96000000000174, 105.82126206062439
19.961000000001743, 105.83624417015962
19.962000000001744, 105.85125792066651
19.963000000001742, 105.86630345756271
19.964000000001747, 105.88138092626578
19.965000000001744, 105.89649047219321
19.96600000000175, 105.91163224076269
19.967000000001747, 105.9268063773917
19.96800000000175, 105.94201302749784
19.969000000001753, 105.95725233649873
19.970000000001754, 105.97252444981187
19.97100000000176, 105.98782951285484
19.972000000001756, 106.00316767104525
19.97300000000176, 106.01853906980065
19.97400000000176, 106.03394385453856
19.97500000000176, 106.04938217067667
19.97600000000176, 106.06485416363245
19.977000000001762, 106.08035997882348
19.97800000000176, 106.0958997616674
19.979000000001765, 106.11147365758168
19.980000000001766, 106.12708181198394
19.981000000001767, 106.1427243702918
19.98200000000177, 106.15840147792272
19.98300000000177, 106.17411328029439
19.98400000000177, 106.18985992282428
19.98500000000177, 106.20564155093004
19.986000000001773, 106.22145831002919
19.98700000000178, 106.23731034553931
19.988000000001776, 106.25319780287799
19.989000000001777, 106.26912082746277
19.99000000000178, 106.28507956471127
19.99100000000178, 106.30107416004097
19.99200000000178, 106.31710475886956
19.993000000001782, 106.33317150661452
19.994000000001783, 106.34927454869344
19.995000000001788, 106.36541403052391
19.996000000001786, 106.38159009752349
19.99700000000179, 106.39780289510975
19.998000000001788, 106.4140525687003
19.99900000000179, 106.43033926371261
20.00000000000179, 106.44666312556434
20.001000000001792, 106.46302429967301
20.002000000001793, 106.47942293145626
20.003000000001794, 106.4958591663316
20.0040000000018, 106.5123331497166
20.005000000001793, 106.52884502702888
20.006000000001794, 106.54539494368593
20.0070000000018, 106.5619830451054
20.008000000001797, 106.5786094767048
20.0090000000018, 106.59527438390174
20.010000000001803, 106.6119779121138
20.011000000001804, 106.62872020675852
20.0120000000018, 106.64550141325348
20.013000000001806, 106.66232167701625
20.014000000001804, 106.67918114346438
20.01500000000181, 106.69607995801547
20.01600000000181, 106.71301826608709
20.017000000001808, 106.72999621308321
20.018000000001813, 106.74701388494064
20.019000000001814, 106.76407117174053
20.020000000001815, 106.78116792330134
20.021000000001816, 106.79830398944169
20.02200000000182, 106.81547921998006
20.02300000000182, 106.83269346473493
20.02400000000182, 106.84994657352482
20.02500000000182, 106.86723839616832
20.026000000001822, 106.88456878248385
20.02700000000182, 106.90193758229
20.02800000000183, 106.91934464540525
20.029000000001826, 106.93678982164812
20.030000000001824, 106.95427296083712
20.03100000000183, 106.97179391279079
20.03200000000183, 106.98935252732758
20.03300000000183, 107.00694865426608
20.034000000001832, 107.0245821434248
20.03500000000183, 107.04225284462218
20.036000000001835, 107.05996060767684
20.037000000001836, 107.07770528240724
20.038000000001837, 107.09548671863189
20.03900000000184, 107.1133047661693
20.04000000000184, 107.13115927483801
20.04100000000184, 107.1490500944565
20.042000000001842, 107.16697707484337
20.043000000001843, 107.18494006581702
20.044000000001844, 107.20293891719606
20.04500000000185, 107.22097347879895
20.046000000001843, 107.23904360044422
20.047000000001848, 107.2571491319504
20.04800000000185, 107.27528992313599
20.04900000000185, 107.29346582381952
20.05000000000185, 107.31167668381948
20.051000000001853, 107.32992235295441
20.052000000001854, 107.34820268104282
20.053000000001855, 107.36651751790322
20.054000000001857, 107.38486671335413
20.055000000001858, 107.40325011721406
20.05600000000186, 107.42166757930153
20.057000000001857, 107.44011894943506
20.058000000001858, 107.45860407743315
20.059000000001863, 107.47712281311433
20.06000000000186, 107.49567500629709
20.06100000000186, 107.51426050680001
20.062000000001866, 107.53287916444152
20.063000000001868, 107.55153082904022
20.06400000000187, 107.57021535041454
20.06500000000187, 107.58893257838307
20.06600000000187, 107.60768236276428
20.067000000001872, 107.62646455337669
20.068000000001874, 107.64527900003884
20.069000000001875, 107.66412555256923
20.07000000000188, 107.68300406078639
20.071000000001877, 107.70191437450879
20.07200000000188, 107.720856343555
20.073000000001876, 107.73982981774353
20.07400000000188, 107.75883464689284
20.075000000001882, 107.77787068082145
20.07600000000188, 107.79693776934802
20.077000000001885, 107.81603576229088
20.078000000001886, 107.83516450946861
20.079000000001887, 107.85432386069975
20.08000000000189, 107.87351366580282
20.08100000000189, 107.89273377459632
20.08200000000189, 107.91198403689873
20.083000000001892, 107.93126430252863
20.084000000001893, 107.95057442130448
20.085000000001894, 107.96991424304484
20.086000000001896, 107.9892836175682
20.087000000001897, 108.00868239469307
20.088000000001898, 108.02811042423797
20.0890000000019, 108.04756753740071
20.0900000000019, 108.06705328500801
20.091000000001902, 108.08656700115834
20.092000000001903, 108.10610801432287
20.093000000001904, 108.12567565297284
20.09400000000191, 108.14526924557957
20.095000000001907, 108.1648881206142
20.096000000001908, 108.18453160654796
20.09700000000191, 108.20419903185217
20.09800000000191, 108.223889724998
20.099000000001908, 108.24360301445668
20.100000000001913, 108.26333822869952
20.101000000001914, 108.28309469619765
20.102000000001915, 108.3028717454224
20.103000000001916, 108.32266870484494
20.104000000001918, 108.34248490293655
20.10500000000192, 108.36231966816844
20.10600000000192, 108.38217232901184
20.10700000000192, 108.40204221393803
20.108000000001923, 108.42192865141817
20.109000000001924, 108.44183096992356
20.110000000001925, 108.46174849792538
20.111000000001926, 108.48168056389497
20.112000000001927, 108.50162649630347
20.11300000000193, 108.52158562362212
20.11400000000193, 108.5415572743222
20.115000000001935, 108.56154077687492
20.116000000001932, 108.58153545975152
20.11700000000193, 108.60154065142322
20.118000000001935, 108.62155568036125
20.119000000001936, 108.6415798750369
20.120000000001937, 108.66161256392141
20.12100000000194, 108.68165307548591
20.12200000000194, 108.70170073820174
20.12300000000194, 108.72175488054008
20.124000000001942, 108.74181483097215
20.125000000001943, 108.76187991796931
20.126000000001945, 108.78194947000264
20.127000000001946, 108.80202281554344
20.128000000001947, 108.82209928306294
20.129000000001948, 108.84217820103241
20.13000000000195, 108.86225889792307
20.13100000000195, 108.88234070220611
20.132000000001952, 108.90242294235283
20.133000000001953, 108.92250494683441
20.134000000001954, 108.94258604412212
20.135000000001956, 108.96266556268718
20.136000000001957, 108.98274283100085
20.137000000001958, 109.00281717753435
20.138000000001963, 109.02288793075888
20.13900000000196, 109.04295441914572
20.14000000000196, 109.0630159711661
20.141000000001963, 109.08307191529127
20.14200000000196, 109.10312157999242
20.143000000001965, 109.12316429374081
20.144000000001967, 109.14319938500769
20.145000000001968, 109.16322618226428
20.14600000000197, 109.18324401398182
20.14700000000197, 109.20325220863153
20.14800000000197, 109.22325009468467
20.149000000001973, 109.24323700061248
20.15000000000197, 109.26321225488616
20.151000000001975, 109.28317518597697
20.15200000000198, 109.30312512235614
20.153000000001978, 109.32306139249492
20.15400000000198, 109.34298332486453
20.155000000001976, 109.3628902479362
20.15600000000198, 109.38278149018119
20.157000000001982, 109.40265638007071
20.15800000000198, 109.42251424607598
20.159000000001985, 109.44235441666831
20.160000000001986, 109.46217622031887
20.161000000001984, 109.48197898549891
20.16200000000199, 109.50176204067965
20.16300000000199, 109.5215247143324
20.16400000000199, 109.54126633492828
20.165000000001992, 109.56098643734079
20.166000000001993, 109.58068558219732
20.167000000001998, 109.60036464816807
20.168000000002, 109.62002451402005
20.169000000001997, 109.63966605852036
20.170000000002, 109.65929016043611
20.171000000002, 109.6788976985344
20.172000000002, 109.69848955158223
20.173000000002002, 109.71806659834678
20.174000000002007, 109.7376297175951
20.175000000002004, 109.75717978809426
20.176000000002006, 109.77671768861137
20.177000000002007, 109.7962442979135
20.178000000002005, 109.81576049476774
20.17900000000201, 109.83526715794119
20.18000000000201, 109.8547651662009
20.18100000000201, 109.87425539831396
20.182000000002013, 109.89373873304754
20.183000000002014, 109.91321604916862
20.184000000002015, 109.93268822544434
20.185000000002017, 109.95215614064173
20.186000000002018, 109.97162067352797
20.18700000000202, 109.99108270287005
20.18800000000202, 110.01054310743515
20.18900000000202, 110.03000276599026
20.190000000002023, 110.04946255730255
20.191000000002024, 110.06892336013904
20.192000000002025, 110.08838605326685
20.193000000002026, 110.10785151545302
20.194000000002028, 110.12732062546472
20.195000000002025, 110.14679426206898
20.19600000000203, 110.16627330403288
20.19700000000203, 110.18575863012354
20.198000000002033, 110.20525111910801
20.199000000002034, 110.22475164975339
20.200000000002035, 110.24426110082679
20.20100000000204, 110.26378035109525
20.202000000002037, 110.28331027932589
20.20300000000204, 110.30285176428576
20.204000000002043, 110.32240568474202
20.205000000002045, 110.34197291946165
20.206000000002042, 110.36155434721186
20.207000000002044, 110.38115084675964
20.208000000002045, 110.40076329687207
20.209000000002042, 110.42039257631632
20.210000000002047, 110.44003956385937
20.21100000000205, 110.45970513826842
20.21200000000205, 110.47939017831044
20.213000000002054, 110.49909556275263
20.214000000002052, 110.51882217036196
20.215000000002053, 110.53857087990562
20.21600000000205, 110.55834257015063
20.217000000002056, 110.57813811986411
20.218000000002057, 110.5979584078131
20.219000000002058, 110.61780431276475
20.22000000000206, 110.6376767134861
20.22100000000206, 110.65757648874425
20.222000000002062, 110.67750451730629
20.22300000000206, 110.69746167793929
20.224000000002064, 110.71744884941035
20.225000000002066, 110.73746691048655
20.226000000002067, 110.75751673993497
20.227000000002068, 110.77759921652273
20.22800000000207, 110.79771507082323
20.22900000000207, 110.81786415201591
20.230000000002075, 110.8380459847275
20.231000000002073, 110.85826009307789
20.232000000002074, 110.87850600118698
20.233000000002075, 110.89878323317465
20.234000000002077, 110.91909131316086
20.235000000002078, 110.93942976526549
20.23600000000208, 110.95979811360843
20.23700000000208, 110.98019588230963
20.23800000000208, 111.00062259548889
20.239000000002083, 111.0210777772662
20.24000000000208, 111.04156095176147
20.24100000000209, 111.06207164309454
20.242000000002086, 111.08260937538535
20.243000000002088, 111.10317367275381
20.244000000002085, 111.12376405931985
20.24500000000209, 111.14438005920327
20.246000000002095, 111.16502119652408
20.247000000002092, 111.18568699540211
20.248000000002094, 111.20637697995734
20.249000000002095, 111.22709067430961
20.250000000002096, 111.24782760257884
20.251000000002097, 111.26858728888493
20.252000000002102, 111.28936925734777
20.2530000000021, 111.31017303208733
20.2540000000021, 111.33099813722343
20.255000000002102, 111.35184409687602
20.256000000002103, 111.37271043516498
20.257000000002105, 111.39359667621022
20.25800000000211, 111.41450234413166
20.25900000000211, 111.43542696304917
20.260000000002112, 111.4563700570827
20.26100000000211, 111.47733115035211
20.26200000000211, 111.49830976697729
20.263000000002112, 111.51930543107822
20.264000000002113, 111.54031766677474
20.265000000002114, 111.56134599818677
20.266000000002116, 111.5823899494342
20.267000000002113, 111.60344904463697
20.268000000002118, 111.62452280791491
20.269000000002116, 111.64561076338802
20.27000000000212, 111.66671243517612
20.27100000000212, 111.68782734739915
20.272000000002127, 111.70895502417703
20.27300000000212, 111.73009498962965
20.274000000002122, 111.75124676787686
20.275000000002127, 111.77240988303868
20.27600000000213, 111.79358385923486
20.27700000000213, 111.81476822058544
20.278000000002134, 111.83596249121021
20.27900000000213, 111.85716619522917
20.28000000000213, 111.87837885676223
20.281000000002134, 111.89959999992917
20.282000000002135, 111.92082914885002
20.28300000000214, 111.94206582764465
20.284000000002138, 111.9633095604329
20.28500000000214, 111.98455987133474
20.28600000000214, 112.00581628447006
20.28700000000214, 112.02707832395872
20.288000000002143, 112.0483455139207
20.289000000002147, 112.06961737847584
20.29000000000214, 112.09089344174407
20.291000000002143, 112.11217322784532
20.292000000002147, 112.13345626089941
20.293000000002152, 112.15474206502631
20.294000000002153, 112.1760301643459
20.29500000000215, 112.19732008297811
20.296000000002152, 112.21861134504282
20.297000000002154, 112.23990347465993
20.298000000002155, 112.26119599594936
20.299000000002156, 112.28248843303102
20.300000000002157, 112.30378031002475
20.30100000000216, 112.32507115276627
20.30200000000216, 112.34636061933816
20.30300000000216, 112.36764859171035
20.304000000002162, 112.38893497350429
20.305000000002163, 112.41021966834157
20.306000000002165, 112.43150257984362
20.307000000002166, 112.452783611632
20.308000000002167, 112.47406266732811
20.309000000002168, 112.49533965055357
20.31000000000217, 112.51661446492986
20.31100000000217, 112.53788701407842
20.312000000002172, 112.55915720162079
20.31300000000217, 112.58042493117851
20.314000000002174, 112.60169010637308
20.315000000002176, 112.62295263082595
20.316000000002177, 112.64421240815867
20.317000000002178, 112.66546934199275
20.318000000002183, 112.68672333594962
20.31900000000218, 112.70797429365086
20.32000000000218, 112.72922211871796
20.321000000002183, 112.75046671477241
20.322000000002184, 112.77170798543574
20.323000000002185, 112.79294583432944
20.324000000002187, 112.81418016507499
20.325000000002188, 112.83541088129391
20.32600000000219, 112.85663788660773
20.32700000000219, 112.87786108463794
20.32800000000219, 112.89908037900602
20.329000000002193, 112.92029567333351
20.330000000002194, 112.9415068712419
20.331000000002195, 112.96271387635267
20.332000000002196, 112.98391659228734
20.333000000002198, 113.00511492266746
20.334000000002195, 113.02630877111449
20.3350000000022, 113.04749804124992
20.3360000000022, 113.06868263669531
20.3370000000022, 113.08986246107204
20.338000000002207, 113.11103741800179
20.339000000002205, 113.13220741110595
20.340000000002203, 113.15337234400607
20.341000000002207, 113.17453212032363
20.34200000000221, 113.1956866436801
20.34300000000221, 113.21683581769707
20.344000000002207, 113.23797954599601
20.345000000002216, 113.25911773219838
20.346000000002213, 113.28025027992574
20.347000000002215, 113.30137709279957
20.34800000000222, 113.32249807444138
20.349000000002217, 113.34361312847268
20.35000000000222, 113.36472215851492
20.351000000002216, 113.3858250681897
20.352000000002217, 113.40692176111844
20.353000000002222, 113.42801214092272
20.354000000002223, 113.449096111224
20.355000000002224, 113.47017357564377
20.35600000000223, 113.49124443780356
20.357000000002223, 113.51230860132486
20.358000000002228, 113.53336596982916
20.35900000000223, 113.55441644693805
20.36000000000223, 113.57545993627295
20.36100000000223, 113.59649634145536
20.362000000002233, 113.61752556610682
20.363000000002234, 113.63854751384882
20.36400000000224, 113.65956208830289
20.365000000002237, 113.68056919309052
20.366000000002238, 113.70156873183316
20.36700000000224, 113.72256060815239
20.36800000000224, 113.74354472566968
20.369000000002245, 113.76452098800658
20.370000000002243, 113.7854892987845
20.371000000002244, 113.80644956162504
20.372000000002245, 113.82740168014965
20.373000000002246, 113.84834555797984
20.374000000002244, 113.86928109873713
20.37500000000225, 113.8902082217603
20.37600000000225, 113.91112699178828
20.37700000000225, 113.93203755223526
20.378000000002256, 113.95294004728845
20.379000000002254, 113.9738346211349
20.38000000000226, 113.99472141796177
20.381000000002256, 114.01560058195622
20.382000000002257, 114.03647225730536
20.38300000000226, 114.05733658819635
20.384000000002256, 114.07819371881628
20.38500000000226, 114.09904379335231
20.386000000002262, 114.11988695599156
20.387000000002264, 114.14072335092119
20.38800000000226, 114.16155312232833
20.389000000002262, 114.18237641440011
20.390000000002267, 114.20319337132364
20.39100000000227, 114.22400413728606
20.39200000000227, 114.24480885647453
20.39300000000227, 114.2656076730762
20.394000000002272, 114.28640073127815
20.395000000002273, 114.30718817526753
20.39600000000227, 114.32797014923146
20.397000000002276, 114.34874679735714
20.398000000002277, 114.36951826383161
20.39900000000228, 114.3902846928421
20.400000000002283, 114.41104622857569
20.40100000000228, 114.43180301521953
20.402000000002282, 114.45255519696072
20.403000000002283, 114.4733029179864
20.40400000000228, 114.49404632248374
20.405000000002286, 114.51478555463986
20.40600000000229, 114.5355207586419
20.407000000002288, 114.55625207867699
20.40800000000229, 114.57697965893225
20.40900000000229, 114.59770364359483
20.41000000000229, 114.61842417685185
20.411000000002293, 114.63914140289044
20.412000000002294, 114.65985546589773
20.413000000002295, 114.68056651006093
20.414000000002293, 114.70127467956709
20.415000000002298, 114.72198011860334
20.4160000000023, 114.74268297135681
20.4170000000023, 114.76338338201477
20.4180000000023, 114.78408149476417
20.419000000002303, 114.80477745379224
20.420000000002304, 114.82547140328607
20.421000000002305, 114.84616348743286
20.422000000002306, 114.86685385041969
20.423000000002308, 114.88754263643368
20.42400000000231, 114.90822998966206
20.42500000000231, 114.92891605429185
20.42600000000231, 114.94960097451023
20.427000000002312, 114.97028489450432
20.428000000002314, 114.99096795846131
20.42900000000232, 115.01165031056826
20.430000000002316, 115.03233209501238
20.43100000000232, 115.05301345598068
20.43200000000232, 115.07369453766044
20.43300000000232, 115.0943754842387
20.43400000000232, 115.11505643990265
20.435000000002322, 115.13573754883934
20.436000000002323, 115.156418955236
20.437000000002325, 115.17710080327971
20.438000000002326, 115.19778326495235
20.439000000002327, 115.218466827958
20.44000000000233, 115.23915218023697
20.44100000000233, 115.25984001291506
20.442000000002334, 115.28053101711795
20.443000000002332, 115.30122588397137
20.444000000002333, 115.32192530460104
20.445000000002334, 115.34262997013268
20.44600000000234, 115.36334057169202
20.447000000002337, 115.38405780040478
20.448000000002338, 115.40478234739675
20.44900000000234, 115.42551490379353
20.45000000000234, 115.44625616072095
20.45100000000234, 115.4670068093047
20.452000000002343, 115.4877675406705
20.453000000002344, 115.50853904594409
20.454000000002345, 115.52932201625117
20.455000000002347, 115.55011714271751
20.456000000002348, 115.57092511646879
20.45700000000235, 115.5917466286307
20.45800000000235, 115.6125823703291
20.459000000002355, 115.63343303268958
20.460000000002356, 115.65429930683797
20.461000000002354, 115.67518188389988
20.462000000002355, 115.69608145500112
20.463000000002356, 115.71699871126742
20.464000000002358, 115.73793434382445
20.46500000000236, 115.75888904379798
20.46600000000236, 115.7798635023137
20.46700000000236, 115.80085841049737
20.468000000002363, 115.82187445947469
20.469000000002364, 115.8429123403714
20.470000000002365, 115.86397274431322
20.471000000002366, 115.88505636242586
20.47200000000237, 115.90616388583507
20.47300000000237, 115.92729600566656
20.47400000000237, 115.94845341304607
20.47500000000237, 115.96963679909933
20.476000000002372, 115.99084685495201
20.47700000000237, 116.01208427172989
20.478000000002375, 116.0333497405587
20.47900000000238, 116.05464395256415
20.480000000002377, 116.07596759887196
20.481000000002375, 116.09732137060783
20.482000000002376, 116.11870595889752
20.48300000000238, 116.14012205486674
20.484000000002382, 116.16157034964127
20.485000000002383, 116.18305153434673
20.486000000002385, 116.20456630010894
20.487000000002386, 116.22611533805355
20.488000000002387, 116.24769933930638
20.489000000002388, 116.26931899499306
20.490000000002393, 116.29097499623936
20.491000000002387, 116.31266803417103
20.492000000002392, 116.33439879991373
20.49300000000239, 116.35616798459321
20.494000000002394, 116.37797627933521
20.495000000002396, 116.39982437526547
20.496000000002397, 116.42171296350969
20.497000000002398, 116.4436427351936
20.498000000002396, 116.46561438144292
20.4990000000024, 116.48762859338339
20.5000000000024, 116.50968606214073
20.501000000002403, 116.53178747884067
20.502000000002404, 116.55393353460887
20.503000000002405, 116.57612492057116
20.504000000002407, 116.59836232785321
20.50500000000241, 116.62064644758077
20.50600000000241, 116.64297797087951
20.507000000002407, 116.66535758887524
20.50800000000241, 116.68778599269359
20.509000000002413, 116.71026387346036
20.510000000002414, 116.73279192230123
20.511000000002415, 116.75537083054257
20.512000000002416, 116.77800152578394
20.51300000000242, 116.80068562856633
20.51400000000242, 116.82342488580832
20.51500000000242, 116.84622104442863
20.51600000000242, 116.86907585134585
20.517000000002422, 116.89199105347866
20.518000000002424, 116.91496839774575
20.519000000002425, 116.93800963106575
20.520000000002426, 116.96111650035733
20.521000000002427, 116.98429075253915
20.52200000000243, 117.00753413452986
20.52300000000243, 117.0308483932481
20.52400000000243, 117.05423527561257
20.525000000002432, 117.0776965285419
20.526000000002433, 117.10123389895475
20.527000000002435, 117.12484913376977
20.528000000002436, 117.14854397990568
20.52900000000244, 117.17232018428103
20.53000000000244, 117.19617949381455
20.531000000002436, 117.22012365542493
20.53200000000244, 117.24415441603071
20.533000000002446, 117.26827352255066
20.534000000002443, 117.29248272190341
20.53500000000244, 117.31678376100757
20.536000000002442, 117.34117838678185
20.537000000002447, 117.3656683461449
20.538000000002448, 117.39025538601535
20.53900000000245, 117.4149412533119
20.540000000002454, 117.43972769495315
20.54100000000245, 117.46461645785783
20.542000000002453, 117.48960928894459
20.543000000002458, 117.51470793513201
20.54400000000246, 117.53991414333878
20.545000000002457, 117.56522966048362
20.546000000002458, 117.59065623348513
20.54700000000246, 117.61619560926198
20.54800000000246, 117.64184953473283
20.54900000000246, 117.66761975681635
20.550000000002466, 117.69350802243119
20.551000000002464, 117.71951607849601
20.552000000002465, 117.7456456719294
20.553000000002466, 117.77189854965013
20.554000000002468, 117.7982764585768
20.55500000000247, 117.8247811456281
20.556000000002474, 117.85141435772262
20.55700000000247, 117.87817784177909
20.558000000002473, 117.90507334471613
20.559000000002474, 117.93210261345243
20.560000000002475, 117.95926739490659
20.56100000000248, 117.98656943599732
20.562000000002477, 118.01401048364325
20.563000000002475, 118.04159228476308
20.564000000002476, 118.06931650089317
20.56500000000248, 118.09718326022357
20.566000000002482, 118.12519136434075
20.56700000000248, 118.15333957106932
20.568000000002485, 118.18162663823396
20.569000000002486, 118.21005132365933
20.570000000002487, 118.2386123851701
20.571000000002492, 118.2673085805909
20.57200000000249, 118.2961386677464
20.57300000000249, 118.32510140446124
20.574000000002492, 118.35419554856009
20.575000000002493, 118.38341985786761
20.576000000002495, 118.41277309020847
20.5770000000025, 118.4422540034073
20.5780000000025, 118.47186135528875
20.579000000002498, 118.5015939036775
20.580000000002503, 118.53145040639822
20.5810000000025, 118.56142962127552
20.5820000000025, 118.59153030613408
20.583000000002503, 118.62175121879856
20.584000000002504, 118.65209111709365
20.58500000000251, 118.68254875884395
20.586000000002507, 118.71312290187419
20.587000000002508, 118.74381230400891
20.58800000000251, 118.77461572307286
20.589000000002507, 118.80553191689064
20.59000000000251, 118.83655964328699
20.591000000002513, 118.86769766008649
20.592000000002514, 118.89894472511385
20.593000000002515, 118.93029959619366
20.594000000002517, 118.96176103115064
20.59500000000252, 118.99332778780942
20.596000000002523, 119.02499862399465
20.59700000000252, 119.056772297531
20.59800000000252, 119.08864756624317
20.599000000002523, 119.12062318795567
20.600000000002527, 119.15269792049334
20.601000000002525, 119.18487052168072
20.602000000002523, 119.21713974934252
20.603000000002528, 119.24950436130334
20.60400000000253, 119.2819631153879
20.60500000000253, 119.31451476942085
20.606000000002535, 119.3471580812268
20.607000000002532, 119.37989180863043
20.608000000002534, 119.41271470945642
20.609000000002535, 119.44562554152941
20.610000000002536, 119.47862306267405
20.611000000002534, 119.51170603071499
20.61200000000254, 119.5448732034769
20.61300000000254, 119.57812333878445
20.614000000002545, 119.61145519446228
20.615000000002542, 119.64486752833506
20.616000000002543, 119.6783590982274
20.617000000002548, 119.71192866196404
20.618000000002546, 119.74557497736959
20.619000000002547, 119.77929680226868
20.620000000002545, 119.81309289448599
20.62100000000255, 119.84696201184619
20.62200000000255, 119.88090291217395
20.623000000002552, 119.91491435329385
20.624000000002553, 119.94899509303065
20.625000000002558, 119.98314388920895
20.626000000002552, 120.0173594996534
20.627000000002557, 120.05164068218869
20.628000000002558, 120.08598619463942
20.62900000000256, 120.12039479483033
20.630000000002557, 120.15486524058602
20.63100000000256, 120.18939628973115
20.632000000002563, 120.22398670009039
20.63300000000256, 120.25863522948839
20.634000000002565, 120.29334063574981
20.635000000002567, 120.32810167669933
20.636000000002568, 120.36291711016153
20.63700000000257, 120.3977856939612
20.638000000002574, 120.43270618592285
20.639000000002575, 120.46767734387122
20.64000000000257, 120.50269792563097
20.641000000002574, 120.53776668902674
20.642000000002575, 120.57288239188314
20.64300000000258, 120.60804379202492
20.644000000002578, 120.64324964727668
20.64500000000258, 120.67849871546305
20.64600000000258, 120.71378975440877
20.647000000002578, 120.74912152193839
20.648000000002583, 120.78449277587669
20.649000000002584, 120.81990227404823
20.65000000000258, 120.85534877427769
20.651000000002586, 120.89083103438975
20.652000000002587, 120.92634781220906
20.65300000000259, 120.96189786556025
20.65400000000259, 120.99747995226802
20.65500000000259, 121.033092830157
20.65600000000259, 121.06873525705186
20.65700000000259, 121.1044059907772
20.658000000002595, 121.14010378915776
20.659000000002596, 121.17582741001814
20.6600000000026, 121.21157561118305
20.661000000002595, 121.2473471504771
20.6620000000026, 121.28314074441042
20.663000000002597, 121.3189539770795
20.664000000002602, 121.3547831886342
20.665000000002603, 121.39062465554142
20.666000000002605, 121.42647465426805
20.667000000002606, 121.46232946128103
20.668000000002607, 121.49818535304726
20.669000000002608, 121.53403860603368
20.67000000000261, 121.56988549670712
20.67100000000261, 121.60572230153454
20.67200000000261, 121.64154529698288
20.673000000002613, 121.67735075951902
20.674000000002614, 121.71313496560984
20.675000000002616, 121.74889419172226
20.676000000002617, 121.78462471432326
20.677000000002618, 121.82032280987961
20.67800000000262, 121.85598475485835
20.67900000000262, 121.89160682572631
20.68000000000262, 121.92718529895046
20.681000000002626, 121.9627164509977
20.682000000002624, 121.99819655833484
20.68300000000262, 122.0336218974289
20.684000000002627, 122.06898874474675
20.685000000002628, 122.10429337675534
20.68600000000263, 122.13953206992153
20.68700000000263, 122.17470110071224
20.68800000000263, 122.2097967455944
20.689000000002633, 122.24481528103487
20.690000000002634, 122.27975298350061
20.691000000002635, 122.31460612945851
20.692000000002636, 122.3493709953755
20.693000000002634, 122.38404385771841
20.69400000000264, 122.41862099295426
20.69500000000264, 122.45309867754989
20.69600000000264, 122.48747318797223
20.69700000000264, 122.52174080068815
20.698000000002644, 122.55589779216463
20.699000000002645, 122.58994043886854
20.70000000000265, 122.6238650172668
20.701000000002647, 122.6576678038263
20.702000000002645, 122.69134507501397
20.70300000000265, 122.72489310729668
20.704000000002655, 122.75830817714143
20.705000000002652, 122.79158656101501
20.706000000002657, 122.8247245353844
20.707000000002655, 122.85771837671652
20.708000000002656, 122.89056436147825
20.709000000002657, 122.9232587661365
20.71000000000266, 122.95579786715818
20.71100000000266, 122.98817788341546
20.712000000002657, 123.0203930187968
20.713000000002662, 123.05243498234447
20.714000000002663, 123.08429532815848
20.715000000002664, 123.11596561033906
20.716000000002662, 123.14743738298611
20.717000000002667, 123.1787022001998
20.71800000000267, 123.20975161608015
20.71900000000267, 123.24057718472726
20.72000000000267, 123.27117046024121
20.721000000002668, 123.30152299672203
20.722000000002673, 123.33162634826978
20.723000000002674, 123.36147206898463
20.724000000002675, 123.39105171296654
20.725000000002677, 123.42035683431563
20.726000000002678, 123.44937898713195
20.72700000000268, 123.47810972551557
20.72800000000268, 123.50654060356663
20.72900000000268, 123.53466317538509
20.730000000002683, 123.56246899507107
20.731000000002684, 123.58994961672468
20.732000000002685, 123.6170965944459
20.733000000002686, 123.64390148233487
20.734000000002688, 123.67035583449169
20.73500000000269, 123.69645120501633
20.73600000000269, 123.7221791480089
20.73700000000269, 123.74753121756953
20.738000000002693, 123.77249896779819
20.739000000002694, 123.79707395279505
20.7400000000027, 123.82124772666012
20.741000000002696, 123.8450118434935
20.742000000002697, 123.86835785739521
20.743000000002695, 123.89127732246536
20.7440000000027, 123.91376179280405
20.7450000000027, 123.93580282251122
20.746000000002702, 123.95739196568715
20.747000000002704, 123.97852077643171
20.748000000002705, 123.99918080884508
20.749000000002702, 124.0193636170273
20.750000000002704, 124.0390607550785
20.75100000000271, 124.0582637770986
20.752000000002706, 124.07696423718784
20.753000000002707, 124.09515368944616
20.754000000002712, 124.11282368797373
20.755000000002713, 124.12996578687054
20.756000000002715, 124.14657154023669
20.757000000002716, 124.16263250217229
20.758000000002717, 124.17814022677734
20.759000000002718, 124.19308626815197
20.76000000000272, 124.20746218039622
20.76100000000272, 124.22125951761015
20.762000000002722, 124.23446983389388
20.763000000002723, 124.24708468334742
20.764000000002724, 124.25909562007087
20.765000000002725, 124.2704941981643
20.766000000002727, 124.28127197172776
20.767000000002728, 124.29142049486131
20.76800000000273, 124.30093132166513
20.76900000000273, 124.30979600623914
20.77000000000273, 124.31800610268348
20.771000000002733, 124.32555316509823
20.772000000002734, 124.33242874758348
20.77300000000274, 124.3386244042392
20.774000000002736, 124.34413168916558
20.775000000002734, 124.34894215646261
20.77600000000274, 124.35304736023036
20.77700000000274, 124.35643885456898
20.77800000000274, 124.35910819357849
20.779000000002743, 124.36104693135891
20.780000000002744, 124.36224662201039
20.781000000002745, 124.36269881963295
20.78200000000275, 124.3623950783267
20.783000000002747, 124.36132695219166
20.78400000000275, 124.35948599532796
20.785000000002753, 124.35686376183563
20.78600000000275, 124.35345180581474
20.787000000002752, 124.34924255403217
20.788000000002754, 124.34423608692836
20.789000000002755, 124.33843645059548
20.790000000002753, 124.3318477246477
20.791000000002757, 124.32447398869922
20.79200000000276, 124.31631932236425
20.79300000000276, 124.30738780525702
20.79400000000276, 124.29768351699167
20.795000000002762, 124.2872105371824
20.79600000000276, 124.27597294544351
20.797000000002768, 124.2639748213891
20.798000000002766, 124.2512202446334
20.799000000002763, 124.23771329479062
20.80000000000277, 124.22345805147494
20.80100000000277, 124.2084585943006
20.802000000002767, 124.19271900288176
20.80300000000277, 124.17624335683266
20.804000000002773, 124.15903573576746
20.805000000002774, 124.1411002193004
20.806000000002776, 124.12244088704564
20.807000000002777, 124.10306181861742
20.80800000000278, 124.08296709362995
20.80900000000278, 124.06216079169741
20.81000000000278, 124.04064699243395
20.81100000000278, 124.01842977545385
20.812000000002783, 123.9955132203713
20.813000000002784, 123.97190140680044
20.814000000002785, 123.94759841435555
20.815000000002787, 123.92260832265077
20.816000000002788, 123.89693521130033
20.817000000002785, 123.87058315991845
20.818000000002787, 123.84355624811928
20.81900000000279, 123.81585855551705
20.820000000002793, 123.78749416172599
20.821000000002794, 123.75846714636023
20.822000000002795, 123.72878158903409
20.823000000002796, 123.69844156936159
20.8240000000028, 123.66745116695711
20.8250000000028, 123.63581446143476
20.826000000002796, 123.60353553240876
20.8270000000028, 123.57061845949329
20.828000000002802, 123.5370673223026
20.829000000002804, 123.50288620045086
20.830000000002805, 123.46807917355225
20.831000000002806, 123.432650321221
20.832000000002807, 123.39660372307132
20.83300000000281, 123.35994345871737
20.834000000002806, 123.3226736077734
20.83500000000281, 123.28479824985357
20.836000000002812, 123.24632146457216
20.837000000002813, 123.20724733154324
20.838000000002815, 123.16757993038114
20.839000000002812, 123.12732334069997
20.840000000002817, 123.08648164211397
20.84100000000282, 123.04505891423733
20.84200000000282, 123.00305923668427
20.843000000002817, 122.96048668906897
20.844000000002822, 122.91734535100568
20.845000000002823, 122.8736393021085
20.84600000000282, 122.82937262199175
20.847000000002826, 122.78454939026949
20.848000000002823, 122.73917368655609
20.849000000002828, 122.69324959046564
20.85000000000283, 122.64678118161234
20.85100000000283, 122.59977253961046
20.852000000002832, 122.55222774407413
20.853000000002833, 122.50415087461761
20.854000000002834, 122.45554596677019
20.855000000002835, 122.40641596692146
20.856000000002837, 122.35676268883653
20.857000000002838, 122.3065878934944
20.85800000000284, 122.25589334187413
20.85900000000284, 122.20468079495484
20.86000000000284, 122.1529520137156
20.861000000002843, 122.10070875913541
20.862000000002844, 122.04795279219337
20.863000000002845, 121.99468587386856
20.864000000002843, 121.94090976514002
20.865000000002848, 121.88662622698683
20.86600000000285, 121.83183702038802
20.86700000000285, 121.77654390632269
20.868000000002855, 121.7207486457699
20.869000000002853, 121.66445299970871
20.870000000002854, 121.60765872911816
20.871000000002855, 121.55036759497739
20.872000000002856, 121.49258135826537
20.873000000002857, 121.43430177996119
20.87400000000286, 121.37553062104398
20.87500000000286, 121.31626964249273
20.87600000000286, 121.25652060528652
20.877000000002862, 121.19628527040447
20.878000000002867, 121.13556539882555
20.879000000002865, 121.0743627515289
20.880000000002866, 121.01267908949356
20.881000000002867, 120.95051617369856
20.88200000000287, 120.887875765123
20.88300000000287, 120.82475962474595
20.88400000000287, 120.76116951354646
20.885000000002872, 120.69710719250361
20.886000000002873, 120.63257442259648
20.887000000002875, 120.56757296480406
20.888000000002876, 120.50210458010548
20.889000000002877, 120.43617102947978
20.89000000000288, 120.36977407390603
20.891000000002883, 120.3029154743633
20.89200000000288, 120.23559699183068
20.893000000002882, 120.16782038728715
20.894000000002883, 120.09958742171189
20.895000000002884, 120.03089985608386
20.89600000000289, 119.96175945138214
20.89700000000289, 119.89216796858587
20.898000000002884, 119.82212716867403
20.89900000000289, 119.75163881262576
20.90000000000289, 119.68070466142005
20.901000000002888, 119.60932647603603
20.902000000002893, 119.53750601745271
20.903000000002894, 119.4652450466492
20.904000000002895, 119.39254532460451
20.905000000002897, 119.31940861229776
20.9060000000029, 119.24583667070799
20.907000000002895, 119.17183126081429
20.9080000000029, 119.09739414359566
20.9090000000029, 119.02252708003124
20.910000000002903, 118.94723183110001
20.911000000002904, 118.87151015778107
20.912000000002905, 118.79536382105354
20.91300000000291, 118.71879458189647
20.914000000002908, 118.64180420128886
20.91500000000291, 118.56439444020981
20.91600000000291, 118.48656705963836
20.91700000000291, 118.40832382055365
20.918000000002912, 118.32966648393469
20.919000000002914, 118.25059681076053
20.920000000002915, 118.17111656201027
20.921000000002916, 118.09122749866293
20.922000000002917, 118.0109313816976
20.92300000000292, 117.93022997209336
20.924000000002916, 117.84912503082924
20.92500000000292, 117.76761831888436
20.926000000002926, 117.68571159723771
20.927000000002923, 117.60340662686843
20.928000000002925, 117.52070516875551
20.929000000002926, 117.43760898387808
20.93000000000293, 117.35411983321518
20.93100000000293, 117.27023947774586
20.93200000000293, 117.18596967844921
20.93300000000293, 117.10131219630424
20.934000000002932, 117.01626879229006
20.935000000002933, 116.93084122738574
20.936000000002934, 116.84503126257036
20.93700000000294, 116.75884065882292
20.938000000002937, 116.67227117712254
20.939000000002938, 116.58532457844825
20.94000000000294, 116.49800262377914
20.94100000000294, 116.41030707409426
20.942000000002942, 116.3222396953463
20.943000000002943, 116.23380327282943
20.94400000000294, 116.14500284914175
20.945000000002945, 116.05584376969469
20.946000000002947, 115.96633137989963
20.947000000002948, 115.87647102516804
20.94800000000295, 115.78626805091137
20.94900000000295, 115.695727802541
20.95000000000295, 115.60485562546837
20.951000000002953, 115.51365686510493
20.952000000002954, 115.42213686686208
20.95300000000295, 115.33030097615128
20.954000000002956, 115.23815453838392
20.955000000002958, 115.14570289897145
20.95600000000296, 115.05295140332528
20.95700000000296, 114.95990539685684
20.95800000000296, 114.86657022497758
20.959000000002963, 114.77295123309894
20.960000000002964, 114.67905376663228
20.961000000002965, 114.58488317098909
20.962000000002966, 114.49044479158077
20.963000000002967, 114.39574397381875
20.96400000000297, 114.30078606311449
20.96500000000297, 114.20557640487935
20.96600000000297, 114.11012034452482
20.967000000002972, 114.0144232274623
20.968000000002974, 113.91849039910322
20.969000000002975, 113.82232720485902
20.970000000002976, 113.72593899014112
20.971000000002977, 113.62933110036093
20.97200000000298, 113.5325088809299
20.97300000000298, 113.43547767725943
20.97400000000298, 113.33824283476102
20.975000000002982, 113.240809698846
20.976000000002983, 113.14318361492587
20.977000000002985, 113.04536992841201
20.978000000002986, 112.94737398471588
20.979000000002987, 112.84920112924891
20.980000000002992, 112.75085670742247
20.981000000002993, 112.65234606464807
20.98200000000299, 112.55367454633705
20.983000000002992, 112.45484749790091
20.984000000002993, 112.35587026475109
20.985000000002994, 112.25674819229896
20.986000000002996, 112.15748662595595
20.987000000002997, 112.05809091113352
20.988000000002998, 111.9585663932431
20.989000000003, 111.85891841769607
20.990000000003, 111.75915232990391
20.991000000003, 111.65927347527801
20.992000000003, 111.55928719922984
20.993000000003004, 111.45919884717077
20.99400000000301, 111.3590137645123
20.99500000000301, 111.25873729666576
20.996000000003008, 111.15837478904265
20.99700000000301, 111.05793158705441
20.99800000000301, 110.95741303942866
20.99900000000301, 110.85682596543796
21.000000000003013, 110.75618096036612
21.001000000003014, 110.65548921715138
21.002000000003015, 110.55476192873196
21.003000000003016, 110.45401028804605
21.004000000003018, 110.35324548803189
21.005000000003015, 110.25247872162761
21.00600000000302, 110.15172118177148
21.00700000000302, 110.05098406140169
21.008000000003022, 109.95027855345643
21.009000000003024, 109.84961585087393
21.010000000003025, 109.74900714659235
21.011000000003026, 109.64846363354997
21.012000000003027, 109.54799650468492
21.01300000000303, 109.44761695293548
21.01400000000303, 109.34733617123979
21.01500000000303, 109.24716535253609
21.016000000003032, 109.14711568976253
21.017000000003033, 109.0471983758574
21.018000000003035, 108.94742460375888
21.019000000003036, 108.84780556640513
21.020000000003037, 108.7483524567344
21.021000000003035, 108.64907646768488
21.02200000000304, 108.54998879219477
21.02300000000304, 108.45110062320231
21.024000000003042, 108.35242315364562
21.02500000000304, 108.25396757646301
21.026000000003044, 108.15574508459261
21.027000000003046, 108.0577668709727
21.028000000003043, 107.9600441285414
21.029000000003045, 107.86258805023697
21.03000000000305, 107.76540982899758
21.03100000000305, 107.66852065776149
21.03200000000305, 107.57193172946685
21.033000000003053, 107.47565423705188
21.034000000003054, 107.3796993734548
21.035000000003055, 107.28407833161384
21.036000000003057, 107.18880230446716
21.037000000003058, 107.09388248495296
21.03800000000306, 106.99933006600946
21.03900000000306, 106.90515624057491
21.040000000003065, 106.8113722015874
21.041000000003063, 106.7179891419853
21.042000000003064, 106.62501825470666
21.04300000000306, 106.53247073268977
21.044000000003066, 106.44035776887283
21.045000000003068, 106.34869055619404
21.04600000000307, 106.25748028759159
21.047000000003074, 106.16673815388495
21.048000000003075, 106.07647286421485
21.049000000003073, 105.98668585389922
21.050000000003074, 105.89737723251164
21.051000000003075, 105.80854710962565
21.052000000003076, 105.72019559481477
21.053000000003077, 105.63232279765258
21.05400000000308, 105.54492882771267
21.05500000000308, 105.45801379456856
21.05600000000308, 105.37157780779384
21.057000000003082, 105.28562097696205
21.058000000003084, 105.2001434116467
21.059000000003085, 105.11514522142143
21.060000000003086, 105.03062651585975
21.061000000003087, 104.94658740453524
21.06200000000309, 104.86302799702143
21.063000000003086, 104.7799484028919
21.06400000000309, 104.6973487317202
21.065000000003092, 104.6152290930799
21.066000000003093, 104.53358959654452
21.067000000003095, 104.45243035168768
21.068000000003096, 104.3717514680829
21.069000000003097, 104.2915530553037
21.0700000000031, 104.21183522292371
21.0710000000031, 104.13259808051646
21.0720000000031, 104.05384173765549
21.073000000003102, 103.97556630391435
21.0740000000031, 103.89777188886664
21.075000000003104, 103.8204586020859
21.07600000000311, 103.74362655314566
21.077000000003107, 103.66727585161951
21.078000000003108, 103.591406607081
21.079000000003113, 103.5160189291037
21.08000000000311, 103.44111292726112
21.08100000000311, 103.36668871112684
21.08200000000311, 103.29274639027446
21.083000000003114, 103.21928607427752
21.084000000003115, 103.14630787270951
21.085000000003113, 103.07381189514409
21.086000000003118, 103.00179825115477
21.087000000003123, 102.9302670503151
21.08800000000312, 102.85921840219864
21.08900000000312, 102.78865241637888
21.090000000003123, 102.71856920242952
21.091000000003124, 102.64896886992403
21.092000000003125, 102.579851528436
21.093000000003123, 102.51121728753893
21.094000000003124, 102.44306625680645
21.09500000000313, 102.3753985458121
21.09600000000313, 102.30821426412938
21.09700000000313, 102.24151352133195
21.098000000003132, 102.17529642699324
21.099000000003134, 102.10956309068695
21.10000000000313, 102.0443136219865
21.101000000003136, 101.97954813046556
21.102000000003137, 101.91526672569759
21.10300000000314, 101.85146951725622
21.10400000000314, 101.78815661471499
21.10500000000314, 101.72532812764747
21.106000000003146, 101.66298416562715
21.107000000003143, 101.60112483822768
21.108000000003145, 101.53975025502255
21.10900000000315, 101.47886052558536
21.110000000003147, 101.41845575948963
21.11100000000315, 101.35853606630894
21.112000000003153, 101.29910155561687
21.11300000000315, 101.24015233698692
21.114000000003152, 101.18168851999272
21.11500000000315, 101.12371021420775
21.116000000003154, 101.06621752920562
21.117000000003156, 101.00921057455987
21.118000000003153, 100.95268945984408
21.119000000003158, 100.89665429463177
21.12000000000316, 100.84110518849651
21.12100000000316, 100.78604225101186
21.122000000003162, 100.7314655917514
21.123000000003163, 100.67737532028865
21.124000000003168, 100.6237715461972
21.125000000003165, 100.57065437905058
21.126000000003167, 100.51802392842237
21.127000000003168, 100.46588030388611
21.12800000000317, 100.41422361501539
21.129000000003174, 100.3630539713837
21.13000000000317, 100.31237148256466
21.131000000003173, 100.26217625813182
21.13200000000317, 100.2124684076587
21.133000000003175, 100.16324804071891
21.134000000003176, 100.11451526688597
21.135000000003178, 100.06627019573348
21.13600000000318, 100.01851293683494
21.13700000000318, 99.97124359976392
21.13800000000318, 99.92446229409401
21.139000000003183, 99.87816912939876
21.140000000003184, 99.83236421525172
21.14100000000318, 99.78704766122641
21.142000000003186, 99.74221957689645
21.143000000003187, 99.69788007183534
21.14400000000319, 99.6540292556167
21.145000000003186, 99.61066723781406
21.146000000003195, 99.56779412800094
21.147000000003192, 99.52541003575095
21.148000000003194, 99.48351507063762
21.149000000003195, 99.44210934223453
21.150000000003196, 99.4011929601152
21.151000000003197, 99.36076603385321
21.1520000000032, 99.3208286730216
21.153000000003203, 99.28137918368874
21.154000000003204, 99.24240880099619
21.1550000000032, 99.20390702742012
21.156000000003203, 99.16586336543662
21.157000000003205, 99.12826731752183
21.158000000003206, 99.09110838615192
21.159000000003203, 99.05437607380291
21.16000000000321, 99.01805988295105
21.161000000003213, 98.98214931607242
21.162000000003214, 98.94663387564309
21.163000000003212, 98.91150306413928
21.164000000003213, 98.87674638403708
21.165000000003214, 98.84235333781258
21.166000000003216, 98.80831342794194
21.167000000003217, 98.7746161569013
21.16800000000322, 98.7412510271668
21.169000000003216, 98.70820754121452
21.17000000000322, 98.67547520152058
21.17100000000322, 98.64304351056113
21.172000000003223, 98.61090197081238
21.173000000003224, 98.5790400847503
21.174000000003225, 98.54744735485114
21.175000000003227, 98.51611328359093
21.176000000003228, 98.4850273734459
21.17700000000323, 98.45417912689207
21.178000000003227, 98.42355804640567
21.17900000000323, 98.3931536344628
21.180000000003236, 98.36295539353952
21.181000000003234, 98.33295282611202
21.18200000000324, 98.30313543465641
21.183000000003236, 98.27349272164884
21.184000000003238, 98.2440141895654
21.185000000003235, 98.21468934088223
21.186000000003236, 98.18550767807545
21.18700000000324, 98.15645870362123
21.188000000003242, 98.12753191999563
21.189000000003244, 98.09871682967483
21.190000000003245, 98.07000293513494
21.191000000003246, 98.04137973885206
21.192000000003247, 98.01283674330237
21.19300000000325, 97.98436345096195
21.19400000000325, 97.95594936430696
21.19500000000325, 97.92758398581353
21.196000000003252, 97.89925681795772
21.197000000003253, 97.87095736321575
21.19800000000325, 97.8426751240637
21.199000000003256, 97.81439960297769
21.200000000003257, 97.78612030243386
21.20100000000326, 97.75782672490833
21.20200000000326, 97.72950837287728
21.20300000000326, 97.70115474881675
21.204000000003262, 97.6727553552029
21.205000000003263, 97.64429969451184
21.206000000003264, 97.61577726921979
21.207000000003266, 97.58717758180276
21.208000000003267, 97.55849013473693
21.209000000003268, 97.52970443049843
21.210000000003273, 97.5008099715634
21.21100000000327, 97.47179626040794
21.212000000003275, 97.44265279950812
21.213000000003273, 97.41336909134021
21.21400000000327, 97.38393463838025
21.215000000003275, 97.35433894310434
21.216000000003277, 97.32457383482733
21.217000000003278, 97.29464202814803
21.21800000000328, 97.26454941813921
21.21900000000328, 97.2343019002605
21.220000000003285, 97.2039053699715
21.221000000003286, 97.1733657227318
21.222000000003284, 97.142688854001
21.223000000003285, 97.11188065923872
21.224000000003286, 97.0809470339046
21.225000000003288, 97.04989387345819
21.22600000000329, 97.01872707335913
21.22700000000329, 96.98745252906701
21.22800000000329, 96.95607613604152
21.22900000000329, 96.92460378974215
21.230000000003294, 96.89304138562856
21.231000000003295, 96.86139481916038
21.232000000003296, 96.82966998579715
21.233000000003294, 96.79787278099853
21.234000000003302, 96.76600910022412
21.2350000000033, 96.73408483893353
21.236000000003298, 96.70210589258637
21.237000000003302, 96.67007815664226
21.238000000003304, 96.63800752656076
21.23900000000331, 96.60589989780154
21.240000000003306, 96.57376116582414
21.24100000000331, 96.54159722608823
21.24200000000331, 96.50941397405334
21.24300000000331, 96.47721730517918
21.24400000000331, 96.44501311492526
21.245000000003312, 96.41280729875126
21.246000000003313, 96.3806057521168
21.247000000003315, 96.34841437048138
21.248000000003316, 96.3162390493047
21.249000000003317, 96.28408568404635
21.250000000003315, 96.25196017016597
21.25100000000332, 96.21986840312309
21.25200000000332, 96.18781627837731
21.25300000000332, 96.15580969138834
21.254000000003327, 96.12385453761573
21.255000000003324, 96.09195671251909
21.256000000003326, 96.060122111558
21.257000000003327, 96.0283566301921
21.258000000003328, 95.99666616388103
21.25900000000333, 95.96505660808432
21.26000000000333, 95.93353385826164
21.26100000000333, 95.90210380987257
21.262000000003333, 95.87077235837674
21.263000000003334, 95.8395453992337
21.264000000003335, 95.80842882790314
21.26500000000334, 95.7774285398446
21.266000000003338, 95.74655043051776
21.26700000000334, 95.71580039538215
21.26800000000334, 95.68518432989737
21.26900000000334, 95.65470812952312
21.270000000003343, 95.62437768971895
21.271000000003344, 95.59419890594445
21.272000000003345, 95.56417767365924
21.273000000003343, 95.53431988832298
21.274000000003348, 95.50463144539523
21.27500000000335, 95.47511824033558
21.27600000000335, 95.44578616860366
21.27700000000335, 95.41664112565913
21.278000000003352, 95.3876890069615
21.279000000003357, 95.35893490330622
21.280000000003355, 95.33037940547096
21.281000000003356, 95.30202154070291
21.282000000003357, 95.2738603346869
21.28300000000336, 95.24589481310767
21.284000000003363, 95.21812400164994
21.28500000000336, 95.1905469259985
21.286000000003362, 95.16316261183809
21.287000000003363, 95.13597008485345
21.288000000003365, 95.10896837072941
21.289000000003366, 95.08215649515063
21.290000000003367, 95.05553348380198
21.29100000000337, 95.02909836236813
21.29200000000337, 95.00285015653385
21.29300000000337, 94.97678789198396
21.294000000003372, 94.95091059440314
21.295000000003373, 94.92521728947621
21.296000000003374, 94.89970700288788
21.297000000003376, 94.87437876032297
21.298000000003377, 94.84923158746614
21.299000000003378, 94.82426451000222
21.30000000000338, 94.79947655361596
21.30100000000338, 94.77486674399213
21.30200000000338, 94.7504341068155
21.303000000003387, 94.72617766777078
21.304000000003384, 94.70209645254275
21.305000000003385, 94.67818948681614
21.306000000003387, 94.65445579627574
21.307000000003388, 94.63089440660633
21.30800000000339, 94.60750434349264
21.30900000000339, 94.58428463261943
21.31000000000339, 94.56123429967147
21.311000000003396, 94.53835237033348
21.312000000003394, 94.51563787029026
21.313000000003395, 94.49308982522659
21.314000000003396, 94.47070726082718
21.315000000003398, 94.44848920277678
21.3160000000034, 94.42643467676021
21.3170000000034, 94.40454270846212
21.3180000000034, 94.38281232356742
21.319000000003403, 94.36124254776074
21.3200000000034, 94.33983240672688
21.321000000003405, 94.31858092615063
21.322000000003406, 94.29748713171671
21.323000000003404, 94.27655004910986
21.32400000000341, 94.2557687040149
21.325000000003413, 94.23514212211657
21.32600000000341, 94.21466932909962
21.327000000003412, 94.19434935064879
21.328000000003414, 94.17418121244884
21.329000000003415, 94.15416394018456
21.330000000003412, 94.13429655954067
21.331000000003417, 94.11457809620197
21.332000000003422, 94.09500757585317
21.33300000000342, 94.0755840241791
21.33400000000342, 94.05630646686444
21.335000000003422, 94.03717392959402
21.336000000003423, 94.01818543805253
21.337000000003425, 93.99934001792474
21.338000000003426, 93.98063669489544
21.339000000003423, 93.96207449464943
21.34000000000343, 93.94365244287133
21.34100000000343, 93.92536956524603
21.342000000003427, 93.90722488745826
21.343000000003435, 93.8892174351927
21.344000000003433, 93.87134623413422
21.345000000003434, 93.85361030996751
21.346000000003436, 93.83600868837736
21.347000000003437, 93.81854039504849
21.34800000000344, 93.8012044556657
21.34900000000344, 93.78399989591371
21.350000000003437, 93.76692574147731
21.35100000000344, 93.74998101804127
21.352000000003443, 93.7331647512903
21.353000000003444, 93.71647596690917
21.354000000003445, 93.69991369058268
21.355000000003443, 93.68347694799557
21.356000000003448, 93.66716476483258
21.35700000000345, 93.65097616677848
21.35800000000345, 93.63491017951803
21.359000000003455, 93.61896582873597
21.360000000003453, 93.6031421401171
21.361000000003454, 93.58743813934612
21.362000000003455, 93.57185285210781
21.363000000003456, 93.55638530408697
21.364000000003458, 93.54103452096834
21.36500000000346, 93.52579952843668
21.36600000000346, 93.51067935217668
21.36700000000346, 93.49567301787319
21.368000000003462, 93.48077955121094
21.369000000003464, 93.46599797787464
21.370000000003465, 93.4513273235491
21.371000000003466, 93.43676661391906
21.372000000003464, 93.42231487466931
21.37300000000347, 93.40797113148456
21.37400000000347, 93.39373441004966
21.37500000000347, 93.37960373604923
21.37600000000347, 93.36557813516814
21.37700000000347, 93.35165663309107
21.378000000003475, 93.33783825550282
21.379000000003476, 93.32412202808817
21.380000000003477, 93.31050697653181
21.38100000000348, 93.29699212651859
21.38200000000348, 93.28357650373322
21.38300000000348, 93.27025913386043
21.384000000003482, 93.25703904258499
21.385000000003483, 93.24391525559172
21.38600000000348, 93.23088679856534
21.387000000003486, 93.21795269719058
21.388000000003487, 93.20511197715223
21.389000000003488, 93.192363664135
21.390000000003493, 93.17970678382375
21.39100000000349, 93.16714036190314
21.392000000003492, 93.15466342405797
21.393000000003493, 93.142274995973
21.394000000003494, 93.12997410333298
21.395000000003495, 93.11775977182268
21.396000000003497, 93.1056310271268
21.397000000003498, 93.09358689493021
21.3980000000035, 93.08162640091759
21.3990000000035, 93.06974857077367
21.4000000000035, 93.0579524301833
21.4010000000035, 93.04623700483117
21.402000000003504, 93.03460132040205
21.403000000003505, 93.02304440258074
21.404000000003506, 93.01156527705194
21.405000000003508, 93.00016270835894
21.40600000000351, 92.98883334400219
21.40700000000351, 92.97757280414167
21.40800000000351, 92.96637670215065
21.409000000003513, 92.95524065140246
21.410000000003514, 92.94416026527043
21.411000000003515, 92.93313115712779
21.412000000003513, 92.92214894034794
21.413000000003517, 92.91120922830409
21.41400000000352, 92.9003076343696
21.41500000000352, 92.8894397719178
21.41600000000352, 92.87860125432195
21.417000000003522, 92.86778769495533
21.418000000003527, 92.85699470719129
21.419000000003525, 92.84621790440316
21.420000000003526, 92.8354528999642
21.42100000000353, 92.8246953072477
21.42200000000353, 92.81394073962701
21.42300000000353, 92.80318481047541
21.42400000000353, 92.79242313316622
21.425000000003532, 92.78165132107272
21.426000000003533, 92.77086498756823
21.427000000003535, 92.76005974602609
21.428000000003536, 92.74923120981954
21.429000000003537, 92.7383749923219
21.430000000003538, 92.72748670690653
21.43100000000354, 92.71656196694667
21.43200000000354, 92.70559638581567
21.433000000003542, 92.69458557688678
21.434000000003543, 92.68352515353334
21.435000000003544, 92.6724107291287
21.436000000003542, 92.6612379170461
21.437000000003543, 92.65000233065886
21.438000000003548, 92.6386995833403
21.43900000000355, 92.6273252884637
21.440000000003554, 92.61587544884249
21.44100000000355, 92.6043495863538
21.442000000003553, 92.5927490912129
21.443000000003554, 92.58107537084078
21.444000000003555, 92.56932983265835
21.445000000003557, 92.55751388408652
21.446000000003558, 92.54562893254608
21.44700000000356, 92.53367638545804
21.44800000000356, 92.52165765024333
21.449000000003565, 92.50957413432273
21.450000000003566, 92.49742724511721
21.45100000000356, 92.48521839004769
21.452000000003565, 92.47294897653502
21.453000000003566, 92.46062041200018
21.454000000003564, 92.44823410386405
21.45500000000357, 92.43579145954746
21.45600000000357, 92.42329388647137
21.45700000000357, 92.41074279205672
21.45800000000357, 92.39813958372434
21.459000000003574, 92.38548566889516
21.46000000000357, 92.37278245499007
21.461000000003576, 92.36003134943002
21.462000000003577, 92.34723375963586
21.46300000000358, 92.3343910930285
21.46400000000358, 92.32150475702888
21.46500000000358, 92.30857615905786
21.466000000003582, 92.29560670653639
21.467000000003583, 92.2825978068853
21.468000000003585, 92.26955086752555
21.469000000003586, 92.25646729587802
21.470000000003587, 92.24334849936366
21.471000000003592, 92.23019588540332
21.47200000000359, 92.21701086141788
21.47300000000359, 92.2037948348283
21.474000000003592, 92.19054921305545
21.475000000003593, 92.17727540352026
21.476000000003594, 92.16397481364362
21.477000000003596, 92.15064885084641
21.478000000003597, 92.13729892254952
21.479000000003598, 92.12392643617397
21.480000000003596, 92.1105327991405
21.481000000003604, 92.09711941887011
21.482000000003598, 92.08368770278369
21.4830000000036, 92.07023905830212
21.484000000003604, 92.05677489284633
21.485000000003605, 92.04329661383717
21.486000000003607, 92.02980562869563
21.487000000003608, 92.01630334484256
21.48800000000361, 92.00279116969884
21.48900000000361, 91.98927051068542
21.49000000000361, 91.97574277522315
21.491000000003613, 91.96220937073299
21.492000000003614, 91.94867170463581
21.493000000003615, 91.9351311843525
21.494000000003616, 91.92158921730402
21.495000000003618, 91.90804721091122
21.49600000000362, 91.894506572595
21.49700000000362, 91.8809687097763
21.49800000000362, 91.867435029876
21.499000000003623, 91.85390694031496
21.500000000003627, 91.84038584851422
21.501000000003625, 91.82687316171285
21.50200000000363, 91.81336986088755
21.50300000000363, 91.79987558901475
21.50400000000363, 91.78638972723103
21.50500000000363, 91.77291165667285
21.50600000000363, 91.75944075847681
21.507000000003632, 91.74597641377943
21.508000000003634, 91.7325180037172
21.509000000003635, 91.71906490942672
21.510000000003636, 91.70561651204447
21.511000000003637, 91.69217219270705
21.512000000003635, 91.67873133255091
21.51300000000364, 91.66529331271262
21.514000000003644, 91.65185751432874
21.515000000003646, 91.63842331853579
21.516000000003643, 91.62499010647028
21.517000000003648, 91.61155725926876
21.518000000003646, 91.59812415806778
21.519000000003647, 91.58469018400386
21.520000000003648, 91.5712547182135
21.52100000000365, 91.5578171418333
21.52200000000365, 91.54437683599976
21.523000000003652, 91.53093318184942
21.524000000003653, 91.5174855605188
21.52500000000365, 91.50403335314441
21.526000000003656, 91.4905759408629
21.527000000003657, 91.47711270481066
21.528000000003658, 91.46364302612429
21.52900000000366, 91.45016628594033
21.53000000000366, 91.4366818653953
21.53100000000366, 91.42318914562577
21.532000000003663, 91.40968750776821
21.533000000003664, 91.39617633295917
21.53400000000366, 91.38265500233526
21.535000000003667, 91.36912289703294
21.536000000003668, 91.35557939818872
21.53700000000367, 91.34202388693919
21.53800000000367, 91.32845574442088
21.53900000000367, 91.31487435177031
21.540000000003673, 91.30127909012403
21.541000000003674, 91.28766934061854
21.542000000003675, 91.2740444843904
21.543000000003676, 91.26040390257613
21.544000000003678, 91.24674697631228
21.545000000003682, 91.23307308673539
21.546000000003684, 91.21938161498196
21.547000000003685, 91.20567194218856
21.54800000000368, 91.19194344949167
21.549000000003684, 91.17819551802792
21.55000000000368, 91.16442752893376
21.551000000003686, 91.15063886334576
21.552000000003687, 91.13682890240042
21.55300000000369, 91.12299702723433
21.55400000000369, 91.10914261898397
21.55500000000369, 91.09526505878593
21.556000000003692, 91.0813637277767
21.557000000003693, 91.06743800709282
21.55800000000369, 91.05348727787083
21.559000000003696, 91.03951092124723
21.560000000003697, 91.02550831835863
21.5610000000037, 91.01147885034152
21.562000000003696, 90.99742189848143
21.5630000000037, 90.98333695330747
21.564000000003702, 90.96922380761252
21.565000000003703, 90.95508230603214
21.566000000003704, 90.94091229320196
21.56700000000371, 90.92671361375764
21.56800000000371, 90.9124861123348
21.569000000003708, 90.89822963356907
21.570000000003706, 90.8839440220961
21.57100000000371, 90.86962912255144
21.57200000000371, 90.85528477957078
21.57300000000371, 90.8409108377897
21.574000000003714, 90.82650714184386
21.57500000000372, 90.81207353636891
21.576000000003717, 90.79760986600041
21.577000000003718, 90.783115975374
21.578000000003716, 90.76859170912533
21.57900000000372, 90.75403691189003
21.58000000000372, 90.7394514283037
21.581000000003723, 90.72483510300196
21.582000000003724, 90.71018778062047
21.58300000000373, 90.69550930579484
21.58400000000373, 90.68079952316067
21.58500000000373, 90.66605827735363
21.58600000000373, 90.65128541300933
21.58700000000373, 90.63648077476337
21.588000000003728, 90.62164420725136
21.589000000003736, 90.60677555510905
21.590000000003734, 90.59187466297192
21.591000000003735, 90.57694137547561
21.592000000003736, 90.56197553725582
21.593000000003737, 90.54697699294816
21.594000000003742, 90.5319455871882
21.59500000000374, 90.51688116461162
21.596000000003745, 90.50178356985401
21.597000000003742, 90.48665264755103
21.598000000003744, 90.47148824233827
21.599000000003745, 90.45629019885138
21.600000000003746, 90.441058361726
21.601000000003747, 90.42579257559768
21.60200000000375, 90.41049268510213
21.603000000003746, 90.39515853487494
21.604000000003754, 90.37978996955174
21.605000000003752, 90.36438683376814
21.606000000003753, 90.34894897215976
21.607000000003758, 90.33347622936228
21.608000000003752, 90.31796845001128
21.609000000003757, 90.30242547874239
21.610000000003758, 90.28684716019124
21.61100000000376, 90.27123333899347
21.61200000000376, 90.25558385978466
21.61300000000376, 90.2398985672005
21.614000000003763, 90.22417730587654
21.615000000003764, 90.20841992044846
21.616000000003766, 90.19262625555189
21.617000000003763, 90.17679615582244
21.618000000003768, 90.16092946589572
21.61900000000377, 90.14502603040737
21.62000000000377, 90.12908569399299
21.62100000000377, 90.11310830128824
21.622000000003773, 90.09709369692875
21.623000000003774, 90.0810417255501
21.624000000003775, 90.06495223178797
21.625000000003777, 90.04882506027795
21.62600000000378, 90.03266005565565
21.627000000003783, 90.01645706255677
21.62800000000378, 90.00021592561684
21.62900000000378, 89.98393648947153
21.63000000000378, 89.96761859875649
21.631000000003784, 89.9512620981073
21.632000000003785, 89.93486683217658
21.633000000003783, 89.918432742851
21.634000000003788, 89.90196009791974
21.635000000003785, 89.88544923337479
21.636000000003786, 89.86890048520807
21.63700000000379, 89.85231418941164
21.638000000003792, 89.83569068197744
21.639000000003794, 89.81903029889743
21.640000000003795, 89.8023333761636
21.641000000003796, 89.78560024976794
21.6420000000038, 89.76883125570245
21.6430000000038, 89.75202672995904
21.644000000003803, 89.73518700852972
21.6450000000038, 89.71831242740654
21.646000000003802, 89.70140332258137
21.647000000003803, 89.68446003004621
21.648000000003805, 89.66748288579309
21.649000000003806, 89.65047222581397
21.650000000003807, 89.63342838610079
21.65100000000381, 89.61635170264556
21.652000000003806, 89.59924251144024
21.65300000000381, 89.58210114847685
21.65400000000381, 89.56492794974731
21.655000000003813, 89.54772325124364
21.656000000003814, 89.53048738895777
21.657000000003816, 89.51322069888175
21.658000000003813, 89.49592351700753
21.659000000003818, 89.47859617932704
21.66000000000382, 89.46123902183233
21.66100000000382, 89.44385238051532
21.66200000000382, 89.426436591368
21.663000000003823, 89.40899199038239
21.664000000003824, 89.39151891355044
21.665000000003825, 89.3740176968641
21.66600000000383, 89.3564886763154
21.667000000003824, 89.33893218789628
21.66800000000383, 89.32134856759873
21.66900000000383, 89.30373815141469
21.67000000000383, 89.28610127533624
21.671000000003833, 89.26843827535525
21.672000000003834, 89.25074948746378
21.673000000003835, 89.23303524765372
21.674000000003836, 89.21529589191715
21.675000000003838, 89.19753175624597
21.67600000000384, 89.17974317663217
21.67700000000384, 89.16193048906776
21.67800000000384, 89.1440940295447
21.679000000003843, 89.12623413405495
21.680000000003844, 89.10835113859055
21.68100000000384, 89.09044537914339
21.682000000003846, 89.0725171917055
21.683000000003847, 89.05456691226885
21.68400000000385, 89.03659487682543
21.68500000000385, 89.01860142136721
21.68600000000385, 89.00058688188614
21.687000000003856, 88.98255159437423
21.688000000003854, 88.96449589482346
21.68900000000385, 88.9464201192258
21.69000000000386, 88.9283246035732
21.691000000003857, 88.9102096838577
21.69200000000386, 88.89207569607122
21.69300000000386, 88.87392297620579
21.69400000000386, 88.8557518602533
21.695000000003862, 88.83756268420584
21.696000000003863, 88.81935578405533
21.697000000003865, 88.80113149579371
21.698000000003866, 88.78289015541303
21.699000000003867, 88.764632104463
21.700000000003868, 88.74635781408765
21.70100000000387, 88.72806788601358
21.70200000000387, 88.70976292772292
21.703000000003872, 88.6914435466977
21.704000000003873, 88.67311035042012
21.705000000003874, 88.65476394637219
21.706000000003876, 88.63640494203604
21.707000000003877, 88.61803394489378
21.708000000003878, 88.59965156242748
21.70900000000388, 88.58125840211927
21.71000000000388, 88.56285507145121
21.71100000000388, 88.54444217790542
21.712000000003883, 88.526020328964
21.713000000003884, 88.50759013210903
21.71400000000388, 88.48915219482265
21.71500000000389, 88.47070712458687
21.716000000003888, 88.45225552888385
21.717000000003885, 88.43379801519569
21.71800000000389, 88.41533519100447
21.71900000000389, 88.39686766379229
21.72000000000389, 88.37839604104126
21.721000000003894, 88.35992093023347
21.722000000003895, 88.34144293885102
21.723000000003896, 88.32296267437597
21.724000000003898, 88.30448074429049
21.7250000000039, 88.2859977560766
21.7260000000039, 88.26751431721645
21.7270000000039, 88.24903103519209
21.728000000003902, 88.23054851748567
21.729000000003904, 88.21206737157925
21.73000000000391, 88.19358820495496
21.731000000003906, 88.17511162509489
21.732000000003904, 88.1566382394811
21.73300000000391, 88.13816865559572
21.73400000000391, 88.11970348092082
21.73500000000391, 88.10124332293854
21.736000000003912, 88.08278878913094
21.73700000000391, 88.06434048698017
21.738000000003915, 88.04589902396823
21.739000000003916, 88.0274650075773
21.740000000003917, 88.00903904528947
21.74100000000392, 87.99062174458678
21.74200000000392, 87.97221371295137
21.74300000000392, 87.95381555786538
21.74400000000392, 87.93542788681083
21.745000000003923, 87.91705130726986
21.746000000003928, 87.89868642672452
21.747000000003926, 87.88033385265699
21.748000000003923, 87.8619941925493
21.749000000003928, 87.84366805388356
21.75000000000393, 87.82535604414188
21.75100000000393, 87.80705877080636
21.752000000003928, 87.78877684135905
21.753000000003933, 87.77051086328213
21.754000000003938, 87.75226144405762
21.755000000003935, 87.73402919116768
21.75600000000394, 87.71581471209437
21.757000000003938, 87.69761861431974
21.75800000000394, 87.67944150532598
21.75900000000394, 87.66128399259516
21.760000000003945, 87.64314668360936
21.761000000003943, 87.6250301858507
21.762000000003944, 87.60693510680122
21.763000000003945, 87.58886205394307
21.764000000003943, 87.57081163475836
21.765000000003948, 87.55278445672913
21.76600000000395, 87.53478112733752
21.76700000000395, 87.51680225406558
21.76800000000395, 87.49884844439552
21.769000000003953, 87.48092029597296
21.770000000003954, 87.46301808709372
21.771000000003955, 87.44514171438293
21.772000000003956, 87.42729105204128
21.773000000003957, 87.40946597426944
21.774000000003955, 87.39166635526801
21.77500000000396, 87.37389206923761
21.77600000000396, 87.35614299037894
21.777000000003962, 87.33841899289263
21.778000000003967, 87.3207199509793
21.779000000003965, 87.3030457388395
21.78000000000397, 87.28539623067401
21.781000000003967, 87.26777130068339
21.78200000000397, 87.25017082306827
21.78300000000397, 87.23259467202935
21.78400000000397, 87.21504272176722
21.785000000003976, 87.19751484648248
21.786000000003973, 87.1800109203758
21.787000000003978, 87.16253081764788
21.788000000003976, 87.14507441249926
21.789000000003977, 87.12764157913067
21.790000000003978, 87.11023219174265
21.79100000000398, 87.0928461245359
21.79200000000398, 87.07548325171102
21.79300000000398, 87.05814344746871
21.794000000003983, 87.04082658600952
21.79500000000398, 87.02353254153415
21.796000000003986, 87.00626118824324
21.797000000003987, 86.98901240033739
21.798000000003988, 86.97178605201726
21.79900000000399, 86.95458201748349
21.80000000000399, 86.93740017093668
21.80100000000399, 86.9202403865775
21.802000000003993, 86.90310253860657
21.803000000003994, 86.88598650122458
21.804000000003995, 86.86889214863211
21.805000000003997, 86.85181935502982
21.806000000004, 86.83476799461832
21.807000000004, 86.81773794159825
21.808000000004, 86.80072907017029
21.809000000004, 86.78374125453506
21.810000000004003, 86.7667743688932
21.811000000004004, 86.7498282874453
21.812000000004005, 86.73290288439203
21.813000000004006, 86.71599803393404
21.81400000000401, 86.699113610272
21.81500000000401, 86.68224948760646
21.81600000000401, 86.66540554013811
21.81700000000401, 86.64858164206758
21.818000000004012, 86.63177766759549
21.819000000004014, 86.6149934909225
21.820000000004015, 86.59822898624924
21.821000000004016, 86.58148402777634
21.822000000004017, 86.56475848970445
21.82300000000402, 86.54805224623422
21.82400000000402, 86.53136517156625
21.82500000000402, 86.51469713990117
21.826000000004022, 86.4980480254397
21.827000000004023, 86.48141770238234
21.828000000004025, 86.46480604492989
21.829000000004026, 86.44821292728288
21.830000000004024, 86.43163822364194
21.83100000000403, 86.41508180820774
21.832000000004026, 86.39854355518092
21.83300000000403, 86.38202333876211
21.834000000004032, 86.36552103315199
21.835000000004037, 86.34903651255114
21.836000000004034, 86.33256965116016
21.837000000004036, 86.31612032317979
21.838000000004037, 86.29968840281057
21.839000000004038, 86.28327376425324
21.84000000000404, 86.26687628170835
21.84100000000404, 86.25049582937659
21.84200000000404, 86.23413228145853
21.843000000004043, 86.21778551215492
21.84400000000404, 86.20145539566629
21.84500000000405, 86.18514180619331
21.846000000004047, 86.16884461793663
21.847000000004048, 86.15256370509685
21.84800000000405, 86.13629894187471
21.84900000000405, 86.12005020247072
21.85000000000405, 86.10381736108558
21.85100000000405, 86.08760029191991
21.85200000000405, 86.07139886917439
21.85300000000406, 86.0552129670496
21.854000000004053, 86.03904245974623
21.855000000004058, 86.02288722146486
21.85600000000406, 86.00674712640614
21.85700000000406, 85.99062204877073
21.85800000000406, 85.97451186275926
21.85900000000406, 85.95841644257239
21.860000000004064, 85.94233566241073
21.861000000004065, 85.9262693964749
21.86200000000407, 85.91021751896555
21.863000000004064, 85.89417990408332
21.86400000000407, 85.87815642602888
21.86500000000407, 85.86214695900281
21.86600000000407, 85.8461513772058
21.867000000004072, 85.83016955483845
21.86800000000407, 85.8142013661014
21.869000000004075, 85.7982466851953
21.870000000004076, 85.7823053863208
21.871000000004077, 85.76637734367853
21.87200000000408, 85.75046243146909
21.87300000000408, 85.73456052389315
21.87400000000408, 85.71867149879016
21.875000000004082, 85.70279545166363
21.876000000004087, 85.68693281501496
21.87700000000408, 85.67108405029
21.878000000004086, 85.65524961893472
21.879000000004087, 85.63942998239487
21.880000000004088, 85.62362560211646
21.88100000000409, 85.60783693954532
21.88200000000409, 85.59206445612733
21.883000000004092, 85.5763086133084
21.884000000004097, 85.56056987253446
21.885000000004094, 85.5448486952513
21.886000000004096, 85.52914554290489
21.8870000000041, 85.51346087694108
21.888000000004098, 85.49779515880573
21.889000000004096, 85.48214884994483
21.8900000000041, 85.46652241180415
21.8910000000041, 85.45091630582965
21.892000000004103, 85.43533099346713
21.893000000004104, 85.41976693616262
21.894000000004105, 85.40422459536187
21.89500000000411, 85.38870443251085
21.896000000004108, 85.3732069090554
21.89700000000411, 85.35773248644146
21.898000000004107, 85.34228162611488
21.89900000000411, 85.32685476145119
21.900000000004113, 85.31145212547253
21.901000000004114, 85.29607386410828
21.902000000004115, 85.28072012293183
21.903000000004116, 85.26539104751647
21.904000000004118, 85.2500867834356
21.90500000000412, 85.23480747626257
21.90600000000412, 85.21955327157075
21.90700000000412, 85.20432431493353
21.908000000004122, 85.1891207519242
21.909000000004124, 85.17394272811617
21.91000000000413, 85.15879038908275
21.911000000004126, 85.14366388039738
21.91200000000413, 85.12856334763336
21.913000000004125, 85.11348893636404
21.91400000000413, 85.09844079216282
21.91500000000413, 85.08341906060302
21.916000000004132, 85.06842388725805
21.917000000004133, 85.05345541770126
21.918000000004135, 85.03851379750596
21.919000000004136, 85.02359917224553
21.920000000004137, 85.00871168749336
21.92100000000414, 84.9938514888227
21.92200000000414, 84.97901872180715
21.92300000000414, 84.9642135320198
21.924000000004142, 84.94943606503415
21.925000000004143, 84.93468646642359
21.926000000004144, 84.91996488176139
21.92700000000415, 84.90527145662101
21.928000000004143, 84.89060633657563
21.929000000004148, 84.8759696671988
21.93000000000415, 84.86136159406381
21.93100000000415, 84.84678226274394
21.93200000000415, 84.83223181881272
21.933000000004157, 84.81771040784334
21.934000000004154, 84.80321817540926
21.935000000004155, 84.78875526708387
21.936000000004157, 84.77432182844035
21.937000000004158, 84.75991800505226
21.93800000000416, 84.74554394249292
21.93900000000416, 84.73119978633555
21.94000000000416, 84.71688568215365
21.941000000004163, 84.70260177552059
21.942000000004164, 84.68834821200961
21.94300000000416, 84.67412513719427
21.944000000004166, 84.65993269664763
21.945000000004168, 84.64577103594327
21.94600000000417, 84.63164030065455
21.94700000000417, 84.61754063635475
21.94800000000417, 84.60347218861725
21.94900000000417, 84.58943510301535
21.95000000000417, 84.57542952512253
21.951000000004175, 84.5614556005121
21.952000000004176, 84.54751347475741
21.953000000004174, 84.53360329343184
21.95400000000418, 84.51972520210869
21.95500000000418, 84.50587934636147
21.956000000004178, 84.49206587176332
21.957000000004182, 84.47828492388774
21.95800000000418, 84.46453664830808
21.959000000004185, 84.4508211905976
21.960000000004182, 84.43713869632988
21.961000000004187, 84.42348931107801
21.96200000000419, 84.40987318041562
21.963000000004186, 84.39629044991581
21.964000000004194, 84.38274126515208
21.965000000004192, 84.36922577169781
21.966000000004193, 84.35574411512627
21.967000000004195, 84.34229644101092
21.968000000004196, 84.32888289492506
21.969000000004197, 84.31550362244198
21.970000000004198, 84.30215876913518
21.9710000000042, 84.28884848057791
21.9720000000042, 84.27557290234367
21.9730000000042, 84.2623321800056
21.974000000004203, 84.24912645913729
21.975000000004204, 84.23595588531195
21.976000000004206, 84.22282060410298
21.977000000004207, 84.20972076108376
21.978000000004208, 84.19665650182763
21.97900000000421, 84.1836279719079
21.98000000000421, 84.170635316898
21.98100000000421, 84.15767868237133
21.982000000004213, 84.14475821390117
21.983000000004214, 84.1318740570609
21.984000000004215, 84.11902635742386
21.985000000004217, 84.10621526056345
21.986000000004218, 84.09344091205296
21.98700000000422, 84.08070345746577
21.98800000000422, 84.0680030423754
21.98900000000422, 84.05533981235489
21.990000000004223, 84.04271391297792
21.991000000004227, 84.03012548981768
21.992000000004225, 84.01757468844757
21.993000000004223, 84.005061654441
21.994000000004228, 83.99258653337121
21.99500000000423, 83.9801494708116
21.99600000000423, 83.96775061233566
21.997000000004228, 83.95539010351656
21.998000000004232, 83.94306808992772
21.999000000004237, 83.93078471714254
22.000000000004235, 83.91854013073447
22.001000000004236, 83.90633447627664
22.002000000004237, 83.89416789934255
22.003000000004235, 83.88204054550556
22.00400000000424, 83.86995256033902
22.00500000000424, 83.85790408941627
22.006000000004246, 83.84589527831065
22.007000000004247, 83.83392627259556
22.00800000000424, 83.82199721784434
22.009000000004246, 83.81010825963038
22.010000000004247, 83.79825954352705
22.01100000000425, 83.78645121510762
22.01200000000425, 83.77468341994553
22.01300000000425, 83.76295630361409
22.014000000004252, 83.75127001168669
22.015000000004253, 83.7396246897367
22.016000000004258, 83.7280204833374
22.017000000004256, 83.71645753806231
22.01800000000426, 83.70493599948465
22.019000000004258, 83.69345601317785
22.02000000000426, 83.68201772471524
22.02100000000426, 83.67062127967016
22.02200000000426, 83.65926682361597
22.023000000004263, 83.64795450212613
22.024000000004264, 83.63668446077384
22.025000000004265, 83.62545684513255
22.026000000004267, 83.61427180077564
22.027000000004268, 83.60312947327637
22.02800000000427, 83.59203000820823
22.02900000000427, 83.58097355114458
22.03000000000427, 83.56996024765866
22.031000000004273, 83.55899024332388
22.032000000004274, 83.54806368371352
22.033000000004275, 83.53718071440119
22.034000000004276, 83.52634148095991
22.035000000004278, 83.51554612896338
22.03600000000428, 83.5047948039847
22.03700000000428, 83.49408765159734
22.03800000000428, 83.48342481737464
22.03900000000428, 83.47280644688995
22.040000000004284, 83.46223268571669
22.041000000004285, 83.45170367942814
22.042000000004286, 83.44121957359772
22.043000000004287, 83.4307805137987
22.044000000004292, 83.42038664560451
22.045000000004293, 83.41003811458854
22.04600000000429, 83.39973506632411
22.047000000004296, 83.3894776463846
22.048000000004293, 83.37926600034325
22.049000000004295, 83.3691002737736
22.050000000004296, 83.35898061224898
22.051000000004297, 83.34890716134252
22.0520000000043, 83.33888006662794
22.0530000000043, 83.3288994736783
22.0540000000043, 83.3189655280672
22.055000000004306, 83.30907837536773
22.056000000004303, 83.29923816115343
22.057000000004304, 83.28944503099775
22.058000000004306, 83.27969913047382
22.05900000000431, 83.27000060515508
22.060000000004305, 83.26034960061497
22.061000000004313, 83.25074626242673
22.062000000004307, 83.24119073616384
22.063000000004312, 83.2316831673996
22.06400000000431, 83.22222370170729
22.065000000004314, 83.21281248466047
22.06600000000432, 83.20344966183234
22.06700000000432, 83.1941353787963
22.068000000004318, 83.18486978112561
22.06900000000432, 83.17565301439386
22.07000000000432, 83.16648522417422
22.07100000000432, 83.15736655604009
22.072000000004323, 83.14829715556492
22.073000000004324, 83.13927716832187
22.074000000004325, 83.13030673988457
22.075000000004326, 83.12138601582618
22.076000000004328, 83.11251514172011
22.07700000000433, 83.10369426313972
22.078000000004327, 83.09492352565829
22.07900000000433, 83.08620307484946
22.080000000004333, 83.07753305628624
22.081000000004334, 83.06891361554216
22.082000000004335, 83.06034489819064
22.083000000004333, 83.05182704980486
22.084000000004334, 83.04336021595842
22.085000000004342, 83.03494454222437
22.08600000000434, 83.02658017417636
22.08700000000434, 83.01826725738763
22.088000000004346, 83.01000593743143
22.089000000004344, 83.00179635988133
22.090000000004345, 82.99363867031059
22.091000000004346, 82.98553301429259
22.092000000004347, 82.97747953740063
22.09300000000435, 82.96947838520802
22.09400000000435, 82.96152970328836
22.095000000004354, 82.95363363721471
22.096000000004352, 82.94579033256068
22.097000000004353, 82.93799993489942
22.098000000004355, 82.93026258980453
22.099000000004356, 82.92257844284916
22.100000000004353, 82.9149476396068
22.101000000004355, 82.90737032565073
22.10200000000436, 82.89984664655427
22.10300000000436, 82.89237674789089
22.104000000004362, 82.88496077523395
22.105000000004363, 82.87759887415663
22.10600000000436, 82.87029119023254
22.107000000004366, 82.8630378690349
22.108000000004367, 82.85583905613711
22.109000000004368, 82.84869489711247
22.11000000000437, 82.84160553753436
22.11100000000437, 82.83457112297617
22.11200000000437, 82.82759179901124
22.113000000004373, 82.82066771121295
22.114000000004374, 82.81379900515468
22.115000000004372, 82.80698582640971
22.116000000004377, 82.80022832055147
22.117000000004378, 82.79352663315336
22.11800000000438, 82.78688090978856
22.11900000000438, 82.78029129603058
22.12000000000438, 82.7737579374528
22.121000000004383, 82.7672809796285
22.122000000004384, 82.760860568131
22.123000000004385, 82.75449684853386
22.124000000004386, 82.74818996641018
22.125000000004388, 82.74194006733343
22.12600000000439, 82.73574729687707
22.12700000000439, 82.72961180061438
22.12800000000439, 82.72353372411862
22.129000000004392, 82.71751321296323
22.130000000004394, 82.71155041272164
22.131000000004395, 82.70564546896715
22.132000000004396, 82.69979852727313
22.1330000000044, 82.69400973321297
22.1340000000044, 82.6882792323599
22.135000000004396, 82.68260717028734
22.1360000000044, 82.6769936925687
22.137000000004406, 82.67143894477735
22.138000000004403, 82.6659430724867
22.139000000004405, 82.6605062212699
22.14000000000441, 82.65512853670045
22.14100000000441, 82.64981016435176
22.14200000000441, 82.644551249797
22.14300000000441, 82.63935193860974
22.14400000000441, 82.63421237636335
22.145000000004412, 82.62913270863096
22.14600000000441, 82.62411308098606
22.147000000004414, 82.61915363900208
22.148000000004416, 82.61425452825226
22.149000000004417, 82.60941589431009
22.150000000004415, 82.60463788274869
22.151000000004423, 82.59992063914177
22.15200000000442, 82.59526430906232
22.153000000004422, 82.59066903808399
22.154000000004423, 82.58613497177996
22.155000000004424, 82.58166225572373
22.156000000004425, 82.57725103548859
22.157000000004427, 82.57290145664783
22.158000000004428, 82.56861366477497
22.15900000000443, 82.56438780544319
22.16000000000443, 82.56022402422597
22.16100000000443, 82.5561224666966
22.162000000004433, 82.55208327842857
22.163000000004434, 82.54810660499508
22.164000000004435, 82.54419259196952
22.16500000000444, 82.5403413849254
22.166000000004438, 82.5365531294359
22.16700000000444, 82.53282797107433
22.16800000000444, 82.52916605541434
22.16900000000444, 82.52556752802896
22.170000000004443, 82.52203253449183
22.171000000004444, 82.51856122037603
22.172000000004445, 82.51515373125523
22.173000000004446, 82.51181021270249
22.174000000004447, 82.5085308102914
22.17500000000445, 82.50531566959519
22.17600000000445, 82.50216493618734
22.177000000004455, 82.49907875564108
22.178000000004452, 82.49605727352976
22.17900000000445, 82.49310063542681
22.180000000004455, 82.49020898690563
22.181000000004456, 82.48738247353947
22.182000000004457, 82.48462124090177
22.18300000000446, 82.48192543456585
22.18400000000446, 82.4792952001051
22.18500000000446, 82.47673068309288
22.186000000004462, 82.47423202910257
22.187000000004463, 82.47179938370739
22.188000000004468, 82.46943289248088
22.189000000004462, 82.46713270099634
22.190000000004467, 82.46489895482705
22.19100000000447, 82.4627317995464
22.19200000000447, 82.46063138072778
22.19300000000447, 82.45859784394469
22.194000000004472, 82.45663133477024
22.195000000004473, 82.45473199877793
22.196000000004474, 82.45289998154107
22.197000000004476, 82.45113542863304
22.198000000004477, 82.44943848562717
22.199000000004478, 82.4478092980969
22.20000000000448, 82.4462480116155
22.201000000004477, 82.4447547717564
22.202000000004478, 82.44332972409285
22.203000000004483, 82.4419730141984
22.204000000004484, 82.44068478764618
22.205000000004485, 82.43946519000977
22.206000000004483, 82.4383143668624
22.207000000004488, 82.43723246377739
22.20800000000449, 82.4362196263282
22.20900000000449, 82.43527600008811
22.21000000000449, 82.43440173063061
22.211000000004496, 82.43359696352893
22.212000000004494, 82.43286184435648
22.213000000004495, 82.43219651868662
22.214000000004496, 82.43160113209261
22.215000000004498, 82.43107583014803
22.2160000000045, 82.43062075842607
22.2170000000045, 82.4302360625001
22.2180000000045, 82.42992188794352
22.219000000004502, 82.42967838032966
22.2200000000045, 82.4295056852319
22.221000000004505, 82.42940394822364
22.222000000004506, 82.42937331487815
22.22300000000451, 82.4294139307688
22.224000000004512, 82.42952594146901
22.225000000004513, 82.42970949255218
22.226000000004515, 82.42996472959155
22.227000000004512, 82.43029179816057
22.22800000000451, 82.4306908438325
22.229000000004515, 82.43116201218088
22.230000000004516, 82.43170544877887
22.231000000004514, 82.4323212991999
22.232000000004522, 82.43300970901738
22.23300000000452, 82.43377082380455
22.23400000000452, 82.43460478913497
22.235000000004522, 82.4355117505818
22.236000000004523, 82.4364918537185
22.237000000004524, 82.43754524411838
22.238000000004526, 82.43867206735487
22.239000000004527, 82.43987246900127
22.240000000004528, 82.44114659463092
22.241000000004533, 82.44249458981733
22.24200000000453, 82.44391660013366
22.243000000004532, 82.44541277115337
22.244000000004533, 82.44698324844983
22.245000000004538, 82.44862817759636
22.246000000004535, 82.45034770416636
22.247000000004533, 82.45214197373309
22.248000000004538, 82.45401113187006
22.24900000000454, 82.4559553241505
22.25000000000454, 82.45797469614783
22.25100000000454, 82.46006939343538
22.252000000004543, 82.46223956158663
22.253000000004548, 82.4644853461748
22.25400000000454, 82.46680689277322
22.255000000004546, 82.46920434695537
22.25600000000455, 82.4716778542946
22.25700000000455, 82.47422756036426
22.258000000004547, 82.47685361073752
22.25900000000455, 82.47955615098799
22.260000000004553, 82.48233532668897
22.261000000004554, 82.48519128341371
22.262000000004555, 82.48812416673579
22.263000000004553, 82.4911341222283
22.264000000004557, 82.49422129546477
22.26500000000456, 82.49738583201854
22.26600000000456, 82.5006278774628
22.26700000000456, 82.50394757737124
22.26800000000456, 82.50734507731696
22.269000000004564, 82.5108205228733
22.270000000004565, 82.51437405961384
22.271000000004566, 82.5180058331118
22.272000000004567, 82.52171598894053
22.27300000000457, 82.5255046726734
22.27400000000457, 82.5293720298838
22.27500000000457, 82.53331820614504
22.276000000004572, 82.53734334703056
22.27700000000457, 82.54144759811362
22.278000000004578, 82.54563110496768
22.27900000000458, 82.54989401316604
22.280000000004577, 82.55423646828207
22.28100000000458, 82.55865861588914
22.28200000000458, 82.56316060156055
22.28300000000458, 82.56774257086968
22.284000000004582, 82.57240466939002
22.285000000004583, 82.57714704269476
22.286000000004588, 82.58196983635733
22.287000000004586, 82.58687319595114
22.288000000004587, 82.59185726704945
22.289000000004588, 82.59692219522566
22.290000000004593, 82.6020681260531
22.29100000000459, 82.60729520510516
22.29200000000459, 82.61260357795524
22.29300000000459, 82.61799339017668
22.294000000004594, 82.62346478734284
22.295000000004595, 82.62901791502702
22.296000000004597, 82.63465291880263
22.297000000004598, 82.64036994424308
22.2980000000046, 82.64616913692153
22.2990000000046, 82.65205064241158
22.3000000000046, 82.65801460628644
22.301000000004603, 82.66406117411955
22.302000000004604, 82.67019049148433
22.303000000004605, 82.67640270395393
22.304000000004606, 82.6826979571018
22.305000000004608, 82.68907639650138
22.30600000000461, 82.69553816772597
22.30700000000461, 82.70208341634903
22.30800000000461, 82.70871228794367
22.309000000004612, 82.71542492808351
22.310000000004614, 82.72222148234171
22.311000000004615, 82.72910209629178
22.312000000004616, 82.73606691550702
22.313000000004617, 82.74311608556086
22.31400000000462, 82.75024975202652
22.31500000000462, 82.75746806047745
22.316000000004625, 82.76477115648694
22.317000000004622, 82.77215918562851
22.318000000004623, 82.77963229347534
22.319000000004625, 82.78719062560084
22.320000000004626, 82.79483432757843
22.321000000004627, 82.80256354498138
22.32200000000463, 82.81037842338317
22.32300000000463, 82.81827910835707
22.32400000000463, 82.82626574547643
22.325000000004632, 82.83433848031466
22.326000000004633, 82.84249745844512
22.327000000004634, 82.85074282544105
22.328000000004632, 82.85907472687597
22.329000000004637, 82.86749330832319
22.330000000004638, 82.87599871535602
22.33100000000464, 82.8845910935479
22.33200000000464, 82.89327058847218
22.333000000004642, 82.90203734570208
22.334000000004643, 82.91089151081114
22.335000000004644, 82.91983322937261
22.336000000004645, 82.92886264695976
22.33700000000465, 82.93797990914626
22.338000000004648, 82.9471851615052
22.33900000000465, 82.95647854961003
22.34000000000465, 82.96586021903413
22.34100000000465, 82.97533031535077
22.342000000004653, 82.98488898413345
22.343000000004654, 82.99453637095537
22.344000000004655, 83.00427262138999
22.345000000004656, 83.01409788101073
22.34600000000466, 83.02401229539073
22.34700000000466, 83.03401601010353
22.34800000000466, 83.04410917072255
22.34900000000466, 83.05429192282091
22.35000000000466, 83.06456441197214
22.351000000004664, 83.07492678374962
22.352000000004665, 83.0853791837266
22.353000000004666, 83.09592175747653
22.354000000004667, 83.10655465057278
22.35500000000467, 83.11727800858861
22.35600000000467, 83.12809197709737
22.357000000004675, 83.13899670167258
22.35800000000467, 83.14999232788742
22.359000000004674, 83.16107900131543
22.360000000004675, 83.1722568675297
22.361000000004676, 83.1835260721039
22.362000000004677, 83.19488676061125
22.363000000004682, 83.20633907862502
22.36400000000468, 83.21788317171878
22.365000000004677, 83.22951918546565
22.366000000004682, 83.24124726543917
22.367000000004683, 83.2530675572127
22.368000000004685, 83.26498020635951
22.369000000004686, 83.2769853584529
22.370000000004687, 83.28908315906631
22.37100000000469, 83.30127375377319
22.37200000000469, 83.31355728814681
22.37300000000469, 83.32593390776054
22.374000000004692, 83.33840375818765
22.375000000004697, 83.35096698500166
22.376000000004694, 83.36362373377577
22.377000000004696, 83.37637415008354
22.378000000004697, 83.38921837949812
22.379000000004698, 83.402156567593
22.3800000000047, 83.41518885994148
22.3810000000047, 83.42831540211697
22.3820000000047, 83.44153633969277
22.383000000004703, 83.4548518182423
22.3840000000047, 83.46826198333886
22.385000000004705, 83.48176698055593
22.386000000004707, 83.49536695546666
22.387000000004708, 83.50906205364464
22.388000000004713, 83.52285242066303
22.389000000004714, 83.53673820209526
22.39000000000471, 83.5507195435148
22.391000000004713, 83.56479659049485
22.39200000000471, 83.57896948860879
22.39300000000472, 83.59323838343013
22.394000000004716, 83.60760342053207
22.39500000000472, 83.62206474548798
22.396000000004715, 83.63662250387144
22.397000000004724, 83.65127684125545
22.39800000000472, 83.66602790321362
22.399000000004722, 83.68087583531924
22.400000000004724, 83.69582078314569
22.401000000004725, 83.71086289226623
22.402000000004726, 83.72600230825438
22.403000000004727, 83.74123917668342
22.40400000000473, 83.75657364312664
22.40500000000473, 83.77200585315758
22.40600000000473, 83.78753595234939
22.407000000004732, 83.80316408627557
22.408000000004733, 83.81889040050943
22.40900000000474, 83.83471504062437
22.410000000004736, 83.85063815219365
22.411000000004737, 83.86665988079078
22.412000000004742, 83.882780371989
22.413000000004743, 83.89899977136169
22.414000000004737, 83.91531822448219
22.415000000004742, 83.93173587692391
22.416000000004743, 83.94825287426032
22.41700000000474, 83.96486936206449
22.418000000004746, 83.98158548591
22.419000000004743, 83.9984013913702
22.420000000004748, 84.01531722401839
22.42100000000475, 84.03233312942784
22.42200000000475, 84.04944925317214
22.423000000004752, 84.06666574082449
22.424000000004753, 84.08398273795821
22.42500000000475, 84.10140039014684
22.426000000004752, 84.1189188429635
22.427000000004757, 84.13653824198177
22.428000000004758, 84.1542587327749
22.42900000000476, 84.17208046091622
22.43000000000476, 84.19000357197919
22.43100000000476, 84.20802821153711
22.432000000004763, 84.22615452516342
22.433000000004764, 84.24438265843125
22.434000000004765, 84.26271275691428
22.43500000000477, 84.28114496618558
22.436000000004768, 84.29967943181865
22.43700000000477, 84.3183162993869
22.43800000000477, 84.3370557144636
22.43900000000477, 84.35589782262211
22.440000000004773, 84.3748427694358
22.441000000004774, 84.39389070047811
22.442000000004775, 84.41304176132226
22.443000000004776, 84.4322960975417
22.444000000004777, 84.45165385470979
22.44500000000478, 84.47111517839983
22.446000000004783, 84.49068021418523
22.44700000000478, 84.5103491076394
22.448000000004782, 84.5301220043356
22.449000000004784, 84.54999904984723
22.450000000004785, 84.56998038974763
22.451000000004786, 84.59006616961018
22.452000000004787, 84.61025653500835
22.45300000000479, 84.63055163151526
22.45400000000479, 84.65095160470437
22.45500000000479, 84.67145660014914
22.456000000004792, 84.69206676342283
22.457000000004793, 84.71278224009879
22.458000000004795, 84.73360317575053
22.459000000004796, 84.7545297159512
22.460000000004797, 84.77556200627427
22.4610000000048, 84.79670019229313
22.4620000000048, 84.817944419581
22.4630000000048, 84.83929483371142
22.464000000004802, 84.86075158025761
22.465000000004803, 84.88231480479297
22.466000000004804, 84.90398465289084
22.467000000004806, 84.92576127012468
22.46800000000481, 84.94764480206779
22.469000000004808, 84.96963539429343
22.47000000000481, 84.99173319237515
22.47100000000481, 85.01393834188622
22.47200000000481, 85.03625098839991
22.473000000004813, 85.0586712774897
22.474000000004814, 85.0811993547289
22.475000000004815, 85.10383536569088
22.476000000004817, 85.12657945594897
22.477000000004818, 85.14943177107658
22.478000000004815, 85.17239245664702
22.47900000000482, 85.1954616582337
22.48000000000482, 85.21863952140993
22.481000000004823, 85.24192619174907
22.482000000004824, 85.26532181482456
22.483000000004825, 85.2888265362097
22.48400000000483, 85.31244050147781
22.485000000004828, 85.33616385620233
22.48600000000483, 85.35999674595658
22.487000000004826, 85.38393931631389
22.48800000000483, 85.40799171284769
22.489000000004832, 85.43215408113124
22.490000000004834, 85.45642656673802
22.491000000004835, 85.48080931524126
22.492000000004836, 85.50530247221447
22.493000000004834, 85.52990618323089
22.49400000000484, 85.55462059386389
22.49500000000484, 85.5794458496869
22.49600000000484, 85.60438209627323
22.497000000004842, 85.62942947919619
22.498000000004843, 85.65458814402928
22.49900000000484, 85.67985823634571
22.500000000004842, 85.70523990171895
22.501000000004847, 85.73073328572227
22.50200000000485, 85.75633853392912
22.50300000000485, 85.7820557919128
22.50400000000485, 85.80788520524668
22.505000000004852, 85.83382665321228
22.506000000004853, 85.85987766434388
22.50700000000485, 85.88603454264953
22.508000000004856, 85.91229358158729
22.509000000004857, 85.93865107461549
22.510000000004858, 85.96510331519225
22.51100000000486, 85.99164659677584
22.51200000000486, 86.01827721282443
22.513000000004862, 86.04499145679618
22.51400000000486, 86.07178562214936
22.515000000004864, 86.09865600234215
22.516000000004865, 86.12559889083276
22.517000000004867, 86.15261058107939
22.518000000004868, 86.17968736654021
22.51900000000487, 86.20682554067345
22.52000000000487, 86.23402139693731
22.521000000004875, 86.26127122879002
22.522000000004873, 86.28857132968972
22.523000000004874, 86.31591799309469
22.524000000004875, 86.34330751246307
22.525000000004876, 86.3707361812531
22.526000000004878, 86.39820029292292
22.52700000000488, 86.42569614093081
22.52800000000488, 86.45322001873497
22.52900000000488, 86.48076821979353
22.53000000000488, 86.50833703756474
22.531000000004884, 86.53592276550684
22.53200000000489, 86.56352169707799
22.533000000004886, 86.59113012573637
22.534000000004887, 86.6187443449402
22.53500000000489, 86.64636064814773
22.53600000000489, 86.67397532881711
22.53700000000489, 86.70158468040654
22.538000000004892, 86.72918499637427
22.53900000000489, 86.75677257017843
22.540000000004895, 86.7843438179522
22.541000000004896, 86.81189636592137
22.542000000004897, 86.83942852935675
22.5430000000049, 86.86693863151791
22.5440000000049, 86.8944249956645
22.5450000000049, 86.92188594505618
22.546000000004902, 86.94931980295257
22.5470000000049, 86.97672489261332
22.548000000004905, 87.00409953729807
22.549000000004906, 87.03144206026643
22.55000000000491, 87.0587507847781
22.551000000004905, 87.08602403409266
22.552000000004906, 87.11326013146979
22.55300000000491, 87.14045740016913
22.554000000004915, 87.16761416345021
22.555000000004913, 87.19472874457283
22.55600000000491, 87.22179946679655
22.557000000004916, 87.24882465338099
22.558000000004917, 87.27580262758588
22.559000000004918, 87.30273171267073
22.56000000000492, 87.32961023189529
22.56100000000492, 87.35643650851914
22.56200000000492, 87.38320886580192
22.563000000004923, 87.40992562700328
22.564000000004924, 87.43658511538288
22.565000000004925, 87.46318565420033
22.566000000004923, 87.48972556671526
22.567000000004928, 87.51620317618737
22.56800000000493, 87.54261680587621
22.56900000000493, 87.5689647790415
22.57000000000493, 87.59524541894284
22.571000000004933, 87.62145704883987
22.572000000004934, 87.64759799199221
22.573000000004935, 87.67366657165955
22.574000000004936, 87.6996611111015
22.57500000000494, 87.7255799335777
22.576000000004935, 87.7514213623478
22.57700000000494, 87.7771837206714
22.57800000000494, 87.80286533180819
22.579000000004942, 87.8284645190178
22.580000000004944, 87.85397960555983
22.581000000004945, 87.87940891469394
22.582000000004943, 87.9047507696798
22.583000000004947, 87.93000349377698
22.58400000000495, 87.95516541024519
22.58500000000495, 87.98023484234406
22.58600000000495, 88.00521011333319
22.587000000004952, 88.03008954647224
22.588000000004953, 88.05487146502087
22.589000000004955, 88.07955419223866
22.590000000004956, 88.1041360513853
22.591000000004957, 88.12861536572042
22.59200000000496, 88.15299045850364
22.59300000000496, 88.17725965299465
22.59400000000496, 88.20142127245302
22.595000000004966, 88.22547364013845
22.596000000004963, 88.24941507931051
22.597000000004964, 88.27324391322891
22.598000000004966, 88.29695846515325
22.599000000004967, 88.32055705834316
22.600000000004968, 88.34403801605833
22.60100000000497, 88.36739966155837
22.60200000000497, 88.39064031810287
22.60300000000497, 88.41375830895156
22.604000000004973, 88.43675195736401
22.605000000004974, 88.45961958659989
22.606000000004975, 88.48235951991884
22.607000000004973, 88.50497008058046
22.608000000004978, 88.52744959184447
22.60900000000498, 88.54979637697042
22.61000000000498, 88.57200875921802
22.61100000000498, 88.59408506184685
22.612000000004983, 88.61602360811658
22.613000000004984, 88.63782272128682
22.61400000000499, 88.65948072461727
22.615000000004986, 88.68099594136754
22.61600000000499, 88.70236669479725
22.617000000004992, 88.72359130816602
22.61800000000499, 88.74466810473355
22.61900000000499, 88.76559540775945
22.620000000004993, 88.78637154050338
22.621000000004994, 88.80699482622491
22.622000000004995, 88.82746358818378
22.623000000004996, 88.84777614963953
22.624000000004997, 88.86793097137641
22.625000000005, 88.88792831363635
22.626000000004996, 88.9077697006232
22.627000000004998, 88.92745668275954
22.628000000005002, 88.94699081046782
22.629000000005004, 88.96637363417054
22.630000000005005, 88.98560670429019
22.631000000005006, 89.00469157124931
22.632000000005007, 89.0236297854704
22.633000000005012, 89.04242289737594
22.634000000005013, 89.06107245738845
22.63500000000501, 89.07958001593042
22.636000000005012, 89.09794712342436
22.637000000005013, 89.11617533029275
22.638000000005015, 89.13426618695811
22.639000000005016, 89.15222124384296
22.640000000005017, 89.17004205136978
22.641000000005018, 89.18773015996103
22.64200000000502, 89.20528712003932
22.64300000000502, 89.22271448202707
22.644000000005022, 89.24001379634682
22.645000000005023, 89.25718661342101
22.646000000005024, 89.27423448367222
22.647000000005026, 89.2911589575229
22.648000000005027, 89.30796158539562
22.64900000000503, 89.32464391771279
22.650000000005026, 89.34120750489696
22.65100000000503, 89.35765389737064
22.65200000000503, 89.37398464555632
22.653000000005033, 89.39020129987648
22.654000000005034, 89.40630541075367
22.655000000005035, 89.42229852861034
22.656000000005037, 89.43818220386906
22.657000000005038, 89.45395798695225
22.65800000000504, 89.4696274282825
22.65900000000504, 89.48519207828221
22.66000000000504, 89.50065348737398
22.661000000005046, 89.51601320598024
22.662000000005047, 89.53127278452357
22.663000000005045, 89.54643377342637
22.664000000005046, 89.56149772311124
22.665000000005048, 89.57646618400062
22.666000000005052, 89.59134070651703
22.667000000005046, 89.60612284108296
22.66800000000505, 89.62081413812093
22.669000000005052, 89.63541614805348
22.670000000005054, 89.64993042130303
22.671000000005055, 89.66435850829211
22.672000000005056, 89.67870195944326
22.673000000005057, 89.69296232517894
22.67400000000506, 89.70714115592169
22.675000000005056, 89.72124000209398
22.67600000000506, 89.73526041411831
22.677000000005062, 89.74920394241721
22.678000000005063, 89.76307213741316
22.679000000005065, 89.77686654952868
22.680000000005066, 89.79058872918625
22.681000000005064, 89.80424022680839
22.68200000000507, 89.81782259281759
22.68300000000507, 89.83133737763639
22.68400000000507, 89.84478613168723
22.685000000005072, 89.85817040539263
22.686000000005073, 89.87149174917515
22.687000000005078, 89.88475164646992
22.688000000005076, 89.89795047609947
22.689000000005077, 89.91108771100153
22.690000000005078, 89.92416279736321
22.69100000000508, 89.93717518137152
22.69200000000508, 89.95012430921352
22.69300000000508, 89.96300962707622
22.694000000005083, 89.97583058114671
22.695000000005084, 89.98858661761197
22.696000000005082, 90.00127718265905
22.697000000005087, 90.013901722475
22.698000000005088, 90.02645968324687
22.69900000000509, 90.03895051116166
22.700000000005094, 90.05137365240647
22.70100000000509, 90.06372855316829
22.702000000005096, 90.07601465963418
22.70300000000509, 90.08823141799117
22.704000000005095, 90.10037827442629
22.705000000005093, 90.11245467512657
22.706000000005098, 90.12446006627911
22.7070000000051, 90.13639389407088
22.7080000000051, 90.1482556046889
22.7090000000051, 90.16004464432028
22.710000000005103, 90.17176045915205
22.711000000005104, 90.18340249537121
22.712000000005105, 90.19497019916477
22.71300000000511, 90.2064630167199
22.714000000005107, 90.21788039422347
22.715000000005112, 90.22922177786266
22.71600000000511, 90.24048661382439
22.71700000000511, 90.25167434829581
22.718000000005112, 90.26278442746388
22.719000000005114, 90.27381629751568
22.720000000005115, 90.28476940463821
22.721000000005116, 90.29564319501851
22.722000000005117, 90.30643711484367
22.723000000005122, 90.31715061030067
22.72400000000512, 90.32778312757662
22.72500000000512, 90.33833411285848
22.726000000005122, 90.34880301233333
22.727000000005123, 90.3591892721882
22.728000000005125, 90.3694923386101
22.72900000000513, 90.37971165778613
22.730000000005127, 90.38984667590327
22.731000000005128, 90.39989683914858
22.73200000000513, 90.40986159370911
22.73300000000513, 90.4197403857719
22.734000000005132, 90.42953266152398
22.735000000005133, 90.43923786715234
22.736000000005134, 90.44885544884411
22.737000000005136, 90.45838485278627
22.738000000005137, 90.46782552516588
22.739000000005134, 90.47717691216994
22.74000000000514, 90.48643845998552
22.74100000000514, 90.49560961479969
22.74200000000514, 90.50468982279942
22.743000000005143, 90.51367854679953
22.744000000005144, 90.52257559272805
22.74500000000515, 90.53138108910454
22.746000000005147, 90.54009517696718
22.747000000005148, 90.54871799735393
22.74800000000515, 90.55724969130297
22.74900000000515, 90.56569039985236
22.75000000000515, 90.57404026404016
22.751000000005153, 90.58229942490455
22.752000000005157, 90.59046802348355
22.75300000000516, 90.59854620081525
22.754000000005156, 90.60653409793775
22.75500000000516, 90.61443185588918
22.75600000000516, 90.62223961570757
22.75700000000516, 90.62995751843103
22.75800000000516, 90.63758570509768
22.759000000005162, 90.64512431674557
22.76000000000516, 90.65257349441282
22.761000000005165, 90.65993337913746
22.762000000005166, 90.66720411195767
22.763000000005167, 90.6743858339115
22.76400000000517, 90.68147868603704
22.76500000000517, 90.68848280937236
22.76600000000517, 90.69539834495559
22.767000000005172, 90.70222543382476
22.768000000005173, 90.70896421701806
22.769000000005175, 90.71561483557349
22.770000000005176, 90.72217743052914
22.771000000005177, 90.72865214292318
22.77200000000518, 90.73503911379362
22.77300000000518, 90.7413384841786
22.77400000000518, 90.74755039511618
22.775000000005186, 90.75367498764446
22.776000000005187, 90.75971240280154
22.777000000005184, 90.76566278162547
22.778000000005182, 90.7715262651544
22.779000000005187, 90.77730299442642
22.780000000005188, 90.78299311047952
22.78100000000519, 90.78859675435193
22.782000000005187, 90.79411406708167
22.78300000000519, 90.79954518970679
22.784000000005193, 90.80489026326549
22.785000000005194, 90.81014942879573
22.786000000005195, 90.81532282733569
22.787000000005197, 90.82041059992343
22.788000000005198, 90.82541288759707
22.7890000000052, 90.83032983139465
22.7900000000052, 90.83516157235427
22.7910000000052, 90.83990825151412
22.792000000005203, 90.8445700099121
22.793000000005204, 90.84914698858644
22.794000000005205, 90.85363932857523
22.79500000000521, 90.85804717091652
22.796000000005208, 90.86237065664837
22.79700000000521, 90.86660992680895
22.798000000005207, 90.87076512243631
22.799000000005215, 90.8748363845685
22.800000000005216, 90.87882385424368
22.801000000005214, 90.88272767249987
22.802000000005215, 90.88654798037524
22.803000000005216, 90.89028491890785
22.804000000005217, 90.89393862913572
22.805000000005215, 90.89750925209705
22.806000000005223, 90.90099692882988
22.80700000000522, 90.90440180037228
22.808000000005222, 90.90772400776237
22.809000000005224, 90.91096369203824
22.810000000005225, 90.91412099423799
22.811000000005226, 90.91719605539967
22.81200000000523, 90.9201890165614
22.81300000000523, 90.92310001876125
22.81400000000523, 90.92592920303733
22.815000000005234, 90.92867671042774
22.816000000005232, 90.93134268197053
22.817000000005233, 90.93392725870382
22.818000000005235, 90.93643058166572
22.81900000000524, 90.93885279189423
22.820000000005237, 90.94119403042758
22.821000000005235, 90.94345443830373
22.822000000005243, 90.94563415656086
22.82300000000524, 90.94773332623701
22.824000000005242, 90.9497520883703
22.825000000005243, 90.95169058399877
22.826000000005244, 90.9535489541606
22.82700000000525, 90.95532733989378
22.828000000005247, 90.95702588223647
22.829000000005248, 90.95864472222675
22.83000000000525, 90.96018404703443
22.83100000000525, 90.96164462974687
22.83200000000525, 90.96302764644975
22.833000000005253, 90.9643342811628
22.834000000005254, 90.96556571790583
22.835000000005255, 90.96672314069855
22.836000000005257, 90.96780773356069
22.837000000005258, 90.96882068051201
22.83800000000526, 90.96976316557232
22.83900000000526, 90.9706363727613
22.84000000000526, 90.97144148609868
22.841000000005266, 90.97217968960432
22.842000000005264, 90.97285216729783
22.843000000005265, 90.97346010319907
22.844000000005266, 90.97400468132773
22.845000000005268, 90.97448708570354
22.84600000000527, 90.97490850034632
22.84700000000527, 90.9752701092758
22.84800000000527, 90.97557309651168
22.84900000000527, 90.97581864607375
22.850000000005274, 90.97600794198175
22.851000000005275, 90.97614216825541
22.852000000005273, 90.9762225089145
22.853000000005277, 90.97625014797879
22.854000000005275, 90.97622626946801
22.855000000005283, 90.97615205740189
22.85600000000528, 90.9760286958002
22.857000000005282, 90.97585736868267
22.858000000005287, 90.97563926006904
22.859000000005285, 90.97537555397915
22.860000000005286, 90.97506743443263
22.861000000005287, 90.97471608544932
22.86200000000529, 90.9743226910489
22.863000000005293, 90.97388843525115
22.86400000000529, 90.97341450207578
22.865000000005292, 90.97290207554263
22.866000000005297, 90.97235233967136
22.867000000005294, 90.97176647848177
22.868000000005296, 90.97114567599361
22.869000000005297, 90.97049111622657
22.870000000005298, 90.96980398320048
22.8710000000053, 90.96908546093503
22.8720000000053, 90.96833673345002
22.8730000000053, 90.96755898476513
22.874000000005303, 90.96675339890018
22.875000000005304, 90.96592115987485
22.876000000005305, 90.96506345170894
22.87700000000531, 90.96418145842219
22.878000000005308, 90.96327636403437
22.87900000000531, 90.96234935256517
22.88000000000531, 90.96140160803438
22.881000000005308, 90.96043431446172
22.882000000005313, 90.959448655867
22.883000000005314, 90.9584458162699
22.884000000005315, 90.95742697969025
22.88500000000532, 90.95639333014768
22.886000000005318, 90.955346051662
22.88700000000532, 90.954286328253
22.88800000000532, 90.95321534394043
22.88900000000532, 90.95213428274398
22.890000000005323, 90.9510443286834
22.891000000005324, 90.94994666577847
22.892000000005325, 90.94884247804895
22.893000000005326, 90.94773294951453
22.894000000005327, 90.94661926419502
22.89500000000533, 90.94550260611017
22.89600000000533, 90.94438415927968
22.89700000000533, 90.94326509743634
22.898000000005332, 90.94214614250683
22.899000000005334, 90.94102739758083
22.900000000005335, 90.93990892101533
22.901000000005336, 90.93879077116704
22.902000000005337, 90.93767300639284
22.90300000000534, 90.93655568504956
22.90400000000534, 90.93543886549402
22.90500000000534, 90.93432260608303
22.90600000000534, 90.93320696517345
22.907000000005343, 90.9320920011221
22.908000000005345, 90.9309777722858
22.909000000005346, 90.92986433702137
22.910000000005347, 90.92875175368566
22.911000000005348, 90.92764008063548
22.91200000000535, 90.92652937622769
22.91300000000535, 90.92541969881907
22.914000000005352, 90.92431110676645
22.915000000005353, 90.92320365842674
22.916000000005358, 90.92209741215667
22.91700000000536, 90.92099242631313
22.918000000005357, 90.91988875925294
22.919000000005354, 90.91878646933287
22.92000000000536, 90.91768561490984
22.92100000000536, 90.91658625434066
22.92200000000536, 90.9154884459821
22.923000000005363, 90.91439224819099
22.924000000005364, 90.91329771932425
22.92500000000536, 90.91220491773858
22.926000000005367, 90.91111390179096
22.927000000005368, 90.91002472983809
22.92800000000537, 90.90893746023686
22.929000000005374, 90.90785215134404
22.93000000000537, 90.90676886151654
22.931000000005373, 90.90568764911114
22.93200000000537, 90.90460857248469
22.933000000005375, 90.90353168999398
22.934000000005376, 90.90245705999588
22.935000000005374, 90.90138474084722
22.93600000000538, 90.90031479090483
22.93700000000538, 90.8992472685255
22.93800000000538, 90.89818223206608
22.939000000005382, 90.89711973988342
22.940000000005384, 90.8960598503343
22.941000000005385, 90.89500262177557
22.942000000005383, 90.89394811256408
22.943000000005387, 90.89289638105664
22.94400000000539, 90.8918474856101
22.94500000000539, 90.89080148458126
22.94600000000539, 90.88975843632696
22.947000000005392, 90.88871839920402
22.948000000005393, 90.88768143156929
22.949000000005395, 90.88664759177958
22.950000000005396, 90.88561693819173
22.951000000005397, 90.88458952916253
22.9520000000054, 90.88356542304888
22.9530000000054, 90.88254467820757
22.9540000000054, 90.8815273529954
22.955000000005402, 90.88051350576927
22.956000000005403, 90.87950319488591
22.9570000000054, 90.87849647870223
22.958000000005406, 90.87749341557502
22.959000000005407, 90.87649406386114
22.960000000005408, 90.87549848171814
22.961000000005406, 90.87450671422394
22.962000000005414, 90.87351878550889
22.96300000000541, 90.87253471782026
22.964000000005413, 90.87155453340533
22.965000000005414, 90.87057825451133
22.966000000005415, 90.8696059033855
22.967000000005417, 90.86863750227518
22.968000000005418, 90.86767307342758
22.96900000000542, 90.86671263908991
22.970000000005424, 90.86575622150951
22.97100000000542, 90.86480384293361
22.972000000005423, 90.86385552560947
22.97300000000542, 90.86291129178439
22.974000000005425, 90.86197116370552
22.975000000005426, 90.86103516362026
22.976000000005428, 90.86010331377577
22.97700000000543, 90.85917563641932
22.97800000000543, 90.85825215379823
22.97900000000543, 90.85733288815972
22.980000000005433, 90.85641786175105
22.981000000005434, 90.85550709681945
22.982000000005435, 90.85460061561226
22.983000000005436, 90.85369844037666
22.984000000005437, 90.85280059335996
22.98500000000544, 90.85190709680941
22.98600000000544, 90.85101797297226
22.98700000000544, 90.85013324409576
22.988000000005442, 90.84925293242722
22.989000000005444, 90.84837706021385
22.99000000000545, 90.84750564970292
22.991000000005442, 90.84663872314165
22.992000000005447, 90.8457763027774
22.99300000000545, 90.84491841085736
22.99400000000545, 90.84406506962881
22.99500000000545, 90.84321630133903
22.996000000005452, 90.8423721282352
22.997000000005453, 90.84153257256467
22.99800000000545, 90.84069765657468
22.999000000005456, 90.83986740251243
23.000000000005457, 90.83904183262526
23.001000000005458, 90.83822096916036
23.00200000000546, 90.83740483436507
23.00300000000546, 90.8365934504866
23.004000000005462, 90.83578683977221
23.005000000005463, 90.83498502446918
23.006000000005464, 90.83418802682473
23.007000000005466, 90.83339586908619
23.008000000005467, 90.83260857350075
23.009000000005468, 90.83182616231568
23.01000000000547, 90.83104865777827
23.01100000000547, 90.8302760821358
23.01200000000547, 90.82950845763546
23.013000000005473, 90.82874580652455
23.01400000000547, 90.82798815105038
23.015000000005475, 90.8272355134601
23.016000000005477, 90.82648791600104
23.017000000005478, 90.82574538092045
23.01800000000548, 90.82500793046563
23.01900000000548, 90.82427558688374
23.02000000000548, 90.82354837242217
23.02100000000548, 90.82282630932805
23.02200000000548, 90.82210941984874
23.023000000005485, 90.82139772623142
23.024000000005486, 90.82069125072341
23.025000000005488, 90.81999001557196
23.026000000005492, 90.8192940430243
23.02700000000549, 90.81860335532775
23.02800000000549, 90.8179179747295
23.029000000005492, 90.81723792347682
23.030000000005497, 90.81656322381703
23.031000000005495, 90.81589389799734
23.032000000005493, 90.81522996826503
23.033000000005497, 90.81457145686733
23.034000000005502, 90.81391843406043
23.0350000000055, 90.81327138447593
23.036000000005497, 90.81263100463889
23.037000000005502, 90.81199799278222
23.038000000005503, 90.8113730471388
23.039000000005505, 90.81075686594157
23.040000000005506, 90.81015014742343
23.041000000005507, 90.80955358981728
23.04200000000551, 90.80896789135613
23.04300000000551, 90.80839375027276
23.04400000000551, 90.80783186480019
23.045000000005512, 90.80728293317127
23.04600000000551, 90.80674765361894
23.047000000005514, 90.80622672437609
23.048000000005516, 90.8057208436757
23.049000000005517, 90.80523070975059
23.050000000005518, 90.80475702083376
23.05100000000552, 90.8043004751581
23.05200000000552, 90.8038617709565
23.05300000000552, 90.80344160646185
23.054000000005523, 90.80304067990714
23.055000000005524, 90.80265968952527
23.056000000005525, 90.8022993335491
23.057000000005527, 90.8019603102116
23.058000000005528, 90.80164331774563
23.05900000000553, 90.80134905438413
23.06000000000553, 90.80107821836006
23.06100000000553, 90.80083150790627
23.062000000005533, 90.80060962125569
23.063000000005534, 90.80041325664126
23.06400000000554, 90.8002431122959
23.065000000005536, 90.80009988645247
23.066000000005538, 90.79998427734391
23.06700000000554, 90.79989698320315
23.06800000000554, 90.79983870226312
23.069000000005538, 90.79981013275668
23.070000000005543, 90.7998119729168
23.071000000005547, 90.79984492097637
23.072000000005545, 90.7999096751683
23.073000000005546, 90.80000693372547
23.074000000005547, 90.80013739488088
23.075000000005552, 90.80030175686741
23.07600000000555, 90.80050071791793
23.07700000000555, 90.8007349762654
23.078000000005552, 90.80100523014269
23.079000000005554, 90.80131217778279
23.08000000000556, 90.80165651741856
23.081000000005552, 90.80203894728292
23.082000000005557, 90.80246016560879
23.08300000000556, 90.80292087062908
23.08400000000556, 90.80342176057671
23.08500000000556, 90.80396353368461
23.086000000005562, 90.80454688818567
23.087000000005563, 90.80517252231279
23.088000000005565, 90.80584113429892
23.089000000005566, 90.80655342237696
23.090000000005567, 90.80731008477984
23.091000000005568, 90.80811181974047
23.092000000005566, 90.80895932549173
23.09300000000557, 90.80985330026658
23.094000000005572, 90.81079444229789
23.095000000005577, 90.81178344981863
23.09600000000557, 90.81282102106167
23.097000000005576, 90.81390785425991
23.098000000005577, 90.8150446476463
23.099000000005578, 90.81623209945379
23.10000000000558, 90.81747090791521
23.10100000000558, 90.81876177126351
23.10200000000558, 90.82010538773166
23.103000000005586, 90.82150245555249
23.104000000005584, 90.82295367295895
23.105000000005585, 90.82445973818395
23.106000000005587, 90.82602134946043
23.107000000005588, 90.82763920398757
23.10800000000559, 90.82931372733745
23.10900000000559, 90.83104471098646
23.110000000005588, 90.83283185608946
23.111000000005596, 90.83467486380114
23.11200000000559, 90.83657343527643
23.113000000005595, 90.8385272716701
23.114000000005596, 90.84053607413692
23.115000000005598, 90.84259954383177
23.1160000000056, 90.84471738190939
23.117000000005596, 90.84688928952461
23.118000000005605, 90.84911496783224
23.119000000005602, 90.85139411798708
23.120000000005604, 90.85372644114395
23.1210000000056, 90.85611163845769
23.122000000005606, 90.85854941108303
23.12300000000561, 90.86103946017484
23.12400000000561, 90.8635814868879
23.12500000000561, 90.86617519237703
23.12600000000561, 90.86882027779703
23.12700000000561, 90.8715164443027
23.128000000005613, 90.87426339304885
23.129000000005615, 90.87706082519034
23.130000000005616, 90.87990844188192
23.131000000005617, 90.88280594427837
23.13200000000562, 90.88575303353461
23.13300000000562, 90.88874941080533
23.13400000000562, 90.89179477724538
23.135000000005622, 90.89488883400959
23.136000000005623, 90.89803128225273
23.137000000005624, 90.90122182312965
23.138000000005626, 90.90446015779514
23.139000000005627, 90.90774598740397
23.140000000005628, 90.91107901311103
23.141000000005633, 90.91445893607107
23.142000000005634, 90.91788545743889
23.14300000000563, 90.92135827836935
23.144000000005633, 90.92487710001716
23.145000000005634, 90.92844162353724
23.146000000005635, 90.93205155008435
23.14700000000564, 90.93570658081327
23.148000000005638, 90.93940641687885
23.149000000005643, 90.94315075943587
23.15000000000564, 90.94693930963918
23.151000000005638, 90.95077176864352
23.152000000005643, 90.95464783760376
23.153000000005644, 90.95856721767468
23.154000000005645, 90.9625296100111
23.155000000005646, 90.96653471576779
23.156000000005648, 90.97058223609962
23.157000000005652, 90.97467187216132
23.15800000000565, 90.97880332510776
23.15900000000565, 90.98297629609377
23.160000000005653, 90.98719048627413
23.161000000005657, 90.99144559680354
23.16200000000566, 90.995741328837
23.163000000005656, 91.00007738352917
23.164000000005657, 91.00445346203489
23.16500000000566, 91.00886926550905
23.16600000000566, 91.01332449510635
23.16700000000566, 91.01781885198164
23.168000000005662, 91.02235203728976
23.169000000005664, 91.02692375218548
23.170000000005665, 91.03153369820441
23.171000000005666, 91.03618185230219
23.172000000005667, 91.04086895210824
23.17300000000567, 91.04559586546743
23.17400000000567, 91.05036346022467
23.17500000000567, 91.05517260422482
23.176000000005672, 91.06002416531274
23.17700000000567, 91.06491901133332
23.178000000005675, 91.06985801013141
23.179000000005672, 91.07484202955192
23.180000000005673, 91.07987193743976
23.181000000005678, 91.08494860163975
23.18200000000568, 91.09007288999679
23.18300000000568, 91.09524567035578
23.184000000005685, 91.10046781056158
23.185000000005687, 91.10574017845906
23.186000000005688, 91.11106364189311
23.187000000005686, 91.11643906870862
23.188000000005687, 91.12186732675043
23.189000000005688, 91.12734928386347
23.19000000000569, 91.13288580789254
23.191000000005694, 91.1384777666826
23.192000000005695, 91.14412602807852
23.193000000005693, 91.1498314599251
23.194000000005698, 91.15559493006732
23.195000000005695, 91.16141730635
23.196000000005693, 91.16729945661804
23.1970000000057, 91.1732422487163
23.1980000000057, 91.17924655048968
23.1990000000057, 91.18531322978305
23.2000000000057, 91.19144315444129
23.201000000005703, 91.19763719230927
23.202000000005707, 91.20389621123185
23.203000000005705, 91.21022107905397
23.204000000005706, 91.21661266362047
23.205000000005708, 91.2230718327762
23.20600000000571, 91.2295994543661
23.20700000000571, 91.23619639623499
23.20800000000571, 91.2428635262278
23.209000000005712, 91.24960171218933
23.210000000005714, 91.25641182196456
23.21100000000571, 91.26329472339833
23.212000000005716, 91.2702512843355
23.213000000005717, 91.27728237262095
23.21400000000572, 91.28438885609954
23.21500000000572, 91.29157160261622
23.21600000000572, 91.29883148001578
23.217000000005722, 91.30616935614319
23.218000000005723, 91.31358609884326
23.219000000005725, 91.3210825759609
23.22000000000573, 91.32865965534096
23.221000000005727, 91.33631820482833
23.222000000005732, 91.34405909226793
23.22300000000573, 91.35188318550459
23.22400000000573, 91.35979135238316
23.225000000005732, 91.36778446074861
23.226000000005733, 91.37586337844573
23.227000000005734, 91.3840289733195
23.228000000005736, 91.39228211321468
23.229000000005737, 91.40062366597623
23.230000000005738, 91.409054499449
23.23100000000574, 91.41757548147787
23.232000000005737, 91.42618747990772
23.233000000005738, 91.43489136250236
23.234000000005743, 91.44368766017479
23.235000000005744, 91.45257579852942
23.236000000005745, 91.46155497680667
23.237000000005747, 91.47062439424705
23.23800000000575, 91.47978325009112
23.239000000005753, 91.48903074357938
23.24000000000575, 91.49836607395231
23.24100000000575, 91.50778844045041
23.242000000005753, 91.51729704231425
23.243000000005754, 91.52689107878429
23.24400000000576, 91.53656974910105
23.24500000000576, 91.54633225250502
23.246000000005754, 91.55617778823678
23.24700000000576, 91.56610555553675
23.24800000000576, 91.57611475364551
23.24900000000576, 91.58620458180354
23.250000000005763, 91.5963742392513
23.251000000005764, 91.60662292522939
23.25200000000576, 91.61694983897824
23.25300000000577, 91.62735417973843
23.254000000005767, 91.63783514675043
23.25500000000577, 91.64839193925476
23.25600000000577, 91.65902375649196
23.25700000000577, 91.66972979770243
23.258000000005772, 91.6805092621268
23.259000000005774, 91.6913613490055
23.260000000005775, 91.70228525757909
23.261000000005776, 91.71328018708809
23.262000000005777, 91.72434533677294
23.26300000000578, 91.73547990587423
23.26400000000578, 91.74668309363241
23.26500000000578, 91.75795409928803
23.266000000005782, 91.76929212208155
23.267000000005783, 91.7806963612535
23.268000000005788, 91.79216601604443
23.269000000005786, 91.80370028569479
23.270000000005787, 91.81529836944516
23.271000000005788, 91.82695946653597
23.27200000000579, 91.83868277620779
23.27300000000579, 91.85046749770106
23.274000000005792, 91.86231283025637
23.275000000005797, 91.87421797311418
23.27600000000579, 91.88618212551503
23.277000000005792, 91.89820448669938
23.278000000005797, 91.91028425590784
23.279000000005798, 91.92242063238078
23.280000000005803, 91.93461281535882
23.2810000000058, 91.9468600040824
23.282000000005805, 91.95916139779207
23.283000000005803, 91.97151619572836
23.284000000005804, 91.98392359713172
23.285000000005805, 91.99638280124272
23.286000000005806, 92.0088930073018
23.28700000000581, 92.02145341454953
23.28800000000581, 92.03406322222638
23.289000000005807, 92.04672162957289
23.290000000005808, 92.05942783582952
23.291000000005813, 92.07218104023686
23.292000000005814, 92.08498044203536
23.293000000005815, 92.09782524046554
23.294000000005816, 92.1107146347679
23.295000000005817, 92.123647824183
23.29600000000582, 92.1366240079513
23.29700000000582, 92.14964238531331
23.29800000000582, 92.16270215550954
23.299000000005826, 92.17580251778051
23.300000000005824, 92.18894267136677
23.301000000005825, 92.20212181550875
23.302000000005826, 92.21533914944698
23.303000000005827, 92.22859387242202
23.30400000000583, 92.24188518367436
23.30500000000583, 92.25521228244449
23.306000000005834, 92.2685743679729
23.30700000000583, 92.28197063950014
23.308000000005833, 92.2954002962667
23.309000000005835, 92.30886253751311
23.31000000000584, 92.32235656247987
23.311000000005837, 92.33588157040744
23.312000000005842, 92.34943676053642
23.313000000005843, 92.36302133210722
23.31400000000584, 92.37663448436045
23.315000000005842, 92.39027541653655
23.316000000005843, 92.40394332787606
23.317000000005844, 92.41763741761947
23.318000000005842, 92.43135688500729
23.319000000005847, 92.44510092928009
23.320000000005848, 92.45886874967827
23.321000000005846, 92.47265954449058
23.32200000000585, 92.48647248845033
23.32300000000585, 92.50030673177297
23.324000000005853, 92.51416142352942
23.325000000005854, 92.52803571279065
23.326000000005855, 92.54192874862764
23.327000000005857, 92.55583968011132
23.32800000000586, 92.5697676563126
23.32900000000586, 92.58371182630246
23.33000000000586, 92.59767133915189
23.33100000000586, 92.6116453439318
23.332000000005863, 92.62563298971314
23.333000000005864, 92.63963342556688
23.33400000000586, 92.65364580056392
23.335000000005866, 92.66766926377531
23.336000000005868, 92.68170296427195
23.33700000000587, 92.69574605112477
23.33800000000587, 92.70979767340475
23.33900000000587, 92.7238569801828
23.340000000005872, 92.73792312052993
23.341000000005874, 92.7519952435171
23.34200000000587, 92.76607249821518
23.343000000005876, 92.78015403369517
23.344000000005877, 92.79423899902804
23.34500000000588, 92.80832654328469
23.34600000000588, 92.82241581553609
23.34700000000588, 92.83650596485323
23.348000000005882, 92.85059614030708
23.349000000005883, 92.86468549096848
23.350000000005885, 92.87877316590847
23.351000000005886, 92.89285831419801
23.352000000005884, 92.90694008490802
23.35300000000589, 92.92101762710939
23.35400000000589, 92.93509008987319
23.355000000005887, 92.94915662227031
23.356000000005892, 92.9632163733717
23.357000000005893, 92.97726849224834
23.358000000005894, 92.99131212797114
23.359000000005896, 93.00534642961108
23.360000000005897, 93.01937054623907
23.361000000005898, 93.03338362692617
23.3620000000059, 93.04738482074322
23.3630000000059, 93.06137327676119
23.364000000005902, 93.0753481440511
23.365000000005903, 93.08930857168379
23.366000000005904, 93.10325370873032
23.367000000005905, 93.11718270426161
23.368000000005907, 93.13109470734857
23.369000000005908, 93.14498886706215
23.37000000000591, 93.15886433247339
23.37100000000591, 93.17272025265312
23.37200000000591, 93.18655577667242
23.373000000005913, 93.20037005360214
23.374000000005914, 93.21416231924646
23.375000000005915, 93.22793223041626
23.376000000005916, 93.2416795714839
23.377000000005918, 93.25540412684998
23.37800000000592, 93.26910568091509
23.37900000000592, 93.28278401807982
23.38000000000592, 93.29643892274476
23.38100000000592, 93.31007017931051
23.382000000005924, 93.3236775721777
23.383000000005925, 93.33726088574686
23.384000000005926, 93.35081990441864
23.385000000005927, 93.36435441259357
23.38600000000593, 93.37786419467227
23.387000000005926, 93.39134903505534
23.38800000000593, 93.40480871814341
23.389000000005932, 93.41824302833696
23.390000000005934, 93.4316517500367
23.391000000005935, 93.44503466764317
23.39200000000594, 93.45839156555698
23.393000000005937, 93.47172222817872
23.394000000005935, 93.48502643990896
23.39500000000594, 93.49830398514834
23.396000000005937, 93.51155464829738
23.397000000005942, 93.52477821375673
23.398000000005947, 93.53797446592698
23.399000000005945, 93.5511431892087
23.400000000005946, 93.56428416800249
23.401000000005943, 93.57739718670898
23.40200000000595, 93.59048202972868
23.40300000000595, 93.60353848146227
23.40400000000595, 93.61656632631028
23.405000000005952, 93.62956534867332
23.406000000005953, 93.64253533295201
23.407000000005954, 93.65547606354693
23.408000000005956, 93.66838732485866
23.409000000005957, 93.68126890128778
23.410000000005958, 93.69412057723493
23.411000000005956, 93.70694213710065
23.412000000005957, 93.71973336528559
23.413000000005965, 93.73249404619028
23.414000000005963, 93.74522396421534
23.415000000005964, 93.75792290376137
23.416000000005965, 93.77059064922899
23.417000000005967, 93.78322698501876
23.418000000005968, 93.79583169553125
23.419000000005965, 93.80840456516707
23.420000000005967, 93.82094537832681
23.421000000005975, 93.83345391941113
23.422000000005973, 93.84592997282049
23.423000000005974, 93.8583733229556
23.42400000000597, 93.87078375421699
23.425000000005976, 93.88316105100529
23.426000000005978, 93.89550499772109
23.427000000005975, 93.90781537876497
23.428000000005984, 93.92009197853749
23.429000000005985, 93.9323345814393
23.430000000005982, 93.94454297187094
23.431000000005984, 93.95671693423307
23.43200000000599, 93.96885625292622
23.433000000005986, 93.98096071235099
23.434000000005987, 93.99303009690802
23.43500000000599, 94.00506419099786
23.436000000005993, 94.0170627790211
23.437000000005995, 94.02902564537835
23.438000000005992, 94.04095257447023
23.439000000005993, 94.05284335069727
23.440000000005995, 94.06469775846016
23.441000000005996, 94.07651558215936
23.442000000005994, 94.08829660619554
23.443000000006, 94.10004061496929
23.444000000006, 94.11174739288121
23.445000000005997, 94.12341672433188
23.446000000006, 94.13504839372186
23.447000000006007, 94.14664218545182
23.448000000006004, 94.15819788392228
23.449000000006006, 94.16971527353387
23.450000000006007, 94.18119413868716
23.451000000006008, 94.19263426378276
23.45200000000601, 94.20403543322126
23.45300000000601, 94.21539743140329
23.454000000006012, 94.22672004272934
23.455000000006013, 94.2380030516001
23.456000000006014, 94.24924624241615
23.457000000006015, 94.26044939957802
23.45800000000602, 94.27161230748638
23.459000000006018, 94.28273475056437
23.460000000006016, 94.29381653907761
23.46100000000602, 94.3048575588281
23.462000000006025, 94.31585770934616
23.463000000006023, 94.32681689016187
23.464000000006024, 94.3377350008054
23.465000000006025, 94.34861194080698
23.466000000006026, 94.35944760969672
23.467000000006024, 94.37024190700481
23.46800000000603, 94.38099473226144
23.46900000000603, 94.39170598499675
23.47000000000603, 94.40237556474088
23.471000000006033, 94.41300337102405
23.472000000006034, 94.42358930337639
23.473000000006035, 94.43413326132811
23.474000000006036, 94.44463514440933
23.475000000006037, 94.45509485215024
23.47600000000604, 94.46551228408106
23.477000000006036, 94.47588733973188
23.47800000000604, 94.48621991863288
23.479000000006042, 94.49650992031428
23.480000000006044, 94.50675724430616
23.48100000000605, 94.51696179013878
23.482000000006046, 94.52712345734227
23.483000000006047, 94.53724214544678
23.48400000000605, 94.54731775398251
23.48500000000605, 94.5573501824796
23.48600000000605, 94.56733933046826
23.48700000000605, 94.57728509747857
23.488000000006053, 94.5871873830408
23.489000000006055, 94.59704608668507
23.49000000000606, 94.60686110794155
23.491000000006057, 94.61663234634042
23.492000000006055, 94.62635970141181
23.49300000000606, 94.63604307268596
23.494000000006057, 94.64568235969297
23.495000000006062, 94.65527746196302
23.496000000006063, 94.66482827902632
23.497000000006064, 94.67433471041299
23.498000000006066, 94.68379665565324
23.499000000006067, 94.69321401427719
23.500000000006064, 94.70258668581502
23.501000000006066, 94.71191456979699
23.50200000000607, 94.72119756575312
23.50300000000607, 94.73043557321367
23.504000000006076, 94.73962849170879
23.505000000006078, 94.74877622076862
23.506000000006075, 94.75787865992336
23.507000000006077, 94.76693570870316
23.508000000006074, 94.77594726663824
23.509000000006075, 94.78491323325872
23.51000000000608, 94.79383350809472
23.51100000000608, 94.80270799067652
23.512000000006083, 94.81153658053422
23.513000000006084, 94.82031917719797
23.51400000000608, 94.829055680198
23.51500000000609, 94.8377459890644
23.516000000006088, 94.84639000332744
23.51700000000609, 94.85498762251717
23.51800000000609, 94.8635387461639
23.51900000000609, 94.87204327379766
23.520000000006092, 94.88050110494865
23.521000000006094, 94.88891213914712
23.522000000006095, 94.89727627592316
23.523000000006096, 94.90559341480693
23.524000000006097, 94.91386345532867
23.5250000000061, 94.92208629701847
23.5260000000061, 94.93026183940657
23.5270000000061, 94.93838998202307
23.528000000006102, 94.94647062439817
23.529000000006107, 94.95450366606207
23.530000000006105, 94.96248900654489
23.531000000006106, 94.97042654537681
23.532000000006107, 94.97831618208798
23.533000000006112, 94.98615781620863
23.53400000000611, 94.99395134726888
23.535000000006114, 95.00169667479888
23.536000000006112, 95.00939369832884
23.537000000006113, 95.0170423173889
23.538000000006114, 95.02464243356293
23.539000000006116, 95.03219413298442
23.54000000000612, 95.03969783012101
23.541000000006118, 95.04715397327833
23.54200000000612, 95.05456301076202
23.54300000000612, 95.06192539087766
23.544000000006122, 95.06924156193092
23.545000000006123, 95.07651197222737
23.54600000000612, 95.08373707007267
23.547000000006125, 95.09091730377236
23.548000000006127, 95.09805312163212
23.549000000006128, 95.10514497195754
23.55000000000613, 95.11219330305424
23.55100000000613, 95.11919856322787
23.55200000000613, 95.12616120078397
23.553000000006133, 95.13308166402827
23.554000000006134, 95.13996040126628
23.555000000006135, 95.14679786080364
23.556000000006136, 95.15359449094596
23.557000000006138, 95.16035073999893
23.55800000000614, 95.16706705626811
23.55900000000614, 95.1737438880591
23.560000000006138, 95.18038168367752
23.561000000006143, 95.18698089142903
23.562000000006144, 95.1935419596192
23.563000000006145, 95.20006533655369
23.56400000000615, 95.20655147053805
23.565000000006147, 95.21300080987798
23.566000000006145, 95.21941380287903
23.56700000000615, 95.2257908978468
23.56800000000615, 95.23213254308702
23.569000000006152, 95.23843918690517
23.570000000006154, 95.24471127760695
23.57100000000616, 95.25094926349797
23.572000000006152, 95.25715359288377
23.573000000006154, 95.26332471407007
23.57400000000616, 95.26946307536244
23.57500000000616, 95.27556912506651
23.57600000000616, 95.28164331148787
23.577000000006166, 95.28768608293213
23.578000000006163, 95.29369788770495
23.579000000006165, 95.2996791741119
23.580000000006166, 95.30563039045863
23.581000000006167, 95.31155198505071
23.58200000000617, 95.31744440619386
23.583000000006166, 95.32330810219355
23.58400000000617, 95.32914352135552
23.585000000006172, 95.33495111198533
23.586000000006173, 95.34073132238862
23.587000000006174, 95.34648460087098
23.588000000006176, 95.35221139573802
23.589000000006177, 95.3579121552954
23.590000000006174, 95.36358732784865
23.59100000000618, 95.36923734252329
23.59200000000618, 95.37486245176007
23.593000000006185, 95.38046281272287
23.594000000006186, 95.38603858165015
23.595000000006188, 95.3915899147805
23.596000000006185, 95.39711696835238
23.597000000006183, 95.40261989860437
23.598000000006184, 95.40809886177499
23.59900000000619, 95.41355401410271
23.600000000006194, 95.41898551182614
23.60100000000619, 95.42439351118371
23.602000000006196, 95.42977816841405
23.603000000006194, 95.43513963975559
23.604000000006195, 95.4404780814469
23.605000000006193, 95.44579364972651
23.606000000006198, 95.4510865008329
23.6070000000062, 95.45635679100467
23.6080000000062, 95.46160467648025
23.609000000006205, 95.46683031349822
23.6100000000062, 95.47203385829715
23.611000000006204, 95.47721546711551
23.612000000006205, 95.48237529619176
23.613000000006206, 95.48751350176457
23.614000000006207, 95.4926302400723
23.61500000000621, 95.49772566735362
23.61600000000621, 95.50279993984704
23.617000000006215, 95.50785321379098
23.618000000006212, 95.51288564542402
23.619000000006213, 95.51789739098469
23.620000000006215, 95.52288860671155
23.621000000006216, 95.52785944884306
23.622000000006217, 95.5328100736178
23.62300000000622, 95.53774063727424
23.62400000000622, 95.54265129605092
23.62500000000622, 95.54754220618639
23.626000000006222, 95.55241352391918
23.62700000000622, 95.55726540548781
23.628000000006224, 95.56209800713074
23.629000000006226, 95.56691148508658
23.630000000006227, 95.5717059955938
23.631000000006228, 95.57648169489097
23.63200000000623, 95.58123873921657
23.63300000000623, 95.58597728480913
23.634000000006232, 95.59069748790724
23.635000000006233, 95.5953995047493
23.63600000000623, 95.60008349157395
23.637000000006235, 95.60474960461966
23.638000000006237, 95.60939800012498
23.639000000006238, 95.61402883432841
23.640000000006236, 95.61864226346847
23.641000000006244, 95.62323844378369
23.64200000000624, 95.62781753151266
23.643000000006243, 95.63237968289378
23.644000000006244, 95.6369250541657
23.645000000006245, 95.64145380156685
23.646000000006246, 95.64596608133581
23.647000000006248, 95.65046204971108
23.648000000006245, 95.65494186293118
23.64900000000625, 95.65940567723466
23.65000000000625, 95.66385364886003
23.651000000006253, 95.6682859340458
23.652000000006254, 95.67270268903052
23.653000000006255, 95.67710407005269
23.654000000006253, 95.68149023335087
23.655000000006257, 95.68586133516352
23.656000000006262, 95.69021753172925
23.657000000006256, 95.69455897928651
23.65800000000626, 95.69888583407389
23.659000000006262, 95.70319825232986
23.660000000006264, 95.70749639029296
23.66100000000626, 95.71178040420175
23.662000000006262, 95.7160504502947
23.663000000006267, 95.72030668481035
23.66400000000627, 95.72454926382994
23.66500000000627, 95.72877828828555
23.66600000000627, 95.732993723092
23.667000000006272, 95.7371955125656
23.66800000000627, 95.74138360102279
23.66900000000627, 95.7455579327798
23.670000000006276, 95.74971845215312
23.671000000006277, 95.75386510345899
23.67200000000628, 95.75799783101391
23.673000000006276, 95.76211657913409
23.67400000000628, 95.76622129213597
23.675000000006282, 95.77031191433592
23.676000000006283, 95.77438839005026
23.677000000006284, 95.77845066359538
23.678000000006286, 95.7824986792876
23.679000000006287, 95.78653238144332
23.680000000006288, 95.79055171437888
23.68100000000629, 95.79455662241064
23.68200000000629, 95.79854704985496
23.68300000000629, 95.80252294102817
23.68400000000629, 95.80648424024673
23.685000000006298, 95.81043089182688
23.686000000006295, 95.81436284008505
23.687000000006297, 95.81828002933754
23.688000000006294, 95.82218240390075
23.6890000000063, 95.82606990809107
23.6900000000063, 95.82994248622482
23.6910000000063, 95.83380008261835
23.692000000006303, 95.83764264158802
23.693000000006304, 95.8414701074502
23.694000000006305, 95.84528242452124
23.695000000006303, 95.84907953711758
23.696000000006308, 95.85286138955543
23.69700000000631, 95.85662792615126
23.69800000000631, 95.86037909122139
23.69900000000631, 95.86411482908218
23.70000000000631, 95.86783508405001
23.701000000006314, 95.87153980044124
23.702000000006315, 95.87522892257218
23.703000000006316, 95.87890239475922
23.704000000006317, 95.88256016131874
23.70500000000632, 95.88620216656707
23.706000000006316, 95.88982835482057
23.70700000000632, 95.89343867039564
23.708000000006322, 95.89703305760858
23.709000000006323, 95.90061146077579
23.71000000000632, 95.9041738242136
23.711000000006326, 95.90772009223842
23.712000000006327, 95.91125020916654
23.71300000000633, 95.91476411931434
23.71400000000633, 95.91826176699821
23.71500000000633, 95.92174309653448
23.716000000006336, 95.92520805223955
23.717000000006333, 95.92865657842972
23.71800000000633, 95.9320886194214
23.719000000006336, 95.93550411953092
23.72000000000634, 95.93890302307466
23.721000000006338, 95.94228527436894
23.72200000000634, 95.94565081773017
23.72300000000634, 95.94899959747465
23.724000000006342, 95.95233155791881
23.725000000006343, 95.95564664337897
23.726000000006344, 95.95894479817143
23.727000000006345, 95.96222596661268
23.728000000006347, 95.965490093019
23.729000000006344, 95.96873712170674
23.73000000000635, 95.97196699699225
23.73100000000635, 95.97517966319197
23.73200000000635, 95.97837506462218
23.733000000006353, 95.98155314559928
23.734000000006354, 95.98471385043959
23.735000000006355, 95.98785712345952
23.736000000006356, 95.99098290897538
23.737000000006358, 95.99409115130356
23.738000000006355, 95.99718179265058
23.73900000000636, 96.00025474313765
23.74000000000636, 96.00330988792024
23.741000000006363, 96.00634711149613
23.742000000006364, 96.00936629836289
23.743000000006365, 96.0123673330183
23.74400000000637, 96.01535009995999
23.745000000006367, 96.01831448368574
23.746000000006365, 96.0212603686931
23.747000000006366, 96.02418763947993
23.74800000000637, 96.02709618054381
23.749000000006372, 96.02998587638243
23.750000000006377, 96.03285661149349
23.75100000000638, 96.03570827037476
23.752000000006376, 96.03854073752383
23.753000000006377, 96.04135389743846
23.75400000000638, 96.04414763461627
23.75500000000638, 96.04692183355502
23.756000000006384, 96.04967637875237
23.757000000006382, 96.052411154706
23.758000000006387, 96.05512604591364
23.759000000006385, 96.05782093687296
23.760000000006386, 96.06049571208163
23.761000000006387, 96.06315025603735
23.76200000000639, 96.06578445323784
23.76300000000639, 96.06839818818074
23.76400000000639, 96.07099134536384
23.765000000006392, 96.07356380928474
23.766000000006393, 96.07611546444112
23.767000000006394, 96.07864619533072
23.7680000000064, 96.0811558864512
23.769000000006397, 96.08364442230031
23.770000000006398, 96.08611168737568
23.7710000000064, 96.08855756617501
23.7720000000064, 96.09098194319603
23.773000000006405, 96.09338470293636
23.774000000006403, 96.09576572989377
23.775000000006408, 96.0981249085659
23.776000000006405, 96.10046212345046
23.777000000006407, 96.10277725904514
23.778000000006408, 96.10507019984763
23.77900000000641, 96.10734083035561
23.780000000006407, 96.10958903506679
23.78100000000641, 96.11181469847884
23.782000000006413, 96.11401770508947
23.783000000006414, 96.11619793939639
23.784000000006415, 96.11835528589721
23.785000000006416, 96.1204896290897
23.78600000000642, 96.12260085347154
23.78700000000642, 96.1246888435404
23.788000000006416, 96.12675348379398
23.789000000006425, 96.12879465872999
23.790000000006422, 96.13081225284604
23.79100000000642, 96.13280615063995
23.792000000006425, 96.13477623660934
23.793000000006426, 96.13672239525185
23.794000000006427, 96.13864451106525
23.79500000000643, 96.14054246854725
23.796000000006426, 96.14241615219545
23.79700000000643, 96.14426544650759
23.798000000006432, 96.14609023598138
23.79900000000643, 96.14789040511451
23.800000000006435, 96.14966583840462
23.801000000006436, 96.15141642708599
23.80200000000644, 96.15314219333274
23.803000000006435, 96.15484327816897
23.804000000006436, 96.15651982693004
23.80500000000644, 96.15817198495145
23.806000000006442, 96.15979989756866
23.807000000006443, 96.16140371011709
23.808000000006444, 96.16298356793219
23.809000000006446, 96.16453961634946
23.810000000006443, 96.16607200070428
23.81100000000645, 96.16758086633212
23.812000000006446, 96.16906635856846
23.813000000006447, 96.17052862274869
23.814000000006452, 96.1719678042083
23.815000000006453, 96.17338404828274
23.816000000006454, 96.17477750030747
23.817000000006455, 96.1761483056179
23.818000000006457, 96.17749660954952
23.819000000006458, 96.17882255743771
23.82000000000646, 96.18012629461803
23.82100000000646, 96.18140796642584
23.82200000000646, 96.18266771819664
23.823000000006463, 96.1839056952658
23.824000000006464, 96.18512204296889
23.82500000000647, 96.18631690664125
23.826000000006466, 96.18749043161837
23.827000000006468, 96.18864276323572
23.828000000006465, 96.18977404682872
23.82900000000647, 96.19088442773285
23.830000000006475, 96.19197405128355
23.831000000006476, 96.19304306281622
23.832000000006474, 96.19409160766634
23.83300000000648, 96.19511983116941
23.834000000006476, 96.19612787866083
23.835000000006477, 96.19711589547602
23.83600000000648, 96.19808402695048
23.83700000000648, 96.19903241841965
23.83800000000648, 96.19996121521893
23.839000000006482, 96.20087056268383
23.840000000006484, 96.2017606061498
23.841000000006485, 96.20263149095229
23.842000000006486, 96.20348336242668
23.843000000006487, 96.2043163659085
23.84400000000649, 96.20513064673312
23.84500000000649, 96.20592635023607
23.84600000000649, 96.20670362175274
23.847000000006492, 96.20746260661862
23.848000000006493, 96.20820345016915
23.849000000006495, 96.20892629773977
23.850000000006496, 96.2096312946659
23.851000000006497, 96.21031858628305
23.8520000000065, 96.2109883179266
23.8530000000065, 96.21164063493211
23.8540000000065, 96.21227568263487
23.855000000006502, 96.21289360637046
23.856000000006503, 96.21349455147431
23.857000000006504, 96.2140786632818
23.858000000006506, 96.21464608712841
23.859000000006507, 96.21519696834962
23.860000000006508, 96.21573145228088
23.86100000000651, 96.21624968425759
23.86200000000651, 96.21675180961526
23.86300000000651, 96.21723797368927
23.864000000006513, 96.21770832181514
23.865000000006514, 96.21816299932826
23.866000000006515, 96.21860215156411
23.867000000006517, 96.2190259238581
23.868000000006518, 96.21943446154577
23.86900000000652, 96.21982790996248
23.87000000000652, 96.22020641444372
23.87100000000652, 96.22057012032495
23.872000000006523, 96.22091917294158
23.873000000006524, 96.22125371762905
23.874000000006525, 96.22157389972287
23.87500000000653, 96.22187989258505
23.876000000006528, 96.22217199279316
23.87700000000653, 96.22245053077565
23.878000000006534, 96.22271583696201
23.87900000000653, 96.22296824178164
23.880000000006536, 96.22320807566399
23.881000000006534, 96.22343566903842
23.88200000000654, 96.22365135233454
23.883000000006536, 96.22385545598164
23.884000000006537, 96.22404831040922
23.885000000006535, 96.22423024604673
23.88600000000654, 96.22440159332359
23.88700000000654, 96.22456268266919
23.888000000006542, 96.22471384451305
23.889000000006543, 96.22485540928457
23.890000000006545, 96.22498770741319
23.891000000006546, 96.22511106932834
23.892000000006547, 96.22522582545948
23.893000000006545, 96.22533230623601
23.894000000006546, 96.22543084208742
23.895000000006547, 96.22552176344314
23.896000000006552, 96.22560540073256
23.897000000006553, 96.22568208438518
23.898000000006554, 96.22575214483041
23.899000000006552, 96.22581591249768
23.900000000006553, 96.22587371781644
23.901000000006558, 96.22592589121611
23.90200000000656, 96.22597276312618
23.90300000000656, 96.22601466397604
23.904000000006562, 96.2260519241951
23.905000000006563, 96.22608487421293
23.906000000006568, 96.22611384445884
23.907000000006565, 96.22613916536227
23.90800000000657, 96.22616116735273
23.909000000006568, 96.22618018085966
23.91000000000657, 96.2261965363124
23.91100000000657, 96.2262105641405
23.91200000000657, 96.22622259477332
23.913000000006573, 96.22623295864037
23.914000000006574, 96.22624198617102
23.915000000006575, 96.22625000779472
23.916000000006576, 96.22625735394097
23.917000000006574, 96.22626435503916
23.918000000006575, 96.22627134151872
23.919000000006577, 96.22627864380911
23.920000000006585, 96.22628659233979
23.921000000006583, 96.22629551754011
23.922000000006584, 96.22630574983961
23.92300000000659, 96.22631761966767
23.924000000006586, 96.22633145745377
23.925000000006587, 96.2263475936273
23.92600000000659, 96.22636635861777
23.92700000000659, 96.22638808285453
23.92800000000659, 96.22641309676703
23.929000000006592, 96.22644173078479
23.930000000006594, 96.22647431533719
23.931000000006595, 96.22651118085369
23.932000000006596, 96.22655265776368
23.933000000006597, 96.22659907649665
23.934000000006602, 96.22665076748203
23.9350000000066, 96.22670806114925
23.9360000000066, 96.22677128792778
23.937000000006602, 96.22684077824698
23.938000000006607, 96.22691686253636
23.939000000006605, 96.22699987122533
23.940000000006606, 96.22709013474334
23.941000000006607, 96.22718798351981
23.942000000006608, 96.22729374798422
23.94300000000661, 96.22740775856597
23.94400000000661, 96.22753034569448
23.945000000006612, 96.22766183979925
23.94600000000661, 96.22780257130967
23.947000000006614, 96.22795287065523
23.948000000006616, 96.22811306197588
23.949000000006617, 96.22828322480088
23.950000000006618, 96.22846312083766
23.951000000006616, 96.22865249054671
23.95200000000662, 96.2288510743886
23.95300000000662, 96.22905861282382
23.954000000006623, 96.22927484631289
23.955000000006624, 96.22949951531636
23.956000000006625, 96.22973236029466
23.95700000000663, 96.22997312170845
23.958000000006628, 96.2302215400181
23.95900000000663, 96.2304773556842
23.96000000000663, 96.2307403091673
23.96100000000663, 96.23101014092786
23.96200000000663, 96.23128659142643
23.963000000006634, 96.23156940112352
23.964000000006635, 96.23185831047962
23.965000000006636, 96.23215305995532
23.966000000006638, 96.23245339001103
23.967000000006642, 96.23275904110739
23.96800000000664, 96.2330697537048
23.969000000006638, 96.23338526826385
23.970000000006642, 96.23370532524501
23.971000000006644, 96.23402966510886
23.972000000006645, 96.2343580283159
23.973000000006646, 96.23469015532665
23.974000000006644, 96.2350257866016
23.97500000000665, 96.23536466260128
23.97600000000665, 96.23570652378615
23.97700000000665, 96.23605111061683
23.978000000006652, 96.23639816355384
23.979000000006653, 96.23674742305758
23.980000000006655, 96.23709862958869
23.981000000006656, 96.23745152360763
23.982000000006654, 96.2378058455749
23.983000000006662, 96.23816133595108
23.98400000000666, 96.23851773519664
23.98500000000666, 96.23887478377209
23.98600000000666, 96.23923222213803
23.987000000006663, 96.23958979075482
23.988000000006664, 96.23994723008313
23.989000000006666, 96.2403042805834
23.99000000000667, 96.2406606827162
23.991000000006668, 96.24101617694201
23.99200000000667, 96.24137050372134
23.99300000000667, 96.24172340351473
23.99400000000667, 96.24207461678266
23.995000000006673, 96.24242388398574
23.99600000000667, 96.24277094558437
23.997000000006675, 96.24311554203916
23.99800000000668, 96.24345741381057
23.999000000006674, 96.24379630135917
24.000000000006676, 96.24413194514541
24.00100000000668, 96.2444640856299
24.00200000000668, 96.24479246327307
24.003000000006683, 96.24511681853545
24.004000000006688, 96.24543689187759
24.00500000000669, 96.24575242376001
24.006000000006686, 96.24606315464324
24.007000000006688, 96.24636882498775
24.00800000000669, 96.24666917525406
24.00900000000669, 96.24696394590273
24.01000000000669, 96.24725287739427
24.011000000006696, 96.24753571120836
24.012000000006697, 96.24781224668094
24.013000000006695, 96.24808237097984
24.0140000000067, 96.24834597861701
24.015000000006697, 96.24860296410407
24.0160000000067, 96.24885322195286
24.0170000000067, 96.24909664667514
24.018000000006705, 96.24933313278267
24.0190000000067, 96.24956257478718
24.020000000006704, 96.24978486720056
24.021000000006705, 96.2499999045345
24.022000000006702, 96.25020758130077
24.023000000006707, 96.25040779201115
24.02400000000671, 96.25060043117742
24.02500000000671, 96.25078539331139
24.02600000000671, 96.25096257292476
24.027000000006712, 96.25113186452933
24.028000000006717, 96.25129316263688
24.029000000006715, 96.25144636175918
24.030000000006716, 96.25159135640803
24.031000000006717, 96.2517280410951
24.032000000006718, 96.25185631033227
24.03300000000672, 96.25197605863129
24.03400000000672, 96.2520871805039
24.035000000006722, 96.25218957046188
24.036000000006723, 96.25228312301704
24.037000000006724, 96.25236773268108
24.038000000006726, 96.25244329396584
24.039000000006727, 96.25250970138303
24.04000000000673, 96.25256684944452
24.041000000006726, 96.25261463266199
24.04200000000673, 96.25265294554725
24.04300000000673, 96.25268168261202
24.044000000006733, 96.25270073836813
24.045000000006734, 96.25271000732734
24.046000000006735, 96.25270938400146
24.047000000006737, 96.25269876290214
24.048000000006738, 96.25267803854132
24.049000000006743, 96.25264710543064
24.05000000000674, 96.25260585808189
24.051000000006738, 96.2525541910069
24.052000000006743, 96.2524919987174
24.053000000006744, 96.25241917572514
24.054000000006745, 96.25233561654197
24.05500000000675, 96.25224121567958
24.056000000006748, 96.25213586764977
24.05700000000675, 96.25201946696431
24.05800000000675, 96.25189190813501
24.05900000000675, 96.25175308567358
24.060000000006752, 96.25160289409186
24.061000000006754, 96.25144122790158
24.062000000006755, 96.25126798161449
24.063000000006756, 96.25108304974239
24.064000000006757, 96.25088632679706
24.06500000000676, 96.25067770729024
24.066000000006763, 96.25045708573373
24.06700000000676, 96.25022435663932
24.068000000006762, 96.24997941451876
24.069000000006763, 96.24972215388377
24.070000000006765, 96.24945246924622
24.071000000006766, 96.24917025511782
24.072000000006767, 96.24887540601034
24.073000000006765, 96.24856781643555
24.07400000000677, 96.24824738090524
24.075000000006767, 96.2479139939312
24.076000000006776, 96.24756755002518
24.077000000006773, 96.24720794369894
24.078000000006774, 96.24683506946423
24.079000000006776, 96.24644882183291
24.080000000006777, 96.24604909531669
24.08100000000678, 96.24563578442736
24.082000000006776, 96.24520878367663
24.08300000000678, 96.24476798757637
24.08400000000678, 96.24431329063827
24.085000000006787, 96.24384463827144
24.086000000006784, 96.24336238709431
24.087000000006785, 96.24286709269758
24.088000000006787, 96.24235931197127
24.089000000006788, 96.24183960180547
24.09000000000679, 96.24130851909018
24.09100000000679, 96.24076662071553
24.09200000000679, 96.24021446357153
24.09300000000679, 96.23965260454828
24.094000000006794, 96.23908160053578
24.095000000006795, 96.23850200842416
24.096000000006793, 96.23791438510342
24.097000000006798, 96.2373192874636
24.098000000006802, 96.23671727239484
24.0990000000068, 96.23610889678717
24.1000000000068, 96.23549471753061
24.101000000006803, 96.23487529151522
24.102000000006804, 96.23425117563113
24.103000000006805, 96.23362292676829
24.104000000006806, 96.23299110181688
24.105000000006807, 96.23235625766685
24.10600000000681, 96.23171895120831
24.10700000000681, 96.23107973933129
24.10800000000681, 96.2304391789259
24.109000000006812, 96.22979782688218
24.110000000006814, 96.22915624009015
24.111000000006815, 96.22851497543988
24.112000000006816, 96.2278745898215
24.113000000006817, 96.22723564012496
24.11400000000682, 96.2265986832404
24.11500000000682, 96.22596427605781
24.11600000000682, 96.2253329754673
24.117000000006822, 96.22470533835894
24.11800000000682, 96.22408192162274
24.11900000000682, 96.2234632821488
24.120000000006826, 96.22284997682715
24.121000000006827, 96.22224256254785
24.12200000000683, 96.22164159620095
24.123000000006833, 96.22104763467654
24.12400000000683, 96.22046123486467
24.125000000006832, 96.21988295365541
24.126000000006833, 96.21931334793875
24.127000000006834, 96.21875297460485
24.128000000006836, 96.2182023905437
24.129000000006837, 96.21766215264533
24.130000000006838, 96.2171328177999
24.13100000000684, 96.21661494289737
24.13200000000684, 96.21610908482783
24.13300000000684, 96.21561580048142
24.134000000006843, 96.21513564674805
24.135000000006844, 96.21466918051789
24.136000000006845, 96.21421695868098
24.137000000006847, 96.21377953812731
24.138000000006848, 96.21335747574702
24.13900000000685, 96.21295132843014
24.140000000006854, 96.21256165306671
24.14100000000685, 96.21218900654682
24.142000000006853, 96.21183394576053
24.143000000006854, 96.21149702759783
24.144000000006855, 96.21117880894887
24.145000000006856, 96.21087984670363
24.146000000006858, 96.21060069775224
24.14700000000686, 96.21034191898472
24.148000000006856, 96.21010400805284
24.14900000000686, 96.20988687952975
24.150000000006866, 96.20969011653777
24.151000000006864, 96.20951329837679
24.152000000006865, 96.20935600434662
24.15300000000687, 96.20921781374719
24.154000000006864, 96.2090983058783
24.155000000006865, 96.20899706003983
24.15600000000687, 96.20891365553166
24.15700000000687, 96.20884767165364
24.158000000006872, 96.20879868770564
24.159000000006873, 96.20876628298748
24.160000000006875, 96.20875003679912
24.16100000000688, 96.20874952844031
24.16200000000688, 96.20876433721094
24.16300000000688, 96.2087940424109
24.16400000000688, 96.20883822334005
24.16500000000688, 96.20889645929826
24.166000000006882, 96.20896832958536
24.167000000006883, 96.20905341350124
24.168000000006884, 96.20915129034572
24.169000000006882, 96.20926153941872
24.170000000006887, 96.20938374002006
24.171000000006888, 96.20951747144959
24.17200000000689, 96.20966231300721
24.17300000000689, 96.20981784399278
24.17400000000689, 96.20998364370618
24.175000000006893, 96.21015929144717
24.176000000006898, 96.21034436651571
24.177000000006895, 96.21053844821164
24.178000000006897, 96.21074111583485
24.179000000006898, 96.21095194868509
24.1800000000069, 96.21117052606238
24.1810000000069, 96.21139642726644
24.1820000000069, 96.21162923159723
24.183000000006903, 96.21186851835455
24.1840000000069, 96.2121138668383
24.185000000006905, 96.2123648563483
24.186000000006906, 96.21262106618445
24.187000000006908, 96.2128820756466
24.18800000000691, 96.21314746403465
24.18900000000691, 96.2134168106484
24.19000000000691, 96.2136896947877
24.191000000006913, 96.21396569575248
24.192000000006914, 96.21424439284257
24.193000000006915, 96.21452536535784
24.194000000006916, 96.21480819259811
24.19500000000692, 96.2150924538633
24.19600000000692, 96.21537772845322
24.19700000000692, 96.2156635956678
24.19800000000692, 96.21594963480683
24.199000000006922, 96.2162354251702
24.200000000006924, 96.2165205460578
24.201000000006925, 96.21680457676942
24.202000000006926, 96.21708709660501
24.203000000006927, 96.21736768486437
24.20400000000693, 96.21764592084736
24.20500000000693, 96.2179213838539
24.20600000000693, 96.21819365318379
24.207000000006932, 96.21846230813692
24.208000000006933, 96.21872692801314
24.209000000006935, 96.21898709211231
24.210000000006936, 96.21924237973433
24.211000000006937, 96.21949237017901
24.212000000006938, 96.21973664274621
24.21300000000694, 96.21997477673582
24.21400000000694, 96.22020635144777
24.215000000006945, 96.22043094618175
24.216000000006943, 96.22064814023777
24.217000000006944, 96.22085751291564
24.21800000000695, 96.2210586435152
24.219000000006943, 96.22125111133636
24.220000000006944, 96.22143449567895
24.22100000000695, 96.22160837607899
24.22200000000695, 96.22177244713973
24.22300000000695, 96.22192670343904
24.224000000006953, 96.2220711878209
24.225000000006954, 96.22220594312932
24.226000000006955, 96.22233101220823
24.22700000000696, 96.2224464379016
24.228000000006958, 96.22255226305347
24.22900000000696, 96.22264853050778
24.23000000000696, 96.22273528310856
24.23100000000696, 96.22281256369973
24.232000000006963, 96.22288041512529
24.233000000006964, 96.22293888022925
24.234000000006965, 96.22298800185557
24.235000000006966, 96.22302782284822
24.236000000006968, 96.22305838605119
24.23700000000697, 96.22307973430851
24.23800000000697, 96.22309191046406
24.23900000000697, 96.22309495736192
24.240000000006972, 96.22308891784601
24.241000000006974, 96.22307383476036
24.242000000006975, 96.22304975094887
24.243000000006976, 96.22301670925566
24.244000000006977, 96.22297475252455
24.24500000000698, 96.22292392359961
24.24600000000698, 96.22286426532483
24.24700000000698, 96.22279582054418
24.248000000006982, 96.2227186321016
24.249000000006983, 96.22263274284111
24.250000000006985, 96.22253819560673
24.251000000006986, 96.22243503324236
24.252000000006987, 96.22232329859202
24.25300000000699, 96.2222030344997
24.25400000000699, 96.22207428380938
24.25500000000699, 96.22193708936501
24.256000000006992, 96.22179149401062
24.25700000000699, 96.22163754059015
24.25800000000699, 96.22147527194761
24.259000000007, 96.22130473092697
24.260000000006997, 96.22112596037218
24.261000000006998, 96.2209390031273
24.262000000007, 96.22074390203623
24.263000000007004, 96.220540699943
24.264000000006998, 96.22032943969157
24.265000000007003, 96.22011016412594
24.266000000007008, 96.21988291609007
24.267000000007005, 96.21964773842795
24.268000000007007, 96.21940467398359
24.269000000007008, 96.21915376560091
24.27000000000701, 96.21889505612394
24.27100000000701, 96.21862858839665
24.27200000000701, 96.21835440526303
24.273000000007013, 96.21807254956703
24.274000000007018, 96.21778306415266
24.27500000000701, 96.21748599186392
24.276000000007016, 96.21718137554471
24.277000000007018, 96.2168692580391
24.278000000007022, 96.21654968219106
24.27900000000702, 96.21622269084452
24.280000000007025, 96.2158883268435
24.28100000000702, 96.21554663303196
24.282000000007024, 96.2151976522539
24.283000000007025, 96.21484142735332
24.284000000007026, 96.21447800117416
24.285000000007027, 96.21410741656044
24.286000000007032, 96.21372971635608
24.28700000000703, 96.2133449434051
24.28800000000703, 96.21295314055155
24.289000000007036, 96.2125543506393
24.290000000007034, 96.21214861651235
24.291000000007035, 96.21173598101474
24.292000000007036, 96.2113164869904
24.293000000007037, 96.21089017728335
24.29400000000704, 96.21045709473755
24.29500000000704, 96.21001729034712
24.296000000007037, 96.20957094915585
24.297000000007042, 96.20911836596036
24.298000000007043, 96.20865983878706
24.299000000007045, 96.20819566566232
24.300000000007046, 96.20772614461244
24.301000000007047, 96.20725157366387
24.302000000007048, 96.20677225084299
24.303000000007053, 96.20628847417613
24.30400000000705, 96.20580054168967
24.305000000007052, 96.20530875141
24.306000000007053, 96.20481340136348
24.307000000007054, 96.2043147895765
24.30800000000706, 96.20381321407542
24.309000000007057, 96.20330897288665
24.310000000007058, 96.20280236403649
24.31100000000706, 96.20229368555135
24.31200000000706, 96.20178323545765
24.31300000000706, 96.20127131178168
24.314000000007063, 96.20075821254989
24.315000000007064, 96.2002442357886
24.31600000000706, 96.19972967952421
24.317000000007067, 96.1992148417831
24.318000000007068, 96.19870002059162
24.31900000000707, 96.19818551397614
24.32000000000707, 96.19767161996305
24.32100000000707, 96.19715863657873
24.322000000007073, 96.19664686184953
24.323000000007074, 96.19613659380185
24.324000000007075, 96.19562813046205
24.325000000007076, 96.19512176985653
24.326000000007074, 96.19461781001164
24.32700000000708, 96.19411654895372
24.32800000000708, 96.19361828470917
24.32900000000708, 96.19312331530439
24.330000000007082, 96.19263193876573
24.331000000007084, 96.19214445311957
24.332000000007085, 96.19166115639229
24.333000000007086, 96.19118234661023
24.334000000007087, 96.1907083217998
24.33500000000709, 96.19023937998737
24.33600000000709, 96.18977581919933
24.33700000000709, 96.189317937462
24.338000000007092, 96.18886603280176
24.339000000007093, 96.18842040324502
24.340000000007098, 96.18798134681816
24.341000000007096, 96.18754916154752
24.342000000007097, 96.18712414545948
24.3430000000071, 96.18670659658045
24.3440000000071, 96.18629681293673
24.3450000000071, 96.18589509255477
24.346000000007102, 96.1855017334609
24.347000000007103, 96.18511703368151
24.348000000007104, 96.18474129124297
24.349000000007106, 96.18437480417167
24.350000000007107, 96.18401787049393
24.35100000000711, 96.18367078823617
24.35200000000711, 96.18333385542476
24.35300000000711, 96.18300737008606
24.35400000000711, 96.18269163024647
24.355000000007117, 96.18238693393232
24.356000000007114, 96.18209357917003
24.357000000007115, 96.18181186398591
24.358000000007117, 96.18154208640641
24.359000000007118, 96.18128454445787
24.36000000000712, 96.18103953616662
24.361000000007124, 96.18080735955914
24.362000000007125, 96.18058831266171
24.363000000007126, 96.18038269350072
24.364000000007124, 96.18019080010257
24.365000000007125, 96.18001293049363
24.366000000007134, 96.17984938270023
24.36700000000713, 96.17970045474877
24.368000000007125, 96.17956644466564
24.369000000007134, 96.1794475086866
24.37000000000713, 96.17934324921974
24.371000000007136, 96.17925313347172
24.372000000007137, 96.17917662864912
24.373000000007135, 96.17911320195847
24.374000000007143, 96.17906232060645
24.37500000000714, 96.17902345179954
24.37600000000714, 96.17899606274449
24.37700000000714, 96.17897962064775
24.378000000007145, 96.17897359271598
24.379000000007142, 96.17897744615573
24.38000000000714, 96.17899064817367
24.381000000007145, 96.17901266597626
24.382000000007146, 96.17904296677027
24.38300000000715, 96.17908101776213
24.384000000007152, 96.17912628615852
24.38500000000715, 96.17917823916599
24.386000000007154, 96.17923634399119
24.38700000000715, 96.17930006784066
24.388000000007153, 96.179368877921
24.389000000007158, 96.17944224143882
24.390000000007156, 96.17951962560069
24.391000000007153, 96.1796004976132
24.392000000007158, 96.17968432468294
24.39300000000716, 96.17977057401653
24.394000000007157, 96.1798587128206
24.395000000007162, 96.17994820830167
24.396000000007163, 96.18003852766633
24.397000000007168, 96.1801291381212
24.398000000007166, 96.18021950687287
24.399000000007163, 96.18030910112796
24.40000000000717, 96.18039738809303
24.401000000007166, 96.18048383497465
24.40200000000717, 96.18056790897946
24.403000000007175, 96.18064907731403
24.404000000007176, 96.18072680718493
24.405000000007178, 96.18080056579878
24.406000000007175, 96.1808698203622
24.407000000007177, 96.18093403808172
24.408000000007178, 96.18099268616396
24.40900000000718, 96.1810452318155
24.41000000000718, 96.18109114224299
24.411000000007185, 96.18112988465296
24.412000000007186, 96.18116092625203
24.413000000007187, 96.18118373424673
24.41400000000719, 96.18119777584374
24.41500000000719, 96.18120251824965
24.416000000007184, 96.18119742867097
24.41700000000719, 96.18118197431437
24.41800000000719, 96.18115562238641
24.41900000000719, 96.18111784009369
24.420000000007196, 96.18106809464281
24.421000000007197, 96.18100585324032
24.4220000000072, 96.18093058309285
24.4230000000072, 96.180841751407
24.424000000007197, 96.18073882538934
24.4250000000072, 96.18062127224648
24.426000000007203, 96.180488559185
24.4270000000072, 96.18034015341149
24.428000000007206, 96.18017552213254
24.429000000007203, 96.17999413255475
24.430000000007208, 96.17979545188473
24.431000000007206, 96.17957894732903
24.432000000007207, 96.17934421633785
24.43300000000721, 96.17909146336436
24.434000000007213, 96.17882106955685
24.43500000000721, 96.17853341608351
24.436000000007216, 96.17822888411268
24.437000000007213, 96.17790785481257
24.438000000007214, 96.17757070935156
24.439000000007216, 96.17721782889782
24.440000000007217, 96.17684959461965
24.441000000007218, 96.17646638768538
24.44200000000722, 96.17606858926324
24.44300000000722, 96.1756565805215
24.444000000007225, 96.17523074262849
24.445000000007223, 96.17479145675243
24.446000000007224, 96.17433910406159
24.447000000007225, 96.17387406572435
24.448000000007227, 96.17339672290885
24.44900000000723, 96.17290745678343
24.450000000007233, 96.17240664851637
24.451000000007234, 96.17189467927597
24.452000000007235, 96.1713719302304
24.453000000007233, 96.17083878254809
24.454000000007234, 96.17029561739722
24.455000000007235, 96.16974281594607
24.45600000000724, 96.16918075936292
24.457000000007238, 96.16860982881607
24.45800000000724, 96.16803040547379
24.459000000007244, 96.16744287050435
24.46000000000724, 96.16684760507604
24.461000000007243, 96.16624499035709
24.462000000007244, 96.16563540751582
24.46300000000725, 96.16501923772051
24.464000000007253, 96.16439686213943
24.465000000007247, 96.16376866194084
24.46600000000725, 96.163135018293
24.467000000007253, 96.16249631236421
24.468000000007255, 96.16185292532278
24.46900000000725, 96.16120523833696
24.470000000007254, 96.16055363257502
24.471000000007262, 96.1598984892052
24.47200000000726, 96.15924018939585
24.473000000007254, 96.15857911431522
24.474000000007262, 96.15791564513155
24.475000000007263, 96.15725016301312
24.47600000000726, 96.15658304912826
24.477000000007262, 96.15591468464524
24.478000000007263, 96.15524545073228
24.479000000007268, 96.15457572855769
24.480000000007266, 96.15390589928975
24.481000000007267, 96.15323634409674
24.48200000000727, 96.15256744414692
24.483000000007273, 96.15189958060859
24.48400000000727, 96.15123313465001
24.48500000000727, 96.15056848743941
24.486000000007277, 96.14990602014517
24.487000000007274, 96.1492461139355
24.488000000007276, 96.14858914997866
24.48900000000728, 96.14793550944299
24.490000000007278, 96.1472855734967
24.49100000000728, 96.14663972330811
24.49200000000728, 96.14599834004545
24.49300000000728, 96.14536180487706
24.494000000007286, 96.14473049897119
24.495000000007284, 96.14410475563504
24.49600000000728, 96.14348464154153
24.497000000007287, 96.14287013105898
24.49800000000729, 96.1422611984663
24.49900000000729, 96.14165781804232
24.50000000000729, 96.14105996406599
24.50100000000729, 96.14046761081616
24.502000000007296, 96.13988073257171
24.503000000007294, 96.1392993036116
24.5040000000073, 96.13872329821461
24.505000000007296, 96.13815269065974
24.506000000007298, 96.13758745522577
24.5070000000073, 96.13702756619166
24.508000000007303, 96.13647299783626
24.509000000007305, 96.13592372443846
24.510000000007306, 96.13537972027719
24.511000000007304, 96.13484095963129
24.512000000007305, 96.13430741677966
24.513000000007306, 96.13377906600117
24.514000000007307, 96.13325588157474
24.51500000000731, 96.13273783777925
24.516000000007313, 96.13222490889359
24.517000000007314, 96.13171706919663
24.51800000000731, 96.13121429296723
24.519000000007317, 96.13071655448435
24.520000000007315, 96.13022382802683
24.52100000000732, 96.12973608787357
24.522000000007317, 96.12925330830346
24.523000000007322, 96.12877546359535
24.52400000000732, 96.12830252802816
24.525000000007324, 96.1278344758808
24.526000000007325, 96.12737128143212
24.527000000007327, 96.12691291896104
24.528000000007324, 96.12645936274642
24.529000000007326, 96.12601058706711
24.53000000000733, 96.12556656620208
24.531000000007328, 96.12512727443018
24.53200000000733, 96.12469268603029
24.53300000000733, 96.12426277528131
24.53400000000733, 96.1238375164621
24.535000000007336, 96.12341688385155
24.536000000007334, 96.12300085172858
24.537000000007335, 96.12258939437207
24.53800000000734, 96.1221824860609
24.53900000000734, 96.12178010107395
24.54000000000734, 96.1213822136901
24.541000000007344, 96.12098879818826
24.542000000007345, 96.12059982884733
24.543000000007343, 96.12021527994615
24.544000000007344, 96.11983512576361
24.54500000000735, 96.11945934057867
24.546000000007346, 96.11908789867013
24.547000000007348, 96.11872077431691
24.54800000000735, 96.11835794179792
24.54900000000735, 96.117999375392
24.550000000007355, 96.11764504937807
24.551000000007352, 96.11729493803502
24.552000000007354, 96.11694901564175
24.553000000007362, 96.11660725647708
24.554000000007356, 96.11626963481997
24.55500000000736, 96.1159361249493
24.55600000000736, 96.11560670114392
24.55700000000736, 96.11528133768272
24.55800000000736, 96.1149600088446
24.559000000007362, 96.11464268890845
24.560000000007363, 96.11432935215319
24.561000000007365, 96.11401997285763
24.56200000000737, 96.11371452530072
24.563000000007364, 96.11341298376132
24.56400000000737, 96.11311532251835
24.565000000007373, 96.11282151585065
24.56600000000737, 96.11253153803712
24.567000000007372, 96.11224536335666
24.568000000007373, 96.11196296608816
24.569000000007378, 96.11168432051048
24.570000000007376, 96.11140940090259
24.571000000007377, 96.11113818154327
24.57200000000738, 96.11087063671141
24.57300000000738, 96.110606740686
24.57400000000738, 96.11034646774584
24.575000000007385, 96.11008979216984
24.57600000000739, 96.10983668823692
24.577000000007384, 96.10958713022592
24.57800000000739, 96.10934109241575
24.579000000007387, 96.10909854908529
24.58000000000739, 96.10885947451344
24.58100000000739, 96.10862384297906
24.582000000007394, 96.10839162771792
24.5830000000074, 96.10816272664057
24.584000000007393, 96.10793691292324
24.585000000007394, 96.10771394802211
24.58600000000739, 96.10749359339341
24.587000000007396, 96.10727561049336
24.588000000007398, 96.1070597607782
24.5890000000074, 96.10684580570404
24.590000000007404, 96.10663350672715
24.591000000007405, 96.10642262530381
24.5920000000074, 96.10621292289008
24.593000000007407, 96.10600416094229
24.594000000007405, 96.10579610091662
24.595000000007406, 96.10558850426926
24.596000000007407, 96.10538113245643
24.597000000007412, 96.10517374693434
24.59800000000741, 96.10496610915928
24.59900000000741, 96.10475798058731
24.60000000000741, 96.10454912267477
24.601000000007414, 96.10433929687778
24.60200000000742, 96.10412826465262
24.603000000007416, 96.10391578745548
24.604000000007417, 96.10370162674252
24.60500000000742, 96.10348554397004
24.606000000007427, 96.10326730059421
24.607000000007424, 96.1030466580712
24.608000000007422, 96.10282337785728
24.60900000000742, 96.10259722140866
24.610000000007425, 96.1023679501815
24.611000000007426, 96.10213532563203
24.612000000007427, 96.1018991092165
24.61300000000743, 96.10165906239106
24.614000000007433, 96.10141494661198
24.61500000000743, 96.10116652333544
24.616000000007432, 96.10091355401768
24.617000000007433, 96.10065580011486
24.618000000007438, 96.10039302308321
24.619000000007436, 96.100124984379
24.62000000000744, 96.09985144545833
24.62100000000744, 96.09957216777751
24.62200000000744, 96.09928691279268
24.623000000007437, 96.0989954419601
24.62400000000744, 96.09869751673597
24.625000000007443, 96.09839289857649
24.626000000007444, 96.09808134893785
24.62700000000745, 96.09776262927635
24.628000000007447, 96.09743650104805
24.62900000000745, 96.0971027257093
24.630000000007453, 96.09676106471628
24.631000000007454, 96.09641127952516
24.63200000000745, 96.09605313159217
24.633000000007453, 96.09568638237351
24.634000000007454, 96.09531079332541
24.635000000007455, 96.0949261259041
24.636000000007456, 96.09453214156571
24.63700000000746, 96.09412860176658
24.638000000007462, 96.09371526796279
24.639000000007456, 96.09329190161063
24.64000000000746, 96.0928582641663
24.641000000007462, 96.092414117086
24.642000000007464, 96.09195926252946
24.64300000000747, 96.09149385324648
24.64400000000747, 96.09101822095488
24.645000000007467, 96.09053269880582
24.64600000000747, 96.09003761995051
24.647000000007473, 96.08953331754023
24.648000000007475, 96.08902012472612
24.649000000007472, 96.08849837465948
24.650000000007473, 96.08796840049145
24.65100000000748, 96.08743053537333
24.65200000000748, 96.08688511245632
24.653000000007477, 96.08633246489156
24.65400000000748, 96.08577292583036
24.65500000000748, 96.08520682842392
24.65600000000748, 96.08463450582344
24.657000000007482, 96.0840562911802
24.658000000007483, 96.08347251764532
24.65900000000748, 96.08288351837012
24.66000000000749, 96.08228962650573
24.661000000007487, 96.0816911752034
24.66200000000749, 96.08108849761442
24.66300000000749, 96.08048192688995
24.66400000000749, 96.07987179618114
24.665000000007492, 96.07925843863934
24.666000000007493, 96.07864218741571
24.667000000007498, 96.07802337566147
24.6680000000075, 96.07740233652784
24.669000000007497, 96.07677940316604
24.670000000007498, 96.07615490872732
24.6710000000075, 96.07552918636283
24.672000000007504, 96.07490256922385
24.673000000007505, 96.07427539046161
24.674000000007506, 96.07364798322729
24.675000000007504, 96.0730206806721
24.676000000007505, 96.07239381594731
24.677000000007506, 96.07176772220407
24.678000000007508, 96.0711427325937
24.67900000000751, 96.07051918026731
24.68000000000751, 96.06989739837624
24.681000000007515, 96.0692777200716
24.682000000007513, 96.06866047850464
24.683000000007514, 96.06804600682662
24.684000000007515, 96.06743463818874
24.685000000007516, 96.0668267057422
24.686000000007517, 96.0662225426382
24.68700000000752, 96.06562248202806
24.688000000007523, 96.06502685706289
24.68900000000752, 96.06443600089396
24.690000000007526, 96.06385024667247
24.69100000000752, 96.0632699275497
24.692000000007525, 96.06269537667679
24.69300000000753, 96.06212692720503
24.694000000007534, 96.06156491228555
24.695000000007536, 96.06100966506963
24.69600000000753, 96.06046151870852
24.697000000007534, 96.05992080635342
24.698000000007536, 96.05938786115546
24.699000000007537, 96.05886301626597
24.700000000007538, 96.05834660483617
24.701000000007543, 96.05783896001722
24.70200000000754, 96.05734041496034
24.70300000000754, 96.05685130281678
24.70400000000754, 96.05637195673779
24.705000000007544, 96.05590270987452
24.706000000007545, 96.05544389537823
24.707000000007543, 96.05499584640016
24.708000000007544, 96.05455889609146
24.70900000000755, 96.05413337760343
24.710000000007547, 96.05371962408722
24.71100000000755, 96.05331796869413
24.712000000007546, 96.0529287445753
24.71300000000755, 96.05255228488198
24.71400000000755, 96.05218892276542
24.715000000007553, 96.05183899071648
24.716000000007558, 96.0515026492135
24.71700000000756, 96.05117965789225
24.718000000007557, 96.05086971940523
24.719000000007558, 96.05057253640494
24.720000000007555, 96.05028781154392
24.721000000007557, 96.05001524747465
24.72200000000756, 96.0497545468497
24.723000000007563, 96.04950541232155
24.724000000007564, 96.04926754654272
24.725000000007565, 96.04904065216574
24.72600000000757, 96.04882443184316
24.72700000000757, 96.04861858822744
24.728000000007572, 96.04842282397108
24.72900000000757, 96.04823684172665
24.73000000000757, 96.04806034414668
24.731000000007576, 96.04789303388364
24.732000000007577, 96.04773461359008
24.733000000007575, 96.04758478591849
24.734000000007576, 96.0474432535214
24.735000000007574, 96.04730971905136
24.73600000000758, 96.0471838851608
24.73700000000758, 96.04706545450236
24.73800000000758, 96.04695412972842
24.739000000007582, 96.04684961349163
24.74000000000759, 96.04675160844442
24.741000000007585, 96.04665981723932
24.742000000007586, 96.04657394252887
24.74300000000759, 96.0464936869656
24.744000000007585, 96.04641875320198
24.74500000000759, 96.04634884389056
24.74600000000759, 96.04628366168384
24.747000000007592, 96.04622290923434
24.748000000007597, 96.04616628919463
24.749000000007598, 96.04611350421715
24.750000000007592, 96.04606425695447
24.7510000000076, 96.04601825005903
24.752000000007598, 96.04597518618345
24.7530000000076, 96.0459347679802
24.754000000007604, 96.04589669810181
24.755000000007605, 96.04586067920077
24.756000000007607, 96.0458264139296
24.7570000000076, 96.04579360494087
24.758000000007605, 96.04576195488703
24.759000000007607, 96.04573116642064
24.760000000007608, 96.04570094219419
24.761000000007613, 96.04567098486018
24.76200000000761, 96.0456409970712
24.763000000007615, 96.04561068147973
24.764000000007616, 96.04557974073825
24.765000000007618, 96.0455478774993
24.766000000007615, 96.04551479441545
24.767000000007616, 96.04548019413917
24.76800000000762, 96.04544377932298
24.769000000007622, 96.04540525261937
24.770000000007617, 96.04536431668093
24.77100000000762, 96.0453206741601
24.772000000007623, 96.04527402770944
24.773000000007624, 96.04522407998147
24.774000000007625, 96.04517053362868
24.775000000007626, 96.0451130913036
24.77600000000763, 96.04505145565878
24.77700000000763, 96.04498532934667
24.778000000007633, 96.04491441501986
24.77900000000763, 96.04483841533084
24.780000000007632, 96.04475703293205
24.78100000000763, 96.04466997047616
24.782000000007635, 96.04457693061556
24.78300000000764, 96.04447761600281
24.78400000000764, 96.04437172929046
24.78500000000764, 96.04425897313097
24.786000000007643, 96.04413905017691
24.787000000007644, 96.04401166308074
24.788000000007646, 96.043876514495
24.789000000007643, 96.04373332408323
24.790000000007645, 96.04358205064476
24.79100000000765, 96.04342282949534
24.792000000007647, 96.04325580007492
24.793000000007652, 96.04308110182333
24.794000000007653, 96.04289887418042
24.795000000007654, 96.04270925658608
24.796000000007652, 96.04251238848018
24.79700000000765, 96.04230840930259
24.798000000007654, 96.04209745849313
24.79900000000766, 96.04187967549171
24.800000000007657, 96.04165519973816
24.80100000000766, 96.04142417067237
24.802000000007663, 96.04118672773423
24.80300000000766, 96.04094301036352
24.80400000000766, 96.04069315800021
24.805000000007663, 96.04043731008406
24.806000000007664, 96.04017560605502
24.807000000007665, 96.03990818535291
24.80800000000767, 96.03963518741764
24.80900000000767, 96.03935675168901
24.810000000007673, 96.03907301760694
24.81100000000767, 96.03878412461124
24.81200000000767, 96.03849021214184
24.813000000007676, 96.03819141963858
24.814000000007677, 96.03788788654127
24.81500000000768, 96.03757975228984
24.81600000000768, 96.03726715632415
24.817000000007678, 96.03695023808405
24.81800000000768, 96.03662913700941
24.81900000000768, 96.03630399254008
24.82000000000768, 96.03597494411594
24.821000000007682, 96.03564213117687
24.822000000007687, 96.0353056931627
24.82300000000769, 96.0349657695133
24.82400000000769, 96.03462249966856
24.82500000000769, 96.03427602306834
24.82600000000769, 96.03392647915251
24.82700000000769, 96.03357400736087
24.828000000007695, 96.03321874713338
24.829000000007692, 96.03286083790982
24.830000000007697, 96.03250041913013
24.831000000007695, 96.03213763023413
24.8320000000077, 96.0317726106617
24.833000000007697, 96.03140549985271
24.8340000000077, 96.03103643724701
24.835000000007703, 96.03066556228445
24.8360000000077, 96.03029301440496
24.8370000000077, 96.02991893304832
24.838000000007707, 96.02954345765443
24.839000000007708, 96.0291667276632
24.840000000007706, 96.02878888251443
24.841000000007707, 96.028410061648
24.842000000007708, 96.02803040450378
24.84300000000771, 96.02765005052169
24.844000000007718, 96.0272691391415
24.845000000007715, 96.02688780980313
24.846000000007713, 96.02650620194645
24.847000000007718, 96.02612445501128
24.848000000007715, 96.02574270843753
24.849000000007717, 96.02536110166506
24.85000000000772, 96.0249797741337
24.85100000000772, 96.02459886528338
24.852000000007717, 96.02421851915325
24.85300000000772, 96.02383896179809
24.854000000007726, 96.0234604899206
24.855000000007728, 96.02308340253357
24.856000000007725, 96.02270799864976
24.857000000007726, 96.02233457728187
24.858000000007728, 96.02196343744265
24.85900000000773, 96.02159487814491
24.860000000007734, 96.02122919840131
24.861000000007735, 96.02086669722468
24.862000000007736, 96.02050767362775
24.863000000007734, 96.02015242662321
24.864000000007735, 96.01980125522385
24.865000000007736, 96.01945445844241
24.86600000000774, 96.01911233529168
24.86700000000774, 96.01877518478435
24.868000000007743, 96.01844330593322
24.869000000007745, 96.018116997751
24.870000000007746, 96.0177965592504
24.871000000007744, 96.01748228944423
24.872000000007745, 96.01717448734524
24.87300000000775, 96.01687345196616
24.874000000007747, 96.01657948231974
24.87500000000775, 96.01629287741872
24.87600000000775, 96.01601393627584
24.87700000000775, 96.01574295790385
24.878000000007756, 96.01548024131554
24.879000000007757, 96.01522608552362
24.880000000007758, 96.01498078954087
24.881000000007756, 96.01474465237999
24.88200000000776, 96.01451797305371
24.88300000000776, 96.01430105057487
24.884000000007763, 96.01409418395615
24.88500000000776, 96.0138976722103
24.886000000007762, 96.0137118143501
24.887000000007763, 96.0135369093883
24.888000000007764, 96.01337325633762
24.889000000007766, 96.01322115421078
24.890000000007767, 96.01308090202059
24.891000000007768, 96.01295279877976
24.892000000007773, 96.01283714350106
24.89300000000777, 96.01273423519721
24.89400000000777, 96.01264437288101
24.895000000007776, 96.01256785556517
24.89600000000778, 96.01250498226243
24.89700000000778, 96.01245605198555
24.898000000007777, 96.01242136374728
24.89900000000778, 96.01240121656036
24.90000000000778, 96.01239590943754
24.90100000000778, 96.01240574139159
24.902000000007778, 96.01243101143523
24.903000000007783, 96.01247201858119
24.904000000007787, 96.01252906184226
24.905000000007785, 96.01260244023122
24.90600000000779, 96.01269245276072
24.90700000000779, 96.01279939844358
24.908000000007785, 96.01292357629251
24.90900000000779, 96.0130652853203
24.9100000000078, 96.01322482453965
24.911000000007796, 96.01340249296331
24.912000000007794, 96.0135985896041
24.913000000007795, 96.0138134134747
24.914000000007793, 96.01404726358788
24.915000000007797, 96.01430043895635
24.9160000000078, 96.01457323859293
24.9170000000078, 96.01486596151028
24.9180000000078, 96.01517890672125
24.919000000007806, 96.01551237323851
24.920000000007803, 96.0158666600748
24.921000000007805, 96.01624206624294
24.92200000000781, 96.01663889075564
24.923000000007807, 96.01705743262563
24.92400000000781, 96.01749799086565
24.92500000000781, 96.01796086448851
24.92600000000781, 96.0184461574525
24.927000000007816, 96.01895316620534
24.928000000007813, 96.01948097825698
24.929000000007818, 96.02002868111713
24.930000000007816, 96.02059536229531
24.931000000007817, 96.02118010930121
24.93200000000782, 96.02178200964448
24.93300000000782, 96.02240015083473
24.93400000000782, 96.02303362038158
24.935000000007822, 96.02368150579466
24.936000000007827, 96.02434289458361
24.937000000007828, 96.02501687425811
24.938000000007825, 96.02570253232773
24.939000000007827, 96.02639895630213
24.940000000007828, 96.0271052336909
24.94100000000783, 96.02782045200375
24.942000000007834, 96.02854369875027
24.943000000007835, 96.02927406144008
24.944000000007833, 96.03001062758283
24.945000000007834, 96.03075248468815
24.94600000000784, 96.03149872026565
24.94700000000784, 96.03224842182503
24.948000000007838, 96.03300067687583
24.94900000000784, 96.03375457292775
24.95000000000784, 96.03450919749038
24.95100000000784, 96.03526363807337
24.952000000007846, 96.03601698218635
24.953000000007844, 96.03676831733898
24.954000000007845, 96.0375167310409
24.955000000007846, 96.03826131080167
24.95600000000785, 96.03900114413096
24.957000000007852, 96.03973531853839
24.958000000007853, 96.04046292153363
24.95900000000785, 96.04118304062631
24.96000000000785, 96.04189476332604
24.961000000007854, 96.04259717714244
24.962000000007855, 96.04328936958514
24.96300000000786, 96.04397042816382
24.964000000007857, 96.04463944038808
24.965000000007862, 96.04529549376753
24.96600000000786, 96.04593767581186
24.967000000007864, 96.04656507403061
24.968000000007862, 96.04717677593351
24.969000000007863, 96.04777186903019
24.970000000007868, 96.0483494408302
24.97100000000787, 96.04890857884324
24.972000000007867, 96.0494483705789
24.97300000000787, 96.04996790354687
24.97400000000787, 96.05046626525673
24.97500000000787, 96.05094254321811
24.976000000007872, 96.05139582494067
24.977000000007873, 96.05182519793401
24.978000000007878, 96.05222974970782
24.979000000007876, 96.05260856777168
24.98000000000788, 96.05296073963528
24.981000000007878, 96.05328535280813
24.982000000007883, 96.05358149480003
24.98300000000788, 96.05384825312048
24.984000000007885, 96.05408471527917
24.985000000007886, 96.05428996878574
24.986000000007888, 96.05446310114978
24.98700000000789, 96.05460319988094
24.988000000007887, 96.05470935248886
24.989000000007884, 96.0547806464832
24.99000000000789, 96.05481616937354
24.99100000000789, 96.05481500866955
24.992000000007895, 96.05477625188081
24.993000000007896, 96.05469898651702
24.994000000007897, 96.05458230008782
24.995000000007895, 96.05442528010278
24.9960000000079, 96.05422701407151
24.997000000007898, 96.05398658950371
24.9980000000079, 96.05370309390901
24.9990000000079, 96.05337563831671
25.0000000000079, 96.0530041489148
25.001000000007902, 96.05258955676638
25.002000000007907, 96.05213285491908
25.003000000007905, 96.0516350364204
25.004000000007906, 96.05109709431791
25.005000000007907, 96.05052002165924
25.00600000000791, 96.04990481149193
25.00700000000791, 96.04925245686351
25.008000000007915, 96.04856395082165
25.009000000007916, 96.04784028641379
25.010000000007917, 96.04708245668752
25.01100000000792, 96.04629145469049
25.012000000007916, 96.04546827347022
25.013000000007917, 96.04461390607428
25.01400000000792, 96.04372934555025
25.01500000000792, 96.04281558494566
25.01600000000792, 96.04187361730811
25.017000000007922, 96.04090443568518
25.018000000007923, 96.03990903312437
25.019000000007928, 96.03888840267335
25.020000000007926, 96.03784353737964
25.021000000007927, 96.03677543029077
25.02200000000793, 96.03568507445435
25.023000000007933, 96.03457346291799
25.02400000000793, 96.03344158872915
25.025000000007935, 96.03229044493548
25.026000000007933, 96.03112102458452
25.027000000007934, 96.02993432072387
25.028000000007935, 96.02873132640102
25.02900000000794, 96.02751303466361
25.030000000007938, 96.0262804385592
25.031000000007936, 96.02503453113533
25.032000000007944, 96.02377630543958
25.033000000007945, 96.02250675451953
25.034000000007943, 96.02122687142275
25.03500000000794, 96.0199376491968
25.036000000007945, 96.01864008088926
25.037000000007946, 96.01733515954761
25.03800000000795, 96.01602387821956
25.03900000000795, 96.01470722995259
25.04000000000795, 96.0133862077943
25.041000000007948, 96.01206180479221
25.042000000007953, 96.01073501399398
25.043000000007954, 96.00940682844708
25.04400000000796, 96.00807824119917
25.045000000007956, 96.00675024529772
25.04600000000796, 96.00542383379035
25.047000000007962, 96.00409999972462
25.048000000007963, 96.0027797361481
25.04900000000796, 96.00146403610839
25.050000000007962, 96.000153892653
25.051000000007964, 95.99885029882958
25.05200000000797, 95.99755424768561
25.053000000007962, 95.9962667322687
25.05400000000797, 95.99498874562639
25.05500000000797, 95.99372128080628
25.056000000007973, 95.99246533085595
25.05700000000797, 95.99122188882292
25.058000000007972, 95.98999194775477
25.05900000000798, 95.9887765006991
25.060000000007978, 95.9875765407035
25.061000000007976, 95.98639306081544
25.062000000007977, 95.98522704774877
25.063000000007982, 95.98407917444175
25.064000000007983, 95.982949662174
25.06500000000798, 95.98183869716246
25.066000000007982, 95.98074646562415
25.067000000007987, 95.97967315377599
25.068000000007984, 95.97861894783503
25.06900000000799, 95.97758403401825
25.07000000000799, 95.97656859854256
25.071000000007988, 95.97557282762497
25.07200000000799, 95.97459690748256
25.07300000000799, 95.97364102433217
25.07400000000799, 95.97270536439083
25.075000000007996, 95.97179011387556
25.076000000007994, 95.97089545900333
25.077000000008, 95.9700215859911
25.078000000008, 95.96916868105586
25.079000000007998, 95.96833693041457
25.080000000008, 95.96752652028422
25.081000000008004, 95.96673763688182
25.082000000008, 95.96597046642437
25.083000000008003, 95.96522519512878
25.084000000008004, 95.96450200921207
25.085000000008005, 95.96380109489122
25.08600000000801, 95.96312263838323
25.087000000008008, 95.96246682590504
25.08800000000801, 95.96183384367367
25.08900000000801, 95.96122387790605
25.09000000000802, 95.96063711481924
25.091000000008016, 95.96007374063015
25.09200000000801, 95.9595339415558
25.093000000008015, 95.9590179038132
25.094000000008016, 95.95852581361926
25.095000000008017, 95.95805785719098
25.09600000000802, 95.9576142207454
25.097000000008023, 95.95719509049941
25.09800000000802, 95.9568006526701
25.099000000008026, 95.95643109347434
25.100000000008023, 95.95608659912918
25.101000000008025, 95.95576735585158
25.102000000008026, 95.95547354985855
25.103000000008027, 95.95520536736701
25.10400000000803, 95.95496299459401
25.105000000008033, 95.9547466177565
25.10600000000803, 95.95455642307148
25.107000000008032, 95.95439259675587
25.108000000008037, 95.95425532502674
25.109000000008034, 95.95414479410098
25.11000000000804, 95.95406119019563
25.11100000000804, 95.95400469952772
25.112000000008038, 95.95397550831409
25.113000000008043, 95.95397380277187
25.114000000008044, 95.95399976911794
25.115000000008042, 95.95405359356933
25.116000000008043, 95.954135462343
25.117000000008044, 95.95424556165595
25.11800000000805, 95.95438407772515
25.11900000000805, 95.95455119676761
25.12000000000805, 95.95474710500025
25.121000000008053, 95.9549719886401
25.12200000000805, 95.95522603390411
25.12300000000805, 95.95550942700933
25.124000000008053, 95.95582235417265
25.125000000008054, 95.9561650016111
25.126000000008055, 95.95653755554164
25.127000000008064, 95.9569402021813
25.128000000008058, 95.957373127747
25.129000000008062, 95.95783651845579
25.13000000000806, 95.95833056052462
25.131000000008065, 95.95885544017042
25.132000000008063, 95.95941134361018
25.133000000008067, 95.95999845706098
25.13400000000807, 95.9606169667397
25.135000000008066, 95.96126705886341
25.136000000008064, 95.96194882123548
25.13700000000807, 95.96266159665134
25.13800000000807, 95.96340438694985
25.13900000000807, 95.96417619220452
25.140000000008072, 95.96497601248895
25.141000000008074, 95.96580284787677
25.14200000000808, 95.96665569844156
25.14300000000808, 95.96753356425701
25.144000000008077, 95.9684354453966
25.14500000000808, 95.96936034193405
25.14600000000808, 95.9703072539429
25.147000000008077, 95.97127518149682
25.148000000008082, 95.97226312466935
25.149000000008083, 95.97327008353412
25.150000000008088, 95.97429505816474
25.15100000000809, 95.97533704863484
25.152000000008087, 95.97639505501799
25.15300000000809, 95.97746807738781
25.15400000000809, 95.9785551158179
25.15500000000809, 95.97965517038195
25.156000000008092, 95.98076724115343
25.157000000008093, 95.98189032820602
25.158000000008098, 95.98302343161335
25.1590000000081, 95.98416555144898
25.1600000000081, 95.98531568778652
25.1610000000081, 95.98647284069962
25.1620000000081, 95.98763601026182
25.1630000000081, 95.98880419654681
25.1640000000081, 95.98997639962813
25.165000000008103, 95.99115161957941
25.166000000008108, 95.9923288564743
25.16700000000811, 95.99350711038633
25.16800000000811, 95.99468538138913
25.169000000008108, 95.99586266955636
25.17000000000811, 95.99703797496157
25.17100000000811, 95.99821029767837
25.172000000008115, 95.9993786377804
25.173000000008116, 96.00054199534125
25.174000000008117, 96.0016993704345
25.175000000008115, 96.00284976313381
25.176000000008116, 96.00399217351273
25.177000000008118, 96.00512560164498
25.178000000008122, 96.006249047604
25.17900000000812, 96.00736151146354
25.180000000008125, 96.00846199329713
25.181000000008122, 96.00954949317838
25.182000000008124, 96.01062301118094
25.18300000000813, 96.01168154737839
25.184000000008126, 96.01272410184434
25.18500000000813, 96.01374967465237
25.18600000000813, 96.01475726587613
25.187000000008133, 96.01574587558925
25.18800000000813, 96.01671450386526
25.189000000008136, 96.01766215077781
25.190000000008133, 96.01858781640051
25.191000000008135, 96.01949050080694
25.192000000008136, 96.02036920407075
25.193000000008137, 96.02122292626552
25.19400000000814, 96.02205066746487
25.19500000000814, 96.02285142774237
25.196000000008144, 96.02362420717171
25.197000000008142, 96.02436800582642
25.198000000008143, 96.02508182378013
25.199000000008144, 96.02576466110644
25.200000000008153, 96.02641551787899
25.201000000008147, 96.02703339417133
25.20200000000815, 96.02761729005714
25.20300000000815, 96.02816620560998
25.20400000000815, 96.02867914090344
25.205000000008148, 96.02915509601118
25.206000000008153, 96.02959318148616
25.20700000000815, 96.02999354621731
25.20800000000816, 96.03035690810472
25.209000000008157, 96.03068399088006
25.210000000008158, 96.030975518275
25.21100000000816, 96.03123221402106
25.21200000000816, 96.03145480184995
25.21300000000816, 96.03164400549323
25.214000000008163, 96.0318005486826
25.215000000008168, 96.03192515514966
25.21600000000817, 96.03201854862601
25.217000000008166, 96.03208145284329
25.21800000000817, 96.03211459153316
25.21900000000817, 96.0321186884272
25.220000000008174, 96.0320944672571
25.22100000000817, 96.03204265175442
25.222000000008173, 96.03196396565082
25.223000000008174, 96.03185913267794
25.224000000008175, 96.03172887656734
25.22500000000818, 96.03157392105075
25.22600000000818, 96.03139498985973
25.22700000000818, 96.03119280672591
25.22800000000818, 96.03096809538094
25.22900000000818, 96.03072157955643
25.230000000008182, 96.03045398298403
25.231000000008187, 96.03016602939535
25.232000000008185, 96.029858442522
25.23300000000819, 96.02953194609564
25.23400000000819, 96.02918726384789
25.23500000000819, 96.02882511951039
25.23600000000819, 96.0284462368147
25.23700000000819, 96.02805133949256
25.238000000008196, 96.02764115127549
25.239000000008197, 96.02721639589518
25.240000000008195, 96.02677779708323
25.2410000000082, 96.02632607857127
25.2420000000082, 96.02586196409095
25.243000000008195, 96.02538617737389
25.244000000008203, 96.02489944215169
25.245000000008204, 96.02440248215602
25.246000000008202, 96.02389602111845
25.247000000008203, 96.02338078277066
25.248000000008204, 96.02285749084425
25.24900000000821, 96.02232686907087
25.25000000000821, 96.02178964118212
25.251000000008208, 96.02124653090968
25.25200000000821, 96.0206982619851
25.25300000000821, 96.02014555814006
25.254000000008215, 96.01958914310616
25.255000000008213, 96.01902974061507
25.256000000008214, 96.01846807439838
25.25700000000822, 96.01790486818773
25.258000000008217, 96.0173408457147
25.259000000008218, 96.01677673071099
25.26000000000822, 96.0162132469082
25.261000000008224, 96.01565111803797
25.262000000008225, 96.01509106783192
25.263000000008223, 96.01453382002163
25.264000000008224, 96.0139800983388
25.265000000008225, 96.01343062651503
25.266000000008226, 96.0128861282819
25.267000000008228, 96.01234732737113
25.268000000008236, 96.0118149475143
25.26900000000823, 96.01128971244302
25.27000000000823, 96.0107723458889
25.271000000008236, 96.01026357158365
25.272000000008237, 96.00976411325883
25.273000000008235, 96.00927469464608
25.274000000008236, 96.008796039477
25.275000000008244, 96.0083288714833
25.27600000000824, 96.00787391439654
25.27700000000824, 96.00743189194841
25.278000000008245, 96.00700352787044
25.279000000008246, 96.00658954517888
25.280000000008247, 96.00619039090208
25.281000000008245, 96.00580581982592
25.28200000000825, 96.00543547994305
25.283000000008247, 96.00507901924604
25.28400000000825, 96.00473608572754
25.28500000000825, 96.00440632738018
25.28600000000825, 96.0040893921965
25.287000000008252, 96.00378492816917
25.288000000008253, 96.00349258329075
25.289000000008254, 96.00321200555388
25.290000000008256, 96.00294284295117
25.29100000000826, 96.00268474347519
25.29200000000826, 96.00243735511862
25.293000000008263, 96.002200325874
25.29400000000826, 96.00197330373393
25.29500000000826, 96.00175593669113
25.296000000008263, 96.00154787273804
25.297000000008264, 96.00134875986743
25.29800000000827, 96.00115824607182
25.299000000008263, 96.00097597934383
25.30000000000827, 96.00080160767607
25.301000000008273, 96.00063477906119
25.302000000008274, 96.00047514149173
25.30300000000827, 96.00032234296032
25.304000000008273, 96.0001760314596
25.305000000008274, 96.00003585498217
25.306000000008275, 95.99990146152061
25.307000000008273, 95.99977249906757
25.30800000000828, 95.9996486156156
25.309000000008282, 95.99952945915737
25.31000000000828, 95.99941467768546
25.311000000008278, 95.99930391919246
25.312000000008286, 95.99919683167099
25.313000000008287, 95.99909306311369
25.314000000008285, 95.99899226151315
25.315000000008286, 95.99889407486195
25.316000000008284, 95.99879815115276
25.317000000008292, 95.99870413837814
25.31800000000829, 95.99861168453069
25.31900000000829, 95.99852043760305
25.320000000008296, 95.99843004558782
25.321000000008294, 95.99834015647761
25.3220000000083, 95.99825041826502
25.323000000008296, 95.99816047894265
25.324000000008297, 95.99806998650317
25.325000000008302, 95.9979785889391
25.3260000000083, 95.99788593424307
25.327000000008308, 95.99779167040775
25.328000000008306, 95.99769544542569
25.329000000008307, 95.99759690728953
25.330000000008308, 95.99749570399185
25.33100000000831, 95.99739148352526
25.33200000000831, 95.99728389388241
25.333000000008308, 95.99717258305587
25.33400000000831, 95.99705719903827
25.33500000000831, 95.99693738982216
25.33600000000831, 95.99681280340025
25.337000000008313, 95.99668308776506
25.338000000008314, 95.99654789090924
25.33900000000832, 95.9964068608254
25.340000000008317, 95.99625964550616
25.341000000008318, 95.99610589294407
25.342000000008326, 95.9959452511318
25.34300000000832, 95.99577736806194
25.34400000000832, 95.99560189172706
25.345000000008323, 95.99541847011982
25.346000000008328, 95.99522677850717
25.347000000008325, 95.99502690589489
25.348000000008327, 95.99481926269237
25.349000000008328, 95.99460426774606
25.350000000008333, 95.99438233990247
25.351000000008334, 95.99415389800816
25.352000000008335, 95.99391936090966
25.353000000008333, 95.99367914745343
25.354000000008334, 95.99343367648599
25.355000000008335, 95.99318336685396
25.356000000008336, 95.99292863740374
25.357000000008338, 95.99266990698193
25.35800000000834, 95.99240759443501
25.35900000000834, 95.9921421186095
25.36000000000834, 95.99187389835195
25.361000000008342, 95.99160335250882
25.362000000008344, 95.99133089992671
25.363000000008345, 95.99105695945214
25.364000000008346, 95.99078194993152
25.365000000008347, 95.99050629021147
25.36600000000835, 95.99023039913847
25.36700000000835, 95.98995469555904
25.368000000008355, 95.98967959831973
25.369000000008356, 95.98940552626705
25.370000000008353, 95.98913289824746
25.371000000008355, 95.98886213310759
25.372000000008356, 95.98859364969387
25.373000000008364, 95.98832786685283
25.37400000000836, 95.98806520343103
25.375000000008363, 95.98780607827496
25.37600000000836, 95.98755091023116
25.377000000008362, 95.98730011814612
25.378000000008363, 95.9870541208664
25.379000000008364, 95.98681333723849
25.380000000008366, 95.98657818610891
25.381000000008367, 95.98634908632422
25.38200000000837, 95.98612645673087
25.383000000008373, 95.98591071617544
25.384000000008374, 95.98570228350442
25.38500000000837, 95.9855015775643
25.386000000008373, 95.9853090172017
25.387000000008374, 95.98512502126304
25.38800000000838, 95.98495000859486
25.389000000008377, 95.98478439804371
25.39000000000838, 95.98462860845613
25.39100000000838, 95.98448305867858
25.392000000008377, 95.98434816755763
25.39300000000838, 95.98422435393972
25.394000000008383, 95.98411203667146
25.395000000008384, 95.98401163459936
25.39600000000839, 95.9839235665699
25.397000000008386, 95.98384825142959
25.398000000008388, 95.983786108025
25.399000000008392, 95.98373755520261
25.40000000000839, 95.98370301180897
25.40100000000839, 95.98368289669055
25.402000000008393, 95.98367762869395
25.40300000000839, 95.98368762666564
25.4040000000084, 95.9837133094521
25.405000000008393, 95.98375509589995
25.406000000008397, 95.98381340485564
25.4070000000084, 95.98388865516569
25.4080000000084, 95.9839812656766
25.4090000000084, 95.98409163106922
25.41000000000841, 95.98421967759444
25.411000000008404, 95.98436490701954
25.41200000000841, 95.98452680576206
25.413000000008406, 95.9847048602394
25.414000000008407, 95.98489855686921
25.41500000000841, 95.98510738206895
25.416000000008417, 95.98533082225607
25.41700000000841, 95.98556836384815
25.418000000008416, 95.98581949326268
25.419000000008417, 95.98608369691713
25.420000000008415, 95.98636046122904
25.421000000008412, 95.98664927261596
25.422000000008417, 95.98694961749537
25.423000000008418, 95.98726098228477
25.42400000000842, 95.98758285340162
25.425000000008428, 95.9879147172635
25.426000000008425, 95.98825606028794
25.427000000008423, 95.98860636889233
25.428000000008428, 95.98896512949429
25.429000000008426, 95.9893318285113
25.430000000008427, 95.9897059523609
25.43100000000843, 95.99008698746047
25.43200000000843, 95.9904744202277
25.433000000008434, 95.99086773707997
25.434000000008435, 95.9912664244348
25.435000000008436, 95.9916699687098
25.436000000008438, 95.99207785632237
25.437000000008435, 95.99248957369005
25.438000000008437, 95.99290460723039
25.439000000008438, 95.9933224433608
25.440000000008435, 95.9937425684989
25.44100000000844, 95.99416446906213
25.44200000000844, 95.99458763146802
25.443000000008446, 95.99501154213411
25.444000000008444, 95.99543568747785
25.445000000008445, 95.9958595539168
25.446000000008453, 95.99628262786844
25.447000000008448, 95.9967043957503
25.448000000008452, 95.99712434397986
25.44900000000845, 95.99754195897468
25.450000000008455, 95.99795672715216
25.451000000008452, 95.99836813492996
25.452000000008454, 95.99877566872546
25.453000000008455, 95.99917881495625
25.45400000000846, 95.99957706003978
25.45500000000846, 95.99996989039363
25.456000000008462, 96.00035679243526
25.45700000000846, 96.00073725258214
25.458000000008465, 96.00111075725188
25.459000000008462, 96.0014767928619
25.460000000008463, 96.00183484582976
25.461000000008468, 96.00218440257296
25.462000000008466, 96.002524949509
25.463000000008464, 96.00285597305539
25.464000000008472, 96.00317695962964
25.465000000008473, 96.00348739564924
25.466000000008474, 96.00378676753174
25.467000000008472, 96.00407456169462
25.468000000008473, 96.00435026455541
25.469000000008478, 96.00461336253159
25.47000000000848, 96.00486334204071
25.471000000008477, 96.00509968950024
25.472000000008475, 96.00532189132772
25.47300000000848, 96.0055294339406
25.47400000000848, 96.00572180375647
25.47500000000848, 96.0058984871928
25.47600000000849, 96.00605897066704
25.47700000000849, 96.00620274059683
25.478000000008485, 96.00632928339957
25.47900000000849, 96.0064380854928
25.48000000000849, 96.00652863329404
25.481000000008486, 96.00660041322084
25.48200000000849, 96.00665291169064
25.48300000000849, 96.0066857157905
25.484000000008493, 96.00669885435666
25.485000000008494, 96.00669247735979
25.4860000000085, 96.00666673477382
25.487000000008496, 96.0066217765727
25.4880000000085, 96.00655775273039
25.4890000000085, 96.00647481322085
25.4900000000085, 96.00637310801798
25.4910000000085, 96.00625278709575
25.49200000000851, 96.00611400042808
25.493000000008507, 96.00595689798891
25.49400000000851, 96.00578162975222
25.495000000008506, 96.00558834569195
25.496000000008504, 96.00537719578202
25.497000000008512, 96.00514832999632
25.498000000008513, 96.00490189830892
25.499000000008515, 96.00463805069369
25.50000000000851, 96.00435693712453
25.50100000000851, 96.00405870757544
25.502000000008515, 96.00374351202038
25.50300000000852, 96.00341150043327
25.504000000008517, 96.00306282278801
25.50500000000852, 96.00269762905859
25.50600000000852, 96.00231606921896
25.507000000008528, 96.00191829324304
25.508000000008526, 96.00150445110478
25.50900000000852, 96.00107469277812
25.510000000008528, 96.000629168237
25.511000000008526, 96.00016802745537
25.512000000008527, 95.9996914204072
25.513000000008528, 95.99919949706636
25.51400000000853, 95.99869240740688
25.515000000008527, 95.99817030140261
25.516000000008532, 95.99763332902758
25.517000000008537, 95.99708164025571
25.518000000008538, 95.99651538506087
25.519000000008536, 95.9959347134171
25.52000000000853, 95.99533977529833
25.52100000000854, 95.99473072067843
25.522000000008536, 95.99410769953143
25.523000000008544, 95.99347086183118
25.524000000008545, 95.99282035755171
25.52500000000855, 95.99215633666694
25.52600000000854, 95.99147894915079
25.527000000008545, 95.9907883449772
25.528000000008547, 95.99008467412014
25.529000000008548, 95.98936808655357
25.53000000000855, 95.98863873225139
25.53100000000855, 95.98789676118751
25.53200000000855, 95.98714232333596
25.533000000008556, 95.98637556867064
25.534000000008547, 95.98559664716547
25.53500000000856, 95.98480570879445
25.536000000008556, 95.98400290353146
25.537000000008554, 95.98318838135052
25.538000000008555, 95.98236229222552
25.539000000008564, 95.98152478613036
25.540000000008565, 95.98067601303906
25.54100000000857, 95.97981612292551
25.542000000008564, 95.97894526576371
25.543000000008565, 95.97806359152757
25.544000000008566, 95.97717125019105
25.545000000008567, 95.97626839172806
25.54600000000857, 95.97535516611255
25.54700000000857, 95.97443172331849
25.54800000000857, 95.9734982133198
25.549000000008572, 95.97255478609041
25.550000000008573, 95.9716015916043
25.551000000008575, 95.9706387798354
25.552000000008572, 95.96966650075763
25.55300000000858, 95.96868490434497
25.554000000008585, 95.96769414397691
25.555000000008583, 95.9666944504462
25.556000000008577, 95.96568613145342
25.557000000008582, 95.96466949800364
25.558000000008583, 95.96364486110215
25.55900000000859, 95.96261253175396
25.560000000008586, 95.96157282096426
25.56100000000859, 95.96052603973821
25.562000000008588, 95.95947249908096
25.56300000000859, 95.9584125099976
25.56400000000859, 95.95734638349336
25.565000000008585, 95.95627443057329
25.566000000008586, 95.95519696224261
25.567000000008587, 95.9541142895064
25.568000000008592, 95.95302672336987
25.5690000000086, 95.9519345748381
25.5700000000086, 95.95083815491631
25.5710000000086, 95.94973777460955
25.5720000000086, 95.94863374492304
25.573000000008598, 95.94752637686192
25.574000000008603, 95.94641598143127
25.575000000008604, 95.94530286963631
25.576000000008605, 95.94418735248212
25.577000000008606, 95.94306974097387
25.578000000008608, 95.94195034611676
25.57900000000861, 95.94082947891582
25.580000000008603, 95.93970745037628
25.58100000000861, 95.93858457150327
25.58200000000861, 95.93746115330191
25.583000000008607, 95.93633750677738
25.58400000000862, 95.93521394293475
25.58500000000862, 95.93409077277924
25.586000000008617, 95.93296830731597
25.58700000000862, 95.93184685755013
25.58800000000862, 95.93072673448677
25.58900000000862, 95.92960824913109
25.590000000008622, 95.92849171248821
25.591000000008624, 95.92737743556333
25.592000000008625, 95.9262657293615
25.593000000008626, 95.92515690488796
25.59400000000862, 95.92405127314777
25.59500000000863, 95.92294914514613
25.59600000000863, 95.9218508318882
25.597000000008627, 95.92075664437911
25.59800000000863, 95.91966689362394
25.599000000008637, 95.91858189062789
25.600000000008638, 95.91750194639611
25.601000000008636, 95.91642737193371
25.602000000008633, 95.91535847824586
25.603000000008638, 95.9142955763377
25.60400000000864, 95.91323897721438
25.60500000000864, 95.91218899188104
25.606000000008642, 95.91114593134284
25.607000000008643, 95.91011010660486
25.608000000008644, 95.90908182867229
25.609000000008646, 95.9080614085503
25.610000000008647, 95.90704915724399
25.611000000008648, 95.9060453857585
25.612000000008646, 95.90505040509905
25.613000000008647, 95.9040645262707
25.614000000008655, 95.90308806027859
25.615000000008656, 95.90212131812791
25.616000000008654, 95.90116461082381
25.617000000008655, 95.9002182493714
25.618000000008653, 95.89928254477586
25.619000000008658, 95.89835780804229
25.62000000000866, 95.89744435017587
25.62100000000866, 95.89654248218173
25.622000000008658, 95.89565251506502
25.623000000008656, 95.89477475983085
25.624000000008664, 95.89390952748442
25.625000000008665, 95.89305712903086
25.626000000008666, 95.89221787547524
25.627000000008664, 95.89139207782281
25.628000000008665, 95.89058004707866
25.629000000008674, 95.88978209424796
25.63000000000868, 95.8889985303358
25.631000000008672, 95.88822966634737
25.632000000008674, 95.88747581328782
25.633000000008675, 95.8867372821623
25.634000000008676, 95.88601438397589
25.635000000008677, 95.8853074297338
25.636000000008682, 95.88461673044114
25.63700000000868, 95.88394259710307
25.638000000008685, 95.88328534072471
25.639000000008682, 95.88264527231124
25.640000000008683, 95.88202270002213
25.641000000008685, 95.88141774668205
25.64200000000868, 95.88083023912341
25.64300000000869, 95.8802599776695
25.644000000008692, 95.87970676264351
25.64500000000869, 95.87917039436866
25.64600000000869, 95.87865067316817
25.6470000000087, 95.87814739936537
25.64800000000869, 95.87766037328336
25.649000000008694, 95.87718939524544
25.650000000008696, 95.87673426557481
25.6510000000087, 95.87629478459473
25.652000000008698, 95.8758707526284
25.6530000000087, 95.8754619699991
25.654000000008704, 95.87506823703
25.6550000000087, 95.87468935404436
25.6560000000087, 95.87432512136542
25.6570000000087, 95.8739753393164
25.65800000000871, 95.8736398082205
25.65900000000871, 95.873318328401
25.660000000008708, 95.8730107001811
25.66100000000871, 95.87271672388403
25.66200000000871, 95.87243619983305
25.66300000000871, 95.87216892835136
25.664000000008713, 95.87191470976218
25.66500000000871, 95.87167334438877
25.666000000008715, 95.87144463255433
25.66700000000872, 95.87122837458215
25.668000000008718, 95.87102437079537
25.66900000000872, 95.87083242151728
25.67000000000872, 95.87065232707111
25.671000000008714, 95.87048388778008
25.67200000000872, 95.87032690396741
25.673000000008727, 95.87018117595635
25.67400000000873, 95.87004650407009
25.675000000008726, 95.86992268863187
25.676000000008727, 95.86980952996498
25.67700000000873, 95.86970682839258
25.67800000000873, 95.86961438423796
25.67900000000873, 95.8695319978243
25.680000000008732, 95.86945946947488
25.681000000008734, 95.86939659951283
25.68200000000874, 95.8693431882615
25.683000000008736, 95.86929903604404
25.684000000008737, 95.86926394318374
25.685000000008742, 95.86923771000377
25.686000000008736, 95.8692201368274
25.687000000008737, 95.86921102397783
25.68800000000874, 95.86921017177829
25.689000000008747, 95.8692173805521
25.690000000008745, 95.86923245062238
25.691000000008746, 95.8692551823124
25.692000000008747, 95.8692853759454
25.693000000008748, 95.8693228496604
25.694000000008753, 95.86936756523919
25.69500000000875, 95.86941955384758
25.696000000008755, 95.8694788471013
25.697000000008753, 95.8695454766162
25.698000000008754, 95.86961947400806
25.69900000000875, 95.86970087089264
25.700000000008757, 95.86978969888567
25.701000000008754, 95.86988598960305
25.702000000008756, 95.86998977466044
25.703000000008757, 95.87010108567375
25.704000000008758, 95.87021995425867
25.705000000008763, 95.87034641203103
25.706000000008764, 95.8704804906066
25.707000000008765, 95.87062222160115
25.708000000008767, 95.87077163663045
25.709000000008768, 95.87092876731035
25.71000000000877, 95.87109364525658
25.71100000000877, 95.87126630208493
25.71200000000877, 95.8714467694112
25.713000000008773, 95.87163507885113
25.714000000008774, 95.87183126202059
25.715000000008775, 95.8720353505353
25.71600000000877, 95.87224737601103
25.717000000008774, 95.87246737006357
25.718000000008782, 95.87269536430878
25.719000000008776, 95.87293139036237
25.72000000000878, 95.8731754798401
25.721000000008782, 95.87342766435782
25.722000000008784, 95.87368797553131
25.723000000008785, 95.87395644497634
25.724000000008786, 95.87423310430866
25.725000000008787, 95.8745179851441
25.72600000000879, 95.8748111190984
25.72700000000879, 95.8751125377874
25.72800000000879, 95.87542227282681
25.729000000008785, 95.87574035583248
25.730000000008793, 95.87606681842018
25.73100000000879, 95.87640169220565
25.73200000000879, 95.87674500880472
25.7330000000088, 95.87709679983317
25.734000000008802, 95.8774570969068
25.7350000000088, 95.87782593164133
25.736000000008797, 95.87820333565259
25.737000000008802, 95.87858934055637
25.738000000008803, 95.87898397796845
25.739000000008808, 95.87938727950457
25.740000000008806, 95.87979927678057
25.741000000008807, 95.88022000141218
25.742000000008808, 95.88064948501524
25.743000000008802, 95.88108775920554
25.744000000008814, 95.8815348555988
25.74500000000881, 95.88199080581083
25.74600000000881, 95.88245564145745
25.74700000000881, 95.88292939415436
25.74800000000882, 95.88341209551743
25.74900000000882, 95.88390377716243
25.750000000008818, 95.8844044707051
25.75100000000882, 95.88491420776128
25.75200000000882, 95.8854330199467
25.75300000000882, 95.88596093887719
25.754000000008823, 95.88649799616849
25.755000000008824, 95.88704422343642
25.756000000008825, 95.88759965229673
25.757000000008826, 95.88816431436524
25.75800000000883, 95.8887382412577
25.75900000000883, 95.8893214645899
25.760000000008834, 95.88991401597767
25.761000000008828, 95.89051592703672
25.76200000000883, 95.8911272293829
25.763000000008837, 95.89174795463198
25.764000000008835, 95.8923781343997
25.765000000008836, 95.89301780030186
25.766000000008837, 95.89366698346936
25.76700000000884, 95.89432561794362
25.76800000000884, 95.89499342389209
25.76900000000884, 95.8956700929642
25.770000000008842, 95.89635531680946
25.771000000008844, 95.8970487870773
25.772000000008845, 95.89775019541719
25.77300000000885, 95.89845923347859
25.774000000008847, 95.899175592911
25.77500000000885, 95.8998989653639
25.776000000008846, 95.90062904248671
25.777000000008854, 95.90136551592892
25.778000000008856, 95.90210807733999
25.779000000008853, 95.90285641836942
25.780000000008854, 95.90361023066666
25.781000000008852, 95.90436920588115
25.782000000008857, 95.90513303566242
25.78300000000886, 95.90590141165988
25.784000000008856, 95.906674025523
25.78500000000886, 95.9074505689013
25.786000000008865, 95.9082307334442
25.787000000008863, 95.90901421080113
25.788000000008864, 95.90980069262172
25.789000000008865, 95.91058987055527
25.790000000008863, 95.91138143625129
25.791000000008864, 95.91217508135931
25.792000000008873, 95.91297049752873
25.793000000008874, 95.91376737640907
25.79400000000887, 95.91456540964973
25.795000000008873, 95.91536428890026
25.796000000008874, 95.91616370581008
25.797000000008875, 95.91696335202866
25.798000000008873, 95.91776291920546
25.799000000008878, 95.91856209898997
25.80000000000888, 95.91936058303165
25.80100000000888, 95.92015806298
25.802000000008874, 95.92095423048444
25.803000000008883, 95.92174877719444
25.804000000008884, 95.92254139475948
25.80500000000888, 95.92333177482905
25.806000000008883, 95.9241196090526
25.807000000008895, 95.92490458907962
25.808000000008892, 95.92568640655952
25.80900000000889, 95.92646475314183
25.81000000000889, 95.92723932047599
25.811000000008892, 95.9280098002115
25.8120000000089, 95.92877588399776
25.813000000008895, 95.92953726348429
25.814000000008896, 95.93029363032056
25.815000000008897, 95.93104467615599
25.8160000000089, 95.93179009264014
25.8170000000089, 95.93252957142239
25.8180000000089, 95.93326280415226
25.819000000008906, 95.93398948247918
25.8200000000089, 95.93470929805262
25.821000000008908, 95.93542194252211
25.822000000008913, 95.93612710753703
25.82300000000891, 95.93682448474692
25.82400000000891, 95.9375137658012
25.825000000008906, 95.93819464234937
25.82600000000891, 95.9388668060409
25.827000000008912, 95.93952994852522
25.828000000008913, 95.94018376145185
25.829000000008914, 95.94082793647021
25.830000000008916, 95.94146216522982
25.83100000000891, 95.94208613938011
25.83200000000892, 95.94269955057057
25.83300000000892, 95.9433020904506
25.834000000008913, 95.94389345066975
25.835000000008918, 95.94447332287746
25.836000000008916, 95.9450413987232
25.837000000008928, 95.94559736985647
25.83800000000893, 95.94614092792666
25.839000000008927, 95.94667176458329
25.840000000008928, 95.9471895931017
25.84100000000893, 95.94769440838918
25.84200000000893, 95.94818640251998
25.84300000000893, 95.94866577162482
25.844000000008933, 95.94913271183431
25.845000000008934, 95.94958741927921
25.846000000008935, 95.95003009009025
25.847000000008936, 95.95046092039813
25.848000000008938, 95.95088010633347
25.84900000000894, 95.95128784402706
25.850000000008936, 95.95168432960958
25.851000000008938, 95.95206975921171
25.852000000008946, 95.95244432896422
25.853000000008947, 95.95280823499773
25.854000000008945, 95.95316167344299
25.855000000008946, 95.95350484043077
25.856000000008947, 95.95383793209164
25.85700000000895, 95.95416114455635
25.85800000000895, 95.95447467395567
25.85900000000895, 95.95477871642025
25.860000000008952, 95.95507346808083
25.861000000008953, 95.95535912506804
25.862000000008955, 95.9556358835127
25.86300000000896, 95.9559039395454
25.86400000000895, 95.95616348929693
25.865000000008955, 95.95641472889791
25.866000000008952, 95.95665785447913
25.867000000008964, 95.95689306217123
25.86800000000896, 95.95712054810497
25.869000000008963, 95.95734050841101
25.870000000008964, 95.95755313922005
25.871000000008966, 95.95775863666285
25.872000000008967, 95.9579571968701
25.873000000008968, 95.95814901597244
25.87400000000897, 95.95833429010068
25.87500000000897, 95.95851321538544
25.876000000008972, 95.95868598795741
25.877000000008973, 95.95885280394737
25.878000000008974, 95.95901385948599
25.87900000000898, 95.95916935070395
25.880000000008973, 95.95931947373201
25.881000000008974, 95.95946442470081
25.882000000008986, 95.95960439974111
25.883000000008987, 95.95973959498357
25.88400000000898, 95.959870206559
25.88500000000899, 95.95999643059794
25.88600000000899, 95.9601184632312
25.887000000008985, 95.96023650058945
25.888000000008986, 95.9603507388034
25.889000000008988, 95.96046137400378
25.89000000000899, 95.96056860232125
25.891000000008983, 95.96067261988658
25.89200000000899, 95.96077362283042
25.893000000008993, 95.96087180728345
25.894000000008994, 95.96096736937648
25.89500000000899, 95.96106050524008
25.896000000008993, 95.96115141100508
25.897000000009, 95.96124028280211
25.898000000009, 95.9613273167619
25.899000000009, 95.96141270899673
25.90000000000901, 95.96149661105282
25.901000000009, 95.9615790342151
25.902000000009004, 95.9616599622449
25.903000000009005, 95.96173937890346
25.90400000000901, 95.96181726795207
25.905000000009004, 95.96189361315204
25.906000000009, 95.96196839826466
25.907000000009003, 95.96204160705116
25.908000000009004, 95.96211322327291
25.909000000009012, 95.96218323069111
25.91000000000901, 95.96225161306712
25.911000000009018, 95.96231835416218
25.91200000000902, 95.96238343773757
25.913000000009013, 95.96244684755462
25.91400000000902, 95.9625085673746
25.91500000000902, 95.96256858095877
25.91600000000902, 95.96262687206844
25.917000000009022, 95.9626834244649
25.918000000009023, 95.9627382219094
25.919000000009028, 95.96279124816328
25.920000000009026, 95.9628424869878
25.921000000009027, 95.96289192214422
25.922000000009028, 95.96293953739388
25.92300000000903, 95.962985316498
25.924000000009027, 95.96302924321793
25.925000000009028, 95.96307130131491
25.926000000009036, 95.96311147455025
25.927000000009038, 95.96314974668527
25.928000000009035, 95.96318610148118
25.929000000009037, 95.96322052269929
25.930000000009038, 95.96325299410094
25.93100000000904, 95.96328349944734
25.932000000009044, 95.96331202249984
25.933000000009045, 95.96333854701965
25.934000000009043, 95.96336305676815
25.935000000009047, 95.96338553550657
25.936000000009045, 95.96340596699618
25.937000000009046, 95.96342433499835
25.938000000009048, 95.96344062327424
25.939000000009045, 95.96345481558525
25.940000000009046, 95.96346689569259
25.941000000009055, 95.9634768473576
25.94200000000905, 95.96348465434153
25.943000000009054, 95.9634903004057
25.944000000009055, 95.96349376931136
25.945000000009056, 95.96349504481982
25.946000000009057, 95.96349411069235
25.94700000000906, 95.96349095069023
25.94800000000906, 95.96348554857478
25.94900000000906, 95.96347788810724
25.950000000009062, 95.9634679530489
25.951000000009063, 95.96345572716112
25.952000000009065, 95.96344119420512
25.953000000009066, 95.9634243379422
25.954000000009064, 95.96340514213364
25.955000000009065, 95.96338359054072
25.956000000009073, 95.96335966692475
25.957000000009074, 95.96333335504703
25.958000000009072, 95.96330463866879
25.959000000009073, 95.96327350155134
25.960000000009074, 95.96323992745599
25.961000000009076, 95.963203900144
25.96200000000908, 95.96316540337668
25.963000000009078, 95.96312442091528
25.964000000009076, 95.9630809365211
25.96500000000908, 95.96303493395544
25.966000000009082, 95.9629863969796
25.967000000009083, 95.96293530935482
25.968000000009084, 95.9628816548424
25.969000000009082, 95.96282541720367
25.970000000009083, 95.96276658019985
25.97100000000909, 95.96270512759227
25.972000000009093, 95.96264104314224
25.97300000000909, 95.96257431061098
25.97400000000909, 95.96250491375983
25.975000000009093, 95.96243283635003
25.976000000009094, 95.96235806214287
25.977000000009095, 95.9622805748997
25.978000000009096, 95.96220035838172
25.979000000009098, 95.9621173963503
25.9800000000091, 95.96203167256665
25.9810000000091, 95.96194317079213
25.9820000000091, 95.96185187478797
25.983000000009103, 95.96175776831545
25.9840000000091, 95.96166083513589
25.9850000000091, 95.96156105901056
25.98600000000911, 95.96145842370075
25.98700000000911, 95.9613529181538
25.98800000000911, 95.96124465129493
25.98900000000911, 95.96113385241702
25.990000000009108, 95.96102075607683
25.991000000009112, 95.9609055968312
25.99200000000911, 95.96078860923686
25.993000000009115, 95.96067002785068
25.994000000009116, 95.9605500872294
25.99500000000911, 95.96042902192988
25.99600000000912, 95.9603070665089
25.99700000000912, 95.96018445552326
25.99800000000912, 95.9600614235297
25.99900000000912, 95.95993820508514
26.00000000000912, 95.95981503474627
26.001000000009128, 95.95969214706993
26.00200000000913, 95.95956977661294
26.003000000009127, 95.95944815793206
26.00400000000913, 95.95932752558411
26.00500000000913, 95.95920811412593
26.006000000009138, 95.95909015811422
26.007000000009132, 95.9589738921059
26.008000000009133, 95.95885955065769
26.009000000009134, 95.95874736832641
26.010000000009136, 95.95863757966885
26.011000000009137, 95.95853041924181
26.012000000009138, 95.95842612160213
26.01300000000914, 95.95832492130654
26.014000000009137, 95.95822705291188
26.015000000009138, 95.95813275097497
26.016000000009146, 95.9580422500526
26.017000000009148, 95.95795578470154
26.018000000009145, 95.9578735894786
26.019000000009147, 95.95779589894057
26.020000000009148, 95.95772294764433
26.02100000000915, 95.95765497014658
26.02200000000915, 95.95759220100416
26.02300000000915, 95.95753487477384
26.024000000009153, 95.9574832260125
26.025000000009154, 95.95743748927683
26.026000000009148, 95.95739789912369
26.02700000000915, 95.95736469010993
26.028000000009158, 95.95733809679226
26.029000000009155, 95.9573183537275
26.030000000009156, 95.9573056954725
26.031000000009165, 95.957300356584
26.032000000009166, 95.95730257161881
26.033000000009164, 95.9573125751338
26.034000000009172, 95.95733060168567
26.035000000009166, 95.95735688583123
26.036000000009167, 95.9573916621274
26.03700000000917, 95.95743516513086
26.03800000000917, 95.95748762939839
26.03900000000917, 95.95754928948692
26.040000000009172, 95.95762037995311
26.041000000009177, 95.95770113535387
26.042000000009175, 95.95779179024595
26.04300000000918, 95.95789257918611
26.044000000009174, 95.9580037367312
26.045000000009175, 95.958125497438
26.046000000009183, 95.95825809586337
26.04700000000918, 95.95840176656407
26.048000000009182, 95.95855674409682
26.049000000009183, 95.95872326301856
26.050000000009184, 95.95890155788598
26.051000000009186, 95.95909186325594
26.052000000009187, 95.9592944136852
26.053000000009188, 95.95950944373058
26.05400000000919, 95.95973718794889
26.055000000009183, 95.9599778808969
26.056000000009192, 95.96023175713147
26.057000000009193, 95.96049905120934
26.05800000000919, 95.96077999768733
26.059000000009192, 95.96107483112222
26.0600000000092, 95.96138378607083
26.0610000000092, 95.96170699595353
26.062000000009206, 95.96204409505414
26.063000000009197, 95.96239456394287
26.0640000000092, 95.96275788314718
26.065000000009203, 95.96313353319454
26.066000000009204, 95.96352099461248
26.067000000009205, 95.96391974792833
26.068000000009206, 95.96432927366968
26.069000000009204, 95.96474905236391
26.07000000000921, 95.96517856453849
26.07100000000921, 95.96561729072091
26.072000000009204, 95.96606471143863
26.07300000000921, 95.96652030721913
26.07400000000921, 95.96698355858976
26.07500000000922, 95.96745394607812
26.07600000000922, 95.9679309502116
26.077000000009217, 95.96841405151764
26.078000000009215, 95.96890273052375
26.07900000000922, 95.9693964677574
26.08000000000922, 95.969894743746
26.081000000009222, 95.97039703901704
26.082000000009224, 95.970902834098
26.083000000009225, 95.97141160951628
26.084000000009226, 95.97192284579938
26.085000000009227, 95.97243602347477
26.08600000000923, 95.97295062306992
26.08700000000923, 95.97346612511224
26.088000000009227, 95.97398201012923
26.08900000000923, 95.97449775864835
26.090000000009237, 95.97501285119706
26.091000000009238, 95.97552676830281
26.092000000009236, 95.97603899049307
26.093000000009237, 95.97654899829529
26.09400000000924, 95.97705627223696
26.095000000009236, 95.97756029284552
26.096000000009244, 95.9780605406484
26.097000000009245, 95.97855649617311
26.098000000009243, 95.97904763994707
26.099000000009244, 95.9795334524978
26.100000000009246, 95.98001341435267
26.101000000009247, 95.98048700603925
26.10200000000924, 95.98095370808491
26.103000000009246, 95.98141300101717
26.104000000009247, 95.98186436536348
26.105000000009255, 95.98230728165126
26.10600000000925, 95.98274123040801
26.107000000009254, 95.98316569216118
26.108000000009255, 95.98358014743822
26.109000000009257, 95.98398407676659
26.110000000009258, 95.984377026276
26.11100000000926, 95.98475891424506
26.112000000009264, 95.98512979001973
26.11300000000926, 95.98548970309209
26.114000000009263, 95.98583870295442
26.115000000009264, 95.98617683909886
26.116000000009265, 95.98650416101772
26.11700000000926, 95.98682071820308
26.118000000009264, 95.98712656014717
26.119000000009265, 95.98742173634231
26.120000000009266, 95.98770629628055
26.121000000009275, 95.98798028945419
26.122000000009272, 95.98824376535539
26.123000000009274, 95.98849677347638
26.124000000009275, 95.98873936330934
26.125000000009273, 95.98897158434647
26.126000000009277, 95.98919348608
26.12700000000928, 95.9894051180021
26.12800000000928, 95.989606529605
26.12900000000928, 95.98979777038092
26.130000000009275, 95.98997888982201
26.131000000009283, 95.99014993742048
26.13200000000929, 95.99031096266859
26.133000000009282, 95.99046201505851
26.134000000009284, 95.99060314408247
26.135000000009292, 95.99073439923261
26.136000000009293, 95.99085583000115
26.13700000000929, 95.99096748588036
26.1380000000093, 95.99106941636236
26.13900000000929, 95.9911616709394
26.140000000009294, 95.99124429910367
26.141000000009296, 95.9913173503474
26.142000000009297, 95.99138087416276
26.143000000009298, 95.9914349200419
26.144000000009303, 95.99147953747713
26.1450000000093, 95.99151477596064
26.146000000009302, 95.99154068498459
26.147000000009307, 95.99155731404116
26.148000000009308, 95.9915647126226
26.149000000009302, 95.99156293022114
26.15000000000931, 95.99155201632892
26.15100000000931, 95.99153202043816
26.152000000009316, 95.99150299204109
26.15300000000931, 95.99146498062991
26.15400000000931, 95.99141803569677
26.155000000009313, 95.99136220673392
26.156000000009314, 95.99129754323359
26.157000000009315, 95.99122409468795
26.158000000009316, 95.99114191058915
26.159000000009318, 95.99105104042951
26.16000000000932, 95.99095153370111
26.16100000000932, 95.99084343989627
26.16200000000932, 95.9907268085071
26.16300000000932, 95.99060168902585
26.16400000000932, 95.99046813094472
26.16500000000933, 95.99032618375591
26.16600000000933, 95.9901758969516
26.167000000009327, 95.99001732002404
26.16800000000933, 95.98985050246537
26.16900000000933, 95.98967549376785
26.17000000000933, 95.98949234342365
26.171000000009332, 95.98930110092503
26.172000000009334, 95.9891018157641
26.173000000009335, 95.98889453743317
26.174000000009336, 95.98867931542432
26.175000000009337, 95.98845619922987
26.17600000000934, 95.98822523834194
26.177000000009333, 95.98798648225281
26.178000000009337, 95.9877399804546
26.17900000000934, 95.98748578243959
26.18000000000934, 95.9872239376999
26.181000000009345, 95.98695449572782
26.182000000009346, 95.98667750601548
26.183000000009347, 95.98639301805517
26.18400000000935, 95.98610108133902
26.185000000009346, 95.98580174535923
26.18600000000935, 95.98549505960804
26.187000000009352, 95.98518107357765
26.188000000009353, 95.98485983676024
26.189000000009354, 95.98453139864804
26.190000000009356, 95.98419580873323
26.19100000000935, 95.98385311650804
26.192000000009358, 95.98350337146462
26.193000000009356, 95.98314662309524
26.194000000009364, 95.98278292089209
26.195000000009358, 95.98241231434733
26.196000000009363, 95.9820348529532
26.197000000009364, 95.98165058736399
26.198000000009365, 95.9812596561676
26.199000000009367, 95.98086234590022
26.200000000009368, 95.98045895729132
26.20100000000937, 95.98004979107007
26.202000000009367, 95.97963514796592
26.203000000009375, 95.9792153287082
26.204000000009373, 95.97879063402613
26.205000000009374, 95.97836136464923
26.206000000009375, 95.97792782130671
26.207000000009373, 95.97749030472798
26.20800000000938, 95.97704911564232
26.209000000009375, 95.9766045547791
26.210000000009384, 95.97615692286767
26.21100000000938, 95.97570652063732
26.212000000009382, 95.97525364881744
26.213000000009384, 95.97479860813735
26.214000000009385, 95.97434169932639
26.215000000009386, 95.97388322311392
26.216000000009387, 95.97342348022924
26.21700000000939, 95.97296277140173
26.21800000000939, 95.97250139736066
26.21900000000939, 95.9720396588354
26.220000000009392, 95.97157785655534
26.221000000009393, 95.97111629124977
26.22200000000939, 95.97065526364804
26.22300000000939, 95.97019507447949
26.2240000000094, 95.96973602447346
26.225000000009405, 95.96927841435925
26.2260000000094, 95.96882254486628
26.2270000000094, 95.96836871672383
26.228000000009402, 95.96791723066123
26.229000000009403, 95.96746838740788
26.230000000009404, 95.96702248769301
26.231000000009402, 95.9665798322461
26.232000000009407, 95.96614072179638
26.23300000000941, 95.96570545707323
26.23400000000941, 95.96527433880597
26.23500000000941, 95.96484766772394
26.236000000009415, 95.96442574455651
26.237000000009417, 95.96400887003304
26.23800000000941, 95.96359734488274
26.23900000000942, 95.96319146983511
26.24000000000942, 95.96279154561938
26.241000000009418, 95.96239787296493
26.24200000000942, 95.96201075260109
26.243000000009427, 95.96163048525717
26.24400000000942, 95.9612573716626
26.245000000009423, 95.96089171254664
26.246000000009424, 95.9605338086386
26.247000000009425, 95.96018396066792
26.248000000009426, 95.95984246936385
26.249000000009428, 95.95950963545576
26.25000000000943, 95.95918575967305
26.25100000000943, 95.95887114274495
26.252000000009424, 95.95856608540082
26.253000000009436, 95.95827088837008
26.25400000000943, 95.95798585238201
26.25500000000944, 95.95771127816592
26.256000000009436, 95.95744746645121
26.257000000009437, 95.95719471796718
26.25800000000944, 95.95695333344318
26.25900000000944, 95.95672361360857
26.260000000009438, 95.95650585840643
26.261000000009442, 95.95630026669085
26.262000000009444, 95.9561068376989
26.263000000009445, 95.9559255472675
26.264000000009446, 95.95575637123352
26.265000000009447, 95.95559928543386
26.26600000000945, 95.95545426570537
26.267000000009446, 95.95532128788497
26.268000000009454, 95.95520032780942
26.269000000009456, 95.95509136131574
26.270000000009457, 95.95499436424076
26.271000000009455, 95.95490931242136
26.272000000009456, 95.95483618169438
26.273000000009453, 95.95477494789677
26.274000000009455, 95.95472558686532
26.275000000009463, 95.95468807443699
26.27600000000946, 95.9546623864486
26.277000000009462, 95.95464849873711
26.278000000009463, 95.95464638713928
26.279000000009464, 95.95465602749212
26.280000000009466, 95.95467739563237
26.28100000000947, 95.95471046739702
26.282000000009464, 95.95475521862294
26.283000000009473, 95.95481162514696
26.284000000009474, 95.95487966280594
26.285000000009475, 95.95495930743685
26.286000000009473, 95.95505053487649
26.287000000009474, 95.95515332096176
26.288000000009475, 95.95526764152952
26.289000000009477, 95.95539347241674
26.290000000009478, 95.95553078946017
26.29100000000948, 95.95567956849676
26.29200000000948, 95.95583978536341
26.29300000000948, 95.95601141589694
26.294000000009483, 95.95619443593426
26.295000000009484, 95.95638882131229
26.296000000009485, 95.95659454786782
26.297000000009483, 95.95681159143777
26.29800000000948, 95.95703992785903
26.299000000009492, 95.9572795329685
26.300000000009494, 95.95753038260298
26.30100000000949, 95.95779245259945
26.302000000009492, 95.95806571879473
26.303000000009494, 95.95835015702568
26.3040000000095, 95.95864574312918
26.305000000009496, 95.9589524529422
26.306000000009497, 95.95927026230152
26.3070000000095, 95.95959914704405
26.3080000000095, 95.95993908300667
26.3090000000095, 95.96029004602626
26.310000000009502, 95.96065201193971
26.311000000009503, 95.9610249565839
26.312000000009498, 95.9614088557957
26.31300000000951, 95.96180368541197
26.31400000000951, 95.96220942126956
26.31500000000951, 95.96262603920547
26.31600000000951, 95.96305351505644
26.317000000009518, 95.96349182465949
26.318000000009512, 95.96394094385134
26.319000000009513, 95.96440084846896
26.320000000009514, 95.96487151434924
26.321000000009516, 95.96535291732906
26.322000000009517, 95.96584503324524
26.323000000009518, 95.96634783773075
26.32400000000952, 95.96686125374403
26.325000000009513, 95.96738508171273
26.326000000009522, 95.96791910468022
26.327000000009527, 95.96846310568979
26.32800000000953, 95.96901686778492
26.32900000000953, 95.96958017400888
26.330000000009527, 95.97015280740513
26.331000000009528, 95.970734551017
26.33200000000953, 95.97132518788783
26.33300000000953, 95.97192450106105
26.334000000009528, 95.97253227357999
26.335000000009533, 95.97314828848809
26.33600000000953, 95.97377232882866
26.337000000009535, 95.97440417764504
26.338000000009536, 95.9750436179807
26.339000000009538, 95.97569043287896
26.34000000000954, 95.97634440538319
26.341000000009537, 95.97700531853677
26.342000000009538, 95.9776729553831
26.343000000009546, 95.97834709896549
26.344000000009547, 95.97902753232734
26.345000000009545, 95.97971403851204
26.346000000009546, 95.98040640056291
26.347000000009547, 95.98110440152345
26.348000000009556, 95.98180782443688
26.34900000000955, 95.98251645234667
26.35000000000955, 95.98323006829617
26.351000000009552, 95.98394845532873
26.352000000009554, 95.98467139648774
26.353000000009555, 95.9853986748166
26.35400000000955, 95.98613007335857
26.355000000009557, 95.98686537515718
26.356000000009555, 95.98760436325571
26.357000000009556, 95.98834682069754
26.358000000009564, 95.98909253052607
26.359000000009566, 95.98984127578466
26.36000000000956, 95.99059283951665
26.361000000009565, 95.99134700476544
26.362000000009566, 95.99210355457443
26.363000000009567, 95.99286227198697
26.36400000000957, 95.9936229400464
26.36500000000957, 95.99438534179615
26.36600000000957, 95.99514926027953
26.367000000009572, 95.99591447853997
26.368000000009577, 95.9966807796208
26.369000000009574, 95.99744794656546
26.370000000009576, 95.99821576241723
26.37100000000957, 95.99898401021952
26.372000000009574, 95.99975247301575
26.373000000009586, 96.00052093384922
26.374000000009584, 96.00128917576332
26.37500000000958, 96.00205698180147
26.376000000009583, 96.00282413500702
26.377000000009584, 96.0035904184233
26.378000000009585, 96.00435561509374
26.379000000009587, 96.00511950806167
26.380000000009584, 96.00588188037048
26.38100000000959, 96.00664251506356
26.38200000000959, 96.00740119518426
26.38300000000959, 96.00815770377596
26.384000000009593, 96.00891182388202
26.385000000009594, 96.00966333854582
26.38600000000959, 96.01041203081076
26.387000000009593, 96.01115768372016
26.3880000000096, 96.01190008031742
26.389000000009602, 96.01263900364594
26.3900000000096, 96.01337423674906
26.3910000000096, 96.01410556267014
26.392000000009602, 96.01483276445259
26.393000000009604, 96.0155556251398
26.394000000009605, 96.01627392777505
26.39500000000961, 96.01698745540178
26.396000000009607, 96.01769599106333
26.39700000000961, 96.0183993194434
26.39800000000961, 96.01909724822845
26.399000000009604, 96.0197896020562
26.400000000009612, 96.02047620595903
26.40100000000961, 96.02115688496917
26.40200000000961, 96.02183146411899
26.40300000000962, 96.02249976844077
26.40400000000962, 96.02316162296677
26.405000000009625, 96.02381685272938
26.40600000000962, 96.02446528276079
26.40700000000962, 96.0251067380934
26.408000000009622, 96.02574104375947
26.409000000009623, 96.02636802479131
26.410000000009624, 96.02698750622123
26.411000000009626, 96.02759931308152
26.412000000009627, 96.02820327040452
26.413000000009628, 96.02879920322243
26.41400000000963, 96.0293869365677
26.41500000000963, 96.02996629547252
26.416000000009628, 96.03053710496924
26.41700000000963, 96.03109919009012
26.418000000009638, 96.03165237586752
26.41900000000964, 96.03219648733372
26.420000000009637, 96.03273134952104
26.421000000009638, 96.03325678746175
26.422000000009636, 96.03377262618815
26.42300000000964, 96.03427869073258
26.42400000000964, 96.0347748061273
26.425000000009643, 96.03526079740466
26.426000000009644, 96.0357364895969
26.42700000000965, 96.03620170773642
26.428000000009646, 96.03665627685541
26.429000000009648, 96.03710002198628
26.43000000000965, 96.03753276816124
26.431000000009647, 96.03795434041264
26.432000000009648, 96.03836456377275
26.433000000009656, 96.03876326327396
26.434000000009657, 96.03915026394846
26.435000000009655, 96.0395253908286
26.436000000009656, 96.03988846894671
26.437000000009657, 96.04023932333506
26.43800000000966, 96.04057777902597
26.43900000000966, 96.04090366105173
26.44000000000966, 96.04121679444464
26.441000000009662, 96.04151700423702
26.442000000009664, 96.04180411546113
26.443000000009665, 96.04207795314936
26.444000000009666, 96.04233834233389
26.44500000000967, 96.04258510804718
26.446000000009665, 96.04281807532136
26.447000000009666, 96.04303706918887
26.448000000009674, 96.04324191468196
26.44900000000967, 96.04343243683292
26.450000000009673, 96.04360846067402
26.45100000000968, 96.04376981123767
26.452000000009676, 96.04391631355608
26.453000000009677, 96.04404779266162
26.454000000009678, 96.0441640735865
26.45500000000968, 96.04426498136313
26.45600000000968, 96.04435034102373
26.457000000009685, 96.04441997760065
26.458000000009683, 96.04447371612616
26.459000000009684, 96.04451138163263
26.460000000009686, 96.04453279915226
26.46100000000968, 96.0445377937174
26.462000000009684, 96.04452619036039
26.463000000009693, 96.04449781411353
26.46400000000969, 96.04445249000905
26.46500000000969, 96.0443900430793
26.466000000009693, 96.04431029835658
26.467000000009694, 96.0442130808732
26.468000000009695, 96.04409821566145
26.469000000009697, 96.04396552775366
26.4700000000097, 96.04381484219708
26.4710000000097, 96.0436461402765
26.4720000000097, 96.04345994466178
26.4730000000097, 96.04325689520728
26.474000000009696, 96.04303763176746
26.4750000000097, 96.0428027941967
26.4760000000097, 96.04255302234944
26.47700000000971, 96.04228895608004
26.47800000000971, 96.04201123524294
26.47900000000971, 96.04172049969256
26.48000000000971, 96.04141738928324
26.48100000000971, 96.04110254386941
26.48200000000971, 96.04077660330552
26.483000000009714, 96.04044020744595
26.484000000009715, 96.0400939961451
26.48500000000972, 96.03973860925738
26.486000000009714, 96.03937468663723
26.48700000000972, 96.03900286813898
26.48800000000972, 96.03862379361712
26.489000000009725, 96.03823810292599
26.49000000000972, 96.03784643592002
26.49100000000972, 96.03744943245367
26.492000000009728, 96.03704773238123
26.49300000000973, 96.03664197555722
26.494000000009727, 96.03623280183598
26.49500000000973, 96.0358208510719
26.496000000009737, 96.03540676311948
26.49700000000973, 96.03499117783306
26.498000000009732, 96.03457473506704
26.499000000009733, 96.03415807467584
26.50000000000973, 96.03374183651385
26.501000000009736, 96.03332666043553
26.502000000009737, 96.03291318629522
26.503000000009738, 96.03250205394735
26.50400000000974, 96.03209390324638
26.505000000009744, 96.03168937404666
26.506000000009738, 96.03128910620258
26.507000000009747, 96.03089373956861
26.508000000009748, 96.0305039139991
26.509000000009745, 96.03012026934844
26.510000000009754, 96.02974344547108
26.511000000009748, 96.02937408222142
26.51200000000975, 96.02901281945388
26.51300000000975, 96.02866029702288
26.51400000000975, 96.02831715478277
26.51500000000975, 96.027984032588
26.516000000009754, 96.02766157029289
26.517000000009755, 96.02735040775198
26.518000000009756, 96.02705118481961
26.519000000009758, 96.02676454135016
26.520000000009755, 96.02649111719808
26.521000000009757, 96.02623155221778
26.522000000009765, 96.02598648626359
26.523000000009766, 96.02575655919003
26.524000000009764, 96.02554241085143
26.525000000009772, 96.02534468110224
26.526000000009763, 96.02516400979682
26.527000000009767, 96.0250010367896
26.52800000000977, 96.02485640193498
26.52900000000977, 96.0247307450874
26.53000000000977, 96.02462470610124
26.531000000009772, 96.02453892483086
26.532000000009774, 96.02447404113074
26.533000000009775, 96.02443069485523
26.534000000009776, 96.0244094099199
26.535000000009774, 96.02441023116288
26.536000000009775, 96.02443307969688
26.537000000009783, 96.02447787663442
26.538000000009784, 96.02454454308807
26.539000000009782, 96.02463300017044
26.540000000009783, 96.02474316899406
26.541000000009785, 96.0248749706714
26.542000000009786, 96.02502832631508
26.543000000009787, 96.02520315703768
26.544000000009788, 96.02539938395171
26.54500000000979, 96.02561692816971
26.54600000000979, 96.02585571080428
26.547000000009795, 96.02611565296789
26.548000000009793, 96.02639667577317
26.549000000009794, 96.02669870033266
26.550000000009792, 96.0270216477589
26.551000000009793, 96.02736543916444
26.5520000000098, 96.02772999566184
26.553000000009803, 96.02811523836365
26.5540000000098, 96.02852108838242
26.5550000000098, 96.02894746683066
26.556000000009803, 96.02939429482102
26.557000000009804, 96.02986149346593
26.558000000009805, 96.03034898387806
26.559000000009807, 96.03085668716993
26.560000000009808, 96.031384524454
26.56100000000981, 96.03193241684295
26.56200000000981, 96.03250028544925
26.56300000000981, 96.03308805138549
26.564000000009806, 96.03369563576419
26.56500000000981, 96.03432295969795
26.56600000000981, 96.03496994429932
26.56700000000982, 96.03563651068076
26.56800000000982, 96.03632257995494
26.56900000000982, 96.03702807323435
26.57000000000982, 96.03775291163153
26.57100000000982, 96.03849701625907
26.57200000000982, 96.03926030822953
26.573000000009824, 96.04004270865543
26.574000000009825, 96.04084413864936
26.575000000009826, 96.04166451932379
26.576000000009827, 96.04250377179139
26.57700000000983, 96.04336181716457
26.578000000009823, 96.04423857655601
26.57900000000983, 96.04513397107822
26.58000000000983, 96.04604792184372
26.58100000000983, 96.04698034996515
26.582000000009838, 96.04793117655494
26.58300000000984, 96.0489003227257
26.584000000009837, 96.04988770959001
26.58500000000984, 96.05089325826039
26.58600000000984, 96.05191688984942
26.58700000000984, 96.05295852546963
26.588000000009842, 96.05401808623354
26.589000000009847, 96.05509549325376
26.590000000009844, 96.05619066764281
26.591000000009846, 96.05730353051325
26.592000000009847, 96.05843400297763
26.593000000009848, 96.05958200614853
26.59400000000985, 96.06074746113846
26.595000000009854, 96.06193028905999
26.596000000009845, 96.0631304110257
26.597000000009857, 96.06434764837074
26.598000000009854, 96.06558133031197
26.599000000009855, 96.06683063460756
26.600000000009857, 96.06809473897394
26.601000000009858, 96.06937282112749
26.60200000000986, 96.0706640587846
26.60300000000986, 96.07196762966169
26.60400000000986, 96.07328271147506
26.605000000009863, 96.07460848194118
26.606000000009864, 96.07594411877643
26.607000000009865, 96.07728879969719
26.608000000009866, 96.07864170241984
26.60900000000986, 96.08000200466077
26.610000000009865, 96.08136888413635
26.611000000009874, 96.08274151856304
26.612000000009875, 96.08411908565716
26.61300000000988, 96.08550076313512
26.614000000009874, 96.08688572871334
26.615000000009875, 96.08827316010814
26.616000000009876, 96.08966223503597
26.617000000009877, 96.09105213121319
26.61800000000988, 96.09244202635618
26.61900000000988, 96.09383109818138
26.62000000000988, 96.09521852440513
26.621000000009882, 96.09660348274387
26.622000000009884, 96.0979851509139
26.623000000009885, 96.0993627066317
26.62400000000988, 96.10073532761359
26.625000000009884, 96.10210219157605
26.626000000009892, 96.10346247623538
26.627000000009886, 96.104815359308
26.62800000000989, 96.1061600185103
26.62900000000989, 96.10749563155866
26.630000000009893, 96.10882137616947
26.631000000009895, 96.11013643005916
26.632000000009896, 96.11143997094408
26.633000000009897, 96.11273117654065
26.634000000009898, 96.11400922456518
26.6350000000099, 96.11527329273414
26.6360000000099, 96.11652255876395
26.637000000009902, 96.11775620037088
26.638000000009903, 96.11897339527141
26.6390000000099, 96.12017332118188
26.640000000009902, 96.12135515581872
26.64100000000991, 96.12251807689832
26.64200000000991, 96.123661262137
26.643000000009916, 96.12478388925123
26.64400000000991, 96.12588513595739
26.645000000009908, 96.12696417997184
26.646000000009913, 96.12802019901093
26.647000000009914, 96.12905237079114
26.648000000009915, 96.13005987302883
26.649000000009917, 96.13104188344036
26.650000000009918, 96.13199757974212
26.651000000009923, 96.13292613965054
26.652000000009913, 96.13382674088196
26.65300000000992, 96.13469856115282
26.65400000000992, 96.13554077817946
26.65500000000992, 96.13635256967831
26.656000000009932, 96.1371331133657
26.65700000000993, 96.1378815869581
26.658000000009928, 96.13859716817184
26.65900000000993, 96.13927903472334
26.66000000000993, 96.13992636432897
26.661000000009928, 96.14053833470516
26.662000000009932, 96.14111412356822
26.663000000009934, 96.14165290863464
26.664000000009935, 96.1421538676207
26.665000000009936, 96.14261617824287
26.66600000000994, 96.14303901821751
26.66700000000994, 96.14342156526101
26.66800000000994, 96.14376299708975
26.669000000009937, 96.14406249142016
26.67000000000994, 96.14431922596859
26.671000000009947, 96.14453237845144
26.672000000009948, 96.14470113339709
26.673000000009946, 96.14482542474495
26.674000000009947, 96.14490660328927
26.67500000000995, 96.14494617734952
26.67600000000995, 96.14494565524521
26.67700000000995, 96.14490654529575
26.67800000000995, 96.14483035582053
26.679000000009957, 96.14471859513911
26.680000000009954, 96.14457277157084
26.68100000000996, 96.14439439343523
26.682000000009957, 96.14418496905176
26.683000000009958, 96.14394600673981
26.684000000009956, 96.14367901481883
26.685000000009957, 96.14338550160834
26.686000000009958, 96.14306697542774
26.687000000009967, 96.14272494459648
26.688000000009964, 96.14236091743405
26.689000000009965, 96.14197640225983
26.690000000009974, 96.14157290739337
26.691000000009964, 96.14115194115404
26.692000000009973, 96.14071501186132
26.69300000000997, 96.14026362783467
26.694000000009975, 96.13979929739351
26.695000000009973, 96.13932352885732
26.696000000009974, 96.1388378305455
26.69700000000998, 96.1383437107776
26.698000000009976, 96.13784267787298
26.69900000000998, 96.13733624015116
26.700000000009975, 96.13682590593149
26.701000000009984, 96.13631318353353
26.702000000009985, 96.13579958127666
26.703000000009983, 96.13528660748035
26.704000000009984, 96.1347757704641
26.705000000009985, 96.13426857854729
26.706000000009986, 96.13376654004941
26.707000000009987, 96.13327116328986
26.70800000000999, 96.1327839565882
26.70900000000999, 96.13230642826375
26.71000000000999, 96.13184008663605
26.711000000009992, 96.13138644002451
26.712000000009986, 96.13094698804737
26.713000000009995, 96.13052266538148
26.714000000009992, 96.13011350546292
26.71500000001, 96.12971946113291
26.716000000010006, 96.1293404852327
26.717000000010003, 96.12897653060341
26.71800000001, 96.12862755008624
26.719000000010002, 96.12829349652235
26.72000000001001, 96.12797432275296
26.721000000010005, 96.12766998161922
26.722000000010006, 96.12738042596237
26.723000000010007, 96.12710560862352
26.724000000010008, 96.12684548244388
26.72500000001001, 96.12660000026463
26.72600000001001, 96.12636911492697
26.727000000010012, 96.12615277927209
26.728000000010006, 96.12595094614117
26.72900000001001, 96.12576356837536
26.730000000010012, 96.12559059881588
26.73100000001002, 96.12543199030385
26.732000000010018, 96.12528769568054
26.73300000001002, 96.12515766778706
26.73400000001002, 96.12504185946463
26.73500000001002, 96.12494022355447
26.73600000001002, 96.12485271289769
26.73700000001002, 96.12477928033547
26.738000000010025, 96.12471987870904
26.739000000010027, 96.12467446085962
26.740000000010028, 96.12464297962832
26.74100000001003, 96.1246253878563
26.74200000001003, 96.12462163838485
26.74300000001003, 96.12463168405503
26.74400000001003, 96.12465547770812
26.745000000010037, 96.12469297218527
26.74600000001003, 96.12474412032765
26.747000000010036, 96.12480887497645
26.748000000010045, 96.12488718897285
26.749000000010046, 96.12497901515803
26.750000000010036, 96.12508430637322
26.75100000001004, 96.12520301545953
26.752000000010042, 96.12533509525821
26.753000000010044, 96.12548049861037
26.754000000010045, 96.12563917835723
26.755000000010046, 96.12581108734003
26.756000000010047, 96.12599617839986
26.75700000001005, 96.12619440437796
26.758000000010043, 96.12640571811546
26.759000000010044, 96.12663007245358
26.760000000010056, 96.12686742023354
26.761000000010057, 96.12711771429647
26.762000000010055, 96.12738090748356
26.763000000010056, 96.127656952636
26.764000000010057, 96.12794580259494
26.76500000001006, 96.12824741020162
26.76600000001006, 96.1285617282972
26.767000000010057, 96.12888870972289
26.768000000010062, 96.12922830731978
26.76900000001006, 96.12958047392918
26.770000000010057, 96.12994516239218
26.77100000001006, 96.13032232554998
26.77200000001006, 96.1307119162438
26.773000000010065, 96.13111388731478
26.774000000010066, 96.13152819160413
26.775000000010074, 96.13195478195301
26.776000000010075, 96.13239361120266
26.777000000010073, 96.13284463219418
26.778000000010074, 96.13330779776881
26.779000000010075, 96.13378306076768
26.780000000010077, 96.13427037403207
26.781000000010078, 96.13476969040306
26.78200000001008, 96.13528096272191
26.78300000001008, 96.1358041438297
26.78400000001008, 96.13633918656775
26.785000000010083, 96.13688604377714
26.786000000010084, 96.13744466829908
26.787000000010085, 96.1380150129748
26.788000000010083, 96.13859703064539
26.78900000001008, 96.13919067415209
26.790000000010092, 96.13979589633614
26.791000000010094, 96.1404126500386
26.79200000001009, 96.14104088810075
26.793000000010093, 96.1416805633637
26.794000000010094, 96.14233162866869
26.795000000010095, 96.14299403685689
26.796000000010096, 96.14366774076946
26.7970000000101, 96.14435269324763
26.7980000000101, 96.1450488471325
26.7990000000101, 96.14575615526533
26.8000000000101, 96.14647457048731
26.801000000010102, 96.14720404563954
26.802000000010107, 96.14794453356328
26.8030000000101, 96.14869598709969
26.804000000010102, 96.14945835908992
26.80500000001011, 96.1502316023752
26.806000000010112, 96.15101566979669
26.80700000001011, 96.15181051419557
26.808000000010107, 96.15261608841304
26.80900000001011, 96.15343234529033
26.810000000010113, 96.1542592376685
26.811000000010115, 96.15509671838879
26.812000000010116, 96.15594474029241
26.813000000010117, 96.15680325622054
26.814000000010118, 96.15767221901433
26.81500000001012, 96.15855158151501
26.816000000010114, 96.1594412965637
26.817000000010122, 96.16034131700162
26.81800000001012, 96.16125159567
26.81900000001012, 96.16217208540989
26.82000000001013, 96.16310273906262
26.82100000001013, 96.1640435094693
26.822000000010128, 96.16499434947113
26.82300000001013, 96.16595509273591
26.824000000010138, 96.16692505080499
26.82500000001013, 96.16790339226759
26.826000000010133, 96.16888928570944
26.827000000010134, 96.16988189971615
26.82800000001013, 96.1708804028734
26.829000000010137, 96.17188396376676
26.83000000001013, 96.1728917509819
26.83100000001014, 96.17390293310454
26.832000000010133, 96.17491667872027
26.833000000010138, 96.17593215641472
26.834000000010146, 96.17694853477354
26.83500000001015, 96.17796498238245
26.83600000001015, 96.17898066782698
26.837000000010146, 96.17999475969287
26.838000000010148, 96.18100642656572
26.83900000001015, 96.18201483703125
26.84000000001015, 96.18301915967498
26.84100000001015, 96.18401856308269
26.842000000010152, 96.18501221583989
26.843000000010154, 96.18599928653234
26.844000000010155, 96.18697894374566
26.845000000010156, 96.18795035606546
26.84600000001015, 96.18891269207741
26.84700000001016, 96.18986512036714
26.848000000010153, 96.19080680952032
26.849000000010165, 96.19173692812258
26.850000000010166, 96.19265464475963
26.851000000010167, 96.193559128017
26.852000000010165, 96.19444954648043
26.853000000010166, 96.19532506873556
26.854000000010167, 96.19618486336799
26.855000000010165, 96.19702809896341
26.85600000001017, 96.19785394410742
26.857000000010167, 96.1986615673857
26.858000000010172, 96.19945013738388
26.859000000010166, 96.20021882268766
26.860000000010174, 96.20096679188262
26.861000000010176, 96.2016932135544
26.862000000010177, 96.20239725628872
26.863000000010175, 96.20307808867118
26.864000000010176, 96.20373487928745
26.865000000010184, 96.20436679672314
26.86600000001019, 96.20497300956389
26.867000000010183, 96.20555268639538
26.868000000010184, 96.20610499580327
26.869000000010193, 96.20662910637319
26.870000000010187, 96.20712418669076
26.871000000010188, 96.20758940534166
26.872000000010186, 96.20802393091152
26.87300000001019, 96.20842693198603
26.87400000001019, 96.20879757715072
26.875000000010193, 96.20913503499138
26.876000000010194, 96.20943847409359
26.877000000010195, 96.20970706304296
26.878000000010193, 96.2099399704252
26.8790000000102, 96.21013636482594
26.880000000010202, 96.21029541605431
26.8810000000102, 96.21041671453048
26.8820000000102, 96.21050088435895
26.8830000000102, 96.21054870557035
26.884000000010204, 96.2105609581953
26.885000000010205, 96.21053842226455
26.886000000010206, 96.21048187780868
26.88700000001021, 96.21039210485843
26.88800000001021, 96.2102698834444
26.88900000001021, 96.21011599359723
26.89000000001021, 96.20993121534764
26.891000000010212, 96.20971632872626
26.89200000001021, 96.20947211376375
26.89300000001021, 96.20919935049082
26.89400000001022, 96.20889881893805
26.89500000001022, 96.20857129913617
26.896000000010215, 96.20821757111577
26.89700000001022, 96.20783841490757
26.89800000001022, 96.20743461054224
26.899000000010222, 96.2070069380504
26.900000000010223, 96.20655617746269
26.901000000010225, 96.20608310880978
26.902000000010226, 96.2055885121224
26.903000000010227, 96.20507316743117
26.904000000010228, 96.20453785476674
26.90500000001023, 96.20398335415975
26.90600000001023, 96.20341044564088
26.90700000001023, 96.20281990924084
26.908000000010226, 96.20221252499019
26.90900000001023, 96.20158907291966
26.91000000001024, 96.20095033305991
26.911000000010237, 96.2002970854416
26.912000000010238, 96.19963011009536
26.91300000001024, 96.19895018705189
26.91400000001024, 96.19825809634177
26.915000000010238, 96.19755461799576
26.916000000010246, 96.19684053204449
26.917000000010244, 96.19611661851862
26.918000000010245, 96.19538365744876
26.919000000010247, 96.19464242886565
26.92000000001024, 96.19389371279989
26.92100000001025, 96.19313828928213
26.922000000010247, 96.19237693834313
26.923000000010244, 96.19161044001345
26.924000000010256, 96.19083957432377
26.925000000010257, 96.1900651213048
26.926000000010255, 96.18928786098714
26.927000000010263, 96.18850857340149
26.928000000010258, 96.18772803857846
26.92900000001026, 96.18694703654876
26.930000000010264, 96.18616634734306
26.931000000010258, 96.18538675099202
26.932000000010262, 96.1846090275262
26.933000000010264, 96.18383395697639
26.934000000010265, 96.18306231937318
26.93500000001026, 96.18229489474729
26.936000000010267, 96.18153246312929
26.937000000010265, 96.18077580454994
26.938000000010263, 96.18002569903983
26.939000000010275, 96.17928292662961
26.940000000010276, 96.17854826735
26.941000000010273, 96.17782250123162
26.942000000010275, 96.17710640830515
26.943000000010276, 96.17640076860124
26.944000000010277, 96.17570636215058
26.94500000001028, 96.1750239689838
26.946000000010283, 96.17435436913152
26.94700000001028, 96.17369834262446
26.948000000010282, 96.1730566694933
26.949000000010287, 96.17243012976866
26.950000000010284, 96.17181950348117
26.95100000001029, 96.17122557066156
26.952000000010283, 96.17064911134042
26.95300000001029, 96.17009090554848
26.954000000010293, 96.16955171840827
26.955000000010294, 96.16903208945592
26.95600000001029, 96.1685323832744
26.957000000010293, 96.16805295987075
26.958000000010294, 96.16759417925192
26.959000000010303, 96.16715640142507
26.960000000010297, 96.16673998639712
26.961000000010298, 96.16634529417513
26.9620000000103, 96.16597268476616
26.9630000000103, 96.16562251817713
26.9640000000103, 96.16529515441519
26.965000000010303, 96.16499095348729
26.966000000010304, 96.16471027540051
26.9670000000103, 96.16445348016181
26.968000000010303, 96.16422092777827
26.96900000001031, 96.16401297825689
26.970000000010312, 96.16382999160467
26.97100000001031, 96.16367232782878
26.972000000010308, 96.16354034693606
26.97300000001031, 96.1634344089336
26.974000000010314, 96.16335487382847
26.97500000001031, 96.16330210162766
26.976000000010316, 96.1632764523382
26.977000000010317, 96.16327828596715
26.97800000001032, 96.16330796252149
26.97900000001032, 96.16336584200823
26.98000000001032, 96.16345228443448
26.981000000010315, 96.16356764980715
26.98200000001032, 96.16371229813343
26.98300000001032, 96.16388658942016
26.984000000010322, 96.16409088367449
26.985000000010334, 96.16432554090342
26.98600000001033, 96.16459092111393
26.987000000010337, 96.1648873843131
26.98800000001033, 96.165215290508
26.989000000010332, 96.16557499970548
26.990000000010333, 96.16596687191274
26.991000000010338, 96.16639126713679
26.992000000010332, 96.16684854538457
26.993000000010337, 96.16733906666315
26.994000000010338, 96.16786319097957
26.99500000001034, 96.16842127834086
26.99600000001034, 96.169013688754
26.99700000001034, 96.16964078222605
26.99800000001034, 96.17030291876405
26.999000000010348, 96.171000458375
27.00000000001035, 96.17173376106595
27.001000000010347, 96.17250318684387
27.002000000010348, 96.1733090957159
27.003000000010356, 96.17415184768892
27.00400000001035, 96.17503180277005
27.00500000001035, 96.17594932096632
27.006000000010353, 96.17690476228472
27.007000000010354, 96.17789848673235
27.008000000010355, 96.17893085431609
27.00900000001036, 96.1800022250431
27.010000000010358, 96.18111295892035
27.01100000001036, 96.18226341595486
27.012000000010357, 96.18345395615367
27.013000000010358, 96.18468493952383
27.01400000001036, 96.1859567260723
27.01500000001037, 96.18726967580619
27.016000000010365, 96.18862414873249
27.017000000010366, 96.19002045881982
27.018000000010368, 96.19145803006668
27.01900000001037, 96.19293548131287
27.02000000001037, 96.19445140237528
27.021000000010375, 96.19600438307073
27.022000000010372, 96.19759301321616
27.023000000010374, 96.19921588262842
27.024000000010375, 96.20087158112442
27.02500000001037, 96.20255869852099
27.026000000010377, 96.20427582463512
27.027000000010375, 96.20602154928356
27.028000000010383, 96.2077944622833
27.029000000010384, 96.20959315345117
27.030000000010382, 96.21141621260409
27.03100000001039, 96.21326222955892
27.032000000010385, 96.21512979413257
27.033000000010386, 96.21701749614184
27.034000000010387, 96.21892392540369
27.035000000010385, 96.22084767173502
27.03600000001039, 96.22278732495263
27.03700000001039, 96.22474147487347
27.038000000010385, 96.22670871131444
27.039000000010393, 96.22868762409236
27.040000000010394, 96.23067680302417
27.041000000010392, 96.2326748379267
27.042000000010393, 96.23468031861685
27.0430000000104, 96.23669183491155
27.044000000010403, 96.23870797662761
27.0450000000104, 96.24072733358203
27.0460000000104, 96.24274849559154
27.04700000001041, 96.24477005247316
27.048000000010404, 96.24679059404367
27.049000000010405, 96.24880871012003
27.050000000010403, 96.25082299051905
27.051000000010408, 96.25283202505767
27.05200000001041, 96.25483440355278
27.05300000001041, 96.25682871582123
27.05400000001041, 96.25881355167989
27.055000000010406, 96.26078750094568
27.056000000010417, 96.26274915343551
27.057000000010408, 96.2646970989662
27.05800000001042, 96.26662992735464
27.05900000001042, 96.26854622841778
27.06000000001042, 96.27044459197242
27.06100000001042, 96.27232360783549
27.06200000001042, 96.27418186582385
27.063000000010422, 96.27601795575443
27.064000000010424, 96.27783046744408
27.065000000010425, 96.27961799070965
27.06600000001043, 96.28137911536807
27.067000000010427, 96.28311243123622
27.06800000001043, 96.28481652813102
27.06900000001043, 96.28648999586926
27.07000000001043, 96.28813142426789
27.07100000001043, 96.28973940314376
27.07200000001043, 96.29131252231379
27.07300000001044, 96.29284937159483
27.07400000001044, 96.29434854080375
27.075000000010437, 96.29580861975752
27.07600000001044, 96.29722819827292
27.07700000001044, 96.29860586616688
27.07800000001044, 96.29994021325632
27.07900000001044, 96.30122982935809
27.080000000010443, 96.30247330428902
27.081000000010444, 96.30366922786605
27.082000000010446, 96.30481618990612
27.08300000001045, 96.30591278022598
27.084000000010448, 96.3069575886426
27.08500000001045, 96.30794920497287
27.086000000010447, 96.30888621903362
27.08700000001045, 96.30976722064179
27.088000000010457, 96.31059079961423
27.08900000001045, 96.31135554576782
27.090000000010455, 96.3120600489195
27.091000000010457, 96.312703300987
27.092000000010458, 96.31328605503502
27.09300000001046, 96.31380954615875
27.09400000001046, 96.31427500946533
27.09500000001046, 96.31468368006216
27.096000000010463, 96.3150367930565
27.097000000010464, 96.31533558355562
27.098000000010465, 96.31558128666677
27.09900000001047, 96.31577513749731
27.100000000010468, 96.3159183711545
27.101000000010472, 96.31601222274556
27.102000000010467, 96.31605792737783
27.103000000010475, 96.31605672015863
27.104000000010476, 96.31600983619516
27.105000000010474, 96.31591851059476
27.106000000010475, 96.31578397846468
27.107000000010476, 96.3156074749123
27.108000000010477, 96.31539023504476
27.10900000001048, 96.31513349396948
27.11000000001048, 96.3148384867936
27.11100000001048, 96.31450644862454
27.112000000010482, 96.3141386145695
27.113000000010484, 96.3137362197358
27.114000000010485, 96.31330049923076
27.115000000010486, 96.31283268816158
27.116000000010484, 96.31233402163558
27.117000000010485, 96.31180573476007
27.118000000010493, 96.31124906264233
27.119000000010494, 96.3106652403896
27.120000000010492, 96.31005550310923
27.12100000001049, 96.30942108590845
27.122000000010495, 96.30876322389457
27.123000000010496, 96.30808315217485
27.124000000010497, 96.30738210585662
27.1250000000105, 96.30666132004711
27.1260000000105, 96.30592202985366
27.1270000000105, 96.3051654703835
27.128000000010502, 96.30439287674398
27.129000000010503, 96.3036054840423
27.130000000010497, 96.3028045273858
27.131000000010502, 96.30199124188178
27.13200000001051, 96.30116686263749
27.13300000001051, 96.30033262476024
27.134000000010513, 96.29948976335726
27.13500000001051, 96.2986395135359
27.13600000001051, 96.2977831104034
27.137000000010513, 96.29692178906708
27.138000000010514, 96.29605678463417
27.139000000010512, 96.29518933221203
27.140000000010517, 96.29432066690792
27.141000000010518, 96.29345202382908
27.14200000001052, 96.29258463808283
27.14300000001052, 96.29171974477644
27.14400000001052, 96.29085857901723
27.145000000010523, 96.29000237591242
27.14600000001052, 96.28915237056935
27.14700000001052, 96.2883097980953
27.14800000001053, 96.28747589359753
27.149000000010528, 96.28665189218333
27.15000000001053, 96.28583902895998
27.15100000001053, 96.2850385390348
27.15200000001053, 96.28425165751506
27.153000000010532, 96.28347961950803
27.154000000010534, 96.28272366012095
27.155000000010535, 96.28198501446117
27.156000000010536, 96.28126491763601
27.15700000001053, 96.28056460475264
27.15800000001054, 96.27988531091844
27.15900000001054, 96.27922827124064
27.16000000001054, 96.27859472082658
27.16100000001054, 96.2779858947835
27.16200000001055, 96.27740302821869
27.16300000001055, 96.27684735623944
27.164000000010546, 96.27632009923714
27.165000000010554, 96.27582190948058
27.16600000001055, 96.2753527035072
27.16700000001055, 96.27491234891292
27.16800000001055, 96.27450071329386
27.169000000010552, 96.27411766424602
27.170000000010553, 96.2737630693654
27.171000000010554, 96.273436796248
27.172000000010556, 96.27313871248984
27.173000000010557, 96.27286868568696
27.174000000010558, 96.27262658343538
27.175000000010556, 96.27241227333111
27.176000000010557, 96.27222562297014
27.177000000010565, 96.27206649994851
27.178000000010567, 96.27193477186225
27.179000000010564, 96.27183030630736
27.180000000010562, 96.27175297087985
27.181000000010567, 96.27170263317574
27.182000000010568, 96.27167916079102
27.18300000001057, 96.27168242132177
27.18400000001057, 96.271712282364
27.18500000001057, 96.27176861151368
27.186000000010573, 96.27185127636682
27.187000000010574, 96.2719601445195
27.188000000010575, 96.2720950835677
27.189000000010576, 96.27225596110739
27.190000000010574, 96.27244264473468
27.191000000010575, 96.27265500204555
27.192000000010587, 96.27289290063598
27.193000000010585, 96.27315620810202
27.194000000010583, 96.27344479203968
27.195000000010584, 96.27375852004496
27.196000000010585, 96.27409725971393
27.197000000010586, 96.27446087864256
27.198000000010587, 96.2748492444269
27.19900000001059, 96.27526222466292
27.20000000001059, 96.27569968694665
27.20100000001059, 96.27616149887413
27.202000000010592, 96.27664752804137
27.203000000010594, 96.27715764204436
27.204000000010588, 96.27769170847917
27.205000000010592, 96.27824959494178
27.206000000010594, 96.2788311690282
27.207000000010602, 96.27943629833447
27.208000000010603, 96.28006485045657
27.209000000010608, 96.28071669299054
27.210000000010602, 96.28139169353243
27.211000000010603, 96.2820897196782
27.2120000000106, 96.28281063902392
27.213000000010606, 96.28355431916556
27.21400000001061, 96.28432062769915
27.21500000001061, 96.28510943222072
27.21600000001061, 96.28592060032628
27.21700000001061, 96.28675399961185
27.218000000010612, 96.28760949767343
27.219000000010613, 96.28848696210707
27.22000000001061, 96.28938626050875
27.221000000010612, 96.29030726047449
27.22200000001062, 96.29124982960036
27.22300000001062, 96.29221383548229
27.22400000001062, 96.29319914571636
27.22500000001062, 96.29420562789856
27.22600000001062, 96.29523314962496
27.227000000010623, 96.29628157550952
27.228000000010624, 96.29735060236762
27.229000000010625, 96.29843967312644
27.230000000010627, 96.29954820958218
27.23100000001062, 96.3006756335311
27.23200000001063, 96.30182136676936
27.23300000001063, 96.30298483109328
27.23400000001063, 96.304165448299
27.235000000010636, 96.30536264018275
27.236000000010637, 96.30657582854079
27.23700000001064, 96.30780443516932
27.238000000010633, 96.3090478818646
27.239000000010638, 96.31030559042279
27.24000000001064, 96.31157698264015
27.24100000001064, 96.3128614803129
27.242000000010638, 96.31415850523724
27.243000000010642, 96.31546747920942
27.244000000010644, 96.31678782402571
27.245000000010645, 96.31811896148224
27.246000000010646, 96.3194603133753
27.247000000010647, 96.32081130150105
27.24800000001065, 96.32217134765574
27.24900000001065, 96.32353987363564
27.250000000010647, 96.32491630123691
27.25100000001065, 96.32630005225586
27.25200000001066, 96.3276905484886
27.25300000001066, 96.3290872117314
27.254000000010656, 96.3304894637805
27.255000000010657, 96.3318967264321
27.25600000001066, 96.33330842148249
27.257000000010667, 96.33472397072777
27.25800000001066, 96.33614279596426
27.25900000001066, 96.33756431898813
27.260000000010663, 96.33898796159568
27.261000000010657, 96.34041314558308
27.262000000010666, 96.34183929274653
27.263000000010667, 96.34326582488222
27.26400000001066, 96.3446921637865
27.265000000010666, 96.3461177312555
27.266000000010667, 96.34754194908547
27.267000000010675, 96.34896423907263
27.268000000010677, 96.35038402301323
27.26900000001067, 96.35180072270343
27.270000000010675, 96.35321375993949
27.271000000010677, 96.35462255651764
27.272000000010678, 96.35602653423412
27.273000000010676, 96.35742511488509
27.27400000001068, 96.35881772026683
27.27500000001068, 96.36020377217555
27.276000000010686, 96.36158269240747
27.277000000010684, 96.36295390275876
27.278000000010685, 96.36431682502572
27.279000000010686, 96.36567088100459
27.280000000010684, 96.3670154924915
27.281000000010685, 96.36835008128276
27.282000000010694, 96.36967406917455
27.283000000010695, 96.37098687796308
27.284000000010693, 96.3722879294446
27.28500000001069, 96.37357664541531
27.286000000010695, 96.37485244767147
27.287000000010696, 96.37611475800928
27.288000000010697, 96.37736299822497
27.2890000000107, 96.37859659011473
27.2900000000107, 96.37981495547484
27.291000000010694, 96.38101751610148
27.292000000010702, 96.38220369379088
27.293000000010696, 96.38337291033929
27.294000000010705, 96.38452458754293
27.295000000010702, 96.385658147198
27.29600000001071, 96.38677301110067
27.297000000010705, 96.38786860104729
27.298000000010717, 96.38894433883398
27.299000000010718, 96.38999964625702
27.300000000010712, 96.3910339451126
27.301000000010713, 96.39204673602676
27.302000000010715, 96.39303815390171
27.30300000001072, 96.39400863948394
27.304000000010713, 96.39495863548969
27.305000000010722, 96.39588858463529
27.30600000001072, 96.396798929637
27.30700000001072, 96.3976901132112
27.308000000010722, 96.39856257807413
27.309000000010716, 96.3994167669421
27.31000000001072, 96.40025312253142
27.31100000001073, 96.40107208755842
27.31200000001073, 96.40187410473933
27.313000000010724, 96.4026596167905
27.31400000001073, 96.40342906642823
27.31500000001073, 96.40418289636881
27.31600000001073, 96.40492154932856
27.317000000010733, 96.40564546802375
27.31800000001073, 96.40635509517071
27.319000000010735, 96.40705087348576
27.320000000010737, 96.40773324568515
27.321000000010738, 96.40840265448519
27.32200000001074, 96.40905954260224
27.32300000001074, 96.4097043527525
27.324000000010738, 96.41033752765237
27.32500000001074, 96.41095951001812
27.32600000001075, 96.41157074256601
27.32700000001074, 96.41217166801239
27.328000000010746, 96.41276272907355
27.329000000010748, 96.41334436846576
27.33000000001075, 96.41391702890539
27.33100000001075, 96.41448115310868
27.33200000001075, 96.41503718379197
27.333000000010752, 96.41558556367153
27.334000000010757, 96.41612673546365
27.335000000010755, 96.41666114188467
27.336000000010756, 96.41718922565087
27.337000000010757, 96.41771142947859
27.33800000001076, 96.4182281960841
27.339000000010763, 96.41873996818371
27.340000000010757, 96.41924718849367
27.341000000010766, 96.4197502997304
27.342000000010767, 96.42024974461006
27.343000000010765, 96.42074596584904
27.344000000010766, 96.42123940616362
27.345000000010767, 96.42173050827007
27.34600000001077, 96.42221971488476
27.347000000010773, 96.42270746872394
27.34800000001077, 96.42319421250399
27.349000000010772, 96.42368038894108
27.350000000010773, 96.42416644075159
27.351000000010774, 96.42465281065182
27.352000000010776, 96.42513994135807
27.353000000010777, 96.42562827558662
27.354000000010775, 96.42611825605375
27.355000000010776, 96.42661032547585
27.356000000010784, 96.42710492656916
27.357000000010785, 96.42760250205
27.358000000010783, 96.42810349463464
27.359000000010784, 96.42860834703943
27.360000000010785, 96.42911750198063
27.361000000010794, 96.42963140217454
27.362000000010788, 96.43015044067047
27.36300000001079, 96.43067466277418
27.36400000001079, 96.43120396518584
27.36500000001079, 96.43173824404667
27.366000000010793, 96.43227739549786
27.367000000010794, 96.43282131568081
27.368000000010795, 96.43336990073674
27.369000000010793, 96.43392304680685
27.370000000010794, 96.43448065003251
27.371000000010802, 96.4350426065549
27.372000000010804, 96.43560881251531
27.3730000000108, 96.43617916405506
27.374000000010803, 96.43675355731536
27.375000000010804, 96.4373318884375
27.376000000010805, 96.43791405356271
27.377000000010806, 96.43849994883224
27.378000000010807, 96.4390894703875
27.37900000001081, 96.43968251436954
27.38000000001081, 96.44027897691984
27.38100000001081, 96.44087875417952
27.382000000010816, 96.44148174228991
27.383000000010814, 96.44208783739225
27.38400000001081, 96.44269693562781
27.385000000010812, 96.44330893313786
27.38600000001082, 96.44392372606367
27.387000000010822, 96.44454121054648
27.388000000010816, 96.44516128272757
27.389000000010817, 96.44578383874827
27.390000000010822, 96.44640877474976
27.391000000010823, 96.44703598687335
27.392000000010825, 96.44766537126029
27.39300000001083, 96.44829682405185
27.394000000010827, 96.44893024138928
27.39500000001083, 96.44956551941385
27.39600000001083, 96.45020255426685
27.397000000010834, 96.45084124208957
27.398000000010825, 96.4514814790232
27.39900000001083, 96.45212316120904
27.40000000001083, 96.4527661847884
27.401000000010843, 96.45341044590245
27.40200000001084, 96.45405584069256
27.403000000010834, 96.45470226529996
27.404000000010846, 96.45534961586586
27.40500000001084, 96.45599778853162
27.40600000001084, 96.45664667943845
27.407000000010843, 96.45729618472758
27.408000000010844, 96.45794620054036
27.409000000010845, 96.45859662301801
27.410000000010847, 96.45924734830182
27.411000000010848, 96.45989827253301
27.41200000001085, 96.46054929185287
27.41300000001085, 96.46120030240269
27.414000000010848, 96.46185120032372
27.41500000001085, 96.46250188175719
27.416000000010857, 96.46315224284444
27.41700000001086, 96.4638021797267
27.418000000010853, 96.46445158854522
27.419000000010858, 96.46510036544126
27.42000000001086, 96.4657484065561
27.42100000001086, 96.46639560803105
27.42200000001086, 96.46704186600732
27.423000000010862, 96.46768707662619
27.424000000010864, 96.46833113602891
27.425000000010865, 96.46897394035676
27.426000000010866, 96.46961538575103
27.427000000010867, 96.47025536835298
27.428000000010872, 96.47089378430383
27.429000000010866, 96.4715305297449
27.430000000010867, 96.47216550081743
27.43100000001087, 96.47279859366269
27.432000000010873, 96.47342970442195
27.433000000010875, 96.47405872923649
27.434000000010876, 96.47468556424755
27.435000000010877, 96.4753101055964
27.43600000001088, 96.47593224942426
27.43700000001088, 96.47655189187255
27.43800000001088, 96.47716892908235
27.439000000010882, 96.47778325719506
27.440000000010876, 96.47839477235189
27.441000000010884, 96.47900337069407
27.442000000010886, 96.47960894836295
27.443000000010887, 96.48021140149973
27.444000000010885, 96.48081062624573
27.445000000010893, 96.48140651874215
27.446000000010894, 96.48199897513031
27.447000000010892, 96.48258789155145
27.448000000010893, 96.48317316414688
27.4490000000109, 96.48375468905779
27.450000000010892, 96.48433236756512
27.451000000010897, 96.48490620195224
27.452000000010898, 96.48547628678004
27.453000000010903, 96.4860427199996
27.454000000010897, 96.48660559956176
27.4550000000109, 96.48716502341757
27.456000000010903, 96.48772108951799
27.457000000010904, 96.48827389581405
27.4580000000109, 96.48882354025663
27.459000000010903, 96.48937012079676
27.460000000010904, 96.48991373538544
27.461000000010916, 96.49045448197357
27.46200000001091, 96.49099245851218
27.463000000010908, 96.49152776295223
27.464000000010913, 96.49206049324472
27.46500000001091, 96.4925907473406
27.466000000010915, 96.49311862319085
27.467000000010916, 96.49364421874648
27.468000000010917, 96.49416763195842
27.46900000001092, 96.49468896077764
27.47000000001092, 96.49520830315517
27.47100000001092, 96.49572575704192
27.472000000010922, 96.49624142038896
27.473000000010927, 96.49675539114713
27.47400000001092, 96.49726776726754
27.475000000010933, 96.49777864670108
27.476000000010924, 96.49828812739878
27.47700000001093, 96.49879630731161
27.478000000010926, 96.49930328439046
27.47900000001093, 96.49980915658642
27.480000000010932, 96.50031402185041
27.481000000010933, 96.50081797813343
27.482000000010935, 96.50132112338645
27.483000000010936, 96.5018235555604
27.484000000010937, 96.50232537260632
27.48500000001093, 96.5028266724752
27.48600000001094, 96.50332755311793
27.487000000010944, 96.50382811248551
27.488000000010935, 96.50432844852895
27.48900000001094, 96.50482865919926
27.490000000010948, 96.50532884244735
27.491000000010942, 96.50582909622422
27.492000000010954, 96.50632951848083
27.493000000010944, 96.50683020716815
27.494000000010956, 96.5073312602372
27.495000000010958, 96.50783277563893
27.496000000010948, 96.50833485132434
27.49700000001095, 96.50883758524436
27.498000000010954, 96.50934107535
27.499000000010955, 96.50984541959221
27.50000000001096, 96.510350715922
27.501000000010958, 96.51085706229031
27.50200000001096, 96.51136455664813
27.503000000010957, 96.51187329694646
27.504000000010958, 96.51238338113627
27.505000000010966, 96.51289490716852
27.506000000010967, 96.51340797299417
27.507000000010965, 96.5139226765642
27.508000000010966, 96.51443911582963
27.509000000010968, 96.51495738874141
27.51000000001097, 96.51547759325051
27.51100000001097, 96.51599981849542
27.512000000010968, 96.51652400941275
27.513000000010972, 96.5170499932613
27.514000000010967, 96.51757759386093
27.515000000010975, 96.51810663503159

