3.996813e+02,0.000000e+00
4.001635e+02,9.247663e+01
4.006456e+02,9.095856e+01
4.011277e+02,9.025917e+01
4.016098e+02,9.029675e+01
4.020919e+02,9.096941e+01
4.025741e+02,9.209113e+01
4.030562e+02,9.339399e+01
4.035383e+02,9.459291e+01
4.040204e+02,9.548061e+01
4.045026e+02,9.600583e+01
4.049847e+02,9.630865e+01
4.054668e+02,9.669028e+01
4.059489e+02,9.751083e+01
4.064311e+02,9.903439e+01
4.069132e+02,1.012860e+02
4.073953e+02,1.039915e+02
4.078774e+02,1.066331e+02
4.083596e+02,1.085961e+02
4.088417e+02,1.093713e+02
4.093238e+02,1.087447e+02
4.098059e+02,1.068861e+02
4.102881e+02,1.042623e+02
4.107702e+02,1.014210e+02
4.112523e+02,9.878641e+01
4.117344e+02,9.657594e+01
4.122166e+02,9.483530e+01
4.126987e+02,9.352635e+01
4.131808e+02,9.260877e+01
4.136629e+02,9.208578e+01
4.141451e+02,9.200587e+01
4.146272e+02,9.243741e+01
4.151093e+02,9.344110e+01
4.155914e+02,9.505268e+01
4.160736e+02,9.726183e+01
4.165557e+02,9.995432e+01
4.170378e+02,1.027791e+02
4.175200e+02,1.049480e+02
4.180021e+02,1.051433e+02
4.184842e+02,1.019866e+02
4.189663e+02,9.523567e+01
4.194484e+02,8.652757e+01
4.199306e+02,7.837093e+01
4.204127e+02,7.256893e+01
4.208948e+02,6.974464e+01
4.213770e+02,6.972659e+01
4.218591e+02,7.196858e+01
4.223412e+02,7.576059e+01
4.228233e+02,8.031789e+01
4.233055e+02,8.485852e+01
4.237876e+02,8.871031e+01
4.242697e+02,9.143851e+01
4.247518e+02,9.293263e+01
4.252339e+02,9.339079e+01
4.257161e+02,9.318818e+01
4.261982e+02,9.270193e+01
4.266803e+02,9.219020e+01
4.271624e+02,9.177374e+01
4.276446e+02,9.149422e+01
4.281267e+02,9.139091e+01
4.286088e+02,9.154035e+01
4.290909e+02,9.203242e+01
4.295731e+02,9.288629e+01
4.300552e+02,9.395039e+01
4.305373e+02,9.485473e+01
4.310194e+02,9.508407e+01
4.315016e+02,9.417953e+01
4.319837e+02,9.198065e+01
4.324658e+02,8.875206e+01
4.329479e+02,8.510508e+01
4.334301e+02,8.177486e+01
4.339122e+02,7.940343e+01
4.343943e+02,7.842099e+01
4.348764e+02,7.901524e+01
4.353586e+02,8.112892e+01
4.358407e+02,8.445312e+01
4.363228e+02,8.844112e+01
4.368049e+02,9.241292e+01
4.372870e+02,9.576577e+01
4.377692e+02,9.817983e+01
4.382513e+02,9.966335e+01
4.387334e+02,1.004251e+02
4.392155e+02,1.007012e+02
4.396977e+02,1.006507e+02
4.401798e+02,1.003422e+02
4.406619e+02,9.979903e+01
4.411440e+02,9.905975e+01
4.416262e+02,9.821485e+01
4.421083e+02,9.739496e+01
4.425904e+02,9.672085e+01
4.430725e+02,9.625303e+01
4.435547e+02,9.597684e+01
4.440368e+02,9.582710e+01
4.445189e+02,9.573240e+01
4.450010e+02,9.564873e+01
4.454832e+02,9.556797e+01
4.459653e+02,9.550126e+01
4.464474e+02,9.545453e+01
4.469295e+02,9.541366e+01
4.474117e+02,9.534996e+01
4.478938e+02,9.524281e+01
4.483759e+02,9.510588e+01
4.488580e+02,9.499742e+01
4.493401e+02,9.500652e+01
4.498223e+02,9.522123e+01
4.503044e+02,9.569498e+01
4.507865e+02,9.642252e+01
4.512687e+02,9.733150e+01
4.517508e+02,9.829381e+01
4.522329e+02,9.916370e+01
4.527150e+02,9.983355e+01
4.531971e+02,1.002783e+02
4.536793e+02,1.005551e+02
4.541614e+02,1.007615e+02
4.546435e+02,1.009862e+02
4.551257e+02,1.012830e+02
4.556078e+02,1.016704e+02
4.560899e+02,1.021492e+02
4.565720e+02,1.027235e+02
4.570542e+02,1.034126e+02
4.575363e+02,1.042410e+02
4.580184e+02,1.052085e+02
4.585005e+02,1.062607e+02
4.589827e+02,1.072857e+02
4.594648e+02,1.081390e+02
4.599469e+02,1.086841e+02
4.604290e+02,1.088278e+02
4.609112e+02,1.085456e+02
4.613933e+02,1.078861e+02
4.618754e+02,1.069550e+02
4.623575e+02,1.058816e+02
4.628397e+02,1.047802e+02
4.633218e+02,1.037224e+02
4.638039e+02,1.027293e+02
4.642860e+02,1.017864e+02
4.647682e+02,1.008689e+02
4.652503e+02,9.996603e+01
4.657324e+02,9.909875e+01
4.662145e+02,9.832285e+01
4.666967e+02,9.771926e+01
4.671788e+02,9.736975e+01
4.676609e+02,9.732643e+01
4.681430e+02,9.759029e+01
4.686252e+02,9.811800e+01
4.691073e+02,9.885834e+01
4.695894e+02,9.980202e+01
4.700715e+02,1.010193e+02
4.705536e+02,1.026647e+02
4.710358e+02,1.049303e+02
4.715179e+02,1.079360e+02
4.720000e+02,1.115827e+02
4.724821e+02,1.154636e+02
4.729643e+02,1.189401e+02
4.734464e+02,1.213702e+02
4.739285e+02,1.223329e+02
4.744106e+02,1.217202e+02
4.748928e+02,1.197044e+02
4.753749e+02,1.166557e+02
4.758570e+02,1.130538e+02
4.763391e+02,1.093967e+02
4.768213e+02,1.061045e+02
4.773034e+02,1.034380e+02
4.777855e+02,1.014613e+02
4.782676e+02,1.000714e+02
4.787498e+02,9.908267e+01
4.792319e+02,9.832814e+01
4.797140e+02,9.773220e+01
4.801961e+02,9.732736e+01
4.806783e+02,9.721510e+01
4.811604e+02,9.749478e+01
4.816425e+02,9.819045e+01
4.821246e+02,9.920170e+01
4.826068e+02,1.002925e+02
4.830889e+02,1.011313e+02
4.835710e+02,1.013845e+02
4.840531e+02,1.008418e+02
4.845352e+02,9.951530e+01
4.850174e+02,9.764867e+01
4.854995e+02,9.562728e+01
4.859816e+02,9.384835e+01
4.864637e+02,9.262057e+01
4.869459e+02,9.212133e+01
4.874280e+02,9.239378e+01
4.879101e+02,9.335969e+01
4.883922e+02,9.483493e+01
4.888744e+02,9.655305e+01
4.893565e+02,9.820795e+01
4.898386e+02,9.952129e+01
4.903207e+02,1.003168e+02
4.908029e+02,1.005682e+02
4.912850e+02,1.003891e+02
4.917671e+02,9.996886e+01
4.922492e+02,9.948885e+01
4.927314e+02,9.906035e+01
4.932135e+02,9.870811e+01
4.936956e+02,9.839743e+01
4.941777e+02,9.808212e+01
4.946599e+02,9.774436e+01
4.951420e+02,9.740688e+01
4.956241e+02,9.711386e+01
4.961062e+02,9.689576e+01
4.965884e+02,9.673997e+01
4.970705e+02,9.658452e+01
4.975526e+02,9.634129e+01
4.980347e+02,9.593925e+01
4.985169e+02,9.536656e+01
4.989990e+02,9.468851e+01
4.994811e+02,9.403445e+01
4.999633e+02,9.356039e+01
5.004454e+02,9.340247e+01
5.009275e+02,9.363154e+01
5.014096e+02,9.422159e+01
5.018917e+02,9.504637e+01
5.023739e+02,9.591823e+01
5.028560e+02,9.665695e+01
5.033381e+02,9.715168e+01
5.038203e+02,9.738117e+01
5.043024e+02,9.739351e+01
5.047845e+02,9.727033e+01
5.052666e+02,9.709823e+01
5.057487e+02,9.695234e+01
5.062309e+02,9.688793e+01
5.067130e+02,9.693352e+01
5.071951e+02,9.708673e+01
5.076772e+02,9.731570e+01
5.081594e+02,9.757069e+01
5.086415e+02,9.780257e+01
5.091236e+02,9.798315e+01
5.096057e+02,9.811747e+01
5.100879e+02,9.824223e+01
5.105700e+02,9.840618e+01
5.110521e+02,9.863898e+01
5.115342e+02,9.892056e+01
5.120164e+02,9.916841e+01
5.124985e+02,9.925364e+01
5.129806e+02,9.904577e+01
5.134627e+02,9.846919e+01
5.139448e+02,9.754591e+01
5.144270e+02,9.640096e+01
5.149091e+02,9.522812e+01
5.153912e+02,9.423238e+01
5.158734e+02,9.357484e+01
5.163555e+02,9.333739e+01
5.168376e+02,9.351293e+01
5.173197e+02,9.401844e+01
5.178019e+02,9.472550e+01
5.182840e+02,9.549693e+01
5.187661e+02,9.621655e+01
5.192482e+02,9.680243e+01
5.197303e+02,9.720518e+01
5.202125e+02,9.740183e+01
5.206946e+02,9.739395e+01
5.211767e+02,9.720921e+01
5.216588e+02,9.689951e+01
5.221410e+02,9.652676e+01
5.226231e+02,9.613887e+01
5.231052e+02,9.574581e+01
5.235873e+02,9.530905e+01
5.240695e+02,9.475342e+01
5.245516e+02,9.400383e+01
5.250337e+02,9.303699e+01
5.255159e+02,9.192492e+01
5.259980e+02,9.083884e+01
5.264801e+02,8.999763e+01
5.269622e+02,8.958350e+01
5.274443e+02,8.967145e+01
5.279265e+02,9.020650e+01
5.284086e+02,9.102972e+01
5.288907e+02,9.193201e+01
5.293728e+02,9.271539e+01
5.298550e+02,9.324235e+01
5.303371e+02,9.345920e+01
5.308192e+02,9.338601e+01
5.313013e+02,9.308113e+01
5.317834e+02,9.260143e+01
5.322656e+02,9.198002e+01
5.327477e+02,9.123010e+01
5.332299e+02,9.036732e+01
5.337120e+02,8.943117e+01
5.341941e+02,8.848887e+01
5.346762e+02,8.761494e+01
5.351583e+02,8.685571e+01
5.356404e+02,8.619729e+01
5.361226e+02,8.555763e+01
5.366047e+02,8.481335e+01
5.370868e+02,8.385632e+01
5.375690e+02,8.265359e+01
5.380511e+02,8.127741e+01
5.385332e+02,7.988616e+01
5.390153e+02,7.866894e+01
5.394974e+02,7.778381e+01
5.399796e+02,7.731564e+01
5.404617e+02,7.726242e+01
5.409438e+02,7.754883e+01
5.414260e+02,7.805981e+01
5.419081e+02,7.868427e+01
5.423902e+02,7.935310e+01
5.428723e+02,8.005600e+01
5.433544e+02,8.082978e+01
5.438365e+02,8.172677e+01
5.443187e+02,8.277851e+01
5.448008e+02,8.397278e+01
5.452830e+02,8.525138e+01
5.457651e+02,8.652942e+01
5.462472e+02,8.772429e+01
5.467293e+02,8.878069e+01
5.472114e+02,8.967873e+01
5.476936e+02,9.042551e+01
5.481757e+02,9.103794e+01
5.486578e+02,9.152909e+01
5.491400e+02,9.190437e+01
5.496221e+02,9.216705e+01
5.501042e+02,9.232616e+01
5.505863e+02,9.240008e+01
5.510684e+02,9.241164e+01
5.515505e+02,9.237820e+01
5.520327e+02,9.230241e+01
5.525148e+02,9.217084e+01
5.529969e+02,9.196228e+01
5.534791e+02,9.166302e+01
5.539612e+02,9.128146e+01
5.544433e+02,9.085451e+01
5.549254e+02,9.044163e+01
5.554076e+02,9.010786e+01
5.558896e+02,8.990288e+01
5.563718e+02,8.984435e+01
5.568539e+02,8.991277e+01
5.573361e+02,9.005957e+01
5.578182e+02,9.022420e+01
5.583003e+02,9.035298e+01
5.587825e+02,9.041162e+01
5.592645e+02,9.038785e+01
5.597467e+02,9.028415e+01
5.602288e+02,9.010568e+01
5.607109e+02,8.984810e+01
5.611931e+02,8.949200e+01
5.616752e+02,8.900542e+01
5.621573e+02,8.835387e+01
5.626394e+02,8.751257e+01
5.631216e+02,8.647574e+01
5.636037e+02,8.525862e+01
5.640858e+02,8.389223e+01
5.645679e+02,8.241393e+01
5.650500e+02,8.085936e+01
5.655322e+02,7.926070e+01
5.660143e+02,7.765244e+01
5.664965e+02,7.608181e+01
5.669785e+02,7.461803e+01
5.674607e+02,7.335357e+01
5.679428e+02,7.239452e+01
5.684249e+02,7.184196e+01
5.689070e+02,7.177139e+01
5.693892e+02,7.221727e+01
5.698713e+02,7.316624e+01
5.703534e+02,7.455836e+01
5.708356e+02,7.629533e+01
5.713177e+02,7.825404e+01
5.717998e+02,8.030521e+01
5.722819e+02,8.233290e+01
5.727640e+02,8.425072e+01
5.732462e+02,8.600908e+01
5.737283e+02,8.759309e+01
5.742104e+02,8.901284e+01
5.746925e+02,9.029038e+01
5.751747e+02,9.144611e+01
5.756568e+02,9.248827e+01
5.761389e+02,9.340699e+01
5.766210e+02,9.417625e+01
5.771031e+02,9.476295e+01
5.775853e+02,9.514056e+01
5.780674e+02,9.530312e+01
5.785496e+02,9.527625e+01
5.790317e+02,9.512138e+01
5.795138e+02,9.493060e+01
5.799959e+02,9.480887e+01
5.804780e+02,9.484663e+01
5.809601e+02,9.509084e+01
5.814423e+02,9.552829e+01
5.819244e+02,9.608968e+01
5.824066e+02,9.667451e+01
5.828887e+02,9.718533e+01
5.833708e+02,9.755861e+01
5.838529e+02,9.778049e+01
5.843350e+02,9.788457e+01
5.848171e+02,9.793370e+01
5.852993e+02,9.799525e+01
5.857814e+02,9.811833e+01
5.862635e+02,9.832217e+01
5.867457e+02,9.859689e+01
5.872278e+02,9.891299e+01
5.877099e+02,9.923222e+01
5.881920e+02,9.951361e+01
5.886741e+02,9.971374e+01
5.891562e+02,9.978548e+01
5.896384e+02,9.968143e+01
5.901205e+02,9.936710e+01
5.906027e+02,9.883948e+01
5.910848e+02,9.814261e+01
5.915669e+02,9.736648e+01
5.920490e+02,9.662716e+01
5.925311e+02,9.603516e+01
5.930133e+02,9.566676e+01
5.934954e+02,9.554782e+01
5.939775e+02,9.565426e+01
5.944597e+02,9.592571e+01
5.949418e+02,9.628790e+01
5.954239e+02,9.667566e+01
5.959060e+02,9.704918e+01
5.963882e+02,9.739671e+01
5.968702e+02,9.772446e+01
5.973524e+02,9.803983e+01
5.978345e+02,9.833790e+01
5.983167e+02,9.859756e+01
5.987988e+02,9.878940e+01
5.992809e+02,9.889075e+01
5.997630e+02,9.890060e+01
6.002451e+02,9.884596e+01
6.007273e+02,9.877615e+01
6.012094e+02,9.874702e+01
6.016915e+02,9.880325e+01
6.021736e+02,9.896554e+01
6.026558e+02,9.922729e+01
6.031379e+02,9.955925e+01
6.036200e+02,9.991938e+01
6.041022e+02,1.002637e+02
6.045842e+02,1.005552e+02
6.050664e+02,1.007696e+02
6.055485e+02,1.008973e+02
6.060306e+02,1.009430e+02
6.065128e+02,1.009232e+02
6.069949e+02,1.008623e+02
6.074770e+02,1.007867e+02
6.079591e+02,1.007185e+02
6.084413e+02,1.006711e+02
6.089234e+02,1.006461e+02
6.094055e+02,1.006353e+02
6.098876e+02,1.006251e+02
6.103698e+02,1.006028e+02
6.108519e+02,1.005605e+02
6.113340e+02,1.004960e+02
6.118162e+02,1.004092e+02
6.122983e+02,1.002988e+02
6.127804e+02,1.001602e+02
6.132625e+02,9.998941e+01
6.137446e+02,9.978878e+01
6.142267e+02,9.957433e+01
6.147089e+02,9.937785e+01
6.151910e+02,9.924206e+01
6.156731e+02,9.920888e+01
6.161553e+02,9.930473e+01
6.166374e+02,9.952875e+01
6.171195e+02,9.984964e+01
6.176016e+02,1.002128e+02
6.180837e+02,1.005552e+02
6.185659e+02,1.008233e+02
6.190480e+02,1.009846e+02
6.195302e+02,1.010307e+02
6.200123e+02,1.009719e+02
6.204944e+02,1.008274e+02
6.209765e+02,1.006173e+02
6.214586e+02,1.003596e+02
6.219407e+02,1.000720e+02
6.224229e+02,9.977374e+01
6.229050e+02,9.948596e+01
6.233871e+02,9.922675e+01
6.238693e+02,9.900320e+01
6.243514e+02,9.880384e+01
6.248335e+02,9.859676e+01
6.253156e+02,9.833593e+01
6.257977e+02,9.797516e+01
6.262798e+02,9.748350e+01
6.267620e+02,9.685611e+01
6.272441e+02,9.611546e+01
6.277263e+02,9.530419e+01
6.282084e+02,9.447369e+01
6.286905e+02,9.367413e+01
6.291726e+02,9.294899e+01
6.296547e+02,9.233437e+01
6.301368e+02,9.186051e+01
6.306190e+02,9.155199e+01
6.311011e+02,9.142435e+01
6.315833e+02,9.147765e+01
6.320654e+02,9.168929e+01
6.325475e+02,9.201097e+01
6.330296e+02,9.237263e+01
6.335117e+02,9.269505e+01
6.339939e+02,9.290794e+01
6.344760e+02,9.296858e+01
6.349581e+02,9.287304e+01
6.354402e+02,9.265509e+01
6.359224e+02,9.237192e+01
6.364045e+02,9.208271e+01
6.368866e+02,9.182880e+01
6.373687e+02,9.162366e+01
6.378508e+02,9.145512e+01
6.383330e+02,9.129643e+01
6.388151e+02,9.111961e+01
6.392972e+02,9.090376e+01
6.397794e+02,9.063551e+01
6.402615e+02,9.030293e+01
6.407436e+02,8.988793e+01
6.412257e+02,8.936464e+01
6.417079e+02,8.870763e+01
6.421899e+02,8.790960e+01
6.426721e+02,8.700174e+01
6.431542e+02,8.606623e+01
6.436364e+02,8.523132e+01
6.441185e+02,8.464647e+01
6.446006e+02,8.444495e+01
6.450827e+02,8.470808e+01
6.455648e+02,8.544341e+01
6.460470e+02,8.658266e+01
6.465291e+02,8.799675e+01
6.470112e+02,8.952315e+01
6.474933e+02,9.100000e+01
6.479755e+02,9.230038e+01
6.484576e+02,9.335784e+01
6.489397e+02,9.417288e+01
6.494219e+02,9.479749e+01
6.499040e+02,9.530433e+01
6.503861e+02,9.575410e+01
6.508682e+02,9.617478e+01
6.513503e+02,9.655791e+01
6.518325e+02,9.687134e+01
6.523146e+02,9.708054e+01
6.527968e+02,9.716915e+01
6.532788e+02,9.714943e+01
6.537610e+02,9.706007e+01
6.542431e+02,9.695377e+01
6.547252e+02,9.688131e+01
6.552073e+02,9.687850e+01
6.556895e+02,9.695984e+01
6.561716e+02,9.711932e+01
6.566537e+02,9.733659e+01
6.571359e+02,9.758488e+01
6.576179e+02,9.783817e+01
6.581001e+02,9.807587e+01
6.585822e+02,9.828543e+01
6.590643e+02,9.846393e+01
6.595464e+02,9.861818e+01
6.600286e+02,9.876273e+01
6.605107e+02,9.891480e+01
6.609928e+02,9.908675e+01
6.614750e+02,9.927908e+01
6.619571e+02,9.947703e+01
6.624392e+02,9.965395e+01
6.629213e+02,9.978129e+01
6.634034e+02,9.984116e+01
6.638856e+02,9.983498e+01
6.643677e+02,9.978299e+01
6.648499e+02,9.971608e+01
6.653320e+02,9.966476e+01
6.658141e+02,9.965038e+01
6.662962e+02,9.968021e+01
6.667783e+02,9.974583e+01
6.672605e+02,9.982670e+01
6.677426e+02,9.990247e+01
6.682247e+02,9.997121e+01
6.687068e+02,1.000537e+02
6.691890e+02,1.001717e+02
6.696711e+02,1.003230e+02
6.701532e+02,1.004800e+02
6.706353e+02,1.006026e+02
6.711174e+02,1.006519e+02
6.715996e+02,1.006023e+02
6.720817e+02,1.004502e+02
6.725638e+02,1.002200e+02
6.730460e+02,9.995982e+01
6.735281e+02,9.972688e+01
6.740102e+02,9.956824e+01
6.744923e+02,9.950581e+01
6.749745e+02,9.953381e+01
6.754565e+02,9.962681e+01
6.759387e+02,9.975307e+01
6.764208e+02,9.988461e+01
6.769030e+02,1.000012e+02
6.773851e+02,1.000875e+02
6.778672e+02,1.001275e+02
6.783493e+02,1.001024e+02
6.788314e+02,9.999487e+01
6.793136e+02,9.979807e+01
6.797957e+02,9.952509e+01
6.802778e+02,9.921026e+01
6.807599e+02,9.890065e+01
6.812421e+02,9.863979e+01
6.817242e+02,9.845223e+01
6.822063e+02,9.833691e+01
6.826885e+02,9.827253e+01
6.831705e+02,9.823133e+01
6.836527e+02,9.819447e+01
6.841348e+02,9.816011e+01
6.846169e+02,9.814087e+01
6.850991e+02,9.815169e+01
6.855812e+02,9.819576e+01
6.860634e+02,9.825624e+01
6.865454e+02,9.829964e+01
6.870276e+02,9.828978e+01
6.875096e+02,9.820654e+01
6.879918e+02,9.805997e+01
6.884739e+02,9.789062e+01
6.889561e+02,9.775427e+01
6.894382e+02,9.769842e+01
6.899203e+02,9.774231e+01
6.904025e+02,9.787073e+01
6.908845e+02,9.804269e+01
6.913667e+02,9.821030e+01
6.918488e+02,9.833766e+01
6.923309e+02,9.841160e+01
6.928130e+02,9.843956e+01
6.932952e+02,9.843656e+01
6.937773e+02,9.840946e+01
6.942594e+02,9.834709e+01
6.947416e+02,9.822264e+01
6.952236e+02,9.800760e+01
6.957058e+02,9.769088e+01
6.961879e+02,9.729261e+01
6.966700e+02,9.686452e+01
6.971522e+02,9.647585e+01
6.976343e+02,9.619170e+01
6.981165e+02,9.605319e+01
6.985985e+02,9.606641e+01
6.990807e+02,9.620277e+01
6.995628e+02,9.640888e+01
7.000449e+02,9.662341e+01
7.005270e+02,9.679393e+01
7.010092e+02,9.688976e+01
7.014913e+02,9.690597e+01
7.019734e+02,9.685981e+01
7.024556e+02,9.678162e+01
7.029377e+02,9.670420e+01
7.034198e+02,9.665295e+01
7.039019e+02,9.663908e+01
7.043840e+02,9.665721e+01
7.048662e+02,9.668764e+01
7.053483e+02,9.670255e+01
7.058304e+02,9.667448e+01
7.063125e+02,9.658398e+01
7.067947e+02,9.642519e+01
7.072768e+02,9.620651e+01
7.077589e+02,9.594734e+01
7.082410e+02,9.567182e+01
7.087231e+02,9.540330e+01
7.092053e+02,9.516142e+01
7.096874e+02,9.496342e+01
7.101696e+02,9.482696e+01
7.106517e+02,9.477210e+01
7.111338e+02,9.481905e+01
7.116159e+02,9.498104e+01
7.120980e+02,9.525483e+01
7.125802e+02,9.561295e+01
7.130623e+02,9.600280e+01
7.135444e+02,9.635453e+01
7.140265e+02,9.659707e+01
7.145087e+02,9.667783e+01
7.149908e+02,9.657860e+01
7.154729e+02,9.632127e+01
7.159550e+02,9.596022e+01
7.164371e+02,9.556477e+01
7.169193e+02,9.519911e+01
7.174014e+02,9.490729e+01
7.178835e+02,9.470658e+01
7.183657e+02,9.458947e+01
7.188478e+02,9.453102e+01
7.193299e+02,9.449873e+01
7.198120e+02,9.446133e+01
7.202942e+02,9.439461e+01
7.207762e+02,9.428349e+01
7.212584e+02,9.412134e+01
7.217405e+02,9.390791e+01
7.222227e+02,9.364769e+01
7.227048e+02,9.334850e+01
7.231869e+02,9.302058e+01
7.236691e+02,9.267561e+01
7.241511e+02,9.232556e+01
7.246333e+02,9.198167e+01
7.251154e+02,9.165329e+01
7.255975e+02,9.134667e+01
7.260797e+02,9.106303e+01
7.265618e+02,9.079613e+01
7.270439e+02,9.053031e+01
7.275260e+02,9.024038e+01
7.280082e+02,8.989484e+01
7.284902e+02,8.946267e+01
7.289724e+02,8.892214e+01
7.294545e+02,8.826855e+01
7.299366e+02,8.751723e+01
7.304188e+02,8.669893e+01
7.309009e+02,8.584862e+01
7.313831e+02,8.499152e+01
7.318651e+02,8.413305e+01
7.323473e+02,8.325687e+01
7.328293e+02,8.233211e+01
7.333115e+02,8.132639e+01
7.337936e+02,8.021906e+01
7.342758e+02,7.900858e+01
7.347579e+02,7.771075e+01
7.352400e+02,7.634920e+01
7.357222e+02,7.494263e+01
7.362042e+02,7.349503e+01
7.366864e+02,7.199384e+01
7.371685e+02,7.041595e+01
7.376506e+02,6.873925e+01
7.381328e+02,6.695374e+01
7.386149e+02,6.506824e+01
7.390970e+02,6.311046e+01
7.395791e+02,6.112128e+01
7.400613e+02,5.914654e+01
7.405434e+02,5.722942e+01
7.410255e+02,5.540622e+01
7.415076e+02,5.370599e+01
7.419897e+02,5.215347e+01
7.424719e+02,5.077431e+01
7.429540e+02,4.959999e+01
7.434362e+02,4.867091e+01
7.439182e+02,4.803525e+01
7.444004e+02,4.774329e+01
7.448825e+02,4.783758e+01
7.453646e+02,4.834239e+01
7.458467e+02,4.925610e+01
7.463289e+02,5.055030e+01
7.468110e+02,5.217579e+01
7.472931e+02,5.407300e+01
7.477753e+02,5.618236e+01
7.482574e+02,5.845115e+01
7.487395e+02,6.083531e+01
7.492216e+02,6.329732e+01
7.497037e+02,6.580193e+01
7.501859e+02,6.831242e+01
7.506680e+02,7.078861e+01
7.511501e+02,7.318727e+01
7.516322e+02,7.546492e+01
7.521144e+02,7.758258e+01
7.525965e+02,7.951181e+01
7.530786e+02,8.124037e+01
7.535608e+02,8.277446e+01
7.540428e+02,8.413609e+01
7.545250e+02,8.535552e+01
7.550071e+02,8.646176e+01
7.554893e+02,8.747549e+01
7.559714e+02,8.840722e+01
7.564535e+02,8.926071e+01
7.569356e+02,9.003877e+01
7.574177e+02,9.074711e+01
7.578999e+02,9.139395e+01
7.583820e+02,9.198545e+01
7.588641e+02,9.252008e+01
7.593463e+02,9.298664e+01
7.598284e+02,9.336844e+01
7.603105e+02,9.365318e+01
7.607926e+02,9.384447e+01
7.612748e+02,9.396851e+01
7.617568e+02,9.407143e+01
7.622390e+02,9.420679e+01
7.627211e+02,9.441801e+01
7.632032e+02,9.472309e+01
7.636854e+02,9.510841e+01
7.641675e+02,9.553349e+01
7.646496e+02,9.594511e+01
7.651317e+02,9.629445e+01
7.656139e+02,9.655045e+01
7.660959e+02,9.670475e+01
7.665781e+02,9.676767e+01
7.670602e+02,9.675872e+01
7.675424e+02,9.669799e+01
7.680245e+02,9.660223e+01
7.685066e+02,9.648643e+01
7.689888e+02,9.636810e+01
7.694708e+02,9.626957e+01
7.699530e+02,9.621604e+01
7.704351e+02,9.622906e+01
7.709172e+02,9.631850e+01
7.713994e+02,9.647726e+01
7.718815e+02,9.668147e+01
7.723636e+02,9.689673e+01
7.728457e+02,9.708794e+01
7.733279e+02,9.722872e+01
7.738099e+02,9.730659e+01
7.742921e+02,9.732240e+01
7.747742e+02,9.728600e+01
7.752563e+02,9.721092e+01
7.757385e+02,9.711118e+01
7.762206e+02,9.700060e+01
7.767028e+02,9.689365e+01
7.771848e+02,9.680518e+01
7.776670e+02,9.674853e+01
7.781491e+02,9.673186e+01
7.786312e+02,9.675510e+01
7.791133e+02,9.680948e+01
7.795955e+02,9.688039e+01
7.800776e+02,9.695284e+01
7.805597e+02,9.701678e+01
7.810419e+02,9.706995e+01
7.815239e+02,9.711639e+01
7.820061e+02,9.716215e+01
7.824882e+02,9.720997e+01
7.829703e+02,9.725688e+01
7.834525e+02,9.729529e+01
7.839346e+02,9.731706e+01
7.844167e+02,9.731749e+01
7.848988e+02,9.729611e+01
7.853810e+02,9.725356e+01
7.858631e+02,9.718584e+01
7.863452e+02,9.708038e+01
7.868273e+02,9.691727e+01
7.873094e+02,9.667733e+01
7.877916e+02,9.635437e+01
7.882737e+02,9.596624e+01
7.887559e+02,9.555826e+01
7.892380e+02,9.519592e+01
7.897201e+02,9.494823e+01
7.902022e+02,9.486816e+01
7.906843e+02,9.497688e+01
7.911665e+02,9.525739e+01
7.916486e+02,9.565910e+01
7.921307e+02,9.611166e+01
7.926128e+02,9.654319e+01
7.930950e+02,9.689650e+01
7.935771e+02,9.713786e+01
7.940592e+02,9.725663e+01
7.945413e+02,9.725821e+01
7.950234e+02,9.715520e+01
7.955056e+02,9.696162e+01
7.959877e+02,9.669203e+01
7.964698e+02,9.636456e+01
7.969520e+02,9.600478e+01
7.974341e+02,9.564717e+01
7.979162e+02,9.533197e+01
7.983983e+02,9.509790e+01
7.988805e+02,9.497235e+01
7.993625e+02,9.496251e+01
7.998447e+02,9.505005e+01
8.003268e+02,9.519238e+01
8.008090e+02,9.533066e+01
8.012911e+02,9.540335e+01
8.017732e+02,9.536162e+01
8.022553e+02,9.518197e+01
8.027374e+02,9.487257e+01
8.032196e+02,9.447037e+01
8.037017e+02,9.403001e+01
8.041838e+02,9.360742e+01
8.046660e+02,9.324356e+01
8.051481e+02,9.295383e+01
8.056302e+02,9.272620e+01
8.061123e+02,9.252808e+01
8.065945e+02,9.231915e+01
8.070765e+02,9.206531e+01
8.075587e+02,9.174801e+01
8.080408e+02,9.136674e+01
8.085229e+02,9.093378e+01
8.090051e+02,9.046548e+01
8.094872e+02,8.997430e+01
8.099694e+02,8.946487e+01
8.104514e+02,8.893472e+01
8.109336e+02,8.837767e+01
8.114156e+02,8.778682e+01
8.118978e+02,8.715497e+01
8.123799e+02,8.647281e+01
8.128621e+02,8.572667e+01
8.133442e+02,8.489893e+01
8.138263e+02,8.397199e+01
8.143085e+02,8.293456e+01
8.147905e+02,8.178606e+01
8.152727e+02,8.053574e+01
8.157548e+02,7.919490e+01
8.162369e+02,7.776512e+01
8.167191e+02,7.622832e+01
8.172012e+02,7.454441e+01
8.176833e+02,7.265988e+01
8.181654e+02,7.052692e+01
8.186476e+02,6.812751e+01
8.191296e+02,6.549422e+01
8.196118e+02,6.271915e+01
8.200939e+02,5.994741e+01
8.205760e+02,5.735733e+01
8.210582e+02,5.513457e+01
8.215403e+02,5.344720e+01
8.220225e+02,5.242597e+01
8.225045e+02,5.215186e+01
8.229867e+02,5.265134e+01
8.234688e+02,5.389964e+01
8.239509e+02,5.582946e+01
8.244330e+02,5.834139e+01
8.249152e+02,6.131130e+01
8.253973e+02,6.459364e+01
8.258794e+02,6.802310e+01
8.263616e+02,7.142064e+01
8.268437e+02,7.460756e+01
8.273258e+02,7.742736e+01
8.278079e+02,7.976832e+01
8.282900e+02,8.157865e+01
8.287722e+02,8.286772e+01
8.292543e+02,8.369324e+01
8.297365e+02,8.413907e+01
8.302185e+02,8.428999e+01
8.307007e+02,8.421098e+01
8.311828e+02,8.393545e+01
8.316649e+02,8.346487e+01
8.321470e+02,8.277815e+01
8.326292e+02,8.184669e+01
8.331113e+02,8.064982e+01
8.335934e+02,7.918600e+01
8.340756e+02,7.747688e+01
8.345577e+02,7.556419e+01
8.350398e+02,7.350239e+01
8.355219e+02,7.135210e+01
8.360040e+02,6.917902e+01
8.364862e+02,6.705917e+01
8.369683e+02,6.508718e+01
8.374504e+02,6.338111e+01
8.379325e+02,6.207733e+01
8.384147e+02,6.131345e+01
8.388968e+02,6.120309e+01
8.393789e+02,6.181050e+01
8.398610e+02,6.313344e+01
8.403431e+02,6.509892e+01
8.408253e+02,6.757247e+01
8.413074e+02,7.037788e+01
8.417896e+02,7.332379e+01
8.422717e+02,7.623167e+01
8.427538e+02,7.895898e+01
8.432359e+02,8.141222e+01
8.437180e+02,8.354749e+01
8.442002e+02,8.536105e+01
8.446823e+02,8.687546e+01
8.451644e+02,8.812666e+01
8.456465e+02,8.915511e+01
8.461287e+02,9.000053e+01
8.466108e+02,9.069878e+01
8.470929e+02,9.127931e+01
8.475751e+02,9.176308e+01
8.480571e+02,9.216192e+01
8.485393e+02,9.248082e+01
8.490214e+02,9.272326e+01
8.495035e+02,9.289739e+01
8.499857e+02,9.302033e+01
8.504678e+02,9.311722e+01
8.509499e+02,9.321483e+01
8.514320e+02,9.333148e+01
8.519142e+02,9.346865e+01
8.523962e+02,9.360809e+01
8.528784e+02,9.371754e+01
8.533605e+02,9.376308e+01
8.538427e+02,9.372412e+01
8.543248e+02,9.360458e+01
8.548069e+02,9.343532e+01
8.552891e+02,9.326677e+01
8.557711e+02,9.315448e+01
8.562533e+02,9.314372e+01
8.567354e+02,9.325834e+01
8.572175e+02,9.349674e+01
8.576996e+02,9.383531e+01
8.581818e+02,9.423694e+01
8.586639e+02,9.466096e+01
8.591460e+02,9.507150e+01
8.596282e+02,9.544188e+01
8.601102e+02,9.575568e+01
8.605924e+02,9.600552e+01
8.610745e+02,9.619166e+01
8.615566e+02,9.632078e+01
8.620388e+02,9.640491e+01
8.625209e+02,9.645918e+01
8.630031e+02,9.649828e+01
8.634851e+02,9.653183e+01
8.639673e+02,9.656039e+01
8.644494e+02,9.657387e+01
8.649315e+02,9.655359e+01
8.654136e+02,9.647814e+01
8.658958e+02,9.633150e+01
8.663779e+02,9.611053e+01
8.668600e+02,9.582951e+01
8.673422e+02,9.551962e+01
8.678242e+02,9.522363e+01
8.683064e+02,9.498701e+01
8.687885e+02,9.484791e+01
8.692706e+02,9.482815e+01
8.697527e+02,9.492799e+01
8.702349e+02,9.512550e+01
8.707170e+02,9.538172e+01
8.711991e+02,9.564976e+01
8.716813e+02,9.588591e+01
8.721634e+02,9.605954e+01
8.726455e+02,9.615868e+01
8.731276e+02,9.618974e+01
8.736097e+02,9.617164e+01
8.740919e+02,9.612701e+01
8.745740e+02,9.607417e+01
8.750562e+02,9.602278e+01
8.755382e+02,9.597451e+01
8.760204e+02,9.592738e+01
8.765025e+02,9.588136e+01
8.769846e+02,9.584205e+01
8.774668e+02,9.582063e+01
8.779489e+02,9.582980e+01
8.784310e+02,9.587756e+01
8.789131e+02,9.596179e+01
8.793953e+02,9.606753e+01
8.798774e+02,9.616900e+01
8.803595e+02,9.623535e+01
8.808416e+02,9.623837e+01
8.813237e+02,9.615976e+01
8.818059e+02,9.599564e+01
8.822880e+02,9.575705e+01
8.827701e+02,9.546717e+01
8.832523e+02,9.515629e+01
8.837344e+02,9.485571e+01
8.842165e+02,9.459185e+01
8.846986e+02,9.438068e+01
8.851808e+02,9.422448e+01
8.856628e+02,9.411112e+01
8.861450e+02,9.401712e+01
8.866271e+02,9.391350e+01
8.871093e+02,9.377318e+01
8.875914e+02,9.357758e+01
8.880735e+02,9.332043e+01
8.885556e+02,9.300736e+01
8.890377e+02,9.265190e+01
8.895199e+02,9.226976e+01
8.900020e+02,9.187392e+01
8.904841e+02,9.147220e+01
8.909662e+02,9.106757e+01
8.914484e+02,9.065965e+01
8.919305e+02,9.024521e+01
8.924126e+02,8.981654e+01
8.928948e+02,8.935807e+01
8.933768e+02,8.884316e+01
8.938590e+02,8.823415e+01
8.943411e+02,8.748700e+01
8.948232e+02,8.656129e+01
8.953054e+02,8.543240e+01
8.957875e+02,8.410297e+01
8.962697e+02,8.260925e+01
8.967517e+02,8.102075e+01
8.972339e+02,7.943388e+01
8.977159e+02,7.796198e+01
8.981981e+02,7.672441e+01
8.986802e+02,7.583521e+01
8.991624e+02,7.539083e+01
8.996445e+02,7.545650e+01
9.001266e+02,7.605268e+01
9.006088e+02,7.714594e+01
9.010908e+02,7.864789e+01
9.015730e+02,8.042510e+01
9.020551e+02,8.231870e+01
9.025372e+02,8.417021e+01
9.030193e+02,8.584776e+01
9.035015e+02,8.726567e+01
9.039836e+02,8.839194e+01
9.044657e+02,8.924085e+01
9.049479e+02,8.985374e+01
9.054299e+02,9.027644e+01
9.059121e+02,9.054185e+01
9.063942e+02,9.066459e+01
9.068763e+02,9.064810e+01
9.073585e+02,9.049887e+01
9.078406e+02,9.023955e+01
9.083228e+02,8.991357e+01
9.088048e+02,8.957847e+01
9.092870e+02,8.929102e+01
9.097691e+02,8.909122e+01
9.102512e+02,8.899167e+01
9.107333e+02,8.897656e+01
9.112155e+02,8.900996e+01
9.116976e+02,8.904982e+01
9.121797e+02,8.906195e+01
9.126619e+02,8.902829e+01
9.131440e+02,8.894738e+01
9.136261e+02,8.882777e+01
9.141082e+02,8.867931e+01
9.145903e+02,8.850593e+01
9.150724e+02,8.830325e+01
9.155546e+02,8.806054e+01
9.160367e+02,8.776507e+01
9.165189e+02,8.740594e+01
9.170010e+02,8.697628e+01
9.174831e+02,8.647285e+01
9.179652e+02,8.589563e+01
9.184473e+02,8.524752e+01
9.189294e+02,8.453565e+01
9.194116e+02,8.377287e+01
9.198937e+02,8.297804e+01
9.203759e+02,8.217435e+01
9.208580e+02,8.138532e+01
9.213401e+02,8.063007e+01
9.218222e+02,7.991869e+01
9.223043e+02,7.924945e+01
9.227864e+02,7.860778e+01
9.232686e+02,7.796770e+01
9.237507e+02,7.729539e+01
9.242328e+02,7.655420e+01
9.247150e+02,7.570992e+01
9.251971e+02,7.473494e+01
9.256792e+02,7.361032e+01
9.261613e+02,7.232529e+01
9.266434e+02,7.087466e+01
9.271255e+02,6.925519e+01
9.276077e+02,6.746270e+01
9.280898e+02,6.549155e+01
9.285720e+02,6.333779e+01
9.290541e+02,6.100578e+01
9.295362e+02,5.851663e+01
9.300183e+02,5.591550e+01
9.305004e+02,5.327475e+01
9.309826e+02,5.069162e+01
9.314647e+02,4.828097e+01
9.319468e+02,4.616571e+01
9.324290e+02,4.446806e+01
9.329111e+02,4.330266e+01
9.333932e+02,4.277101e+01
9.338753e+02,4.295438e+01
9.343574e+02,4.390427e+01
9.348396e+02,4.563130e+01
9.353217e+02,4.809654e+01
9.358038e+02,5.120880e+01
9.362859e+02,5.483007e+01
9.367681e+02,5.878807e+01
9.372502e+02,6.289363e+01
9.377323e+02,6.696024e+01
9.382144e+02,7.082339e+01
9.386966e+02,7.435715e+01
9.391787e+02,7.748430e+01
9.396608e+02,8.017765e+01
9.401429e+02,8.245209e+01
9.406251e+02,8.435025e+01
9.411072e+02,8.592691e+01
9.415893e+02,8.723647e+01
9.420714e+02,8.832609e+01
9.425536e+02,8.923371e+01
9.430357e+02,8.998944e+01
9.435178e+02,9.061721e+01
9.439999e+02,9.113568e+01
9.444821e+02,9.155811e+01
9.449642e+02,9.189233e+01
9.454463e+02,9.214166e+01
9.459284e+02,9.230732e+01
9.464106e+02,9.239150e+01
9.468927e+02,9.239994e+01
9.473748e+02,9.234222e+01
9.478569e+02,9.223028e+01
9.483391e+02,9.207512e+01
9.488212e+02,9.188358e+01
9.493033e+02,9.165667e+01
9.497855e+02,9.139018e+01
9.502676e+02,9.107730e+01
9.507497e+02,9.071265e+01
9.512318e+02,9.029609e+01
9.517139e+02,8.983543e+01
9.521960e+02,8.934676e+01
9.526782e+02,8.885252e+01
9.531603e+02,8.837698e+01
9.536425e+02,8.794089e+01
9.541246e+02,8.755535e+01
9.546067e+02,8.721800e+01
9.550888e+02,8.691222e+01
9.555709e+02,8.661053e+01
9.560530e+02,8.628058e+01
9.565352e+02,8.589226e+01
9.570173e+02,8.542277e+01
9.574995e+02,8.485831e+01
9.579816e+02,8.419196e+01
9.584637e+02,8.341932e+01
9.589458e+02,8.253417e+01
9.594279e+02,8.152686e+01
9.599100e+02,8.038626e+01
9.603922e+02,7.910422e+01
9.608743e+02,7.768002e+01
9.613564e+02,7.612159e+01
9.618386e+02,7.444209e+01
9.623207e+02,7.265285e+01
9.628028e+02,7.075579e+01
9.632849e+02,6.873921e+01
9.637670e+02,6.657950e+01
9.642491e+02,6.424848e+01
9.647313e+02,6.172412e+01
9.652134e+02,5.900084e+01
9.656956e+02,5.609640e+01
9.661777e+02,5.305501e+01
9.666598e+02,4.994796e+01
9.671419e+02,4.687445e+01
9.676240e+02,4.396335e+01
9.681061e+02,4.137358e+01
9.685883e+02,3.928877e+01
9.690704e+02,3.790194e+01
9.695526e+02,3.738957e+01
9.700347e+02,3.787951e+01
9.705168e+02,3.942105e+01
9.709989e+02,4.196601e+01
9.714810e+02,4.536704e+01
9.719631e+02,4.939490e+01
9.724453e+02,5.377162e+01
9.729274e+02,5.821222e+01
9.734095e+02,6.246467e+01
9.738917e+02,6.633783e+01
9.743738e+02,6.971162e+01
9.748559e+02,7.253040e+01
9.753380e+02,7.478639e+01
9.758201e+02,7.650143e+01
9.763023e+02,7.771382e+01
9.767844e+02,7.847152e+01
9.772665e+02,7.882923e+01
9.777487e+02,7.884552e+01
9.782308e+02,7.857707e+01
9.787129e+02,7.807108e+01
9.791950e+02,7.735845e+01
9.796771e+02,7.645171e+01
9.801593e+02,7.534899e+01
9.806414e+02,7.404246e+01
9.811235e+02,7.252798e+01
9.816057e+02,7.081191e+01
9.820878e+02,6.891320e+01
9.825699e+02,6.686122e+01
9.830520e+02,6.469187e+01
9.835342e+02,6.244501e+01
9.840163e+02,6.016378e+01
9.844984e+02,5.789562e+01
9.849805e+02,5.569289e+01
9.854626e+02,5.361171e+01
9.859448e+02,5.170917e+01
9.864269e+02,5.003999e+01
9.869090e+02,4.865412e+01
9.873912e+02,4.759563e+01
9.878733e+02,4.690290e+01
9.883554e+02,4.660868e+01
9.888375e+02,4.673942e+01
9.893196e+02,4.731354e+01
9.898018e+02,4.833868e+01
9.902839e+02,4.980821e+01
9.907660e+02,5.169718e+01
9.912482e+02,5.395887e+01
9.917303e+02,5.652343e+01
9.922124e+02,5.930062e+01
9.926945e+02,6.218755e+01
9.931766e+02,6.507999e+01
9.936588e+02,6.788404e+01
9.941409e+02,7.052423e+01
9.946230e+02,7.294612e+01
9.951052e+02,7.511448e+01
9.955873e+02,7.700939e+01
9.960694e+02,7.862330e+01
9.965515e+02,7.995963e+01
9.970336e+02,8.103241e+01
9.975157e+02,8.186505e+01
9.979979e+02,8.248745e+01
9.984800e+02,8.293135e+01
9.989622e+02,8.322562e+01
9.994443e+02,8.339265e+01
9.999264e+02,8.344701e+01
1.000409e+03,8.339545e+01
1.000891e+03,8.323843e+01
1.001373e+03,8.297134e+01
1.001855e+03,8.258592e+01
1.002337e+03,8.207167e+01
1.002819e+03,8.141785e+01
1.003301e+03,8.061636e+01
1.003783e+03,7.966432e+01
1.004266e+03,7.856531e+01
1.004748e+03,7.732841e+01
1.005230e+03,7.596490e+01
1.005712e+03,7.448454e+01
1.006194e+03,7.289339e+01
1.006676e+03,7.119507e+01
1.007158e+03,6.939549e+01
1.007640e+03,6.750991e+01
1.008122e+03,6.556944e+01
1.008605e+03,6.362498e+01
1.009087e+03,6.174723e+01
1.009569e+03,6.002324e+01
1.010051e+03,5.855067e+01
1.010533e+03,5.743030e+01
1.011015e+03,5.675696e+01
1.011497e+03,5.660876e+01
1.011979e+03,5.703577e+01
1.012462e+03,5.805099e+01
1.012944e+03,5.962642e+01
1.013426e+03,6.169563e+01
1.013908e+03,6.416137e+01
1.014390e+03,6.690607e+01
1.014872e+03,6.980263e+01
1.015354e+03,7.272501e+01
1.015836e+03,7.555835e+01
1.016319e+03,7.820821e+01
1.016801e+03,8.060708e+01
1.017283e+03,8.271667e+01
1.017765e+03,8.452545e+01
1.018247e+03,8.604314e+01
1.018729e+03,8.729442e+01
1.019211e+03,8.831442e+01
1.019693e+03,8.914568e+01
1.020176e+03,8.983568e+01
1.020658e+03,9.043298e+01
1.021140e+03,9.098101e+01
1.021622e+03,9.151083e+01
1.022104e+03,9.203475e+01
1.022586e+03,9.254385e+01
1.023068e+03,9.301154e+01
1.023550e+03,9.340302e+01
1.024033e+03,9.368870e+01
1.024515e+03,9.385685e+01
1.024997e+03,9.392100e+01
1.025479e+03,9.391867e+01
1.025961e+03,9.390199e+01
1.026443e+03,9.392345e+01
1.026925e+03,9.402119e+01
1.027407e+03,9.420882e+01
1.027890e+03,9.447167e+01
1.028372e+03,9.477171e+01
1.028854e+03,9.505846e+01
1.029336e+03,9.528350e+01
1.029818e+03,9.541354e+01
1.030300e+03,9.543851e+01
1.030782e+03,9.537209e+01
1.031264e+03,9.524480e+01
1.031747e+03,9.509297e+01
1.032229e+03,9.494762e+01
1.032711e+03,9.482720e+01
1.033193e+03,9.473637e+01
1.033675e+03,9.466976e+01
1.034157e+03,9.461864e+01
1.034639e+03,9.457673e+01
1.035121e+03,9.454301e+01
1.035604e+03,9.452032e+01
1.036086e+03,9.451115e+01
1.036568e+03,9.451293e+01
1.037050e+03,9.451606e+01
1.037532e+03,9.450536e+01
1.038014e+03,9.446558e+01
1.038496e+03,9.438810e+01
1.038979e+03,9.427617e+01
1.039461e+03,9.414587e+01
1.039943e+03,9.402218e+01
1.040425e+03,9.393159e+01
1.040907e+03,9.389375e+01
1.041389e+03,9.391534e+01
1.041871e+03,9.398790e+01
1.042353e+03,9.408980e+01
1.042835e+03,9.419159e+01
1.043318e+03,9.426306e+01
1.043800e+03,9.427993e+01
1.044282e+03,9.422868e+01
1.044764e+03,9.410860e+01
1.045246e+03,9.393124e+01
1.045728e+03,9.371708e+01
1.046210e+03,9.349072e+01
1.046692e+03,9.327478e+01
1.047175e+03,9.308457e+01
1.047657e+03,9.292471e+01
1.048139e+03,9.278918e+01
1.048621e+03,9.266536e+01
1.049103e+03,9.253990e+01
1.049585e+03,9.240514e+01
1.050067e+03,9.226308e+01
1.050549e+03,9.212502e+01
1.051031e+03,9.200730e+01
1.051514e+03,9.192479e+01
1.051996e+03,9.188471e+01
1.052478e+03,9.188369e+01
1.052960e+03,9.190887e+01
1.053442e+03,9.194225e+01
1.053924e+03,9.196635e+01
1.054406e+03,9.196845e+01
1.054889e+03,9.194176e+01
1.055371e+03,9.188377e+01
1.055853e+03,9.179353e+01
1.056335e+03,9.166972e+01
1.056817e+03,9.151154e+01
1.057299e+03,9.132106e+01
1.057781e+03,9.110616e+01
1.058263e+03,9.088071e+01
1.058746e+03,9.066198e+01
1.059228e+03,9.046498e+01
1.059710e+03,9.029733e+01
1.060192e+03,9.015658e+01
1.060674e+03,9.003168e+01
1.061156e+03,8.990824e+01
1.061638e+03,8.977495e+01
1.062120e+03,8.962808e+01
1.062603e+03,8.947211e+01
1.063085e+03,8.931626e+01
1.063567e+03,8.916911e+01
1.064049e+03,8.903426e+01
1.064531e+03,8.890939e+01
1.065013e+03,8.878896e+01
1.065495e+03,8.866873e+01
1.065977e+03,8.854955e+01
1.066460e+03,8.843764e+01
1.066942e+03,8.834129e+01
1.067424e+03,8.826549e+01
1.067906e+03,8.820742e+01
1.068388e+03,8.815526e+01
1.068870e+03,8.809124e+01
1.069352e+03,8.799747e+01
1.069834e+03,8.786211e+01
1.070317e+03,8.768293e+01
1.070799e+03,8.746685e+01
1.071281e+03,8.722630e+01
1.071763e+03,8.697478e+01
1.072245e+03,8.672419e+01
1.072727e+03,8.648470e+01
1.073209e+03,8.626630e+01
1.073691e+03,8.607998e+01
1.074174e+03,8.593652e+01
1.074656e+03,8.584264e+01
1.075138e+03,8.579618e+01
1.075620e+03,8.578297e+01
1.076102e+03,8.577788e+01
1.076584e+03,8.575109e+01
1.077066e+03,8.567795e+01
1.077548e+03,8.554814e+01
1.078031e+03,8.537067e+01
1.078513e+03,8.517104e+01
1.078995e+03,8.498231e+01
1.079477e+03,8.483320e+01
1.079959e+03,8.473818e+01
1.080441e+03,8.469268e+01
1.080923e+03,8.467481e+01
1.081406e+03,8.465260e+01
1.081888e+03,8.459425e+01
1.082370e+03,8.447743e+01
1.082852e+03,8.429477e+01
1.083334e+03,8.405372e+01
1.083816e+03,8.377196e+01
1.084298e+03,8.347085e+01
1.084780e+03,8.316928e+01
1.085262e+03,8.287982e+01
1.085745e+03,8.260755e+01
1.086227e+03,8.235133e+01
1.086709e+03,8.210648e+01
1.087191e+03,8.186803e+01
1.087673e+03,8.163303e+01
1.088155e+03,8.140189e+01
1.088637e+03,8.117813e+01
1.089119e+03,8.096670e+01
1.089602e+03,8.077188e+01
1.090084e+03,8.059521e+01
1.090566e+03,8.043468e+01
1.091048e+03,8.028531e+01
1.091530e+03,8.014108e+01
1.092012e+03,7.999716e+01
1.092494e+03,7.985173e+01
1.092976e+03,7.970589e+01
1.093458e+03,7.956210e+01
1.093941e+03,7.942139e+01
1.094423e+03,7.928069e+01
1.094905e+03,7.913165e+01
1.095387e+03,7.896158e+01
1.095869e+03,7.875641e+01
1.096351e+03,7.850462e+01
1.096833e+03,7.820064e+01
1.097316e+03,7.784653e+01
1.097798e+03,7.745119e+01
1.098280e+03,7.702816e+01
1.098762e+03,7.659257e+01
1.099244e+03,7.615868e+01
1.099726e+03,7.573869e+01
1.100208e+03,7.534202e+01
1.100690e+03,7.497489e+01
1.101173e+03,7.464008e+01
1.101655e+03,7.433646e+01
1.102137e+03,7.405915e+01
1.102619e+03,7.380018e+01
1.103101e+03,7.354980e+01
1.103583e+03,7.329834e+01
1.104065e+03,7.303749e+01
1.104547e+03,7.276147e+01
1.105030e+03,7.246693e+01
1.105512e+03,7.215256e+01
1.105994e+03,7.181832e+01
1.106476e+03,7.146497e+01
1.106958e+03,7.109385e+01
1.107440e+03,7.070713e+01
1.107922e+03,7.030786e+01
1.108404e+03,6.989953e+01
1.108886e+03,6.948542e+01
1.109369e+03,6.906759e+01
1.109851e+03,6.864623e+01
1.110333e+03,6.821950e+01
1.110815e+03,6.778382e+01
1.111297e+03,6.733461e+01
1.111779e+03,6.686716e+01
1.112261e+03,6.637752e+01
1.112744e+03,6.586353e+01
1.113226e+03,6.532558e+01
1.113708e+03,6.476722e+01
1.114190e+03,6.419479e+01
1.114672e+03,6.361596e+01
1.115154e+03,6.303717e+01
1.115636e+03,6.246068e+01
1.116118e+03,6.188252e+01
1.116601e+03,6.129302e+01
1.117083e+03,6.068033e+01
1.117565e+03,6.003626e+01
1.118047e+03,5.936216e+01
1.118529e+03,5.867202e+01
1.119011e+03,5.799103e+01
1.119493e+03,5.734893e+01
1.119975e+03,5.677078e+01
1.120458e+03,5.626796e+01
1.120940e+03,5.583385e+01
1.121422e+03,5.544546e+01
1.121904e+03,5.507068e+01
1.122386e+03,5.467787e+01
1.122868e+03,5.424384e+01
1.123350e+03,5.375768e+01
1.123832e+03,5.321922e+01
1.124314e+03,5.263441e+01
1.124797e+03,5.201034e+01
1.125279e+03,5.135275e+01
1.125761e+03,5.066671e+01
1.126243e+03,4.995912e+01
1.126725e+03,4.924034e+01
1.127207e+03,4.852293e+01
1.127689e+03,4.781711e+01
1.128172e+03,4.712522e+01
1.128654e+03,4.643838e+01
1.129136e+03,4.573799e+01
1.129618e+03,4.500233e+01
1.130100e+03,4.421575e+01
1.130582e+03,4.337634e+01
1.131064e+03,4.249837e+01
1.131546e+03,4.160825e+01
1.132029e+03,4.073584e+01
1.132511e+03,3.990535e+01
1.132993e+03,3.912933e+01
1.133475e+03,3.840755e+01
1.133957e+03,3.773024e+01
1.134439e+03,3.708310e+01
1.134921e+03,3.645181e+01
1.135403e+03,3.582423e+01
1.135885e+03,3.519068e+01
1.136368e+03,3.454309e+01
1.136850e+03,3.387481e+01
1.137332e+03,3.318163e+01
1.137814e+03,3.246345e+01
1.138296e+03,3.172559e+01
1.138778e+03,3.097820e+01
1.139260e+03,3.023384e+01
1.139742e+03,2.950413e+01
1.140225e+03,2.879711e+01
1.140707e+03,2.811670e+01
1.141189e+03,2.746416e+01
1.141671e+03,2.684019e+01
1.142153e+03,2.624602e+01
1.142635e+03,2.568270e+01
1.143117e+03,2.514889e+01
1.143599e+03,2.463909e+01
1.144082e+03,2.414392e+01
1.144564e+03,2.365321e+01
1.145046e+03,2.316040e+01
1.145528e+03,2.266639e+01
1.146010e+03,2.218027e+01
1.146492e+03,2.171658e+01
1.146974e+03,2.129003e+01
1.147457e+03,2.091058e+01
1.147939e+03,2.058147e+01
1.148421e+03,2.030142e+01
1.148903e+03,2.006969e+01
1.149385e+03,1.989115e+01
1.149867e+03,1.977830e+01
1.150349e+03,1.974898e+01
1.150831e+03,1.982097e+01
1.151313e+03,2.000610e+01
1.151796e+03,2.030675e+01
1.152278e+03,2.071614e+01
1.152760e+03,2.122133e+01
1.153242e+03,2.180707e+01
1.153724e+03,2.245852e+01
1.154206e+03,2.316258e+01
1.154688e+03,2.390829e+01
1.155170e+03,2.468796e+01
1.155653e+03,2.549916e+01
1.156135e+03,2.634741e+01
1.156617e+03,2.724751e+01
1.157099e+03,2.822214e+01
1.157581e+03,2.929714e+01
1.158063e+03,3.049473e+01
1.158545e+03,3.182714e+01
1.159027e+03,3.329351e+01
1.159510e+03,3.488135e+01
1.159992e+03,3.657169e+01
1.160474e+03,3.834485e+01
1.160956e+03,4.018386e+01
1.161438e+03,4.207405e+01
1.161920e+03,4.399933e+01
1.162402e+03,4.593761e+01
1.162885e+03,4.785809e+01
1.163367e+03,4.972177e+01
1.163849e+03,5.148521e+01
1.164331e+03,5.310567e+01
1.164813e+03,5.454570e+01
1.165295e+03,5.577617e+01
1.165777e+03,5.677731e+01
1.166259e+03,5.753837e+01
1.166741e+03,5.805672e+01
1.167224e+03,5.833686e+01
1.167706e+03,5.839000e+01
1.168188e+03,5.823379e+01
1.168670e+03,5.789194e+01
1.169152e+03,5.739255e+01
1.169634e+03,5.676501e+01
1.170116e+03,5.603555e+01
1.170598e+03,5.522334e+01
1.171081e+03,5.433893e+01
1.171563e+03,5.338661e+01
1.172045e+03,5.236986e+01
1.172527e+03,5.129804e+01
1.173009e+03,5.019104e+01
1.173491e+03,4.907954e+01
1.173973e+03,4.800033e+01
1.174455e+03,4.698853e+01
1.174938e+03,4.607067e+01
1.175420e+03,4.526208e+01
1.175902e+03,4.456985e+01
1.176384e+03,4.399960e+01
1.176866e+03,4.356220e+01
1.177348e+03,4.327700e+01
1.177830e+03,4.316960e+01
1.178312e+03,4.326560e+01
1.178795e+03,4.358295e+01
1.179277e+03,4.412632e+01
1.179759e+03,4.488478e+01
1.180241e+03,4.583289e+01
1.180723e+03,4.693321e+01
1.181205e+03,4.813935e+01
1.181687e+03,4.939877e+01
1.182169e+03,5.065548e+01
1.182652e+03,5.185289e+01
1.183134e+03,5.293620e+01
1.183616e+03,5.385423e+01
1.184098e+03,5.456042e+01
1.184580e+03,5.501334e+01
1.185062e+03,5.517779e+01
1.185544e+03,5.502638e+01
1.186026e+03,5.454218e+01
1.186509e+03,5.372171e+01
1.186991e+03,5.257774e+01
1.187473e+03,5.114106e+01
1.187955e+03,4.946067e+01
1.188437e+03,4.760175e+01
1.188919e+03,4.564119e+01
1.189401e+03,4.366118e+01
1.189883e+03,4.174236e+01
1.190366e+03,3.995798e+01
1.190848e+03,3.837042e+01
1.191330e+03,3.702937e+01
1.191812e+03,3.597087e+01
1.192294e+03,3.521518e+01
1.192776e+03,3.476401e+01
1.193258e+03,3.459800e+01
1.193740e+03,3.467744e+01
1.194223e+03,3.494744e+01
1.194705e+03,3.534699e+01
1.195187e+03,3.581936e+01
1.195669e+03,3.632032e+01
1.196151e+03,3.682183e+01
1.196633e+03,3.731063e+01
1.197115e+03,3.778352e+01
1.197597e+03,3.824211e+01
1.198080e+03,3.868951e+01
1.198562e+03,3.913052e+01
1.199044e+03,3.957378e+01
1.199526e+03,4.003392e+01
1.200008e+03,4.053117e+01
1.200490e+03,4.108753e+01
1.200972e+03,4.172063e+01
1.201454e+03,4.243797e+01
1.201937e+03,4.323456e+01
1.202419e+03,4.409547e+01
1.202901e+03,4.500215e+01
1.203383e+03,4.594033e+01
1.203865e+03,4.690599e+01
1.204347e+03,4.790751e+01
1.204829e+03,4.896349e+01
1.205312e+03,5.009782e+01
1.205794e+03,5.133399e+01
1.206276e+03,5.269078e+01
1.206758e+03,5.418019e+01
1.207240e+03,5.580680e+01
1.207722e+03,5.756781e+01
1.208204e+03,5.945285e+01
1.208686e+03,6.144308e+01
1.209168e+03,6.351081e+01
1.209651e+03,6.561993e+01
1.210133e+03,6.772748e+01
1.210615e+03,6.978672e+01
1.211097e+03,7.175093e+01
1.211579e+03,7.357792e+01
1.212061e+03,7.523425e+01
1.212543e+03,7.669811e+01
1.213025e+03,7.796000e+01
1.213508e+03,7.902074e+01
1.213990e+03,7.988757e+01
1.214472e+03,8.056998e+01
1.214954e+03,8.107663e+01
1.215436e+03,8.141399e+01
1.215918e+03,8.158651e+01
1.216400e+03,8.159683e+01
1.216882e+03,8.144576e+01
1.217365e+03,8.113182e+01
1.217847e+03,8.065127e+01
1.218329e+03,7.999981e+01
1.218811e+03,7.917627e+01
1.219293e+03,7.818752e+01
1.219775e+03,7.705265e+01
1.220257e+03,7.580470e+01
1.220740e+03,7.448890e+01
1.221222e+03,7.315844e+01
1.221704e+03,7.187011e+01
1.222186e+03,7.068121e+01
1.222668e+03,6.964870e+01
1.223150e+03,6.882870e+01
1.223632e+03,6.827450e+01
1.224114e+03,6.803198e+01
1.224596e+03,6.813311e+01
1.225079e+03,6.858998e+01
1.225561e+03,6.939156e+01
1.226043e+03,7.050488e+01
1.226525e+03,7.187943e+01
1.227007e+03,7.345383e+01
1.227489e+03,7.516275e+01
1.227971e+03,7.694253e+01
1.228453e+03,7.873553e+01
1.228936e+03,8.049223e+01
1.229418e+03,8.217205e+01
1.229900e+03,8.374371e+01
1.230382e+03,8.518561e+01
1.230864e+03,8.648653e+01
1.231346e+03,8.764633e+01
1.231828e+03,8.867457e+01
1.232310e+03,8.958686e+01
1.232792e+03,9.039946e+01
1.233275e+03,9.112350e+01
1.233757e+03,9.176221e+01
1.234239e+03,9.231201e+01
1.234721e+03,9.276792e+01
1.235203e+03,9.313067e+01
1.235685e+03,9.341203e+01
1.236167e+03,9.363545e+01
1.236650e+03,9.383086e+01
1.237132e+03,9.402614e+01
1.237614e+03,9.423840e+01
1.238096e+03,9.446935e+01
1.238578e+03,9.470623e+01
1.239060e+03,9.492791e+01
1.239542e+03,9.511333e+01
1.240024e+03,9.524891e+01
1.240507e+03,9.533210e+01
1.240989e+03,9.537012e+01
1.241471e+03,9.537543e+01
1.241953e+03,9.536071e+01
1.242435e+03,9.533565e+01
1.242917e+03,9.530614e+01
1.243399e+03,9.527532e+01
1.243881e+03,9.524493e+01
1.244364e+03,9.521579e+01
1.244846e+03,9.518707e+01
1.245328e+03,9.515542e+01
1.245810e+03,9.511478e+01
1.246292e+03,9.505797e+01
1.246774e+03,9.497952e+01
1.247256e+03,9.487859e+01
1.247738e+03,9.476071e+01
1.248220e+03,9.463733e+01
1.248703e+03,9.452361e+01
1.249185e+03,9.443506e+01
1.249667e+03,9.438483e+01
1.250149e+03,9.438211e+01
1.250631e+03,9.443156e+01
1.251113e+03,9.453341e+01
1.251595e+03,9.468320e+01
1.252078e+03,9.487186e+01
1.252560e+03,9.508596e+01
1.253042e+03,9.530901e+01
1.253524e+03,9.552396e+01
1.254006e+03,9.571674e+01
1.254488e+03,9.587930e+01
1.254970e+03,9.601076e+01
1.255452e+03,9.611617e+01
1.255935e+03,9.620296e+01
1.256417e+03,9.627663e+01
1.256899e+03,9.633810e+01
1.257381e+03,9.638367e+01
1.257863e+03,9.640785e+01
1.258345e+03,9.640742e+01
1.258827e+03,9.638477e+01
1.259309e+03,9.634828e+01
1.259792e+03,9.630994e+01
1.260274e+03,9.628069e+01
1.260756e+03,9.626640e+01
1.261238e+03,9.626615e+01
1.261720e+03,9.627390e+01
1.262202e+03,9.628207e+01
1.262684e+03,9.628536e+01
1.263166e+03,9.628250e+01
1.263648e+03,9.627579e+01
1.264131e+03,9.626868e+01
1.264613e+03,9.626357e+01
1.265095e+03,9.626081e+01
1.265577e+03,9.625966e+01
1.266059e+03,9.626022e+01
1.266541e+03,9.626473e+01
1.267023e+03,9.627711e+01
1.267505e+03,9.630075e+01
1.267988e+03,9.633565e+01
1.268470e+03,9.637682e+01
1.268952e+03,9.641528e+01
1.269434e+03,9.644151e+01
1.269916e+03,9.644988e+01
1.270398e+03,9.644167e+01
1.270880e+03,9.642483e+01
1.271363e+03,9.641037e+01
1.271845e+03,9.640679e+01
1.272327e+03,9.641579e+01
1.272809e+03,9.643156e+01
1.273291e+03,9.644402e+01
1.273773e+03,9.644454e+01
1.274255e+03,9.643107e+01
1.274737e+03,9.641008e+01
1.275219e+03,9.639446e+01
1.275702e+03,9.639796e+01
1.276184e+03,9.642924e+01
1.276666e+03,9.648769e+01
1.277148e+03,9.656314e+01
1.277630e+03,9.663932e+01
1.278112e+03,9.669947e+01
1.278594e+03,9.673176e+01
1.279076e+03,9.673230e+01
1.279559e+03,9.670524e+01
1.280041e+03,9.666011e+01
1.280523e+03,9.660825e+01
1.281005e+03,9.655934e+01
1.281487e+03,9.651907e+01
1.281969e+03,9.648807e+01
1.282451e+03,9.646180e+01
1.282933e+03,9.643150e+01
1.283416e+03,9.638641e+01
1.283898e+03,9.631655e+01
1.284380e+03,9.621632e+01
1.284862e+03,9.608714e+01
1.285344e+03,9.593834e+01
1.285826e+03,9.578495e+01
1.286308e+03,9.564285e+01
1.286791e+03,9.552292e+01
1.287273e+03,9.542680e+01
1.287755e+03,9.534622e+01
1.288237e+03,9.526665e+01
1.288719e+03,9.517367e+01
1.289201e+03,9.505886e+01
1.289683e+03,9.492207e+01
1.290165e+03,9.476888e+01
1.290647e+03,9.460458e+01
1.291130e+03,9.442813e+01
1.291612e+03,9.422942e+01
1.292094e+03,9.399175e+01
1.292576e+03,9.369854e+01
1.293058e+03,9.334148e+01
1.293540e+03,9.292597e+01
1.294022e+03,9.247112e+01
1.294504e+03,9.200419e+01
1.294987e+03,9.155233e+01
1.295469e+03,9.113531e+01
1.295951e+03,9.076183e+01
1.296433e+03,9.043030e+01
1.296915e+03,9.013232e+01
1.297397e+03,8.985664e+01
1.297879e+03,8.959104e+01
1.298361e+03,8.932200e+01
1.298844e+03,8.903310e+01
1.299326e+03,8.870467e+01
1.299808e+03,8.831612e+01
1.300290e+03,8.785106e+01
1.300772e+03,8.730311e+01
1.301254e+03,8.667937e+01
1.301736e+03,8.599939e+01
1.302219e+03,8.528919e+01
1.302701e+03,8.457279e+01
1.303183e+03,8.386472e+01
1.303665e+03,8.316611e+01
1.304147e+03,8.246545e+01
1.304629e+03,8.174300e+01
1.305111e+03,8.097658e+01
1.305593e+03,8.014708e+01
1.306075e+03,7.924194e+01
1.306558e+03,7.825642e+01
1.307040e+03,7.719373e+01
1.307522e+03,7.606408e+01
1.308004e+03,7.488296e+01
1.308486e+03,7.366814e+01
1.308968e+03,7.243537e+01
1.309450e+03,7.119407e+01
1.309932e+03,6.994467e+01
1.310415e+03,6.867906e+01
1.310897e+03,6.738411e+01
1.311379e+03,6.604705e+01
1.311861e+03,6.466061e+01
1.312343e+03,6.322597e+01
1.312825e+03,6.175195e+01
1.313307e+03,6.025109e+01
1.313789e+03,5.873507e+01
1.314272e+03,5.721189e+01
1.314754e+03,5.568595e+01
1.315236e+03,5.416003e+01
1.315718e+03,5.263678e+01
1.316200e+03,5.111811e+01
1.316682e+03,4.960265e+01
1.317164e+03,4.808376e+01
1.317646e+03,4.655016e+01
1.318129e+03,4.499098e+01
1.318611e+03,4.340338e+01
1.319093e+03,4.179892e+01
1.319575e+03,4.020407e+01
1.320057e+03,3.865355e+01
1.320539e+03,3.717932e+01
1.321021e+03,3.580180e+01
1.321503e+03,3.452784e+01
1.321986e+03,3.335647e+01
1.322468e+03,3.228852e+01
1.322950e+03,3.133484e+01
1.323432e+03,3.051832e+01
1.323914e+03,2.986872e+01
1.324396e+03,2.941276e+01
1.324878e+03,2.916528e+01
1.325360e+03,2.912652e+01
1.325843e+03,2.928706e+01
1.326325e+03,2.963710e+01
1.326807e+03,3.017468e+01
1.327289e+03,3.090846e+01
1.327771e+03,3.185452e+01
1.328253e+03,3.302958e+01
1.328735e+03,3.444524e+01
1.329218e+03,3.610603e+01
1.329700e+03,3.801049e+01
1.330182e+03,4.015259e+01
1.330664e+03,4.252009e+01
1.331146e+03,4.509000e+01
1.331628e+03,4.782452e+01
1.332110e+03,5.067157e+01
1.332592e+03,5.357174e+01
1.333074e+03,5.646894e+01
1.333557e+03,5.931904e+01
1.334039e+03,6.209255e+01
1.334521e+03,6.477097e+01
1.335003e+03,6.734013e+01
1.335485e+03,6.978484e+01
1.335967e+03,7.208828e+01
1.336449e+03,7.423558e+01
1.336931e+03,7.621912e+01
1.337414e+03,7.804150e+01
1.337896e+03,7.971365e+01
1.338378e+03,8.124865e+01
1.338860e+03,8.265424e+01
1.339342e+03,8.392854e+01
1.339824e+03,8.506207e+01
1.340306e+03,8.604546e+01
1.340788e+03,8.687685e+01
1.341271e+03,8.756434e+01
1.341753e+03,8.812311e+01
1.342235e+03,8.857086e+01
1.342717e+03,8.892496e+01
1.343199e+03,8.920148e+01
1.343681e+03,8.941536e+01
1.344163e+03,8.957974e+01
1.344646e+03,8.970421e+01
1.345128e+03,8.979225e+01
1.345610e+03,8.984010e+01
1.346092e+03,8.983774e+01
1.346574e+03,8.977271e+01
1.347056e+03,8.963453e+01
1.347538e+03,8.941828e+01
1.348020e+03,8.912472e+01
1.348502e+03,8.875765e+01
1.348985e+03,8.831955e+01
1.349467e+03,8.780843e+01
1.349949e+03,8.721786e+01
1.350431e+03,8.654014e+01
1.350913e+03,8.577074e+01
1.351395e+03,8.491121e+01
1.351877e+03,8.396896e+01
1.352359e+03,8.295458e+01
1.352842e+03,8.187926e+01
1.353324e+03,8.075446e+01
1.353806e+03,7.959492e+01
1.354288e+03,7.842291e+01
1.354770e+03,7.727076e+01
1.355252e+03,7.617810e+01
1.355734e+03,7.518434e+01
1.356216e+03,7.431944e+01
1.356698e+03,7.359756e+01
1.357181e+03,7.301647e+01
1.357663e+03,7.256167e+01
1.358145e+03,7.221302e+01
1.358627e+03,7.195095e+01
1.359109e+03,7.176082e+01
1.359591e+03,7.163503e+01
1.360073e+03,7.157336e+01
1.360556e+03,7.158286e+01
1.361038e+03,7.167692e+01
1.361520e+03,7.187282e+01
1.362002e+03,7.218610e+01
1.362484e+03,7.262206e+01
1.362966e+03,7.316930e+01
1.363448e+03,7.380155e+01
1.363930e+03,7.448864e+01
1.364413e+03,7.520895e+01
1.364895e+03,7.595569e+01
1.365377e+03,7.673580e+01
1.365859e+03,7.756425e+01
1.366341e+03,7.845670e+01
1.366823e+03,7.942155e+01
1.367305e+03,8.045293e+01
1.367787e+03,8.152673e+01
1.368270e+03,8.260303e+01
1.368752e+03,8.363520e+01
1.369234e+03,8.458314e+01
1.369716e+03,8.542389e+01
1.370198e+03,8.615545e+01
1.370680e+03,8.679333e+01
1.371162e+03,8.736253e+01
1.371644e+03,8.788891e+01
1.372126e+03,8.839167e+01
1.372609e+03,8.887828e+01
1.373091e+03,8.934248e+01
1.373573e+03,8.976804e+01
1.374055e+03,9.013783e+01
1.374537e+03,9.044562e+01
1.375019e+03,9.070129e+01
1.375501e+03,9.092512e+01
1.375984e+03,9.113584e+01
1.376466e+03,9.134160e+01
1.376948e+03,9.153773e+01
1.377430e+03,9.171087e+01
1.377912e+03,9.184602e+01
1.378394e+03,9.193447e+01
1.378876e+03,9.197906e+01
1.379358e+03,9.199416e+01
1.379841e+03,9.199990e+01
1.380323e+03,9.201429e+01
1.380805e+03,9.204732e+01
1.381287e+03,9.209991e+01
1.381769e+03,9.216693e+01
1.382251e+03,9.224171e+01
1.382733e+03,9.231950e+01
1.383215e+03,9.239851e+01
1.383698e+03,9.247857e+01
1.384180e+03,9.255894e+01
1.384662e+03,9.263743e+01
1.385144e+03,9.271101e+01
1.385626e+03,9.277845e+01
1.386108e+03,9.284241e+01
1.386590e+03,9.290968e+01
1.387072e+03,9.298721e+01
1.387554e+03,9.307575e+01
1.388037e+03,9.316634e+01
1.388519e+03,9.324334e+01
1.389001e+03,9.329217e+01
1.389483e+03,9.330620e+01
1.389965e+03,9.328879e+01
1.390447e+03,9.325037e+01
1.390929e+03,9.320222e+01
1.391411e+03,9.314917e+01
1.391894e+03,9.308413e+01
1.392376e+03,9.298644e+01
1.392858e+03,9.282603e+01
1.393340e+03,9.257434e+01
1.393822e+03,9.222071e+01
1.394304e+03,9.178725e+01
1.394786e+03,9.132812e+01
1.395269e+03,9.090585e+01
1.395751e+03,9.055711e+01
1.396233e+03,9.027344e+01
1.396715e+03,9.000629e+01
1.397197e+03,8.968542e+01
1.397679e+03,8.923782e+01
1.398161e+03,8.860557e+01
1.398643e+03,8.776228e+01
1.399125e+03,8.672401e+01
1.399608e+03,8.554344e+01
1.400090e+03,8.428679e+01
1.400572e+03,8.300933e+01
1.401054e+03,8.174629e+01
1.401536e+03,8.051942e+01
1.402018e+03,7.934943e+01
1.402500e+03,7.826417e+01
1.402982e+03,7.729892e+01
1.403465e+03,7.648782e+01
1.403947e+03,7.584951e+01
1.404429e+03,7.537482e+01
1.404911e+03,7.502695e+01
1.405393e+03,7.475904e+01
1.405875e+03,7.453893e+01
1.406357e+03,7.436487e+01
1.406839e+03,7.426456e+01
1.407322e+03,7.428358e+01
1.407804e+03,7.447300e+01
1.408286e+03,7.488129e+01
1.408768e+03,7.554933e+01
1.409250e+03,7.650436e+01
1.409732e+03,7.775101e+01
1.410214e+03,7.926016e+01
1.410697e+03,8.096244e+01
1.411179e+03,8.275320e+01
1.411661e+03,8.451183e+01
1.412143e+03,8.612883e+01
1.412625e+03,8.752874e+01
1.413107e+03,8.867976e+01
1.413589e+03,8.958880e+01
1.414071e+03,9.028667e+01
1.414553e+03,9.081109e+01
1.415036e+03,9.119348e+01
1.415518e+03,9.145288e+01
1.416000e+03,9.159676e+01
1.416482e+03,9.162624e+01
1.416964e+03,9.154170e+01
1.417446e+03,9.134621e+01
1.417928e+03,9.104549e+01
1.418410e+03,9.064587e+01
1.418893e+03,9.015329e+01
1.419375e+03,8.957563e+01
1.419857e+03,8.892420e+01
1.420339e+03,8.820981e+01
1.420821e+03,8.743341e+01
1.421303e+03,8.657660e+01
1.421785e+03,8.559509e+01
1.422267e+03,8.441851e+01
1.422750e+03,8.296256e+01
1.423232e+03,8.116159e+01
1.423714e+03,7.901776e+01
1.424196e+03,7.663779e+01
1.424678e+03,7.421596e+01
1.425160e+03,7.196095e+01
1.425642e+03,7.002045e+01
1.426125e+03,6.845410e+01
1.426607e+03,6.725238e+01
1.427089e+03,6.636797e+01
1.427571e+03,6.573534e+01
1.428053e+03,6.527274e+01
1.428535e+03,6.487312e+01
1.429017e+03,6.439686e+01
1.429499e+03,6.367884e+01
1.429981e+03,6.255690e+01
1.430464e+03,6.091303e+01
1.430946e+03,5.870999e+01
1.431428e+03,5.600659e+01
1.431910e+03,5.294389e+01
1.432392e+03,4.970701e+01
1.432874e+03,4.647938e+01
1.433356e+03,4.341033e+01
1.433838e+03,4.061024e+01
1.434321e+03,3.817521e+01
1.434803e+03,3.623164e+01
1.435285e+03,3.497746e+01
1.435767e+03,3.467216e+01
1.436249e+03,3.552294e+01
1.436731e+03,3.750705e+01
1.437213e+03,4.031899e+01
1.437696e+03,4.354731e+01
1.438177e+03,4.689633e+01
1.438660e+03,5.025145e+01
1.439142e+03,5.361044e+01
1.439624e+03,5.699141e+01
1.440106e+03,6.037322e+01
1.440588e+03,6.367565e+01
1.441070e+03,6.677266e+01
1.441552e+03,6.952870e+01
1.442035e+03,7.184030e+01
1.442517e+03,7.366305e+01
1.442999e+03,7.501138e+01
1.443481e+03,7.593591e+01
1.443963e+03,7.649333e+01
1.444445e+03,7.672407e+01
1.444927e+03,7.664403e+01
1.445409e+03,7.624888e+01
1.445892e+03,7.552707e+01
1.446374e+03,7.447888e+01
1.446856e+03,7.313904e+01
1.447338e+03,7.159402e+01
1.447820e+03,6.997862e+01
1.448302e+03,6.844244e+01
1.448784e+03,6.710321e+01
1.449266e+03,6.602092e+01
1.449749e+03,6.520736e+01
1.450231e+03,6.465510e+01
1.450713e+03,6.436079e+01
1.451195e+03,6.433073e+01
1.451677e+03,6.456968e+01
1.452159e+03,6.506344e+01
1.452641e+03,6.576900e+01
1.453124e+03,6.662166e+01
1.453605e+03,6.755608e+01
1.454088e+03,6.852953e+01
1.454570e+03,6.953687e+01
1.455052e+03,7.061482e+01
1.455534e+03,7.183297e+01
1.456016e+03,7.326051e+01
1.456498e+03,7.489277e+01
1.456980e+03,7.657360e+01
1.457463e+03,7.804021e+01
1.457945e+03,7.911399e+01
1.458427e+03,7.980794e+01
1.458909e+03,8.024348e+01
1.459391e+03,8.053787e+01
1.459873e+03,8.076566e+01
1.460355e+03,8.096816e+01
1.460837e+03,8.117191e+01
1.461320e+03,8.140154e+01
1.461802e+03,8.168600e+01
1.462284e+03,8.205957e+01
1.462766e+03,8.255889e+01
1.463248e+03,8.321394e+01
1.463730e+03,8.403232e+01
1.464212e+03,8.498211e+01
1.464694e+03,8.598991e+01
1.465177e+03,8.696733e+01
1.465659e+03,8.785164e+01
1.466141e+03,8.862479e+01
1.466623e+03,8.930036e+01
1.467105e+03,8.989889e+01
1.467587e+03,9.043303e+01
1.468069e+03,9.090627e+01
1.468552e+03,9.131934e+01
1.469033e+03,9.167763e+01
1.469516e+03,9.199586e+01
1.469998e+03,9.229875e+01
1.470480e+03,9.261816e+01
1.470962e+03,9.298625e+01
1.471444e+03,9.342377e+01
1.471926e+03,9.392437e+01
1.472408e+03,9.444745e+01
1.472891e+03,9.493717e+01
1.473373e+03,9.535919e+01
1.473855e+03,9.571754e+01
1.474337e+03,9.603823e+01
1.474819e+03,9.634534e+01
1.475301e+03,9.664969e+01
1.475783e+03,9.694979e+01
1.476265e+03,9.723860e+01
1.476748e+03,9.751021e+01
1.477230e+03,9.776316e+01
1.477712e+03,9.799890e+01
1.478194e+03,9.821814e+01
1.478676e+03,9.841806e+01
1.479158e+03,9.859241e+01
1.479640e+03,9.873441e+01
1.480122e+03,9.884069e+01
1.480604e+03,9.891484e+01
1.481087e+03,9.896736e+01
1.481569e+03,9.901103e+01
1.482051e+03,9.905389e+01
1.482533e+03,9.909480e+01
1.483015e+03,9.912510e+01
1.483497e+03,9.913481e+01
1.483979e+03,9.911879e+01
1.484461e+03,9.908047e+01
1.484944e+03,9.903149e+01
1.485426e+03,9.898769e+01
1.485908e+03,9.896230e+01
1.486390e+03,9.895858e+01
1.486872e+03,9.896466e+01
1.487354e+03,9.895354e+01
1.487836e+03,9.888857e+01
1.488319e+03,9.873248e+01
1.488801e+03,9.845922e+01
1.489283e+03,9.806631e+01
1.489765e+03,9.758250e+01
1.490247e+03,9.706093e+01
1.490729e+03,9.655749e+01
1.491211e+03,9.610938e+01
1.491693e+03,9.572930e+01
1.492176e+03,9.541245e+01
1.492658e+03,9.514539e+01
1.493140e+03,9.491137e+01
1.493622e+03,9.469205e+01
1.494104e+03,9.446851e+01
1.494586e+03,9.422398e+01
1.495068e+03,9.394975e+01
1.495550e+03,9.365422e+01
1.496032e+03,9.336824e+01
1.496515e+03,9.313829e+01
1.496997e+03,9.300414e+01
1.497479e+03,9.297516e+01
1.497961e+03,9.302540e+01
1.498443e+03,9.310996e+01
1.498925e+03,9.318754e+01
1.499407e+03,9.323495e+01
1.499890e+03,9.324959e+01
1.500372e+03,9.324296e+01
1.500854e+03,9.323078e+01
1.501336e+03,9.322456e+01
1.501818e+03,9.322756e+01
1.502300e+03,9.323564e+01
1.502782e+03,9.324099e+01
1.503264e+03,9.323646e+01
1.503747e+03,9.321945e+01
1.504229e+03,9.319485e+01
1.504711e+03,9.317838e+01
1.505193e+03,9.320058e+01
1.505675e+03,9.330900e+01
1.506157e+03,9.355483e+01
1.506639e+03,9.394409e+01
1.507121e+03,9.439167e+01
1.507604e+03,9.478068e+01
1.508086e+03,9.506647e+01
1.508568e+03,9.527368e+01
1.509050e+03,9.543793e+01
1.509532e+03,9.557807e+01
1.510014e+03,9.569637e+01
1.510496e+03,9.578624e+01
1.510979e+03,9.584006e+01
1.511460e+03,9.585480e+01
1.511943e+03,9.583515e+01
1.512425e+03,9.579234e+01
1.512907e+03,9.574049e+01
1.513389e+03,9.569288e+01
1.513871e+03,9.566041e+01
1.514353e+03,9.565308e+01
1.514835e+03,9.568235e+01
1.515318e+03,9.576192e+01
1.515800e+03,9.590313e+01
1.516282e+03,9.610466e+01
1.516764e+03,9.634332e+01
1.517246e+03,9.657944e+01
1.517728e+03,9.677763e+01
1.518210e+03,9.692482e+01
1.518692e+03,9.703246e+01
1.519175e+03,9.712891e+01
1.519657e+03,9.725155e+01
1.520139e+03,9.743820e+01
1.520621e+03,9.771049e+01
1.521103e+03,9.804711e+01
1.521585e+03,9.837436e+01
1.522067e+03,9.860741e+01
1.522549e+03,9.871017e+01
1.523031e+03,9.870427e+01
1.523514e+03,9.863516e+01
1.523996e+03,9.854407e+01
1.524478e+03,9.845982e+01
1.524960e+03,9.839996e+01
1.525442e+03,9.837316e+01
1.525924e+03,9.837998e+01
1.526406e+03,9.841395e+01
1.526888e+03,9.846408e+01
1.527371e+03,9.851857e+01
1.527853e+03,9.856788e+01
1.528335e+03,9.860622e+01
1.528817e+03,9.863167e+01
1.529299e+03,9.864581e+01
1.529781e+03,9.865342e+01
1.530263e+03,9.866146e+01
1.530746e+03,9.867815e+01
1.531228e+03,9.871124e+01
1.531710e+03,9.876593e+01
1.532192e+03,9.884113e+01
1.532674e+03,9.892514e+01
1.533156e+03,9.899529e+01
1.533638e+03,9.902843e+01
1.534120e+03,9.901691e+01
1.534603e+03,9.897179e+01
1.535085e+03,9.891107e+01
1.535567e+03,9.884766e+01
1.536049e+03,9.878625e+01
1.536531e+03,9.872536e+01
1.537013e+03,9.866006e+01
1.537495e+03,9.858454e+01
1.537977e+03,9.849485e+01
1.538459e+03,9.839310e+01
1.538942e+03,9.829372e+01
1.539424e+03,9.822716e+01
1.539906e+03,9.822892e+01
1.540388e+03,9.831066e+01
1.540870e+03,9.844572e+01
1.541352e+03,9.859427e+01
1.541834e+03,9.873249e+01
1.542316e+03,9.885531e+01
1.542799e+03,9.896552e+01
1.543281e+03,9.906544e+01
1.543763e+03,9.915400e+01
1.544245e+03,9.922784e+01
1.544727e+03,9.928471e+01
1.545209e+03,9.932594e+01
1.545691e+03,9.935658e+01
1.546174e+03,9.938228e+01
1.546656e+03,9.940702e+01
1.547138e+03,9.943173e+01
1.547620e+03,9.945490e+01
1.548102e+03,9.947362e+01
1.548584e+03,9.948500e+01
1.549066e+03,9.948737e+01
1.549548e+03,9.948081e+01
1.550031e+03,9.946565e+01
1.550513e+03,9.944039e+01
1.550995e+03,9.940021e+01
1.551477e+03,9.933848e+01
1.551959e+03,9.925008e+01
1.552441e+03,9.913566e+01
1.552923e+03,9.900549e+01
1.553405e+03,9.888098e+01
1.553887e+03,9.879025e+01
1.554370e+03,9.875644e+01
1.554852e+03,9.878465e+01
1.555334e+03,9.885763e+01
1.555816e+03,9.894306e+01
1.556298e+03,9.900536e+01
1.556780e+03,9.901427e+01
1.557262e+03,9.895053e+01
1.557744e+03,9.881737e+01
1.558227e+03,9.866685e+01
1.558709e+03,9.861044e+01
1.559191e+03,9.872153e+01
1.559673e+03,9.892587e+01
1.560155e+03,9.910791e+01
1.560637e+03,9.922675e+01
1.561119e+03,9.929472e+01
1.561602e+03,9.933472e+01
1.562083e+03,9.936346e+01
1.562566e+03,9.938795e+01
1.563048e+03,9.940617e+01
1.563530e+03,9.940898e+01
1.564012e+03,9.938494e+01
1.564494e+03,9.932715e+01
1.564976e+03,9.923961e+01
1.565458e+03,9.913726e+01
1.565941e+03,9.903947e+01
1.566423e+03,9.896135e+01
1.566905e+03,9.890944e+01
1.567387e+03,9.888203e+01
1.567869e+03,9.887212e+01
1.568351e+03,9.887126e+01
1.568833e+03,9.887338e+01
1.569315e+03,9.887759e+01
1.569798e+03,9.888715e+01
1.570280e+03,9.890449e+01
1.570762e+03,9.892683e+01
1.571244e+03,9.894708e+01
1.571726e+03,9.895757e+01
1.572208e+03,9.895248e+01
1.572690e+03,9.892810e+01
1.573172e+03,9.888098e+01
1.573655e+03,9.880554e+01
1.574137e+03,9.869106e+01
1.574619e+03,9.852045e+01
1.575101e+03,9.827574e+01
1.575583e+03,9.795441e+01
1.576065e+03,9.759063e+01
1.576547e+03,9.725360e+01
1.577030e+03,9.700980e+01
1.577511e+03,9.688573e+01
1.577994e+03,9.686736e+01
1.578476e+03,9.692178e+01
1.578958e+03,9.701415e+01
1.579440e+03,9.711387e+01
1.579922e+03,9.719542e+01
1.580404e+03,9.723916e+01
1.580886e+03,9.723347e+01
1.581369e+03,9.717770e+01
1.581851e+03,9.708319e+01
1.582333e+03,9.697103e+01
1.582815e+03,9.686665e+01
1.583297e+03,9.679391e+01
1.583779e+03,9.677057e+01
1.584261e+03,9.680527e+01
1.584743e+03,9.689648e+01
1.585226e+03,9.703313e+01
1.585708e+03,9.719743e+01
1.586190e+03,9.736954e+01
1.586672e+03,9.753207e+01
1.587154e+03,9.767316e+01
1.587636e+03,9.778716e+01
1.588118e+03,9.787329e+01
1.588600e+03,9.793378e+01
1.589083e+03,9.797193e+01
1.589565e+03,9.799126e+01
1.590047e+03,9.799572e+01
1.590529e+03,9.799026e+01
1.591011e+03,9.798125e+01
1.591493e+03,9.797543e+01
1.591975e+03,9.797787e+01
1.592458e+03,9.798936e+01
1.592939e+03,9.800430e+01
1.593422e+03,9.801114e+01
1.593904e+03,9.799548e+01
1.594386e+03,9.794577e+01
1.594868e+03,9.785854e+01
1.595350e+03,9.774117e+01
1.595832e+03,9.760975e+01
1.596314e+03,9.748299e+01
1.596797e+03,9.737461e+01
1.597279e+03,9.728819e+01
1.597761e+03,9.721655e+01
1.598243e+03,9.714560e+01
1.598725e+03,9.706027e+01
1.599207e+03,9.694995e+01
1.599689e+03,9.681134e+01
1.600171e+03,9.664771e+01
1.600654e+03,9.646500e+01
1.601136e+03,9.626658e+01
1.601618e+03,9.604948e+01
1.602100e+03,9.580463e+01
1.602582e+03,9.552092e+01
1.603064e+03,9.519186e+01
1.603546e+03,9.482047e+01
1.604028e+03,9.442061e+01
1.604510e+03,9.401356e+01
1.604993e+03,9.362247e+01
1.605475e+03,9.326768e+01
1.605957e+03,9.296481e+01
1.606439e+03,9.272490e+01
1.606921e+03,9.255505e+01
1.607403e+03,9.245718e+01
1.607885e+03,9.242597e+01
1.608367e+03,9.244693e+01
1.608850e+03,9.249801e+01
1.609332e+03,9.255492e+01
1.609814e+03,9.259818e+01
1.610296e+03,9.261829e+01
1.610778e+03,9.261686e+01
1.611260e+03,9.260348e+01
1.611742e+03,9.258999e+01
1.612225e+03,9.258524e+01
1.612707e+03,9.259208e+01
1.613189e+03,9.260780e+01
1.613671e+03,9.262622e+01
1.614153e+03,9.264003e+01
1.614635e+03,9.264146e+01
1.615117e+03,9.262144e+01
1.615599e+03,9.256754e+01
1.616082e+03,9.246490e+01
1.616564e+03,9.230331e+01
1.617046e+03,9.208823e+01
1.617528e+03,9.184269e+01
1.618010e+03,9.159657e+01
1.618492e+03,9.137423e+01
1.618974e+03,9.119007e+01
1.619456e+03,9.104930e+01
1.619938e+03,9.094952e+01
1.620421e+03,9.088113e+01
1.620903e+03,9.082735e+01
1.621385e+03,9.076472e+01
1.621867e+03,9.066691e+01
1.622349e+03,9.051296e+01
1.622831e+03,9.029864e+01
1.623313e+03,9.004167e+01
1.623796e+03,8.977143e+01
1.624278e+03,8.950880e+01
1.624760e+03,8.925327e+01
1.625242e+03,8.898498e+01
1.625724e+03,8.867409e+01
1.626206e+03,8.829020e+01
1.626688e+03,8.780955e+01
1.627170e+03,8.722171e+01
1.627653e+03,8.653381e+01
1.628135e+03,8.576819e+01
1.628617e+03,8.495193e+01
1.629099e+03,8.410374e+01
1.629581e+03,8.322855e+01
1.630063e+03,8.232260e+01
1.630545e+03,8.138239e+01
1.631027e+03,8.041078e+01
1.631510e+03,7.941631e+01
1.631992e+03,7.840601e+01
1.632474e+03,7.737377e+01
1.632956e+03,7.628664e+01
1.633438e+03,7.507232e+01
1.633920e+03,7.361530e+01
1.634402e+03,7.178022e+01
1.634885e+03,6.949688e+01
1.635366e+03,6.690863e+01
1.635849e+03,6.444100e+01
1.636331e+03,6.258743e+01
1.636813e+03,6.158106e+01
1.637295e+03,6.135060e+01
1.637777e+03,6.171862e+01
1.638259e+03,6.255405e+01
1.638741e+03,6.379952e+01
1.639224e+03,6.543500e+01
1.639706e+03,6.743076e+01
1.640188e+03,6.971403e+01
1.640670e+03,7.216179e+01
1.641152e+03,7.462258e+01
1.641634e+03,7.695425e+01
1.642116e+03,7.905686e+01
1.642598e+03,8.088461e+01
1.643081e+03,8.243835e+01
1.643563e+03,8.374780e+01
1.644045e+03,8.485567e+01
1.644527e+03,8.580788e+01
1.645009e+03,8.664945e+01
1.645491e+03,8.742059e+01
1.645973e+03,8.814592e+01
1.646455e+03,8.881576e+01
1.646938e+03,8.938023e+01
1.647420e+03,8.978407e+01
1.647902e+03,9.001672e+01
1.648384e+03,9.011833e+01
1.648866e+03,9.014724e+01
1.649348e+03,9.015330e+01
1.649830e+03,9.017082e+01
1.650312e+03,9.022108e+01
1.650794e+03,9.031599e+01
1.651277e+03,9.045966e+01
1.651759e+03,9.064683e+01
1.652241e+03,9.085757e+01
1.652723e+03,9.105454e+01
1.653205e+03,9.120176e+01
1.653687e+03,9.129865e+01
1.654169e+03,9.136748e+01
1.654652e+03,9.141251e+01
1.655134e+03,9.141747e+01
1.655616e+03,9.136357e+01
1.656098e+03,9.124104e+01
1.656580e+03,9.105288e+01
1.657062e+03,9.081498e+01
1.657544e+03,9.055293e+01
1.658026e+03,9.029578e+01
1.658509e+03,9.006825e+01
1.658991e+03,8.988445e+01
1.659473e+03,8.974580e+01
1.659955e+03,8.964382e+01
1.660437e+03,8.956558e+01
1.660919e+03,8.949833e+01
1.661401e+03,8.943040e+01
1.661883e+03,8.934933e+01
1.662365e+03,8.923994e+01
1.662848e+03,8.908773e+01
1.663330e+03,8.888744e+01
1.663812e+03,8.864843e+01
1.664294e+03,8.839095e+01
1.664776e+03,8.813700e+01
1.665258e+03,8.790233e+01
1.665740e+03,8.769255e+01
1.666222e+03,8.750162e+01
1.666705e+03,8.731125e+01
1.667187e+03,8.709155e+01
1.667669e+03,8.680479e+01
1.668151e+03,8.641418e+01
1.668633e+03,8.589841e+01
1.669115e+03,8.526704e+01
1.669597e+03,8.456381e+01
1.670080e+03,8.384927e+01
1.670562e+03,8.317224e+01
1.671044e+03,8.255431e+01
1.671526e+03,8.199484e+01
1.672008e+03,8.148374e+01
1.672490e+03,8.100922e+01
1.672972e+03,8.055835e+01
1.673454e+03,8.011427e+01
1.673937e+03,7.965525e+01
1.674419e+03,7.916109e+01
1.674901e+03,7.862929e+01
1.675383e+03,7.808971e+01
1.675865e+03,7.759726e+01
1.676347e+03,7.720202e+01
1.676829e+03,7.692554e+01
1.677311e+03,7.675908e+01
1.677793e+03,7.667352e+01
1.678276e+03,7.662788e+01
1.678758e+03,7.657600e+01
1.679240e+03,7.647557e+01
1.679722e+03,7.630141e+01
1.680204e+03,7.605567e+01
1.680686e+03,7.576568e+01
1.681168e+03,7.546609e+01
1.681650e+03,7.517402e+01
1.682133e+03,7.486530e+01
1.682615e+03,7.445402e+01
1.683097e+03,7.378839e+01
1.683579e+03,7.271315e+01
1.684061e+03,7.123833e+01
1.684543e+03,6.963968e+01
1.685025e+03,6.823917e+01
1.685508e+03,6.713866e+01
1.685990e+03,6.624847e+01
1.686472e+03,6.543803e+01
1.686954e+03,6.461676e+01
1.687436e+03,6.375134e+01
1.687918e+03,6.286134e+01
1.688400e+03,6.200635e+01
1.688882e+03,6.126161e+01
1.689365e+03,6.068379e+01
1.689847e+03,6.028173e+01
1.690329e+03,6.001211e+01
1.690811e+03,5.980387e+01
1.691293e+03,5.959270e+01
1.691775e+03,5.934188e+01
1.692257e+03,5.904205e+01
1.692739e+03,5.869625e+01
1.693221e+03,5.830086e+01
1.693704e+03,5.782868e+01
1.694186e+03,5.722033e+01
1.694668e+03,5.639466e+01
1.695150e+03,5.529584e+01
1.695632e+03,5.396997e+01
1.696114e+03,5.259596e+01
1.696596e+03,5.139182e+01
1.697078e+03,5.047369e+01
1.697561e+03,4.981248e+01
1.698043e+03,4.928419e+01
1.698525e+03,4.872575e+01
1.699007e+03,4.797060e+01
1.699489e+03,4.690301e+01
1.699971e+03,4.555695e+01
1.700453e+03,4.416138e+01
1.700936e+03,4.298690e+01
1.701417e+03,4.213570e+01
1.701900e+03,4.153296e+01
1.702382e+03,4.104887e+01
1.702864e+03,4.057991e+01
1.703346e+03,4.006647e+01
1.703828e+03,3.948695e+01
1.704310e+03,3.885056e+01
1.704792e+03,3.819057e+01
1.705275e+03,3.755127e+01
1.705757e+03,3.696771e+01
1.706239e+03,3.645143e+01
1.706721e+03,3.599617e+01
1.707203e+03,3.559587e+01
1.707685e+03,3.525683e+01
1.708167e+03,3.499651e+01
1.708649e+03,3.483354e+01
1.709132e+03,3.477636e+01
1.709614e+03,3.481690e+01
1.710096e+03,3.493318e+01
1.710578e+03,3.510073e+01
1.711060e+03,3.530636e+01
1.711542e+03,3.555685e+01
1.712024e+03,3.587820e+01
1.712506e+03,3.630630e+01
1.712989e+03,3.687237e+01
1.713471e+03,3.758789e+01
1.713953e+03,3.843521e+01
1.714435e+03,3.937077e+01
1.714917e+03,4.034338e+01
1.715399e+03,4.132072e+01
1.715881e+03,4.230747e+01
1.716364e+03,4.333838e+01
1.716845e+03,4.443951e+01
1.717328e+03,4.557702e+01
1.717810e+03,4.664536e+01
1.718292e+03,4.752772e+01
1.718774e+03,4.817217e+01
1.719256e+03,4.860417e+01
1.719738e+03,4.888388e+01
1.720220e+03,4.906429e+01
1.720703e+03,4.917346e+01
1.721185e+03,4.921492e+01
1.721667e+03,4.917603e+01
1.722149e+03,4.903991e+01
1.722631e+03,4.879781e+01
1.723113e+03,4.845853e+01
1.723595e+03,4.804850e+01
1.724077e+03,4.760191e+01
1.724560e+03,4.714629e+01
1.725042e+03,4.669412e+01
1.725524e+03,4.624475e+01
1.726006e+03,4.579341e+01
1.726488e+03,4.534052e+01
1.726970e+03,4.489643e+01
1.727452e+03,4.448085e+01
1.727934e+03,4.411824e+01
1.728417e+03,4.383142e+01
1.728899e+03,4.363617e+01
1.729381e+03,4.353869e+01
1.729863e+03,4.353772e+01
1.730345e+03,4.363131e+01
1.730827e+03,4.382721e+01
1.731309e+03,4.415556e+01
1.731792e+03,4.468464e+01
1.732273e+03,4.553794e+01
1.732756e+03,4.689636e+01
1.733238e+03,4.893884e+01
1.733720e+03,5.167618e+01
1.734202e+03,5.478886e+01
1.734684e+03,5.775462e+01
1.735166e+03,6.021949e+01
1.735648e+03,6.215831e+01
1.736131e+03,6.373659e+01
1.736613e+03,6.514603e+01
1.737095e+03,6.653802e+01
1.737577e+03,6.801787e+01
1.738059e+03,6.964952e+01
1.738541e+03,7.145063e+01
1.739023e+03,7.338080e+01
1.739505e+03,7.534557e+01
1.739988e+03,7.723293e+01
1.740470e+03,7.896376e+01
1.740952e+03,8.051495e+01
1.741434e+03,8.190491e+01
1.741916e+03,8.316586e+01
1.742398e+03,8.432612e+01
1.742880e+03,8.540540e+01
1.743362e+03,8.641678e+01
1.743844e+03,8.736886e+01
1.744327e+03,8.826498e+01
1.744809e+03,8.910139e+01
1.745291e+03,8.986769e+01
1.745773e+03,9.055128e+01
1.746255e+03,9.114549e+01
1.746737e+03,9.165806e+01
1.747219e+03,9.211562e+01
1.747702e+03,9.255870e+01
1.748184e+03,9.302574e+01
1.748666e+03,9.353326e+01
1.749148e+03,9.406546e+01
1.749630e+03,9.458193e+01
1.750112e+03,9.504025e+01
1.750594e+03,9.542002e+01
1.751076e+03,9.573279e+01
1.751559e+03,9.601023e+01
1.752041e+03,9.627987e+01
1.752523e+03,9.654812e+01
1.753005e+03,9.680155e+01
1.753487e+03,9.701964e+01
1.753969e+03,9.718815e+01
1.754451e+03,9.730756e+01
1.754933e+03,9.739571e+01
1.755416e+03,9.748371e+01
1.755898e+03,9.760412e+01
1.756380e+03,9.777286e+01
1.756862e+03,9.797656e+01
1.757344e+03,9.817815e+01
1.757826e+03,9.834001e+01
1.758308e+03,9.844594e+01
1.758791e+03,9.850711e+01
1.759272e+03,9.855285e+01
1.759755e+03,9.861525e+01
1.760237e+03,9.871394e+01
1.760719e+03,9.884484e+01
1.761201e+03,9.897818e+01
1.761683e+03,9.907225e+01
1.762165e+03,9.909892e+01
1.762647e+03,9.906285e+01
1.763130e+03,9.899677e+01
1.763612e+03,9.893898e+01
1.764094e+03,9.891331e+01
1.764576e+03,9.892324e+01
1.765058e+03,9.895744e+01
1.765540e+03,9.899930e+01
1.766022e+03,9.903632e+01
1.766504e+03,9.906600e+01
1.766987e+03,9.909613e+01
1.767469e+03,9.913784e+01
1.767951e+03,9.919476e+01
1.768433e+03,9.925622e+01
1.768915e+03,9.930097e+01
1.769397e+03,9.930872e+01
1.769879e+03,9.927272e+01
1.770361e+03,9.920763e+01
1.770844e+03,9.915009e+01
1.771326e+03,9.914795e+01
1.771808e+03,9.923448e+01
1.772290e+03,9.940010e+01
1.772772e+03,9.959133e+01
1.773254e+03,9.974751e+01
1.773736e+03,9.983928e+01
1.774219e+03,9.987563e+01
1.774700e+03,9.988657e+01
1.775183e+03,9.990183e+01
1.775665e+03,9.993696e+01
1.776147e+03,9.998856e+01
1.776629e+03,1.000386e+02
1.777111e+03,1.000650e+02
1.777593e+03,1.000534e+02
1.778075e+03,1.000043e+02
1.778558e+03,9.993295e+01
1.779040e+03,9.986235e+01
1.779522e+03,9.981261e+01
1.780004e+03,9.979115e+01
1.780486e+03,9.978931e+01
1.780968e+03,9.978884e+01
1.781450e+03,9.977437e+01
1.781932e+03,9.974268e+01
1.782415e+03,9.970258e+01
1.782897e+03,9.966765e+01
1.783379e+03,9.964761e+01
1.783861e+03,9.964277e+01
1.784343e+03,9.964378e+01
1.784825e+03,9.963735e+01
1.785307e+03,9.961501e+01
1.785789e+03,9.957910e+01
1.786271e+03,9.954139e+01
1.786754e+03,9.951557e+01
1.787236e+03,9.950954e+01
1.787718e+03,9.952179e+01
1.788200e+03,9.954329e+01
1.788682e+03,9.956265e+01
1.789164e+03,9.957207e+01
1.789646e+03,9.957117e+01
1.790128e+03,9.956672e+01
1.790611e+03,9.956739e+01
1.791093e+03,9.957521e+01
1.791575e+03,9.957886e+01
1.792057e+03,9.955676e+01
1.792539e+03,9.949229e+01
1.793021e+03,9.938888e+01
1.793503e+03,9.927055e+01
1.793986e+03,9.916806e+01
1.794468e+03,9.910410e+01
1.794950e+03,9.908569e+01
1.795432e+03,9.910448e+01
1.795914e+03,9.914228e+01
1.796396e+03,9.917910e+01
1.796878e+03,9.920172e+01
1.797360e+03,9.920873e+01
1.797843e+03,9.920943e+01
1.798325e+03,9.921745e+01
1.798807e+03,9.924223e+01
1.799289e+03,9.928324e+01
1.799771e+03,9.933010e+01
1.800253e+03,9.936922e+01
1.800735e+03,9.939342e+01
1.801217e+03,9.940790e+01
1.801699e+03,9.942719e+01
1.802182e+03,9.946536e+01
1.802664e+03,9.952686e+01
1.803146e+03,9.960409e+01
1.803628e+03,9.968227e+01
1.804110e+03,9.974789e+01
1.804592e+03,9.979623e+01
1.805074e+03,9.983424e+01
1.805556e+03,9.987709e+01
1.806039e+03,9.993994e+01
1.806521e+03,1.000295e+02
1.807003e+03,1.001397e+02
1.807485e+03,1.002537e+02
1.807967e+03,1.003521e+02
1.808449e+03,1.004236e+02
1.808931e+03,1.004711e+02
1.809414e+03,1.005118e+02
1.809896e+03,1.005671e+02
1.810378e+03,1.006508e+02
1.810860e+03,1.007596e+02
1.811342e+03,1.008733e+02
1.811824e+03,1.009662e+02
1.812306e+03,1.010217e+02
1.812788e+03,1.010415e+02
1.813271e+03,1.010429e+02
1.813753e+03,1.010499e+02
1.814235e+03,1.010807e+02
1.814717e+03,1.011412e+02
1.815199e+03,1.012237e+02
1.815681e+03,1.013109e+02
1.816163e+03,1.013845e+02
1.816645e+03,1.014324e+02
1.817127e+03,1.014529e+02
1.817610e+03,1.014510e+02
1.818092e+03,1.014321e+02
1.818574e+03,1.013958e+02
1.819056e+03,1.013369e+02
1.819538e+03,1.012508e+02
1.820020e+03,1.011408e+02
1.820502e+03,1.010220e+02
1.820984e+03,1.009177e+02
1.821467e+03,1.008504e+02
1.821949e+03,1.008331e+02
1.822431e+03,1.008638e+02
1.822913e+03,1.009268e+02
1.823395e+03,1.009986e+02
1.823877e+03,1.010578e+02
1.824359e+03,1.010934e+02
1.824842e+03,1.011089e+02
1.825323e+03,1.011172e+02
1.825806e+03,1.011280e+02
1.826288e+03,1.011404e+02
1.826770e+03,1.011432e+02
1.827252e+03,1.011220e+02
1.827734e+03,1.010675e+02
1.828216e+03,1.009832e+02
1.828698e+03,1.008868e+02
1.829181e+03,1.008065e+02
1.829663e+03,1.007670e+02
1.830145e+03,1.007757e+02
1.830627e+03,1.008191e+02
1.831109e+03,1.008745e+02
1.831591e+03,1.009264e+02
1.832073e+03,1.009738e+02
1.832555e+03,1.010262e+02
1.833038e+03,1.010948e+02
1.833520e+03,1.011837e+02
1.834002e+03,1.012859e+02
1.834484e+03,1.013833e+02
1.834966e+03,1.014546e+02
1.835448e+03,1.014847e+02
1.835930e+03,1.014730e+02
1.836412e+03,1.014334e+02
1.836895e+03,1.013863e+02
1.837377e+03,1.013481e+02
1.837859e+03,1.013228e+02
1.838341e+03,1.013008e+02
1.838823e+03,1.012660e+02
1.839305e+03,1.012047e+02
1.839787e+03,1.011126e+02
1.840270e+03,1.009944e+02
1.840751e+03,1.008599e+02
1.841234e+03,1.007188e+02
1.841716e+03,1.005784e+02
1.842198e+03,1.004466e+02
1.842680e+03,1.003390e+02
1.843162e+03,1.002842e+02
1.843644e+03,1.003211e+02
1.844126e+03,1.004801e+02
1.844609e+03,1.007603e+02
1.845091e+03,1.011206e+02
1.845573e+03,1.014950e+02
1.846055e+03,1.018175e+02
1.846537e+03,1.020408e+02
1.847019e+03,1.021446e+02
1.847501e+03,1.021348e+02
1.847983e+03,1.020377e+02
1.848466e+03,1.018903e+02
1.848948e+03,1.017282e+02
1.849430e+03,1.015765e+02
1.849912e+03,1.014462e+02
1.850394e+03,1.013378e+02
1.850876e+03,1.012476e+02
1.851358e+03,1.011739e+02
1.851840e+03,1.011172e+02
1.852323e+03,1.010789e+02
1.852805e+03,1.010572e+02
1.853287e+03,1.010458e+02
1.853769e+03,1.010374e+02
1.854251e+03,1.010289e+02
1.854733e+03,1.010254e+02
1.855215e+03,1.010394e+02
1.855698e+03,1.010846e+02
1.856179e+03,1.011668e+02
1.856662e+03,1.012772e+02
1.857144e+03,1.013934e+02
1.857626e+03,1.014874e+02
1.858108e+03,1.015394e+02
1.858590e+03,1.015487e+02
1.859072e+03,1.015358e+02
1.859554e+03,1.015336e+02
1.860037e+03,1.015718e+02
1.860519e+03,1.016623e+02
1.861001e+03,1.017933e+02
1.861483e+03,1.019350e+02
1.861965e+03,1.020548e+02
1.862447e+03,1.021326e+02
1.862929e+03,1.021695e+02
1.863411e+03,1.021846e+02
1.863894e+03,1.022028e+02
1.864376e+03,1.022400e+02
1.864858e+03,1.022950e+02
1.865340e+03,1.023488e+02
1.865822e+03,1.023737e+02
1.866304e+03,1.023459e+02
1.866786e+03,1.022580e+02
1.867268e+03,1.021236e+02
1.867750e+03,1.019720e+02
1.868233e+03,1.018338e+02
1.868715e+03,1.017251e+02
1.869197e+03,1.016420e+02
1.869679e+03,1.015705e+02
1.870161e+03,1.015018e+02
1.870643e+03,1.014417e+02
1.871125e+03,1.014064e+02
1.871608e+03,1.014130e+02
1.872090e+03,1.014701e+02
1.872572e+03,1.015736e+02
1.873054e+03,1.017077e+02
1.873536e+03,1.018518e+02
1.874018e+03,1.019883e+02
1.874500e+03,1.021087e+02
1.874982e+03,1.022133e+02
1.875465e+03,1.023050e+02
1.875947e+03,1.023822e+02
1.876429e+03,1.024351e+02
1.876911e+03,1.024502e+02
1.877393e+03,1.024195e+02
1.877875e+03,1.023500e+02
1.878357e+03,1.022659e+02
1.878839e+03,1.022001e+02
1.879322e+03,1.021802e+02
1.879804e+03,1.022140e+02
1.880286e+03,1.022843e+02
1.880768e+03,1.023549e+02
1.881250e+03,1.023870e+02
1.881732e+03,1.023565e+02
1.882214e+03,1.022658e+02
1.882697e+03,1.021412e+02
1.883178e+03,1.020207e+02
1.883661e+03,1.019359e+02
1.884143e+03,1.018990e+02
1.884625e+03,1.018993e+02
1.885107e+03,1.019116e+02
1.885589e+03,1.019102e+02
1.886071e+03,1.018817e+02
1.886553e+03,1.018289e+02
1.887036e+03,1.017663e+02
1.887518e+03,1.017101e+02
1.888000e+03,1.016707e+02
1.888482e+03,1.016494e+02
1.888964e+03,1.016413e+02
1.889446e+03,1.016414e+02
1.889928e+03,1.016499e+02
1.890410e+03,1.016705e+02
1.890893e+03,1.017048e+02
1.891375e+03,1.017459e+02
1.891857e+03,1.017789e+02
1.892339e+03,1.017856e+02
1.892821e+03,1.017544e+02
1.893303e+03,1.016879e+02
1.893785e+03,1.016058e+02
1.894267e+03,1.015377e+02
1.894750e+03,1.015094e+02
1.895232e+03,1.015266e+02
1.895714e+03,1.015698e+02
1.896196e+03,1.016019e+02
1.896678e+03,1.015865e+02
1.897160e+03,1.015059e+02
1.897642e+03,1.013689e+02
1.898125e+03,1.012062e+02
1.898606e+03,1.010564e+02
1.899089e+03,1.009500e+02
1.899571e+03,1.008995e+02
1.900053e+03,1.008986e+02
1.900535e+03,1.009299e+02
1.901017e+03,1.009771e+02
1.901499e+03,1.010327e+02
1.901981e+03,1.010978e+02
1.902464e+03,1.011758e+02
1.902946e+03,1.012630e+02
1.903428e+03,1.013451e+02
1.903910e+03,1.014023e+02
1.904392e+03,1.014201e+02
1.904874e+03,1.014005e+02
1.905356e+03,1.013648e+02
1.905838e+03,1.013459e+02
1.906321e+03,1.013728e+02
1.906803e+03,1.014558e+02
1.907285e+03,1.015808e+02
1.907767e+03,1.017148e+02
1.908249e+03,1.018226e+02
1.908731e+03,1.018854e+02
1.909213e+03,1.019122e+02
1.909695e+03,1.019342e+02
1.910177e+03,1.019848e+02
1.910660e+03,1.020768e+02
1.911142e+03,1.021921e+02
1.911624e+03,1.022880e+02
1.912106e+03,1.023181e+02
1.912588e+03,1.022545e+02
1.913070e+03,1.021031e+02
1.913552e+03,1.019019e+02
1.914034e+03,1.017056e+02
1.914517e+03,1.015637e+02
1.914999e+03,1.015044e+02
1.915481e+03,1.015295e+02
1.915963e+03,1.016194e+02
1.916445e+03,1.017443e+02
1.916927e+03,1.018740e+02
1.917409e+03,1.019817e+02
1.917892e+03,1.020436e+02
1.918374e+03,1.020344e+02
1.918856e+03,1.019294e+02
1.919338e+03,1.017124e+02
1.919820e+03,1.013877e+02
1.920302e+03,1.009874e+02
1.920784e+03,1.005723e+02
1.921266e+03,1.002221e+02
1.921749e+03,1.000154e+02
1.922231e+03,1.000012e+02
1.922713e+03,1.001738e+02
1.923195e+03,1.004673e+02
1.923677e+03,1.007824e+02
1.924159e+03,1.010318e+02
1.924641e+03,1.011770e+02
1.925123e+03,1.012329e+02
1.925605e+03,1.012478e+02
1.926088e+03,1.012724e+02
1.926570e+03,1.013366e+02
1.927052e+03,1.014395e+02
1.927534e+03,1.015562e+02
1.928016e+03,1.016562e+02
1.928498e+03,1.017236e+02
1.928980e+03,1.017665e+02
1.929462e+03,1.018098e+02
1.929945e+03,1.018763e+02
1.930427e+03,1.019671e+02
1.930909e+03,1.020519e+02
1.931391e+03,1.020773e+02
1.931873e+03,1.019867e+02
1.932355e+03,1.017450e+02
1.932837e+03,1.013535e+02
1.933320e+03,1.008489e+02
1.933802e+03,1.002886e+02
1.934284e+03,9.973302e+01
1.934766e+03,9.923094e+01
1.935248e+03,9.881490e+01
1.935730e+03,9.850195e+01
1.936212e+03,9.829904e+01
1.936694e+03,9.820482e+01
1.937177e+03,9.820982e+01
1.937659e+03,9.829336e+01
1.938141e+03,9.842375e+01
1.938623e+03,9.856293e+01
1.939105e+03,9.867726e+01
1.939587e+03,9.874904e+01
1.940069e+03,9.878451e+01
1.940551e+03,9.881121e+01
1.941033e+03,9.886814e+01
1.941516e+03,9.898801e+01
1.941998e+03,9.918278e+01
1.942480e+03,9.943721e+01
1.942962e+03,9.971844e+01
1.943444e+03,9.999378e+01
1.943926e+03,1.002480e+02
1.944408e+03,1.004850e+02
1.944890e+03,1.007180e+02
1.945373e+03,1.009556e+02
1.945855e+03,1.011954e+02
1.946337e+03,1.014251e+02
1.946819e+03,1.016331e+02
1.947301e+03,1.018166e+02
1.947783e+03,1.019825e+02
1.948265e+03,1.021369e+02
1.948748e+03,1.022701e+02
1.949229e+03,1.023463e+02
1.949712e+03,1.023102e+02
1.950194e+03,1.021097e+02
1.950676e+03,1.017271e+02
1.951158e+03,1.012038e+02
1.951640e+03,1.006392e+02
1.952122e+03,1.001595e+02
1.952604e+03,9.987289e+01
1.953087e+03,9.982957e+01
1.953569e+03,1.000082e+02
1.954051e+03,1.003255e+02
1.954533e+03,1.006707e+02
1.955015e+03,1.009485e+02
1.955497e+03,1.011140e+02
1.955979e+03,1.011780e+02
1.956461e+03,1.011862e+02
1.956944e+03,1.011822e+02
1.957426e+03,1.011867e+02
1.957908e+03,1.011935e+02
1.958390e+03,1.011893e+02
1.958872e+03,1.011756e+02
1.959354e+03,1.011801e+02
1.959836e+03,1.012427e+02
1.960318e+03,1.013850e+02
1.960801e+03,1.015811e+02
1.961283e+03,1.017523e+02
1.961765e+03,1.017930e+02
1.962247e+03,1.016260e+02
1.962729e+03,1.012508e+02
1.963211e+03,1.007605e+02
1.963693e+03,1.003035e+02
1.964176e+03,1.000176e+02
1.964657e+03,9.996614e+01
1.965140e+03,1.001098e+02
1.965622e+03,1.003175e+02
1.966104e+03,1.004246e+02
1.966586e+03,1.003158e+02
1.967068e+03,9.999681e+01
1.967550e+03,9.959540e+01
1.968032e+03,9.929084e+01
1.968515e+03,9.921590e+01
1.968997e+03,9.939614e+01
1.969479e+03,9.974332e+01
1.969961e+03,1.001047e+02
1.970443e+03,1.003419e+02
1.970925e+03,1.004108e+02
1.971407e+03,1.003937e+02
1.971889e+03,1.004702e+02
1.972372e+03,1.008368e+02
1.972854e+03,1.016203e+02
1.973336e+03,1.028137e+02
1.973818e+03,1.042616e+02
1.974300e+03,1.057002e+02
1.974782e+03,1.068498e+02
1.975264e+03,1.075108e+02
1.975746e+03,1.076177e+02
1.976229e+03,1.072334e+02
1.976711e+03,1.065079e+02
1.977193e+03,1.056307e+02
1.977675e+03,1.047918e+02
1.978157e+03,1.041423e+02
1.978639e+03,1.037642e+02
1.979121e+03,1.036547e+02
1.979604e+03,1.037391e+02
1.980085e+03,1.038987e+02
1.980568e+03,1.040100e+02
1.981050e+03,1.039805e+02
1.981532e+03,1.037817e+02
1.982014e+03,1.034596e+02
1.982496e+03,1.031185e+02
1.982978e+03,1.028724e+02
1.983460e+03,1.027931e+02
1.983943e+03,1.028744e+02
1.984425e+03,1.030328e+02
1.984907e+03,1.031368e+02
1.985389e+03,1.030624e+02
1.985871e+03,1.027462e+02
1.986353e+03,1.022179e+02
1.986835e+03,1.015847e+02
1.987317e+03,1.009851e+02
1.987800e+03,1.005305e+02
1.988282e+03,1.002722e+02
1.988764e+03,1.001970e+02
1.989246e+03,1.002510e+02
1.989728e+03,1.003719e+02
1.990210e+03,1.005188e+02
1.990692e+03,1.006801e+02
1.991174e+03,1.008609e+02
1.991656e+03,1.010557e+02
1.992139e+03,1.012291e+02
1.992621e+03,1.013182e+02
1.993103e+03,1.012625e+02
1.993585e+03,1.010389e+02
1.994067e+03,1.006831e+02
1.994549e+03,1.002789e+02
1.995031e+03,9.992709e+01
1.995514e+03,9.970929e+01
1.995996e+03,9.966278e+01
1.996478e+03,9.977058e+01
1.996960e+03,9.996830e+01
1.997442e+03,1.001648e+02
1.997924e+03,1.002720e+02
1.998406e+03,1.002276e+02
1.998888e+03,1.000038e+02
1.999371e+03,9.960242e+01
1.999853e+03,9.904957e+01
2.000335e+03,9.839348e+01
2.000817e+03,9.770930e+01
2.001299e+03,9.709507e+01
2.001781e+03,9.665730e+01
2.002263e+03,9.648281e+01
2.002745e+03,9.661594e+01
2.003228e+03,9.704355e+01
2.003710e+03,9.770064e+01
2.004192e+03,9.848770e+01
2.004674e+03,9.930197e+01
2.005156e+03,1.000686e+02
2.005638e+03,1.007627e+02
2.006120e+03,1.014011e+02
2.006603e+03,1.020118e+02
2.007084e+03,1.025945e+02
2.007567e+03,1.031014e+02
2.008049e+03,1.034496e+02
2.008531e+03,1.035664e+02
2.009013e+03,1.034390e+02
2.009495e+03,1.031395e+02
2.009977e+03,1.028011e+02
2.010459e+03,1.025616e+02
2.010942e+03,1.025045e+02
2.011424e+03,1.026301e+02
2.011906e+03,1.028615e+02
2.012388e+03,1.030844e+02
2.012870e+03,1.032015e+02
2.013352e+03,1.031802e+02
2.013834e+03,1.030628e+02
2.014316e+03,1.029389e+02
2.014799e+03,1.028929e+02
2.015281e+03,1.029640e+02
2.015763e+03,1.031252e+02
2.016245e+03,1.033021e+02
2.016727e+03,1.034119e+02
2.017209e+03,1.034123e+02
2.017691e+03,1.033205e+02
2.018173e+03,1.031973e+02
2.018656e+03,1.031037e+02
2.019138e+03,1.030666e+02
2.019620e+03,1.030662e+02
2.020102e+03,1.030516e+02
2.020584e+03,1.029710e+02
2.021066e+03,1.028031e+02
2.021548e+03,1.025666e+02
2.022031e+03,1.023079e+02
2.022512e+03,1.020688e+02
2.022995e+03,1.018591e+02
2.023477e+03,1.016453e+02
2.023959e+03,1.013632e+02
2.024441e+03,1.009457e+02
2.024923e+03,1.003584e+02
2.025405e+03,9.961749e+01
2.025887e+03,9.879067e+01
2.026370e+03,9.797877e+01
2.026852e+03,9.729599e+01
2.027334e+03,9.685006e+01
2.027816e+03,9.672321e+01
2.028298e+03,9.695050e+01
2.028780e+03,9.750655e+01
2.029262e+03,9.830343e+01
2.029744e+03,9.920883e+01
2.030227e+03,1.000704e+02
2.030709e+03,1.007486e+02
2.031191e+03,1.011466e+02
2.031673e+03,1.012402e+02
2.032155e+03,1.010855e+02
2.032637e+03,1.008008e+02
2.033119e+03,1.005160e+02
2.033601e+03,1.003269e+02
2.034083e+03,1.002639e+02
2.034566e+03,1.003002e+02
2.035048e+03,1.003780e+02
2.035530e+03,1.004462e+02
2.036012e+03,1.004864e+02
2.036494e+03,1.005166e+02
2.036976e+03,1.005688e+02
2.037458e+03,1.006611e+02
2.037940e+03,1.007788e+02
2.038423e+03,1.008786e+02
2.038905e+03,1.009118e+02
2.039387e+03,1.008567e+02
2.039869e+03,1.007392e+02
2.040351e+03,1.006316e+02
2.040833e+03,1.006193e+02
2.041315e+03,1.007598e+02
2.041798e+03,1.010515e+02
2.042280e+03,1.014299e+02
2.042762e+03,1.017895e+02
2.043244e+03,1.020268e+02
2.043726e+03,1.020807e+02
2.044208e+03,1.019579e+02
2.044690e+03,1.017251e+02
2.045172e+03,1.014792e+02
2.045655e+03,1.013084e+02
2.046137e+03,1.012694e+02
2.046619e+03,1.013780e+02
2.047101e+03,1.016169e+02
2.047583e+03,1.019470e+02
2.048065e+03,1.023197e+02
2.048547e+03,1.026845e+02
2.049029e+03,1.029964e+02
2.049511e+03,1.032203e+02
2.049994e+03,1.033417e+02
2.050476e+03,1.033758e+02
2.050958e+03,1.033713e+02
2.051440e+03,1.033998e+02
2.051922e+03,1.035321e+02
2.052404e+03,1.038082e+02
2.052886e+03,1.042153e+02
2.053368e+03,1.046825e+02
2.053851e+03,1.050966e+02
2.054333e+03,1.053372e+02
2.054815e+03,1.053215e+02
2.055297e+03,1.050401e+02
2.055779e+03,1.045656e+02
2.056261e+03,1.040225e+02
2.056743e+03,1.035382e+02
2.057226e+03,1.031946e+02
2.057708e+03,1.030075e+02
2.058190e+03,1.029314e+02
2.058672e+03,1.028894e+02
2.059154e+03,1.028087e+02
2.059636e+03,1.026500e+02
2.060118e+03,1.024162e+02
2.060600e+03,1.021416e+02
2.061083e+03,1.018687e+02
2.061565e+03,1.016295e+02
2.062047e+03,1.014370e+02
2.062529e+03,1.012902e+02
2.063011e+03,1.011840e+02
2.063493e+03,1.011185e+02
2.063975e+03,1.010993e+02
2.064457e+03,1.011326e+02
2.064939e+03,1.012151e+02
2.065422e+03,1.013314e+02
2.065904e+03,1.014566e+02
2.066386e+03,1.015673e+02
2.066868e+03,1.016509e+02
2.067350e+03,1.017111e+02
2.067832e+03,1.017615e+02
2.068314e+03,1.018160e+02
2.068796e+03,1.018771e+02
2.069279e+03,1.019332e+02
2.069761e+03,1.019637e+02
2.070243e+03,1.019520e+02
2.070725e+03,1.018970e+02
2.071207e+03,1.018176e+02
2.071689e+03,1.017459e+02
2.072171e+03,1.017140e+02
2.072654e+03,1.017385e+02
2.073135e+03,1.018145e+02
2.073618e+03,1.019174e+02
2.074100e+03,1.020150e+02
2.074582e+03,1.020806e+02
2.075064e+03,1.021031e+02
2.075546e+03,1.020881e+02
2.076028e+03,1.020516e+02
2.076510e+03,1.020107e+02
2.076993e+03,1.019786e+02
2.077475e+03,1.019626e+02
2.077957e+03,1.019680e+02
2.078439e+03,1.019993e+02
2.078921e+03,1.020602e+02
2.079403e+03,1.021487e+02
2.079885e+03,1.022525e+02
2.080367e+03,1.023469e+02
2.080850e+03,1.024000e+02
2.081332e+03,1.023820e+02
2.081814e+03,1.022774e+02
2.082296e+03,1.020925e+02
2.082778e+03,1.018548e+02
2.083260e+03,1.016026e+02
2.083742e+03,1.013708e+02
2.084224e+03,1.011792e+02
2.084707e+03,1.010296e+02
2.085189e+03,1.009119e+02
2.085671e+03,1.008155e+02
2.086153e+03,1.007372e+02
2.086635e+03,1.006841e+02
2.087117e+03,1.006672e+02
2.087599e+03,1.006928e+02
2.088082e+03,1.007547e+02
2.088563e+03,1.008347e+02
2.089046e+03,1.009091e+02
2.089528e+03,1.009608e+02
2.090010e+03,1.009868e+02
2.090492e+03,1.010000e+02
2.090974e+03,1.010206e+02
2.091456e+03,1.010638e+02
2.091938e+03,1.011286e+02
2.092421e+03,1.011970e+02
2.092903e+03,1.012411e+02
2.093385e+03,1.012368e+02
2.093867e+03,1.011765e+02
2.094349e+03,1.010746e+02
2.094831e+03,1.009609e+02
2.095313e+03,1.008675e+02
2.095795e+03,1.008126e+02
2.096278e+03,1.007939e+02
2.096760e+03,1.007917e+02
2.097242e+03,1.007807e+02
2.097724e+03,1.007450e+02
2.098206e+03,1.006872e+02
2.098688e+03,1.006285e+02
2.099170e+03,1.006014e+02
2.099652e+03,1.006382e+02
2.100135e+03,1.007619e+02
2.100617e+03,1.009810e+02
2.101099e+03,1.012869e+02
2.101581e+03,1.016524e+02
2.102063e+03,1.020307e+02
2.102545e+03,1.023553e+02
2.103027e+03,1.025465e+02
2.103510e+03,1.025248e+02
2.103991e+03,1.022342e+02
2.104474e+03,1.016665e+02
2.104956e+03,1.008796e+02
2.105438e+03,9.999631e+01
2.105920e+03,9.918005e+01
2.106402e+03,9.859232e+01
2.106884e+03,9.834871e+01
2.107366e+03,9.848853e+01
2.107849e+03,9.896956e+01
2.108331e+03,9.968555e+01
2.108813e+03,1.005007e+02
2.109295e+03,1.012877e+02
2.109777e+03,1.019580e+02
2.110259e+03,1.024728e+02
2.110741e+03,1.028353e+02
2.111223e+03,1.030688e+02
2.111706e+03,1.031975e+02
2.112188e+03,1.032351e+02
2.112670e+03,1.031875e+02
2.113152e+03,1.030630e+02
2.113634e+03,1.028810e+02
2.114116e+03,1.026734e+02
2.114598e+03,1.024774e+02
2.115080e+03,1.023225e+02
2.115562e+03,1.022218e+02
2.116045e+03,1.021695e+02
2.116527e+03,1.021475e+02
2.117009e+03,1.021354e+02
2.117491e+03,1.021202e+02
2.117973e+03,1.021001e+02
2.118455e+03,1.020812e+02
2.118938e+03,1.020712e+02
2.119420e+03,1.020735e+02
2.119902e+03,1.020857e+02
2.120384e+03,1.021035e+02
2.120866e+03,1.021253e+02
2.121348e+03,1.021563e+02
2.121830e+03,1.022053e+02
2.122312e+03,1.022802e+02
2.122794e+03,1.023797e+02
2.123277e+03,1.024909e+02
2.123759e+03,1.025913e+02
2.124241e+03,1.026570e+02
2.124723e+03,1.026712e+02
2.125205e+03,1.026311e+02
2.125687e+03,1.025458e+02
2.126169e+03,1.024320e+02
2.126651e+03,1.023052e+02
2.127134e+03,1.021750e+02
2.127616e+03,1.020449e+02
2.128098e+03,1.019150e+02
2.128580e+03,1.017835e+02
2.129062e+03,1.016469e+02
2.129544e+03,1.014949e+02
2.130026e+03,1.013077e+02
2.130509e+03,1.010584e+02
2.130990e+03,1.007239e+02
2.131473e+03,1.003021e+02
2.131955e+03,9.982849e+01
2.132437e+03,9.937942e+01
2.132919e+03,9.905943e+01
2.133401e+03,9.896939e+01
2.133883e+03,9.917138e+01
2.134365e+03,9.965960e+01
2.134848e+03,1.003537e+02
2.135330e+03,1.011177e+02
2.135812e+03,1.018030e+02
2.136294e+03,1.022991e+02
2.136776e+03,1.025704e+02
2.137258e+03,1.026578e+02
2.137740e+03,1.026473e+02
2.138222e+03,1.026223e+02
2.138705e+03,1.026294e+02
2.139187e+03,1.026669e+02
2.139669e+03,1.027009e+02
2.140151e+03,1.026935e+02
2.140633e+03,1.026304e+02
2.141115e+03,1.025270e+02
2.141597e+03,1.024170e+02
2.142079e+03,1.023267e+02
2.142562e+03,1.022575e+02
2.143044e+03,1.021847e+02
2.143526e+03,1.020758e+02
2.144008e+03,1.019151e+02
2.144490e+03,1.017229e+02
2.144972e+03,1.015492e+02
2.145454e+03,1.014498e+02
2.145937e+03,1.014527e+02
2.146418e+03,1.015362e+02
2.146901e+03,1.016294e+02
2.147383e+03,1.016407e+02
2.147865e+03,1.014990e+02
2.148347e+03,1.011929e+02
2.148829e+03,1.007782e+02
2.149311e+03,1.003556e+02
2.149793e+03,1.000269e+02
2.150276e+03,9.985762e+01
2.150758e+03,9.985824e+01
2.151240e+03,9.999153e+01
2.151722e+03,1.001960e+02
2.152204e+03,1.004176e+02
2.152686e+03,1.006282e+02
2.153168e+03,1.008289e+02
2.153650e+03,1.010326e+02
2.154133e+03,1.012453e+02
2.154615e+03,1.014540e+02
2.155097e+03,1.016327e+02
2.155579e+03,1.017554e+02
2.156061e+03,1.018155e+02
2.156543e+03,1.018252e+02
2.157025e+03,1.018063e+02
2.157507e+03,1.017674e+02
2.157990e+03,1.016967e+02
2.158472e+03,1.015734e+02
2.158954e+03,1.014004e+02
2.159436e+03,1.012317e+02
2.159918e+03,1.011715e+02
2.160400e+03,1.013270e+02
2.160882e+03,1.017481e+02
2.161365e+03,1.023844e+02
2.161846e+03,1.030880e+02
2.162329e+03,1.036601e+02
2.162811e+03,1.039254e+02
2.163293e+03,1.038011e+02
2.163775e+03,1.033336e+02
2.164257e+03,1.026753e+02
2.164739e+03,1.020198e+02
2.165221e+03,1.015267e+02
2.165704e+03,1.012750e+02
2.166186e+03,1.012548e+02
2.166668e+03,1.013948e+02
2.167150e+03,1.016080e+02
2.167632e+03,1.018347e+02
2.168114e+03,1.020593e+02
2.168596e+03,1.022989e+02
2.169078e+03,1.025720e+02
2.169561e+03,1.028739e+02
2.170043e+03,1.031670e+02
2.170525e+03,1.033975e+02
2.171007e+03,1.035223e+02
2.171489e+03,1.035351e+02
2.171971e+03,1.034692e+02
2.172453e+03,1.033815e+02
2.172935e+03,1.033192e+02
2.173417e+03,1.032974e+02
2.173900e+03,1.032925e+02
2.174382e+03,1.032608e+02
2.174864e+03,1.031671e+02
2.175346e+03,1.030126e+02
2.175828e+03,1.028384e+02
2.176310e+03,1.027068e+02
2.176792e+03,1.026659e+02
2.177274e+03,1.027226e+02
2.177757e+03,1.028350e+02
2.178239e+03,1.029310e+02
2.178721e+03,1.029406e+02
2.179203e+03,1.028313e+02
2.179685e+03,1.026219e+02
2.180167e+03,1.023705e+02
2.180649e+03,1.021406e+02
2.181132e+03,1.019655e+02
2.181614e+03,1.018271e+02
2.182096e+03,1.016611e+02
2.182578e+03,1.013856e+02
2.183060e+03,1.009449e+02
2.183542e+03,1.003418e+02
2.184024e+03,9.964941e+01
2.184506e+03,9.899179e+01
2.184989e+03,9.851147e+01
2.185471e+03,9.833288e+01
2.185953e+03,9.853207e+01
2.186435e+03,9.911749e+01
2.186917e+03,1.000255e+02
2.187399e+03,1.011309e+02
2.187881e+03,1.022730e+02
2.188363e+03,1.032871e+02
2.188845e+03,1.040368e+02
2.189328e+03,1.044405e+02
2.189810e+03,1.044875e+02
2.190292e+03,1.042366e+02
2.190774e+03,1.037966e+02
2.191256e+03,1.032909e+02
2.191738e+03,1.028227e+02
2.192220e+03,1.024506e+02
2.192702e+03,1.021870e+02
2.193185e+03,1.020107e+02
2.193667e+03,1.018921e+02
2.194149e+03,1.018142e+02
2.194631e+03,1.017853e+02
2.195113e+03,1.018343e+02
2.195595e+03,1.019972e+02
2.196077e+03,1.022952e+02
2.196560e+03,1.027220e+02
2.197042e+03,1.032400e+02
2.197524e+03,1.037862e+02
2.198006e+03,1.042866e+02
2.198488e+03,1.046723e+02
2.198970e+03,1.048903e+02
2.199452e+03,1.049106e+02
2.199934e+03,1.047249e+02
2.200417e+03,1.043488e+02
2.200899e+03,1.038215e+02
2.201381e+03,1.032074e+02
2.201863e+03,1.025886e+02
2.202345e+03,1.020505e+02
2.202827e+03,1.016601e+02
2.203309e+03,1.014493e+02
2.203791e+03,1.014067e+02
2.204273e+03,1.014860e+02
2.204756e+03,1.016245e+02
2.205238e+03,1.017675e+02
2.205720e+03,1.018881e+02
2.206202e+03,1.019956e+02
2.206684e+03,1.021255e+02
2.207166e+03,1.023214e+02
2.207648e+03,1.026124e+02
2.208130e+03,1.030029e+02
2.208613e+03,1.034731e+02
2.209095e+03,1.039914e+02
2.209577e+03,1.045276e+02
2.210059e+03,1.050625e+02
2.210541e+03,1.055833e+02
2.211023e+03,1.060735e+02
2.211505e+03,1.064983e+02
2.211988e+03,1.068012e+02
2.212469e+03,1.069130e+02
2.212952e+03,1.067748e+02
2.213434e+03,1.063634e+02
2.213916e+03,1.057081e+02
2.214398e+03,1.048896e+02
2.214880e+03,1.040199e+02
2.215362e+03,1.032114e+02
2.215844e+03,1.025518e+02
2.216327e+03,1.020880e+02
2.216809e+03,1.018268e+02
2.217291e+03,1.017441e+02
2.217773e+03,1.017993e+02
2.218255e+03,1.019472e+02
2.218737e+03,1.021466e+02
2.219219e+03,1.023619e+02
2.219701e+03,1.025650e+02
2.220184e+03,1.027365e+02
2.220666e+03,1.028686e+02
2.221148e+03,1.029657e+02
2.221630e+03,1.030429e+02
2.222112e+03,1.031180e+02
2.222594e+03,1.032021e+02
2.223076e+03,1.032924e+02
2.223558e+03,1.033711e+02
2.224041e+03,1.034128e+02
2.224523e+03,1.033960e+02
2.225005e+03,1.033130e+02
2.225487e+03,1.031744e+02
2.225969e+03,1.030032e+02
2.226451e+03,1.028249e+02
2.226933e+03,1.026556e+02
2.227416e+03,1.024980e+02
2.227897e+03,1.023438e+02
2.228380e+03,1.021837e+02
2.228862e+03,1.020158e+02
2.229344e+03,1.018502e+02
2.229826e+03,1.017051e+02
2.230308e+03,1.015984e+02
2.230790e+03,1.015377e+02
2.231272e+03,1.015174e+02
2.231755e+03,1.015202e+02
2.232237e+03,1.015263e+02
2.232719e+03,1.015209e+02
2.233201e+03,1.014996e+02
2.233683e+03,1.014657e+02
2.234165e+03,1.014256e+02
2.234647e+03,1.013811e+02
2.235129e+03,1.013288e+02
2.235612e+03,1.012636e+02
2.236094e+03,1.011859e+02
2.236576e+03,1.011074e+02
2.237058e+03,1.010512e+02
2.237540e+03,1.010439e+02
2.238022e+03,1.011057e+02
2.238504e+03,1.012400e+02
2.238986e+03,1.014320e+02
2.239469e+03,1.016533e+02
2.239951e+03,1.018732e+02
2.240433e+03,1.020701e+02
2.240915e+03,1.022390e+02
2.241397e+03,1.023902e+02
2.241879e+03,1.025410e+02
2.242361e+03,1.027050e+02
2.242844e+03,1.028844e+02
2.243326e+03,1.030686e+02
2.243808e+03,1.032399e+02
2.244290e+03,1.033814e+02
2.244772e+03,1.034834e+02
2.245254e+03,1.035440e+02
2.245736e+03,1.035667e+02
2.246218e+03,1.035545e+02
2.246700e+03,1.035079e+02
2.247183e+03,1.034251e+02
2.247665e+03,1.033080e+02
2.248147e+03,1.031658e+02
2.248629e+03,1.030169e+02
2.249111e+03,1.028844e+02
2.249593e+03,1.027894e+02
2.250075e+03,1.027429e+02
2.250557e+03,1.027423e+02
2.251040e+03,1.027725e+02
2.251522e+03,1.028124e+02
2.252004e+03,1.028406e+02
2.252486e+03,1.028425e+02
2.252968e+03,1.028116e+02
2.253450e+03,1.027487e+02
2.253932e+03,1.026596e+02
2.254415e+03,1.025534e+02
2.254896e+03,1.024419e+02
2.255379e+03,1.023400e+02
2.255861e+03,1.022635e+02
2.256343e+03,1.022252e+02
2.256825e+03,1.022290e+02
2.257307e+03,1.022674e+02
2.257789e+03,1.023224e+02
2.258271e+03,1.023723e+02
2.258754e+03,1.024010e+02
2.259236e+03,1.024057e+02
2.259718e+03,1.023972e+02
2.260200e+03,1.023933e+02
2.260682e+03,1.024059e+02
2.261164e+03,1.024303e+02
2.261646e+03,1.024407e+02
2.262128e+03,1.023979e+02
2.262611e+03,1.022660e+02
2.263093e+03,1.020315e+02
2.263575e+03,1.017153e+02
2.264057e+03,1.013713e+02
2.264539e+03,1.010701e+02
2.265021e+03,1.008752e+02
2.265503e+03,1.008215e+02
2.265985e+03,1.009057e+02
2.266468e+03,1.010908e+02
2.266950e+03,1.013225e+02
2.267432e+03,1.015503e+02
2.267914e+03,1.017440e+02
2.268396e+03,1.018993e+02
2.268878e+03,1.020305e+02
2.269360e+03,1.021566e+02
2.269843e+03,1.022881e+02
2.270324e+03,1.024205e+02
2.270807e+03,1.025380e+02
2.271289e+03,1.026227e+02
2.271771e+03,1.026647e+02
2.272253e+03,1.026677e+02
2.272735e+03,1.026476e+02
2.273217e+03,1.026247e+02
2.273699e+03,1.026156e+02
2.274182e+03,1.026272e+02
2.274664e+03,1.026570e+02
2.275146e+03,1.026960e+02
2.275628e+03,1.027349e+02
2.276110e+03,1.027667e+02
2.276592e+03,1.027879e+02
2.277074e+03,1.027960e+02
2.277556e+03,1.027879e+02
2.278039e+03,1.027593e+02
2.278521e+03,1.027068e+02
2.279003e+03,1.026312e+02
2.279485e+03,1.025400e+02
2.279967e+03,1.024462e+02
2.280449e+03,1.023653e+02
2.280931e+03,1.023098e+02
2.281413e+03,1.022847e+02
2.281896e+03,1.022862e+02
2.282378e+03,1.023037e+02
2.282860e+03,1.023240e+02
2.283342e+03,1.023369e+02
2.283824e+03,1.023383e+02
2.284306e+03,1.023318e+02
2.284788e+03,1.023266e+02
2.285271e+03,1.023344e+02
2.285752e+03,1.023653e+02
2.286235e+03,1.024242e+02
2.286717e+03,1.025087e+02
2.287199e+03,1.026087e+02
2.287681e+03,1.027075e+02
2.288163e+03,1.027860e+02
2.288645e+03,1.028272e+02
2.289127e+03,1.028219e+02
2.289610e+03,1.027716e+02
2.290092e+03,1.026892e+02
2.290574e+03,1.025958e+02
2.291056e+03,1.025135e+02
2.291538e+03,1.024586e+02
2.292020e+03,1.024365e+02
2.292502e+03,1.024403e+02
2.292984e+03,1.024551e+02
2.293467e+03,1.024644e+02
2.293949e+03,1.024575e+02
2.294431e+03,1.024336e+02
2.294913e+03,1.024015e+02
2.295395e+03,1.023749e+02
2.295877e+03,1.023661e+02
2.296359e+03,1.023812e+02
2.296841e+03,1.024181e+02
2.297323e+03,1.024689e+02
2.297806e+03,1.025237e+02
2.298288e+03,1.025742e+02
2.298770e+03,1.026154e+02
2.299252e+03,1.026442e+02
2.299734e+03,1.026583e+02
2.300216e+03,1.026547e+02
2.300698e+03,1.026316e+02
2.301180e+03,1.025913e+02
2.301663e+03,1.025432e+02
2.302145e+03,1.025032e+02
2.302627e+03,1.024903e+02
2.303109e+03,1.025184e+02
2.303591e+03,1.025895e+02
2.304073e+03,1.026901e+02
2.304555e+03,1.027937e+02
2.305038e+03,1.028691e+02
2.305520e+03,1.028922e+02
2.306002e+03,1.028549e+02
2.306484e+03,1.027683e+02
2.306966e+03,1.026582e+02
2.307448e+03,1.025546e+02
2.307930e+03,1.024809e+02
2.308412e+03,1.024463e+02
2.308895e+03,1.024454e+02
2.309377e+03,1.024642e+02
2.309859e+03,1.024877e+02
2.310341e+03,1.025076e+02
2.310823e+03,1.025243e+02
2.311305e+03,1.025439e+02
2.311787e+03,1.025726e+02
2.312269e+03,1.026115e+02
2.312751e+03,1.026544e+02
2.313234e+03,1.026907e+02
2.313716e+03,1.027095e+02
2.314198e+03,1.027042e+02
2.314680e+03,1.026740e+02
2.315162e+03,1.026226e+02
2.315644e+03,1.025553e+02
2.316126e+03,1.024767e+02
2.316608e+03,1.023906e+02
2.317091e+03,1.023024e+02
2.317573e+03,1.022206e+02
2.318055e+03,1.021575e+02
2.318537e+03,1.021259e+02
2.319019e+03,1.021349e+02
2.319501e+03,1.021839e+02
2.319983e+03,1.022620e+02
2.320466e+03,1.023498e+02
2.320948e+03,1.024279e+02
2.321430e+03,1.024834e+02
2.321912e+03,1.025149e+02
2.322394e+03,1.025310e+02
2.322876e+03,1.025440e+02
2.323358e+03,1.025613e+02
2.323840e+03,1.025813e+02
2.324323e+03,1.025929e+02
2.324805e+03,1.025820e+02
2.325287e+03,1.025378e+02
2.325769e+03,1.024587e+02
2.326251e+03,1.023524e+02
2.326733e+03,1.022324e+02
2.327215e+03,1.021123e+02
2.327697e+03,1.020008e+02
2.328179e+03,1.018993e+02
2.328662e+03,1.018039e+02
2.329144e+03,1.017100e+02
2.329626e+03,1.016170e+02
2.330108e+03,1.015308e+02
2.330590e+03,1.014622e+02
2.331072e+03,1.014217e+02
2.331554e+03,1.014146e+02
2.332036e+03,1.014385e+02
2.332519e+03,1.014848e+02
2.333001e+03,1.015425e+02
2.333483e+03,1.016022e+02
2.333965e+03,1.016580e+02
2.334447e+03,1.017074e+02
2.334929e+03,1.017484e+02
2.335411e+03,1.017777e+02
2.335894e+03,1.017915e+02
2.336375e+03,1.017876e+02
2.336858e+03,1.017688e+02
2.337340e+03,1.017447e+02
2.337822e+03,1.017292e+02
2.338304e+03,1.017357e+02
2.338786e+03,1.017713e+02
2.339268e+03,1.018335e+02
2.339750e+03,1.019117e+02
2.340233e+03,1.019928e+02
2.340715e+03,1.020684e+02
2.341197e+03,1.021392e+02
2.341679e+03,1.022144e+02
2.342161e+03,1.023055e+02
2.342643e+03,1.024171e+02
2.343125e+03,1.025409e+02
2.343607e+03,1.026557e+02
2.344090e+03,1.027337e+02
2.344572e+03,1.027515e+02
2.345054e+03,1.027007e+02
2.345536e+03,1.025916e+02
2.346018e+03,1.024484e+02
2.346500e+03,1.022981e+02
2.346982e+03,1.021606e+02
2.347464e+03,1.020441e+02
2.347947e+03,1.019472e+02
2.348429e+03,1.018635e+02
2.348911e+03,1.017873e+02
2.349393e+03,1.017157e+02
2.349875e+03,1.016505e+02
2.350357e+03,1.015961e+02
2.350839e+03,1.015576e+02
2.351322e+03,1.015379e+02
2.351803e+03,1.015359e+02
2.352286e+03,1.015478e+02
2.352768e+03,1.015690e+02
2.353250e+03,1.015972e+02
2.353732e+03,1.016334e+02
2.354214e+03,1.016805e+02
2.354696e+03,1.017405e+02
2.355178e+03,1.018123e+02
2.355661e+03,1.018919e+02
2.356143e+03,1.019744e+02
2.356625e+03,1.020559e+02
2.357107e+03,1.021336e+02
2.357589e+03,1.022034e+02
2.358071e+03,1.022571e+02
2.358553e+03,1.022817e+02
2.359035e+03,1.022639e+02
2.359518e+03,1.021975e+02
2.360000e+03,1.020910e+02
2.360482e+03,1.019691e+02
2.360964e+03,1.018654e+02
2.361446e+03,1.018106e+02
2.361928e+03,1.018186e+02
2.362410e+03,1.018807e+02
2.362892e+03,1.019681e+02
2.363375e+03,1.020460e+02
2.363857e+03,1.020881e+02
2.364339e+03,1.020880e+02
2.364821e+03,1.020571e+02
2.365303e+03,1.020121e+02
2.365785e+03,1.019575e+02
2.366267e+03,1.018747e+02
2.366750e+03,1.017241e+02
2.367232e+03,1.014618e+02
2.367714e+03,1.010645e+02
2.368196e+03,1.005495e+02
2.368678e+03,9.998035e+01
2.369160e+03,9.945312e+01
2.369642e+03,9.906923e+01
2.370124e+03,9.890523e+01
2.370606e+03,9.899058e+01
2.371089e+03,9.930120e+01
2.371571e+03,9.976953e+01
2.372053e+03,1.003072e+02
2.372535e+03,1.008298e+02
2.373017e+03,1.012772e+02
2.373499e+03,1.016200e+02
2.373981e+03,1.018566e+02
2.374463e+03,1.020024e+02
2.374946e+03,1.020792e+02
2.375428e+03,1.021064e+02
2.375910e+03,1.020988e+02
2.376392e+03,1.020669e+02
2.376874e+03,1.020194e+02
2.377356e+03,1.019637e+02
2.377838e+03,1.019062e+02
2.378321e+03,1.018513e+02
2.378802e+03,1.018008e+02
2.379285e+03,1.017540e+02
2.379767e+03,1.017099e+02
2.380249e+03,1.016683e+02
2.380731e+03,1.016311e+02
2.381213e+03,1.016020e+02
2.381695e+03,1.015847e+02
2.382177e+03,1.015819e+02
2.382660e+03,1.015940e+02
2.383142e+03,1.016194e+02
2.383624e+03,1.016555e+02
2.384106e+03,1.016997e+02
2.384588e+03,1.017498e+02
2.385070e+03,1.018037e+02
2.385552e+03,1.018583e+02
2.386034e+03,1.019082e+02
2.386517e+03,1.019467e+02
2.386999e+03,1.019667e+02
2.387481e+03,1.019632e+02
2.387963e+03,1.019353e+02
2.388445e+03,1.018872e+02
2.388927e+03,1.018270e+02
2.389409e+03,1.017650e+02
2.389891e+03,1.017105e+02
2.390374e+03,1.016697e+02
2.390856e+03,1.016444e+02
2.391338e+03,1.016324e+02
2.391820e+03,1.016277e+02
2.392302e+03,1.016219e+02
2.392784e+03,1.016060e+02
2.393266e+03,1.015711e+02
2.393749e+03,1.015109e+02
2.394230e+03,1.014240e+02
2.394713e+03,1.013155e+02
2.395195e+03,1.011982e+02
2.395677e+03,1.010907e+02
2.396159e+03,1.010141e+02
2.396641e+03,1.009863e+02
2.397123e+03,1.010166e+02
2.397605e+03,1.011024e+02
2.398088e+03,1.012293e+02
2.398570e+03,1.013748e+02
2.399052e+03,1.015146e+02
2.399534e+03,1.016292e+02
2.400016e+03,1.017089e+02
2.400498e+03,1.017542e+02
2.400980e+03,1.017737e+02
2.401462e+03,1.017797e+02
2.401945e+03,1.017834e+02
2.402427e+03,1.017920e+02
2.402909e+03,1.018077e+02
2.403391e+03,1.018287e+02
2.403873e+03,1.018517e+02
2.404355e+03,1.018738e+02
2.404837e+03,1.018938e+02
2.405319e+03,1.019128e+02
2.405802e+03,1.019334e+02
2.406284e+03,1.019589e+02
2.406766e+03,1.019918e+02
2.407248e+03,1.020337e+02
2.407730e+03,1.020836e+02
2.408212e+03,1.021386e+02
2.408694e+03,1.021939e+02
2.409177e+03,1.022440e+02
2.409658e+03,1.022850e+02
2.410141e+03,1.023152e+02
2.410623e+03,1.023362e+02
2.411105e+03,1.023518e+02
2.411587e+03,1.023659e+02
2.412069e+03,1.023806e+02
2.412551e+03,1.023944e+02
2.413033e+03,1.024022e+02
2.413516e+03,1.023980e+02
2.413998e+03,1.023778e+02
2.414480e+03,1.023419e+02
2.414962e+03,1.022956e+02
2.415444e+03,1.022477e+02
2.415926e+03,1.022063e+02
2.416408e+03,1.021760e+02
2.416890e+03,1.021553e+02
2.417373e+03,1.021385e+02
2.417855e+03,1.021183e+02
2.418337e+03,1.020911e+02
2.418819e+03,1.020593e+02
2.419301e+03,1.020315e+02
2.419783e+03,1.020193e+02
2.420265e+03,1.020320e+02
2.420747e+03,1.020720e+02
2.421229e+03,1.021328e+02
2.421712e+03,1.022001e+02
2.422194e+03,1.022571e+02
2.422676e+03,1.022897e+02
2.423158e+03,1.022917e+02
2.423640e+03,1.022662e+02
2.424122e+03,1.022237e+02
2.424604e+03,1.021786e+02
2.425086e+03,1.021438e+02
2.425569e+03,1.021275e+02
2.426051e+03,1.021310e+02
2.426533e+03,1.021496e+02
2.427015e+03,1.021748e+02
2.427497e+03,1.021971e+02
2.427979e+03,1.022082e+02
2.428461e+03,1.022032e+02
2.428944e+03,1.021812e+02
2.429426e+03,1.021455e+02
2.429908e+03,1.021023e+02
2.430390e+03,1.020597e+02
2.430872e+03,1.020256e+02
2.431354e+03,1.020059e+02
2.431836e+03,1.020031e+02
2.432318e+03,1.020165e+02
2.432801e+03,1.020429e+02
2.433283e+03,1.020781e+02
2.433765e+03,1.021188e+02
2.434247e+03,1.021631e+02
2.434729e+03,1.022104e+02
2.435211e+03,1.022597e+02
2.435693e+03,1.023086e+02
2.436175e+03,1.023524e+02
2.436657e+03,1.023853e+02
2.437140e+03,1.024018e+02
2.437622e+03,1.023990e+02
2.438104e+03,1.023776e+02
2.438586e+03,1.023419e+02
2.439068e+03,1.022974e+02
2.439550e+03,1.022499e+02
2.440032e+03,1.022029e+02
2.440514e+03,1.021583e+02
2.440997e+03,1.021169e+02
2.441479e+03,1.020804e+02
2.441961e+03,1.020513e+02
2.442443e+03,1.020329e+02
2.442925e+03,1.020267e+02
2.443407e+03,1.020308e+02
2.443889e+03,1.020384e+02
2.444372e+03,1.020396e+02
2.444854e+03,1.020245e+02
2.445336e+03,1.019873e+02
2.445818e+03,1.019299e+02
2.446300e+03,1.018625e+02
2.446782e+03,1.018010e+02
2.447264e+03,1.017620e+02
2.447746e+03,1.017570e+02
2.448229e+03,1.017892e+02
2.448711e+03,1.018518e+02
2.449193e+03,1.019310e+02
2.449675e+03,1.020103e+02
2.450157e+03,1.020757e+02
2.450639e+03,1.021199e+02
2.451121e+03,1.021429e+02
2.451604e+03,1.021512e+02
2.452085e+03,1.021542e+02
2.452568e+03,1.021609e+02
2.453050e+03,1.021763e+02
2.453532e+03,1.022004e+02
2.454014e+03,1.022285e+02
2.454496e+03,1.022523e+02
2.454978e+03,1.022636e+02
2.455460e+03,1.022564e+02
2.455943e+03,1.022294e+02
2.456425e+03,1.021870e+02
2.456907e+03,1.021378e+02
2.457389e+03,1.020923e+02
2.457871e+03,1.020593e+02
2.458353e+03,1.020427e+02
2.458835e+03,1.020398e+02
2.459317e+03,1.020427e+02
2.459800e+03,1.020411e+02
2.460282e+03,1.020268e+02
2.460764e+03,1.019980e+02
2.461246e+03,1.019606e+02
2.461728e+03,1.019274e+02
2.462210e+03,1.019136e+02
2.462692e+03,1.019319e+02
2.463174e+03,1.019879e+02
2.463656e+03,1.020780e+02
2.464139e+03,1.021906e+02
2.464621e+03,1.023098e+02
2.465103e+03,1.024198e+02
2.465585e+03,1.025088e+02
2.466067e+03,1.025710e+02
2.466549e+03,1.026058e+02
2.467031e+03,1.026159e+02
2.467513e+03,1.026048e+02
2.467996e+03,1.025758e+02
2.468478e+03,1.025315e+02
2.468960e+03,1.024745e+02
2.469442e+03,1.024087e+02
2.469924e+03,1.023386e+02
2.470406e+03,1.022695e+02
2.470888e+03,1.022058e+02
2.471371e+03,1.021505e+02
2.471853e+03,1.021049e+02
2.472335e+03,1.020694e+02
2.472817e+03,1.020444e+02
2.473299e+03,1.020315e+02
2.473781e+03,1.020326e+02
2.474263e+03,1.020499e+02
2.474745e+03,1.020838e+02
2.475228e+03,1.021322e+02
2.475710e+03,1.021902e+02
2.476192e+03,1.022507e+02
2.476674e+03,1.023059e+02
2.477156e+03,1.023493e+02
2.477638e+03,1.023763e+02
2.478120e+03,1.023846e+02
2.478602e+03,1.023737e+02
2.479084e+03,1.023447e+02
2.479567e+03,1.022995e+02
2.480049e+03,1.022410e+02
2.480531e+03,1.021731e+02
2.481013e+03,1.021012e+02
2.481495e+03,1.020309e+02
2.481977e+03,1.019682e+02
2.482459e+03,1.019179e+02
2.482941e+03,1.018836e+02
2.483424e+03,1.018679e+02
2.483906e+03,1.018729e+02
2.484388e+03,1.019012e+02
2.484870e+03,1.019557e+02
2.485352e+03,1.020390e+02
2.485834e+03,1.021518e+02
2.486316e+03,1.022902e+02
2.486799e+03,1.024455e+02
2.487281e+03,1.026034e+02
2.487763e+03,1.027473e+02
2.488245e+03,1.028614e+02
2.488727e+03,1.029349e+02
2.489209e+03,1.029651e+02
2.489691e+03,1.029582e+02
2.490173e+03,1.029263e+02
2.490656e+03,1.028849e+02
2.491138e+03,1.028466e+02
2.491620e+03,1.028187e+02
2.492102e+03,1.028010e+02
2.492584e+03,1.027868e+02
2.493066e+03,1.027662e+02
2.493548e+03,1.027302e+02
2.494030e+03,1.026739e+02
2.494512e+03,1.025980e+02
2.494995e+03,1.025087e+02
2.495477e+03,1.024154e+02
2.495959e+03,1.023273e+02
2.496441e+03,1.022512e+02
2.496923e+03,1.021899e+02
2.497405e+03,1.021426e+02
2.497887e+03,1.021061e+02
2.498370e+03,1.020763e+02
2.498852e+03,1.020499e+02
2.499334e+03,1.020242e+02
2.499816e+03,1.019971e+02
2.500298e+03,1.019667e+02
2.500780e+03,1.019309e+02
2.501262e+03,1.018882e+02
2.501744e+03,1.018386e+02
2.502227e+03,1.017850e+02
2.502709e+03,1.017327e+02
2.503191e+03,1.016894e+02
2.503673e+03,1.016624e+02
2.504155e+03,1.016569e+02
2.504637e+03,1.016737e+02
2.505119e+03,1.017089e+02
2.505601e+03,1.017542e+02
2.506083e+03,1.017998e+02
2.506566e+03,1.018359e+02
2.507048e+03,1.018553e+02
2.507530e+03,1.018542e+02
2.508012e+03,1.018332e+02
2.508494e+03,1.017960e+02
2.508976e+03,1.017494e+02
2.509458e+03,1.017015e+02
2.509940e+03,1.016608e+02
2.510423e+03,1.016338e+02
2.510905e+03,1.016234e+02
2.511387e+03,1.016273e+02
2.511869e+03,1.016382e+02
2.512351e+03,1.016451e+02
2.512833e+03,1.016380e+02
2.513315e+03,1.016115e+02
2.513798e+03,1.015692e+02
2.514280e+03,1.015234e+02
2.514762e+03,1.014926e+02
2.515244e+03,1.014942e+02
2.515726e+03,1.015380e+02
2.516208e+03,1.016209e+02
2.516690e+03,1.017265e+02
2.517172e+03,1.018295e+02
2.517655e+03,1.019049e+02
2.518137e+03,1.019368e+02
2.518619e+03,1.019247e+02
2.519101e+03,1.018834e+02
2.519583e+03,1.018368e+02
2.520065e+03,1.018081e+02
2.520547e+03,1.018102e+02
2.521029e+03,1.018412e+02
2.521511e+03,1.018855e+02
2.521994e+03,1.019217e+02
2.522476e+03,1.019330e+02
2.522958e+03,1.019159e+02
2.523440e+03,1.018841e+02
2.523922e+03,1.018648e+02
2.524404e+03,1.018898e+02
2.524886e+03,1.019834e+02
2.525368e+03,1.021527e+02
2.525851e+03,1.023821e+02
2.526333e+03,1.026362e+02
2.526815e+03,1.028675e+02
2.527297e+03,1.030295e+02
2.527779e+03,1.030874e+02
2.528261e+03,1.030276e+02
2.528743e+03,1.028597e+02
2.529226e+03,1.026134e+02
2.529708e+03,1.023305e+02
2.530190e+03,1.020547e+02
2.530672e+03,1.018217e+02
2.531154e+03,1.016533e+02
2.531636e+03,1.015553e+02
2.532118e+03,1.015198e+02
2.532600e+03,1.015311e+02
2.533083e+03,1.015713e+02
2.533565e+03,1.016256e+02
2.534047e+03,1.016849e+02
2.534529e+03,1.017454e+02
2.535011e+03,1.018061e+02
2.535493e+03,1.018662e+02
2.535975e+03,1.019230e+02
2.536457e+03,1.019728e+02
2.536939e+03,1.020132e+02
2.537422e+03,1.020453e+02
2.537904e+03,1.020755e+02
2.538386e+03,1.021136e+02
2.538868e+03,1.021691e+02
2.539350e+03,1.022464e+02
2.539832e+03,1.023411e+02
2.540314e+03,1.024393e+02
2.540796e+03,1.025216e+02
2.541279e+03,1.025681e+02
2.541761e+03,1.025657e+02
2.542243e+03,1.025116e+02
2.542725e+03,1.024137e+02
2.543207e+03,1.022868e+02
2.543689e+03,1.021476e+02
2.544171e+03,1.020102e+02
2.544654e+03,1.018834e+02
2.545135e+03,1.017723e+02
2.545618e+03,1.016801e+02
2.546100e+03,1.016103e+02
2.546582e+03,1.015678e+02
2.547064e+03,1.015565e+02
2.547546e+03,1.015766e+02
2.548028e+03,1.016225e+02
2.548510e+03,1.016823e+02
2.548993e+03,1.017413e+02
2.549475e+03,1.017868e+02
2.549957e+03,1.018126e+02
2.550439e+03,1.018222e+02
2.550921e+03,1.018266e+02
2.551403e+03,1.018400e+02
2.551885e+03,1.018733e+02
2.552367e+03,1.019290e+02
2.552850e+03,1.019997e+02
2.553332e+03,1.020704e+02
2.553814e+03,1.021236e+02
2.554296e+03,1.021453e+02
2.554778e+03,1.021298e+02
2.555260e+03,1.020809e+02
2.555742e+03,1.020102e+02
2.556224e+03,1.019337e+02
2.556707e+03,1.018671e+02
2.557189e+03,1.018224e+02
2.557671e+03,1.018060e+02
2.558153e+03,1.018186e+02
2.558635e+03,1.018561e+02
2.559117e+03,1.019112e+02
2.559599e+03,1.019744e+02
2.560082e+03,1.020366e+02
2.560563e+03,1.020897e+02
2.561046e+03,1.021289e+02
2.561528e+03,1.021531e+02
2.562010e+03,1.021655e+02
2.562492e+03,1.021716e+02
2.562974e+03,1.021776e+02
2.563456e+03,1.021878e+02
2.563938e+03,1.022028e+02
2.564421e+03,1.022190e+02
2.564903e+03,1.022296e+02
2.565385e+03,1.022270e+02
2.565867e+03,1.022053e+02
2.566349e+03,1.021628e+02
2.566831e+03,1.021023e+02
2.567313e+03,1.020307e+02
2.567795e+03,1.019575e+02
2.568278e+03,1.018921e+02
2.568760e+03,1.018418e+02
2.569242e+03,1.018098e+02
2.569724e+03,1.017954e+02
2.570206e+03,1.017941e+02
2.570688e+03,1.017995e+02
2.571170e+03,1.018058e+02
2.571652e+03,1.018102e+02
2.572135e+03,1.018148e+02
2.572617e+03,1.018259e+02
2.573099e+03,1.018519e+02
2.573581e+03,1.018997e+02
2.574063e+03,1.019705e+02
2.574545e+03,1.020582e+02
2.575027e+03,1.021495e+02
2.575510e+03,1.022293e+02
2.575991e+03,1.022865e+02
2.576474e+03,1.023201e+02
2.576956e+03,1.023423e+02
2.577438e+03,1.023757e+02
2.577920e+03,1.024454e+02
2.578402e+03,1.025689e+02
2.578884e+03,1.027467e+02
2.579366e+03,1.029576e+02
2.579849e+03,1.031623e+02
2.580331e+03,1.033128e+02
2.580813e+03,1.033670e+02
2.581295e+03,1.033022e+02
2.581777e+03,1.031221e+02
2.582259e+03,1.028561e+02
2.582741e+03,1.025500e+02
2.583223e+03,1.022526e+02
2.583706e+03,1.020037e+02
2.584188e+03,1.018264e+02
2.584670e+03,1.017255e+02
2.585152e+03,1.016924e+02
2.585634e+03,1.017111e+02
2.586116e+03,1.017650e+02
2.586598e+03,1.018401e+02
2.587080e+03,1.019260e+02
2.587562e+03,1.020140e+02
2.588045e+03,1.020962e+02
2.588527e+03,1.021649e+02
2.589009e+03,1.022148e+02
2.589491e+03,1.022448e+02
2.589973e+03,1.022595e+02
2.590455e+03,1.022688e+02
2.590938e+03,1.022838e+02
2.591419e+03,1.023123e+02
2.591902e+03,1.023545e+02
2.592384e+03,1.024014e+02
2.592866e+03,1.024368e+02
2.593348e+03,1.024419e+02
2.593830e+03,1.024020e+02
2.594312e+03,1.023119e+02
2.594794e+03,1.021782e+02
2.595277e+03,1.020180e+02
2.595759e+03,1.018544e+02
2.596241e+03,1.017104e+02
2.596723e+03,1.016034e+02
2.597205e+03,1.015421e+02
2.597687e+03,1.015258e+02
2.598169e+03,1.015469e+02
2.598651e+03,1.015935e+02
2.599134e+03,1.016536e+02
2.599616e+03,1.017177e+02
2.600098e+03,1.017803e+02
2.600580e+03,1.018395e+02
2.601062e+03,1.018961e+02
2.601544e+03,1.019516e+02
2.602026e+03,1.020062e+02
2.602508e+03,1.020588e+02
2.602990e+03,1.021062e+02
2.603473e+03,1.021448e+02
2.603955e+03,1.021712e+02
2.604437e+03,1.021842e+02
2.604919e+03,1.021850e+02
2.605401e+03,1.021771e+02
2.605883e+03,1.021655e+02
2.606365e+03,1.021547e+02
2.606847e+03,1.021477e+02
2.607330e+03,1.021451e+02
2.607812e+03,1.021446e+02
2.608294e+03,1.021426e+02
2.608776e+03,1.021353e+02
2.609258e+03,1.021199e+02
2.609740e+03,1.020954e+02
2.610222e+03,1.020632e+02
2.610705e+03,1.020264e+02
2.611187e+03,1.019889e+02
2.611669e+03,1.019547e+02
2.612151e+03,1.019275e+02
2.612633e+03,1.019101e+02
2.613115e+03,1.019048e+02
2.613597e+03,1.019136e+02
2.614079e+03,1.019377e+02
2.614562e+03,1.019780e+02
2.615044e+03,1.020339e+02
2.615526e+03,1.021036e+02
2.616008e+03,1.021835e+02
2.616490e+03,1.022685e+02
2.616972e+03,1.023523e+02
2.617454e+03,1.024284e+02
2.617936e+03,1.024910e+02
2.618418e+03,1.025362e+02
2.618901e+03,1.025627e+02
2.619383e+03,1.025720e+02
2.619865e+03,1.025685e+02
2.620347e+03,1.025573e+02
2.620829e+03,1.025439e+02
2.621311e+03,1.025319e+02
2.621793e+03,1.025225e+02
2.622276e+03,1.025139e+02
2.622758e+03,1.025021e+02
2.623240e+03,1.024823e+02
2.623722e+03,1.024502e+02
2.624204e+03,1.024040e+02
2.624686e+03,1.023454e+02
2.625168e+03,1.022792e+02
2.625650e+03,1.022130e+02
2.626133e+03,1.021551e+02
2.626615e+03,1.021130e+02
2.627097e+03,1.020906e+02
2.627579e+03,1.020875e+02
2.628061e+03,1.020980e+02
2.628543e+03,1.021121e+02
2.629025e+03,1.021176e+02
2.629507e+03,1.021029e+02
2.629990e+03,1.020605e+02
2.630472e+03,1.019892e+02
2.630954e+03,1.018955e+02
2.631436e+03,1.017926e+02
2.631918e+03,1.016972e+02
2.632400e+03,1.016261e+02
2.632882e+03,1.015916e+02
2.633364e+03,1.015988e+02
2.633846e+03,1.016447e+02
2.634329e+03,1.017194e+02
2.634811e+03,1.018093e+02
2.635293e+03,1.019010e+02
2.635775e+03,1.019840e+02
2.636257e+03,1.020525e+02
2.636739e+03,1.021051e+02
2.637221e+03,1.021433e+02
2.637704e+03,1.021702e+02
2.638186e+03,1.021895e+02
2.638668e+03,1.022046e+02
2.639150e+03,1.022189e+02
2.639632e+03,1.022358e+02
2.640114e+03,1.022574e+02
2.640596e+03,1.022846e+02
2.641078e+03,1.023160e+02
2.641561e+03,1.023476e+02
2.642043e+03,1.023741e+02
2.642525e+03,1.023903e+02
2.643007e+03,1.023931e+02
2.643489e+03,1.023829e+02
2.643971e+03,1.023634e+02
2.644453e+03,1.023410e+02
2.644935e+03,1.023219e+02
2.645417e+03,1.023106e+02
2.645900e+03,1.023086e+02
2.646382e+03,1.023141e+02
2.646864e+03,1.023234e+02
2.647346e+03,1.023326e+02
2.647828e+03,1.023389e+02
2.648310e+03,1.023412e+02
2.648792e+03,1.023395e+02
2.649274e+03,1.023347e+02
2.649757e+03,1.023277e+02
2.650239e+03,1.023189e+02
2.650721e+03,1.023085e+02
2.651203e+03,1.022972e+02
2.651685e+03,1.022859e+02
2.652167e+03,1.022755e+02
2.652649e+03,1.022669e+02
2.653132e+03,1.022599e+02
2.653614e+03,1.022539e+02
2.654096e+03,1.022479e+02
2.654578e+03,1.022414e+02
2.655060e+03,1.022352e+02
2.655542e+03,1.022305e+02
2.656024e+03,1.022283e+02
2.656506e+03,1.022282e+02
2.656989e+03,1.022274e+02
2.657471e+03,1.022216e+02
2.657953e+03,1.022063e+02
2.658435e+03,1.021796e+02
2.658917e+03,1.021440e+02
2.659399e+03,1.021068e+02
2.659881e+03,1.020781e+02
2.660363e+03,1.020678e+02
2.660845e+03,1.020813e+02
2.661328e+03,1.021177e+02
2.661810e+03,1.021690e+02
2.662292e+03,1.022231e+02
2.662774e+03,1.022673e+02
2.663256e+03,1.022926e+02
2.663738e+03,1.022964e+02
2.664220e+03,1.022818e+02
2.664702e+03,1.022560e+02
2.665185e+03,1.022268e+02
2.665667e+03,1.022000e+02
2.666149e+03,1.021780e+02
2.666631e+03,1.021610e+02
2.667113e+03,1.021482e+02
2.667595e+03,1.021399e+02
2.668077e+03,1.021376e+02
2.668560e+03,1.021437e+02
2.669042e+03,1.021595e+02
2.669524e+03,1.021833e+02
2.670006e+03,1.022107e+02
2.670488e+03,1.022348e+02
2.670970e+03,1.022493e+02
2.671452e+03,1.022503e+02
2.671934e+03,1.022386e+02
2.672417e+03,1.022194e+02
2.672899e+03,1.022007e+02
2.673381e+03,1.021911e+02
2.673863e+03,1.021968e+02
2.674345e+03,1.022202e+02
2.674827e+03,1.022584e+02
2.675309e+03,1.023049e+02
2.675791e+03,1.023505e+02
2.676273e+03,1.023860e+02
2.676756e+03,1.024043e+02
2.677238e+03,1.024026e+02
2.677720e+03,1.023831e+02
2.678202e+03,1.023525e+02
2.678684e+03,1.023200e+02
2.679166e+03,1.022937e+02
2.679648e+03,1.022785e+02
2.680130e+03,1.022736e+02
2.680613e+03,1.022738e+02
2.681095e+03,1.022728e+02
2.681577e+03,1.022682e+02
2.682059e+03,1.022660e+02
2.682541e+03,1.022816e+02
2.683023e+03,1.023369e+02
2.683505e+03,1.024528e+02
2.683988e+03,1.026397e+02
2.684469e+03,1.028900e+02
2.684952e+03,1.031754e+02
2.685434e+03,1.034513e+02
2.685916e+03,1.036677e+02
2.686398e+03,1.037834e+02
2.686880e+03,1.037785e+02
2.687362e+03,1.036601e+02
2.687844e+03,1.034593e+02
2.688327e+03,1.032212e+02
2.688809e+03,1.029903e+02
2.689291e+03,1.027990e+02
2.689773e+03,1.026614e+02
2.690255e+03,1.025743e+02
2.690737e+03,1.025229e+02
2.691219e+03,1.024900e+02
2.691701e+03,1.024630e+02
2.692184e+03,1.024369e+02
2.692666e+03,1.024137e+02
2.693148e+03,1.023985e+02
2.693630e+03,1.023956e+02
2.694112e+03,1.024058e+02
2.694594e+03,1.024265e+02
2.695076e+03,1.024535e+02
2.695558e+03,1.024829e+02
2.696041e+03,1.025121e+02
2.696523e+03,1.025402e+02
2.697005e+03,1.025659e+02
2.697487e+03,1.025869e+02
2.697969e+03,1.025997e+02
2.698451e+03,1.026005e+02
2.698933e+03,1.025872e+02
2.699416e+03,1.025607e+02
2.699897e+03,1.025247e+02
2.700380e+03,1.024850e+02
2.700862e+03,1.024471e+02
2.701344e+03,1.024146e+02
2.701826e+03,1.023879e+02
2.702308e+03,1.023652e+02
2.702790e+03,1.023441e+02
2.703272e+03,1.023225e+02
2.703755e+03,1.023000e+02
2.704237e+03,1.022775e+02
2.704719e+03,1.022567e+02
2.705201e+03,1.022388e+02
2.705683e+03,1.022244e+02
2.706165e+03,1.022134e+02
2.706647e+03,1.022053e+02
2.707129e+03,1.021995e+02
2.707612e+03,1.021952e+02
2.708094e+03,1.021905e+02
2.708576e+03,1.021825e+02
2.709058e+03,1.021672e+02
2.709540e+03,1.021411e+02
2.710022e+03,1.021027e+02
2.710504e+03,1.020542e+02
2.710986e+03,1.020015e+02
2.711469e+03,1.019530e+02
2.711951e+03,1.019170e+02
2.712433e+03,1.018988e+02
2.712915e+03,1.018992e+02
2.713397e+03,1.019145e+02
2.713879e+03,1.019383e+02
2.714361e+03,1.019640e+02
2.714844e+03,1.019871e+02
2.715325e+03,1.020058e+02
2.715808e+03,1.020205e+02
2.716290e+03,1.020318e+02
2.716772e+03,1.020389e+02
2.717254e+03,1.020396e+02
2.717736e+03,1.020311e+02
2.718218e+03,1.020122e+02
2.718700e+03,1.019854e+02
2.719183e+03,1.019570e+02
2.719665e+03,1.019356e+02
2.720147e+03,1.019296e+02
2.720629e+03,1.019437e+02
2.721111e+03,1.019766e+02
2.721593e+03,1.020218e+02
2.722075e+03,1.020688e+02
2.722557e+03,1.021071e+02
2.723040e+03,1.021290e+02
2.723522e+03,1.021320e+02
2.724004e+03,1.021189e+02
2.724486e+03,1.020964e+02
2.724968e+03,1.020737e+02
2.725450e+03,1.020596e+02
2.725932e+03,1.020613e+02
2.726414e+03,1.020835e+02
2.726896e+03,1.021274e+02
2.727379e+03,1.021908e+02
2.727861e+03,1.022678e+02
2.728343e+03,1.023491e+02
2.728825e+03,1.024237e+02
2.729307e+03,1.024803e+02
2.729789e+03,1.025104e+02
2.730271e+03,1.025099e+02
2.730753e+03,1.024806e+02
2.731236e+03,1.024285e+02
2.731718e+03,1.023625e+02
2.732200e+03,1.022915e+02
2.732682e+03,1.022222e+02
2.733164e+03,1.021587e+02
2.733646e+03,1.021037e+02
2.734128e+03,1.020603e+02
2.734611e+03,1.020337e+02
2.735093e+03,1.020318e+02
2.735575e+03,1.020632e+02
2.736057e+03,1.021345e+02
2.736539e+03,1.022461e+02
2.737021e+03,1.023900e+02
2.737503e+03,1.025498e+02
2.737985e+03,1.027023e+02
2.738468e+03,1.028238e+02
2.738950e+03,1.028950e+02
2.739432e+03,1.029070e+02
2.739914e+03,1.028631e+02
2.740396e+03,1.027777e+02
2.740878e+03,1.026720e+02
2.741360e+03,1.025677e+02
2.741842e+03,1.024822e+02
2.742324e+03,1.024243e+02
2.742807e+03,1.023944e+02
2.743289e+03,1.023859e+02
2.743771e+03,1.023885e+02
2.744253e+03,1.023927e+02
2.744735e+03,1.023918e+02
2.745217e+03,1.023835e+02
2.745699e+03,1.023695e+02
2.746182e+03,1.023538e+02
2.746664e+03,1.023412e+02
2.747146e+03,1.023357e+02
2.747628e+03,1.023401e+02
2.748110e+03,1.023556e+02
2.748592e+03,1.023822e+02
2.749074e+03,1.024186e+02
2.749556e+03,1.024614e+02
2.750039e+03,1.025056e+02
2.750521e+03,1.025445e+02
2.751003e+03,1.025709e+02
2.751485e+03,1.025790e+02
2.751967e+03,1.025663e+02
2.752449e+03,1.025350e+02
2.752931e+03,1.024914e+02
2.753413e+03,1.024447e+02
2.753896e+03,1.024039e+02
2.754378e+03,1.023754e+02
2.754860e+03,1.023613e+02
2.755342e+03,1.023591e+02
2.755824e+03,1.023636e+02
2.756306e+03,1.023686e+02
2.756788e+03,1.023693e+02
2.757270e+03,1.023631e+02
2.757752e+03,1.023496e+02
2.758235e+03,1.023299e+02
2.758717e+03,1.023052e+02
2.759199e+03,1.022766e+02
2.759681e+03,1.022450e+02
2.760163e+03,1.022119e+02
2.760645e+03,1.021794e+02
2.761127e+03,1.021499e+02
2.761610e+03,1.021250e+02
2.762092e+03,1.021047e+02
2.762574e+03,1.020870e+02
2.763056e+03,1.020685e+02
2.763538e+03,1.020464e+02
2.764020e+03,1.020197e+02
2.764502e+03,1.019912e+02
2.764984e+03,1.019662e+02
2.765467e+03,1.019512e+02
2.765949e+03,1.019505e+02
2.766431e+03,1.019647e+02
2.766913e+03,1.019898e+02
2.767395e+03,1.020186e+02
2.767877e+03,1.020437e+02
2.768359e+03,1.020606e+02
2.768841e+03,1.020686e+02
2.769323e+03,1.020714e+02
2.769806e+03,1.020744e+02
2.770288e+03,1.020825e+02
2.770770e+03,1.020981e+02
2.771252e+03,1.021203e+02
2.771734e+03,1.021465e+02
2.772216e+03,1.021739e+02
2.772698e+03,1.022010e+02
2.773180e+03,1.022281e+02
2.773663e+03,1.022562e+02
2.774145e+03,1.022852e+02
2.774627e+03,1.023129e+02
2.775109e+03,1.023349e+02
2.775591e+03,1.023464e+02
2.776073e+03,1.023439e+02
2.776555e+03,1.023270e+02
2.777038e+03,1.022993e+02
2.777520e+03,1.022666e+02
2.778002e+03,1.022357e+02
2.778484e+03,1.022119e+02
2.778966e+03,1.021980e+02
2.779448e+03,1.021944e+02
2.779930e+03,1.021999e+02
2.780412e+03,1.022128e+02
2.780895e+03,1.022310e+02
2.781377e+03,1.022521e+02
2.781859e+03,1.022734e+02
2.782341e+03,1.022913e+02
2.782823e+03,1.023023e+02
2.783305e+03,1.023038e+02
2.783787e+03,1.022954e+02
2.784269e+03,1.022786e+02
2.784751e+03,1.022559e+02
2.785234e+03,1.022296e+02
2.785716e+03,1.022011e+02
2.786198e+03,1.021713e+02
2.786680e+03,1.021436e+02
2.787162e+03,1.021265e+02
2.787644e+03,1.021347e+02
2.788126e+03,1.021873e+02
2.788608e+03,1.023026e+02
2.789091e+03,1.024902e+02
2.789573e+03,1.027431e+02
2.790055e+03,1.030346e+02
2.790537e+03,1.033210e+02
2.791019e+03,1.035511e+02
2.791501e+03,1.036799e+02
2.791983e+03,1.036825e+02
2.792466e+03,1.035619e+02
2.792948e+03,1.033481e+02
2.793430e+03,1.030886e+02
2.793912e+03,1.028330e+02
2.794394e+03,1.026203e+02
2.794876e+03,1.024692e+02
2.795358e+03,1.023778e+02
2.795840e+03,1.023286e+02
2.796323e+03,1.022979e+02
2.796805e+03,1.022647e+02
2.797287e+03,1.022167e+02
2.797769e+03,1.021515e+02
2.798251e+03,1.020746e+02
2.798733e+03,1.019954e+02
2.799215e+03,1.019236e+02
2.799697e+03,1.018675e+02
2.800179e+03,1.018332e+02
2.800662e+03,1.018252e+02
2.801144e+03,1.018456e+02
2.801626e+03,1.018934e+02
2.802108e+03,1.019631e+02
2.802590e+03,1.020444e+02
2.803072e+03,1.021237e+02
2.803554e+03,1.021868e+02
2.804036e+03,1.022231e+02
2.804519e+03,1.022281e+02
2.805001e+03,1.022053e+02
2.805483e+03,1.021639e+02
2.805965e+03,1.021164e+02
2.806447e+03,1.020740e+02
2.806929e+03,1.020443e+02
2.807411e+03,1.020298e+02
2.807894e+03,1.020288e+02
2.808375e+03,1.020370e+02
2.808858e+03,1.020494e+02
2.809340e+03,1.020618e+02
2.809822e+03,1.020710e+02
2.810304e+03,1.020749e+02
2.810786e+03,1.020723e+02
2.811268e+03,1.020628e+02
2.811750e+03,1.020475e+02
2.812233e+03,1.020290e+02
2.812715e+03,1.020112e+02
2.813197e+03,1.019985e+02
2.813679e+03,1.019944e+02
2.814161e+03,1.020005e+02
2.814643e+03,1.020162e+02
2.815125e+03,1.020391e+02
2.815607e+03,1.020658e+02
2.816090e+03,1.020930e+02
2.816572e+03,1.021183e+02
2.817054e+03,1.021401e+02
2.817536e+03,1.021571e+02
2.818018e+03,1.021679e+02
2.818500e+03,1.021710e+02
2.818982e+03,1.021650e+02
2.819464e+03,1.021495e+02
2.819947e+03,1.021252e+02
2.820429e+03,1.020945e+02
2.820911e+03,1.020604e+02
2.821393e+03,1.020262e+02
2.821875e+03,1.019941e+02
2.822357e+03,1.019661e+02
2.822839e+03,1.019432e+02
2.823322e+03,1.019269e+02
2.823803e+03,1.019189e+02
2.824286e+03,1.019205e+02
2.824768e+03,1.019327e+02
2.825250e+03,1.019547e+02
2.825732e+03,1.019836e+02
2.826214e+03,1.020159e+02
2.826696e+03,1.020481e+02
2.827178e+03,1.020787e+02
2.827661e+03,1.021085e+02
2.828143e+03,1.021402e+02
2.828625e+03,1.021766e+02
2.829107e+03,1.022177e+02
2.829589e+03,1.022599e+02
2.830071e+03,1.022952e+02
2.830553e+03,1.023139e+02
2.831035e+03,1.023072e+02
2.831518e+03,1.022703e+02
2.832000e+03,1.022048e+02
2.832482e+03,1.021174e+02
2.832964e+03,1.020181e+02
2.833446e+03,1.019169e+02
2.833928e+03,1.018211e+02
2.834410e+03,1.017341e+02
2.834892e+03,1.016563e+02
2.835375e+03,1.015870e+02
2.835857e+03,1.015264e+02
2.836339e+03,1.014758e+02
2.836821e+03,1.014376e+02
2.837303e+03,1.014126e+02
2.837785e+03,1.013988e+02
2.838267e+03,1.013905e+02
2.838750e+03,1.013800e+02
2.839231e+03,1.013605e+02
2.839714e+03,1.013291e+02
2.840196e+03,1.012887e+02
2.840678e+03,1.012468e+02
2.841160e+03,1.012125e+02
2.841642e+03,1.011917e+02
2.842124e+03,1.011829e+02
2.842606e+03,1.011755e+02
2.843089e+03,1.011523e+02
2.843571e+03,1.010941e+02
2.844053e+03,1.009875e+02
2.844535e+03,1.008295e+02
2.845017e+03,1.006309e+02
2.845499e+03,1.004138e+02
2.845981e+03,1.002059e+02
2.846463e+03,1.000331e+02
2.846946e+03,9.991306e+01
2.847428e+03,9.985300e+01
2.847910e+03,9.984947e+01
2.848392e+03,9.989225e+01
2.848874e+03,9.996876e+01
2.849356e+03,1.000680e+02
2.849838e+03,1.001823e+02
2.850320e+03,1.003072e+02
2.850802e+03,1.004402e+02
2.851285e+03,1.005778e+02
2.851767e+03,1.007159e+02
2.852249e+03,1.008487e+02
2.852731e+03,1.009712e+02
2.853213e+03,1.010802e+02
2.853695e+03,1.011747e+02
2.854177e+03,1.012558e+02
2.854659e+03,1.013252e+02
2.855142e+03,1.013837e+02
2.855624e+03,1.014302e+02
2.856106e+03,1.014632e+02
2.856588e+03,1.014818e+02
2.857070e+03,1.014873e+02
2.857552e+03,1.014846e+02
2.858034e+03,1.014809e+02
2.858517e+03,1.014837e+02
2.858999e+03,1.014982e+02
2.859481e+03,1.015260e+02
2.859963e+03,1.015642e+02
2.860445e+03,1.016076e+02
2.860927e+03,1.016506e+02
2.861409e+03,1.016895e+02
2.861891e+03,1.017235e+02
2.862374e+03,1.017532e+02
2.862856e+03,1.017793e+02
2.863338e+03,1.018003e+02
2.863820e+03,1.018119e+02
2.864302e+03,1.018085e+02
2.864784e+03,1.017856e+02
2.865266e+03,1.017426e+02
2.865748e+03,1.016841e+02
2.866230e+03,1.016196e+02
2.866713e+03,1.015599e+02
2.867195e+03,1.015137e+02
2.867677e+03,1.014846e+02
2.868159e+03,1.014695e+02
2.868641e+03,1.014611e+02
2.869123e+03,1.014505e+02
2.869605e+03,1.014321e+02
2.870088e+03,1.014053e+02
2.870570e+03,1.013752e+02
2.871052e+03,1.013503e+02
2.871534e+03,1.013386e+02
2.872016e+03,1.013446e+02
2.872498e+03,1.013672e+02
2.872980e+03,1.014002e+02
2.873462e+03,1.014346e+02
2.873945e+03,1.014620e+02
2.874427e+03,1.014775e+02
2.874909e+03,1.014804e+02
2.875391e+03,1.014740e+02
2.875873e+03,1.014641e+02
2.876355e+03,1.014560e+02
2.876837e+03,1.014533e+02
2.877319e+03,1.014568e+02
2.877802e+03,1.014648e+02
2.878284e+03,1.014746e+02
2.878766e+03,1.014830e+02
2.879248e+03,1.014884e+02
2.879730e+03,1.014901e+02
2.880212e+03,1.014886e+02
2.880694e+03,1.014845e+02
2.881176e+03,1.014771e+02
2.881658e+03,1.014634e+02
2.882141e+03,1.014382e+02
2.882623e+03,1.013949e+02
2.883105e+03,1.013269e+02
2.883587e+03,1.012306e+02
2.884069e+03,1.011063e+02
2.884551e+03,1.009601e+02
2.885033e+03,1.008025e+02
2.885516e+03,1.006463e+02
2.885998e+03,1.005039e+02
2.886480e+03,1.003843e+02
2.886962e+03,1.002920e+02
2.887444e+03,1.002275e+02
2.887926e+03,1.001886e+02
2.888408e+03,1.001729e+02
2.888890e+03,1.001792e+02
2.889373e+03,1.002072e+02
2.889855e+03,1.002558e+02
2.890337e+03,1.003216e+02
2.890819e+03,1.003975e+02
2.891301e+03,1.004741e+02
2.891783e+03,1.005426e+02
2.892265e+03,1.005990e+02
2.892747e+03,1.006481e+02
2.893229e+03,1.007031e+02
2.893712e+03,1.007822e+02
2.894194e+03,1.009021e+02
2.894676e+03,1.010697e+02
2.895158e+03,1.012769e+02
2.895640e+03,1.014992e+02
2.896122e+03,1.017007e+02
2.896604e+03,1.018440e+02
2.897086e+03,1.019007e+02
2.897569e+03,1.018610e+02
2.898051e+03,1.017363e+02
2.898533e+03,1.015556e+02
2.899015e+03,1.013561e+02
2.899497e+03,1.011721e+02
2.899979e+03,1.010261e+02
2.900461e+03,1.009246e+02
2.900944e+03,1.008604e+02
2.901426e+03,1.008180e+02
2.901908e+03,1.007819e+02
2.902390e+03,1.007426e+02
2.902872e+03,1.006995e+02
2.903354e+03,1.006594e+02
2.903836e+03,1.006325e+02
2.904318e+03,1.006270e+02
2.904801e+03,1.006455e+02
2.905283e+03,1.006835e+02
2.905765e+03,1.007314e+02
2.906247e+03,1.007777e+02
2.906729e+03,1.008135e+02
2.907211e+03,1.008345e+02
2.907693e+03,1.008425e+02
2.908175e+03,1.008435e+02
2.908657e+03,1.008456e+02
2.909140e+03,1.008558e+02
2.909622e+03,1.008778e+02
2.910104e+03,1.009113e+02
2.910586e+03,1.009519e+02
2.911068e+03,1.009928e+02
2.911550e+03,1.010266e+02
2.912032e+03,1.010474e+02
2.912514e+03,1.010527e+02
2.912997e+03,1.010438e+02
2.913479e+03,1.010265e+02
2.913961e+03,1.010093e+02
2.914443e+03,1.010021e+02
2.914925e+03,1.010133e+02
2.915407e+03,1.010481e+02
2.915889e+03,1.011065e+02
2.916372e+03,1.011832e+02
2.916854e+03,1.012690e+02
2.917336e+03,1.013531e+02
2.917818e+03,1.014260e+02
2.918300e+03,1.014818e+02
2.918782e+03,1.015197e+02
2.919264e+03,1.015434e+02
2.919746e+03,1.015594e+02
2.920229e+03,1.015740e+02
2.920711e+03,1.015909e+02
2.921193e+03,1.016099e+02
2.921675e+03,1.016265e+02
2.922157e+03,1.016338e+02
2.922639e+03,1.016242e+02
2.923121e+03,1.015920e+02
2.923603e+03,1.015347e+02
2.924085e+03,1.014530e+02
2.924568e+03,1.013502e+02
2.925050e+03,1.012303e+02
2.925532e+03,1.010966e+02
2.926014e+03,1.009509e+02
2.926496e+03,1.007936e+02
2.926978e+03,1.006247e+02
2.927460e+03,1.004451e+02
2.927942e+03,1.002569e+02
2.928425e+03,1.000637e+02
2.928907e+03,9.986885e+01
2.929389e+03,9.967320e+01
2.929871e+03,9.947334e+01
2.930353e+03,9.926040e+01
2.930835e+03,9.902105e+01
2.931317e+03,9.874052e+01
2.931800e+03,9.840741e+01
2.932281e+03,9.801894e+01
2.932764e+03,9.758483e+01
2.933246e+03,9.712864e+01
2.933728e+03,9.668514e+01
2.934210e+03,9.629488e+01
2.934692e+03,9.599644e+01
2.935174e+03,9.581889e+01
2.935656e+03,9.577671e+01
2.936139e+03,9.586806e+01
2.936621e+03,9.607673e+01
2.937103e+03,9.637684e+01
2.937585e+03,9.673841e+01
2.938067e+03,9.713212e+01
2.938549e+03,9.753200e+01
2.939031e+03,9.791625e+01
2.939513e+03,9.826658e+01
2.939996e+03,9.856764e+01
2.940478e+03,9.880739e+01
2.940960e+03,9.897845e+01
2.941442e+03,9.907977e+01
2.941924e+03,9.911774e+01
2.942406e+03,9.910509e+01
2.942888e+03,9.905799e+01
2.943370e+03,9.899200e+01
2.943853e+03,9.891817e+01
2.944335e+03,9.884091e+01
2.944817e+03,9.875848e+01
2.945299e+03,9.866557e+01
2.945781e+03,9.855663e+01
2.946263e+03,9.842838e+01
2.946745e+03,9.828013e+01
2.947228e+03,9.811182e+01
2.947709e+03,9.792068e+01
2.948192e+03,9.769847e+01
2.948674e+03,9.743041e+01
2.949156e+03,9.709724e+01
2.949638e+03,9.667943e+01
2.950120e+03,9.616225e+01
2.950602e+03,9.553968e+01
2.951084e+03,9.481560e+01
2.951567e+03,9.400259e+01
2.952049e+03,9.311897e+01
2.952531e+03,9.218607e+01
2.953013e+03,9.122681e+01
2.953495e+03,9.026604e+01
2.953977e+03,8.933167e+01
2.954459e+03,8.845525e+01
2.954941e+03,8.767104e+01
2.955424e+03,8.701276e+01
2.955906e+03,8.650879e+01
2.956388e+03,8.617731e+01
2.956870e+03,8.602283e+01
2.957352e+03,8.603556e+01
2.957834e+03,8.619378e+01
2.958316e+03,8.646880e+01
2.958798e+03,8.683080e+01
2.959281e+03,8.725410e+01
2.959763e+03,8.772018e+01
2.960245e+03,8.821824e+01
2.960727e+03,8.874336e+01
2.961209e+03,8.929396e+01
2.961691e+03,8.986893e+01
2.962173e+03,9.046608e+01
2.962656e+03,9.108162e+01
2.963137e+03,9.171049e+01
2.963620e+03,9.234702e+01
2.964102e+03,9.298543e+01
2.964584e+03,9.361976e+01
2.965066e+03,9.424397e+01
2.965548e+03,9.485184e+01
2.966030e+03,9.543731e+01
2.966512e+03,9.599507e+01
2.966995e+03,9.652112e+01
2.967477e+03,9.701292e+01
2.967959e+03,9.746906e+01
2.968441e+03,9.788860e+01
2.968923e+03,9.827027e+01
2.969405e+03,9.861211e+01
2.969887e+03,9.891157e+01
2.970369e+03,9.916647e+01
2.970852e+03,9.937620e+01
2.971334e+03,9.954277e+01
2.971816e+03,9.967152e+01
2.972298e+03,9.977077e+01
2.972780e+03,9.985085e+01
2.973262e+03,9.992224e+01
2.973744e+03,9.999380e+01
2.974226e+03,1.000711e+02
2.974708e+03,1.001559e+02
2.975191e+03,1.002459e+02
2.975673e+03,1.003362e+02
2.976155e+03,1.004207e+02
2.976637e+03,1.004937e+02
2.977119e+03,1.005507e+02
2.977601e+03,1.005898e+02
2.978083e+03,1.006106e+02
2.978565e+03,1.006148e+02
2.979048e+03,1.006044e+02
2.979530e+03,1.005824e+02
2.980012e+03,1.005524e+02
2.980494e+03,1.005184e+02
2.980976e+03,1.004855e+02
2.981458e+03,1.004588e+02
2.981940e+03,1.004432e+02
2.982423e+03,1.004420e+02
2.982905e+03,1.004558e+02
2.983387e+03,1.004816e+02
2.983869e+03,1.005137e+02
2.984351e+03,1.005438e+02
2.984833e+03,1.005634e+02
2.985315e+03,1.005654e+02
2.985797e+03,1.005455e+02
2.986280e+03,1.005036e+02
2.986762e+03,1.004433e+02
2.987244e+03,1.003712e+02
2.987726e+03,1.002953e+02
2.988208e+03,1.002237e+02
2.988690e+03,1.001628e+02
2.989172e+03,1.001159e+02
2.989654e+03,1.000832e+02
2.990136e+03,1.000616e+02
2.990619e+03,1.000456e+02
2.991101e+03,1.000286e+02
2.991583e+03,1.000044e+02
2.992065e+03,9.996864e+01
2.992547e+03,9.991943e+01
2.993029e+03,9.985786e+01
2.993511e+03,9.978707e+01
2.993994e+03,9.971117e+01
2.994476e+03,9.963364e+01
2.994958e+03,9.955619e+01
2.995440e+03,9.947802e+01
2.995922e+03,9.939617e+01
2.996404e+03,9.930617e+01
2.996886e+03,9.920316e+01
2.997368e+03,9.908285e+01
2.997851e+03,9.894223e+01
2.998333e+03,9.877982e+01
2.998815e+03,9.859542e+01
2.999297e+03,9.838994e+01
2.999779e+03,9.816489e+01
3.000261e+03,9.792210e+01
3.000743e+03,9.766356e+01
3.001225e+03,9.739117e+01
3.001708e+03,9.710673e+01
3.002190e+03,9.681184e+01
3.002672e+03,9.650787e+01
3.003154e+03,9.619567e+01
3.003636e+03,9.587576e+01
3.004118e+03,9.554817e+01
3.004600e+03,9.521256e+01
3.005082e+03,9.486866e+01
3.005564e+03,9.451698e+01
3.006047e+03,9.415968e+01
3.006529e+03,9.380151e+01
3.007011e+03,9.345073e+01
3.007493e+03,9.311940e+01
3.007975e+03,9.282282e+01
3.008457e+03,9.257846e+01
3.008939e+03,9.240393e+01
3.009422e+03,9.231503e+01
3.009904e+03,9.232346e+01
3.010386e+03,9.243521e+01
3.010868e+03,9.264969e+01
3.011350e+03,9.295956e+01
3.011832e+03,9.335149e+01
3.012314e+03,9.380736e+01
3.012796e+03,9.430605e+01
3.013279e+03,9.482527e+01
3.013761e+03,9.534325e+01
3.014243e+03,9.584047e+01
3.014725e+03,9.630100e+01
3.015207e+03,9.671412e+01
3.015689e+03,9.707499e+01
3.016171e+03,9.738496e+01
3.016653e+03,9.765067e+01
3.017135e+03,9.788244e+01
3.017618e+03,9.809171e+01
3.018100e+03,9.828871e+01
3.018582e+03,9.848045e+01
3.019064e+03,9.866979e+01
3.019546e+03,9.885535e+01
3.020028e+03,9.903247e+01
3.020510e+03,9.919488e+01
3.020992e+03,9.933664e+01
3.021475e+03,9.945376e+01
3.021957e+03,9.954563e+01
3.022439e+03,9.961538e+01
3.022921e+03,9.966940e+01
3.023403e+03,9.971583e+01
3.023885e+03,9.976244e+01
3.024367e+03,9.981425e+01
3.024850e+03,9.987186e+01
3.025332e+03,9.993059e+01
3.025814e+03,9.998138e+01
3.026296e+03,1.000128e+02
3.026778e+03,1.000138e+02
3.027260e+03,9.997633e+01
3.027742e+03,9.989693e+01
3.028224e+03,9.977695e+01
3.028707e+03,9.962164e+01
3.029189e+03,9.943871e+01
3.029671e+03,9.923695e+01
3.030153e+03,9.902522e+01
3.030635e+03,9.881225e+01
3.031117e+03,9.860638e+01
3.031599e+03,9.841558e+01
3.032081e+03,9.824679e+01
3.032563e+03,9.810542e+01
3.033046e+03,9.799463e+01
3.033528e+03,9.791545e+01
3.034010e+03,9.786743e+01
3.034492e+03,9.784982e+01
3.034974e+03,9.786292e+01
3.035456e+03,9.790873e+01
3.035938e+03,9.799055e+01
3.036420e+03,9.811184e+01
3.036903e+03,9.827390e+01
3.037385e+03,9.847433e+01
3.037867e+03,9.870604e+01
3.038349e+03,9.895768e+01
3.038831e+03,9.921563e+01
3.039313e+03,9.946650e+01
3.039795e+03,9.969975e+01
3.040278e+03,9.990932e+01
3.040760e+03,1.000938e+02
3.041242e+03,1.002555e+02
3.041724e+03,1.003982e+02
3.042206e+03,1.005259e+02
3.042688e+03,1.006413e+02
3.043170e+03,1.007453e+02
3.043652e+03,1.008379e+02
3.044135e+03,1.009182e+02
3.044617e+03,1.009856e+02
3.045099e+03,1.010400e+02
3.045581e+03,1.010820e+02
3.046063e+03,1.011126e+02
3.046545e+03,1.011336e+02
3.047027e+03,1.011472e+02
3.047509e+03,1.011559e+02
3.047991e+03,1.011620e+02
3.048474e+03,1.011679e+02
3.048956e+03,1.011749e+02
3.049438e+03,1.011844e+02
3.049920e+03,1.011974e+02
3.050402e+03,1.012155e+02
3.050884e+03,1.012409e+02
3.051366e+03,1.012768e+02
3.051848e+03,1.013259e+02
3.052331e+03,1.013900e+02
3.052813e+03,1.014681e+02
3.053295e+03,1.015562e+02
3.053777e+03,1.016475e+02
3.054259e+03,1.017337e+02
3.054741e+03,1.018064e+02
3.055223e+03,1.018598e+02
3.055706e+03,1.018908e+02
3.056188e+03,1.019003e+02
3.056670e+03,1.018915e+02
3.057152e+03,1.018690e+02
3.057634e+03,1.018372e+02
3.058116e+03,1.017999e+02
3.058598e+03,1.017601e+02
3.059080e+03,1.017205e+02
3.059562e+03,1.016839e+02
3.060045e+03,1.016531e+02
3.060527e+03,1.016303e+02
3.061009e+03,1.016161e+02
3.061491e+03,1.016092e+02
3.061973e+03,1.016065e+02
3.062455e+03,1.016040e+02
3.062937e+03,1.015991e+02
3.063419e+03,1.015916e+02
3.063902e+03,1.015845e+02
3.064384e+03,1.015835e+02
3.064866e+03,1.015950e+02
3.065348e+03,1.016231e+02
3.065830e+03,1.016678e+02
3.066312e+03,1.017235e+02
3.066794e+03,1.017803e+02
3.067276e+03,1.018265e+02
3.067759e+03,1.018518e+02
3.068241e+03,1.018506e+02
3.068723e+03,1.018234e+02
3.069205e+03,1.017769e+02
3.069687e+03,1.017216e+02
3.070169e+03,1.016690e+02
3.070651e+03,1.016284e+02
3.071134e+03,1.016049e+02
3.071615e+03,1.015985e+02
3.072098e+03,1.016055e+02
3.072580e+03,1.016197e+02
3.073062e+03,1.016348e+02
3.073544e+03,1.016458e+02
3.074026e+03,1.016498e+02
3.074508e+03,1.016459e+02
3.074990e+03,1.016349e+02
3.075473e+03,1.016188e+02
3.075955e+03,1.016005e+02
3.076437e+03,1.015840e+02
3.076919e+03,1.015739e+02
3.077401e+03,1.015751e+02
3.077883e+03,1.015916e+02
3.078365e+03,1.016246e+02
3.078847e+03,1.016713e+02
3.079330e+03,1.017251e+02
3.079812e+03,1.017763e+02
3.080294e+03,1.018149e+02
3.080776e+03,1.018343e+02
3.081258e+03,1.018335e+02
3.081740e+03,1.018183e+02
3.082222e+03,1.017999e+02
3.082704e+03,1.017914e+02
3.083187e+03,1.018032e+02
3.083669e+03,1.018396e+02
3.084151e+03,1.018971e+02
3.084633e+03,1.019650e+02
3.085115e+03,1.020292e+02
3.085597e+03,1.020760e+02
3.086079e+03,1.020968e+02
3.086562e+03,1.020902e+02
3.087043e+03,1.020620e+02
3.087526e+03,1.020228e+02
3.088008e+03,1.019847e+02
3.088490e+03,1.019575e+02
3.088972e+03,1.019468e+02
3.089454e+03,1.019533e+02
3.089936e+03,1.019741e+02
3.090418e+03,1.020043e+02
3.090901e+03,1.020386e+02
3.091383e+03,1.020729e+02
3.091865e+03,1.021037e+02
3.092347e+03,1.021283e+02
3.092829e+03,1.021440e+02
3.093311e+03,1.021485e+02
3.093793e+03,1.021402e+02
3.094275e+03,1.021186e+02
3.094758e+03,1.020853e+02
3.095240e+03,1.020437e+02
3.095722e+03,1.019981e+02
3.096204e+03,1.019522e+02
3.096686e+03,1.019081e+02
3.097168e+03,1.018653e+02
3.097650e+03,1.018213e+02
3.098132e+03,1.017729e+02
3.098615e+03,1.017182e+02
3.099097e+03,1.016578e+02
3.099579e+03,1.015961e+02
3.100061e+03,1.015400e+02
3.100543e+03,1.014981e+02
3.101025e+03,1.014777e+02
3.101507e+03,1.014833e+02
3.101990e+03,1.015154e+02
3.102471e+03,1.015708e+02
3.102954e+03,1.016440e+02
3.103436e+03,1.017287e+02
3.103918e+03,1.018197e+02
3.104400e+03,1.019134e+02
3.104882e+03,1.020073e+02
3.105364e+03,1.020988e+02
3.105846e+03,1.021844e+02
3.106329e+03,1.022584e+02
3.106811e+03,1.023136e+02
3.107293e+03,1.023417e+02
3.107775e+03,1.023360e+02
3.108257e+03,1.022924e+02
3.108739e+03,1.022108e+02
3.109221e+03,1.020948e+02
3.109703e+03,1.019511e+02
3.110186e+03,1.017874e+02
3.110668e+03,1.016109e+02
3.111150e+03,1.014270e+02
3.111632e+03,1.012393e+02
3.112114e+03,1.010501e+02
3.112596e+03,1.008616e+02
3.113078e+03,1.006770e+02
3.113560e+03,1.005016e+02
3.114042e+03,1.003427e+02
3.114525e+03,1.002085e+02
3.115007e+03,1.001074e+02
3.115489e+03,1.000467e+02
3.115971e+03,1.000315e+02
3.116453e+03,1.000646e+02
3.116935e+03,1.001461e+02
3.117417e+03,1.002737e+02
3.117900e+03,1.004424e+02
3.118382e+03,1.006444e+02
3.118864e+03,1.008693e+02
3.119346e+03,1.011040e+02
3.119828e+03,1.013342e+02
3.120310e+03,1.015458e+02
3.120792e+03,1.017270e+02
3.121274e+03,1.018708e+02
3.121757e+03,1.019755e+02
3.122239e+03,1.020455e+02
3.122721e+03,1.020891e+02
3.123203e+03,1.021163e+02
3.123685e+03,1.021363e+02
3.124167e+03,1.021550e+02
3.124649e+03,1.021750e+02
3.125131e+03,1.021955e+02
3.125614e+03,1.022143e+02
3.126096e+03,1.022290e+02
3.126578e+03,1.022382e+02
3.127060e+03,1.022418e+02
3.127542e+03,1.022398e+02
3.128024e+03,1.022321e+02
3.128506e+03,1.022176e+02
3.128988e+03,1.021946e+02
3.129470e+03,1.021625e+02
3.129953e+03,1.021222e+02
3.130435e+03,1.020777e+02
3.130917e+03,1.020353e+02
3.131399e+03,1.020021e+02
3.131881e+03,1.019838e+02
3.132363e+03,1.019827e+02
3.132845e+03,1.019965e+02
3.133328e+03,1.020195e+02
3.133810e+03,1.020450e+02
3.134292e+03,1.020676e+02
3.134774e+03,1.020862e+02
3.135256e+03,1.021041e+02
3.135738e+03,1.021270e+02
3.136220e+03,1.021608e+02
3.136702e+03,1.022082e+02
3.137185e+03,1.022668e+02
3.137667e+03,1.023294e+02
3.138149e+03,1.023858e+02
3.138631e+03,1.024264e+02
3.139113e+03,1.024451e+02
3.139595e+03,1.024416e+02
3.140077e+03,1.024211e+02
3.140559e+03,1.023924e+02
3.141042e+03,1.023647e+02
3.141524e+03,1.023438e+02
3.142006e+03,1.023307e+02
3.142488e+03,1.023203e+02
3.142970e+03,1.023037e+02
3.143452e+03,1.022706e+02
3.143934e+03,1.022133e+02
3.144417e+03,1.021292e+02
3.144898e+03,1.020229e+02
3.145381e+03,1.019057e+02
3.145863e+03,1.017935e+02
3.146345e+03,1.017027e+02
3.146827e+03,1.016468e+02
3.147309e+03,1.016322e+02
3.147791e+03,1.016577e+02
3.148273e+03,1.017144e+02
3.148756e+03,1.017894e+02
3.149238e+03,1.018691e+02
3.149720e+03,1.019432e+02
3.150202e+03,1.020069e+02
3.150684e+03,1.020606e+02
3.151166e+03,1.021077e+02
3.151648e+03,1.021514e+02
3.152130e+03,1.021923e+02
3.152613e+03,1.022274e+02
3.153095e+03,1.022514e+02
3.153577e+03,1.022598e+02
3.154059e+03,1.022519e+02
3.154541e+03,1.022317e+02
3.155023e+03,1.022071e+02
3.155505e+03,1.021866e+02
3.155987e+03,1.021755e+02
3.156469e+03,1.021728e+02
3.156952e+03,1.021716e+02
3.157434e+03,1.021617e+02
3.157916e+03,1.021347e+02
3.158398e+03,1.020888e+02
3.158880e+03,1.020315e+02
3.159362e+03,1.019778e+02
3.159844e+03,1.019464e+02
3.160326e+03,1.019529e+02
3.160809e+03,1.020042e+02
3.161291e+03,1.020960e+02
3.161773e+03,1.022137e+02
3.162255e+03,1.023365e+02
3.162737e+03,1.024443e+02
3.163219e+03,1.025225e+02
3.163701e+03,1.025658e+02
3.164184e+03,1.025780e+02
3.164666e+03,1.025684e+02
3.165148e+03,1.025477e+02
3.165630e+03,1.025242e+02
3.166112e+03,1.025013e+02
3.166594e+03,1.024781e+02
3.167076e+03,1.024509e+02
3.167558e+03,1.024162e+02
3.168041e+03,1.023738e+02
3.168523e+03,1.023280e+02
3.169005e+03,1.022876e+02
3.169487e+03,1.022644e+02
3.169969e+03,1.022701e+02
3.170451e+03,1.023135e+02
3.170933e+03,1.023975e+02
3.171415e+03,1.025176e+02
3.171897e+03,1.026619e+02
3.172380e+03,1.028125e+02
3.172862e+03,1.029492e+02
3.173344e+03,1.030537e+02
3.173826e+03,1.031135e+02
3.174308e+03,1.031247e+02
3.174790e+03,1.030922e+02
3.175272e+03,1.030275e+02
3.175754e+03,1.029452e+02
3.176237e+03,1.028592e+02
3.176719e+03,1.027801e+02
3.177201e+03,1.027135e+02
3.177683e+03,1.026609e+02
3.178165e+03,1.026212e+02
3.178647e+03,1.025925e+02
3.179129e+03,1.025738e+02
3.179612e+03,1.025651e+02
3.180094e+03,1.025671e+02
3.180576e+03,1.025796e+02
3.181058e+03,1.026006e+02
3.181540e+03,1.026267e+02
3.182022e+03,1.026527e+02
3.182504e+03,1.026734e+02
3.182986e+03,1.026848e+02
3.183469e+03,1.026852e+02
3.183951e+03,1.026754e+02
3.184433e+03,1.026587e+02
3.184915e+03,1.026396e+02
3.185397e+03,1.026224e+02
3.185879e+03,1.026102e+02
3.186361e+03,1.026038e+02
3.186843e+03,1.026020e+02
3.187325e+03,1.026019e+02
3.187808e+03,1.026006e+02
3.188290e+03,1.025966e+02
3.188772e+03,1.025903e+02
3.189254e+03,1.025849e+02
3.189736e+03,1.025853e+02
3.190218e+03,1.025965e+02
3.190700e+03,1.026220e+02
3.191182e+03,1.026620e+02
3.191665e+03,1.027132e+02
3.192147e+03,1.027695e+02
3.192629e+03,1.028237e+02
3.193111e+03,1.028697e+02
3.193593e+03,1.029039e+02
3.194075e+03,1.029248e+02
3.194557e+03,1.029324e+02
3.195040e+03,1.029263e+02
3.195521e+03,1.029041e+02
3.196004e+03,1.028613e+02
3.196486e+03,1.027933e+02
3.196968e+03,1.026980e+02
3.197450e+03,1.025785e+02
3.197932e+03,1.024443e+02
3.198414e+03,1.023108e+02
3.198896e+03,1.021952e+02
3.199379e+03,1.021121e+02
3.199861e+03,1.020700e+02
3.200343e+03,1.020683e+02
3.200825e+03,1.020980e+02
3.201307e+03,1.021448e+02
3.201789e+03,1.021928e+02
3.202271e+03,1.022298e+02
3.202753e+03,1.022496e+02
3.203236e+03,1.022536e+02
3.203718e+03,1.022491e+02
3.204200e+03,1.022464e+02
3.204682e+03,1.022553e+02
3.205164e+03,1.022827e+02
3.205646e+03,1.023304e+02
3.206128e+03,1.023960e+02
3.206610e+03,1.024725e+02
3.207093e+03,1.025500e+02
3.207575e+03,1.026168e+02
3.208057e+03,1.026601e+02
3.208539e+03,1.026679e+02
3.209021e+03,1.026309e+02
3.209503e+03,1.025449e+02
3.209985e+03,1.024135e+02
3.210468e+03,1.022486e+02
3.210949e+03,1.020698e+02
3.211432e+03,1.019013e+02
3.211914e+03,1.017682e+02
3.212396e+03,1.016907e+02
3.212878e+03,1.016810e+02
3.213360e+03,1.017394e+02
3.213842e+03,1.018549e+02
3.214324e+03,1.020071e+02
3.214807e+03,1.021706e+02
3.215289e+03,1.023209e+02
3.215771e+03,1.024386e+02
3.216253e+03,1.025123e+02
3.216735e+03,1.025388e+02
3.217217e+03,1.025222e+02
3.217699e+03,1.024716e+02
3.218181e+03,1.023986e+02
3.218664e+03,1.023164e+02
3.219146e+03,1.022369e+02
3.219628e+03,1.021704e+02
3.220110e+03,1.021240e+02
3.220592e+03,1.021013e+02
3.221074e+03,1.021022e+02
3.221556e+03,1.021246e+02
3.222038e+03,1.021654e+02
3.222521e+03,1.022224e+02
3.223003e+03,1.022955e+02
3.223485e+03,1.023857e+02
3.223967e+03,1.024943e+02
3.224449e+03,1.026200e+02
3.224931e+03,1.027566e+02
3.225413e+03,1.028930e+02
3.225896e+03,1.030139e+02
3.226377e+03,1.031037e+02
3.226860e+03,1.031506e+02
3.227342e+03,1.031508e+02
3.227824e+03,1.031092e+02
3.228306e+03,1.030383e+02
3.228788e+03,1.029538e+02
3.229270e+03,1.028696e+02
3.229752e+03,1.027954e+02
3.230235e+03,1.027348e+02
3.230717e+03,1.026876e+02
3.231199e+03,1.026528e+02
3.231681e+03,1.026320e+02
3.232163e+03,1.026296e+02
3.232645e+03,1.026520e+02
3.233127e+03,1.027040e+02
3.233609e+03,1.027849e+02
3.234092e+03,1.028864e+02
3.234574e+03,1.029936e+02
3.235056e+03,1.030883e+02
3.235538e+03,1.031538e+02
3.236020e+03,1.031806e+02
3.236502e+03,1.031680e+02
3.236984e+03,1.031248e+02
3.237466e+03,1.030656e+02
3.237948e+03,1.030062e+02
3.238431e+03,1.029592e+02
3.238913e+03,1.029314e+02
3.239395e+03,1.029230e+02
3.239877e+03,1.029294e+02
3.240359e+03,1.029430e+02
3.240841e+03,1.029563e+02
3.241323e+03,1.029632e+02
3.241806e+03,1.029602e+02
3.242288e+03,1.029464e+02
3.242770e+03,1.029236e+02
3.243252e+03,1.028950e+02
3.243734e+03,1.028649e+02
3.244216e+03,1.028371e+02
3.244698e+03,1.028144e+02
3.245180e+03,1.027975e+02
3.245663e+03,1.027851e+02
3.246145e+03,1.027746e+02
3.246627e+03,1.027633e+02
3.247109e+03,1.027493e+02
3.247591e+03,1.027317e+02
3.248073e+03,1.027102e+02
3.248555e+03,1.026846e+02
3.249037e+03,1.026542e+02
3.249520e+03,1.026175e+02
3.250002e+03,1.025740e+02
3.250484e+03,1.025248e+02
3.250966e+03,1.024745e+02
3.251448e+03,1.024311e+02
3.251930e+03,1.024039e+02
3.252412e+03,1.024013e+02
3.252894e+03,1.024270e+02
3.253376e+03,1.024783e+02
3.253859e+03,1.025465e+02
3.254341e+03,1.026186e+02
3.254823e+03,1.026820e+02
3.255305e+03,1.027283e+02
3.255787e+03,1.027550e+02
3.256269e+03,1.027655e+02
3.256751e+03,1.027660e+02
3.257234e+03,1.027633e+02
3.257716e+03,1.027614e+02
3.258198e+03,1.027615e+02
3.258680e+03,1.027628e+02
3.259162e+03,1.027645e+02
3.259644e+03,1.027664e+02
3.260126e+03,1.027693e+02
3.260608e+03,1.027733e+02
3.261091e+03,1.027757e+02
3.261573e+03,1.027701e+02
3.262055e+03,1.027470e+02
3.262537e+03,1.026977e+02
3.263019e+03,1.026176e+02
3.263501e+03,1.025098e+02
3.263983e+03,1.023869e+02
3.264465e+03,1.022679e+02
3.264948e+03,1.021744e+02
3.265430e+03,1.021239e+02
3.265912e+03,1.021259e+02
3.266394e+03,1.021790e+02
3.266876e+03,1.022719e+02
3.267358e+03,1.023868e+02
3.267840e+03,1.025043e+02
3.268323e+03,1.026073e+02
3.268804e+03,1.026843e+02
3.269287e+03,1.027307e+02
3.269769e+03,1.027482e+02
3.270251e+03,1.027432e+02
3.270733e+03,1.027248e+02
3.271215e+03,1.027020e+02
3.271697e+03,1.026827e+02
3.272179e+03,1.026712e+02
3.272662e+03,1.026683e+02
3.273144e+03,1.026717e+02
3.273626e+03,1.026771e+02
3.274108e+03,1.026804e+02
3.274590e+03,1.026803e+02
3.275072e+03,1.026785e+02
3.275554e+03,1.026804e+02
3.276036e+03,1.026920e+02
3.276519e+03,1.027183e+02
3.277001e+03,1.027598e+02
3.277483e+03,1.028123e+02
3.277965e+03,1.028677e+02
3.278447e+03,1.029164e+02
3.278929e+03,1.029501e+02
3.279411e+03,1.029651e+02
3.279893e+03,1.029624e+02
3.280375e+03,1.029470e+02
3.280858e+03,1.029252e+02
3.281340e+03,1.029028e+02
3.281822e+03,1.028825e+02
3.282304e+03,1.028649e+02
3.282786e+03,1.028484e+02
3.283268e+03,1.028320e+02
3.283750e+03,1.028163e+02
3.284232e+03,1.028037e+02
3.284715e+03,1.027978e+02
3.285197e+03,1.028018e+02
3.285679e+03,1.028173e+02
3.286161e+03,1.028437e+02
3.286643e+03,1.028781e+02
3.287125e+03,1.029162e+02
3.287607e+03,1.029535e+02
3.288090e+03,1.029858e+02
3.288572e+03,1.030100e+02
3.289054e+03,1.030241e+02
3.289536e+03,1.030273e+02
3.290018e+03,1.030204e+02
3.290500e+03,1.030061e+02
3.290982e+03,1.029888e+02
3.291464e+03,1.029741e+02
3.291947e+03,1.029672e+02
3.292429e+03,1.029712e+02
3.292911e+03,1.029855e+02
3.293393e+03,1.030052e+02
3.293875e+03,1.030225e+02
3.294357e+03,1.030284e+02
3.294839e+03,1.030163e+02
3.295321e+03,1.029840e+02
3.295803e+03,1.029350e+02
3.296286e+03,1.028778e+02
3.296768e+03,1.028233e+02
3.297250e+03,1.027818e+02
3.297732e+03,1.027599e+02
3.298214e+03,1.027589e+02
3.298696e+03,1.027749e+02
3.299178e+03,1.028006e+02
3.299660e+03,1.028280e+02
3.300143e+03,1.028502e+02
3.300625e+03,1.028633e+02
3.301107e+03,1.028657e+02
3.301589e+03,1.028582e+02
3.302071e+03,1.028423e+02
3.302553e+03,1.028203e+02
3.303035e+03,1.027948e+02
3.303518e+03,1.027696e+02
3.304000e+03,1.027497e+02
3.304482e+03,1.027411e+02
3.304964e+03,1.027487e+02
3.305446e+03,1.027750e+02
3.305928e+03,1.028176e+02
3.306410e+03,1.028687e+02
3.306892e+03,1.029162e+02
3.307375e+03,1.029463e+02
3.307857e+03,1.029477e+02
3.308339e+03,1.029160e+02
3.308821e+03,1.028554e+02
3.309303e+03,1.027782e+02
3.309785e+03,1.027008e+02
3.310267e+03,1.026393e+02
3.310749e+03,1.026042e+02
3.311231e+03,1.025980e+02
3.311714e+03,1.026158e+02
3.312196e+03,1.026477e+02
3.312678e+03,1.026829e+02
3.313160e+03,1.027134e+02
3.313642e+03,1.027359e+02
3.314124e+03,1.027506e+02
3.314606e+03,1.027595e+02
3.315088e+03,1.027632e+02
3.315571e+03,1.027592e+02
3.316053e+03,1.027428e+02
3.316535e+03,1.027095e+02
3.317017e+03,1.026578e+02
3.317499e+03,1.025919e+02
3.317981e+03,1.025216e+02
3.318463e+03,1.024601e+02
3.318946e+03,1.024201e+02
3.319427e+03,1.024096e+02
3.319910e+03,1.024291e+02
3.320392e+03,1.024718e+02
3.320874e+03,1.025253e+02
3.321356e+03,1.025761e+02
3.321838e+03,1.026128e+02
3.322320e+03,1.026295e+02
3.322802e+03,1.026259e+02
3.323285e+03,1.026069e+02
3.323767e+03,1.025797e+02
3.324249e+03,1.025522e+02
3.324731e+03,1.025306e+02
3.325213e+03,1.025186e+02
3.325695e+03,1.025175e+02
3.326177e+03,1.025257e+02
3.326659e+03,1.025397e+02
3.327142e+03,1.025538e+02
3.327624e+03,1.025616e+02
3.328106e+03,1.025569e+02
3.328588e+03,1.025358e+02
3.329070e+03,1.024977e+02
3.329552e+03,1.024464e+02
3.330034e+03,1.023895e+02
3.330516e+03,1.023371e+02
3.330999e+03,1.022991e+02
3.331481e+03,1.022832e+02
3.331963e+03,1.022931e+02
3.332445e+03,1.023277e+02
3.332927e+03,1.023816e+02
3.333409e+03,1.024466e+02
3.333891e+03,1.025133e+02
3.334374e+03,1.025730e+02
3.334855e+03,1.026181e+02
3.335338e+03,1.026439e+02
3.335820e+03,1.026486e+02
3.336302e+03,1.026335e+02
3.336784e+03,1.026027e+02
3.337266e+03,1.025625e+02
3.337748e+03,1.025197e+02
3.338230e+03,1.024802e+02
3.338713e+03,1.024479e+02
3.339195e+03,1.024242e+02
3.339677e+03,1.024083e+02
3.340159e+03,1.023982e+02
3.340641e+03,1.023919e+02
3.341123e+03,1.023886e+02
3.341605e+03,1.023886e+02
3.342087e+03,1.023924e+02
3.342570e+03,1.023997e+02
3.343052e+03,1.024084e+02
3.343534e+03,1.024139e+02
3.344016e+03,1.024106e+02
3.344498e+03,1.023936e+02
3.344980e+03,1.023606e+02
3.345462e+03,1.023137e+02
3.345944e+03,1.022597e+02
3.346427e+03,1.022088e+02
3.346909e+03,1.021724e+02
3.347391e+03,1.021597e+02
3.347873e+03,1.021755e+02
3.348355e+03,1.022188e+02
3.348837e+03,1.022827e+02
3.349319e+03,1.023562e+02
3.349802e+03,1.024265e+02
3.350283e+03,1.024824e+02
3.350766e+03,1.025161e+02
3.351248e+03,1.025256e+02
3.351730e+03,1.025143e+02
3.352212e+03,1.024899e+02
3.352694e+03,1.024617e+02
3.353176e+03,1.024382e+02
3.353658e+03,1.024248e+02
3.354141e+03,1.024224e+02
3.354623e+03,1.024283e+02
3.355105e+03,1.024376e+02
3.355587e+03,1.024462e+02
3.356069e+03,1.024523e+02
3.356551e+03,1.024573e+02
3.357033e+03,1.024653e+02
3.357515e+03,1.024807e+02
3.357998e+03,1.025060e+02
3.358480e+03,1.025403e+02
3.358962e+03,1.025794e+02
3.359444e+03,1.026167e+02
3.359926e+03,1.026459e+02
3.360408e+03,1.026627e+02
3.360890e+03,1.026663e+02
3.361372e+03,1.026586e+02
3.361854e+03,1.026434e+02
3.362337e+03,1.026241e+02
3.362819e+03,1.026022e+02
3.363301e+03,1.025779e+02
3.363783e+03,1.025496e+02
3.364265e+03,1.025166e+02
3.364747e+03,1.024793e+02
3.365229e+03,1.024404e+02
3.365712e+03,1.024041e+02
3.366194e+03,1.023757e+02
3.366676e+03,1.023604e+02
3.367158e+03,1.023626e+02
3.367640e+03,1.023856e+02
3.368122e+03,1.024312e+02
3.368604e+03,1.024983e+02
3.369086e+03,1.025830e+02
3.369569e+03,1.026774e+02
3.370051e+03,1.027699e+02
3.370533e+03,1.028471e+02
3.371015e+03,1.028957e+02
3.371497e+03,1.029067e+02
3.371979e+03,1.028772e+02
3.372461e+03,1.028117e+02
3.372943e+03,1.027207e+02
3.373426e+03,1.026183e+02
3.373908e+03,1.025179e+02
3.374390e+03,1.024291e+02
3.374872e+03,1.023570e+02
3.375354e+03,1.023020e+02
3.375836e+03,1.022630e+02
3.376318e+03,1.022385e+02
3.376800e+03,1.022284e+02
3.377282e+03,1.022327e+02
3.377765e+03,1.022503e+02
3.378247e+03,1.022773e+02
3.378729e+03,1.023064e+02
3.379211e+03,1.023281e+02
3.379693e+03,1.023344e+02
3.380175e+03,1.023212e+02
3.380657e+03,1.022906e+02
3.381140e+03,1.022504e+02
3.381622e+03,1.022124e+02
3.382104e+03,1.021878e+02
3.382586e+03,1.021844e+02
3.383068e+03,1.022048e+02
3.383550e+03,1.022463e+02
3.384032e+03,1.023033e+02
3.384514e+03,1.023692e+02
3.384997e+03,1.024388e+02
3.385479e+03,1.025087e+02
3.385961e+03,1.025760e+02
3.386443e+03,1.026367e+02
3.386925e+03,1.026843e+02
3.387407e+03,1.027109e+02
3.387889e+03,1.027079e+02
3.388371e+03,1.026702e+02
3.388854e+03,1.025977e+02
3.389336e+03,1.024970e+02
3.389818e+03,1.023802e+02
3.390300e+03,1.022623e+02
3.390782e+03,1.021574e+02
3.391264e+03,1.020756e+02
3.391746e+03,1.020208e+02
3.392229e+03,1.019905e+02
3.392710e+03,1.019777e+02
3.393193e+03,1.019740e+02
3.393675e+03,1.019733e+02
3.394157e+03,1.019733e+02
3.394639e+03,1.019757e+02
3.395121e+03,1.019855e+02
3.395603e+03,1.020080e+02
3.396085e+03,1.020464e+02
3.396568e+03,1.020997e+02
3.397050e+03,1.021630e+02
3.397532e+03,1.022283e+02
3.398014e+03,1.022872e+02
3.398496e+03,1.023335e+02
3.398978e+03,1.023653e+02
3.399460e+03,1.023845e+02
3.399942e+03,1.023958e+02
3.400425e+03,1.024041e+02
3.400907e+03,1.024122e+02
3.401389e+03,1.024189e+02
3.401871e+03,1.024196e+02
3.402353e+03,1.024069e+02
3.402835e+03,1.023736e+02
3.403317e+03,1.023147e+02
3.403799e+03,1.022299e+02
3.404281e+03,1.021234e+02
3.404764e+03,1.020034e+02
3.405246e+03,1.018804e+02
3.405728e+03,1.017650e+02
3.406210e+03,1.016659e+02
3.406692e+03,1.015895e+02
3.407174e+03,1.015382e+02
3.407656e+03,1.015112e+02
3.408138e+03,1.015038e+02
3.408621e+03,1.015089e+02
3.409103e+03,1.015179e+02
3.409585e+03,1.015227e+02
3.410067e+03,1.015177e+02
3.410549e+03,1.015012e+02
3.411031e+03,1.014755e+02
3.411513e+03,1.014468e+02
3.411996e+03,1.014224e+02
3.412478e+03,1.014089e+02
3.412960e+03,1.014099e+02
3.413442e+03,1.014255e+02
3.413924e+03,1.014520e+02
3.414406e+03,1.014844e+02
3.414888e+03,1.015175e+02
3.415370e+03,1.015475e+02
3.415853e+03,1.015727e+02
3.416335e+03,1.015932e+02
3.416817e+03,1.016103e+02
3.417299e+03,1.016258e+02
3.417781e+03,1.016418e+02
3.418263e+03,1.016607e+02
3.418745e+03,1.016840e+02
3.419227e+03,1.017120e+02
3.419709e+03,1.017430e+02
3.420192e+03,1.017717e+02
3.420674e+03,1.017910e+02
3.421156e+03,1.017936e+02
3.421638e+03,1.017757e+02
3.422120e+03,1.017395e+02
3.422602e+03,1.016943e+02
3.423084e+03,1.016550e+02
3.423566e+03,1.016377e+02
3.424049e+03,1.016547e+02
3.424531e+03,1.017103e+02
3.425013e+03,1.017989e+02
3.425495e+03,1.019063e+02
3.425977e+03,1.020143e+02
3.426459e+03,1.021066e+02
3.426941e+03,1.021738e+02
3.427424e+03,1.022154e+02
3.427906e+03,1.022388e+02
3.428388e+03,1.022543e+02
3.428870e+03,1.022705e+02
3.429352e+03,1.022903e+02
3.429834e+03,1.023103e+02
3.430316e+03,1.023224e+02
3.430798e+03,1.023181e+02
3.431281e+03,1.022918e+02
3.431763e+03,1.022429e+02
3.432245e+03,1.021756e+02
3.432727e+03,1.020975e+02
3.433209e+03,1.020174e+02
3.433691e+03,1.019443e+02
3.434173e+03,1.018866e+02
3.434655e+03,1.018521e+02
3.435137e+03,1.018476e+02
3.435620e+03,1.018769e+02
3.436102e+03,1.019386e+02
3.436584e+03,1.020244e+02
3.437066e+03,1.021191e+02
3.437548e+03,1.022031e+02
3.438030e+03,1.022577e+02
3.438512e+03,1.022704e+02
3.438994e+03,1.022390e+02
3.439477e+03,1.021721e+02
3.439959e+03,1.020860e+02
3.440441e+03,1.019986e+02
3.440923e+03,1.019241e+02
3.441405e+03,1.018684e+02
3.441887e+03,1.018294e+02
3.442369e+03,1.017999e+02
3.442852e+03,1.017726e+02
3.443333e+03,1.017441e+02
3.443816e+03,1.017170e+02
3.444298e+03,1.016979e+02
3.444780e+03,1.016934e+02
3.445262e+03,1.017073e+02
3.445744e+03,1.017374e+02
3.446226e+03,1.017758e+02
3.446708e+03,1.018126e+02
3.447191e+03,1.018394e+02
3.447673e+03,1.018539e+02
3.448155e+03,1.018591e+02
3.448637e+03,1.018616e+02
3.449119e+03,1.018666e+02
3.449601e+03,1.018756e+02
3.450083e+03,1.018851e+02
3.450565e+03,1.018885e+02
3.451048e+03,1.018798e+02
3.451530e+03,1.018570e+02
3.452012e+03,1.018244e+02
3.452494e+03,1.017925e+02
3.452976e+03,1.017747e+02
3.453458e+03,1.017839e+02
3.453940e+03,1.018277e+02
3.454422e+03,1.019065e+02
3.454905e+03,1.020129e+02
3.455387e+03,1.021341e+02
3.455869e+03,1.022550e+02
3.456351e+03,1.023622e+02
3.456833e+03,1.024469e+02
3.457315e+03,1.025057e+02
3.457797e+03,1.025403e+02
3.458280e+03,1.025560e+02
3.458761e+03,1.025592e+02
3.459244e+03,1.025564e+02
3.459726e+03,1.025523e+02
3.460208e+03,1.025497e+02
3.460690e+03,1.025493e+02
3.461172e+03,1.025507e+02
3.461654e+03,1.025519e+02
3.462136e+03,1.025509e+02
3.462619e+03,1.025455e+02
3.463101e+03,1.025339e+02
3.463583e+03,1.025153e+02
3.464065e+03,1.024900e+02
3.464547e+03,1.024601e+02
3.465029e+03,1.024292e+02
3.465511e+03,1.024021e+02
3.465993e+03,1.023834e+02
3.466476e+03,1.023761e+02
3.466958e+03,1.023801e+02
3.467440e+03,1.023913e+02
3.467922e+03,1.024031e+02
3.468404e+03,1.024083e+02
3.468886e+03,1.024020e+02
3.469368e+03,1.023841e+02
3.469850e+03,1.023594e+02
3.470333e+03,1.023365e+02
3.470815e+03,1.023241e+02
3.471297e+03,1.023270e+02
3.471779e+03,1.023435e+02
3.472261e+03,1.023648e+02
3.472743e+03,1.023770e+02
3.473225e+03,1.023669e+02
3.473708e+03,1.023260e+02
3.474189e+03,1.022555e+02
3.474672e+03,1.021662e+02
3.475154e+03,1.020758e+02
3.475636e+03,1.020026e+02
3.476118e+03,1.019599e+02
3.476600e+03,1.019519e+02
3.477082e+03,1.019736e+02
3.477564e+03,1.020139e+02
3.478047e+03,1.020600e+02
3.478529e+03,1.021015e+02
3.479011e+03,1.021333e+02
3.479493e+03,1.021556e+02
3.479975e+03,1.021719e+02
3.480457e+03,1.021861e+02
3.480939e+03,1.022002e+02
3.481421e+03,1.022131e+02
3.481904e+03,1.022219e+02
3.482386e+03,1.022242e+02
3.482868e+03,1.022203e+02
3.483350e+03,1.022138e+02
3.483832e+03,1.022104e+02
3.484314e+03,1.022163e+02
3.484796e+03,1.022353e+02
3.485278e+03,1.022675e+02
3.485760e+03,1.023096e+02
3.486243e+03,1.023559e+02
3.486725e+03,1.024001e+02
3.487207e+03,1.024377e+02
3.487689e+03,1.024674e+02
3.488171e+03,1.024905e+02
3.488653e+03,1.025096e+02
3.489135e+03,1.025265e+02
3.489618e+03,1.025412e+02
3.490100e+03,1.025509e+02
3.490582e+03,1.025520e+02
3.491064e+03,1.025411e+02
3.491546e+03,1.025175e+02
3.492028e+03,1.024838e+02
3.492510e+03,1.024460e+02
3.492992e+03,1.024114e+02
3.493475e+03,1.023870e+02
3.493957e+03,1.023769e+02
3.494439e+03,1.023811e+02
3.494921e+03,1.023953e+02
3.495403e+03,1.024127e+02
3.495885e+03,1.024260e+02
3.496367e+03,1.024306e+02
3.496849e+03,1.024256e+02
3.497332e+03,1.024147e+02
3.497814e+03,1.024047e+02
3.498296e+03,1.024038e+02
3.498778e+03,1.024193e+02
3.499260e+03,1.024568e+02
3.499742e+03,1.025186e+02
3.500224e+03,1.026041e+02
3.500706e+03,1.027085e+02
3.501188e+03,1.028234e+02
3.501671e+03,1.029365e+02
3.502153e+03,1.030331e+02
3.502635e+03,1.030984e+02
3.503117e+03,1.031213e+02
3.503599e+03,1.030975e+02
3.504081e+03,1.030307e+02
3.504563e+03,1.029311e+02
3.505046e+03,1.028126e+02
3.505528e+03,1.026889e+02
3.506010e+03,1.025712e+02
3.506492e+03,1.024678e+02
3.506974e+03,1.023848e+02
3.507456e+03,1.023259e+02
3.507938e+03,1.022938e+02
3.508420e+03,1.022891e+02
3.508903e+03,1.023096e+02
3.509385e+03,1.023492e+02
3.509867e+03,1.023979e+02
3.510349e+03,1.024441e+02
3.510831e+03,1.024774e+02
3.511313e+03,1.024916e+02
3.511795e+03,1.024862e+02
3.512277e+03,1.024666e+02
3.512760e+03,1.024425e+02
3.513242e+03,1.024249e+02
3.513724e+03,1.024223e+02
3.514206e+03,1.024383e+02
3.514688e+03,1.024707e+02
3.515170e+03,1.025125e+02
3.515652e+03,1.025541e+02
3.516135e+03,1.025866e+02
3.516616e+03,1.026033e+02
3.517099e+03,1.026005e+02
3.517581e+03,1.025766e+02
3.518063e+03,1.025312e+02
3.518545e+03,1.024650e+02
3.519027e+03,1.023793e+02
3.519509e+03,1.022782e+02
3.519991e+03,1.021696e+02
3.520474e+03,1.020653e+02
3.520956e+03,1.019800e+02
3.521438e+03,1.019284e+02
3.521920e+03,1.019209e+02
3.522402e+03,1.019596e+02
3.522884e+03,1.020360e+02
3.523366e+03,1.021328e+02
3.523848e+03,1.022277e+02
3.524331e+03,1.023008e+02
3.524813e+03,1.023375e+02
3.525295e+03,1.023312e+02
3.525777e+03,1.022811e+02
3.526259e+03,1.021917e+02
3.526741e+03,1.020720e+02
3.527223e+03,1.019364e+02
3.527705e+03,1.018044e+02
3.528188e+03,1.016983e+02
3.528670e+03,1.016396e+02
3.529152e+03,1.016423e+02
3.529634e+03,1.017094e+02
3.530116e+03,1.018307e+02
3.530598e+03,1.019850e+02
3.531080e+03,1.021450e+02
3.531562e+03,1.022836e+02
3.532044e+03,1.023811e+02
3.532527e+03,1.024286e+02
3.533009e+03,1.024298e+02
3.533491e+03,1.023969e+02
3.533973e+03,1.023471e+02
3.534455e+03,1.022977e+02
3.534937e+03,1.022630e+02
3.535419e+03,1.022522e+02
3.535902e+03,1.022690e+02
3.536384e+03,1.023112e+02
3.536866e+03,1.023716e+02
3.537348e+03,1.024389e+02
3.537830e+03,1.024984e+02
3.538312e+03,1.025336e+02
3.538794e+03,1.025291e+02
3.539276e+03,1.024748e+02
3.539759e+03,1.023693e+02
3.540241e+03,1.022230e+02
3.540723e+03,1.020567e+02
3.541205e+03,1.018974e+02
3.541687e+03,1.017718e+02
3.542169e+03,1.016997e+02
3.542651e+03,1.016889e+02
3.543133e+03,1.017338e+02
3.543615e+03,1.018172e+02
3.544098e+03,1.019159e+02
3.544580e+03,1.020082e+02
3.545062e+03,1.020803e+02
3.545544e+03,1.021295e+02
3.546026e+03,1.021612e+02
3.546508e+03,1.021842e+02
3.546990e+03,1.022043e+02
3.547472e+03,1.022224e+02
3.547955e+03,1.022345e+02
3.548437e+03,1.022352e+02
3.548919e+03,1.022209e+02
3.549401e+03,1.021914e+02
3.549883e+03,1.021508e+02
3.550365e+03,1.021079e+02
3.550847e+03,1.020757e+02
3.551330e+03,1.020697e+02
3.551812e+03,1.021049e+02
3.552294e+03,1.021906e+02
3.552776e+03,1.023263e+02
3.553258e+03,1.025000e+02
3.553740e+03,1.026898e+02
3.554222e+03,1.028680e+02
3.554704e+03,1.030061e+02
3.555187e+03,1.030808e+02
3.555669e+03,1.030786e+02
3.556151e+03,1.029997e+02
3.556633e+03,1.028588e+02
3.557115e+03,1.026817e+02
3.557597e+03,1.024996e+02
3.558079e+03,1.023410e+02
3.558561e+03,1.022253e+02
3.559043e+03,1.021596e+02
3.559526e+03,1.021382e+02
3.560008e+03,1.021472e+02
3.560490e+03,1.021705e+02
3.560972e+03,1.021947e+02
3.561454e+03,1.022124e+02
3.561936e+03,1.022217e+02
3.562418e+03,1.022240e+02
3.562900e+03,1.022214e+02
3.563383e+03,1.022159e+02
3.563865e+03,1.022096e+02
3.564347e+03,1.022060e+02
3.564829e+03,1.022121e+02
3.565311e+03,1.022373e+02
3.565793e+03,1.022902e+02
3.566275e+03,1.023713e+02
3.566758e+03,1.024667e+02
3.567240e+03,1.025509e+02
3.567722e+03,1.025989e+02
3.568204e+03,1.025994e+02
3.568686e+03,1.025577e+02
3.569168e+03,1.024905e+02
3.569650e+03,1.024177e+02
3.570132e+03,1.023563e+02
3.570615e+03,1.023166e+02
3.571097e+03,1.023012e+02
3.571579e+03,1.023052e+02
3.572061e+03,1.023187e+02
3.572543e+03,1.023311e+02
3.573025e+03,1.023353e+02
3.573507e+03,1.023303e+02
3.573989e+03,1.023212e+02
3.574471e+03,1.023158e+02
3.574954e+03,1.023198e+02
3.575436e+03,1.023324e+02
3.575918e+03,1.023460e+02
3.576400e+03,1.023493e+02
3.576882e+03,1.023338e+02
3.577364e+03,1.023000e+02
3.577846e+03,1.022612e+02
3.578328e+03,1.022419e+02
3.578811e+03,1.022708e+02
3.579293e+03,1.023707e+02
3.579775e+03,1.025477e+02
3.580257e+03,1.027861e+02
3.580739e+03,1.030497e+02
3.581221e+03,1.032903e+02
3.581703e+03,1.034602e+02
3.582186e+03,1.035245e+02
3.582667e+03,1.034695e+02
3.583150e+03,1.033048e+02
3.583632e+03,1.030585e+02
3.584114e+03,1.027695e+02
3.584596e+03,1.024788e+02
3.585078e+03,1.022229e+02
3.585560e+03,1.020298e+02
3.586042e+03,1.019163e+02
3.586525e+03,1.018848e+02
3.587007e+03,1.019219e+02
3.587489e+03,1.020021e+02
3.587971e+03,1.020978e+02
3.588453e+03,1.021896e+02
3.588935e+03,1.022694e+02
3.589417e+03,1.023368e+02
3.589899e+03,1.023930e+02
3.590382e+03,1.024380e+02
3.590864e+03,1.024688e+02
3.591346e+03,1.024811e+02
3.591828e+03,1.024695e+02
3.592310e+03,1.024305e+02
3.592792e+03,1.023641e+02
3.593274e+03,1.022756e+02
3.593756e+03,1.021767e+02
3.594239e+03,1.020828e+02
3.594721e+03,1.020101e+02
3.595203e+03,1.019700e+02
3.595685e+03,1.019669e+02
3.596167e+03,1.019968e+02
3.596649e+03,1.020491e+02
3.597131e+03,1.021090e+02
3.597614e+03,1.021611e+02
3.598095e+03,1.021917e+02
3.598578e+03,1.021918e+02
3.599060e+03,1.021592e+02
3.599542e+03,1.020994e+02
3.600024e+03,1.020247e+02
3.600506e+03,1.019508e+02
3.600988e+03,1.018911e+02
3.601470e+03,1.018530e+02
3.601953e+03,1.018353e+02
3.602435e+03,1.018304e+02
3.602917e+03,1.018285e+02
3.603399e+03,1.018213e+02
3.603881e+03,1.018048e+02
3.604363e+03,1.017805e+02
3.604845e+03,1.017547e+02
3.605327e+03,1.017368e+02
3.605810e+03,1.017363e+02
3.606292e+03,1.017596e+02
3.606774e+03,1.018068e+02
3.607256e+03,1.018694e+02
3.607738e+03,1.019323e+02
3.608220e+03,1.019799e+02
3.608702e+03,1.020033e+02
3.609184e+03,1.020034e+02
3.609667e+03,1.019893e+02
3.610149e+03,1.019722e+02
3.610631e+03,1.019607e+02
3.611113e+03,1.019585e+02
3.611595e+03,1.019645e+02
3.612077e+03,1.019745e+02
3.612559e+03,1.019835e+02
3.613042e+03,1.019894e+02
3.613524e+03,1.019949e+02
3.614006e+03,1.020061e+02
3.614488e+03,1.020294e+02
3.614970e+03,1.020678e+02
3.615452e+03,1.021191e+02
3.615934e+03,1.021765e+02
3.616416e+03,1.022294e+02
3.616898e+03,1.022653e+02
3.617381e+03,1.022730e+02
3.617863e+03,1.022467e+02
3.618345e+03,1.021904e+02
3.618827e+03,1.021188e+02
3.619309e+03,1.020527e+02
3.619791e+03,1.020104e+02
3.620273e+03,1.020003e+02
3.620755e+03,1.020215e+02
3.621238e+03,1.020676e+02
3.621720e+03,1.021314e+02
3.622202e+03,1.022071e+02
3.622684e+03,1.022908e+02
3.623166e+03,1.023801e+02
3.623648e+03,1.024731e+02
3.624130e+03,1.025684e+02
3.624612e+03,1.026656e+02
3.625094e+03,1.027656e+02
3.625577e+03,1.028708e+02
3.626059e+03,1.029845e+02
3.626541e+03,1.031084e+02
3.627023e+03,1.032376e+02
3.627505e+03,1.033542e+02
3.627987e+03,1.034246e+02
3.628469e+03,1.034133e+02
3.628952e+03,1.033129e+02
3.629434e+03,1.031593e+02
3.629916e+03,1.030059e+02
3.630398e+03,1.028897e+02
3.630880e+03,1.028231e+02
3.631362e+03,1.028017e+02
3.631844e+03,1.028128e+02
3.632326e+03,1.028396e+02
3.632809e+03,1.028636e+02
3.633291e+03,1.028677e+02
3.633773e+03,1.028407e+02
3.634255e+03,1.027810e+02
3.634737e+03,1.026959e+02
3.635219e+03,1.025980e+02
3.635701e+03,1.025001e+02
3.636183e+03,1.024128e+02
3.636666e+03,1.023433e+02
3.637148e+03,1.022965e+02
3.637630e+03,1.022747e+02
3.638112e+03,1.022780e+02
3.638594e+03,1.023043e+02
3.639076e+03,1.023494e+02
3.639558e+03,1.024080e+02
3.640041e+03,1.024749e+02
3.640522e+03,1.025450e+02
3.641005e+03,1.026143e+02
3.641487e+03,1.026793e+02
3.641969e+03,1.027375e+02
3.642451e+03,1.027865e+02
3.642933e+03,1.028241e+02
3.643415e+03,1.028480e+02
3.643897e+03,1.028558e+02
3.644380e+03,1.028453e+02
3.644862e+03,1.028151e+02
3.645344e+03,1.027661e+02
3.645826e+03,1.027022e+02
3.646308e+03,1.026318e+02
3.646790e+03,1.025658e+02
3.647272e+03,1.025137e+02
3.647754e+03,1.024772e+02
3.648237e+03,1.024467e+02
3.648719e+03,1.024064e+02
3.649201e+03,1.023466e+02
3.649683e+03,1.022738e+02
3.650165e+03,1.022081e+02
3.650647e+03,1.021688e+02
3.651129e+03,1.021622e+02
3.651611e+03,1.021810e+02
3.652094e+03,1.022112e+02
3.652576e+03,1.022390e+02
3.653058e+03,1.022535e+02
3.653540e+03,1.022479e+02
3.654022e+03,1.022193e+02
3.654504e+03,1.021695e+02
3.654986e+03,1.021057e+02
3.655469e+03,1.020404e+02
3.655950e+03,1.019878e+02
3.656433e+03,1.019581e+02
3.656915e+03,1.019544e+02
3.657397e+03,1.019747e+02
3.657879e+03,1.020161e+02
3.658361e+03,1.020772e+02
3.658843e+03,1.021573e+02
3.659325e+03,1.022530e+02
3.659808e+03,1.023566e+02
3.660290e+03,1.024546e+02
3.660772e+03,1.025301e+02
3.661254e+03,1.025682e+02
3.661736e+03,1.025612e+02
3.662218e+03,1.025117e+02
3.662700e+03,1.024321e+02
3.663182e+03,1.023406e+02
3.663665e+03,1.022554e+02
3.664147e+03,1.021891e+02
3.664629e+03,1.021458e+02
3.665111e+03,1.021223e+02
3.665593e+03,1.021110e+02
3.666075e+03,1.021043e+02
3.666557e+03,1.020983e+02
3.667039e+03,1.020945e+02
3.667521e+03,1.020990e+02
3.668004e+03,1.021204e+02
3.668486e+03,1.021645e+02
3.668968e+03,1.022281e+02
3.669450e+03,1.022957e+02
3.669932e+03,1.023460e+02
3.670414e+03,1.023658e+02
3.670896e+03,1.023584e+02
3.671378e+03,1.023371e+02
3.671861e+03,1.023149e+02
3.672343e+03,1.022988e+02
3.672825e+03,1.022892e+02
3.673307e+03,1.022804e+02
3.673789e+03,1.022632e+02
3.674271e+03,1.022287e+02
3.674753e+03,1.021774e+02
3.675236e+03,1.021277e+02
3.675718e+03,1.021080e+02
3.676200e+03,1.021333e+02
3.676682e+03,1.021974e+02
3.677164e+03,1.022825e+02
3.677646e+03,1.023712e+02
3.678128e+03,1.024495e+02
3.678610e+03,1.025077e+02
3.679093e+03,1.025403e+02
3.679575e+03,1.025468e+02
3.680057e+03,1.025316e+02
3.680539e+03,1.025026e+02
3.681021e+03,1.024680e+02
3.681503e+03,1.024350e+02
3.681985e+03,1.024092e+02
3.682467e+03,1.023947e+02
3.682949e+03,1.023942e+02
3.683432e+03,1.024084e+02
3.683914e+03,1.024339e+02
3.684396e+03,1.024634e+02
3.684878e+03,1.024851e+02
3.685360e+03,1.024844e+02
3.685842e+03,1.024454e+02
3.686324e+03,1.023543e+02
3.686806e+03,1.022035e+02
3.687289e+03,1.019999e+02
3.687771e+03,1.017714e+02
3.688253e+03,1.015671e+02
3.688735e+03,1.014403e+02
3.689217e+03,1.014229e+02
3.689699e+03,1.015088e+02
3.690181e+03,1.016621e+02
3.690664e+03,1.018381e+02
3.691146e+03,1.020009e+02
3.691628e+03,1.021309e+02
3.692110e+03,1.022235e+02
3.692592e+03,1.022833e+02
3.693074e+03,1.023195e+02
3.693556e+03,1.023412e+02
3.694038e+03,1.023565e+02
3.694521e+03,1.023721e+02
3.695003e+03,1.023939e+02
3.695485e+03,1.024263e+02
3.695967e+03,1.024726e+02
3.696449e+03,1.025330e+02
3.696931e+03,1.026049e+02
3.697413e+03,1.026834e+02
3.697895e+03,1.027621e+02
3.698377e+03,1.028344e+02
3.698860e+03,1.028942e+02
3.699342e+03,1.029364e+02
3.699824e+03,1.029566e+02
3.700306e+03,1.029523e+02
3.700788e+03,1.029238e+02
3.701270e+03,1.028744e+02
3.701752e+03,1.028111e+02
3.702234e+03,1.027411e+02
3.702717e+03,1.026709e+02
3.703199e+03,1.026041e+02
3.703681e+03,1.025425e+02
3.704163e+03,1.024871e+02
3.704645e+03,1.024387e+02
3.705127e+03,1.023980e+02
3.705609e+03,1.023652e+02
3.706092e+03,1.023391e+02
3.706573e+03,1.023170e+02
3.707056e+03,1.022947e+02
3.707538e+03,1.022691e+02
3.708020e+03,1.022401e+02
3.708502e+03,1.022147e+02
3.708984e+03,1.022089e+02
3.709466e+03,1.022477e+02
3.709948e+03,1.023570e+02
3.710431e+03,1.025503e+02
3.710913e+03,1.028122e+02
3.711395e+03,1.030945e+02
3.711877e+03,1.033335e+02
3.712359e+03,1.034801e+02
3.712841e+03,1.035191e+02
3.713323e+03,1.034669e+02
3.713805e+03,1.033571e+02
3.714288e+03,1.032245e+02
3.714770e+03,1.030964e+02
3.715252e+03,1.029887e+02
3.715734e+03,1.029061e+02
3.716216e+03,1.028446e+02
3.716698e+03,1.027945e+02
3.717180e+03,1.027455e+02
3.717662e+03,1.026903e+02
3.718145e+03,1.026290e+02
3.718627e+03,1.025683e+02
3.719109e+03,1.025191e+02
3.719591e+03,1.024907e+02
3.720073e+03,1.024869e+02
3.720555e+03,1.025033e+02
3.721037e+03,1.025279e+02
3.721520e+03,1.025451e+02
3.722001e+03,1.025407e+02
3.722484e+03,1.025081e+02
3.722966e+03,1.024507e+02
3.723448e+03,1.023796e+02
3.723930e+03,1.023089e+02
3.724412e+03,1.022510e+02
3.724894e+03,1.022144e+02
3.725376e+03,1.022017e+02
3.725859e+03,1.022099e+02
3.726341e+03,1.022314e+02
3.726823e+03,1.022571e+02
3.727305e+03,1.022794e+02
3.727787e+03,1.022949e+02
3.728269e+03,1.023045e+02
3.728751e+03,1.023120e+02
3.729233e+03,1.023228e+02
3.729716e+03,1.023428e+02
3.730198e+03,1.023766e+02
3.730680e+03,1.024260e+02
3.731162e+03,1.024873e+02
3.731644e+03,1.025514e+02
3.732126e+03,1.026055e+02
3.732608e+03,1.026386e+02
3.733090e+03,1.026454e+02
3.733573e+03,1.026281e+02
3.734055e+03,1.025926e+02
3.734537e+03,1.025440e+02
3.735019e+03,1.024822e+02
3.735501e+03,1.024017e+02
3.735983e+03,1.022976e+02
3.736465e+03,1.021717e+02
3.736948e+03,1.020344e+02
3.737430e+03,1.019012e+02
3.737912e+03,1.017885e+02
3.738394e+03,1.017103e+02
3.738876e+03,1.016762e+02
3.739358e+03,1.016883e+02
3.739840e+03,1.017410e+02
3.740322e+03,1.018215e+02
3.740804e+03,1.019138e+02
3.741287e+03,1.020041e+02
3.741769e+03,1.020837e+02
3.742251e+03,1.021509e+02
3.742733e+03,1.022087e+02
3.743215e+03,1.022606e+02
3.743697e+03,1.023043e+02
3.744179e+03,1.023279e+02
3.744661e+03,1.023168e+02
3.745144e+03,1.022668e+02
3.745626e+03,1.021880e+02
3.746108e+03,1.020980e+02
3.746590e+03,1.020144e+02
3.747072e+03,1.019532e+02
3.747554e+03,1.019294e+02
3.748036e+03,1.019565e+02
3.748518e+03,1.020424e+02
3.749000e+03,1.021834e+02
3.749483e+03,1.023580e+02
3.749965e+03,1.025295e+02
3.750447e+03,1.026604e+02
3.750929e+03,1.027303e+02
3.751411e+03,1.027427e+02
3.751893e+03,1.027177e+02
3.752375e+03,1.026774e+02
3.752858e+03,1.026355e+02
3.753340e+03,1.025969e+02
3.753822e+03,1.025607e+02
3.754304e+03,1.025238e+02
3.754786e+03,1.024837e+02
3.755268e+03,1.024394e+02
3.755750e+03,1.023919e+02
3.756232e+03,1.023451e+02
3.756715e+03,1.023050e+02
3.757197e+03,1.022791e+02
3.757679e+03,1.022744e+02
3.758161e+03,1.022948e+02
3.758643e+03,1.023382e+02
3.759125e+03,1.023954e+02
3.759607e+03,1.024517e+02
3.760089e+03,1.024918e+02
3.760572e+03,1.025058e+02
3.761054e+03,1.024934e+02
3.761536e+03,1.024634e+02
3.762018e+03,1.024304e+02
3.762500e+03,1.024122e+02
3.762982e+03,1.024270e+02
3.763464e+03,1.024900e+02
3.763947e+03,1.026085e+02
3.764428e+03,1.027743e+02
3.764911e+03,1.029607e+02
3.765393e+03,1.031284e+02
3.765875e+03,1.032412e+02
3.766357e+03,1.032789e+02
3.766839e+03,1.032408e+02
3.767321e+03,1.031393e+02
3.767803e+03,1.029940e+02
3.768286e+03,1.028275e+02
3.768768e+03,1.026639e+02
3.769250e+03,1.025256e+02
3.769732e+03,1.024274e+02
3.770214e+03,1.023725e+02
3.770696e+03,1.023530e+02
3.771178e+03,1.023564e+02
3.771660e+03,1.023718e+02
3.772143e+03,1.023925e+02
3.772625e+03,1.024151e+02
3.773107e+03,1.024378e+02
3.773589e+03,1.024590e+02
3.774071e+03,1.024769e+02
3.774553e+03,1.024900e+02
3.775035e+03,1.024989e+02
3.775517e+03,1.025061e+02
3.776000e+03,1.025166e+02
3.776482e+03,1.025356e+02
3.776964e+03,1.025661e+02
3.777446e+03,1.026058e+02
3.777928e+03,1.026455e+02
3.778410e+03,1.026690e+02
3.778892e+03,1.026590e+02
3.779375e+03,1.026056e+02
3.779856e+03,1.025138e+02
3.780339e+03,1.024012e+02
3.780821e+03,1.022905e+02
3.781303e+03,1.021999e+02
3.781785e+03,1.021400e+02
3.782267e+03,1.021137e+02
3.782749e+03,1.021174e+02
3.783231e+03,1.021423e+02
3.783714e+03,1.021766e+02
3.784196e+03,1.022085e+02
3.784678e+03,1.022305e+02
3.785160e+03,1.022415e+02
3.785642e+03,1.022465e+02
3.786124e+03,1.022525e+02
3.786606e+03,1.022646e+02
3.787088e+03,1.022835e+02
3.787571e+03,1.023056e+02
3.788053e+03,1.023242e+02
3.788535e+03,1.023325e+02
3.789017e+03,1.023259e+02
3.789499e+03,1.023039e+02
3.789981e+03,1.022701e+02
3.790463e+03,1.022305e+02
3.790945e+03,1.021921e+02
3.791427e+03,1.021600e+02
3.791910e+03,1.021365e+02
3.792392e+03,1.021212e+02
3.792874e+03,1.021117e+02
3.793356e+03,1.021058e+02
3.793838e+03,1.021027e+02
3.794320e+03,1.021041e+02
3.794802e+03,1.021137e+02
3.795284e+03,1.021357e+02
3.795767e+03,1.021724e+02
3.796249e+03,1.022222e+02
3.796731e+03,1.022792e+02
3.797213e+03,1.023362e+02
3.797695e+03,1.023881e+02
3.798177e+03,1.024339e+02
3.798659e+03,1.024750e+02
3.799142e+03,1.025141e+02
3.799624e+03,1.025519e+02
3.800106e+03,1.025847e+02
3.800588e+03,1.026017e+02
3.801070e+03,1.025885e+02
3.801552e+03,1.025363e+02
3.802034e+03,1.024503e+02
3.802516e+03,1.023461e+02
3.802999e+03,1.022387e+02
3.803481e+03,1.021373e+02
3.803963e+03,1.020459e+02
3.804445e+03,1.019668e+02
3.804927e+03,1.019038e+02
3.805409e+03,1.018634e+02
3.805891e+03,1.018547e+02
3.806373e+03,1.018845e+02
3.806855e+03,1.019514e+02
3.807338e+03,1.020434e+02
3.807820e+03,1.021437e+02
3.808302e+03,1.022390e+02
3.808784e+03,1.023227e+02
3.809266e+03,1.023937e+02
3.809748e+03,1.024528e+02
3.810230e+03,1.025009e+02
3.810712e+03,1.025381e+02
3.811195e+03,1.025634e+02
3.811677e+03,1.025760e+02
3.812159e+03,1.025749e+02
3.812641e+03,1.025597e+02
3.813123e+03,1.025306e+02
3.813605e+03,1.024889e+02
3.814087e+03,1.024384e+02
3.814570e+03,1.023875e+02
3.815052e+03,1.023501e+02
3.815534e+03,1.023417e+02
3.816016e+03,1.023717e+02
3.816498e+03,1.024368e+02
3.816980e+03,1.025251e+02
3.817462e+03,1.026234e+02
3.817944e+03,1.027228e+02
3.818427e+03,1.028186e+02
3.818909e+03,1.029062e+02
3.819391e+03,1.029788e+02
3.819873e+03,1.030238e+02
3.820355e+03,1.030253e+02
3.820837e+03,1.029743e+02
3.821319e+03,1.028799e+02
3.821801e+03,1.027659e+02
3.822283e+03,1.026559e+02
3.822766e+03,1.025631e+02
3.823248e+03,1.024915e+02
3.823730e+03,1.024410e+02
3.824212e+03,1.024099e+02
3.824694e+03,1.023965e+02
3.825176e+03,1.023979e+02
3.825658e+03,1.024091e+02
3.826140e+03,1.024225e+02
3.826623e+03,1.024297e+02
3.827105e+03,1.024244e+02
3.827587e+03,1.024044e+02
3.828069e+03,1.023720e+02
3.828551e+03,1.023325e+02
3.829033e+03,1.022923e+02
3.829515e+03,1.022578e+02
3.829998e+03,1.022350e+02
3.830479e+03,1.022278e+02
3.830962e+03,1.022373e+02
3.831444e+03,1.022604e+02
3.831926e+03,1.022914e+02
3.832408e+03,1.023236e+02
3.832890e+03,1.023524e+02
3.833372e+03,1.023756e+02
3.833854e+03,1.023938e+02
3.834337e+03,1.024085e+02
3.834819e+03,1.024208e+02
3.835301e+03,1.024304e+02
3.835783e+03,1.024349e+02
3.836265e+03,1.024309e+02
3.836747e+03,1.024159e+02
3.837229e+03,1.023905e+02
3.837711e+03,1.023598e+02
3.838194e+03,1.023319e+02
3.838676e+03,1.023145e+02
3.839158e+03,1.023100e+02
3.839640e+03,1.023145e+02
3.840122e+03,1.023203e+02
3.840604e+03,1.023198e+02
3.841086e+03,1.023095e+02
3.841568e+03,1.022915e+02
3.842051e+03,1.022738e+02
3.842533e+03,1.022680e+02
3.843015e+03,1.022855e+02
3.843497e+03,1.023321e+02
3.843979e+03,1.024048e+02
3.844461e+03,1.024919e+02
3.844943e+03,1.025766e+02
3.845426e+03,1.026432e+02
3.845907e+03,1.026802e+02
3.846390e+03,1.026825e+02
3.846872e+03,1.026504e+02
3.847354e+03,1.025887e+02
3.847836e+03,1.025050e+02
3.848318e+03,1.024083e+02
3.848800e+03,1.023077e+02
3.849282e+03,1.022104e+02
3.849765e+03,1.021216e+02
3.850247e+03,1.020450e+02
3.850729e+03,1.019841e+02
3.851211e+03,1.019451e+02
3.851693e+03,1.019381e+02
3.852175e+03,1.019760e+02
3.852657e+03,1.020635e+02
3.853139e+03,1.021838e+02
3.853622e+03,1.023009e+02
3.854104e+03,1.023868e+02
3.854586e+03,1.024369e+02
3.855068e+03,1.024609e+02
3.855550e+03,1.024702e+02
3.856032e+03,1.024716e+02
3.856514e+03,1.024675e+02
3.856996e+03,1.024570e+02
3.857479e+03,1.024379e+02
3.857961e+03,1.024090e+02
3.858443e+03,1.023703e+02
3.858925e+03,1.023245e+02
3.859407e+03,1.022760e+02
3.859889e+03,1.022307e+02
3.860371e+03,1.021953e+02
3.860854e+03,1.021755e+02
3.861336e+03,1.021750e+02
3.861818e+03,1.021937e+02
3.862300e+03,1.022277e+02
3.862782e+03,1.022693e+02
3.863264e+03,1.023087e+02
3.863746e+03,1.023348e+02
3.864228e+03,1.023387e+02
3.864710e+03,1.023163e+02
3.865193e+03,1.022701e+02
3.865675e+03,1.022076e+02
3.866157e+03,1.021372e+02
3.866639e+03,1.020664e+02
3.867121e+03,1.020009e+02
3.867603e+03,1.019463e+02
3.868085e+03,1.019098e+02
3.868567e+03,1.019003e+02
3.869050e+03,1.019252e+02
3.869532e+03,1.019835e+02
3.870014e+03,1.020624e+02
3.870496e+03,1.021435e+02
3.870978e+03,1.022134e+02
3.871460e+03,1.022676e+02
3.871942e+03,1.023073e+02
3.872424e+03,1.023353e+02
3.872906e+03,1.023531e+02
3.873389e+03,1.023614e+02
3.873871e+03,1.023605e+02
3.874353e+03,1.023524e+02
3.874835e+03,1.023401e+02
3.875317e+03,1.023268e+02
3.875799e+03,1.023143e+02
3.876281e+03,1.023028e+02
3.876764e+03,1.022909e+02
3.877246e+03,1.022767e+02
3.877728e+03,1.022588e+02
3.878210e+03,1.022371e+02
3.878692e+03,1.022137e+02
3.879174e+03,1.021926e+02
3.879656e+03,1.021789e+02
3.880138e+03,1.021756e+02
3.880621e+03,1.021813e+02
3.881103e+03,1.021910e+02
3.881585e+03,1.021990e+02
3.882067e+03,1.022021e+02
3.882549e+03,1.022005e+02
3.883031e+03,1.021973e+02
3.883513e+03,1.021967e+02
3.883995e+03,1.022026e+02
3.884478e+03,1.022164e+02
3.884960e+03,1.022353e+02
3.885442e+03,1.022523e+02
3.885924e+03,1.022605e+02
3.886406e+03,1.022572e+02
3.886888e+03,1.022454e+02
3.887370e+03,1.022308e+02
3.887853e+03,1.022193e+02
3.888334e+03,1.022154e+02
3.888817e+03,1.022212e+02
3.889299e+03,1.022367e+02
3.889781e+03,1.022593e+02
3.890263e+03,1.022838e+02
3.890745e+03,1.023045e+02
3.891227e+03,1.023171e+02
3.891709e+03,1.023212e+02
3.892192e+03,1.023195e+02
3.892674e+03,1.023155e+02
3.893156e+03,1.023110e+02
3.893638e+03,1.023059e+02
3.894120e+03,1.022987e+02
3.894602e+03,1.022878e+02
3.895084e+03,1.022725e+02
3.895566e+03,1.022539e+02
3.896049e+03,1.022343e+02
3.896531e+03,1.022175e+02
3.897013e+03,1.022074e+02
3.897495e+03,1.022069e+02
3.897977e+03,1.022167e+02
3.898459e+03,1.022342e+02
3.898941e+03,1.022533e+02
3.899423e+03,1.022669e+02
3.899906e+03,1.022690e+02
3.900388e+03,1.022579e+02
3.900870e+03,1.022364e+02
3.901352e+03,1.022110e+02
3.901834e+03,1.021899e+02
3.902316e+03,1.021807e+02
3.902798e+03,1.021888e+02
3.903281e+03,1.022150e+02
3.903762e+03,1.022552e+02
3.904245e+03,1.023019e+02
3.904727e+03,1.023464e+02
3.905209e+03,1.023827e+02
3.905691e+03,1.024082e+02
3.906173e+03,1.024235e+02
3.906655e+03,1.024302e+02
3.907137e+03,1.024304e+02
3.907620e+03,1.024256e+02
3.908102e+03,1.024171e+02
3.908584e+03,1.024059e+02
3.909066e+03,1.023930e+02
3.909548e+03,1.023793e+02
3.910030e+03,1.023654e+02
3.910512e+03,1.023516e+02
3.910994e+03,1.023376e+02
3.911477e+03,1.023231e+02
3.911959e+03,1.023085e+02
3.912441e+03,1.022950e+02
3.912923e+03,1.022850e+02
3.913405e+03,1.022816e+02
3.913887e+03,1.022877e+02
3.914369e+03,1.023048e+02
3.914851e+03,1.023316e+02
3.915333e+03,1.023634e+02
3.915816e+03,1.023928e+02
3.916298e+03,1.024114e+02
3.916780e+03,1.024139e+02
3.917262e+03,1.024000e+02
3.917744e+03,1.023750e+02
3.918226e+03,1.023466e+02
3.918708e+03,1.023218e+02
3.919190e+03,1.023041e+02
3.919673e+03,1.022930e+02
3.920155e+03,1.022850e+02
3.920637e+03,1.022759e+02
3.921119e+03,1.022631e+02
3.921601e+03,1.022468e+02
3.922083e+03,1.022299e+02
3.922565e+03,1.022169e+02
3.923048e+03,1.022122e+02
3.923530e+03,1.022183e+02
3.924012e+03,1.022345e+02
3.924494e+03,1.022575e+02
3.924976e+03,1.022829e+02
3.925458e+03,1.023075e+02
3.925940e+03,1.023308e+02
3.926422e+03,1.023541e+02
3.926905e+03,1.023788e+02
3.927387e+03,1.024054e+02
3.927869e+03,1.024320e+02
3.928351e+03,1.024549e+02
3.928833e+03,1.024697e+02
3.929315e+03,1.024730e+02
3.929797e+03,1.024639e+02
3.930279e+03,1.024446e+02
3.930761e+03,1.024194e+02
3.931244e+03,1.023933e+02
3.931726e+03,1.023700e+02
3.932208e+03,1.023505e+02
3.932690e+03,1.023342e+02
3.933172e+03,1.023195e+02
3.933654e+03,1.023054e+02
3.934136e+03,1.022921e+02
3.934618e+03,1.022803e+02
3.935101e+03,1.022708e+02
3.935583e+03,1.022637e+02
3.936065e+03,1.022585e+02
3.936547e+03,1.022539e+02
3.937029e+03,1.022491e+02
3.937511e+03,1.022441e+02
3.937993e+03,1.022401e+02
3.938476e+03,1.022392e+02
3.938958e+03,1.022435e+02
3.939440e+03,1.022546e+02
3.939922e+03,1.022727e+02
3.940404e+03,1.022968e+02
3.940886e+03,1.023249e+02
3.941368e+03,1.023542e+02
3.941850e+03,1.023813e+02
3.942333e+03,1.024032e+02
3.942815e+03,1.024172e+02
3.943297e+03,1.024217e+02
3.943779e+03,1.024164e+02
3.944261e+03,1.024023e+02
3.944743e+03,1.023820e+02
3.945225e+03,1.023588e+02
3.945707e+03,1.023372e+02
3.946189e+03,1.023214e+02
3.946672e+03,1.023151e+02
3.947154e+03,1.023200e+02
3.947636e+03,1.023348e+02
3.948118e+03,1.023557e+02
3.948600e+03,1.023773e+02
3.949082e+03,1.023941e+02
3.949564e+03,1.024024e+02
3.950046e+03,1.024006e+02
3.950529e+03,1.023885e+02
3.951011e+03,1.023670e+02
3.951493e+03,1.023371e+02
3.951975e+03,1.023005e+02
3.952457e+03,1.022598e+02
3.952939e+03,1.022192e+02
3.953421e+03,1.021846e+02
3.953904e+03,1.021621e+02
3.954385e+03,1.021571e+02
3.954868e+03,1.021718e+02
3.955350e+03,1.022039e+02
3.955832e+03,1.022466e+02
3.956314e+03,1.022901e+02
3.956796e+03,1.023244e+02
3.957278e+03,1.023428e+02
3.957760e+03,1.023434e+02
3.958243e+03,1.023304e+02
3.958725e+03,1.023119e+02
3.959207e+03,1.022974e+02
3.959689e+03,1.022948e+02
3.960171e+03,1.023080e+02
3.960653e+03,1.023357e+02
3.961135e+03,1.023724e+02
3.961617e+03,1.024098e+02
3.962100e+03,1.024400e+02
3.962582e+03,1.024575e+02
3.963064e+03,1.024603e+02
3.963546e+03,1.024496e+02
3.964028e+03,1.024289e+02
3.964510e+03,1.024017e+02
3.964992e+03,1.023714e+02
3.965474e+03,1.023397e+02
3.965957e+03,1.023076e+02
3.966439e+03,1.022752e+02
3.966921e+03,1.022426e+02
3.967403e+03,1.022102e+02
3.967885e+03,1.021787e+02
3.968367e+03,1.021496e+02
3.968849e+03,1.021243e+02
3.969332e+03,1.021043e+02
3.969813e+03,1.020912e+02
3.970296e+03,1.020861e+02
3.970778e+03,1.020895e+02
3.971260e+03,1.021015e+02
3.971742e+03,1.021213e+02
3.972224e+03,1.021469e+02
3.972706e+03,1.021755e+02
3.973188e+03,1.022036e+02
3.973671e+03,1.022276e+02
3.974153e+03,1.022443e+02
3.974635e+03,1.022520e+02
3.975117e+03,1.022507e+02
3.975599e+03,1.022424e+02
3.976081e+03,1.022306e+02
3.976563e+03,1.022197e+02
3.977045e+03,1.022135e+02
3.977528e+03,1.022146e+02
3.978010e+03,1.022235e+02
3.978492e+03,1.022386e+02
3.978974e+03,1.022563e+02
3.979456e+03,1.022722e+02
3.979938e+03,1.022822e+02
3.980420e+03,1.022835e+02
3.980902e+03,1.022756e+02
3.981385e+03,1.022608e+02
3.981867e+03,1.022430e+02
3.982349e+03,1.022274e+02
3.982831e+03,1.022188e+02
3.983313e+03,1.022199e+02
3.983795e+03,1.022312e+02
3.984277e+03,1.022506e+02
3.984760e+03,1.022744e+02
3.985242e+03,1.022983e+02
3.985724e+03,1.023190e+02
3.986206e+03,1.023352e+02
3.986688e+03,1.023480e+02
3.987170e+03,1.023602e+02
3.987652e+03,1.023753e+02
3.988134e+03,1.023960e+02
3.988616e+03,1.024230e+02
3.989099e+03,1.024537e+02
3.989581e+03,1.024833e+02
3.990063e+03,1.025051e+02
3.990545e+03,1.025130e+02
3.991027e+03,1.025031e+02
3.991509e+03,1.024751e+02
3.991991e+03,1.024326e+02
3.992473e+03,1.023825e+02
3.992956e+03,1.023333e+02
3.993438e+03,1.022934e+02
3.993920e+03,1.022691e+02
3.994402e+03,1.022636e+02
3.994884e+03,1.022761e+02
3.995366e+03,1.023028e+02
3.995848e+03,1.023383e+02
3.996330e+03,1.023771e+02
3.996812e+03,1.024155e+02
3.997295e+03,1.024521e+02
3.997777e+03,1.024870e+02
3.998259e+03,1.025207e+02
3.998741e+03,1.025520e+02
3.999223e+03,1.025777e+02
3.999705e+03,1.025917e+02
4.000188e+03,1.025870e+02
