3.996813e+02,0.000000e+00
4.001635e+02,8.999125e+01
4.006456e+02,8.983801e+01
4.011277e+02,8.968884e+01
4.016098e+02,8.953841e+01
4.020919e+02,8.938633e+01
4.025741e+02,8.924078e+01
4.030562e+02,8.911564e+01
4.035383e+02,8.902464e+01
4.040204e+02,8.897638e+01
4.045026e+02,8.897145e+01
4.049847e+02,8.900229e+01
4.054668e+02,8.905605e+01
4.059489e+02,8.911963e+01
4.064311e+02,8.918603e+01
4.069132e+02,8.925771e+01
4.073953e+02,8.934608e+01
4.078774e+02,8.946568e+01
4.083596e+02,8.962782e+01
4.088417e+02,8.983464e+01
4.093238e+02,9.007653e+01
4.098059e+02,9.033356e+01
4.102881e+02,9.058265e+01
4.107702e+02,9.080627e+01
4.112523e+02,9.099801e+01
4.117344e+02,9.116147e+01
4.122166e+02,9.130505e+01
4.126987e+02,9.143477e+01
4.131808e+02,9.155104e+01
4.136629e+02,9.164882e+01
4.141451e+02,9.172204e+01
4.146272e+02,9.176842e+01
4.151093e+02,9.179196e+01
4.155914e+02,9.180169e+01
4.160736e+02,9.180995e+01
4.165557e+02,9.183044e+01
4.170378e+02,9.187781e+01
4.175200e+02,9.196487e+01
4.180021e+02,9.209704e+01
4.184842e+02,9.226190e+01
4.189663e+02,9.242465e+01
4.194484e+02,9.254031e+01
4.199306e+02,9.257518e+01
4.204127e+02,9.251727e+01
4.208948e+02,9.237089e+01
4.213770e+02,9.214832e+01
4.218591e+02,9.186521e+01
4.223412e+02,9.153894e+01
4.228233e+02,9.118749e+01
4.233055e+02,9.082746e+01
4.237876e+02,9.047261e+01
4.242697e+02,9.013271e+01
4.247518e+02,8.981390e+01
4.252339e+02,8.952017e+01
4.257161e+02,8.925480e+01
4.261982e+02,8.902081e+01
4.266803e+02,8.882011e+01
4.271624e+02,8.865179e+01
4.276446e+02,8.851099e+01
4.281267e+02,8.838802e+01
4.286088e+02,8.826953e+01
4.290909e+02,8.814069e+01
4.295731e+02,8.798851e+01
4.300552e+02,8.780499e+01
4.305373e+02,8.758840e+01
4.310194e+02,8.734225e+01
4.315016e+02,8.707345e+01
4.319837e+02,8.679003e+01
4.324658e+02,8.650021e+01
4.329479e+02,8.621220e+01
4.334301e+02,8.593533e+01
4.339122e+02,8.568145e+01
4.343943e+02,8.546563e+01
4.348764e+02,8.530574e+01
4.353586e+02,8.521989e+01
4.358407e+02,8.522086e+01
4.363228e+02,8.530991e+01
4.368049e+02,8.547258e+01
4.372870e+02,8.568176e+01
4.377692e+02,8.590655e+01
4.382513e+02,8.612267e+01
4.387334e+02,8.631892e+01
4.392155e+02,8.649759e+01
4.396977e+02,8.667023e+01
4.401798e+02,8.685218e+01
4.406619e+02,8.705652e+01
4.411440e+02,8.729025e+01
4.416262e+02,8.755240e+01
4.421083e+02,8.783562e+01
4.425904e+02,8.812909e+01
4.430725e+02,8.842162e+01
4.435547e+02,8.870287e+01
4.440368e+02,8.896336e+01
4.445189e+02,8.919415e+01
4.450010e+02,8.938755e+01
4.454832e+02,8.953874e+01
4.459653e+02,8.964735e+01
4.464474e+02,8.971765e+01
4.469295e+02,8.975864e+01
4.474117e+02,8.978186e+01
4.478938e+02,8.979969e+01
4.483759e+02,8.982256e+01
4.488580e+02,8.985822e+01
4.493401e+02,8.991140e+01
4.498223e+02,8.998560e+01
4.503044e+02,9.008427e+01
4.507865e+02,9.021148e+01
4.512687e+02,9.037088e+01
4.517508e+02,9.056306e+01
4.522329e+02,9.078279e+01
4.527150e+02,9.101833e+01
4.531971e+02,9.125386e+01
4.536793e+02,9.147379e+01
4.541614e+02,9.166597e+01
4.546435e+02,9.182227e+01
4.551257e+02,9.193697e+01
4.556078e+02,9.200581e+01
4.560899e+02,9.202643e+01
4.565720e+02,9.200217e+01
4.570542e+02,9.194576e+01
4.575363e+02,9.188023e+01
4.580184e+02,9.183342e+01
4.585005e+02,9.182888e+01
4.589827e+02,9.187847e+01
4.594648e+02,9.198145e+01
4.599469e+02,9.212881e+01
4.604290e+02,9.230839e+01
4.609112e+02,9.250834e+01
4.613933e+02,9.271824e+01
4.618754e+02,9.292844e+01
4.623575e+02,9.312886e+01
4.628397e+02,9.330821e+01
4.633218e+02,9.345541e+01
4.638039e+02,9.356134e+01
4.642860e+02,9.362206e+01
4.647682e+02,9.363996e+01
4.652503e+02,9.362409e+01
4.657324e+02,9.358845e+01
4.662145e+02,9.355010e+01
4.666967e+02,9.352644e+01
4.671788e+02,9.353156e+01
4.676609e+02,9.357243e+01
4.681430e+02,9.364661e+01
4.686252e+02,9.374276e+01
4.691073e+02,9.384393e+01
4.695894e+02,9.393208e+01
4.700715e+02,9.399215e+01
4.705536e+02,9.401495e+01
4.710358e+02,9.400033e+01
4.715179e+02,9.395806e+01
4.720000e+02,9.390682e+01
4.724821e+02,9.386745e+01
4.729643e+02,9.385395e+01
4.734464e+02,9.386694e+01
4.739285e+02,9.389438e+01
4.744106e+02,9.391805e+01
4.748928e+02,9.392184e+01
4.753749e+02,9.389819e+01
4.758570e+02,9.385076e+01
4.763391e+02,9.379314e+01
4.768213e+02,9.374424e+01
4.773034e+02,9.372110e+01
4.777855e+02,9.373291e+01
4.782676e+02,9.377731e+01
4.787498e+02,9.384174e+01
4.792319e+02,9.390865e+01
4.797140e+02,9.396237e+01
4.801961e+02,9.399471e+01
4.806783e+02,9.400682e+01
4.811604e+02,9.400713e+01
4.816425e+02,9.400731e+01
4.821246e+02,9.401769e+01
4.826068e+02,9.404423e+01
4.830889e+02,9.408729e+01
4.835710e+02,9.414262e+01
4.840531e+02,9.420351e+01
4.845352e+02,9.426302e+01
4.850174e+02,9.431518e+01
4.854995e+02,9.435537e+01
4.859816e+02,9.438027e+01
4.864637e+02,9.438773e+01
4.869459e+02,9.437704e+01
4.874280e+02,9.434942e+01
4.879101e+02,9.430777e+01
4.883922e+02,9.425603e+01
4.888744e+02,9.419820e+01
4.893565e+02,9.413757e+01
4.898386e+02,9.407677e+01
4.903207e+02,9.401852e+01
4.908029e+02,9.396650e+01
4.912850e+02,9.392587e+01
4.917671e+02,9.390299e+01
4.922492e+02,9.390366e+01
4.927314e+02,9.393136e+01
4.932135e+02,9.398587e+01
4.936956e+02,9.406307e+01
4.941777e+02,9.415620e+01
4.946599e+02,9.425761e+01
4.951420e+02,9.436062e+01
4.956241e+02,9.446028e+01
4.961062e+02,9.455301e+01
4.965884e+02,9.463541e+01
4.970705e+02,9.470366e+01
4.975526e+02,9.475349e+01
4.980347e+02,9.478165e+01
4.985169e+02,9.478729e+01
4.989990e+02,9.477281e+01
4.994811e+02,9.474336e+01
4.999633e+02,9.470535e+01
5.004454e+02,9.466443e+01
5.009275e+02,9.462405e+01
5.014096e+02,9.458531e+01
5.018917e+02,9.454771e+01
5.023739e+02,9.451077e+01
5.028560e+02,9.447540e+01
5.033381e+02,9.444382e+01
5.038203e+02,9.441830e+01
5.043024e+02,9.439943e+01
5.047845e+02,9.438555e+01
5.052666e+02,9.437289e+01
5.057487e+02,9.435706e+01
5.062309e+02,9.433511e+01
5.067130e+02,9.430700e+01
5.071951e+02,9.427598e+01
5.076772e+02,9.424702e+01
5.081594e+02,9.422443e+01
5.086415e+02,9.420992e+01
5.091236e+02,9.420207e+01
5.096057e+02,9.419756e+01
5.100879e+02,9.419279e+01
5.105700e+02,9.418572e+01
5.110521e+02,9.417641e+01
5.115342e+02,9.416641e+01
5.120164e+02,9.415735e+01
5.124985e+02,9.414950e+01
5.129806e+02,9.414140e+01
5.134627e+02,9.413053e+01
5.139448e+02,9.411470e+01
5.144270e+02,9.409320e+01
5.149091e+02,9.406712e+01
5.153912e+02,9.403875e+01
5.158734e+02,9.400993e+01
5.163555e+02,9.398121e+01
5.168376e+02,9.395161e+01
5.173197e+02,9.391960e+01
5.178019e+02,9.388470e+01
5.182840e+02,9.384868e+01
5.187661e+02,9.381526e+01
5.192482e+02,9.378841e+01
5.197303e+02,9.377039e+01
5.202125e+02,9.376030e+01
5.206946e+02,9.375459e+01
5.211767e+02,9.374857e+01
5.216588e+02,9.373861e+01
5.221410e+02,9.372360e+01
5.226231e+02,9.370497e+01
5.231052e+02,9.368536e+01
5.235873e+02,9.366637e+01
5.240695e+02,9.364713e+01
5.245516e+02,9.362397e+01
5.250337e+02,9.359192e+01
5.255159e+02,9.354751e+01
5.259980e+02,9.349162e+01
5.264801e+02,9.343013e+01
5.269622e+02,9.337203e+01
5.274443e+02,9.332539e+01
5.279265e+02,9.329403e+01
5.284086e+02,9.327597e+01
5.288907e+02,9.326443e+01
5.293728e+02,9.325026e+01
5.298550e+02,9.322517e+01
5.303371e+02,9.318440e+01
5.308192e+02,9.312778e+01
5.313013e+02,9.305923e+01
5.317834e+02,9.298473e+01
5.322656e+02,9.291002e+01
5.327477e+02,9.283905e+01
5.332299e+02,9.277319e+01
5.337120e+02,9.271161e+01
5.341941e+02,9.265198e+01
5.346762e+02,9.259109e+01
5.351583e+02,9.252552e+01
5.356404e+02,9.245217e+01
5.361226e+02,9.236881e+01
5.366047e+02,9.227481e+01
5.370868e+02,9.217165e+01
5.375690e+02,9.206274e+01
5.380511e+02,9.195263e+01
5.385332e+02,9.184531e+01
5.390153e+02,9.174276e+01
5.394974e+02,9.164407e+01
5.399796e+02,9.154593e+01
5.404617e+02,9.144405e+01
5.409438e+02,9.133519e+01
5.414260e+02,9.121877e+01
5.419081e+02,9.109752e+01
5.423902e+02,9.097658e+01
5.428723e+02,9.086172e+01
5.433544e+02,9.075768e+01
5.438365e+02,9.066695e+01
5.443187e+02,9.058989e+01
5.448008e+02,9.052557e+01
5.452830e+02,9.047324e+01
5.457651e+02,9.043345e+01
5.462472e+02,9.040850e+01
5.467293e+02,9.040186e+01
5.472114e+02,9.041705e+01
5.476936e+02,9.045671e+01
5.481757e+02,9.052191e+01
5.486578e+02,9.061210e+01
5.491400e+02,9.072552e+01
5.496221e+02,9.085942e+01
5.501042e+02,9.101012e+01
5.505863e+02,9.117272e+01
5.510684e+02,9.134073e+01
5.515505e+02,9.150613e+01
5.520327e+02,9.166033e+01
5.525148e+02,9.179584e+01
5.529969e+02,9.190807e+01
5.534791e+02,9.199688e+01
5.539612e+02,9.206657e+01
5.544433e+02,9.212438e+01
5.549254e+02,9.217817e+01
5.554076e+02,9.223366e+01
5.558896e+02,9.229301e+01
5.563718e+02,9.235467e+01
5.568539e+02,9.241462e+01
5.573361e+02,9.246853e+01
5.578182e+02,9.251348e+01
5.583003e+02,9.254882e+01
5.587825e+02,9.257600e+01
5.592645e+02,9.259759e+01
5.597467e+02,9.261604e+01
5.602288e+02,9.263287e+01
5.607109e+02,9.264816e+01
5.611931e+02,9.266094e+01
5.616752e+02,9.266959e+01
5.621573e+02,9.267241e+01
5.626394e+02,9.266840e+01
5.631216e+02,9.265751e+01
5.636037e+02,9.264108e+01
5.640858e+02,9.262158e+01
5.645679e+02,9.260230e+01
5.650500e+02,9.258644e+01
5.655322e+02,9.257602e+01
5.660143e+02,9.257100e+01
5.664965e+02,9.256886e+01
5.669785e+02,9.256486e+01
5.674607e+02,9.255324e+01
5.679428e+02,9.252847e+01
5.684249e+02,9.248687e+01
5.689070e+02,9.242719e+01
5.693892e+02,9.235050e+01
5.698713e+02,9.225922e+01
5.703534e+02,9.215641e+01
5.708356e+02,9.204531e+01
5.713177e+02,9.192958e+01
5.717998e+02,9.181340e+01
5.722819e+02,9.170173e+01
5.727640e+02,9.159941e+01
5.732462e+02,9.150996e+01
5.737283e+02,9.143436e+01
5.742104e+02,9.136994e+01
5.746925e+02,9.131025e+01
5.751747e+02,9.124593e+01
5.756568e+02,9.116651e+01
5.761389e+02,9.106278e+01
5.766210e+02,9.092882e+01
5.771031e+02,9.076236e+01
5.775853e+02,9.056422e+01
5.780674e+02,9.033694e+01
5.785496e+02,9.008396e+01
5.790317e+02,8.980933e+01
5.795138e+02,8.951814e+01
5.799959e+02,8.921681e+01
5.804780e+02,8.891224e+01
5.809601e+02,8.861053e+01
5.814423e+02,8.831532e+01
5.819244e+02,8.802683e+01
5.824066e+02,8.774260e+01
5.828887e+02,8.745889e+01
5.833708e+02,8.717298e+01
5.838529e+02,8.688506e+01
5.843350e+02,8.659914e+01
5.848171e+02,8.632304e+01
5.852993e+02,8.606678e+01
5.857814e+02,8.584080e+01
5.862635e+02,8.565396e+01
5.867457e+02,8.551202e+01
5.872278e+02,8.541688e+01
5.877099e+02,8.536667e+01
5.881920e+02,8.535651e+01
5.886741e+02,8.537961e+01
5.891562e+02,8.542850e+01
5.896384e+02,8.549609e+01
5.901205e+02,8.557630e+01
5.906027e+02,8.566434e+01
5.910848e+02,8.575681e+01
5.915669e+02,8.585146e+01
5.920490e+02,8.594683e+01
5.925311e+02,8.604200e+01
5.930133e+02,8.613619e+01
5.934954e+02,8.622860e+01
5.939775e+02,8.631897e+01
5.944597e+02,8.640811e+01
5.949418e+02,8.649885e+01
5.954239e+02,8.659680e+01
5.959060e+02,8.671024e+01
5.963882e+02,8.684898e+01
5.968702e+02,8.702232e+01
5.973524e+02,8.723667e+01
5.978345e+02,8.749336e+01
5.983167e+02,8.778743e+01
5.987988e+02,8.810791e+01
5.992809e+02,8.843982e+01
5.997630e+02,8.876708e+01
6.002451e+02,8.907583e+01
6.007273e+02,8.935697e+01
6.012094e+02,8.960698e+01
6.016915e+02,8.982676e+01
6.021736e+02,9.001971e+01
6.026558e+02,9.018928e+01
6.031379e+02,9.033768e+01
6.036200e+02,9.046555e+01
6.041022e+02,9.057270e+01
6.045842e+02,9.065918e+01
6.050664e+02,9.072616e+01
6.055485e+02,9.077627e+01
6.060306e+02,9.081322e+01
6.065128e+02,9.084078e+01
6.069949e+02,9.086188e+01
6.074770e+02,9.087768e+01
6.079591e+02,9.088708e+01
6.084413e+02,9.088665e+01
6.089234e+02,9.087082e+01
6.094055e+02,9.083264e+01
6.098876e+02,9.076485e+01
6.103698e+02,9.066098e+01
6.108519e+02,9.051670e+01
6.113340e+02,9.033065e+01
6.118162e+02,9.010480e+01
6.122983e+02,8.984412e+01
6.127804e+02,8.955540e+01
6.132625e+02,8.924571e+01
6.137446e+02,8.892077e+01
6.142267e+02,8.858360e+01
6.147089e+02,8.823392e+01
6.151910e+02,8.786831e+01
6.156731e+02,8.748106e+01
6.161553e+02,8.706524e+01
6.166374e+02,8.661408e+01
6.171195e+02,8.612177e+01
6.176016e+02,8.558392e+01
6.180837e+02,8.499735e+01
6.185659e+02,8.435989e+01
6.190480e+02,8.367033e+01
6.195302e+02,8.292890e+01
6.200123e+02,8.213843e+01
6.204944e+02,8.130579e+01
6.209765e+02,8.044296e+01
6.214586e+02,7.956725e+01
6.219407e+02,7.870065e+01
6.224229e+02,7.786843e+01
6.229050e+02,7.709769e+01
6.233871e+02,7.641566e+01
6.238693e+02,7.584799e+01
6.243514e+02,7.541669e+01
6.248335e+02,7.513700e+01
6.253156e+02,7.501511e+01
6.257977e+02,7.504689e+01
6.262798e+02,7.521982e+01
6.267620e+02,7.551700e+01
6.272441e+02,7.592252e+01
6.277263e+02,7.642545e+01
6.282084e+02,7.702136e+01
6.286905e+02,7.771091e+01
6.291726e+02,7.849667e+01
6.296547e+02,7.937952e+01
6.301368e+02,8.035594e+01
6.306190e+02,8.141650e+01
6.311011e+02,8.254568e+01
6.315833e+02,8.372198e+01
6.320654e+02,8.491865e+01
6.325475e+02,8.610494e+01
6.330296e+02,8.724876e+01
6.335117e+02,8.832034e+01
6.339939e+02,8.929660e+01
6.344760e+02,9.016425e+01
6.349581e+02,9.092085e+01
6.354402e+02,9.157304e+01
6.359224e+02,9.213293e+01
6.364045e+02,9.261426e+01
6.368866e+02,9.302931e+01
6.373687e+02,9.338795e+01
6.378508e+02,9.369817e+01
6.383330e+02,9.396716e+01
6.388151e+02,9.420221e+01
6.392972e+02,9.441048e+01
6.397794e+02,9.459828e+01
6.402615e+02,9.476983e+01
6.407436e+02,9.492677e+01
6.412257e+02,9.506849e+01
6.417079e+02,9.519328e+01
6.421899e+02,9.529954e+01
6.426721e+02,9.538676e+01
6.431542e+02,9.545562e+01
6.436364e+02,9.550778e+01
6.441185e+02,9.554523e+01
6.446006e+02,9.557009e+01
6.450827e+02,9.558455e+01
6.455648e+02,9.559122e+01
6.460470e+02,9.559317e+01
6.465291e+02,9.559366e+01
6.470112e+02,9.559558e+01
6.474933e+02,9.560050e+01
6.479755e+02,9.560831e+01
6.484576e+02,9.561723e+01
6.489397e+02,9.562471e+01
6.494219e+02,9.562860e+01
6.499040e+02,9.562815e+01
6.503861e+02,9.562431e+01
6.508682e+02,9.561909e+01
6.513503e+02,9.561456e+01
6.518325e+02,9.561189e+01
6.523146e+02,9.561075e+01
6.527968e+02,9.560961e+01
6.532788e+02,9.560647e+01
6.537610e+02,9.559981e+01
6.542431e+02,9.558920e+01
6.547252e+02,9.557535e+01
6.552073e+02,9.555972e+01
6.556895e+02,9.554394e+01
6.561716e+02,9.552946e+01
6.566537e+02,9.551733e+01
6.571359e+02,9.550821e+01
6.576179e+02,9.550237e+01
6.581001e+02,9.549955e+01
6.585822e+02,9.549857e+01
6.590643e+02,9.549720e+01
6.595464e+02,9.549229e+01
6.600286e+02,9.548042e+01
6.605107e+02,9.545885e+01
6.609928e+02,9.542657e+01
6.614750e+02,9.538479e+01
6.619571e+02,9.533667e+01
6.624392e+02,9.528678e+01
6.629213e+02,9.523974e+01
6.634034e+02,9.519919e+01
6.638856e+02,9.516705e+01
6.643677e+02,9.514352e+01
6.648499e+02,9.512778e+01
6.653320e+02,9.511854e+01
6.658141e+02,9.511469e+01
6.662962e+02,9.511481e+01
6.667783e+02,9.511651e+01
6.672605e+02,9.511524e+01
6.677426e+02,9.510454e+01
6.682247e+02,9.507928e+01
6.687068e+02,9.504050e+01
6.691890e+02,9.499524e+01
6.696711e+02,9.495113e+01
6.701532e+02,9.491235e+01
6.706353e+02,9.487967e+01
6.711174e+02,9.485219e+01
6.715996e+02,9.482890e+01
6.720817e+02,9.480938e+01
6.725638e+02,9.479411e+01
6.730460e+02,9.478415e+01
6.735281e+02,9.478026e+01
6.740102e+02,9.478189e+01
6.744923e+02,9.478635e+01
6.749745e+02,9.478886e+01
6.754565e+02,9.478347e+01
6.759387e+02,9.476480e+01
6.764208e+02,9.472985e+01
6.769030e+02,9.467927e+01
6.773851e+02,9.461737e+01
6.778672e+02,9.455083e+01
6.783493e+02,9.448666e+01
6.788314e+02,9.443053e+01
6.793136e+02,9.438581e+01
6.797957e+02,9.435379e+01
6.802778e+02,9.433437e+01
6.807599e+02,9.432682e+01
6.812421e+02,9.433014e+01
6.817242e+02,9.434282e+01
6.822063e+02,9.436234e+01
6.826885e+02,9.438441e+01
6.831705e+02,9.440327e+01
6.836527e+02,9.441231e+01
6.841348e+02,9.440573e+01
6.846169e+02,9.438031e+01
6.850991e+02,9.433636e+01
6.855812e+02,9.427750e+01
6.860634e+02,9.420959e+01
6.865454e+02,9.413904e+01
6.870276e+02,9.407140e+01
6.875096e+02,9.401070e+01
6.879918e+02,9.395914e+01
6.884739e+02,9.391756e+01
6.889561e+02,9.388563e+01
6.894382e+02,9.386208e+01
6.899203e+02,9.384480e+01
6.904025e+02,9.383080e+01
6.908845e+02,9.381635e+01
6.913667e+02,9.379749e+01
6.918488e+02,9.377100e+01
6.923309e+02,9.373528e+01
6.928130e+02,9.369102e+01
6.932952e+02,9.364099e+01
6.937773e+02,9.358949e+01
6.942594e+02,9.354103e+01
6.947416e+02,9.349947e+01
6.952236e+02,9.346711e+01
6.957058e+02,9.344476e+01
6.961879e+02,9.343176e+01
6.966700e+02,9.342654e+01
6.971522e+02,9.342680e+01
6.976343e+02,9.342962e+01
6.981165e+02,9.343141e+01
6.985985e+02,9.342789e+01
6.990807e+02,9.341451e+01
6.995628e+02,9.338741e+01
7.000449e+02,9.334433e+01
7.005270e+02,9.328555e+01
7.010092e+02,9.321384e+01
7.014913e+02,9.313396e+01
7.019734e+02,9.305138e+01
7.024556e+02,9.297107e+01
7.029377e+02,9.289642e+01
7.034198e+02,9.282901e+01
7.039019e+02,9.276871e+01
7.043840e+02,9.271449e+01
7.048662e+02,9.266509e+01
7.053483e+02,9.261941e+01
7.058304e+02,9.257625e+01
7.063125e+02,9.253387e+01
7.067947e+02,9.248933e+01
7.072768e+02,9.243849e+01
7.077589e+02,9.237634e+01
7.082410e+02,9.229821e+01
7.087231e+02,9.220097e+01
7.092053e+02,9.208397e+01
7.096874e+02,9.194939e+01
7.101696e+02,9.180193e+01
7.106517e+02,9.164793e+01
7.111338e+02,9.149416e+01
7.116159e+02,9.134644e+01
7.120980e+02,9.120877e+01
7.125802e+02,9.108273e+01
7.130623e+02,9.096740e+01
7.135444e+02,9.085949e+01
7.140265e+02,9.075359e+01
7.145087e+02,9.064251e+01
7.149908e+02,9.051792e+01
7.154729e+02,9.037134e+01
7.159550e+02,9.019523e+01
7.164371e+02,8.998405e+01
7.169193e+02,8.973474e+01
7.174014e+02,8.944657e+01
7.178835e+02,8.912046e+01
7.183657e+02,8.875798e+01
7.188478e+02,8.836041e+01
7.193299e+02,8.792822e+01
7.198120e+02,8.746097e+01
7.202942e+02,8.695814e+01
7.207762e+02,8.642010e+01
7.212584e+02,8.584940e+01
7.217405e+02,8.525178e+01
7.222227e+02,8.463705e+01
7.227048e+02,8.401991e+01
7.231869e+02,8.342091e+01
7.236691e+02,8.286720e+01
7.241511e+02,8.239258e+01
7.246333e+02,8.203587e+01
7.251154e+02,8.183659e+01
7.255975e+02,8.182795e+01
7.260797e+02,8.202849e+01
7.265618e+02,8.243500e+01
7.270439e+02,8.301968e+01
7.275260e+02,8.373296e+01
7.280082e+02,8.451157e+01
7.284902e+02,8.528881e+01
7.289724e+02,8.600433e+01
7.294545e+02,8.661103e+01
7.299366e+02,8.707803e+01
7.304188e+02,8.739048e+01
7.309009e+02,8.754704e+01
7.313831e+02,8.755669e+01
7.318651e+02,8.743642e+01
7.323473e+02,8.721048e+01
7.328293e+02,8.691105e+01
7.333115e+02,8.657874e+01
7.337936e+02,8.626170e+01
7.342758e+02,8.601163e+01
7.347579e+02,8.587740e+01
7.352400e+02,8.589782e+01
7.357222e+02,8.609547e+01
7.362042e+02,8.647342e+01
7.366864e+02,8.701523e+01
7.371685e+02,8.768778e+01
7.376506e+02,8.844666e+01
7.381328e+02,8.924281e+01
7.386149e+02,9.002956e+01
7.390970e+02,9.076860e+01
7.395791e+02,9.143327e+01
7.400613e+02,9.200932e+01
7.405434e+02,9.249303e+01
7.410255e+02,9.288833e+01
7.415076e+02,9.320353e+01
7.419897e+02,9.344903e+01
7.424719e+02,9.363545e+01
7.429540e+02,9.377293e+01
7.434362e+02,9.387063e+01
7.439182e+02,9.393697e+01
7.444004e+02,9.397963e+01
7.448825e+02,9.400571e+01
7.453646e+02,9.402148e+01
7.458467e+02,9.403189e+01
7.463289e+02,9.404015e+01
7.468110e+02,9.404721e+01
7.472931e+02,9.405204e+01
7.477753e+02,9.405219e+01
7.482574e+02,9.404493e+01
7.487395e+02,9.402816e+01
7.492216e+02,9.400136e+01
7.497037e+02,9.396557e+01
7.501859e+02,9.392303e+01
7.506680e+02,9.387624e+01
7.511501e+02,9.382726e+01
7.516322e+02,9.377742e+01
7.521144e+02,9.372745e+01
7.525965e+02,9.367805e+01
7.530786e+02,9.363055e+01
7.535608e+02,9.358687e+01
7.540428e+02,9.354927e+01
7.545250e+02,9.351965e+01
7.550071e+02,9.349870e+01
7.554893e+02,9.348557e+01
7.559714e+02,9.347789e+01
7.564535e+02,9.347237e+01
7.569356e+02,9.346545e+01
7.574177e+02,9.345396e+01
7.578999e+02,9.343556e+01
7.583820e+02,9.340894e+01
7.588641e+02,9.337375e+01
7.593463e+02,9.333074e+01
7.598284e+02,9.328178e+01
7.603105e+02,9.322987e+01
7.607926e+02,9.317883e+01
7.612748e+02,9.313261e+01
7.617568e+02,9.309435e+01
7.622390e+02,9.306551e+01
7.627211e+02,9.304545e+01
7.632032e+02,9.303169e+01
7.636854e+02,9.302093e+01
7.641675e+02,9.301018e+01
7.646496e+02,9.299783e+01
7.651317e+02,9.298389e+01
7.656139e+02,9.296957e+01
7.660959e+02,9.295642e+01
7.665781e+02,9.294527e+01
7.670602e+02,9.293577e+01
7.675424e+02,9.292657e+01
7.680245e+02,9.291611e+01
7.685066e+02,9.290353e+01
7.689888e+02,9.288926e+01
7.694708e+02,9.287503e+01
7.699530e+02,9.286328e+01
7.704351e+02,9.285608e+01
7.709172e+02,9.285443e+01
7.713994e+02,9.285795e+01
7.718815e+02,9.286505e+01
7.723636e+02,9.287352e+01
7.728457e+02,9.288119e+01
7.733279e+02,9.288612e+01
7.738099e+02,9.288676e+01
7.742921e+02,9.288173e+01
7.747742e+02,9.286977e+01
7.752563e+02,9.285011e+01
7.757385e+02,9.282281e+01
7.762206e+02,9.278937e+01
7.767028e+02,9.275288e+01
7.771848e+02,9.271754e+01
7.776670e+02,9.268765e+01
7.781491e+02,9.266653e+01
7.786312e+02,9.265538e+01
7.791133e+02,9.265318e+01
7.795955e+02,9.265702e+01
7.800776e+02,9.266300e+01
7.805597e+02,9.266718e+01
7.810419e+02,9.266647e+01
7.815239e+02,9.265880e+01
7.820061e+02,9.264310e+01
7.824882e+02,9.261885e+01
7.829703e+02,9.258611e+01
7.834525e+02,9.254547e+01
7.839346e+02,9.249832e+01
7.844167e+02,9.244711e+01
7.848988e+02,9.239521e+01
7.853810e+02,9.234631e+01
7.858631e+02,9.230370e+01
7.863452e+02,9.226939e+01
7.868273e+02,9.224394e+01
7.873094e+02,9.222620e+01
7.877916e+02,9.221383e+01
7.882737e+02,9.220386e+01
7.887559e+02,9.219315e+01
7.892380e+02,9.217888e+01
7.897201e+02,9.215856e+01
7.902022e+02,9.213025e+01
7.906843e+02,9.209264e+01
7.911665e+02,9.204534e+01
7.916486e+02,9.198920e+01
7.921307e+02,9.192638e+01
7.926128e+02,9.186033e+01
7.930950e+02,9.179515e+01
7.935771e+02,9.173492e+01
7.940592e+02,9.168293e+01
7.945413e+02,9.164104e+01
7.950234e+02,9.160954e+01
7.955056e+02,9.158696e+01
7.959877e+02,9.157042e+01
7.964698e+02,9.155589e+01
7.969520e+02,9.153885e+01
7.974341e+02,9.151472e+01
7.979162e+02,9.147967e+01
7.983983e+02,9.143103e+01
7.988805e+02,9.136791e+01
7.993625e+02,9.129145e+01
7.998447e+02,9.120461e+01
8.003268e+02,9.111153e+01
8.008090e+02,9.101685e+01
8.012911e+02,9.092463e+01
8.017732e+02,9.083777e+01
8.022553e+02,9.075772e+01
8.027374e+02,9.068451e+01
8.032196e+02,9.061682e+01
8.037017e+02,9.055232e+01
8.041838e+02,9.048787e+01
8.046660e+02,9.041973e+01
8.051481e+02,9.034408e+01
8.056302e+02,9.025746e+01
8.061123e+02,9.015748e+01
8.065945e+02,9.004319e+01
8.070765e+02,8.991524e+01
8.075587e+02,8.977551e+01
8.080408e+02,8.962638e+01
8.085229e+02,8.946982e+01
8.090051e+02,8.930653e+01
8.094872e+02,8.913581e+01
8.099694e+02,8.895573e+01
8.104514e+02,8.876366e+01
8.109336e+02,8.855682e+01
8.114156e+02,8.833267e+01
8.118978e+02,8.808890e+01
8.123799e+02,8.782357e+01
8.128621e+02,8.753551e+01
8.133442e+02,8.722530e+01
8.138263e+02,8.689677e+01
8.143085e+02,8.655856e+01
8.147905e+02,8.622502e+01
8.152727e+02,8.591585e+01
8.157548e+02,8.565427e+01
8.162369e+02,8.546390e+01
8.167191e+02,8.536500e+01
8.172012e+02,8.537109e+01
8.176833e+02,8.548615e+01
8.181654e+02,8.570291e+01
8.186476e+02,8.600304e+01
8.191296e+02,8.635893e+01
8.196118e+02,8.673746e+01
8.200939e+02,8.710489e+01
8.205760e+02,8.743147e+01
8.210582e+02,8.769451e+01
8.215403e+02,8.787973e+01
8.220225e+02,8.798054e+01
8.225045e+02,8.799645e+01
8.229867e+02,8.793074e+01
8.234688e+02,8.778864e+01
8.239509e+02,8.757613e+01
8.244330e+02,8.729980e+01
8.249152e+02,8.696771e+01
8.253973e+02,8.659092e+01
8.258794e+02,8.618484e+01
8.263616e+02,8.577004e+01
8.268437e+02,8.537179e+01
8.273258e+02,8.501812e+01
8.278079e+02,8.473717e+01
8.282900e+02,8.455394e+01
8.287722e+02,8.448742e+01
8.292543e+02,8.454791e+01
8.297365e+02,8.473510e+01
8.302185e+02,8.503719e+01
8.307007e+02,8.543164e+01
8.311828e+02,8.588824e+01
8.316649e+02,8.637359e+01
8.321470e+02,8.685612e+01
8.326292e+02,8.731041e+01
8.331113e+02,8.771927e+01
8.335934e+02,8.807409e+01
8.340756e+02,8.837344e+01
8.345577e+02,8.862091e+01
8.350398e+02,8.882286e+01
8.355219e+02,8.898643e+01
8.360040e+02,8.911843e+01
8.364862e+02,8.922472e+01
8.369683e+02,8.930995e+01
8.374504e+02,8.937741e+01
8.379325e+02,8.942896e+01
8.384147e+02,8.946489e+01
8.388968e+02,8.948412e+01
8.393789e+02,8.948468e+01
8.398610e+02,8.946471e+01
8.403431e+02,8.942338e+01
8.408253e+02,8.936192e+01
8.413074e+02,8.928381e+01
8.417896e+02,8.919458e+01
8.422717e+02,8.910052e+01
8.427538e+02,8.900734e+01
8.432359e+02,8.891888e+01
8.437180e+02,8.883662e+01
8.442002e+02,8.875980e+01
8.446823e+02,8.868620e+01
8.451644e+02,8.861314e+01
8.456465e+02,8.853806e+01
8.461287e+02,8.845889e+01
8.466108e+02,8.837394e+01
8.470929e+02,8.828169e+01
8.475751e+02,8.818077e+01
8.480571e+02,8.807026e+01
8.485393e+02,8.795017e+01
8.490214e+02,8.782176e+01
8.495035e+02,8.768764e+01
8.499857e+02,8.755128e+01
8.504678e+02,8.741644e+01
8.509499e+02,8.728622e+01
8.514320e+02,8.716271e+01
8.519142e+02,8.704691e+01
8.523962e+02,8.693884e+01
8.528784e+02,8.683781e+01
8.533605e+02,8.674244e+01
8.538427e+02,8.665044e+01
8.543248e+02,8.655876e+01
8.548069e+02,8.646371e+01
8.552891e+02,8.636168e+01
8.557711e+02,8.625009e+01
8.562533e+02,8.612844e+01
8.567354e+02,8.599850e+01
8.572175e+02,8.586421e+01
8.576996e+02,8.573067e+01
8.581818e+02,8.560265e+01
8.586639e+02,8.548362e+01
8.591460e+02,8.537506e+01
8.596282e+02,8.527676e+01
8.601102e+02,8.518748e+01
8.605924e+02,8.510558e+01
8.610745e+02,8.502955e+01
8.615566e+02,8.495795e+01
8.620388e+02,8.488931e+01
8.625209e+02,8.482183e+01
8.630031e+02,8.475376e+01
8.634851e+02,8.468365e+01
8.639673e+02,8.461105e+01
8.644494e+02,8.453662e+01
8.649315e+02,8.446210e+01
8.654136e+02,8.438953e+01
8.658958e+02,8.432076e+01
8.663779e+02,8.425671e+01
8.668600e+02,8.419751e+01
8.673422e+02,8.414281e+01
8.678242e+02,8.409238e+01
8.683064e+02,8.404639e+01
8.687885e+02,8.400532e+01
8.692706e+02,8.396938e+01
8.697527e+02,8.393795e+01
8.702349e+02,8.390921e+01
8.707170e+02,8.388030e+01
8.711991e+02,8.384792e+01
8.716813e+02,8.380917e+01
8.721634e+02,8.376213e+01
8.726455e+02,8.370606e+01
8.731276e+02,8.364131e+01
8.736097e+02,8.356886e+01
8.740919e+02,8.349001e+01
8.745740e+02,8.340627e+01
8.750562e+02,8.331944e+01
8.755382e+02,8.323151e+01
8.760204e+02,8.314454e+01
8.765025e+02,8.305981e+01
8.769846e+02,8.297722e+01
8.774668e+02,8.289464e+01
8.779489e+02,8.280815e+01
8.784310e+02,8.271290e+01
8.789131e+02,8.260439e+01
8.793953e+02,8.247997e+01
8.798774e+02,8.233926e+01
8.803595e+02,8.218415e+01
8.808416e+02,8.201762e+01
8.813237e+02,8.184258e+01
8.818059e+02,8.166084e+01
8.822880e+02,8.147295e+01
8.827701e+02,8.127885e+01
8.832523e+02,8.107887e+01
8.837344e+02,8.087440e+01
8.842165e+02,8.066808e+01
8.846986e+02,8.046288e+01
8.851808e+02,8.026118e+01
8.856628e+02,8.006376e+01
8.861450e+02,7.986959e+01
8.866271e+02,7.967632e+01
8.871093e+02,7.948119e+01
8.875914e+02,7.928200e+01
8.880735e+02,7.907745e+01
8.885556e+02,7.886708e+01
8.890377e+02,7.865079e+01
8.895199e+02,7.842861e+01
8.900020e+02,7.820071e+01
8.904841e+02,7.796783e+01
8.909662e+02,7.773176e+01
8.914484e+02,7.749526e+01
8.919305e+02,7.726170e+01
8.924126e+02,7.703391e+01
8.928948e+02,7.681338e+01
8.933768e+02,7.659988e+01
8.938590e+02,7.639173e+01
8.943411e+02,7.618686e+01
8.948232e+02,7.598367e+01
8.953054e+02,7.578163e+01
8.957875e+02,7.558099e+01
8.962697e+02,7.538229e+01
8.967517e+02,7.518573e+01
8.972339e+02,7.499129e+01
8.977159e+02,7.479929e+01
8.981981e+02,7.461154e+01
8.986802e+02,7.443186e+01
8.991624e+02,7.426589e+01
8.996445e+02,7.411980e+01
9.001266e+02,7.399850e+01
9.006088e+02,7.390421e+01
9.010908e+02,7.383580e+01
9.015730e+02,7.378981e+01
9.020551e+02,7.376187e+01
9.025372e+02,7.374836e+01
9.030193e+02,7.374728e+01
9.035015e+02,7.375801e+01
9.039836e+02,7.378050e+01
9.044657e+02,7.381412e+01
9.049479e+02,7.385729e+01
9.054299e+02,7.390765e+01
9.059121e+02,7.396275e+01
9.063942e+02,7.402073e+01
9.068763e+02,7.408049e+01
9.073585e+02,7.414138e+01
9.078406e+02,7.420282e+01
9.083228e+02,7.426412e+01
9.088048e+02,7.432505e+01
9.092870e+02,7.438654e+01
9.097691e+02,7.445155e+01
9.102512e+02,7.452502e+01
9.107333e+02,7.461276e+01
9.112155e+02,7.471980e+01
9.116976e+02,7.484840e+01
9.121797e+02,7.499725e+01
9.126619e+02,7.516196e+01
9.131440e+02,7.533686e+01
9.136261e+02,7.551727e+01
9.141082e+02,7.570132e+01
9.145903e+02,7.589047e+01
9.150724e+02,7.608867e+01
9.155546e+02,7.630071e+01
9.160367e+02,7.653052e+01
9.165189e+02,7.678011e+01
9.170010e+02,7.704953e+01
9.174831e+02,7.733740e+01
9.179652e+02,7.764155e+01
9.184473e+02,7.795943e+01
9.189294e+02,7.828807e+01
9.194116e+02,7.862404e+01
9.198937e+02,7.896359e+01
9.203759e+02,7.930336e+01
9.208580e+02,7.964119e+01
9.213401e+02,7.997684e+01
9.218222e+02,8.031200e+01
9.223043e+02,8.064975e+01
9.227864e+02,8.099318e+01
9.232686e+02,8.134437e+01
9.237507e+02,8.170361e+01
9.242328e+02,8.206949e+01
9.247150e+02,8.243954e+01
9.251971e+02,8.281104e+01
9.256792e+02,8.318150e+01
9.261613e+02,8.354869e+01
9.266434e+02,8.391026e+01
9.271255e+02,8.426343e+01
9.276077e+02,8.460490e+01
9.280898e+02,8.493127e+01
9.285720e+02,8.523973e+01
9.290541e+02,8.552868e+01
9.295362e+02,8.579807e+01
9.300183e+02,8.604903e+01
9.305004e+02,8.628340e+01
9.309826e+02,8.650290e+01
9.314647e+02,8.670850e+01
9.319468e+02,8.690035e+01
9.324290e+02,8.707784e+01
9.329111e+02,8.724001e+01
9.333932e+02,8.738599e+01
9.338753e+02,8.751497e+01
9.343574e+02,8.762617e+01
9.348396e+02,8.771832e+01
9.353217e+02,8.778922e+01
9.358038e+02,8.783542e+01
9.362859e+02,8.785194e+01
9.367681e+02,8.783264e+01
9.372502e+02,8.777048e+01
9.377323e+02,8.765832e+01
9.382144e+02,8.748963e+01
9.386966e+02,8.725958e+01
9.391787e+02,8.696632e+01
9.396608e+02,8.661217e+01
9.401429e+02,8.620552e+01
9.406251e+02,8.576224e+01
9.411072e+02,8.530669e+01
9.415893e+02,8.487154e+01
9.420714e+02,8.449529e+01
9.425536e+02,8.421783e+01
9.430357e+02,8.407446e+01
9.435178e+02,8.408937e+01
9.439999e+02,8.427084e+01
9.444821e+02,8.460856e+01
9.449642e+02,8.507441e+01
9.454463e+02,8.562575e+01
9.459284e+02,8.621205e+01
9.464106e+02,8.678286e+01
9.468927e+02,8.729642e+01
9.473748e+02,8.772643e+01
9.478569e+02,8.806554e+01
9.483391e+02,8.832446e+01
9.488212e+02,8.852732e+01
9.493033e+02,8.870462e+01
9.497855e+02,8.888564e+01
9.502676e+02,8.909184e+01
9.507497e+02,8.933304e+01
9.512318e+02,8.960676e+01
9.517139e+02,8.990059e+01
9.521960e+02,9.019663e+01
9.526782e+02,9.047639e+01
9.531603e+02,9.072477e+01
9.536425e+02,9.093289e+01
9.541246e+02,9.109879e+01
9.546067e+02,9.122646e+01
9.550888e+02,9.132376e+01
9.555709e+02,9.139992e+01
9.560530e+02,9.146346e+01
9.565352e+02,9.152100e+01
9.570173e+02,9.157689e+01
9.574995e+02,9.163361e+01
9.579816e+02,9.169237e+01
9.584637e+02,9.175363e+01
9.589458e+02,9.181741e+01
9.594279e+02,9.188331e+01
9.599100e+02,9.195049e+01
9.603922e+02,9.201776e+01
9.608743e+02,9.208381e+01
9.613564e+02,9.214764e+01
9.618386e+02,9.220879e+01
9.623207e+02,9.226759e+01
9.628028e+02,9.232475e+01
9.632849e+02,9.238111e+01
9.637670e+02,9.243716e+01
9.642491e+02,9.249271e+01
9.647313e+02,9.254712e+01
9.652134e+02,9.259935e+01
9.656956e+02,9.264849e+01
9.661777e+02,9.269389e+01
9.666598e+02,9.273501e+01
9.671419e+02,9.277113e+01
9.676240e+02,9.280099e+01
9.681061e+02,9.282256e+01
9.685883e+02,9.283315e+01
9.690704e+02,9.283010e+01
9.695526e+02,9.281114e+01
9.700347e+02,9.277489e+01
9.705168e+02,9.272084e+01
9.709989e+02,9.264899e+01
9.714810e+02,9.255923e+01
9.719631e+02,9.245122e+01
9.724453e+02,9.232435e+01
9.729274e+02,9.217855e+01
9.734095e+02,9.201537e+01
9.738917e+02,9.183886e+01
9.743738e+02,9.165617e+01
9.748559e+02,9.147716e+01
9.753380e+02,9.131341e+01
9.758201e+02,9.117644e+01
9.763023e+02,9.107573e+01
9.767844e+02,9.101665e+01
9.772665e+02,9.099905e+01
9.777487e+02,9.101670e+01
9.782308e+02,9.105788e+01
9.787129e+02,9.110661e+01
9.791950e+02,9.114440e+01
9.796771e+02,9.115189e+01
9.801593e+02,9.111041e+01
9.806414e+02,9.100342e+01
9.811235e+02,9.081823e+01
9.816057e+02,9.054807e+01
9.820878e+02,9.019431e+01
9.825699e+02,8.976816e+01
9.830520e+02,8.929136e+01
9.835342e+02,8.879465e+01
9.840163e+02,8.831393e+01
9.844984e+02,8.788391e+01
9.849805e+02,8.753074e+01
9.854626e+02,8.726592e+01
9.859448e+02,8.708394e+01
9.864269e+02,8.696506e+01
9.869090e+02,8.688287e+01
9.873912e+02,8.681494e+01
9.878733e+02,8.675225e+01
9.883554e+02,8.670517e+01
9.888375e+02,8.670293e+01
9.893196e+02,8.678681e+01
9.898018e+02,8.699885e+01
9.902839e+02,8.736966e+01
9.907660e+02,8.790897e+01
9.912482e+02,8.860169e+01
9.917303e+02,8.940993e+01
9.922124e+02,9.028054e+01
9.926945e+02,9.115558e+01
9.931766e+02,9.198315e+01
9.936588e+02,9.272533e+01
9.941409e+02,9.336149e+01
9.946230e+02,9.388698e+01
9.951052e+02,9.430894e+01
9.955873e+02,9.464087e+01
9.960694e+02,9.489852e+01
9.965515e+02,9.509725e+01
9.970336e+02,9.525085e+01
9.975157e+02,9.537140e+01
9.979979e+02,9.546877e+01
9.984800e+02,9.555061e+01
9.989622e+02,9.562183e+01
9.994443e+02,9.568480e+01
9.999264e+02,9.573975e+01
1.000409e+03,9.578603e+01
1.000891e+03,9.582318e+01
1.001373e+03,9.585166e+01
1.001855e+03,9.587292e+01
1.002337e+03,9.588889e+01
1.002819e+03,9.590123e+01
1.003301e+03,9.591093e+01
1.003783e+03,9.591829e+01
1.004266e+03,9.592344e+01
1.004748e+03,9.592681e+01
1.005230e+03,9.592965e+01
1.005712e+03,9.593370e+01
1.006194e+03,9.594070e+01
1.006676e+03,9.595174e+01
1.007158e+03,9.596683e+01
1.007640e+03,9.598498e+01
1.008122e+03,9.600452e+01
1.008605e+03,9.602379e+01
1.009087e+03,9.604144e+01
1.009569e+03,9.605651e+01
1.010051e+03,9.606834e+01
1.010533e+03,9.607623e+01
1.011015e+03,9.607943e+01
1.011497e+03,9.607738e+01
1.011979e+03,9.606995e+01
1.012462e+03,9.605781e+01
1.012944e+03,9.604243e+01
1.013426e+03,9.602576e+01
1.013908e+03,9.600986e+01
1.014390e+03,9.599648e+01
1.014872e+03,9.598692e+01
1.015354e+03,9.598213e+01
1.015836e+03,9.598278e+01
1.016319e+03,9.598921e+01
1.016801e+03,9.600121e+01
1.017283e+03,9.601747e+01
1.017765e+03,9.603548e+01
1.018247e+03,9.605169e+01
1.018729e+03,9.606216e+01
1.019211e+03,9.606378e+01
1.019693e+03,9.605521e+01
1.020176e+03,9.603751e+01
1.020658e+03,9.601375e+01
1.021140e+03,9.598812e+01
1.021622e+03,9.596452e+01
1.022104e+03,9.594563e+01
1.022586e+03,9.593241e+01
1.023068e+03,9.592434e+01
1.023550e+03,9.592013e+01
1.024033e+03,9.591843e+01
1.024515e+03,9.591819e+01
1.024997e+03,9.591857e+01
1.025479e+03,9.591871e+01
1.025961e+03,9.591750e+01
1.026443e+03,9.591372e+01
1.026925e+03,9.590641e+01
1.027407e+03,9.589558e+01
1.027890e+03,9.588233e+01
1.028372e+03,9.586874e+01
1.028854e+03,9.585714e+01
1.029336e+03,9.584927e+01
1.029818e+03,9.584578e+01
1.030300e+03,9.584598e+01
1.030782e+03,9.584853e+01
1.031264e+03,9.585213e+01
1.031747e+03,9.585604e+01
1.032229e+03,9.586033e+01
1.032711e+03,9.586546e+01
1.033193e+03,9.587167e+01
1.033675e+03,9.587846e+01
1.034157e+03,9.588457e+01
1.034639e+03,9.588828e+01
1.035121e+03,9.588815e+01
1.035604e+03,9.588359e+01
1.036086e+03,9.587501e+01
1.036568e+03,9.586357e+01
1.037050e+03,9.585063e+01
1.037532e+03,9.583733e+01
1.038014e+03,9.582449e+01
1.038496e+03,9.581274e+01
1.038979e+03,9.580293e+01
1.039461e+03,9.579618e+01
1.039943e+03,9.579360e+01
1.040425e+03,9.579581e+01
1.040907e+03,9.580236e+01
1.041389e+03,9.581154e+01
1.041871e+03,9.582084e+01
1.042353e+03,9.582777e+01
1.042835e+03,9.583083e+01
1.043318e+03,9.583012e+01
1.043800e+03,9.582712e+01
1.044282e+03,9.582406e+01
1.044764e+03,9.582281e+01
1.045246e+03,9.582433e+01
1.045728e+03,9.582826e+01
1.046210e+03,9.583376e+01
1.046692e+03,9.583995e+01
1.047175e+03,9.584669e+01
1.047657e+03,9.585458e+01
1.048139e+03,9.586434e+01
1.048621e+03,9.587614e+01
1.049103e+03,9.588900e+01
1.049585e+03,9.590098e+01
1.050067e+03,9.590990e+01
1.050549e+03,9.591429e+01
1.051031e+03,9.591430e+01
1.051514e+03,9.591160e+01
1.051996e+03,9.590871e+01
1.052478e+03,9.590774e+01
1.052960e+03,9.590958e+01
1.053442e+03,9.591340e+01
1.053924e+03,9.591728e+01
1.054406e+03,9.591914e+01
1.054889e+03,9.591802e+01
1.055371e+03,9.591442e+01
1.055853e+03,9.591019e+01
1.056335e+03,9.590772e+01
1.056817e+03,9.590888e+01
1.057299e+03,9.591434e+01
1.057781e+03,9.592367e+01
1.058263e+03,9.593562e+01
1.058746e+03,9.594884e+01
1.059228e+03,9.596233e+01
1.059710e+03,9.597539e+01
1.060192e+03,9.598743e+01
1.060674e+03,9.599770e+01
1.061156e+03,9.600532e+01
1.061638e+03,9.600961e+01
1.062120e+03,9.601057e+01
1.062603e+03,9.600927e+01
1.063085e+03,9.600758e+01
1.063567e+03,9.600759e+01
1.064049e+03,9.601063e+01
1.064531e+03,9.601676e+01
1.065013e+03,9.602466e+01
1.065495e+03,9.603229e+01
1.065977e+03,9.603786e+01
1.066460e+03,9.604064e+01
1.066942e+03,9.604123e+01
1.067424e+03,9.604105e+01
1.067906e+03,9.604147e+01
1.068388e+03,9.604303e+01
1.068870e+03,9.604506e+01
1.069352e+03,9.604607e+01
1.069834e+03,9.604461e+01
1.070317e+03,9.604025e+01
1.070799e+03,9.603379e+01
1.071281e+03,9.602715e+01
1.071763e+03,9.602245e+01
1.072245e+03,9.602108e+01
1.072727e+03,9.602312e+01
1.073209e+03,9.602750e+01
1.073691e+03,9.603227e+01
1.074174e+03,9.603569e+01
1.074656e+03,9.603658e+01
1.075138e+03,9.603458e+01
1.075620e+03,9.602995e+01
1.076102e+03,9.602309e+01
1.076584e+03,9.601427e+01
1.077066e+03,9.600388e+01
1.077548e+03,9.599249e+01
1.078031e+03,9.598112e+01
1.078513e+03,9.597112e+01
1.078995e+03,9.596371e+01
1.079477e+03,9.595948e+01
1.079959e+03,9.595789e+01
1.080441e+03,9.595744e+01
1.080923e+03,9.595633e+01
1.081406e+03,9.595294e+01
1.081888e+03,9.594686e+01
1.082370e+03,9.593868e+01
1.082852e+03,9.592979e+01
1.083334e+03,9.592147e+01
1.083816e+03,9.591434e+01
1.084298e+03,9.590790e+01
1.084780e+03,9.590097e+01
1.085262e+03,9.589221e+01
1.085745e+03,9.588087e+01
1.086227e+03,9.586708e+01
1.086709e+03,9.585180e+01
1.087191e+03,9.583631e+01
1.087673e+03,9.582162e+01
1.088155e+03,9.580817e+01
1.088637e+03,9.579599e+01
1.089119e+03,9.578477e+01
1.089602e+03,9.577437e+01
1.090084e+03,9.576477e+01
1.090566e+03,9.575601e+01
1.091048e+03,9.574779e+01
1.091530e+03,9.573933e+01
1.092012e+03,9.572957e+01
1.092494e+03,9.571764e+01
1.092976e+03,9.570322e+01
1.093458e+03,9.568706e+01
1.093941e+03,9.567061e+01
1.094423e+03,9.565567e+01
1.094905e+03,9.564344e+01
1.095387e+03,9.563424e+01
1.095869e+03,9.562733e+01
1.096351e+03,9.562155e+01
1.096833e+03,9.561579e+01
1.097316e+03,9.560968e+01
1.097798e+03,9.560359e+01
1.098280e+03,9.559831e+01
1.098762e+03,9.559435e+01
1.099244e+03,9.559141e+01
1.099726e+03,9.558837e+01
1.100208e+03,9.558378e+01
1.100690e+03,9.557653e+01
1.101173e+03,9.556633e+01
1.101655e+03,9.555393e+01
1.102137e+03,9.554074e+01
1.102619e+03,9.552804e+01
1.103101e+03,9.551648e+01
1.103583e+03,9.550581e+01
1.104065e+03,9.549525e+01
1.104547e+03,9.548406e+01
1.105030e+03,9.547211e+01
1.105512e+03,9.546004e+01
1.105994e+03,9.544891e+01
1.106476e+03,9.543970e+01
1.106958e+03,9.543262e+01
1.107440e+03,9.542693e+01
1.107922e+03,9.542129e+01
1.108404e+03,9.541417e+01
1.108886e+03,9.540456e+01
1.109369e+03,9.539220e+01
1.109851e+03,9.537743e+01
1.110333e+03,9.536079e+01
1.110815e+03,9.534274e+01
1.111297e+03,9.532347e+01
1.111779e+03,9.530312e+01
1.112261e+03,9.528215e+01
1.112744e+03,9.526157e+01
1.113226e+03,9.524277e+01
1.113708e+03,9.522697e+01
1.114190e+03,9.521465e+01
1.114672e+03,9.520510e+01
1.115154e+03,9.519645e+01
1.115636e+03,9.518629e+01
1.116118e+03,9.517245e+01
1.116601e+03,9.515386e+01
1.117083e+03,9.513069e+01
1.117565e+03,9.510424e+01
1.118047e+03,9.507614e+01
1.118529e+03,9.504769e+01
1.119011e+03,9.501954e+01
1.119493e+03,9.499177e+01
1.119975e+03,9.496420e+01
1.120458e+03,9.493700e+01
1.120940e+03,9.491078e+01
1.121422e+03,9.488636e+01
1.121904e+03,9.486438e+01
1.122386e+03,9.484478e+01
1.122868e+03,9.482656e+01
1.123350e+03,9.480814e+01
1.123832e+03,9.478776e+01
1.124314e+03,9.476424e+01
1.124797e+03,9.473727e+01
1.125279e+03,9.470748e+01
1.125761e+03,9.467600e+01
1.126243e+03,9.464402e+01
1.126725e+03,9.461237e+01
1.127207e+03,9.458143e+01
1.127689e+03,9.455118e+01
1.128172e+03,9.452148e+01
1.128654e+03,9.449207e+01
1.129136e+03,9.446272e+01
1.129618e+03,9.443296e+01
1.130100e+03,9.440214e+01
1.130582e+03,9.436945e+01
1.131064e+03,9.433422e+01
1.131546e+03,9.429609e+01
1.132029e+03,9.425528e+01
1.132511e+03,9.421246e+01
1.132993e+03,9.416839e+01
1.133475e+03,9.412360e+01
1.133957e+03,9.407810e+01
1.134439e+03,9.403143e+01
1.134921e+03,9.398306e+01
1.135403e+03,9.393267e+01
1.135885e+03,9.388054e+01
1.136368e+03,9.382745e+01
1.136850e+03,9.377437e+01
1.137332e+03,9.372186e+01
1.137814e+03,9.366979e+01
1.138296e+03,9.361713e+01
1.138778e+03,9.356233e+01
1.139260e+03,9.350375e+01
1.139742e+03,9.344027e+01
1.140225e+03,9.337150e+01
1.140707e+03,9.329773e+01
1.141189e+03,9.321970e+01
1.141671e+03,9.313815e+01
1.142153e+03,9.305370e+01
1.142635e+03,9.296677e+01
1.143117e+03,9.287775e+01
1.143599e+03,9.278719e+01
1.144082e+03,9.269580e+01
1.144564e+03,9.260429e+01
1.145046e+03,9.251305e+01
1.145528e+03,9.242178e+01
1.146010e+03,9.232936e+01
1.146492e+03,9.223388e+01
1.146974e+03,9.213280e+01
1.147457e+03,9.202352e+01
1.147939e+03,9.190363e+01
1.148421e+03,9.177142e+01
1.148903e+03,9.162599e+01
1.149385e+03,9.146730e+01
1.149867e+03,9.129595e+01
1.150349e+03,9.111308e+01
1.150831e+03,9.091982e+01
1.151313e+03,9.071696e+01
1.151796e+03,9.050463e+01
1.152278e+03,9.028215e+01
1.152760e+03,9.004816e+01
1.153242e+03,8.980103e+01
1.153724e+03,8.953899e+01
1.154206e+03,8.926057e+01
1.154688e+03,8.896448e+01
1.155170e+03,8.864941e+01
1.155653e+03,8.831402e+01
1.156135e+03,8.795677e+01
1.156617e+03,8.757635e+01
1.157099e+03,8.717216e+01
1.157581e+03,8.674473e+01
1.158063e+03,8.629597e+01
1.158545e+03,8.582909e+01
1.159027e+03,8.534800e+01
1.159510e+03,8.485704e+01
1.159992e+03,8.436071e+01
1.160474e+03,8.386397e+01
1.160956e+03,8.337277e+01
1.161438e+03,8.289423e+01
1.161920e+03,8.243654e+01
1.162402e+03,8.200835e+01
1.162885e+03,8.161767e+01
1.163367e+03,8.127129e+01
1.163849e+03,8.097466e+01
1.164331e+03,8.073233e+01
1.164813e+03,8.054858e+01
1.165295e+03,8.042789e+01
1.165777e+03,8.037489e+01
1.166259e+03,8.039394e+01
1.166741e+03,8.048879e+01
1.167224e+03,8.066252e+01
1.167706e+03,8.091762e+01
1.168188e+03,8.125611e+01
1.168670e+03,8.167911e+01
1.169152e+03,8.218557e+01
1.169634e+03,8.277094e+01
1.170116e+03,8.342593e+01
1.170598e+03,8.413646e+01
1.171081e+03,8.488491e+01
1.171563e+03,8.565201e+01
1.172045e+03,8.641904e+01
1.172527e+03,8.716933e+01
1.173009e+03,8.788917e+01
1.173491e+03,8.856799e+01
1.173973e+03,8.919843e+01
1.174455e+03,8.977615e+01
1.174938e+03,9.029967e+01
1.175420e+03,9.076994e+01
1.175902e+03,9.118960e+01
1.176384e+03,9.156217e+01
1.176866e+03,9.189139e+01
1.177348e+03,9.218079e+01
1.177830e+03,9.243358e+01
1.178312e+03,9.265272e+01
1.178795e+03,9.284093e+01
1.179277e+03,9.300071e+01
1.179759e+03,9.313412e+01
1.180241e+03,9.324301e+01
1.180723e+03,9.332915e+01
1.181205e+03,9.339465e+01
1.181687e+03,9.344244e+01
1.182169e+03,9.347636e+01
1.182652e+03,9.350078e+01
1.183134e+03,9.351991e+01
1.183616e+03,9.353712e+01
1.184098e+03,9.355422e+01
1.184580e+03,9.357140e+01
1.185062e+03,9.358741e+01
1.185544e+03,9.360017e+01
1.186026e+03,9.360738e+01
1.186509e+03,9.360690e+01
1.186991e+03,9.359702e+01
1.187473e+03,9.357632e+01
1.187955e+03,9.354367e+01
1.188437e+03,9.349813e+01
1.188919e+03,9.343913e+01
1.189401e+03,9.336658e+01
1.189883e+03,9.328114e+01
1.190366e+03,9.318372e+01
1.190848e+03,9.307547e+01
1.191330e+03,9.295722e+01
1.191812e+03,9.282948e+01
1.192294e+03,9.269239e+01
1.192776e+03,9.254623e+01
1.193258e+03,9.239154e+01
1.193740e+03,9.222926e+01
1.194223e+03,9.206055e+01
1.194705e+03,9.188627e+01
1.195187e+03,9.170658e+01
1.195669e+03,9.152065e+01
1.196151e+03,9.132681e+01
1.196633e+03,9.112286e+01
1.197115e+03,9.090659e+01
1.197597e+03,9.067621e+01
1.198080e+03,9.043057e+01
1.198562e+03,9.016916e+01
1.199044e+03,8.989202e+01
1.199526e+03,8.959963e+01
1.200008e+03,8.929273e+01
1.200490e+03,8.897232e+01
1.200972e+03,8.863934e+01
1.201454e+03,8.829458e+01
1.201937e+03,8.793832e+01
1.202419e+03,8.757043e+01
1.202901e+03,8.719048e+01
1.203383e+03,8.679796e+01
1.203865e+03,8.639257e+01
1.204347e+03,8.597427e+01
1.204829e+03,8.554294e+01
1.205312e+03,8.509812e+01
1.205794e+03,8.463863e+01
1.206276e+03,8.416265e+01
1.206758e+03,8.366813e+01
1.207240e+03,8.315337e+01
1.207722e+03,8.261738e+01
1.208204e+03,8.206004e+01
1.208686e+03,8.148160e+01
1.209168e+03,8.088228e+01
1.209651e+03,8.026206e+01
1.210133e+03,7.962119e+01
1.210615e+03,7.896131e+01
1.211097e+03,7.828699e+01
1.211579e+03,7.760687e+01
1.212061e+03,7.693418e+01
1.212543e+03,7.628618e+01
1.213025e+03,7.568312e+01
1.213508e+03,7.514689e+01
1.213990e+03,7.470029e+01
1.214472e+03,7.436629e+01
1.214954e+03,7.416697e+01
1.215436e+03,7.412163e+01
1.215918e+03,7.424380e+01
1.216400e+03,7.453830e+01
1.216882e+03,7.499941e+01
1.217365e+03,7.561112e+01
1.217847e+03,7.634945e+01
1.218329e+03,7.718590e+01
1.218811e+03,7.809055e+01
1.219293e+03,7.903411e+01
1.219775e+03,7.998890e+01
1.220257e+03,8.092922e+01
1.220740e+03,8.183217e+01
1.221222e+03,8.267860e+01
1.221704e+03,8.345405e+01
1.222186e+03,8.414940e+01
1.222668e+03,8.476057e+01
1.223150e+03,8.528764e+01
1.223632e+03,8.573383e+01
1.224114e+03,8.610449e+01
1.224596e+03,8.640659e+01
1.225079e+03,8.664848e+01
1.225561e+03,8.684003e+01
1.226043e+03,8.699266e+01
1.226525e+03,8.711931e+01
1.227007e+03,8.723412e+01
1.227489e+03,8.735182e+01
1.227971e+03,8.748685e+01
1.228453e+03,8.765235e+01
1.228936e+03,8.785905e+01
1.229418e+03,8.811475e+01
1.229900e+03,8.842348e+01
1.230382e+03,8.878522e+01
1.230864e+03,8.919567e+01
1.231346e+03,8.964640e+01
1.231828e+03,9.012549e+01
1.232310e+03,9.061890e+01
1.232792e+03,9.111211e+01
1.233275e+03,9.159158e+01
1.233757e+03,9.204600e+01
1.234239e+03,9.246672e+01
1.234721e+03,9.284779e+01
1.235203e+03,9.318584e+01
1.235685e+03,9.347978e+01
1.236167e+03,9.373064e+01
1.236650e+03,9.394099e+01
1.237132e+03,9.411448e+01
1.237614e+03,9.425494e+01
1.238096e+03,9.436597e+01
1.238578e+03,9.445061e+01
1.239060e+03,9.451132e+01
1.239542e+03,9.455041e+01
1.240024e+03,9.457006e+01
1.240507e+03,9.457256e+01
1.240989e+03,9.456000e+01
1.241471e+03,9.453410e+01
1.241953e+03,9.449623e+01
1.242435e+03,9.444767e+01
1.242917e+03,9.439004e+01
1.243399e+03,9.432587e+01
1.243881e+03,9.425871e+01
1.244364e+03,9.419282e+01
1.244846e+03,9.413267e+01
1.245328e+03,9.408228e+01
1.245810e+03,9.404482e+01
1.246292e+03,9.402260e+01
1.246774e+03,9.401736e+01
1.247256e+03,9.403067e+01
1.247738e+03,9.406405e+01
1.248220e+03,9.411873e+01
1.248703e+03,9.419530e+01
1.249185e+03,9.429291e+01
1.249667e+03,9.440893e+01
1.250149e+03,9.453899e+01
1.250631e+03,9.467740e+01
1.251113e+03,9.481805e+01
1.251595e+03,9.495540e+01
1.252078e+03,9.508510e+01
1.252560e+03,9.520428e+01
1.253042e+03,9.531126e+01
1.253524e+03,9.540515e+01
1.254006e+03,9.548557e+01
1.254488e+03,9.555263e+01
1.254970e+03,9.560701e+01
1.255452e+03,9.565020e+01
1.255935e+03,9.568435e+01
1.256417e+03,9.571178e+01
1.256899e+03,9.573442e+01
1.257381e+03,9.575329e+01
1.257863e+03,9.576842e+01
1.258345e+03,9.577924e+01
1.258827e+03,9.578504e+01
1.259309e+03,9.578559e+01
1.259792e+03,9.578120e+01
1.260274e+03,9.577248e+01
1.260756e+03,9.575997e+01
1.261238e+03,9.574358e+01
1.261720e+03,9.572266e+01
1.262202e+03,9.569632e+01
1.262684e+03,9.566412e+01
1.263166e+03,9.562640e+01
1.263648e+03,9.558448e+01
1.264131e+03,9.554012e+01
1.264613e+03,9.549489e+01
1.265095e+03,9.544962e+01
1.265577e+03,9.540411e+01
1.266059e+03,9.535748e+01
1.266541e+03,9.530864e+01
1.267023e+03,9.525691e+01
1.267505e+03,9.520224e+01
1.267988e+03,9.514497e+01
1.268470e+03,9.508539e+01
1.268952e+03,9.502321e+01
1.269434e+03,9.495734e+01
1.269916e+03,9.488613e+01
1.270398e+03,9.480778e+01
1.270880e+03,9.472110e+01
1.271363e+03,9.462573e+01
1.271845e+03,9.452230e+01
1.272327e+03,9.441203e+01
1.272809e+03,9.429640e+01
1.273291e+03,9.417693e+01
1.273773e+03,9.405487e+01
1.274255e+03,9.393143e+01
1.274737e+03,9.380764e+01
1.275219e+03,9.368427e+01
1.275702e+03,9.356165e+01
1.276184e+03,9.343941e+01
1.276666e+03,9.331643e+01
1.277148e+03,9.319098e+01
1.277630e+03,9.306120e+01
1.278112e+03,9.292547e+01
1.278594e+03,9.278299e+01
1.279076e+03,9.263384e+01
1.279559e+03,9.247908e+01
1.280041e+03,9.232051e+01
1.280523e+03,9.216055e+01
1.281005e+03,9.200200e+01
1.281487e+03,9.184782e+01
1.281969e+03,9.170090e+01
1.282451e+03,9.156383e+01
1.282933e+03,9.143846e+01
1.283416e+03,9.132565e+01
1.283898e+03,9.122504e+01
1.284380e+03,9.113516e+01
1.284862e+03,9.105351e+01
1.285344e+03,9.097694e+01
1.285826e+03,9.090203e+01
1.286308e+03,9.082534e+01
1.286791e+03,9.074374e+01
1.287273e+03,9.065464e+01
1.287755e+03,9.055617e+01
1.288237e+03,9.044730e+01
1.288719e+03,9.032788e+01
1.289201e+03,9.019878e+01
1.289683e+03,9.006154e+01
1.290165e+03,8.991814e+01
1.290647e+03,8.977051e+01
1.291130e+03,8.962008e+01
1.291612e+03,8.946750e+01
1.292094e+03,8.931248e+01
1.292576e+03,8.915369e+01
1.293058e+03,8.898880e+01
1.293540e+03,8.881477e+01
1.294022e+03,8.862778e+01
1.294504e+03,8.842386e+01
1.294987e+03,8.819920e+01
1.295469e+03,8.795067e+01
1.295951e+03,8.767657e+01
1.296433e+03,8.737684e+01
1.296915e+03,8.705326e+01
1.297397e+03,8.670911e+01
1.297879e+03,8.634866e+01
1.298361e+03,8.597659e+01
1.298844e+03,8.559778e+01
1.299326e+03,8.521712e+01
1.299808e+03,8.483975e+01
1.300290e+03,8.447087e+01
1.300772e+03,8.411534e+01
1.301254e+03,8.377727e+01
1.301736e+03,8.345960e+01
1.302219e+03,8.316428e+01
1.302701e+03,8.289281e+01
1.303183e+03,8.264709e+01
1.303665e+03,8.242978e+01
1.304147e+03,8.224429e+01
1.304629e+03,8.209406e+01
1.305111e+03,8.198190e+01
1.305593e+03,8.190939e+01
1.306075e+03,8.187729e+01
1.306558e+03,8.188606e+01
1.307040e+03,8.193652e+01
1.307522e+03,8.202990e+01
1.308004e+03,8.216706e+01
1.308486e+03,8.234758e+01
1.308968e+03,8.256900e+01
1.309450e+03,8.282704e+01
1.309932e+03,8.311672e+01
1.310415e+03,8.343352e+01
1.310897e+03,8.377418e+01
1.311379e+03,8.413663e+01
1.311861e+03,8.451881e+01
1.312343e+03,8.491765e+01
1.312825e+03,8.532828e+01
1.313307e+03,8.574478e+01
1.313789e+03,8.616135e+01
1.314272e+03,8.657400e+01
1.314754e+03,8.698117e+01
1.315236e+03,8.738342e+01
1.315718e+03,8.778220e+01
1.316200e+03,8.817854e+01
1.316682e+03,8.857209e+01
1.317164e+03,8.896093e+01
1.317646e+03,8.934212e+01
1.318129e+03,8.971221e+01
1.318611e+03,9.006796e+01
1.319093e+03,9.040647e+01
1.319575e+03,9.072528e+01
1.320057e+03,9.102257e+01
1.320539e+03,9.129742e+01
1.321021e+03,9.155027e+01
1.321503e+03,9.178288e+01
1.321986e+03,9.199803e+01
1.322468e+03,9.219879e+01
1.322950e+03,9.238761e+01
1.323432e+03,9.256576e+01
1.323914e+03,9.273323e+01
1.324396e+03,9.288909e+01
1.324878e+03,9.303232e+01
1.325360e+03,9.316228e+01
1.325843e+03,9.327906e+01
1.326325e+03,9.338314e+01
1.326807e+03,9.347503e+01
1.327289e+03,9.355508e+01
1.327771e+03,9.362351e+01
1.328253e+03,9.368070e+01
1.328735e+03,9.372757e+01
1.329218e+03,9.376550e+01
1.329700e+03,9.379617e+01
1.330182e+03,9.382099e+01
1.330664e+03,9.384076e+01
1.331146e+03,9.385582e+01
1.331628e+03,9.386648e+01
1.332110e+03,9.387365e+01
1.332592e+03,9.387925e+01
1.333074e+03,9.388600e+01
1.333557e+03,9.389688e+01
1.334039e+03,9.391424e+01
1.334521e+03,9.393915e+01
1.335003e+03,9.397137e+01
1.335485e+03,9.400969e+01
1.335967e+03,9.405267e+01
1.336449e+03,9.409966e+01
1.336931e+03,9.415097e+01
1.337414e+03,9.420766e+01
1.337896e+03,9.427064e+01
1.338378e+03,9.433966e+01
1.338860e+03,9.441258e+01
1.339342e+03,9.448586e+01
1.339824e+03,9.455566e+01
1.340306e+03,9.461964e+01
1.340788e+03,9.467757e+01
1.341271e+03,9.473100e+01
1.341753e+03,9.478196e+01
1.342235e+03,9.483183e+01
1.342717e+03,9.488077e+01
1.343199e+03,9.492801e+01
1.343681e+03,9.497258e+01
1.344163e+03,9.501410e+01
1.344646e+03,9.505307e+01
1.345128e+03,9.509061e+01
1.345610e+03,9.512778e+01
1.346092e+03,9.516473e+01
1.346574e+03,9.520051e+01
1.347056e+03,9.523347e+01
1.347538e+03,9.526207e+01
1.348020e+03,9.528587e+01
1.348502e+03,9.530576e+01
1.348985e+03,9.532349e+01
1.349467e+03,9.534066e+01
1.349949e+03,9.535780e+01
1.350431e+03,9.537414e+01
1.350913e+03,9.538802e+01
1.351395e+03,9.539802e+01
1.351877e+03,9.540385e+01
1.352359e+03,9.540656e+01
1.352842e+03,9.540804e+01
1.353324e+03,9.540990e+01
1.353806e+03,9.541256e+01
1.354288e+03,9.541493e+01
1.354770e+03,9.541511e+01
1.355252e+03,9.541154e+01
1.355734e+03,9.540416e+01
1.356216e+03,9.539467e+01
1.356698e+03,9.538581e+01
1.357181e+03,9.538000e+01
1.357663e+03,9.537820e+01
1.358145e+03,9.537937e+01
1.358627e+03,9.538115e+01
1.359109e+03,9.538081e+01
1.359591e+03,9.537662e+01
1.360073e+03,9.536823e+01
1.360556e+03,9.535652e+01
1.361038e+03,9.534262e+01
1.361520e+03,9.532690e+01
1.362002e+03,9.530843e+01
1.362484e+03,9.528568e+01
1.362966e+03,9.525791e+01
1.363448e+03,9.522633e+01
1.363930e+03,9.519392e+01
1.364413e+03,9.516399e+01
1.364895e+03,9.513853e+01
1.365377e+03,9.511735e+01
1.365859e+03,9.509822e+01
1.366341e+03,9.507779e+01
1.366823e+03,9.505280e+01
1.367305e+03,9.502137e+01
1.367787e+03,9.498360e+01
1.368270e+03,9.494122e+01
1.368752e+03,9.489656e+01
1.369234e+03,9.485110e+01
1.369716e+03,9.480476e+01
1.370198e+03,9.475625e+01
1.370680e+03,9.470400e+01
1.371162e+03,9.464719e+01
1.371644e+03,9.458597e+01
1.372126e+03,9.452111e+01
1.372609e+03,9.445328e+01
1.373091e+03,9.438232e+01
1.373573e+03,9.430729e+01
1.374055e+03,9.422725e+01
1.374537e+03,9.414246e+01
1.375019e+03,9.405486e+01
1.375501e+03,9.396694e+01
1.375984e+03,9.388020e+01
1.376466e+03,9.379367e+01
1.376948e+03,9.370377e+01
1.377430e+03,9.360517e+01
1.377912e+03,9.349266e+01
1.378394e+03,9.336299e+01
1.378876e+03,9.321626e+01
1.379358e+03,9.305536e+01
1.379841e+03,9.288416e+01
1.380323e+03,9.270490e+01
1.380805e+03,9.251672e+01
1.381287e+03,9.231631e+01
1.381769e+03,9.209962e+01
1.382251e+03,9.186446e+01
1.382733e+03,9.161178e+01
1.383215e+03,9.134470e+01
1.383698e+03,9.106605e+01
1.384180e+03,9.077547e+01
1.384662e+03,9.046793e+01
1.385144e+03,9.013483e+01
1.385626e+03,8.976779e+01
1.386108e+03,8.936457e+01
1.386590e+03,8.893522e+01
1.387072e+03,8.850372e+01
1.387554e+03,8.810229e+01
1.388037e+03,8.776029e+01
1.388519e+03,8.749490e+01
1.389001e+03,8.730899e+01
1.389483e+03,8.719495e+01
1.389965e+03,8.713995e+01
1.390447e+03,8.712973e+01
1.390929e+03,8.715020e+01
1.391411e+03,8.718819e+01
1.391894e+03,8.723172e+01
1.392376e+03,8.727041e+01
1.392858e+03,8.729595e+01
1.393340e+03,8.730296e+01
1.393822e+03,8.728992e+01
1.394304e+03,8.726012e+01
1.394786e+03,8.722113e+01
1.395269e+03,8.718279e+01
1.395751e+03,8.715425e+01
1.396233e+03,8.714238e+01
1.396715e+03,8.715205e+01
1.397197e+03,8.718724e+01
1.397679e+03,8.725135e+01
1.398161e+03,8.734587e+01
1.398643e+03,8.746813e+01
1.399125e+03,8.760974e+01
1.399608e+03,8.775797e+01
1.400090e+03,8.789983e+01
1.400572e+03,8.802595e+01
1.401054e+03,8.813192e+01
1.401536e+03,8.821657e+01
1.402018e+03,8.827936e+01
1.402500e+03,8.831856e+01
1.402982e+03,8.833085e+01
1.403465e+03,8.831271e+01
1.403947e+03,8.826306e+01
1.404429e+03,8.818604e+01
1.404911e+03,8.809201e+01
1.405393e+03,8.799530e+01
1.405875e+03,8.790993e+01
1.406357e+03,8.784573e+01
1.406839e+03,8.780702e+01
1.407322e+03,8.779394e+01
1.407804e+03,8.780448e+01
1.408286e+03,8.783652e+01
1.408768e+03,8.788858e+01
1.409250e+03,8.795962e+01
1.409732e+03,8.804815e+01
1.410214e+03,8.815118e+01
1.410697e+03,8.826389e+01
1.411179e+03,8.838002e+01
1.411661e+03,8.849331e+01
1.412143e+03,8.859879e+01
1.412625e+03,8.869360e+01
1.413107e+03,8.877678e+01
1.413589e+03,8.884871e+01
1.414071e+03,8.891017e+01
1.414553e+03,8.896188e+01
1.415036e+03,8.900446e+01
1.415518e+03,8.903876e+01
1.416000e+03,8.906619e+01
1.416482e+03,8.908906e+01
1.416964e+03,8.911034e+01
1.417446e+03,8.913327e+01
1.417928e+03,8.916037e+01
1.418410e+03,8.919228e+01
1.418893e+03,8.922718e+01
1.419375e+03,8.926176e+01
1.419857e+03,8.929317e+01
1.420339e+03,8.932059e+01
1.420821e+03,8.934471e+01
1.421303e+03,8.936655e+01
1.421785e+03,8.938625e+01
1.422267e+03,8.940271e+01
1.422750e+03,8.941376e+01
1.423232e+03,8.941670e+01
1.423714e+03,8.940939e+01
1.424196e+03,8.939132e+01
1.424678e+03,8.936348e+01
1.425160e+03,8.932739e+01
1.425642e+03,8.928322e+01
1.426125e+03,8.922894e+01
1.426607e+03,8.916027e+01
1.427089e+03,8.907162e+01
1.427571e+03,8.895732e+01
1.428053e+03,8.881311e+01
1.428535e+03,8.863742e+01
1.429017e+03,8.843205e+01
1.429499e+03,8.820167e+01
1.429981e+03,8.795272e+01
1.430464e+03,8.769251e+01
1.430946e+03,8.742911e+01
1.431428e+03,8.717138e+01
1.431910e+03,8.692843e+01
1.432392e+03,8.670792e+01
1.432874e+03,8.651455e+01
1.433356e+03,8.634952e+01
1.433838e+03,8.621171e+01
1.434321e+03,8.610027e+01
1.434803e+03,8.601806e+01
1.435285e+03,8.597375e+01
1.435767e+03,8.598141e+01
1.436249e+03,8.605344e+01
1.436731e+03,8.619059e+01
1.437213e+03,8.637770e+01
1.437696e+03,8.659265e+01
1.438177e+03,8.681937e+01
1.438660e+03,8.705338e+01
1.439142e+03,8.729874e+01
1.439624e+03,8.756210e+01
1.440106e+03,8.784783e+01
1.440588e+03,8.815530e+01
1.441070e+03,8.847845e+01
1.441552e+03,8.880787e+01
1.442035e+03,8.913387e+01
1.442517e+03,8.944944e+01
1.442999e+03,8.975107e+01
1.443481e+03,9.003781e+01
1.443963e+03,9.030932e+01
1.444445e+03,9.056491e+01
1.444927e+03,9.080370e+01
1.445409e+03,9.102602e+01
1.445892e+03,9.123462e+01
1.446374e+03,9.143475e+01
1.446856e+03,9.163237e+01
1.447338e+03,9.183122e+01
1.447820e+03,9.203002e+01
1.448302e+03,9.222256e+01
1.448784e+03,9.240102e+01
1.449266e+03,9.256037e+01
1.449749e+03,9.270063e+01
1.450231e+03,9.282610e+01
1.450713e+03,9.294260e+01
1.451195e+03,9.305479e+01
1.451677e+03,9.316422e+01
1.452159e+03,9.326914e+01
1.452641e+03,9.336592e+01
1.453124e+03,9.345153e+01
1.453605e+03,9.352544e+01
1.454088e+03,9.359029e+01
1.454570e+03,9.365116e+01
1.455052e+03,9.371399e+01
1.455534e+03,9.378361e+01
1.456016e+03,9.386087e+01
1.456498e+03,9.394028e+01
1.456980e+03,9.401151e+01
1.457463e+03,9.406677e+01
1.457945e+03,9.410764e+01
1.458427e+03,9.414247e+01
1.458909e+03,9.417880e+01
1.459391e+03,9.421980e+01
1.459873e+03,9.426472e+01
1.460355e+03,9.431151e+01
1.460837e+03,9.435869e+01
1.461320e+03,9.440644e+01
1.461802e+03,9.445695e+01
1.462284e+03,9.451392e+01
1.462766e+03,9.458188e+01
1.463248e+03,9.466483e+01
1.463730e+03,9.476451e+01
1.464212e+03,9.487875e+01
1.464694e+03,9.500134e+01
1.465177e+03,9.512450e+01
1.465659e+03,9.524224e+01
1.466141e+03,9.535205e+01
1.466623e+03,9.545406e+01
1.467105e+03,9.554888e+01
1.467587e+03,9.563654e+01
1.468069e+03,9.571632e+01
1.468552e+03,9.578772e+01
1.469033e+03,9.585117e+01
1.469516e+03,9.590845e+01
1.469998e+03,9.596240e+01
1.470480e+03,9.601604e+01
1.470962e+03,9.607128e+01
1.471444e+03,9.612769e+01
1.471926e+03,9.618193e+01
1.472408e+03,9.622932e+01
1.472891e+03,9.626729e+01
1.473373e+03,9.629745e+01
1.473855e+03,9.632426e+01
1.474337e+03,9.635175e+01
1.474819e+03,9.638134e+01
1.475301e+03,9.641191e+01
1.475783e+03,9.644100e+01
1.476265e+03,9.646632e+01
1.476748e+03,9.648689e+01
1.477230e+03,9.650327e+01
1.477712e+03,9.651687e+01
1.478194e+03,9.652883e+01
1.478676e+03,9.653942e+01
1.479158e+03,9.654819e+01
1.479640e+03,9.655450e+01
1.480122e+03,9.655839e+01
1.480604e+03,9.656097e+01
1.481087e+03,9.656427e+01
1.481569e+03,9.657029e+01
1.482051e+03,9.657977e+01
1.482533e+03,9.659172e+01
1.483015e+03,9.660374e+01
1.483497e+03,9.661335e+01
1.483979e+03,9.661883e+01
1.484461e+03,9.661987e+01
1.484944e+03,9.661756e+01
1.485426e+03,9.661368e+01
1.485908e+03,9.661003e+01
1.486390e+03,9.660753e+01
1.486872e+03,9.660601e+01
1.487354e+03,9.660452e+01
1.487836e+03,9.660225e+01
1.488319e+03,9.659935e+01
1.488801e+03,9.659707e+01
1.489283e+03,9.659708e+01
1.489765e+03,9.660014e+01
1.490247e+03,9.660538e+01
1.490729e+03,9.661068e+01
1.491211e+03,9.661444e+01
1.491693e+03,9.661629e+01
1.492176e+03,9.661733e+01
1.492658e+03,9.661909e+01
1.493140e+03,9.662280e+01
1.493622e+03,9.662883e+01
1.494104e+03,9.663657e+01
1.494586e+03,9.664443e+01
1.495068e+03,9.665028e+01
1.495550e+03,9.665234e+01
1.496032e+03,9.665007e+01
1.496515e+03,9.664470e+01
1.496997e+03,9.663842e+01
1.497479e+03,9.663292e+01
1.497961e+03,9.662850e+01
1.498443e+03,9.662421e+01
1.498925e+03,9.661890e+01
1.499407e+03,9.661238e+01
1.499890e+03,9.660552e+01
1.500372e+03,9.659978e+01
1.500854e+03,9.659639e+01
1.501336e+03,9.659575e+01
1.501818e+03,9.659729e+01
1.502300e+03,9.659994e+01
1.502782e+03,9.660267e+01
1.503264e+03,9.660491e+01
1.503747e+03,9.660672e+01
1.504229e+03,9.660853e+01
1.504711e+03,9.661039e+01
1.505193e+03,9.661095e+01
1.505675e+03,9.660619e+01
1.506157e+03,9.658990e+01
1.506639e+03,9.655850e+01
1.507121e+03,9.651798e+01
1.507604e+03,9.648133e+01
1.508086e+03,9.645804e+01
1.508568e+03,9.644887e+01
1.509050e+03,9.644958e+01
1.509532e+03,9.645488e+01
1.510014e+03,9.646048e+01
1.510496e+03,9.646352e+01
1.510979e+03,9.646270e+01
1.511460e+03,9.645821e+01
1.511943e+03,9.645106e+01
1.512425e+03,9.644241e+01
1.512907e+03,9.643289e+01
1.513389e+03,9.642235e+01
1.513871e+03,9.641006e+01
1.514353e+03,9.639526e+01
1.514835e+03,9.637782e+01
1.515318e+03,9.635847e+01
1.515800e+03,9.633910e+01
1.516282e+03,9.632195e+01
1.516764e+03,9.630869e+01
1.517246e+03,9.629947e+01
1.517728e+03,9.629291e+01
1.518210e+03,9.628737e+01
1.518692e+03,9.628158e+01
1.519175e+03,9.627486e+01
1.519657e+03,9.626653e+01
1.520139e+03,9.625505e+01
1.520621e+03,9.623798e+01
1.521103e+03,9.621289e+01
1.521585e+03,9.617993e+01
1.522067e+03,9.614285e+01
1.522549e+03,9.610714e+01
1.523031e+03,9.607659e+01
1.523514e+03,9.605220e+01
1.523996e+03,9.603264e+01
1.524478e+03,9.601524e+01
1.524960e+03,9.599709e+01
1.525442e+03,9.597590e+01
1.525924e+03,9.595093e+01
1.526406e+03,9.592357e+01
1.526888e+03,9.589661e+01
1.527371e+03,9.587281e+01
1.527853e+03,9.585358e+01
1.528335e+03,9.583875e+01
1.528817e+03,9.582712e+01
1.529299e+03,9.581739e+01
1.529781e+03,9.580884e+01
1.530263e+03,9.580149e+01
1.530746e+03,9.579586e+01
1.531228e+03,9.579237e+01
1.531710e+03,9.579071e+01
1.532192e+03,9.578942e+01
1.532674e+03,9.578592e+01
1.533156e+03,9.577789e+01
1.533638e+03,9.576522e+01
1.534120e+03,9.575065e+01
1.534603e+03,9.573802e+01
1.535085e+03,9.572978e+01
1.535567e+03,9.572610e+01
1.536049e+03,9.572546e+01
1.536531e+03,9.572548e+01
1.537013e+03,9.572350e+01
1.537495e+03,9.571732e+01
1.537977e+03,9.570583e+01
1.538459e+03,9.569004e+01
1.538942e+03,9.567412e+01
1.539424e+03,9.566418e+01
1.539906e+03,9.566460e+01
1.540388e+03,9.567319e+01
1.540870e+03,9.568254e+01
1.541352e+03,9.568639e+01
1.541834e+03,9.568328e+01
1.542316e+03,9.567526e+01
1.542799e+03,9.566515e+01
1.543281e+03,9.565461e+01
1.543763e+03,9.564384e+01
1.544245e+03,9.563220e+01
1.544727e+03,9.561941e+01
1.545209e+03,9.560630e+01
1.545691e+03,9.559464e+01
1.546174e+03,9.558610e+01
1.546656e+03,9.558140e+01
1.547138e+03,9.557973e+01
1.547620e+03,9.557886e+01
1.548102e+03,9.557553e+01
1.548584e+03,9.556654e+01
1.549066e+03,9.554990e+01
1.549548e+03,9.552645e+01
1.550031e+03,9.549992e+01
1.550513e+03,9.547533e+01
1.550995e+03,9.545637e+01
1.551477e+03,9.544390e+01
1.551959e+03,9.543633e+01
1.552441e+03,9.543079e+01
1.552923e+03,9.542469e+01
1.553405e+03,9.541657e+01
1.553887e+03,9.540678e+01
1.554370e+03,9.539712e+01
1.554852e+03,9.538947e+01
1.555334e+03,9.538477e+01
1.555816e+03,9.538239e+01
1.556298e+03,9.538052e+01
1.556780e+03,9.537679e+01
1.557262e+03,9.536845e+01
1.557744e+03,9.535230e+01
1.558227e+03,9.532497e+01
1.558709e+03,9.528557e+01
1.559191e+03,9.523972e+01
1.559673e+03,9.519632e+01
1.560155e+03,9.515997e+01
1.560637e+03,9.513046e+01
1.561119e+03,9.510641e+01
1.561602e+03,9.508663e+01
1.562083e+03,9.507001e+01
1.562566e+03,9.505489e+01
1.563048e+03,9.503897e+01
1.563530e+03,9.501950e+01
1.564012e+03,9.499447e+01
1.564494e+03,9.496375e+01
1.564976e+03,9.492979e+01
1.565458e+03,9.489677e+01
1.565941e+03,9.486861e+01
1.566423e+03,9.484705e+01
1.566905e+03,9.483118e+01
1.567387e+03,9.481779e+01
1.567869e+03,9.480247e+01
1.568351e+03,9.478115e+01
1.568833e+03,9.475211e+01
1.569315e+03,9.471759e+01
1.569798e+03,9.468324e+01
1.570280e+03,9.465475e+01
1.570762e+03,9.463441e+01
1.571244e+03,9.462063e+01
1.571726e+03,9.461015e+01
1.572208e+03,9.460014e+01
1.572690e+03,9.458888e+01
1.573172e+03,9.457576e+01
1.573655e+03,9.456046e+01
1.574137e+03,9.454222e+01
1.574619e+03,9.451916e+01
1.575101e+03,9.448856e+01
1.575583e+03,9.444864e+01
1.576065e+03,9.440125e+01
1.576547e+03,9.435281e+01
1.577030e+03,9.431093e+01
1.577511e+03,9.427974e+01
1.577994e+03,9.425832e+01
1.578476e+03,9.424249e+01
1.578958e+03,9.422717e+01
1.579440e+03,9.420819e+01
1.579922e+03,9.418317e+01
1.580404e+03,9.415176e+01
1.580886e+03,9.411565e+01
1.581369e+03,9.407760e+01
1.581851e+03,9.403999e+01
1.582333e+03,9.400377e+01
1.582815e+03,9.396807e+01
1.583297e+03,9.393109e+01
1.583779e+03,9.389133e+01
1.584261e+03,9.384860e+01
1.584743e+03,9.380429e+01
1.585226e+03,9.376056e+01
1.585708e+03,9.371901e+01
1.586190e+03,9.367966e+01
1.586672e+03,9.364079e+01
1.587154e+03,9.359969e+01
1.587636e+03,9.355402e+01
1.588118e+03,9.350286e+01
1.588600e+03,9.344709e+01
1.589083e+03,9.338892e+01
1.589565e+03,9.333069e+01
1.590047e+03,9.327382e+01
1.590529e+03,9.321835e+01
1.591011e+03,9.316346e+01
1.591493e+03,9.310814e+01
1.591975e+03,9.305202e+01
1.592458e+03,9.299532e+01
1.592939e+03,9.293831e+01
1.593422e+03,9.288053e+01
1.593904e+03,9.282040e+01
1.594386e+03,9.275560e+01
1.594868e+03,9.268423e+01
1.595350e+03,9.260596e+01
1.595832e+03,9.252264e+01
1.596314e+03,9.243757e+01
1.596797e+03,9.235408e+01
1.597279e+03,9.227386e+01
1.597761e+03,9.219634e+01
1.598243e+03,9.211900e+01
1.598725e+03,9.203899e+01
1.599207e+03,9.195454e+01
1.599689e+03,9.186597e+01
1.600171e+03,9.177547e+01
1.600654e+03,9.168583e+01
1.601136e+03,9.159876e+01
1.601618e+03,9.151384e+01
1.602100e+03,9.142877e+01
1.602582e+03,9.134069e+01
1.603064e+03,9.124816e+01
1.603546e+03,9.115205e+01
1.604028e+03,9.105537e+01
1.604510e+03,9.096149e+01
1.604993e+03,9.087212e+01
1.605475e+03,9.078627e+01
1.605957e+03,9.070039e+01
1.606439e+03,9.061003e+01
1.606921e+03,9.051186e+01
1.607403e+03,9.040522e+01
1.607885e+03,9.029251e+01
1.608367e+03,9.017780e+01
1.608850e+03,9.006469e+01
1.609332e+03,8.995439e+01
1.609814e+03,8.984571e+01
1.610296e+03,8.973649e+01
1.610778e+03,8.962570e+01
1.611260e+03,8.951469e+01
1.611742e+03,8.940685e+01
1.612225e+03,8.930595e+01
1.612707e+03,8.921393e+01
1.613189e+03,8.912959e+01
1.613671e+03,8.904829e+01
1.614153e+03,8.896272e+01
1.614635e+03,8.886395e+01
1.615117e+03,8.874332e+01
1.615599e+03,8.859524e+01
1.616082e+03,8.842130e+01
1.616564e+03,8.823247e+01
1.617046e+03,8.804534e+01
1.617528e+03,8.787363e+01
1.618010e+03,8.772277e+01
1.618492e+03,8.759102e+01
1.618974e+03,8.747391e+01
1.619456e+03,8.736700e+01
1.619938e+03,8.726633e+01
1.620421e+03,8.716754e+01
1.620903e+03,8.706551e+01
1.621385e+03,8.695461e+01
1.621867e+03,8.683092e+01
1.622349e+03,8.669554e+01
1.622831e+03,8.655732e+01
1.623313e+03,8.643156e+01
1.623796e+03,8.633334e+01
1.624278e+03,8.627062e+01
1.624760e+03,8.624265e+01
1.625242e+03,8.624353e+01
1.625724e+03,8.626747e+01
1.626206e+03,8.631115e+01
1.626688e+03,8.637411e+01
1.627170e+03,8.645645e+01
1.627653e+03,8.655641e+01
1.628135e+03,8.666846e+01
1.628617e+03,8.678429e+01
1.629099e+03,8.689606e+01
1.629581e+03,8.699950e+01
1.630063e+03,8.709459e+01
1.630545e+03,8.718413e+01
1.631027e+03,8.727134e+01
1.631510e+03,8.735800e+01
1.631992e+03,8.744385e+01
1.632474e+03,8.752713e+01
1.632956e+03,8.760613e+01
1.633438e+03,8.768095e+01
1.633920e+03,8.775527e+01
1.634402e+03,8.783689e+01
1.634885e+03,8.793556e+01
1.635366e+03,8.805657e+01
1.635849e+03,8.819372e+01
1.636331e+03,8.833099e+01
1.636813e+03,8.845455e+01
1.637295e+03,8.856137e+01
1.637777e+03,8.865708e+01
1.638259e+03,8.874950e+01
1.638741e+03,8.884402e+01
1.639224e+03,8.894202e+01
1.639706e+03,8.904108e+01
1.640188e+03,8.913678e+01
1.640670e+03,8.922516e+01
1.641152e+03,8.930473e+01
1.641634e+03,8.937724e+01
1.642116e+03,8.944633e+01
1.642598e+03,8.951522e+01
1.643081e+03,8.958467e+01
1.643563e+03,8.965217e+01
1.644045e+03,8.971236e+01
1.644527e+03,8.975862e+01
1.645009e+03,8.978508e+01
1.645491e+03,8.978877e+01
1.645973e+03,8.977090e+01
1.646455e+03,8.973690e+01
1.646938e+03,8.969382e+01
1.647420e+03,8.964682e+01
1.647902e+03,8.959797e+01
1.648384e+03,8.954810e+01
1.648866e+03,8.949892e+01
1.649348e+03,8.945325e+01
1.649830e+03,8.941373e+01
1.650312e+03,8.938157e+01
1.650794e+03,8.935423e+01
1.651277e+03,8.932247e+01
1.651759e+03,8.926624e+01
1.652241e+03,8.915445e+01
1.652723e+03,8.896311e+01
1.653205e+03,8.871458e+01
1.653687e+03,8.848064e+01
1.654169e+03,8.831384e+01
1.654652e+03,8.820982e+01
1.655134e+03,8.813758e+01
1.655616e+03,8.806965e+01
1.656098e+03,8.799012e+01
1.656580e+03,8.789302e+01
1.657062e+03,8.777944e+01
1.657544e+03,8.765499e+01
1.658026e+03,8.752705e+01
1.658509e+03,8.740187e+01
1.658991e+03,8.728232e+01
1.659473e+03,8.716702e+01
1.659955e+03,8.705124e+01
1.660437e+03,8.692903e+01
1.660919e+03,8.679558e+01
1.661401e+03,8.664893e+01
1.661883e+03,8.649101e+01
1.662365e+03,8.632724e+01
1.662848e+03,8.616453e+01
1.663330e+03,8.600877e+01
1.663812e+03,8.586294e+01
1.664294e+03,8.572769e+01
1.664776e+03,8.560250e+01
1.665258e+03,8.548645e+01
1.665740e+03,8.537801e+01
1.666222e+03,8.527384e+01
1.666705e+03,8.516776e+01
1.667187e+03,8.505004e+01
1.667669e+03,8.490839e+01
1.668151e+03,8.473120e+01
1.668633e+03,8.451309e+01
1.669115e+03,8.426054e+01
1.669597e+03,8.399239e+01
1.670080e+03,8.373244e+01
1.670562e+03,8.349802e+01
1.671044e+03,8.329361e+01
1.671526e+03,8.311300e+01
1.672008e+03,8.294534e+01
1.672490e+03,8.277941e+01
1.672972e+03,8.260490e+01
1.673454e+03,8.241167e+01
1.673937e+03,8.219002e+01
1.674419e+03,8.193361e+01
1.674901e+03,8.164567e+01
1.675383e+03,8.134272e+01
1.675865e+03,8.104917e+01
1.676347e+03,8.078474e+01
1.676829e+03,8.055618e+01
1.677311e+03,8.035826e+01
1.677793e+03,8.017929e+01
1.678276e+03,8.000581e+01
1.678758e+03,7.982612e+01
1.679240e+03,7.963330e+01
1.679722e+03,7.942787e+01
1.680204e+03,7.921798e+01
1.680686e+03,7.901585e+01
1.681168e+03,7.883226e+01
1.681650e+03,7.867092e+01
1.682133e+03,7.852480e+01
1.682615e+03,7.837383e+01
1.683097e+03,7.818616e+01
1.683579e+03,7.793208e+01
1.684061e+03,7.761484e+01
1.684543e+03,7.728728e+01
1.685025e+03,7.701412e+01
1.685508e+03,7.682236e+01
1.685990e+03,7.669903e+01
1.686472e+03,7.661599e+01
1.686954e+03,7.654677e+01
1.687436e+03,7.647186e+01
1.687918e+03,7.637995e+01
1.688400e+03,7.626865e+01
1.688882e+03,7.614442e+01
1.689365e+03,7.602030e+01
1.689847e+03,7.591048e+01
1.690329e+03,7.582426e+01
1.690811e+03,7.576292e+01
1.691293e+03,7.572109e+01
1.691775e+03,7.569109e+01
1.692257e+03,7.566676e+01
1.692739e+03,7.564560e+01
1.693221e+03,7.562850e+01
1.693704e+03,7.561821e+01
1.694186e+03,7.561728e+01
1.694668e+03,7.562580e+01
1.695150e+03,7.564009e+01
1.695632e+03,7.565450e+01
1.696114e+03,7.566653e+01
1.696596e+03,7.568099e+01
1.697078e+03,7.570831e+01
1.697561e+03,7.575977e+01
1.698043e+03,7.584470e+01
1.698525e+03,7.597030e+01
1.699007e+03,7.614076e+01
1.699489e+03,7.635328e+01
1.699971e+03,7.659238e+01
1.700453e+03,7.683257e+01
1.700936e+03,7.705412e+01
1.701417e+03,7.725542e+01
1.701900e+03,7.744725e+01
1.702382e+03,7.764150e+01
1.702864e+03,7.784675e+01
1.703346e+03,7.806949e+01
1.703828e+03,7.831670e+01
1.704310e+03,7.859681e+01
1.704792e+03,7.891753e+01
1.705275e+03,7.928029e+01
1.705757e+03,7.967528e+01
1.706239e+03,8.008299e+01
1.706721e+03,8.048257e+01
1.707203e+03,8.086050e+01
1.707685e+03,8.121399e+01
1.708167e+03,8.154947e+01
1.708649e+03,8.187859e+01
1.709132e+03,8.221345e+01
1.709614e+03,8.256194e+01
1.710096e+03,8.292458e+01
1.710578e+03,8.329484e+01
1.711060e+03,8.366253e+01
1.711542e+03,8.401917e+01
1.712024e+03,8.436246e+01
1.712506e+03,8.469798e+01
1.712989e+03,8.503762e+01
1.713471e+03,8.539455e+01
1.713953e+03,8.577719e+01
1.714435e+03,8.618452e+01
1.714917e+03,8.660645e+01
1.715399e+03,8.703034e+01
1.715881e+03,8.745039e+01
1.716364e+03,8.787451e+01
1.716845e+03,8.832112e+01
1.717328e+03,8.880347e+01
1.717810e+03,8.931071e+01
1.718292e+03,8.980648e+01
1.718774e+03,9.025063e+01
1.719256e+03,9.062245e+01
1.719738e+03,9.092606e+01
1.720220e+03,9.118193e+01
1.720703e+03,9.141576e+01
1.721185e+03,9.165075e+01
1.721667e+03,9.190275e+01
1.722149e+03,9.217734e+01
1.722631e+03,9.246955e+01
1.723113e+03,9.276643e+01
1.723595e+03,9.305342e+01
1.724077e+03,9.332117e+01
1.724560e+03,9.356879e+01
1.725042e+03,9.380173e+01
1.725524e+03,9.402636e+01
1.726006e+03,9.424525e+01
1.726488e+03,9.445566e+01
1.726970e+03,9.465169e+01
1.727452e+03,9.482822e+01
1.727934e+03,9.498456e+01
1.728417e+03,9.512556e+01
1.728899e+03,9.525983e+01
1.729381e+03,9.539483e+01
1.729863e+03,9.553257e+01
1.730345e+03,9.566809e+01
1.730827e+03,9.579253e+01
1.731309e+03,9.589840e+01
1.731792e+03,9.598421e+01
1.732273e+03,9.605648e+01
1.732756e+03,9.612808e+01
1.733238e+03,9.621256e+01
1.733720e+03,9.631380e+01
1.734202e+03,9.641860e+01
1.734684e+03,9.650501e+01
1.735166e+03,9.656082e+01
1.735648e+03,9.659065e+01
1.736131e+03,9.660834e+01
1.736613e+03,9.662725e+01
1.737095e+03,9.665599e+01
1.737577e+03,9.669707e+01
1.738059e+03,9.674710e+01
1.738541e+03,9.679794e+01
1.739023e+03,9.684031e+01
1.739505e+03,9.686907e+01
1.739988e+03,9.688706e+01
1.740470e+03,9.690339e+01
1.740952e+03,9.692702e+01
1.741434e+03,9.696152e+01
1.741916e+03,9.700365e+01
1.742398e+03,9.704575e+01
1.742880e+03,9.708006e+01
1.743362e+03,9.710259e+01
1.743844e+03,9.711536e+01
1.744327e+03,9.712457e+01
1.744809e+03,9.713677e+01
1.745291e+03,9.715501e+01
1.745773e+03,9.717722e+01
1.746255e+03,9.719775e+01
1.746737e+03,9.721076e+01
1.747219e+03,9.721400e+01
1.747702e+03,9.721096e+01
1.748184e+03,9.720984e+01
1.748666e+03,9.721915e+01
1.749148e+03,9.724249e+01
1.749630e+03,9.727575e+01
1.750112e+03,9.730869e+01
1.750594e+03,9.733050e+01
1.751076e+03,9.733614e+01
1.751559e+03,9.732897e+01
1.752041e+03,9.731784e+01
1.752523e+03,9.731098e+01
1.753005e+03,9.731178e+01
1.753487e+03,9.731847e+01
1.753969e+03,9.732633e+01
1.754451e+03,9.733072e+01
1.754933e+03,9.732932e+01
1.755416e+03,9.732335e+01
1.755898e+03,9.731709e+01
1.756380e+03,9.731535e+01
1.756862e+03,9.732027e+01
1.757344e+03,9.732940e+01
1.757826e+03,9.733720e+01
1.758308e+03,9.733877e+01
1.758791e+03,9.733266e+01
1.759272e+03,9.732162e+01
1.759755e+03,9.731118e+01
1.760237e+03,9.730727e+01
1.760719e+03,9.731343e+01
1.761201e+03,9.732864e+01
1.761683e+03,9.734760e+01
1.762165e+03,9.736378e+01
1.762647e+03,9.737379e+01
1.763130e+03,9.737925e+01
1.763612e+03,9.738490e+01
1.764094e+03,9.739524e+01
1.764576e+03,9.741193e+01
1.765058e+03,9.743335e+01
1.765540e+03,9.745554e+01
1.766022e+03,9.747422e+01
1.766504e+03,9.748673e+01
1.766987e+03,9.749365e+01
1.767469e+03,9.749847e+01
1.767951e+03,9.750545e+01
1.768433e+03,9.751659e+01
1.768915e+03,9.753010e+01
1.769397e+03,9.754120e+01
1.769879e+03,9.754501e+01
1.770361e+03,9.753933e+01
1.770844e+03,9.752670e+01
1.771326e+03,9.751465e+01
1.771808e+03,9.751243e+01
1.772290e+03,9.752534e+01
1.772772e+03,9.755041e+01
1.773254e+03,9.757845e+01
1.773736e+03,9.760048e+01
1.774219e+03,9.761263e+01
1.774700e+03,9.761656e+01
1.775183e+03,9.761681e+01
1.775665e+03,9.761782e+01
1.776147e+03,9.762164e+01
1.776629e+03,9.762714e+01
1.777111e+03,9.763094e+01
1.777593e+03,9.762961e+01
1.778075e+03,9.762171e+01
1.778558e+03,9.760891e+01
1.779040e+03,9.759534e+01
1.779522e+03,9.758560e+01
1.780004e+03,9.758218e+01
1.780486e+03,9.758398e+01
1.780968e+03,9.758678e+01
1.781450e+03,9.758607e+01
1.781932e+03,9.757981e+01
1.782415e+03,9.756970e+01
1.782897e+03,9.756010e+01
1.783379e+03,9.755587e+01
1.783861e+03,9.755991e+01
1.784343e+03,9.757182e+01
1.784825e+03,9.758812e+01
1.785307e+03,9.760406e+01
1.785789e+03,9.761646e+01
1.786271e+03,9.762518e+01
1.786754e+03,9.763261e+01
1.787236e+03,9.764165e+01
1.787718e+03,9.765367e+01
1.788200e+03,9.766764e+01
1.788682e+03,9.768051e+01
1.789164e+03,9.768876e+01
1.789646e+03,9.769009e+01
1.790128e+03,9.768488e+01
1.790611e+03,9.767621e+01
1.791093e+03,9.766869e+01
1.791575e+03,9.766576e+01
1.792057e+03,9.766757e+01
1.792539e+03,9.767084e+01
1.793021e+03,9.767165e+01
1.793503e+03,9.766850e+01
1.793986e+03,9.766319e+01
1.794468e+03,9.765913e+01
1.794950e+03,9.765907e+01
1.795432e+03,9.766364e+01
1.795914e+03,9.767085e+01
1.796396e+03,9.767726e+01
1.796878e+03,9.767963e+01
1.797360e+03,9.767664e+01
1.797843e+03,9.766954e+01
1.798325e+03,9.766132e+01
1.798807e+03,9.765475e+01
1.799289e+03,9.765062e+01
1.799771e+03,9.764710e+01
1.800253e+03,9.764079e+01
1.800735e+03,9.762930e+01
1.801217e+03,9.761347e+01
1.801699e+03,9.759760e+01
1.802182e+03,9.758717e+01
1.802664e+03,9.758569e+01
1.803146e+03,9.759290e+01
1.803628e+03,9.760473e+01
1.804110e+03,9.761526e+01
1.804592e+03,9.761956e+01
1.805074e+03,9.761603e+01
1.805556e+03,9.760711e+01
1.806039e+03,9.759813e+01
1.806521e+03,9.759463e+01
1.807003e+03,9.760002e+01
1.807485e+03,9.761398e+01
1.807967e+03,9.763312e+01
1.808449e+03,9.765312e+01
1.808931e+03,9.767120e+01
1.809414e+03,9.768773e+01
1.809896e+03,9.770577e+01
1.810378e+03,9.772878e+01
1.810860e+03,9.775798e+01
1.811342e+03,9.779095e+01
1.811824e+03,9.782249e+01
1.812306e+03,9.784773e+01
1.812788e+03,9.786491e+01
1.813271e+03,9.787620e+01
1.813753e+03,9.788649e+01
1.814235e+03,9.790056e+01
1.814717e+03,9.792048e+01
1.815199e+03,9.794449e+01
1.815681e+03,9.796752e+01
1.816163e+03,9.798370e+01
1.816645e+03,9.798944e+01
1.817127e+03,9.798555e+01
1.817610e+03,9.797697e+01
1.818092e+03,9.796999e+01
1.818574e+03,9.796881e+01
1.819056e+03,9.797340e+01
1.819538e+03,9.797990e+01
1.820020e+03,9.798289e+01
1.820502e+03,9.797868e+01
1.820984e+03,9.796719e+01
1.821467e+03,9.795195e+01
1.821949e+03,9.793775e+01
1.822431e+03,9.792831e+01
1.822913e+03,9.792438e+01
1.823395e+03,9.792368e+01
1.823877e+03,9.792255e+01
1.824359e+03,9.791846e+01
1.824842e+03,9.791199e+01
1.825323e+03,9.790663e+01
1.825806e+03,9.790636e+01
1.826288e+03,9.791278e+01
1.826770e+03,9.792409e+01
1.827252e+03,9.793625e+01
1.827734e+03,9.794534e+01
1.828216e+03,9.794994e+01
1.828698e+03,9.795263e+01
1.829181e+03,9.795934e+01
1.829663e+03,9.797605e+01
1.830145e+03,9.800433e+01
1.830627e+03,9.803904e+01
1.831109e+03,9.807083e+01
1.831591e+03,9.809128e+01
1.832073e+03,9.809670e+01
1.832555e+03,9.808869e+01
1.833038e+03,9.807255e+01
1.833520e+03,9.805454e+01
1.834002e+03,9.803935e+01
1.834484e+03,9.802865e+01
1.834966e+03,9.802087e+01
1.835448e+03,9.801309e+01
1.835930e+03,9.800320e+01
1.836412e+03,9.799168e+01
1.836895e+03,9.798155e+01
1.837377e+03,9.797641e+01
1.837859e+03,9.797800e+01
1.838341e+03,9.798490e+01
1.838823e+03,9.799313e+01
1.839305e+03,9.799834e+01
1.839787e+03,9.799850e+01
1.840270e+03,9.799511e+01
1.840751e+03,9.799265e+01
1.841234e+03,9.799643e+01
1.841716e+03,9.801018e+01
1.842198e+03,9.803398e+01
1.842680e+03,9.806340e+01
1.843162e+03,9.809087e+01
1.843644e+03,9.810899e+01
1.844126e+03,9.811487e+01
1.844609e+03,9.811187e+01
1.845091e+03,9.810651e+01
1.845573e+03,9.810400e+01
1.846055e+03,9.810521e+01
1.846537e+03,9.810738e+01
1.847019e+03,9.810671e+01
1.847501e+03,9.810106e+01
1.847983e+03,9.809135e+01
1.848466e+03,9.808119e+01
1.848948e+03,9.807474e+01
1.849430e+03,9.807437e+01
1.849912e+03,9.807926e+01
1.850394e+03,9.808572e+01
1.850876e+03,9.808958e+01
1.851358e+03,9.808848e+01
1.851840e+03,9.808327e+01
1.852323e+03,9.807760e+01
1.852805e+03,9.807578e+01
1.853287e+03,9.808035e+01
1.853769e+03,9.809056e+01
1.854251e+03,9.810258e+01
1.854733e+03,9.811183e+01
1.855215e+03,9.811546e+01
1.855698e+03,9.811404e+01
1.856179e+03,9.811109e+01
1.856662e+03,9.811109e+01
1.857144e+03,9.811691e+01
1.857626e+03,9.812817e+01
1.858108e+03,9.814152e+01
1.858590e+03,9.815267e+01
1.859072e+03,9.815889e+01
1.859554e+03,9.816057e+01
1.860037e+03,9.816079e+01
1.860519e+03,9.816331e+01
1.861001e+03,9.817009e+01
1.861483e+03,9.817994e+01
1.861965e+03,9.818898e+01
1.862447e+03,9.819283e+01
1.862929e+03,9.818903e+01
1.863411e+03,9.817825e+01
1.863894e+03,9.816378e+01
1.864376e+03,9.814943e+01
1.864858e+03,9.813741e+01
1.865340e+03,9.812705e+01
1.865822e+03,9.811539e+01
1.866304e+03,9.809924e+01
1.866786e+03,9.807784e+01
1.867268e+03,9.805457e+01
1.867750e+03,9.803638e+01
1.868233e+03,9.803051e+01
1.868715e+03,9.804018e+01
1.869197e+03,9.806175e+01
1.869679e+03,9.808680e+01
1.870161e+03,9.810714e+01
1.870643e+03,9.811924e+01
1.871125e+03,9.812525e+01
1.871608e+03,9.813061e+01
1.872090e+03,9.814059e+01
1.872572e+03,9.815740e+01
1.873054e+03,9.817897e+01
1.873536e+03,9.819978e+01
1.874018e+03,9.821356e+01
1.874500e+03,9.821664e+01
1.874982e+03,9.820982e+01
1.875465e+03,9.819789e+01
1.875947e+03,9.818713e+01
1.876429e+03,9.818223e+01
1.876911e+03,9.818428e+01
1.877393e+03,9.819102e+01
1.877875e+03,9.819877e+01
1.878357e+03,9.820515e+01
1.878839e+03,9.821029e+01
1.879322e+03,9.821634e+01
1.879804e+03,9.822520e+01
1.880286e+03,9.823621e+01
1.880768e+03,9.824557e+01
1.881250e+03,9.824757e+01
1.881732e+03,9.823784e+01
1.882214e+03,9.821640e+01
1.882697e+03,9.818860e+01
1.883178e+03,9.816308e+01
1.883661e+03,9.814803e+01
1.884143e+03,9.814723e+01
1.884625e+03,9.815783e+01
1.885107e+03,9.817172e+01
1.885589e+03,9.817949e+01
1.886071e+03,9.817505e+01
1.886553e+03,9.815857e+01
1.887036e+03,9.813583e+01
1.887518e+03,9.811530e+01
1.888000e+03,9.810401e+01
1.888482e+03,9.810427e+01
1.888964e+03,9.811238e+01
1.889446e+03,9.812122e+01
1.889928e+03,9.812444e+01
1.890410e+03,9.812079e+01
1.890893e+03,9.811446e+01
1.891375e+03,9.811214e+01
1.891857e+03,9.811922e+01
1.892339e+03,9.813686e+01
1.892821e+03,9.816177e+01
1.893303e+03,9.818760e+01
1.893785e+03,9.820813e+01
1.894267e+03,9.821976e+01
1.894750e+03,9.822284e+01
1.895232e+03,9.822095e+01
1.895714e+03,9.821835e+01
1.896196e+03,9.821774e+01
1.896678e+03,9.821954e+01
1.897160e+03,9.822299e+01
1.897642e+03,9.822778e+01
1.898125e+03,9.823527e+01
1.898606e+03,9.824768e+01
1.899089e+03,9.826675e+01
1.899571e+03,9.829170e+01
1.900053e+03,9.831856e+01
1.900535e+03,9.834127e+01
1.901017e+03,9.835416e+01
1.901499e+03,9.835484e+01
1.901981e+03,9.834527e+01
1.902464e+03,9.833068e+01
1.902946e+03,9.831680e+01
1.903428e+03,9.830688e+01
1.903910e+03,9.830068e+01
1.904392e+03,9.829489e+01
1.904874e+03,9.828588e+01
1.905356e+03,9.827221e+01
1.905838e+03,9.825574e+01
1.906321e+03,9.824037e+01
1.906803e+03,9.822957e+01
1.907285e+03,9.822400e+01
1.907767e+03,9.822096e+01
1.908249e+03,9.821619e+01
1.908731e+03,9.820686e+01
1.909213e+03,9.819485e+01
1.909695e+03,9.818649e+01
1.910177e+03,9.818975e+01
1.910660e+03,9.820946e+01
1.911142e+03,9.824391e+01
1.911624e+03,9.828468e+01
1.912106e+03,9.831969e+01
1.912588e+03,9.833852e+01
1.913070e+03,9.833727e+01
1.913552e+03,9.831978e+01
1.914034e+03,9.829553e+01
1.914517e+03,9.827435e+01
1.914999e+03,9.826159e+01
1.915481e+03,9.825563e+01
1.915963e+03,9.824907e+01
1.916445e+03,9.823326e+01
1.916927e+03,9.820404e+01
1.917409e+03,9.816578e+01
1.917892e+03,9.813023e+01
1.918374e+03,9.811083e+01
1.918856e+03,9.811485e+01
1.919338e+03,9.813985e+01
1.919820e+03,9.817570e+01
1.920302e+03,9.821054e+01
1.920784e+03,9.823626e+01
1.921266e+03,9.825152e+01
1.921749e+03,9.826117e+01
1.922231e+03,9.827293e+01
1.922713e+03,9.829193e+01
1.923195e+03,9.831725e+01
1.923677e+03,9.834210e+01
1.924159e+03,9.835860e+01
1.924641e+03,9.836332e+01
1.925123e+03,9.835996e+01
1.925605e+03,9.835810e+01
1.926088e+03,9.836797e+01
1.926570e+03,9.839555e+01
1.927052e+03,9.843896e+01
1.927534e+03,9.848834e+01
1.928016e+03,9.853062e+01
1.928498e+03,9.855536e+01
1.928980e+03,9.856002e+01
1.929462e+03,9.855020e+01
1.929945e+03,9.853632e+01
1.930427e+03,9.852800e+01
1.930909e+03,9.852928e+01
1.931391e+03,9.853745e+01
1.931873e+03,9.854556e+01
1.932355e+03,9.854711e+01
1.932837e+03,9.853991e+01
1.933320e+03,9.852650e+01
1.933802e+03,9.851172e+01
1.934284e+03,9.849862e+01
1.934766e+03,9.848586e+01
1.935248e+03,9.846800e+01
1.935730e+03,9.843945e+01
1.936212e+03,9.839854e+01
1.936694e+03,9.835068e+01
1.937177e+03,9.830672e+01
1.937659e+03,9.827857e+01
1.938141e+03,9.827392e+01
1.938623e+03,9.829294e+01
1.939105e+03,9.832829e+01
1.939587e+03,9.836951e+01
1.940069e+03,9.840771e+01
1.940551e+03,9.843964e+01
1.941033e+03,9.846729e+01
1.941516e+03,9.849454e+01
1.941998e+03,9.852222e+01
1.942480e+03,9.854458e+01
1.942962e+03,9.855094e+01
1.943444e+03,9.853233e+01
1.943926e+03,9.848743e+01
1.944408e+03,9.842532e+01
1.944890e+03,9.836129e+01
1.945373e+03,9.831081e+01
1.945855e+03,9.828338e+01
1.946337e+03,9.827959e+01
1.946819e+03,9.829191e+01
1.947301e+03,9.830920e+01
1.947783e+03,9.832336e+01
1.948265e+03,9.833261e+01
1.948748e+03,9.834098e+01
1.949229e+03,9.835349e+01
1.949712e+03,9.837115e+01
1.950194e+03,9.838879e+01
1.950676e+03,9.839709e+01
1.951158e+03,9.838934e+01
1.951640e+03,9.836719e+01
1.952122e+03,9.834321e+01
1.952604e+03,9.833565e+01
1.953087e+03,9.836034e+01
1.953569e+03,9.842217e+01
1.954051e+03,9.851038e+01
1.954533e+03,9.860122e+01
1.955015e+03,9.866743e+01
1.955497e+03,9.869074e+01
1.955979e+03,9.866958e+01
1.956461e+03,9.861886e+01
1.956944e+03,9.856104e+01
1.957426e+03,9.851577e+01
1.957908e+03,9.849199e+01
1.958390e+03,9.848616e+01
1.958872e+03,9.848763e+01
1.959354e+03,9.848653e+01
1.959836e+03,9.848106e+01
1.960318e+03,9.847743e+01
1.960801e+03,9.848524e+01
1.961283e+03,9.850991e+01
1.961765e+03,9.854813e+01
1.962247e+03,9.858886e+01
1.962729e+03,9.862096e+01
1.963211e+03,9.864100e+01
1.963693e+03,9.865621e+01
1.964176e+03,9.867998e+01
1.964657e+03,9.872217e+01
1.965140e+03,9.877957e+01
1.965622e+03,9.883236e+01
1.966104e+03,9.884966e+01
1.966586e+03,9.880479e+01
1.967068e+03,9.869241e+01
1.967550e+03,9.853638e+01
1.968032e+03,9.837910e+01
1.968515e+03,9.826215e+01
1.968997e+03,9.820835e+01
1.969479e+03,9.821452e+01
1.969961e+03,9.825481e+01
1.970443e+03,9.829546e+01
1.970925e+03,9.831200e+01
1.971407e+03,9.830158e+01
1.971889e+03,9.828158e+01
1.972372e+03,9.827833e+01
1.972854e+03,9.831033e+01
1.973336e+03,9.837662e+01
1.973818e+03,9.845365e+01
1.974300e+03,9.850591e+01
1.974782e+03,9.850323e+01
1.975264e+03,9.843604e+01
1.975746e+03,9.831686e+01
1.976229e+03,9.817236e+01
1.976711e+03,9.802866e+01
1.977193e+03,9.790168e+01
1.977675e+03,9.779329e+01
1.978157e+03,9.769904e+01
1.978639e+03,9.761654e+01
1.979121e+03,9.755256e+01
1.979604e+03,9.751932e+01
1.980085e+03,9.752834e+01
1.980568e+03,9.758221e+01
1.981050e+03,9.767110e+01
1.981532e+03,9.777554e+01
1.982014e+03,9.787486e+01
1.982496e+03,9.795626e+01
1.982978e+03,9.802049e+01
1.983460e+03,9.807824e+01
1.983943e+03,9.814315e+01
1.984425e+03,9.822223e+01
1.984907e+03,9.831155e+01
1.985389e+03,9.839812e+01
1.985871e+03,9.846803e+01
1.986353e+03,9.851505e+01
1.986835e+03,9.854454e+01
1.987317e+03,9.857010e+01
1.987800e+03,9.860355e+01
1.988282e+03,9.864661e+01
1.988764e+03,9.868719e+01
1.989246e+03,9.870234e+01
1.989728e+03,9.867067e+01
1.990210e+03,9.858386e+01
1.990692e+03,9.845382e+01
1.991174e+03,9.830853e+01
1.991656e+03,9.818180e+01
1.992139e+03,9.809957e+01
1.992621e+03,9.807136e+01
1.993103e+03,9.808868e+01
1.993585e+03,9.813416e+01
1.994067e+03,9.819180e+01
1.994549e+03,9.825492e+01
1.995031e+03,9.832529e+01
1.995514e+03,9.840757e+01
1.995996e+03,9.850130e+01
1.996478e+03,9.859744e+01
1.996960e+03,9.867938e+01
1.997442e+03,9.873169e+01
1.997924e+03,9.874989e+01
1.998406e+03,9.874487e+01
1.998888e+03,9.873898e+01
1.999371e+03,9.875636e+01
1.999853e+03,9.881167e+01
2.000335e+03,9.890492e+01
2.000817e+03,9.902200e+01
2.001299e+03,9.914364e+01
2.001781e+03,9.925605e+01
2.002263e+03,9.935748e+01
2.002745e+03,9.945657e+01
2.003228e+03,9.956229e+01
2.003710e+03,9.967384e+01
2.004192e+03,9.977372e+01
2.004674e+03,9.983059e+01
2.005156e+03,9.981319e+01
2.005638e+03,9.970669e+01
2.006120e+03,9.952335e+01
2.006603e+03,9.929803e+01
2.007084e+03,9.907402e+01
2.007567e+03,9.888493e+01
2.008049e+03,9.874471e+01
2.008531e+03,9.864619e+01
2.009013e+03,9.857132e+01
2.009495e+03,9.850540e+01
2.009977e+03,9.844664e+01
2.010459e+03,9.840536e+01
2.010942e+03,9.839545e+01
2.011424e+03,9.842253e+01
2.011906e+03,9.847806e+01
2.012388e+03,9.853911e+01
2.012870e+03,9.857932e+01
2.013352e+03,9.858133e+01
2.013834e+03,9.854659e+01
2.014316e+03,9.849197e+01
2.014799e+03,9.844081e+01
2.015281e+03,9.841059e+01
2.015763e+03,9.840511e+01
2.016245e+03,9.841437e+01
2.016727e+03,9.842347e+01
2.017209e+03,9.842330e+01
2.017691e+03,9.841795e+01
2.018173e+03,9.842052e+01
2.018656e+03,9.844263e+01
2.019138e+03,9.848386e+01
2.019620e+03,9.852757e+01
2.020102e+03,9.854562e+01
2.020584e+03,9.851336e+01
2.021066e+03,9.842397e+01
2.021548e+03,9.829581e+01
2.022031e+03,9.816396e+01
2.022512e+03,9.806581e+01
2.022995e+03,9.802346e+01
2.023477e+03,9.803549e+01
2.023959e+03,9.807750e+01
2.024441e+03,9.811524e+01
2.024923e+03,9.812198e+01
2.025405e+03,9.809100e+01
2.025887e+03,9.803545e+01
2.026370e+03,9.797792e+01
2.026852e+03,9.793683e+01
2.027334e+03,9.791865e+01
2.027816e+03,9.791724e+01
2.028298e+03,9.792455e+01
2.028780e+03,9.794054e+01
2.029262e+03,9.798005e+01
2.029744e+03,9.806573e+01
2.030227e+03,9.821494e+01
2.030709e+03,9.842526e+01
2.031191e+03,9.866687e+01
2.031673e+03,9.888678e+01
2.032155e+03,9.902740e+01
2.032637e+03,9.905175e+01
2.033119e+03,9.896062e+01
2.033601e+03,9.878983e+01
2.034083e+03,9.859261e+01
2.034566e+03,9.841666e+01
2.035048e+03,9.828933e+01
2.035530e+03,9.821297e+01
2.036012e+03,9.817477e+01
2.036494e+03,9.816008e+01
2.036976e+03,9.816346e+01
2.037458e+03,9.818920e+01
2.037940e+03,9.824384e+01
2.038423e+03,9.832526e+01
2.038905e+03,9.841615e+01
2.039387e+03,9.848609e+01
2.039869e+03,9.850422e+01
2.040351e+03,9.845499e+01
2.040833e+03,9.834830e+01
2.041315e+03,9.821639e+01
2.041798e+03,9.810085e+01
2.042280e+03,9.803517e+01
2.042762e+03,9.803243e+01
2.043244e+03,9.808195e+01
2.043726e+03,9.815749e+01
2.044208e+03,9.823081e+01
2.044690e+03,9.828471e+01
2.045172e+03,9.831714e+01
2.045655e+03,9.833663e+01
2.046137e+03,9.835093e+01
2.046619e+03,9.835838e+01
2.047101e+03,9.834471e+01
2.047583e+03,9.829057e+01
2.048065e+03,9.818301e+01
2.048547e+03,9.802641e+01
2.049029e+03,9.784426e+01
2.049511e+03,9.767080e+01
2.049994e+03,9.753907e+01
2.050476e+03,9.746948e+01
2.050958e+03,9.746397e+01
2.051440e+03,9.750916e+01
2.051922e+03,9.758332e+01
2.052404e+03,9.766502e+01
2.052886e+03,9.773875e+01
2.053368e+03,9.779686e+01
2.053851e+03,9.783781e+01
2.054333e+03,9.786321e+01
2.054815e+03,9.787550e+01
2.055297e+03,9.787805e+01
2.055779e+03,9.787566e+01
2.056261e+03,9.787498e+01
2.056743e+03,9.788239e+01
2.057226e+03,9.790134e+01
2.057708e+03,9.792957e+01
2.058190e+03,9.795865e+01
2.058672e+03,9.797617e+01
2.059154e+03,9.797138e+01
2.059636e+03,9.794118e+01
2.060118e+03,9.789304e+01
2.060600e+03,9.784245e+01
2.061083e+03,9.780727e+01
2.061565e+03,9.779936e+01
2.062047e+03,9.782005e+01
2.062529e+03,9.785862e+01
2.063011e+03,9.789707e+01
2.063493e+03,9.791750e+01
2.063975e+03,9.790965e+01
2.064457e+03,9.787424e+01
2.064939e+03,9.782149e+01
2.065422e+03,9.776572e+01
2.065904e+03,9.771885e+01
2.066386e+03,9.768656e+01
2.066868e+03,9.766830e+01
2.067350e+03,9.766050e+01
2.067832e+03,9.766044e+01
2.068314e+03,9.766821e+01
2.068796e+03,9.768649e+01
2.069279e+03,9.771787e+01
2.069761e+03,9.776178e+01
2.070243e+03,9.781252e+01
2.070725e+03,9.786114e+01
2.071207e+03,9.789817e+01
2.071689e+03,9.791743e+01
2.072171e+03,9.791788e+01
2.072654e+03,9.790289e+01
2.073135e+03,9.787792e+01
2.073618e+03,9.784837e+01
2.074100e+03,9.781747e+01
2.074582e+03,9.778748e+01
2.075064e+03,9.776051e+01
2.075546e+03,9.774002e+01
2.076028e+03,9.773003e+01
2.076510e+03,9.773395e+01
2.076993e+03,9.775198e+01
2.077475e+03,9.778040e+01
2.077957e+03,9.781145e+01
2.078439e+03,9.783684e+01
2.078921e+03,9.785106e+01
2.079403e+03,9.785381e+01
2.079885e+03,9.785032e+01
2.080367e+03,9.784850e+01
2.080850e+03,9.785560e+01
2.081332e+03,9.787498e+01
2.081814e+03,9.790479e+01
2.082296e+03,9.793949e+01
2.082778e+03,9.797286e+01
2.083260e+03,9.800102e+01
2.083742e+03,9.802346e+01
2.084224e+03,9.804250e+01
2.084707e+03,9.806112e+01
2.085189e+03,9.808068e+01
2.085671e+03,9.810007e+01
2.086153e+03,9.811668e+01
2.086635e+03,9.812839e+01
2.087117e+03,9.813550e+01
2.087599e+03,9.814100e+01
2.088082e+03,9.814951e+01
2.088563e+03,9.816506e+01
2.089046e+03,9.818948e+01
2.089528e+03,9.822131e+01
2.090010e+03,9.825716e+01
2.090492e+03,9.829329e+01
2.090974e+03,9.832738e+01
2.091456e+03,9.835847e+01
2.091938e+03,9.838589e+01
2.092421e+03,9.840746e+01
2.092903e+03,9.841863e+01
2.093385e+03,9.841311e+01
2.093867e+03,9.838553e+01
2.094349e+03,9.833477e+01
2.094831e+03,9.826621e+01
2.095313e+03,9.819077e+01
2.095795e+03,9.812194e+01
2.096278e+03,9.807131e+01
2.096760e+03,9.804494e+01
2.097242e+03,9.804159e+01
2.097724e+03,9.805460e+01
2.098206e+03,9.807504e+01
2.098688e+03,9.809534e+01
2.099170e+03,9.811109e+01
2.099652e+03,9.812096e+01
2.100135e+03,9.812487e+01
2.100617e+03,9.812207e+01
2.101099e+03,9.811005e+01
2.101581e+03,9.808589e+01
2.102063e+03,9.804810e+01
2.102545e+03,9.799879e+01
2.103027e+03,9.794316e+01
2.103510e+03,9.788896e+01
2.103991e+03,9.784302e+01
2.104474e+03,9.780970e+01
2.104956e+03,9.778950e+01
2.105438e+03,9.778027e+01
2.105920e+03,9.777914e+01
2.106402e+03,9.778482e+01
2.106884e+03,9.779803e+01
2.107366e+03,9.782089e+01
2.107849e+03,9.785440e+01
2.108331e+03,9.789661e+01
2.108813e+03,9.794147e+01
2.109295e+03,9.798040e+01
2.109777e+03,9.800503e+01
2.110259e+03,9.801073e+01
2.110741e+03,9.799815e+01
2.111223e+03,9.797332e+01
2.111706e+03,9.794556e+01
2.112188e+03,9.792460e+01
2.112670e+03,9.791747e+01
2.113152e+03,9.792725e+01
2.113634e+03,9.795281e+01
2.114116e+03,9.798994e+01
2.114598e+03,9.803247e+01
2.115080e+03,9.807412e+01
2.115562e+03,9.810918e+01
2.116045e+03,9.813346e+01
2.116527e+03,9.814495e+01
2.117009e+03,9.814442e+01
2.117491e+03,9.813541e+01
2.117973e+03,9.812393e+01
2.118455e+03,9.811633e+01
2.118938e+03,9.811765e+01
2.119420e+03,9.812975e+01
2.119902e+03,9.815102e+01
2.120384e+03,9.817686e+01
2.120866e+03,9.820209e+01
2.121348e+03,9.822302e+01
2.121830e+03,9.823911e+01
2.122312e+03,9.825268e+01
2.122794e+03,9.826740e+01
2.123277e+03,9.828625e+01
2.123759e+03,9.831020e+01
2.124241e+03,9.833759e+01
2.124723e+03,9.836563e+01
2.125205e+03,9.839187e+01
2.125687e+03,9.841553e+01
2.126169e+03,9.843710e+01
2.126651e+03,9.845718e+01
2.127134e+03,9.847491e+01
2.127616e+03,9.848738e+01
2.128098e+03,9.849030e+01
2.128580e+03,9.848036e+01
2.129062e+03,9.845825e+01
2.129544e+03,9.842941e+01
2.130026e+03,9.840301e+01
2.130509e+03,9.838898e+01
2.130990e+03,9.839392e+01
2.131473e+03,9.841850e+01
2.131955e+03,9.845692e+01
2.132437e+03,9.849921e+01
2.132919e+03,9.853544e+01
2.133401e+03,9.855961e+01
2.133883e+03,9.857099e+01
2.134365e+03,9.857256e+01
2.134848e+03,9.856786e+01
2.135330e+03,9.855786e+01
2.135812e+03,9.853917e+01
2.136294e+03,9.850696e+01
2.136776e+03,9.845830e+01
2.137258e+03,9.839616e+01
2.137740e+03,9.833000e+01
2.138222e+03,9.827332e+01
2.138705e+03,9.823915e+01
2.139187e+03,9.823611e+01
2.139669e+03,9.826513e+01
2.140151e+03,9.832043e+01
2.140633e+03,9.839223e+01
2.141115e+03,9.847070e+01
2.141597e+03,9.854768e+01
2.142079e+03,9.861745e+01
2.142562e+03,9.867462e+01
2.143044e+03,9.871307e+01
2.143526e+03,9.872564e+01
2.144008e+03,9.870790e+01
2.144490e+03,9.866244e+01
2.144972e+03,9.860149e+01
2.145454e+03,9.854481e+01
2.145937e+03,9.851534e+01
2.146418e+03,9.853143e+01
2.146901e+03,9.860069e+01
2.147383e+03,9.871632e+01
2.147865e+03,9.886041e+01
2.148347e+03,9.901035e+01
2.148829e+03,9.914792e+01
2.149311e+03,9.926456e+01
2.149793e+03,9.936224e+01
2.150276e+03,9.944849e+01
2.150758e+03,9.953067e+01
2.151240e+03,9.961021e+01
2.151722e+03,9.968276e+01
2.152204e+03,9.974113e+01
2.152686e+03,9.978138e+01
2.153168e+03,9.980592e+01
2.153650e+03,9.982437e+01
2.154133e+03,9.985020e+01
2.154615e+03,9.989634e+01
2.155097e+03,9.996944e+01
2.155579e+03,1.000672e+02
2.156061e+03,1.001785e+02
2.156543e+03,1.002850e+02
2.157025e+03,1.003633e+02
2.157507e+03,1.003873e+02
2.157990e+03,1.003321e+02
2.158472e+03,1.001790e+02
2.158954e+03,9.992390e+01
2.159436e+03,9.958500e+01
2.159918e+03,9.920228e+01
2.160400e+03,9.882468e+01
2.160882e+03,9.849228e+01
2.161365e+03,9.822604e+01
2.161846e+03,9.802575e+01
2.162329e+03,9.787697e+01
2.162811e+03,9.775964e+01
2.163293e+03,9.765915e+01
2.163775e+03,9.757188e+01
2.164257e+03,9.750651e+01
2.164739e+03,9.747682e+01
2.165221e+03,9.749591e+01
2.165704e+03,9.756645e+01
2.166186e+03,9.767887e+01
2.166668e+03,9.781032e+01
2.167150e+03,9.793407e+01
2.167632e+03,9.802677e+01
2.168114e+03,9.807714e+01
2.168596e+03,9.808681e+01
2.169078e+03,9.806886e+01
2.169561e+03,9.804102e+01
2.170043e+03,9.802116e+01
2.170525e+03,9.802343e+01
2.171007e+03,9.805763e+01
2.171489e+03,9.812917e+01
2.171971e+03,9.823917e+01
2.172453e+03,9.838340e+01
2.172935e+03,9.855099e+01
2.173417e+03,9.872398e+01
2.173900e+03,9.887823e+01
2.174382e+03,9.898694e+01
2.174864e+03,9.902950e+01
2.175346e+03,9.899867e+01
2.175828e+03,9.890434e+01
2.176310e+03,9.877013e+01
2.176792e+03,9.862536e+01
2.177274e+03,9.849648e+01
2.177757e+03,9.840015e+01
2.178239e+03,9.834073e+01
2.178721e+03,9.831258e+01
2.179203e+03,9.830359e+01
2.179685e+03,9.830046e+01
2.180167e+03,9.829099e+01
2.180649e+03,9.826705e+01
2.181132e+03,9.822536e+01
2.181614e+03,9.816874e+01
2.182096e+03,9.810668e+01
2.182578e+03,9.805498e+01
2.183060e+03,9.803275e+01
2.183542e+03,9.805654e+01
2.184024e+03,9.813230e+01
2.184506e+03,9.825121e+01
2.184989e+03,9.838903e+01
2.185471e+03,9.851204e+01
2.185953e+03,9.858607e+01
2.186435e+03,9.858985e+01
2.186917e+03,9.852276e+01
2.187399e+03,9.840637e+01
2.187881e+03,9.827459e+01
2.188363e+03,9.816115e+01
2.188845e+03,9.808759e+01
2.189328e+03,9.805646e+01
2.189810e+03,9.805267e+01
2.190292e+03,9.805287e+01
2.190774e+03,9.803637e+01
2.191256e+03,9.799558e+01
2.191738e+03,9.793860e+01
2.192220e+03,9.788512e+01
2.192702e+03,9.785720e+01
2.193185e+03,9.786989e+01
2.193667e+03,9.792439e+01
2.194149e+03,9.800809e+01
2.194631e+03,9.809943e+01
2.195113e+03,9.817612e+01
2.195595e+03,9.822212e+01
2.196077e+03,9.823118e+01
2.196560e+03,9.820637e+01
2.197042e+03,9.815723e+01
2.197524e+03,9.809459e+01
2.198006e+03,9.802869e+01
2.198488e+03,9.796642e+01
2.198970e+03,9.791175e+01
2.199452e+03,9.786514e+01
2.199934e+03,9.782534e+01
2.200417e+03,9.778989e+01
2.200899e+03,9.775719e+01
2.201381e+03,9.772686e+01
2.201863e+03,9.770161e+01
2.202345e+03,9.768654e+01
2.202827e+03,9.768768e+01
2.203309e+03,9.770910e+01
2.203791e+03,9.775038e+01
2.204273e+03,9.780550e+01
2.204756e+03,9.786365e+01
2.205238e+03,9.791231e+01
2.205720e+03,9.794204e+01
2.206202e+03,9.795003e+01
2.206684e+03,9.794157e+01
2.207166e+03,9.792657e+01
2.207648e+03,9.791530e+01
2.208130e+03,9.791323e+01
2.208613e+03,9.791840e+01
2.209095e+03,9.792225e+01
2.209577e+03,9.791405e+01
2.210059e+03,9.788605e+01
2.210541e+03,9.783784e+01
2.211023e+03,9.777686e+01
2.211505e+03,9.771562e+01
2.211988e+03,9.766717e+01
2.212469e+03,9.764110e+01
2.212952e+03,9.764038e+01
2.213434e+03,9.766199e+01
2.213916e+03,9.769904e+01
2.214398e+03,9.774384e+01
2.214880e+03,9.778982e+01
2.215362e+03,9.783240e+01
2.215844e+03,9.786806e+01
2.216327e+03,9.789397e+01
2.216809e+03,9.790675e+01
2.217291e+03,9.790389e+01
2.217773e+03,9.788485e+01
2.218255e+03,9.785233e+01
2.218737e+03,9.781098e+01
2.219219e+03,9.776689e+01
2.219701e+03,9.772512e+01
2.220184e+03,9.768919e+01
2.220666e+03,9.766037e+01
2.221148e+03,9.763899e+01
2.221630e+03,9.762595e+01
2.222112e+03,9.762297e+01
2.222594e+03,9.763196e+01
2.223076e+03,9.765366e+01
2.223558e+03,9.768596e+01
2.224041e+03,9.772383e+01
2.224523e+03,9.775959e+01
2.225005e+03,9.778574e+01
2.225487e+03,9.779779e+01
2.225969e+03,9.779581e+01
2.226451e+03,9.778397e+01
2.226933e+03,9.776891e+01
2.227416e+03,9.775632e+01
2.227897e+03,9.774885e+01
2.228380e+03,9.774525e+01
2.228862e+03,9.774146e+01
2.229344e+03,9.773268e+01
2.229826e+03,9.771577e+01
2.230308e+03,9.769003e+01
2.230790e+03,9.765766e+01
2.231272e+03,9.762237e+01
2.231755e+03,9.758869e+01
2.232237e+03,9.756050e+01
2.232719e+03,9.754125e+01
2.233201e+03,9.753342e+01
2.233683e+03,9.753841e+01
2.234165e+03,9.755579e+01
2.234647e+03,9.758270e+01
2.235129e+03,9.761407e+01
2.235612e+03,9.764350e+01
2.236094e+03,9.766467e+01
2.236576e+03,9.767392e+01
2.237058e+03,9.767188e+01
2.237540e+03,9.766354e+01
2.238022e+03,9.765584e+01
2.238504e+03,9.765543e+01
2.238986e+03,9.766547e+01
2.239469e+03,9.768443e+01
2.239951e+03,9.770617e+01
2.240433e+03,9.772273e+01
2.240915e+03,9.772704e+01
2.241397e+03,9.771550e+01
2.241879e+03,9.768848e+01
2.242361e+03,9.764965e+01
2.242844e+03,9.760403e+01
2.243326e+03,9.755665e+01
2.243808e+03,9.751137e+01
2.244290e+03,9.747125e+01
2.244772e+03,9.743935e+01
2.245254e+03,9.741907e+01
2.245736e+03,9.741354e+01
2.246218e+03,9.742504e+01
2.246700e+03,9.745324e+01
2.247183e+03,9.749503e+01
2.247665e+03,9.754426e+01
2.248147e+03,9.759351e+01
2.248629e+03,9.763607e+01
2.249111e+03,9.766774e+01
2.249593e+03,9.768719e+01
2.250075e+03,9.769587e+01
2.250557e+03,9.769676e+01
2.251040e+03,9.769280e+01
2.251522e+03,9.768604e+01
2.252004e+03,9.767767e+01
2.252486e+03,9.766800e+01
2.252968e+03,9.765700e+01
2.253450e+03,9.764389e+01
2.253932e+03,9.762720e+01
2.254415e+03,9.760494e+01
2.254896e+03,9.757491e+01
2.255379e+03,9.753589e+01
2.255861e+03,9.748868e+01
2.256343e+03,9.743694e+01
2.256825e+03,9.738674e+01
2.257307e+03,9.734493e+01
2.257789e+03,9.731711e+01
2.258271e+03,9.730564e+01
2.258754e+03,9.730932e+01
2.259236e+03,9.732365e+01
2.259718e+03,9.734277e+01
2.260200e+03,9.736161e+01
2.260682e+03,9.737766e+01
2.261164e+03,9.739095e+01
2.261646e+03,9.740377e+01
2.262128e+03,9.741899e+01
2.262611e+03,9.743874e+01
2.263093e+03,9.746339e+01
2.263575e+03,9.749175e+01
2.264057e+03,9.752172e+01
2.264539e+03,9.755095e+01
2.265021e+03,9.757728e+01
2.265503e+03,9.759877e+01
2.265985e+03,9.761370e+01
2.266468e+03,9.762061e+01
2.266950e+03,9.761848e+01
2.267432e+03,9.760760e+01
2.267914e+03,9.758997e+01
2.268396e+03,9.756925e+01
2.268878e+03,9.754964e+01
2.269360e+03,9.753510e+01
2.269843e+03,9.752786e+01
2.270324e+03,9.752807e+01
2.270807e+03,9.753371e+01
2.271289e+03,9.754175e+01
2.271771e+03,9.754892e+01
2.272253e+03,9.755277e+01
2.272735e+03,9.755161e+01
2.273217e+03,9.754465e+01
2.273699e+03,9.753146e+01
2.274182e+03,9.751221e+01
2.274664e+03,9.748759e+01
2.275146e+03,9.745940e+01
2.275628e+03,9.743047e+01
2.276110e+03,9.740441e+01
2.276592e+03,9.738428e+01
2.277074e+03,9.737155e+01
2.277556e+03,9.736553e+01
2.278039e+03,9.736344e+01
2.278521e+03,9.736138e+01
2.279003e+03,9.735581e+01
2.279485e+03,9.734488e+01
2.279967e+03,9.732914e+01
2.280449e+03,9.731076e+01
2.280931e+03,9.729263e+01
2.281413e+03,9.727705e+01
2.281896e+03,9.726497e+01
2.282378e+03,9.725581e+01
2.282860e+03,9.724828e+01
2.283342e+03,9.724117e+01
2.283824e+03,9.723384e+01
2.284306e+03,9.722620e+01
2.284788e+03,9.721821e+01
2.285271e+03,9.720954e+01
2.285752e+03,9.719929e+01
2.286235e+03,9.718617e+01
2.286717e+03,9.716948e+01
2.287199e+03,9.714973e+01
2.287681e+03,9.712898e+01
2.288163e+03,9.711031e+01
2.288645e+03,9.709701e+01
2.289127e+03,9.709152e+01
2.289610e+03,9.709467e+01
2.290092e+03,9.710551e+01
2.290574e+03,9.712182e+01
2.291056e+03,9.714091e+01
2.291538e+03,9.716053e+01
2.292020e+03,9.717911e+01
2.292502e+03,9.719596e+01
2.292984e+03,9.721103e+01
2.293467e+03,9.722460e+01
2.293949e+03,9.723693e+01
2.294431e+03,9.724847e+01
2.294913e+03,9.725953e+01
2.295395e+03,9.727040e+01
2.295877e+03,9.728098e+01
2.296359e+03,9.729063e+01
2.296841e+03,9.729817e+01
2.297323e+03,9.730229e+01
2.297806e+03,9.730206e+01
2.298288e+03,9.729766e+01
2.298770e+03,9.729065e+01
2.299252e+03,9.728374e+01
2.299734e+03,9.727974e+01
2.300216e+03,9.728054e+01
2.300698e+03,9.728626e+01
2.301180e+03,9.729507e+01
2.301663e+03,9.730392e+01
2.302145e+03,9.730964e+01
2.302627e+03,9.731049e+01
2.303109e+03,9.730667e+01
2.303591e+03,9.730038e+01
2.304073e+03,9.729480e+01
2.304555e+03,9.729288e+01
2.305038e+03,9.729631e+01
2.305520e+03,9.730495e+01
2.306002e+03,9.731710e+01
2.306484e+03,9.733016e+01
2.306966e+03,9.734158e+01
2.307448e+03,9.734926e+01
2.307930e+03,9.735194e+01
2.308412e+03,9.734908e+01
2.308895e+03,9.734086e+01
2.309377e+03,9.732817e+01
2.309859e+03,9.731275e+01
2.310341e+03,9.729717e+01
2.310823e+03,9.728444e+01
2.311305e+03,9.727707e+01
2.311787e+03,9.727611e+01
2.312269e+03,9.728051e+01
2.312751e+03,9.728703e+01
2.313234e+03,9.729117e+01
2.313716e+03,9.728883e+01
2.314198e+03,9.727792e+01
2.314680e+03,9.725922e+01
2.315162e+03,9.723610e+01
2.315644e+03,9.721324e+01
2.316126e+03,9.719493e+01
2.316608e+03,9.718342e+01
2.317091e+03,9.717820e+01
2.317573e+03,9.717651e+01
2.318055e+03,9.717423e+01
2.318537e+03,9.716747e+01
2.319019e+03,9.715345e+01
2.319501e+03,9.713080e+01
2.319983e+03,9.709948e+01
2.320466e+03,9.706009e+01
2.320948e+03,9.701368e+01
2.321430e+03,9.696222e+01
2.321912e+03,9.690926e+01
2.322394e+03,9.686038e+01
2.322876e+03,9.682275e+01
2.323358e+03,9.680394e+01
2.323840e+03,9.680973e+01
2.324323e+03,9.684267e+01
2.324805e+03,9.690083e+01
2.325287e+03,9.697837e+01
2.325769e+03,9.706674e+01
2.326251e+03,9.715635e+01
2.326733e+03,9.723834e+01
2.327215e+03,9.730608e+01
2.327697e+03,9.735603e+01
2.328179e+03,9.738799e+01
2.328662e+03,9.740463e+01
2.329144e+03,9.741065e+01
2.329626e+03,9.741155e+01
2.330108e+03,9.741201e+01
2.330590e+03,9.741493e+01
2.331072e+03,9.742091e+01
2.331554e+03,9.742844e+01
2.332036e+03,9.743494e+01
2.332519e+03,9.743768e+01
2.333001e+03,9.743538e+01
2.333483e+03,9.742863e+01
2.333965e+03,9.741997e+01
2.334447e+03,9.741296e+01
2.334929e+03,9.741098e+01
2.335411e+03,9.741586e+01
2.335894e+03,9.742719e+01
2.336375e+03,9.744218e+01
2.336858e+03,9.745652e+01
2.337340e+03,9.746577e+01
2.337822e+03,9.746697e+01
2.338304e+03,9.745924e+01
2.338786e+03,9.744409e+01
2.339268e+03,9.742479e+01
2.339750e+03,9.740538e+01
2.340233e+03,9.738951e+01
2.340715e+03,9.737971e+01
2.341197e+03,9.737706e+01
2.341679e+03,9.738111e+01
2.342161e+03,9.739011e+01
2.342643e+03,9.740141e+01
2.343125e+03,9.741216e+01
2.343607e+03,9.741979e+01
2.344090e+03,9.742279e+01
2.344572e+03,9.742099e+01
2.345054e+03,9.741578e+01
2.345536e+03,9.740945e+01
2.346018e+03,9.740407e+01
2.346500e+03,9.740064e+01
2.346982e+03,9.739883e+01
2.347464e+03,9.739727e+01
2.347947e+03,9.739416e+01
2.348429e+03,9.738803e+01
2.348911e+03,9.737823e+01
2.349393e+03,9.736520e+01
2.349875e+03,9.735026e+01
2.350357e+03,9.733557e+01
2.350839e+03,9.732343e+01
2.351322e+03,9.731577e+01
2.351803e+03,9.731344e+01
2.352286e+03,9.731609e+01
2.352768e+03,9.732236e+01
2.353250e+03,9.733071e+01
2.353732e+03,9.733995e+01
2.354214e+03,9.734940e+01
2.354696e+03,9.735856e+01
2.355178e+03,9.736663e+01
2.355661e+03,9.737238e+01
2.356143e+03,9.737452e+01
2.356625e+03,9.737287e+01
2.357107e+03,9.736915e+01
2.357589e+03,9.736681e+01
2.358071e+03,9.737046e+01
2.358553e+03,9.738392e+01
2.359035e+03,9.740881e+01
2.359518e+03,9.744311e+01
2.360000e+03,9.748179e+01
2.360482e+03,9.751820e+01
2.360964e+03,9.754644e+01
2.361446e+03,9.756277e+01
2.361928e+03,9.756670e+01
2.362410e+03,9.756049e+01
2.362892e+03,9.754834e+01
2.363375e+03,9.753479e+01
2.363857e+03,9.752364e+01
2.364339e+03,9.751712e+01
2.364821e+03,9.751573e+01
2.365303e+03,9.751807e+01
2.365785e+03,9.752133e+01
2.366267e+03,9.752215e+01
2.366750e+03,9.751738e+01
2.367232e+03,9.750497e+01
2.367714e+03,9.748489e+01
2.368196e+03,9.745909e+01
2.368678e+03,9.743134e+01
2.369160e+03,9.740591e+01
2.369642e+03,9.738638e+01
2.370124e+03,9.737479e+01
2.370606e+03,9.737131e+01
2.371089e+03,9.737430e+01
2.371571e+03,9.738132e+01
2.372053e+03,9.738985e+01
2.372535e+03,9.739791e+01
2.373017e+03,9.740398e+01
2.373499e+03,9.740699e+01
2.373981e+03,9.740604e+01
2.374463e+03,9.740041e+01
2.374946e+03,9.738985e+01
2.375428e+03,9.737504e+01
2.375910e+03,9.735794e+01
2.376392e+03,9.734142e+01
2.376874e+03,9.732871e+01
2.377356e+03,9.732228e+01
2.377838e+03,9.732307e+01
2.378321e+03,9.733006e+01
2.378802e+03,9.734046e+01
2.379285e+03,9.735060e+01
2.379767e+03,9.735705e+01
2.380249e+03,9.735741e+01
2.380731e+03,9.735086e+01
2.381213e+03,9.733806e+01
2.381695e+03,9.732058e+01
2.382177e+03,9.730043e+01
2.382660e+03,9.727933e+01
2.383142e+03,9.725864e+01
2.383624e+03,9.723944e+01
2.384106e+03,9.722261e+01
2.384588e+03,9.720898e+01
2.385070e+03,9.719944e+01
2.385552e+03,9.719460e+01
2.386034e+03,9.719476e+01
2.386517e+03,9.719954e+01
2.386999e+03,9.720792e+01
2.387481e+03,9.721853e+01
2.387963e+03,9.722974e+01
2.388445e+03,9.724003e+01
2.388927e+03,9.724825e+01
2.389409e+03,9.725373e+01
2.389891e+03,9.725640e+01
2.390374e+03,9.725666e+01
2.390856e+03,9.725542e+01
2.391338e+03,9.725388e+01
2.391820e+03,9.725319e+01
2.392302e+03,9.725407e+01
2.392784e+03,9.725648e+01
2.393266e+03,9.725950e+01
2.393749e+03,9.726152e+01
2.394230e+03,9.726076e+01
2.394713e+03,9.725584e+01
2.395195e+03,9.724664e+01
2.395677e+03,9.723420e+01
2.396159e+03,9.722069e+01
2.396641e+03,9.720862e+01
2.397123e+03,9.720007e+01
2.397605e+03,9.719619e+01
2.398088e+03,9.719684e+01
2.398570e+03,9.720087e+01
2.399052e+03,9.720680e+01
2.399534e+03,9.721320e+01
2.400016e+03,9.721903e+01
2.400498e+03,9.722364e+01
2.400980e+03,9.722640e+01
2.401462e+03,9.722666e+01
2.401945e+03,9.722344e+01
2.402427e+03,9.721593e+01
2.402909e+03,9.720392e+01
2.403391e+03,9.718806e+01
2.403873e+03,9.716994e+01
2.404355e+03,9.715179e+01
2.404837e+03,9.713567e+01
2.405319e+03,9.712297e+01
2.405802e+03,9.711399e+01
2.406284e+03,9.710804e+01
2.406766e+03,9.710400e+01
2.407248e+03,9.710085e+01
2.407730e+03,9.709809e+01
2.408212e+03,9.709583e+01
2.408694e+03,9.709447e+01
2.409177e+03,9.709429e+01
2.409658e+03,9.709505e+01
2.410141e+03,9.709597e+01
2.410623e+03,9.709610e+01
2.411105e+03,9.709467e+01
2.411587e+03,9.709147e+01
2.412069e+03,9.708677e+01
2.412551e+03,9.708120e+01
2.413033e+03,9.707526e+01
2.413516e+03,9.706894e+01
2.413998e+03,9.706185e+01
2.414480e+03,9.705341e+01
2.414962e+03,9.704335e+01
2.415444e+03,9.703211e+01
2.415926e+03,9.702084e+01
2.416408e+03,9.701113e+01
2.416890e+03,9.700462e+01
2.417373e+03,9.700215e+01
2.417855e+03,9.700373e+01
2.418337e+03,9.700842e+01
2.418819e+03,9.701475e+01
2.419301e+03,9.702112e+01
2.419783e+03,9.702627e+01
2.420265e+03,9.702949e+01
2.420747e+03,9.703052e+01
2.421229e+03,9.702935e+01
2.421712e+03,9.702612e+01
2.422194e+03,9.702104e+01
2.422676e+03,9.701440e+01
2.423158e+03,9.700677e+01
2.423640e+03,9.699877e+01
2.424122e+03,9.699118e+01
2.424604e+03,9.698463e+01
2.425086e+03,9.697931e+01
2.425569e+03,9.697488e+01
2.426051e+03,9.697057e+01
2.426533e+03,9.696543e+01
2.427015e+03,9.695859e+01
2.427497e+03,9.694949e+01
2.427979e+03,9.693807e+01
2.428461e+03,9.692471e+01
2.428944e+03,9.690994e+01
2.429426e+03,9.689427e+01
2.429908e+03,9.687803e+01
2.430390e+03,9.686133e+01
2.430872e+03,9.684423e+01
2.431354e+03,9.682676e+01
2.431836e+03,9.680921e+01
2.432318e+03,9.679231e+01
2.432801e+03,9.677690e+01
2.433283e+03,9.676389e+01
2.433765e+03,9.675381e+01
2.434247e+03,9.674673e+01
2.434729e+03,9.674178e+01
2.435211e+03,9.673748e+01
2.435693e+03,9.673210e+01
2.436175e+03,9.672392e+01
2.436657e+03,9.671191e+01
2.437140e+03,9.669604e+01
2.437622e+03,9.667729e+01
2.438104e+03,9.665742e+01
2.438586e+03,9.663832e+01
2.439068e+03,9.662154e+01
2.439550e+03,9.660786e+01
2.440032e+03,9.659725e+01
2.440514e+03,9.658911e+01
2.440997e+03,9.658251e+01
2.441479e+03,9.657684e+01
2.441961e+03,9.657187e+01
2.442443e+03,9.656767e+01
2.442925e+03,9.656434e+01
2.443407e+03,9.656179e+01
2.443889e+03,9.655958e+01
2.444372e+03,9.655681e+01
2.444854e+03,9.655257e+01
2.445336e+03,9.654607e+01
2.445818e+03,9.653704e+01
2.446300e+03,9.652556e+01
2.446782e+03,9.651199e+01
2.447264e+03,9.649688e+01
2.447746e+03,9.648093e+01
2.448229e+03,9.646482e+01
2.448711e+03,9.644951e+01
2.449193e+03,9.643610e+01
2.449675e+03,9.642570e+01
2.450157e+03,9.641895e+01
2.450639e+03,9.641560e+01
2.451121e+03,9.641438e+01
2.451604e+03,9.641318e+01
2.452085e+03,9.640962e+01
2.452568e+03,9.640199e+01
2.453050e+03,9.639008e+01
2.453532e+03,9.637550e+01
2.454014e+03,9.636133e+01
2.454496e+03,9.635109e+01
2.454978e+03,9.634778e+01
2.455460e+03,9.635259e+01
2.455943e+03,9.636466e+01
2.456425e+03,9.638126e+01
2.456907e+03,9.639886e+01
2.457389e+03,9.641425e+01
2.457871e+03,9.642534e+01
2.458353e+03,9.643165e+01
2.458835e+03,9.643393e+01
2.459317e+03,9.643373e+01
2.459800e+03,9.643246e+01
2.460282e+03,9.643101e+01
2.460764e+03,9.642965e+01
2.461246e+03,9.642822e+01
2.461728e+03,9.642635e+01
2.462210e+03,9.642364e+01
2.462692e+03,9.641987e+01
2.463174e+03,9.641479e+01
2.463656e+03,9.640807e+01
2.464139e+03,9.639935e+01
2.464621e+03,9.638850e+01
2.465103e+03,9.637593e+01
2.465585e+03,9.636262e+01
2.466067e+03,9.635026e+01
2.466549e+03,9.634076e+01
2.467031e+03,9.633576e+01
2.467513e+03,9.633612e+01
2.467996e+03,9.634153e+01
2.468478e+03,9.635055e+01
2.468960e+03,9.636124e+01
2.469442e+03,9.637136e+01
2.469924e+03,9.637927e+01
2.470406e+03,9.638407e+01
2.470888e+03,9.638577e+01
2.471371e+03,9.638491e+01
2.471853e+03,9.638226e+01
2.472335e+03,9.637846e+01
2.472817e+03,9.637379e+01
2.473299e+03,9.636820e+01
2.473781e+03,9.636147e+01
2.474263e+03,9.635358e+01
2.474745e+03,9.634478e+01
2.475228e+03,9.633582e+01
2.475710e+03,9.632766e+01
2.476192e+03,9.632141e+01
2.476674e+03,9.631786e+01
2.477156e+03,9.631722e+01
2.477638e+03,9.631897e+01
2.478120e+03,9.632200e+01
2.478602e+03,9.632495e+01
2.479084e+03,9.632649e+01
2.479567e+03,9.632576e+01
2.480049e+03,9.632262e+01
2.480531e+03,9.631743e+01
2.481013e+03,9.631084e+01
2.481495e+03,9.630344e+01
2.481977e+03,9.629536e+01
2.482459e+03,9.628641e+01
2.482941e+03,9.627600e+01
2.483424e+03,9.626366e+01
2.483906e+03,9.624944e+01
2.484388e+03,9.623398e+01
2.484870e+03,9.621850e+01
2.485352e+03,9.620439e+01
2.485834e+03,9.619281e+01
2.486316e+03,9.618431e+01
2.486799e+03,9.617859e+01
2.487281e+03,9.617459e+01
2.487763e+03,9.617095e+01
2.488245e+03,9.616634e+01
2.488727e+03,9.615984e+01
2.489209e+03,9.615104e+01
2.489691e+03,9.614027e+01
2.490173e+03,9.612830e+01
2.490656e+03,9.611621e+01
2.491138e+03,9.610511e+01
2.491620e+03,9.609599e+01
2.492102e+03,9.608946e+01
2.492584e+03,9.608559e+01
2.493066e+03,9.608378e+01
2.493548e+03,9.608279e+01
2.494030e+03,9.608109e+01
2.494512e+03,9.607707e+01
2.494995e+03,9.606966e+01
2.495477e+03,9.605859e+01
2.495959e+03,9.604456e+01
2.496441e+03,9.602893e+01
2.496923e+03,9.601330e+01
2.497405e+03,9.599897e+01
2.497887e+03,9.598647e+01
2.498370e+03,9.597541e+01
2.498852e+03,9.596467e+01
2.499334e+03,9.595297e+01
2.499816e+03,9.593930e+01
2.500298e+03,9.592339e+01
2.500780e+03,9.590577e+01
2.501262e+03,9.588768e+01
2.501744e+03,9.587068e+01
2.502227e+03,9.585625e+01
2.502709e+03,9.584526e+01
2.503191e+03,9.583807e+01
2.503673e+03,9.583422e+01
2.504155e+03,9.583258e+01
2.504637e+03,9.583160e+01
2.505119e+03,9.582943e+01
2.505601e+03,9.582430e+01
2.506083e+03,9.581483e+01
2.506566e+03,9.580032e+01
2.507048e+03,9.578100e+01
2.507530e+03,9.575814e+01
2.508012e+03,9.573363e+01
2.508494e+03,9.570960e+01
2.508976e+03,9.568800e+01
2.509458e+03,9.566994e+01
2.509940e+03,9.565553e+01
2.510423e+03,9.564389e+01
2.510905e+03,9.563351e+01
2.511387e+03,9.562266e+01
2.511869e+03,9.560979e+01
2.512351e+03,9.559377e+01
2.512833e+03,9.557407e+01
2.513315e+03,9.555072e+01
2.513798e+03,9.552415e+01
2.514280e+03,9.549511e+01
2.514762e+03,9.546478e+01
2.515244e+03,9.543473e+01
2.515726e+03,9.540678e+01
2.516208e+03,9.538298e+01
2.516690e+03,9.536516e+01
2.517172e+03,9.535455e+01
2.517655e+03,9.535137e+01
2.518137e+03,9.535461e+01
2.518619e+03,9.536208e+01
2.519101e+03,9.537083e+01
2.519583e+03,9.537762e+01
2.520065e+03,9.537968e+01
2.520547e+03,9.537522e+01
2.521029e+03,9.536391e+01
2.521511e+03,9.534657e+01
2.521994e+03,9.532513e+01
2.522476e+03,9.530206e+01
2.522958e+03,9.527969e+01
2.523440e+03,9.525981e+01
2.523922e+03,9.524330e+01
2.524404e+03,9.523019e+01
2.524886e+03,9.521992e+01
2.525368e+03,9.521167e+01
2.525851e+03,9.520453e+01
2.526333e+03,9.519791e+01
2.526815e+03,9.519153e+01
2.527297e+03,9.518510e+01
2.527779e+03,9.517845e+01
2.528261e+03,9.517126e+01
2.528743e+03,9.516322e+01
2.529226e+03,9.515417e+01
2.529708e+03,9.514424e+01
2.530190e+03,9.513395e+01
2.530672e+03,9.512407e+01
2.531154e+03,9.511543e+01
2.531636e+03,9.510846e+01
2.532118e+03,9.510318e+01
2.532600e+03,9.509916e+01
2.533083e+03,9.509575e+01
2.533565e+03,9.509260e+01
2.534047e+03,9.508999e+01
2.534529e+03,9.508890e+01
2.535011e+03,9.509075e+01
2.535493e+03,9.509676e+01
2.535975e+03,9.510748e+01
2.536457e+03,9.512222e+01
2.536939e+03,9.513911e+01
2.537422e+03,9.515554e+01
2.537904e+03,9.516900e+01
2.538386e+03,9.517783e+01
2.538868e+03,9.518182e+01
2.539350e+03,9.518214e+01
2.539832e+03,9.518103e+01
2.540314e+03,9.518092e+01
2.540796e+03,9.518372e+01
2.541279e+03,9.519026e+01
2.541761e+03,9.520023e+01
2.542243e+03,9.521246e+01
2.542725e+03,9.522538e+01
2.543207e+03,9.523773e+01
2.543689e+03,9.524876e+01
2.544171e+03,9.525829e+01
2.544654e+03,9.526674e+01
2.545135e+03,9.527453e+01
2.545618e+03,9.528208e+01
2.546100e+03,9.528952e+01
2.546582e+03,9.529670e+01
2.547064e+03,9.530333e+01
2.547546e+03,9.530913e+01
2.548028e+03,9.531403e+01
2.548510e+03,9.531812e+01
2.548993e+03,9.532175e+01
2.549475e+03,9.532549e+01
2.549957e+03,9.532993e+01
2.550439e+03,9.533560e+01
2.550921e+03,9.534273e+01
2.551403e+03,9.535122e+01
2.551885e+03,9.536044e+01
2.552367e+03,9.536936e+01
2.552850e+03,9.537657e+01
2.553332e+03,9.538065e+01
2.553814e+03,9.538048e+01
2.554296e+03,9.537570e+01
2.554778e+03,9.536684e+01
2.555260e+03,9.535547e+01
2.555742e+03,9.534393e+01
2.556224e+03,9.533494e+01
2.556707e+03,9.533075e+01
2.557189e+03,9.533270e+01
2.557671e+03,9.534069e+01
2.558153e+03,9.535300e+01
2.558635e+03,9.536679e+01
2.559117e+03,9.537879e+01
2.559599e+03,9.538607e+01
2.560082e+03,9.538698e+01
2.560563e+03,9.538145e+01
2.561046e+03,9.537096e+01
2.561528e+03,9.535818e+01
2.562010e+03,9.534586e+01
2.562492e+03,9.533623e+01
2.562974e+03,9.533023e+01
2.563456e+03,9.532745e+01
2.563938e+03,9.532640e+01
2.564421e+03,9.532516e+01
2.564903e+03,9.532211e+01
2.565385e+03,9.531644e+01
2.565867e+03,9.530849e+01
2.566349e+03,9.529940e+01
2.566831e+03,9.529084e+01
2.567313e+03,9.528441e+01
2.567795e+03,9.528112e+01
2.568278e+03,9.528122e+01
2.568760e+03,9.528425e+01
2.569242e+03,9.528914e+01
2.569724e+03,9.529466e+01
2.570206e+03,9.529965e+01
2.570688e+03,9.530324e+01
2.571170e+03,9.530479e+01
2.571652e+03,9.530384e+01
2.572135e+03,9.530005e+01
2.572617e+03,9.529289e+01
2.573099e+03,9.528185e+01
2.573581e+03,9.526655e+01
2.574063e+03,9.524696e+01
2.574545e+03,9.522395e+01
2.575027e+03,9.519914e+01
2.575510e+03,9.517513e+01
2.575991e+03,9.515480e+01
2.576474e+03,9.514088e+01
2.576956e+03,9.513505e+01
2.577438e+03,9.513751e+01
2.577920e+03,9.514687e+01
2.578402e+03,9.516033e+01
2.578884e+03,9.517452e+01
2.579366e+03,9.518623e+01
2.579849e+03,9.519315e+01
2.580331e+03,9.519438e+01
2.580813e+03,9.519016e+01
2.581295e+03,9.518149e+01
2.581777e+03,9.516962e+01
2.582259e+03,9.515546e+01
2.582741e+03,9.513954e+01
2.583223e+03,9.512201e+01
2.583706e+03,9.510303e+01
2.584188e+03,9.508295e+01
2.584670e+03,9.506248e+01
2.585152e+03,9.504259e+01
2.585634e+03,9.502406e+01
2.586116e+03,9.500745e+01
2.586598e+03,9.499291e+01
2.587080e+03,9.498026e+01
2.587562e+03,9.496923e+01
2.588045e+03,9.495966e+01
2.588527e+03,9.495154e+01
2.589009e+03,9.494485e+01
2.589491e+03,9.493938e+01
2.589973e+03,9.493442e+01
2.590455e+03,9.492870e+01
2.590938e+03,9.492077e+01
2.591419e+03,9.490922e+01
2.591902e+03,9.489323e+01
2.592384e+03,9.487302e+01
2.592866e+03,9.484956e+01
2.593348e+03,9.482445e+01
2.593830e+03,9.479939e+01
2.594312e+03,9.477564e+01
2.594794e+03,9.475379e+01
2.595277e+03,9.473366e+01
2.595759e+03,9.471445e+01
2.596241e+03,9.469534e+01
2.596723e+03,9.467554e+01
2.597205e+03,9.465472e+01
2.597687e+03,9.463306e+01
2.598169e+03,9.461120e+01
2.598651e+03,9.459004e+01
2.599134e+03,9.457072e+01
2.599616e+03,9.455418e+01
2.600098e+03,9.454119e+01
2.600580e+03,9.453198e+01
2.601062e+03,9.452607e+01
2.601544e+03,9.452225e+01
2.602026e+03,9.451868e+01
2.602508e+03,9.451328e+01
2.602990e+03,9.450422e+01
2.603473e+03,9.449052e+01
2.603955e+03,9.447233e+01
2.604437e+03,9.445098e+01
2.604919e+03,9.442861e+01
2.605401e+03,9.440747e+01
2.605883e+03,9.438927e+01
2.606365e+03,9.437443e+01
2.606847e+03,9.436200e+01
2.607330e+03,9.435006e+01
2.607812e+03,9.433609e+01
2.608294e+03,9.431810e+01
2.608776e+03,9.429498e+01
2.609258e+03,9.426710e+01
2.609740e+03,9.423590e+01
2.610222e+03,9.420356e+01
2.610705e+03,9.417227e+01
2.611187e+03,9.414364e+01
2.611669e+03,9.411843e+01
2.612151e+03,9.409658e+01
2.612633e+03,9.407745e+01
2.613115e+03,9.406039e+01
2.613597e+03,9.404494e+01
2.614079e+03,9.403088e+01
2.614562e+03,9.401833e+01
2.615044e+03,9.400727e+01
2.615526e+03,9.399740e+01
2.616008e+03,9.398814e+01
2.616490e+03,9.397865e+01
2.616972e+03,9.396832e+01
2.617454e+03,9.395698e+01
2.617936e+03,9.394522e+01
2.618418e+03,9.393423e+01
2.618901e+03,9.392561e+01
2.619383e+03,9.392081e+01
2.619865e+03,9.392064e+01
2.620347e+03,9.392503e+01
2.620829e+03,9.393298e+01
2.621311e+03,9.394297e+01
2.621793e+03,9.395333e+01
2.622276e+03,9.396277e+01
2.622758e+03,9.397070e+01
2.623240e+03,9.397729e+01
2.623722e+03,9.398328e+01
2.624204e+03,9.398960e+01
2.624686e+03,9.399712e+01
2.625168e+03,9.400625e+01
2.625650e+03,9.401701e+01
2.626133e+03,9.402910e+01
2.626615e+03,9.404217e+01
2.627097e+03,9.405601e+01
2.627579e+03,9.407067e+01
2.628061e+03,9.408645e+01
2.628543e+03,9.410380e+01
2.629025e+03,9.412299e+01
2.629507e+03,9.414403e+01
2.629990e+03,9.416637e+01
2.630472e+03,9.418911e+01
2.630954e+03,9.421105e+01
2.631436e+03,9.423112e+01
2.631918e+03,9.424855e+01
2.632400e+03,9.426317e+01
2.632882e+03,9.427555e+01
2.633364e+03,9.428671e+01
2.633846e+03,9.429797e+01
2.634329e+03,9.431053e+01
2.634811e+03,9.432517e+01
2.635293e+03,9.434211e+01
2.635775e+03,9.436102e+01
2.636257e+03,9.438129e+01
2.636739e+03,9.440230e+01
2.637221e+03,9.442366e+01
2.637704e+03,9.444520e+01
2.638186e+03,9.446696e+01
2.638668e+03,9.448892e+01
2.639150e+03,9.451071e+01
2.639632e+03,9.453168e+01
2.640114e+03,9.455102e+01
2.640596e+03,9.456798e+01
2.641078e+03,9.458219e+01
2.641561e+03,9.459396e+01
2.642043e+03,9.460408e+01
2.642525e+03,9.461369e+01
2.643007e+03,9.462382e+01
2.643489e+03,9.463509e+01
2.643971e+03,9.464756e+01
2.644453e+03,9.466077e+01
2.644935e+03,9.467407e+01
2.645417e+03,9.468682e+01
2.645900e+03,9.469870e+01
2.646382e+03,9.470962e+01
2.646864e+03,9.471975e+01
2.647346e+03,9.472916e+01
2.647828e+03,9.473785e+01
2.648310e+03,9.474563e+01
2.648792e+03,9.475234e+01
2.649274e+03,9.475798e+01
2.649757e+03,9.476286e+01
2.650239e+03,9.476756e+01
2.650721e+03,9.477272e+01
2.651203e+03,9.477889e+01
2.651685e+03,9.478630e+01
2.652167e+03,9.479488e+01
2.652649e+03,9.480421e+01
2.653132e+03,9.481393e+01
2.653614e+03,9.482370e+01
2.654096e+03,9.483325e+01
2.654578e+03,9.484246e+01
2.655060e+03,9.485104e+01
2.655542e+03,9.485862e+01
2.656024e+03,9.486469e+01
2.656506e+03,9.486887e+01
2.656989e+03,9.487105e+01
2.657471e+03,9.487167e+01
2.657953e+03,9.487170e+01
2.658435e+03,9.487241e+01
2.658917e+03,9.487508e+01
2.659399e+03,9.488065e+01
2.659881e+03,9.488956e+01
2.660363e+03,9.490164e+01
2.660845e+03,9.491625e+01
2.661328e+03,9.493255e+01
2.661810e+03,9.494968e+01
2.662292e+03,9.496688e+01
2.662774e+03,9.498348e+01
2.663256e+03,9.499892e+01
2.663738e+03,9.501268e+01
2.664220e+03,9.502437e+01
2.664702e+03,9.503382e+01
2.665185e+03,9.504122e+01
2.665667e+03,9.504707e+01
2.666149e+03,9.505207e+01
2.666631e+03,9.505686e+01
2.667113e+03,9.506190e+01
2.667595e+03,9.506728e+01
2.668077e+03,9.507264e+01
2.668560e+03,9.507755e+01
2.669042e+03,9.508170e+01
2.669524e+03,9.508502e+01
2.670006e+03,9.508780e+01
2.670488e+03,9.509050e+01
2.670970e+03,9.509361e+01
2.671452e+03,9.509742e+01
2.671934e+03,9.510189e+01
2.672417e+03,9.510675e+01
2.672899e+03,9.511163e+01
2.673381e+03,9.511637e+01
2.673863e+03,9.512091e+01
2.674345e+03,9.512543e+01
2.674827e+03,9.513017e+01
2.675309e+03,9.513519e+01
2.675791e+03,9.514040e+01
2.676273e+03,9.514546e+01
2.676756e+03,9.515002e+01
2.677238e+03,9.515379e+01
2.677720e+03,9.515665e+01
2.678202e+03,9.515869e+01
2.678684e+03,9.516000e+01
2.679166e+03,9.516071e+01
2.679648e+03,9.516074e+01
2.680130e+03,9.516005e+01
2.680613e+03,9.515858e+01
2.681095e+03,9.515661e+01
2.681577e+03,9.515459e+01
2.682059e+03,9.515314e+01
2.682541e+03,9.515298e+01
2.683023e+03,9.515450e+01
2.683505e+03,9.515762e+01
2.683988e+03,9.516181e+01
2.684469e+03,9.516623e+01
2.684952e+03,9.516989e+01
2.685434e+03,9.517205e+01
2.685916e+03,9.517240e+01
2.686398e+03,9.517094e+01
2.686880e+03,9.516814e+01
2.687362e+03,9.516434e+01
2.687844e+03,9.515993e+01
2.688327e+03,9.515504e+01
2.688809e+03,9.514957e+01
2.689291e+03,9.514333e+01
2.689773e+03,9.513614e+01
2.690255e+03,9.512804e+01
2.690737e+03,9.511922e+01
2.691219e+03,9.511003e+01
2.691701e+03,9.510088e+01
2.692184e+03,9.509216e+01
2.692666e+03,9.508418e+01
2.693148e+03,9.507715e+01
2.693630e+03,9.507105e+01
2.694112e+03,9.506584e+01
2.694594e+03,9.506133e+01
2.695076e+03,9.505722e+01
2.695558e+03,9.505317e+01
2.696041e+03,9.504878e+01
2.696523e+03,9.504378e+01
2.697005e+03,9.503796e+01
2.697487e+03,9.503127e+01
2.697969e+03,9.502390e+01
2.698451e+03,9.501621e+01
2.698933e+03,9.500861e+01
2.699416e+03,9.500149e+01
2.699897e+03,9.499510e+01
2.700380e+03,9.498952e+01
2.700862e+03,9.498459e+01
2.701344e+03,9.498000e+01
2.701826e+03,9.497548e+01
2.702308e+03,9.497080e+01
2.702790e+03,9.496592e+01
2.703272e+03,9.496085e+01
2.703755e+03,9.495576e+01
2.704237e+03,9.495073e+01
2.704719e+03,9.494564e+01
2.705201e+03,9.494026e+01
2.705683e+03,9.493423e+01
2.706165e+03,9.492723e+01
2.706647e+03,9.491914e+01
2.707129e+03,9.491011e+01
2.707612e+03,9.490061e+01
2.708094e+03,9.489124e+01
2.708576e+03,9.488261e+01
2.709058e+03,9.487501e+01
2.709540e+03,9.486846e+01
2.710022e+03,9.486263e+01
2.710504e+03,9.485691e+01
2.710986e+03,9.485069e+01
2.711469e+03,9.484350e+01
2.711951e+03,9.483508e+01
2.712433e+03,9.482540e+01
2.712915e+03,9.481458e+01
2.713397e+03,9.480276e+01
2.713879e+03,9.479004e+01
2.714361e+03,9.477652e+01
2.714844e+03,9.476227e+01
2.715325e+03,9.474745e+01
2.715808e+03,9.473232e+01
2.716290e+03,9.471723e+01
2.716772e+03,9.470249e+01
2.717254e+03,9.468832e+01
2.717736e+03,9.467477e+01
2.718218e+03,9.466177e+01
2.718700e+03,9.464912e+01
2.719183e+03,9.463671e+01
2.719665e+03,9.462457e+01
2.720147e+03,9.461285e+01
2.720629e+03,9.460194e+01
2.721111e+03,9.459219e+01
2.721593e+03,9.458397e+01
2.722075e+03,9.457750e+01
2.722557e+03,9.457271e+01
2.723040e+03,9.456936e+01
2.723522e+03,9.456699e+01
2.724004e+03,9.456514e+01
2.724486e+03,9.456331e+01
2.724968e+03,9.456116e+01
2.725450e+03,9.455865e+01
2.725932e+03,9.455595e+01
2.726414e+03,9.455340e+01
2.726896e+03,9.455142e+01
2.727379e+03,9.455038e+01
2.727861e+03,9.455032e+01
2.728343e+03,9.455104e+01
2.728825e+03,9.455218e+01
2.729307e+03,9.455328e+01
2.729789e+03,9.455405e+01
2.730271e+03,9.455448e+01
2.730753e+03,9.455503e+01
2.731236e+03,9.455629e+01
2.731718e+03,9.455884e+01
2.732200e+03,9.456303e+01
2.732682e+03,9.456876e+01
2.733164e+03,9.457548e+01
2.733646e+03,9.458247e+01
2.734128e+03,9.458897e+01
2.734611e+03,9.459459e+01
2.735093e+03,9.459924e+01
2.735575e+03,9.460326e+01
2.736057e+03,9.460709e+01
2.736539e+03,9.461115e+01
2.737021e+03,9.461571e+01
2.737503e+03,9.462085e+01
2.737985e+03,9.462650e+01
2.738468e+03,9.463274e+01
2.738950e+03,9.463971e+01
2.739432e+03,9.464767e+01
2.739914e+03,9.465678e+01
2.740396e+03,9.466695e+01
2.740878e+03,9.467770e+01
2.741360e+03,9.468823e+01
2.741842e+03,9.469749e+01
2.742324e+03,9.470464e+01
2.742807e+03,9.470918e+01
2.743289e+03,9.471121e+01
2.743771e+03,9.471134e+01
2.744253e+03,9.471054e+01
2.744735e+03,9.470995e+01
2.745217e+03,9.471046e+01
2.745699e+03,9.471274e+01
2.746182e+03,9.471698e+01
2.746664e+03,9.472296e+01
2.747146e+03,9.473016e+01
2.747628e+03,9.473788e+01
2.748110e+03,9.474528e+01
2.748592e+03,9.475174e+01
2.749074e+03,9.475687e+01
2.749556e+03,9.476073e+01
2.750039e+03,9.476372e+01
2.750521e+03,9.476655e+01
2.751003e+03,9.477005e+01
2.751485e+03,9.477483e+01
2.751967e+03,9.478111e+01
2.752449e+03,9.478868e+01
2.752931e+03,9.479693e+01
2.753413e+03,9.480508e+01
2.753896e+03,9.481255e+01
2.754378e+03,9.481906e+01
2.754860e+03,9.482473e+01
2.755342e+03,9.482988e+01
2.755824e+03,9.483495e+01
2.756306e+03,9.484019e+01
2.756788e+03,9.484567e+01
2.757270e+03,9.485126e+01
2.757752e+03,9.485683e+01
2.758235e+03,9.486238e+01
2.758717e+03,9.486802e+01
2.759199e+03,9.487397e+01
2.759681e+03,9.488037e+01
2.760163e+03,9.488721e+01
2.760645e+03,9.489414e+01
2.761127e+03,9.490063e+01
2.761610e+03,9.490620e+01
2.762092e+03,9.491051e+01
2.762574e+03,9.491351e+01
2.763056e+03,9.491555e+01
2.763538e+03,9.491704e+01
2.764020e+03,9.491846e+01
2.764502e+03,9.492004e+01
2.764984e+03,9.492188e+01
2.765467e+03,9.492383e+01
2.765949e+03,9.492577e+01
2.766431e+03,9.492764e+01
2.766913e+03,9.492949e+01
2.767395e+03,9.493148e+01
2.767877e+03,9.493385e+01
2.768359e+03,9.493670e+01
2.768841e+03,9.494013e+01
2.769323e+03,9.494417e+01
2.769806e+03,9.494873e+01
2.770288e+03,9.495384e+01
2.770770e+03,9.495934e+01
2.771252e+03,9.496500e+01
2.771734e+03,9.497039e+01
2.772216e+03,9.497500e+01
2.772698e+03,9.497835e+01
2.773180e+03,9.498007e+01
2.773663e+03,9.498020e+01
2.774145e+03,9.497913e+01
2.774627e+03,9.497745e+01
2.775109e+03,9.497577e+01
2.775591e+03,9.497447e+01
2.776073e+03,9.497363e+01
2.776555e+03,9.497284e+01
2.777038e+03,9.497164e+01
2.777520e+03,9.496961e+01
2.778002e+03,9.496658e+01
2.778484e+03,9.496283e+01
2.778966e+03,9.495880e+01
2.779448e+03,9.495508e+01
2.779930e+03,9.495206e+01
2.780412e+03,9.494974e+01
2.780895e+03,9.494785e+01
2.781377e+03,9.494600e+01
2.781859e+03,9.494377e+01
2.782341e+03,9.494090e+01
2.782823e+03,9.493745e+01
2.783305e+03,9.493355e+01
2.783787e+03,9.492941e+01
2.784269e+03,9.492513e+01
2.784751e+03,9.492064e+01
2.785234e+03,9.491584e+01
2.785716e+03,9.491068e+01
2.786198e+03,9.490514e+01
2.786680e+03,9.489941e+01
2.787162e+03,9.489368e+01
2.787644e+03,9.488805e+01
2.788126e+03,9.488245e+01
2.788608e+03,9.487663e+01
2.789091e+03,9.487025e+01
2.789573e+03,9.486302e+01
2.790055e+03,9.485484e+01
2.790537e+03,9.484594e+01
2.791019e+03,9.483678e+01
2.791501e+03,9.482799e+01
2.791983e+03,9.482001e+01
2.792466e+03,9.481318e+01
2.792948e+03,9.480753e+01
2.793430e+03,9.480281e+01
2.793912e+03,9.479865e+01
2.794394e+03,9.479462e+01
2.794876e+03,9.479046e+01
2.795358e+03,9.478596e+01
2.795840e+03,9.478102e+01
2.796323e+03,9.477567e+01
2.796805e+03,9.476990e+01
2.797287e+03,9.476372e+01
2.797769e+03,9.475709e+01
2.798251e+03,9.474995e+01
2.798733e+03,9.474229e+01
2.799215e+03,9.473404e+01
2.799697e+03,9.472523e+01
2.800179e+03,9.471595e+01
2.800662e+03,9.470637e+01
2.801144e+03,9.469673e+01
2.801626e+03,9.468735e+01
2.802108e+03,9.467842e+01
2.802590e+03,9.467006e+01
2.803072e+03,9.466214e+01
2.803554e+03,9.465432e+01
2.804036e+03,9.464609e+01
2.804519e+03,9.463691e+01
2.805001e+03,9.462640e+01
2.805483e+03,9.461444e+01
2.805965e+03,9.460126e+01
2.806447e+03,9.458739e+01
2.806929e+03,9.457347e+01
2.807411e+03,9.456014e+01
2.807894e+03,9.454785e+01
2.808375e+03,9.453683e+01
2.808858e+03,9.452705e+01
2.809340e+03,9.451832e+01
2.809822e+03,9.451042e+01
2.810304e+03,9.450306e+01
2.810786e+03,9.449601e+01
2.811268e+03,9.448892e+01
2.811750e+03,9.448145e+01
2.812233e+03,9.447316e+01
2.812715e+03,9.446368e+01
2.813197e+03,9.445268e+01
2.813679e+03,9.444012e+01
2.814161e+03,9.442613e+01
2.814643e+03,9.441119e+01
2.815125e+03,9.439578e+01
2.815607e+03,9.438041e+01
2.816090e+03,9.436543e+01
2.816572e+03,9.435097e+01
2.817054e+03,9.433688e+01
2.817536e+03,9.432298e+01
2.818018e+03,9.430906e+01
2.818500e+03,9.429503e+01
2.818982e+03,9.428094e+01
2.819464e+03,9.426699e+01
2.819947e+03,9.425346e+01
2.820429e+03,9.424060e+01
2.820911e+03,9.422854e+01
2.821393e+03,9.421734e+01
2.821875e+03,9.420677e+01
2.822357e+03,9.419655e+01
2.822839e+03,9.418621e+01
2.823322e+03,9.417532e+01
2.823803e+03,9.416343e+01
2.824286e+03,9.415037e+01
2.824768e+03,9.413612e+01
2.825250e+03,9.412103e+01
2.825732e+03,9.410573e+01
2.826214e+03,9.409088e+01
2.826696e+03,9.407718e+01
2.827178e+03,9.406504e+01
2.827661e+03,9.405457e+01
2.828143e+03,9.404547e+01
2.828625e+03,9.403722e+01
2.829107e+03,9.402919e+01
2.829589e+03,9.402084e+01
2.830071e+03,9.401188e+01
2.830553e+03,9.400219e+01
2.831035e+03,9.399188e+01
2.831518e+03,9.398112e+01
2.832000e+03,9.397006e+01
2.832482e+03,9.395876e+01
2.832964e+03,9.394731e+01
2.833446e+03,9.393585e+01
2.833928e+03,9.392454e+01
2.834410e+03,9.391359e+01
2.834892e+03,9.390319e+01
2.835375e+03,9.389328e+01
2.835857e+03,9.388363e+01
2.836339e+03,9.387375e+01
2.836821e+03,9.386314e+01
2.837303e+03,9.385141e+01
2.837785e+03,9.383858e+01
2.838267e+03,9.382509e+01
2.838750e+03,9.381173e+01
2.839231e+03,9.379953e+01
2.839714e+03,9.378931e+01
2.840196e+03,9.378152e+01
2.840678e+03,9.377608e+01
2.841160e+03,9.377232e+01
2.841642e+03,9.376926e+01
2.842124e+03,9.376587e+01
2.842606e+03,9.376127e+01
2.843089e+03,9.375501e+01
2.843571e+03,9.374712e+01
2.844053e+03,9.373800e+01
2.844535e+03,9.372831e+01
2.845017e+03,9.371883e+01
2.845499e+03,9.371019e+01
2.845981e+03,9.370279e+01
2.846463e+03,9.369671e+01
2.846946e+03,9.369173e+01
2.847428e+03,9.368742e+01
2.847910e+03,9.368326e+01
2.848392e+03,9.367883e+01
2.848874e+03,9.367390e+01
2.849356e+03,9.366853e+01
2.849838e+03,9.366303e+01
2.850320e+03,9.365784e+01
2.850802e+03,9.365327e+01
2.851285e+03,9.364950e+01
2.851767e+03,9.364633e+01
2.852249e+03,9.364345e+01
2.852731e+03,9.364039e+01
2.853213e+03,9.363693e+01
2.853695e+03,9.363309e+01
2.854177e+03,9.362930e+01
2.854659e+03,9.362615e+01
2.855142e+03,9.362432e+01
2.855624e+03,9.362429e+01
2.856106e+03,9.362611e+01
2.856588e+03,9.362953e+01
2.857070e+03,9.363386e+01
2.857552e+03,9.363833e+01
2.858034e+03,9.364217e+01
2.858517e+03,9.364487e+01
2.858999e+03,9.364622e+01
2.859481e+03,9.364626e+01
2.859963e+03,9.364529e+01
2.860445e+03,9.364378e+01
2.860927e+03,9.364218e+01
2.861409e+03,9.364088e+01
2.861891e+03,9.364025e+01
2.862374e+03,9.364043e+01
2.862856e+03,9.364140e+01
2.863338e+03,9.364290e+01
2.863820e+03,9.364449e+01
2.864302e+03,9.364557e+01
2.864784e+03,9.364542e+01
2.865266e+03,9.364339e+01
2.865748e+03,9.363896e+01
2.866230e+03,9.363188e+01
2.866713e+03,9.362227e+01
2.867195e+03,9.361070e+01
2.867677e+03,9.359819e+01
2.868159e+03,9.358591e+01
2.868641e+03,9.357520e+01
2.869123e+03,9.356702e+01
2.869605e+03,9.356190e+01
2.870088e+03,9.355962e+01
2.870570e+03,9.355930e+01
2.871052e+03,9.355963e+01
2.871534e+03,9.355927e+01
2.872016e+03,9.355720e+01
2.872498e+03,9.355308e+01
2.872980e+03,9.354726e+01
2.873462e+03,9.354066e+01
2.873945e+03,9.353430e+01
2.874427e+03,9.352900e+01
2.874909e+03,9.352493e+01
2.875391e+03,9.352177e+01
2.875873e+03,9.351879e+01
2.876355e+03,9.351527e+01
2.876837e+03,9.351062e+01
2.877319e+03,9.350482e+01
2.877802e+03,9.349819e+01
2.878284e+03,9.349124e+01
2.878766e+03,9.348438e+01
2.879248e+03,9.347778e+01
2.879730e+03,9.347132e+01
2.880212e+03,9.346475e+01
2.880694e+03,9.345778e+01
2.881176e+03,9.345030e+01
2.881658e+03,9.344233e+01
2.882141e+03,9.343393e+01
2.882623e+03,9.342510e+01
2.883105e+03,9.341579e+01
2.883587e+03,9.340579e+01
2.884069e+03,9.339509e+01
2.884551e+03,9.338378e+01
2.885033e+03,9.337242e+01
2.885516e+03,9.336172e+01
2.885998e+03,9.335245e+01
2.886480e+03,9.334509e+01
2.886962e+03,9.333972e+01
2.887444e+03,9.333594e+01
2.887926e+03,9.333297e+01
2.888408e+03,9.333002e+01
2.888890e+03,9.332651e+01
2.889373e+03,9.332216e+01
2.889855e+03,9.331705e+01
2.890337e+03,9.331139e+01
2.890819e+03,9.330538e+01
2.891301e+03,9.329914e+01
2.891783e+03,9.329268e+01
2.892265e+03,9.328601e+01
2.892747e+03,9.327934e+01
2.893229e+03,9.327293e+01
2.893712e+03,9.326732e+01
2.894194e+03,9.326280e+01
2.894676e+03,9.325949e+01
2.895158e+03,9.325714e+01
2.895640e+03,9.325514e+01
2.896122e+03,9.325280e+01
2.896604e+03,9.324953e+01
2.897086e+03,9.324512e+01
2.897569e+03,9.323975e+01
2.898051e+03,9.323397e+01
2.898533e+03,9.322845e+01
2.899015e+03,9.322369e+01
2.899497e+03,9.321996e+01
2.899979e+03,9.321696e+01
2.900461e+03,9.321417e+01
2.900944e+03,9.321076e+01
2.901426e+03,9.320589e+01
2.901908e+03,9.319889e+01
2.902390e+03,9.318955e+01
2.902872e+03,9.317807e+01
2.903354e+03,9.316522e+01
2.903836e+03,9.315216e+01
2.904318e+03,9.314022e+01
2.904801e+03,9.313062e+01
2.905283e+03,9.312422e+01
2.905765e+03,9.312125e+01
2.906247e+03,9.312125e+01
2.906729e+03,9.312321e+01
2.907211e+03,9.312590e+01
2.907693e+03,9.312811e+01
2.908175e+03,9.312900e+01
2.908657e+03,9.312811e+01
2.909140e+03,9.312546e+01
2.909622e+03,9.312122e+01
2.910104e+03,9.311568e+01
2.910586e+03,9.310902e+01
2.911068e+03,9.310138e+01
2.911550e+03,9.309289e+01
2.912032e+03,9.308380e+01
2.912514e+03,9.307457e+01
2.912997e+03,9.306568e+01
2.913479e+03,9.305759e+01
2.913961e+03,9.305054e+01
2.914443e+03,9.304445e+01
2.914925e+03,9.303898e+01
2.915407e+03,9.303368e+01
2.915889e+03,9.302823e+01
2.916372e+03,9.302248e+01
2.916854e+03,9.301674e+01
2.917336e+03,9.301141e+01
2.917818e+03,9.300707e+01
2.918300e+03,9.300414e+01
2.918782e+03,9.300274e+01
2.919264e+03,9.300266e+01
2.919746e+03,9.300346e+01
2.920229e+03,9.300452e+01
2.920711e+03,9.300536e+01
2.921193e+03,9.300561e+01
2.921675e+03,9.300540e+01
2.922157e+03,9.300516e+01
2.922639e+03,9.300566e+01
2.923121e+03,9.300772e+01
2.923603e+03,9.301210e+01
2.924085e+03,9.301907e+01
2.924568e+03,9.302835e+01
2.925050e+03,9.303902e+01
2.925532e+03,9.304978e+01
2.926014e+03,9.305931e+01
2.926496e+03,9.306661e+01
2.926978e+03,9.307140e+01
2.927460e+03,9.307410e+01
2.927942e+03,9.307569e+01
2.928425e+03,9.307717e+01
2.928907e+03,9.307918e+01
2.929389e+03,9.308177e+01
2.929871e+03,9.308435e+01
2.930353e+03,9.308603e+01
2.930835e+03,9.308609e+01
2.931317e+03,9.308449e+01
2.931800e+03,9.308193e+01
2.932281e+03,9.307990e+01
2.932764e+03,9.308023e+01
2.933246e+03,9.308472e+01
2.933728e+03,9.309473e+01
2.934210e+03,9.311105e+01
2.934692e+03,9.313392e+01
2.935174e+03,9.316314e+01
2.935656e+03,9.319820e+01
2.936139e+03,9.323830e+01
2.936621e+03,9.328212e+01
2.937103e+03,9.332787e+01
2.937585e+03,9.337318e+01
2.938067e+03,9.341553e+01
2.938549e+03,9.345234e+01
2.939031e+03,9.348184e+01
2.939513e+03,9.350309e+01
2.939996e+03,9.351633e+01
2.940478e+03,9.352261e+01
2.940960e+03,9.352359e+01
2.941442e+03,9.352100e+01
2.941924e+03,9.351640e+01
2.942406e+03,9.351101e+01
2.942888e+03,9.350577e+01
2.943370e+03,9.350134e+01
2.943853e+03,9.349821e+01
2.944335e+03,9.349679e+01
2.944817e+03,9.349726e+01
2.945299e+03,9.349962e+01
2.945781e+03,9.350366e+01
2.946263e+03,9.350906e+01
2.946745e+03,9.351546e+01
2.947228e+03,9.352261e+01
2.947709e+03,9.353029e+01
2.948192e+03,9.353824e+01
2.948674e+03,9.354613e+01
2.949156e+03,9.355343e+01
2.949638e+03,9.355954e+01
2.950120e+03,9.356393e+01
2.950602e+03,9.356642e+01
2.951084e+03,9.356730e+01
2.951567e+03,9.356735e+01
2.952049e+03,9.356765e+01
2.952531e+03,9.356929e+01
2.953013e+03,9.357307e+01
2.953495e+03,9.357928e+01
2.953977e+03,9.358768e+01
2.954459e+03,9.359767e+01
2.954941e+03,9.360832e+01
2.955424e+03,9.361889e+01
2.955906e+03,9.362871e+01
2.956388e+03,9.363750e+01
2.956870e+03,9.364522e+01
2.957352e+03,9.365204e+01
2.957834e+03,9.365834e+01
2.958316e+03,9.366451e+01
2.958798e+03,9.367082e+01
2.959281e+03,9.367746e+01
2.959763e+03,9.368430e+01
2.960245e+03,9.369099e+01
2.960727e+03,9.369711e+01
2.961209e+03,9.370222e+01
2.961691e+03,9.370609e+01
2.962173e+03,9.370879e+01
2.962656e+03,9.371066e+01
2.963137e+03,9.371214e+01
2.963620e+03,9.371350e+01
2.964102e+03,9.371490e+01
2.964584e+03,9.371612e+01
2.965066e+03,9.371685e+01
2.965548e+03,9.371683e+01
2.966030e+03,9.371609e+01
2.966512e+03,9.371492e+01
2.966995e+03,9.371386e+01
2.967477e+03,9.371334e+01
2.967959e+03,9.371361e+01
2.968441e+03,9.371457e+01
2.968923e+03,9.371597e+01
2.969405e+03,9.371748e+01
2.969887e+03,9.371916e+01
2.970369e+03,9.372131e+01
2.970852e+03,9.372447e+01
2.971334e+03,9.372911e+01
2.971816e+03,9.373535e+01
2.972298e+03,9.374267e+01
2.972780e+03,9.375009e+01
2.973262e+03,9.375637e+01
2.973744e+03,9.376049e+01
2.974226e+03,9.376181e+01
2.974708e+03,9.376033e+01
2.975191e+03,9.375647e+01
2.975673e+03,9.375085e+01
2.976155e+03,9.374409e+01
2.976637e+03,9.373653e+01
2.977119e+03,9.372838e+01
2.977601e+03,9.371990e+01
2.978083e+03,9.371152e+01
2.978565e+03,9.370388e+01
2.979048e+03,9.369766e+01
2.979530e+03,9.369347e+01
2.980012e+03,9.369157e+01
2.980494e+03,9.369186e+01
2.980976e+03,9.369391e+01
2.981458e+03,9.369724e+01
2.981940e+03,9.370132e+01
2.982423e+03,9.370576e+01
2.982905e+03,9.371017e+01
2.983387e+03,9.371403e+01
2.983869e+03,9.371664e+01
2.984351e+03,9.371726e+01
2.984833e+03,9.371525e+01
2.985315e+03,9.371044e+01
2.985797e+03,9.370322e+01
2.986280e+03,9.369460e+01
2.986762e+03,9.368580e+01
2.987244e+03,9.367793e+01
2.987726e+03,9.367157e+01
2.988208e+03,9.366673e+01
2.988690e+03,9.366285e+01
2.989172e+03,9.365926e+01
2.989654e+03,9.365543e+01
2.990136e+03,9.365124e+01
2.990619e+03,9.364684e+01
2.991101e+03,9.364260e+01
2.991583e+03,9.363860e+01
2.992065e+03,9.363483e+01
2.992547e+03,9.363090e+01
2.993029e+03,9.362656e+01
2.993511e+03,9.362173e+01
2.993994e+03,9.361678e+01
2.994476e+03,9.361222e+01
2.994958e+03,9.360863e+01
2.995440e+03,9.360613e+01
2.995922e+03,9.360442e+01
2.996404e+03,9.360274e+01
2.996886e+03,9.360030e+01
2.997368e+03,9.359661e+01
2.997851e+03,9.359173e+01
2.998333e+03,9.358619e+01
2.998815e+03,9.358077e+01
2.999297e+03,9.357602e+01
2.999779e+03,9.357205e+01
3.000261e+03,9.356834e+01
3.000743e+03,9.356412e+01
3.001225e+03,9.355864e+01
3.001708e+03,9.355168e+01
3.002190e+03,9.354356e+01
3.002672e+03,9.353519e+01
3.003154e+03,9.352759e+01
3.003636e+03,9.352160e+01
3.004118e+03,9.351759e+01
3.004600e+03,9.351537e+01
3.005082e+03,9.351440e+01
3.005564e+03,9.351405e+01
3.006047e+03,9.351364e+01
3.006529e+03,9.351276e+01
3.007011e+03,9.351104e+01
3.007493e+03,9.350821e+01
3.007975e+03,9.350407e+01
3.008457e+03,9.349865e+01
3.008939e+03,9.349226e+01
3.009422e+03,9.348566e+01
3.009904e+03,9.347988e+01
3.010386e+03,9.347598e+01
3.010868e+03,9.347465e+01
3.011350e+03,9.347588e+01
3.011832e+03,9.347889e+01
3.012314e+03,9.348230e+01
3.012796e+03,9.348460e+01
3.013279e+03,9.348451e+01
3.013761e+03,9.348149e+01
3.014243e+03,9.347577e+01
3.014725e+03,9.346823e+01
3.015207e+03,9.346013e+01
3.015689e+03,9.345269e+01
3.016171e+03,9.344702e+01
3.016653e+03,9.344382e+01
3.017135e+03,9.344355e+01
3.017618e+03,9.344637e+01
3.018100e+03,9.345215e+01
3.018582e+03,9.346047e+01
3.019064e+03,9.347058e+01
3.019546e+03,9.348141e+01
3.020028e+03,9.349189e+01
3.020510e+03,9.350106e+01
3.020992e+03,9.350831e+01
3.021475e+03,9.351365e+01
3.021957e+03,9.351752e+01
3.022439e+03,9.352070e+01
3.022921e+03,9.352401e+01
3.023403e+03,9.352808e+01
3.023885e+03,9.353326e+01
3.024367e+03,9.353962e+01
3.024850e+03,9.354709e+01
3.025332e+03,9.355554e+01
3.025814e+03,9.356481e+01
3.026296e+03,9.357467e+01
3.026778e+03,9.358479e+01
3.027260e+03,9.359469e+01
3.027742e+03,9.360385e+01
3.028224e+03,9.361179e+01
3.028707e+03,9.361830e+01
3.029189e+03,9.362342e+01
3.029671e+03,9.362751e+01
3.030153e+03,9.363104e+01
3.030635e+03,9.363446e+01
3.031117e+03,9.363794e+01
3.031599e+03,9.364140e+01
3.032081e+03,9.364459e+01
3.032563e+03,9.364723e+01
3.033046e+03,9.364925e+01
3.033528e+03,9.365084e+01
3.034010e+03,9.365247e+01
3.034492e+03,9.365470e+01
3.034974e+03,9.365808e+01
3.035456e+03,9.366299e+01
3.035938e+03,9.366953e+01
3.036420e+03,9.367753e+01
3.036903e+03,9.368666e+01
3.037385e+03,9.369650e+01
3.037867e+03,9.370647e+01
3.038349e+03,9.371612e+01
3.038831e+03,9.372491e+01
3.039313e+03,9.373260e+01
3.039795e+03,9.373898e+01
3.040278e+03,9.374419e+01
3.040760e+03,9.374846e+01
3.041242e+03,9.375220e+01
3.041724e+03,9.375572e+01
3.042206e+03,9.375918e+01
3.042688e+03,9.376256e+01
3.043170e+03,9.376568e+01
3.043652e+03,9.376842e+01
3.044135e+03,9.377078e+01
3.044617e+03,9.377303e+01
3.045099e+03,9.377568e+01
3.045581e+03,9.377932e+01
3.046063e+03,9.378442e+01
3.046545e+03,9.379111e+01
3.047027e+03,9.379912e+01
3.047509e+03,9.380776e+01
3.047991e+03,9.381622e+01
3.048474e+03,9.382356e+01
3.048956e+03,9.382931e+01
3.049438e+03,9.383326e+01
3.049920e+03,9.383570e+01
3.050402e+03,9.383720e+01
3.050884e+03,9.383844e+01
3.051366e+03,9.384002e+01
3.051848e+03,9.384225e+01
3.052331e+03,9.384513e+01
3.052813e+03,9.384840e+01
3.053295e+03,9.385155e+01
3.053777e+03,9.385413e+01
3.054259e+03,9.385580e+01
3.054741e+03,9.385658e+01
3.055223e+03,9.385674e+01
3.055706e+03,9.385691e+01
3.056188e+03,9.385773e+01
3.056670e+03,9.385976e+01
3.057152e+03,9.386331e+01
3.057634e+03,9.386829e+01
3.058116e+03,9.387425e+01
3.058598e+03,9.388058e+01
3.059080e+03,9.388654e+01
3.059562e+03,9.389164e+01
3.060045e+03,9.389549e+01
3.060527e+03,9.389809e+01
3.061009e+03,9.389963e+01
3.061491e+03,9.390043e+01
3.061973e+03,9.390086e+01
3.062455e+03,9.390131e+01
3.062937e+03,9.390203e+01
3.063419e+03,9.390325e+01
3.063902e+03,9.390503e+01
3.064384e+03,9.390739e+01
3.064866e+03,9.391031e+01
3.065348e+03,9.391375e+01
3.065830e+03,9.391769e+01
3.066312e+03,9.392214e+01
3.066794e+03,9.392711e+01
3.067276e+03,9.393256e+01
3.067759e+03,9.393830e+01
3.068241e+03,9.394415e+01
3.068723e+03,9.394975e+01
3.069205e+03,9.395480e+01
3.069687e+03,9.395912e+01
3.070169e+03,9.396277e+01
3.070651e+03,9.396588e+01
3.071134e+03,9.396877e+01
3.071615e+03,9.397155e+01
3.072098e+03,9.397426e+01
3.072580e+03,9.397666e+01
3.073062e+03,9.397845e+01
3.073544e+03,9.397935e+01
3.074026e+03,9.397941e+01
3.074508e+03,9.397899e+01
3.074990e+03,9.397868e+01
3.075473e+03,9.397911e+01
3.075955e+03,9.398071e+01
3.076437e+03,9.398358e+01
3.076919e+03,9.398740e+01
3.077401e+03,9.399171e+01
3.077883e+03,9.399625e+01
3.078365e+03,9.400103e+01
3.078847e+03,9.400658e+01
3.079330e+03,9.401358e+01
3.079812e+03,9.402274e+01
3.080294e+03,9.403432e+01
3.080776e+03,9.404797e+01
3.081258e+03,9.406288e+01
3.081740e+03,9.407791e+01
3.082222e+03,9.409208e+01
3.082704e+03,9.410468e+01
3.083187e+03,9.411558e+01
3.083669e+03,9.412495e+01
3.084151e+03,9.413301e+01
3.084633e+03,9.414001e+01
3.085115e+03,9.414586e+01
3.085597e+03,9.415047e+01
3.086079e+03,9.415388e+01
3.086562e+03,9.415646e+01
3.087043e+03,9.415882e+01
3.087526e+03,9.416189e+01
3.088008e+03,9.416637e+01
3.088490e+03,9.417253e+01
3.088972e+03,9.418001e+01
3.089454e+03,9.418782e+01
3.089936e+03,9.419482e+01
3.090418e+03,9.419998e+01
3.090901e+03,9.420286e+01
3.091383e+03,9.420374e+01
3.091865e+03,9.420357e+01
3.092347e+03,9.420357e+01
3.092829e+03,9.420482e+01
3.093311e+03,9.420794e+01
3.093793e+03,9.421284e+01
3.094275e+03,9.421889e+01
3.094758e+03,9.422504e+01
3.095240e+03,9.423029e+01
3.095722e+03,9.423405e+01
3.096204e+03,9.423629e+01
3.096686e+03,9.423756e+01
3.097168e+03,9.423892e+01
3.097650e+03,9.424149e+01
3.098132e+03,9.424613e+01
3.098615e+03,9.425326e+01
3.099097e+03,9.426261e+01
3.099579e+03,9.427331e+01
3.100061e+03,9.428418e+01
3.100543e+03,9.429395e+01
3.101025e+03,9.430170e+01
3.101507e+03,9.430714e+01
3.101990e+03,9.431064e+01
3.102471e+03,9.431306e+01
3.102954e+03,9.431549e+01
3.103436e+03,9.431892e+01
3.103918e+03,9.432384e+01
3.104400e+03,9.433018e+01
3.104882e+03,9.433743e+01
3.105364e+03,9.434476e+01
3.105846e+03,9.435126e+01
3.106329e+03,9.435630e+01
3.106811e+03,9.435963e+01
3.107293e+03,9.436137e+01
3.107775e+03,9.436217e+01
3.108257e+03,9.436282e+01
3.108739e+03,9.436430e+01
3.109221e+03,9.436736e+01
3.109703e+03,9.437247e+01
3.110186e+03,9.437955e+01
3.110668e+03,9.438808e+01
3.111150e+03,9.439715e+01
3.111632e+03,9.440565e+01
3.112114e+03,9.441272e+01
3.112596e+03,9.441797e+01
3.113078e+03,9.442171e+01
3.113560e+03,9.442488e+01
3.114042e+03,9.442868e+01
3.114525e+03,9.443423e+01
3.115007e+03,9.444203e+01
3.115489e+03,9.445184e+01
3.115971e+03,9.446255e+01
3.116453e+03,9.447273e+01
3.116935e+03,9.448109e+01
3.117417e+03,9.448693e+01
3.117900e+03,9.449059e+01
3.118382e+03,9.449332e+01
3.118864e+03,9.449707e+01
3.119346e+03,9.450386e+01
3.119828e+03,9.451527e+01
3.120310e+03,9.453204e+01
3.120792e+03,9.455384e+01
3.121274e+03,9.457946e+01
3.121757e+03,9.460703e+01
3.122239e+03,9.463451e+01
3.122721e+03,9.466006e+01
3.123203e+03,9.468249e+01
3.123685e+03,9.470132e+01
3.124167e+03,9.471677e+01
3.124649e+03,9.472963e+01
3.125131e+03,9.474088e+01
3.125614e+03,9.475140e+01
3.126096e+03,9.476187e+01
3.126578e+03,9.477258e+01
3.127060e+03,9.478352e+01
3.127542e+03,9.479462e+01
3.128024e+03,9.480595e+01
3.128506e+03,9.481777e+01
3.128988e+03,9.483052e+01
3.129470e+03,9.484465e+01
3.129953e+03,9.486044e+01
3.130435e+03,9.487766e+01
3.130917e+03,9.489576e+01
3.131399e+03,9.491371e+01
3.131881e+03,9.493060e+01
3.132363e+03,9.494575e+01
3.132845e+03,9.495904e+01
3.133328e+03,9.497086e+01
3.133810e+03,9.498196e+01
3.134292e+03,9.499312e+01
3.134774e+03,9.500470e+01
3.135256e+03,9.501674e+01
3.135738e+03,9.502885e+01
3.136220e+03,9.504055e+01
3.136702e+03,9.505148e+01
3.137185e+03,9.506166e+01
3.137667e+03,9.507144e+01
3.138149e+03,9.508146e+01
3.138631e+03,9.509219e+01
3.139113e+03,9.510387e+01
3.139595e+03,9.511624e+01
3.140077e+03,9.512884e+01
3.140559e+03,9.514117e+01
3.141042e+03,9.515289e+01
3.141524e+03,9.516412e+01
3.142006e+03,9.517539e+01
3.142488e+03,9.518731e+01
3.142970e+03,9.520043e+01
3.143452e+03,9.521489e+01
3.143934e+03,9.523026e+01
3.144417e+03,9.524568e+01
3.144898e+03,9.526016e+01
3.145381e+03,9.527279e+01
3.145863e+03,9.528313e+01
3.146345e+03,9.529126e+01
3.146827e+03,9.529774e+01
3.147309e+03,9.530350e+01
3.147791e+03,9.530939e+01
3.148273e+03,9.531622e+01
3.148756e+03,9.532448e+01
3.149238e+03,9.533432e+01
3.149720e+03,9.534573e+01
3.150202e+03,9.535831e+01
3.150684e+03,9.537163e+01
3.151166e+03,9.538493e+01
3.151648e+03,9.539740e+01
3.152130e+03,9.540820e+01
3.152613e+03,9.541668e+01
3.153095e+03,9.542255e+01
3.153577e+03,9.542621e+01
3.154059e+03,9.542856e+01
3.154541e+03,9.543097e+01
3.155023e+03,9.543491e+01
3.155505e+03,9.544135e+01
3.155987e+03,9.545065e+01
3.156469e+03,9.546230e+01
3.156952e+03,9.547514e+01
3.157434e+03,9.548787e+01
3.157916e+03,9.549943e+01
3.158398e+03,9.550944e+01
3.158880e+03,9.551835e+01
3.159362e+03,9.552703e+01
3.159844e+03,9.553651e+01
3.160326e+03,9.554733e+01
3.160809e+03,9.555933e+01
3.161291e+03,9.557158e+01
3.161773e+03,9.558267e+01
3.162255e+03,9.559126e+01
3.162737e+03,9.559639e+01
3.163219e+03,9.559797e+01
3.163701e+03,9.559670e+01
3.164184e+03,9.559384e+01
3.164666e+03,9.559097e+01
3.165148e+03,9.558958e+01
3.165630e+03,9.559099e+01
3.166112e+03,9.559594e+01
3.166594e+03,9.560487e+01
3.167076e+03,9.561767e+01
3.167558e+03,9.563378e+01
3.168041e+03,9.565212e+01
3.168523e+03,9.567134e+01
3.169005e+03,9.568980e+01
3.169487e+03,9.570610e+01
3.169969e+03,9.571920e+01
3.170451e+03,9.572881e+01
3.170933e+03,9.573531e+01
3.171415e+03,9.573968e+01
3.171897e+03,9.574314e+01
3.172380e+03,9.574686e+01
3.172862e+03,9.575173e+01
3.173344e+03,9.575823e+01
3.173826e+03,9.576647e+01
3.174308e+03,9.577634e+01
3.174790e+03,9.578751e+01
3.175272e+03,9.579946e+01
3.175754e+03,9.581153e+01
3.176237e+03,9.582294e+01
3.176719e+03,9.583288e+01
3.177201e+03,9.584077e+01
3.177683e+03,9.584647e+01
3.178165e+03,9.585038e+01
3.178647e+03,9.585332e+01
3.179129e+03,9.585635e+01
3.179612e+03,9.586022e+01
3.180094e+03,9.586523e+01
3.180576e+03,9.587118e+01
3.181058e+03,9.587746e+01
3.181540e+03,9.588352e+01
3.182022e+03,9.588919e+01
3.182504e+03,9.589485e+01
3.182986e+03,9.590127e+01
3.183469e+03,9.590926e+01
3.183951e+03,9.591930e+01
3.184433e+03,9.593131e+01
3.184915e+03,9.594463e+01
3.185397e+03,9.595837e+01
3.185879e+03,9.597183e+01
3.186361e+03,9.598488e+01
3.186843e+03,9.599799e+01
3.187325e+03,9.601183e+01
3.187808e+03,9.602696e+01
3.188290e+03,9.604336e+01
3.188772e+03,9.606026e+01
3.189254e+03,9.607655e+01
3.189736e+03,9.609110e+01
3.190218e+03,9.610347e+01
3.190700e+03,9.611411e+01
3.191182e+03,9.612424e+01
3.191665e+03,9.613554e+01
3.192147e+03,9.614927e+01
3.192629e+03,9.616599e+01
3.193111e+03,9.618507e+01
3.193593e+03,9.620511e+01
3.194075e+03,9.622412e+01
3.194557e+03,9.624038e+01
3.195040e+03,9.625266e+01
3.195521e+03,9.626051e+01
3.196004e+03,9.626425e+01
3.196486e+03,9.626466e+01
3.196968e+03,9.626287e+01
3.197450e+03,9.626015e+01
3.197932e+03,9.625774e+01
3.198414e+03,9.625686e+01
3.198896e+03,9.625849e+01
3.199379e+03,9.626327e+01
3.199861e+03,9.627127e+01
3.200343e+03,9.628204e+01
3.200825e+03,9.629459e+01
3.201307e+03,9.630782e+01
3.201789e+03,9.632073e+01
3.202271e+03,9.633299e+01
3.202753e+03,9.634477e+01
3.203236e+03,9.635675e+01
3.203718e+03,9.636980e+01
3.204200e+03,9.638445e+01
3.204682e+03,9.640060e+01
3.205164e+03,9.641748e+01
3.205646e+03,9.643377e+01
3.206128e+03,9.644810e+01
3.206610e+03,9.645951e+01
3.207093e+03,9.646764e+01
3.207575e+03,9.647295e+01
3.208057e+03,9.647659e+01
3.208539e+03,9.647993e+01
3.209021e+03,9.648433e+01
3.209503e+03,9.649072e+01
3.209985e+03,9.649937e+01
3.210468e+03,9.650995e+01
3.210949e+03,9.652158e+01
3.211432e+03,9.653315e+01
3.211914e+03,9.654349e+01
3.212396e+03,9.655167e+01
3.212878e+03,9.655717e+01
3.213360e+03,9.656001e+01
3.213842e+03,9.656084e+01
3.214324e+03,9.656074e+01
3.214807e+03,9.656122e+01
3.215289e+03,9.656375e+01
3.215771e+03,9.656952e+01
3.216253e+03,9.657899e+01
3.216735e+03,9.659198e+01
3.217217e+03,9.660741e+01
3.217699e+03,9.662368e+01
3.218181e+03,9.663901e+01
3.218664e+03,9.665189e+01
3.219146e+03,9.666155e+01
3.219628e+03,9.666819e+01
3.220110e+03,9.667293e+01
3.220592e+03,9.667742e+01
3.221074e+03,9.668333e+01
3.221556e+03,9.669176e+01
3.222038e+03,9.670292e+01
3.222521e+03,9.671611e+01
3.223003e+03,9.673003e+01
3.223485e+03,9.674331e+01
3.223967e+03,9.675501e+01
3.224449e+03,9.676492e+01
3.224931e+03,9.677361e+01
3.225413e+03,9.678196e+01
3.225896e+03,9.679075e+01
3.226377e+03,9.680020e+01
3.226860e+03,9.680983e+01
3.227342e+03,9.681854e+01
3.227824e+03,9.682517e+01
3.228306e+03,9.682899e+01
3.228788e+03,9.683010e+01
3.229270e+03,9.682948e+01
3.229752e+03,9.682872e+01
3.230235e+03,9.682953e+01
3.230717e+03,9.683315e+01
3.231199e+03,9.684013e+01
3.231681e+03,9.685005e+01
3.232163e+03,9.686188e+01
3.232645e+03,9.687421e+01
3.233127e+03,9.688565e+01
3.233609e+03,9.689507e+01
3.234092e+03,9.690184e+01
3.234574e+03,9.690572e+01
3.235056e+03,9.690702e+01
3.235538e+03,9.690650e+01
3.236020e+03,9.690527e+01
3.236502e+03,9.690469e+01
3.236984e+03,9.690605e+01
3.237466e+03,9.691024e+01
3.237948e+03,9.691756e+01
3.238431e+03,9.692744e+01
3.238913e+03,9.693874e+01
3.239395e+03,9.694994e+01
3.239877e+03,9.695971e+01
3.240359e+03,9.696722e+01
3.240841e+03,9.697253e+01
3.241323e+03,9.697640e+01
3.241806e+03,9.698009e+01
3.242288e+03,9.698483e+01
3.242770e+03,9.699155e+01
3.243252e+03,9.700054e+01
3.243734e+03,9.701155e+01
3.244216e+03,9.702382e+01
3.244698e+03,9.703647e+01
3.245180e+03,9.704866e+01
3.245663e+03,9.705975e+01
3.246145e+03,9.706937e+01
3.246627e+03,9.707750e+01
3.247109e+03,9.708418e+01
3.247591e+03,9.708974e+01
3.248073e+03,9.709451e+01
3.248555e+03,9.709895e+01
3.249037e+03,9.710338e+01
3.249520e+03,9.710806e+01
3.250002e+03,9.711308e+01
3.250484e+03,9.711826e+01
3.250966e+03,9.712338e+01
3.251448e+03,9.712825e+01
3.251930e+03,9.713294e+01
3.252412e+03,9.713766e+01
3.252894e+03,9.714290e+01
3.253376e+03,9.714919e+01
3.253859e+03,9.715685e+01
3.254341e+03,9.716583e+01
3.254823e+03,9.717577e+01
3.255305e+03,9.718586e+01
3.255787e+03,9.719526e+01
3.256269e+03,9.720308e+01
3.256751e+03,9.720875e+01
3.257234e+03,9.721203e+01
3.257716e+03,9.721312e+01
3.258198e+03,9.721259e+01
3.258680e+03,9.721128e+01
3.259162e+03,9.721030e+01
3.259644e+03,9.721068e+01
3.260126e+03,9.721333e+01
3.260608e+03,9.721879e+01
3.261091e+03,9.722715e+01
3.261573e+03,9.723802e+01
3.262055e+03,9.725059e+01
3.262537e+03,9.726378e+01
3.263019e+03,9.727663e+01
3.263501e+03,9.728827e+01
3.263983e+03,9.729829e+01
3.264465e+03,9.730655e+01
3.264948e+03,9.731323e+01
3.265430e+03,9.731870e+01
3.265912e+03,9.732336e+01
3.266394e+03,9.732769e+01
3.266876e+03,9.733208e+01
3.267358e+03,9.733698e+01
3.267840e+03,9.734262e+01
3.268323e+03,9.734921e+01
3.268804e+03,9.735670e+01
3.269287e+03,9.736475e+01
3.269769e+03,9.737289e+01
3.270251e+03,9.738046e+01
3.270733e+03,9.738696e+01
3.271215e+03,9.739202e+01
3.271697e+03,9.739567e+01
3.272179e+03,9.739819e+01
3.272662e+03,9.740012e+01
3.273144e+03,9.740208e+01
3.273626e+03,9.740466e+01
3.274108e+03,9.740826e+01
3.274590e+03,9.741303e+01
3.275072e+03,9.741894e+01
3.275554e+03,9.742567e+01
3.276036e+03,9.743267e+01
3.276519e+03,9.743935e+01
3.277001e+03,9.744510e+01
3.277483e+03,9.744944e+01
3.277965e+03,9.745216e+01
3.278447e+03,9.745348e+01
3.278929e+03,9.745394e+01
3.279411e+03,9.745431e+01
3.279893e+03,9.745538e+01
3.280375e+03,9.745784e+01
3.280858e+03,9.746207e+01
3.281340e+03,9.746815e+01
3.281822e+03,9.747594e+01
3.282304e+03,9.748515e+01
3.282786e+03,9.749541e+01
3.283268e+03,9.750632e+01
3.283750e+03,9.751732e+01
3.284232e+03,9.752773e+01
3.284715e+03,9.753681e+01
3.285197e+03,9.754378e+01
3.285679e+03,9.754821e+01
3.286161e+03,9.755014e+01
3.286643e+03,9.755021e+01
3.287125e+03,9.754943e+01
3.287607e+03,9.754905e+01
3.288090e+03,9.755003e+01
3.288572e+03,9.755283e+01
3.289054e+03,9.755728e+01
3.289536e+03,9.756268e+01
3.290018e+03,9.756814e+01
3.290500e+03,9.757300e+01
3.290982e+03,9.757697e+01
3.291464e+03,9.758028e+01
3.291947e+03,9.758346e+01
3.292429e+03,9.758705e+01
3.292911e+03,9.759146e+01
3.293393e+03,9.759667e+01
3.293875e+03,9.760245e+01
3.294357e+03,9.760847e+01
3.294839e+03,9.761444e+01
3.295321e+03,9.762024e+01
3.295803e+03,9.762594e+01
3.296286e+03,9.763156e+01
3.296768e+03,9.763707e+01
3.297250e+03,9.764229e+01
3.297732e+03,9.764694e+01
3.298214e+03,9.765081e+01
3.298696e+03,9.765385e+01
3.299178e+03,9.765623e+01
3.299660e+03,9.765826e+01
3.300143e+03,9.766018e+01
3.300625e+03,9.766206e+01
3.301107e+03,9.766374e+01
3.301589e+03,9.766484e+01
3.302071e+03,9.766505e+01
3.302553e+03,9.766441e+01
3.303035e+03,9.766330e+01
3.303518e+03,9.766271e+01
3.304000e+03,9.766370e+01
3.304482e+03,9.766719e+01
3.304964e+03,9.767351e+01
3.305446e+03,9.768220e+01
3.305928e+03,9.769207e+01
3.306410e+03,9.770150e+01
3.306892e+03,9.770888e+01
3.307375e+03,9.771312e+01
3.307857e+03,9.771406e+01
3.308339e+03,9.771238e+01
3.308821e+03,9.770945e+01
3.309303e+03,9.770683e+01
3.309785e+03,9.770572e+01
3.310267e+03,9.770667e+01
3.310749e+03,9.770953e+01
3.311231e+03,9.771358e+01
3.311714e+03,9.771806e+01
3.312196e+03,9.772234e+01
3.312678e+03,9.772641e+01
3.313160e+03,9.773055e+01
3.313642e+03,9.773532e+01
3.314124e+03,9.774111e+01
3.314606e+03,9.774788e+01
3.315088e+03,9.775508e+01
3.315571e+03,9.776188e+01
3.316053e+03,9.776750e+01
3.316535e+03,9.777147e+01
3.317017e+03,9.777400e+01
3.317499e+03,9.777580e+01
3.317981e+03,9.777787e+01
3.318463e+03,9.778117e+01
3.318946e+03,9.778622e+01
3.319427e+03,9.779300e+01
3.319910e+03,9.780099e+01
3.320392e+03,9.780939e+01
3.320874e+03,9.781744e+01
3.321356e+03,9.782455e+01
3.321838e+03,9.783049e+01
3.322320e+03,9.783514e+01
3.322802e+03,9.783852e+01
3.323285e+03,9.784069e+01
3.323767e+03,9.784173e+01
3.324249e+03,9.784180e+01
3.324731e+03,9.784130e+01
3.325213e+03,9.784071e+01
3.325695e+03,9.784074e+01
3.326177e+03,9.784200e+01
3.326659e+03,9.784481e+01
3.327142e+03,9.784921e+01
3.327624e+03,9.785493e+01
3.328106e+03,9.786148e+01
3.328588e+03,9.786837e+01
3.329070e+03,9.787509e+01
3.329552e+03,9.788126e+01
3.330034e+03,9.788645e+01
3.330516e+03,9.789027e+01
3.330999e+03,9.789238e+01
3.331481e+03,9.789272e+01
3.331963e+03,9.789154e+01
3.332445e+03,9.788966e+01
3.332927e+03,9.788825e+01
3.333409e+03,9.788864e+01
3.333891e+03,9.789179e+01
3.334374e+03,9.789799e+01
3.334855e+03,9.790675e+01
3.335338e+03,9.791682e+01
3.335820e+03,9.792677e+01
3.336302e+03,9.793546e+01
3.336784e+03,9.794248e+01
3.337266e+03,9.794830e+01
3.337748e+03,9.795388e+01
3.338230e+03,9.796034e+01
3.338713e+03,9.796822e+01
3.339195e+03,9.797729e+01
3.339677e+03,9.798647e+01
3.340159e+03,9.799427e+01
3.340641e+03,9.799924e+01
3.341123e+03,9.800063e+01
3.341605e+03,9.799854e+01
3.342087e+03,9.799400e+01
3.342570e+03,9.798859e+01
3.343052e+03,9.798390e+01
3.343534e+03,9.798129e+01
3.344016e+03,9.798147e+01
3.344498e+03,9.798445e+01
3.344980e+03,9.798986e+01
3.345462e+03,9.799701e+01
3.345944e+03,9.800521e+01
3.346427e+03,9.801385e+01
3.346909e+03,9.802243e+01
3.347391e+03,9.803062e+01
3.347873e+03,9.803809e+01
3.348355e+03,9.804456e+01
3.348837e+03,9.804976e+01
3.349319e+03,9.805344e+01
3.349802e+03,9.805550e+01
3.350283e+03,9.805594e+01
3.350766e+03,9.805498e+01
3.351248e+03,9.805302e+01
3.351730e+03,9.805065e+01
3.352212e+03,9.804855e+01
3.352694e+03,9.804734e+01
3.353176e+03,9.804755e+01
3.353658e+03,9.804943e+01
3.354141e+03,9.805302e+01
3.354623e+03,9.805810e+01
3.355105e+03,9.806428e+01
3.355587e+03,9.807114e+01
3.356069e+03,9.807827e+01
3.356551e+03,9.808529e+01
3.357033e+03,9.809178e+01
3.357515e+03,9.809745e+01
3.357998e+03,9.810201e+01
3.358480e+03,9.810517e+01
3.358962e+03,9.810699e+01
3.359444e+03,9.810769e+01
3.359926e+03,9.810773e+01
3.360408e+03,9.810777e+01
3.360890e+03,9.810844e+01
3.361372e+03,9.811018e+01
3.361854e+03,9.811314e+01
3.362337e+03,9.811708e+01
3.362819e+03,9.812155e+01
3.363301e+03,9.812599e+01
3.363783e+03,9.812997e+01
3.364265e+03,9.813326e+01
3.364747e+03,9.813589e+01
3.365229e+03,9.813809e+01
3.365712e+03,9.814018e+01
3.366194e+03,9.814246e+01
3.366676e+03,9.814512e+01
3.367158e+03,9.814825e+01
3.367640e+03,9.815192e+01
3.368122e+03,9.815600e+01
3.368604e+03,9.816045e+01
3.369086e+03,9.816516e+01
3.369569e+03,9.817000e+01
3.370051e+03,9.817484e+01
3.370533e+03,9.817956e+01
3.371015e+03,9.818393e+01
3.371497e+03,9.818775e+01
3.371979e+03,9.819081e+01
3.372461e+03,9.819286e+01
3.372943e+03,9.819381e+01
3.373426e+03,9.819367e+01
3.373908e+03,9.819279e+01
3.374390e+03,9.819169e+01
3.374872e+03,9.819116e+01
3.375354e+03,9.819200e+01
3.375836e+03,9.819481e+01
3.376318e+03,9.819974e+01
3.376800e+03,9.820648e+01
3.377282e+03,9.821431e+01
3.377765e+03,9.822221e+01
3.378247e+03,9.822913e+01
3.378729e+03,9.823431e+01
3.379211e+03,9.823736e+01
3.379693e+03,9.823816e+01
3.380175e+03,9.823690e+01
3.380657e+03,9.823392e+01
3.381140e+03,9.822957e+01
3.381622e+03,9.822437e+01
3.382104e+03,9.821889e+01
3.382586e+03,9.821394e+01
3.383068e+03,9.821034e+01
3.383550e+03,9.820882e+01
3.384032e+03,9.820978e+01
3.384514e+03,9.821313e+01
3.384997e+03,9.821832e+01
3.385479e+03,9.822455e+01
3.385961e+03,9.823108e+01
3.386443e+03,9.823742e+01
3.386925e+03,9.824367e+01
3.387407e+03,9.825024e+01
3.387889e+03,9.825755e+01
3.388371e+03,9.826583e+01
3.388854e+03,9.827476e+01
3.389336e+03,9.828352e+01
3.389818e+03,9.829108e+01
3.390300e+03,9.829652e+01
3.390782e+03,9.829935e+01
3.391264e+03,9.829971e+01
3.391746e+03,9.829842e+01
3.392229e+03,9.829660e+01
3.392710e+03,9.829536e+01
3.393193e+03,9.829535e+01
3.393675e+03,9.829663e+01
3.394157e+03,9.829867e+01
3.394639e+03,9.830058e+01
3.395121e+03,9.830134e+01
3.395603e+03,9.830019e+01
3.396085e+03,9.829673e+01
3.396568e+03,9.829121e+01
3.397050e+03,9.828441e+01
3.397532e+03,9.827757e+01
3.398014e+03,9.827216e+01
3.398496e+03,9.826952e+01
3.398978e+03,9.827045e+01
3.399460e+03,9.827511e+01
3.399942e+03,9.828287e+01
3.400425e+03,9.829253e+01
3.400907e+03,9.830257e+01
3.401389e+03,9.831168e+01
3.401871e+03,9.831900e+01
3.402353e+03,9.832439e+01
3.402835e+03,9.832831e+01
3.403317e+03,9.833142e+01
3.403799e+03,9.833429e+01
3.404281e+03,9.833710e+01
3.404764e+03,9.833946e+01
3.405246e+03,9.834076e+01
3.405728e+03,9.834026e+01
3.406210e+03,9.833765e+01
3.406692e+03,9.833299e+01
3.407174e+03,9.832684e+01
3.407656e+03,9.831999e+01
3.408138e+03,9.831331e+01
3.408621e+03,9.830740e+01
3.409103e+03,9.830267e+01
3.409585e+03,9.829920e+01
3.410067e+03,9.829694e+01
3.410549e+03,9.829575e+01
3.411031e+03,9.829539e+01
3.411513e+03,9.829556e+01
3.411996e+03,9.829594e+01
3.412478e+03,9.829628e+01
3.412960e+03,9.829645e+01
3.413442e+03,9.829663e+01
3.413924e+03,9.829723e+01
3.414406e+03,9.829877e+01
3.414888e+03,9.830168e+01
3.415370e+03,9.830610e+01
3.415853e+03,9.831171e+01
3.416335e+03,9.831800e+01
3.416817e+03,9.832436e+01
3.417299e+03,9.833051e+01
3.417781e+03,9.833664e+01
3.418263e+03,9.834337e+01
3.418745e+03,9.835134e+01
3.419227e+03,9.836096e+01
3.419709e+03,9.837196e+01
3.420192e+03,9.838339e+01
3.420674e+03,9.839371e+01
3.421156e+03,9.840157e+01
3.421638e+03,9.840602e+01
3.422120e+03,9.840683e+01
3.422602e+03,9.840443e+01
3.423084e+03,9.839948e+01
3.423566e+03,9.839250e+01
3.424049e+03,9.838369e+01
3.424531e+03,9.837299e+01
3.425013e+03,9.836024e+01
3.425495e+03,9.834596e+01
3.425977e+03,9.833119e+01
3.426459e+03,9.831765e+01
3.426941e+03,9.830733e+01
3.427424e+03,9.830181e+01
3.427906e+03,9.830174e+01
3.428388e+03,9.830653e+01
3.428870e+03,9.831459e+01
3.429352e+03,9.832379e+01
3.429834e+03,9.833214e+01
3.430316e+03,9.833829e+01
3.430798e+03,9.834189e+01
3.431281e+03,9.834344e+01
3.431763e+03,9.834403e+01
3.432245e+03,9.834475e+01
3.432727e+03,9.834641e+01
3.433209e+03,9.834929e+01
3.433691e+03,9.835309e+01
3.434173e+03,9.835708e+01
3.434655e+03,9.836037e+01
3.435137e+03,9.836204e+01
3.435620e+03,9.836147e+01
3.436102e+03,9.835846e+01
3.436584e+03,9.835331e+01
3.437066e+03,9.834689e+01
3.437548e+03,9.834048e+01
3.438030e+03,9.833543e+01
3.438512e+03,9.833280e+01
3.438994e+03,9.833307e+01
3.439477e+03,9.833601e+01
3.439959e+03,9.834070e+01
3.440441e+03,9.834583e+01
3.440923e+03,9.835027e+01
3.441405e+03,9.835333e+01
3.441887e+03,9.835505e+01
3.442369e+03,9.835612e+01
3.442852e+03,9.835756e+01
3.443333e+03,9.836028e+01
3.443816e+03,9.836478e+01
3.444298e+03,9.837103e+01
3.444780e+03,9.837840e+01
3.445262e+03,9.838606e+01
3.445744e+03,9.839304e+01
3.446226e+03,9.839848e+01
3.446708e+03,9.840185e+01
3.447191e+03,9.840294e+01
3.447673e+03,9.840180e+01
3.448155e+03,9.839880e+01
3.448637e+03,9.839443e+01
3.449119e+03,9.838935e+01
3.449601e+03,9.838418e+01
3.450083e+03,9.837949e+01
3.450565e+03,9.837564e+01
3.451048e+03,9.837277e+01
3.451530e+03,9.837070e+01
3.452012e+03,9.836909e+01
3.452494e+03,9.836765e+01
3.452976e+03,9.836620e+01
3.453458e+03,9.836499e+01
3.453940e+03,9.836446e+01
3.454422e+03,9.836507e+01
3.454905e+03,9.836720e+01
3.455387e+03,9.837078e+01
3.455869e+03,9.837545e+01
3.456351e+03,9.838062e+01
3.456833e+03,9.838567e+01
3.457315e+03,9.839014e+01
3.457797e+03,9.839392e+01
3.458280e+03,9.839703e+01
3.458761e+03,9.839948e+01
3.459244e+03,9.840116e+01
3.459726e+03,9.840168e+01
3.460208e+03,9.840060e+01
3.460690e+03,9.839755e+01
3.461172e+03,9.839252e+01
3.461654e+03,9.838604e+01
3.462136e+03,9.837898e+01
3.462619e+03,9.837247e+01
3.463101e+03,9.836742e+01
3.463583e+03,9.836426e+01
3.464065e+03,9.836288e+01
3.464547e+03,9.836275e+01
3.465029e+03,9.836317e+01
3.465511e+03,9.836351e+01
3.465993e+03,9.836353e+01
3.466476e+03,9.836337e+01
3.466958e+03,9.836348e+01
3.467440e+03,9.836433e+01
3.467922e+03,9.836635e+01
3.468404e+03,9.836961e+01
3.468886e+03,9.837381e+01
3.469368e+03,9.837843e+01
3.469850e+03,9.838274e+01
3.470333e+03,9.838603e+01
3.470815e+03,9.838775e+01
3.471297e+03,9.838761e+01
3.471779e+03,9.838574e+01
3.472261e+03,9.838265e+01
3.472743e+03,9.837901e+01
3.473225e+03,9.837574e+01
3.473708e+03,9.837359e+01
3.474189e+03,9.837299e+01
3.474672e+03,9.837395e+01
3.475154e+03,9.837602e+01
3.475636e+03,9.837855e+01
3.476118e+03,9.838084e+01
3.476600e+03,9.838251e+01
3.477082e+03,9.838356e+01
3.477564e+03,9.838441e+01
3.478047e+03,9.838568e+01
3.478529e+03,9.838779e+01
3.479011e+03,9.839095e+01
3.479493e+03,9.839482e+01
3.479975e+03,9.839871e+01
3.480457e+03,9.840186e+01
3.480939e+03,9.840366e+01
3.481421e+03,9.840407e+01
3.481904e+03,9.840359e+01
3.482386e+03,9.840311e+01
3.482868e+03,9.840343e+01
3.483350e+03,9.840505e+01
3.483832e+03,9.840771e+01
3.484314e+03,9.841059e+01
3.484796e+03,9.841253e+01
3.485278e+03,9.841245e+01
3.485760e+03,9.840971e+01
3.486243e+03,9.840442e+01
3.486725e+03,9.839751e+01
3.487207e+03,9.839054e+01
3.487689e+03,9.838524e+01
3.488171e+03,9.838302e+01
3.488653e+03,9.838454e+01
3.489135e+03,9.838952e+01
3.489618e+03,9.839689e+01
3.490100e+03,9.840501e+01
3.490582e+03,9.841209e+01
3.491064e+03,9.841669e+01
3.491546e+03,9.841792e+01
3.492028e+03,9.841563e+01
3.492510e+03,9.841044e+01
3.492992e+03,9.840343e+01
3.493475e+03,9.839602e+01
3.493957e+03,9.838946e+01
3.494439e+03,9.838467e+01
3.494921e+03,9.838206e+01
3.495403e+03,9.838148e+01
3.495885e+03,9.838243e+01
3.496367e+03,9.838427e+01
3.496849e+03,9.838653e+01
3.497332e+03,9.838898e+01
3.497814e+03,9.839168e+01
3.498296e+03,9.839486e+01
3.498778e+03,9.839875e+01
3.499260e+03,9.840334e+01
3.499742e+03,9.840831e+01
3.500224e+03,9.841324e+01
3.500706e+03,9.841746e+01
3.501188e+03,9.842052e+01
3.501671e+03,9.842217e+01
3.502153e+03,9.842246e+01
3.502635e+03,9.842171e+01
3.503117e+03,9.842030e+01
3.503599e+03,9.841858e+01
3.504081e+03,9.841666e+01
3.504563e+03,9.841463e+01
3.505046e+03,9.841251e+01
3.505528e+03,9.841042e+01
3.506010e+03,9.840866e+01
3.506492e+03,9.840771e+01
3.506974e+03,9.840792e+01
3.507456e+03,9.840949e+01
3.507938e+03,9.841232e+01
3.508420e+03,9.841583e+01
3.508903e+03,9.841920e+01
3.509385e+03,9.842133e+01
3.509867e+03,9.842142e+01
3.510349e+03,9.841901e+01
3.510831e+03,9.841424e+01
3.511313e+03,9.840760e+01
3.511795e+03,9.840008e+01
3.512277e+03,9.839275e+01
3.512760e+03,9.838667e+01
3.513242e+03,9.838282e+01
3.513724e+03,9.838175e+01
3.514206e+03,9.838359e+01
3.514688e+03,9.838797e+01
3.515170e+03,9.839410e+01
3.515652e+03,9.840096e+01
3.516135e+03,9.840741e+01
3.516616e+03,9.841253e+01
3.517099e+03,9.841575e+01
3.517581e+03,9.841683e+01
3.518063e+03,9.841602e+01
3.518545e+03,9.841373e+01
3.519027e+03,9.841055e+01
3.519509e+03,9.840706e+01
3.519991e+03,9.840386e+01
3.520474e+03,9.840152e+01
3.520956e+03,9.840071e+01
3.521438e+03,9.840213e+01
3.521920e+03,9.840646e+01
3.522402e+03,9.841402e+01
3.522884e+03,9.842459e+01
3.523366e+03,9.843729e+01
3.523848e+03,9.845055e+01
3.524331e+03,9.846259e+01
3.524813e+03,9.847163e+01
3.525295e+03,9.847639e+01
3.525777e+03,9.847615e+01
3.526259e+03,9.847102e+01
3.526741e+03,9.846162e+01
3.527223e+03,9.844922e+01
3.527705e+03,9.843546e+01
3.528188e+03,9.842191e+01
3.528670e+03,9.840997e+01
3.529152e+03,9.840051e+01
3.529634e+03,9.839391e+01
3.530116e+03,9.839008e+01
3.530598e+03,9.838862e+01
3.531080e+03,9.838906e+01
3.531562e+03,9.839083e+01
3.532044e+03,9.839356e+01
3.532527e+03,9.839687e+01
3.533009e+03,9.840054e+01
3.533491e+03,9.840430e+01
3.533973e+03,9.840781e+01
3.534455e+03,9.841071e+01
3.534937e+03,9.841257e+01
3.535419e+03,9.841305e+01
3.535902e+03,9.841206e+01
3.536384e+03,9.840981e+01
3.536866e+03,9.840679e+01
3.537348e+03,9.840357e+01
3.537830e+03,9.840059e+01
3.538312e+03,9.839810e+01
3.538794e+03,9.839608e+01
3.539276e+03,9.839454e+01
3.539759e+03,9.839348e+01
3.540241e+03,9.839330e+01
3.540723e+03,9.839455e+01
3.541205e+03,9.839807e+01
3.541687e+03,9.840452e+01
3.542169e+03,9.841416e+01
3.542651e+03,9.842654e+01
3.543133e+03,9.844044e+01
3.543615e+03,9.845391e+01
3.544098e+03,9.846485e+01
3.544580e+03,9.847132e+01
3.545062e+03,9.847225e+01
3.545544e+03,9.846767e+01
3.546026e+03,9.845872e+01
3.546508e+03,9.844716e+01
3.546990e+03,9.843498e+01
3.547472e+03,9.842373e+01
3.547955e+03,9.841428e+01
3.548437e+03,9.840678e+01
3.548919e+03,9.840100e+01
3.549401e+03,9.839645e+01
3.549883e+03,9.839267e+01
3.550365e+03,9.838942e+01
3.550847e+03,9.838669e+01
3.551330e+03,9.838470e+01
3.551812e+03,9.838383e+01
3.552294e+03,9.838447e+01
3.552776e+03,9.838675e+01
3.553258e+03,9.839056e+01
3.553740e+03,9.839550e+01
3.554222e+03,9.840105e+01
3.554704e+03,9.840675e+01
3.555187e+03,9.841216e+01
3.555669e+03,9.841705e+01
3.556151e+03,9.842139e+01
3.556633e+03,9.842503e+01
3.557115e+03,9.842783e+01
3.557597e+03,9.842935e+01
3.558079e+03,9.842902e+01
3.558561e+03,9.842626e+01
3.559043e+03,9.842071e+01
3.559526e+03,9.841267e+01
3.560008e+03,9.840302e+01
3.560490e+03,9.839332e+01
3.560972e+03,9.838533e+01
3.561454e+03,9.838065e+01
3.561936e+03,9.838026e+01
3.562418e+03,9.838430e+01
3.562900e+03,9.839223e+01
3.563383e+03,9.840289e+01
3.563865e+03,9.841476e+01
3.564347e+03,9.842631e+01
3.564829e+03,9.843601e+01
3.565311e+03,9.844244e+01
3.565793e+03,9.844469e+01
3.566275e+03,9.844253e+01
3.566758e+03,9.843694e+01
3.567240e+03,9.842989e+01
3.567722e+03,9.842392e+01
3.568204e+03,9.842095e+01
3.568686e+03,9.842209e+01
3.569168e+03,9.842719e+01
3.569650e+03,9.843552e+01
3.570132e+03,9.844595e+01
3.570615e+03,9.845712e+01
3.571097e+03,9.846775e+01
3.571579e+03,9.847671e+01
3.572061e+03,9.848315e+01
3.572543e+03,9.848669e+01
3.573025e+03,9.848733e+01
3.573507e+03,9.848553e+01
3.573989e+03,9.848200e+01
3.574471e+03,9.847777e+01
3.574954e+03,9.847367e+01
3.575436e+03,9.847054e+01
3.575918e+03,9.846871e+01
3.576400e+03,9.846806e+01
3.576882e+03,9.846802e+01
3.577364e+03,9.846780e+01
3.577846e+03,9.846664e+01
3.578328e+03,9.846423e+01
3.578811e+03,9.846089e+01
3.579293e+03,9.845760e+01
3.579775e+03,9.845569e+01
3.580257e+03,9.845637e+01
3.580739e+03,9.846024e+01
3.581221e+03,9.846708e+01
3.581703e+03,9.847573e+01
3.582186e+03,9.848452e+01
3.582667e+03,9.849168e+01
3.583150e+03,9.849574e+01
3.583632e+03,9.849596e+01
3.584114e+03,9.849201e+01
3.584596e+03,9.848395e+01
3.585078e+03,9.847201e+01
3.585560e+03,9.845644e+01
3.586042e+03,9.843782e+01
3.586525e+03,9.841724e+01
3.587007e+03,9.839681e+01
3.587489e+03,9.837912e+01
3.587971e+03,9.836646e+01
3.588453e+03,9.835990e+01
3.588935e+03,9.835900e+01
3.589417e+03,9.836244e+01
3.589899e+03,9.836867e+01
3.590382e+03,9.837637e+01
3.590864e+03,9.838480e+01
3.591346e+03,9.839366e+01
3.591828e+03,9.840302e+01
3.592310e+03,9.841302e+01
3.592792e+03,9.842378e+01
3.593274e+03,9.843512e+01
3.593756e+03,9.844650e+01
3.594239e+03,9.845735e+01
3.594721e+03,9.846709e+01
3.595203e+03,9.847552e+01
3.595685e+03,9.848260e+01
3.596167e+03,9.848834e+01
3.596649e+03,9.849264e+01
3.597131e+03,9.849509e+01
3.597614e+03,9.849511e+01
3.598095e+03,9.849212e+01
3.598578e+03,9.848581e+01
3.599060e+03,9.847639e+01
3.599542e+03,9.846460e+01
3.600024e+03,9.845160e+01
3.600506e+03,9.843876e+01
3.600988e+03,9.842723e+01
3.601470e+03,9.841770e+01
3.601953e+03,9.841037e+01
3.602435e+03,9.840509e+01
3.602917e+03,9.840151e+01
3.603399e+03,9.839914e+01
3.603881e+03,9.839747e+01
3.604363e+03,9.839588e+01
3.604845e+03,9.839375e+01
3.605327e+03,9.839055e+01
3.605810e+03,9.838614e+01
3.606292e+03,9.838100e+01
3.606774e+03,9.837625e+01
3.607256e+03,9.837350e+01
3.607738e+03,9.837405e+01
3.608220e+03,9.837828e+01
3.608702e+03,9.838506e+01
3.609184e+03,9.839247e+01
3.609667e+03,9.839841e+01
3.610149e+03,9.840166e+01
3.610631e+03,9.840235e+01
3.611113e+03,9.840173e+01
3.611595e+03,9.840191e+01
3.612077e+03,9.840508e+01
3.612559e+03,9.841268e+01
3.613042e+03,9.842458e+01
3.613524e+03,9.843899e+01
3.614006e+03,9.845327e+01
3.614488e+03,9.846500e+01
3.614970e+03,9.847282e+01
3.615452e+03,9.847637e+01
3.615934e+03,9.847609e+01
3.616416e+03,9.847258e+01
3.616898e+03,9.846633e+01
3.617381e+03,9.845750e+01
3.617863e+03,9.844618e+01
3.618345e+03,9.843278e+01
3.618827e+03,9.841833e+01
3.619309e+03,9.840446e+01
3.619791e+03,9.839303e+01
3.620273e+03,9.838531e+01
3.620755e+03,9.838171e+01
3.621238e+03,9.838171e+01
3.621720e+03,9.838453e+01
3.622202e+03,9.838918e+01
3.622684e+03,9.839493e+01
3.623166e+03,9.840132e+01
3.623648e+03,9.840814e+01
3.624130e+03,9.841544e+01
3.624612e+03,9.842323e+01
3.625094e+03,9.843160e+01
3.625577e+03,9.844029e+01
3.626059e+03,9.844889e+01
3.626541e+03,9.845630e+01
3.627023e+03,9.846077e+01
3.627505e+03,9.845988e+01
3.627987e+03,9.845119e+01
3.628469e+03,9.843435e+01
3.628952e+03,9.841241e+01
3.629434e+03,9.839107e+01
3.629916e+03,9.837469e+01
3.630398e+03,9.836493e+01
3.630880e+03,9.836098e+01
3.631362e+03,9.836100e+01
3.631844e+03,9.836302e+01
3.632326e+03,9.836530e+01
3.632809e+03,9.836658e+01
3.633291e+03,9.836639e+01
3.633773e+03,9.836525e+01
3.634255e+03,9.836448e+01
3.634737e+03,9.836569e+01
3.635219e+03,9.837009e+01
3.635701e+03,9.837801e+01
3.636183e+03,9.838883e+01
3.636666e+03,9.840114e+01
3.637148e+03,9.841307e+01
3.637630e+03,9.842289e+01
3.638112e+03,9.842929e+01
3.638594e+03,9.843181e+01
3.639076e+03,9.843069e+01
3.639558e+03,9.842664e+01
3.640041e+03,9.842051e+01
3.640522e+03,9.841318e+01
3.641005e+03,9.840559e+01
3.641487e+03,9.839882e+01
3.641969e+03,9.839413e+01
3.642451e+03,9.839260e+01
3.642933e+03,9.839507e+01
3.643415e+03,9.840143e+01
3.643897e+03,9.841099e+01
3.644380e+03,9.842231e+01
3.644862e+03,9.843357e+01
3.645344e+03,9.844280e+01
3.645826e+03,9.844830e+01
3.646308e+03,9.844881e+01
3.646790e+03,9.844410e+01
3.647272e+03,9.843471e+01
3.647754e+03,9.842168e+01
3.648237e+03,9.840585e+01
3.648719e+03,9.838776e+01
3.649201e+03,9.836825e+01
3.649683e+03,9.834935e+01
3.650165e+03,9.833426e+01
3.650647e+03,9.832613e+01
3.651129e+03,9.832639e+01
3.651611e+03,9.833427e+01
3.652094e+03,9.834739e+01
3.652576e+03,9.836295e+01
3.653058e+03,9.837820e+01
3.653540e+03,9.839075e+01
3.654022e+03,9.839880e+01
3.654504e+03,9.840146e+01
3.654986e+03,9.839896e+01
3.655469e+03,9.839320e+01
3.655950e+03,9.838733e+01
3.656433e+03,9.838431e+01
3.656915e+03,9.838573e+01
3.657397e+03,9.839117e+01
3.657879e+03,9.839890e+01
3.658361e+03,9.840694e+01
3.658843e+03,9.841374e+01
3.659325e+03,9.841826e+01
3.659808e+03,9.842002e+01
3.660290e+03,9.841896e+01
3.660772e+03,9.841519e+01
3.661254e+03,9.840890e+01
3.661736e+03,9.840027e+01
3.662218e+03,9.838966e+01
3.662700e+03,9.837766e+01
3.663182e+03,9.836520e+01
3.663665e+03,9.835351e+01
3.664147e+03,9.834393e+01
3.664629e+03,9.833768e+01
3.665111e+03,9.833548e+01
3.665593e+03,9.833758e+01
3.666075e+03,9.834366e+01
3.666557e+03,9.835291e+01
3.667039e+03,9.836424e+01
3.667521e+03,9.837624e+01
3.668004e+03,9.838745e+01
3.668486e+03,9.839629e+01
3.668968e+03,9.840179e+01
3.669450e+03,9.840385e+01
3.669932e+03,9.840393e+01
3.670414e+03,9.840411e+01
3.670896e+03,9.840610e+01
3.671378e+03,9.841058e+01
3.671861e+03,9.841714e+01
3.672343e+03,9.842512e+01
3.672825e+03,9.843362e+01
3.673307e+03,9.844176e+01
3.673789e+03,9.844886e+01
3.674271e+03,9.845406e+01
3.674753e+03,9.845673e+01
3.675236e+03,9.845667e+01
3.675718e+03,9.845430e+01
3.676200e+03,9.844989e+01
3.676682e+03,9.844348e+01
3.677164e+03,9.843465e+01
3.677646e+03,9.842332e+01
3.678128e+03,9.840987e+01
3.678610e+03,9.839565e+01
3.679093e+03,9.838269e+01
3.679575e+03,9.837318e+01
3.680057e+03,9.836881e+01
3.680539e+03,9.836993e+01
3.681021e+03,9.837546e+01
3.681503e+03,9.838351e+01
3.681985e+03,9.839198e+01
3.682467e+03,9.839906e+01
3.682949e+03,9.840363e+01
3.683432e+03,9.840530e+01
3.683914e+03,9.840440e+01
3.684396e+03,9.840147e+01
3.684878e+03,9.839709e+01
3.685360e+03,9.839167e+01
3.685842e+03,9.838538e+01
3.686324e+03,9.837846e+01
3.686806e+03,9.837136e+01
3.687289e+03,9.836479e+01
3.687771e+03,9.835981e+01
3.688253e+03,9.835706e+01
3.688735e+03,9.835632e+01
3.689217e+03,9.835635e+01
3.689699e+03,9.835556e+01
3.690181e+03,9.835292e+01
3.690664e+03,9.834842e+01
3.691146e+03,9.834306e+01
3.691628e+03,9.833807e+01
3.692110e+03,9.833453e+01
3.692592e+03,9.833286e+01
3.693074e+03,9.833290e+01
3.693556e+03,9.833420e+01
3.694038e+03,9.833628e+01
3.694521e+03,9.833874e+01
3.695003e+03,9.834145e+01
3.695485e+03,9.834430e+01
3.695967e+03,9.834711e+01
3.696449e+03,9.834951e+01
3.696931e+03,9.835095e+01
3.697413e+03,9.835084e+01
3.697895e+03,9.834882e+01
3.698377e+03,9.834487e+01
3.698860e+03,9.833934e+01
3.699342e+03,9.833289e+01
3.699824e+03,9.832629e+01
3.700306e+03,9.832034e+01
3.700788e+03,9.831571e+01
3.701270e+03,9.831293e+01
3.701752e+03,9.831235e+01
3.702234e+03,9.831411e+01
3.702717e+03,9.831814e+01
3.703199e+03,9.832403e+01
3.703681e+03,9.833096e+01
3.704163e+03,9.833768e+01
3.704645e+03,9.834283e+01
3.705127e+03,9.834523e+01
3.705609e+03,9.834431e+01
3.706092e+03,9.834054e+01
3.706573e+03,9.833553e+01
3.707056e+03,9.833187e+01
3.707538e+03,9.833247e+01
3.708020e+03,9.833961e+01
3.708502e+03,9.835425e+01
3.708984e+03,9.837508e+01
3.709466e+03,9.839861e+01
3.709948e+03,9.841964e+01
3.710431e+03,9.843293e+01
3.710913e+03,9.843514e+01
3.711395e+03,9.842653e+01
3.711877e+03,9.841064e+01
3.712359e+03,9.839251e+01
3.712841e+03,9.837629e+01
3.713323e+03,9.836411e+01
3.713805e+03,9.835625e+01
3.714288e+03,9.835182e+01
3.714770e+03,9.834974e+01
3.715252e+03,9.834874e+01
3.715734e+03,9.834777e+01
3.716216e+03,9.834599e+01
3.716698e+03,9.834272e+01
3.717180e+03,9.833776e+01
3.717662e+03,9.833149e+01
3.718145e+03,9.832490e+01
3.718627e+03,9.831947e+01
3.719109e+03,9.831663e+01
3.719591e+03,9.831728e+01
3.720073e+03,9.832157e+01
3.720555e+03,9.832864e+01
3.721037e+03,9.833698e+01
3.721520e+03,9.834500e+01
3.722001e+03,9.835154e+01
3.722484e+03,9.835635e+01
3.722966e+03,9.836008e+01
3.723448e+03,9.836362e+01
3.723930e+03,9.836762e+01
3.724412e+03,9.837199e+01
3.724894e+03,9.837591e+01
3.725376e+03,9.837818e+01
3.725859e+03,9.837791e+01
3.726341e+03,9.837509e+01
3.726823e+03,9.837070e+01
3.727305e+03,9.836618e+01
3.727787e+03,9.836275e+01
3.728269e+03,9.836095e+01
3.728751e+03,9.836063e+01
3.729233e+03,9.836109e+01
3.729716e+03,9.836153e+01
3.730198e+03,9.836138e+01
3.730680e+03,9.836035e+01
3.731162e+03,9.835866e+01
3.731644e+03,9.835680e+01
3.732126e+03,9.835542e+01
3.732608e+03,9.835484e+01
3.733090e+03,9.835506e+01
3.733573e+03,9.835582e+01
3.734055e+03,9.835692e+01
3.734537e+03,9.835814e+01
3.735019e+03,9.835909e+01
3.735501e+03,9.835911e+01
3.735983e+03,9.835722e+01
3.736465e+03,9.835257e+01
3.736948e+03,9.834497e+01
3.737430e+03,9.833521e+01
3.737912e+03,9.832458e+01
3.738394e+03,9.831487e+01
3.738876e+03,9.830771e+01
3.739358e+03,9.830446e+01
3.739840e+03,9.830563e+01
3.740322e+03,9.831082e+01
3.740804e+03,9.831882e+01
3.741287e+03,9.832814e+01
3.741769e+03,9.833747e+01
3.742251e+03,9.834596e+01
3.742733e+03,9.835316e+01
3.743215e+03,9.835906e+01
3.743697e+03,9.836347e+01
3.744179e+03,9.836591e+01
3.744661e+03,9.836574e+01
3.745144e+03,9.836279e+01
3.745626e+03,9.835750e+01
3.746108e+03,9.835062e+01
3.746590e+03,9.834296e+01
3.747072e+03,9.833514e+01
3.747554e+03,9.832771e+01
3.748036e+03,9.832097e+01
3.748518e+03,9.831498e+01
3.749000e+03,9.830927e+01
3.749483e+03,9.830309e+01
3.749965e+03,9.829547e+01
3.750447e+03,9.828615e+01
3.750929e+03,9.827586e+01
3.751411e+03,9.826622e+01
3.751893e+03,9.825903e+01
3.752375e+03,9.825549e+01
3.752858e+03,9.825585e+01
3.753340e+03,9.825957e+01
3.753822e+03,9.826584e+01
3.754304e+03,9.827364e+01
3.754786e+03,9.828220e+01
3.755268e+03,9.829079e+01
3.755750e+03,9.829862e+01
3.756232e+03,9.830498e+01
3.756715e+03,9.830917e+01
3.757197e+03,9.831091e+01
3.757679e+03,9.831016e+01
3.758161e+03,9.830752e+01
3.758643e+03,9.830376e+01
3.759125e+03,9.829978e+01
3.759607e+03,9.829636e+01
3.760089e+03,9.829388e+01
3.760572e+03,9.829247e+01
3.761054e+03,9.829195e+01
3.761536e+03,9.829199e+01
3.762018e+03,9.829221e+01
3.762500e+03,9.829212e+01
3.762982e+03,9.829127e+01
3.763464e+03,9.828930e+01
3.763947e+03,9.828617e+01
3.764428e+03,9.828245e+01
3.764911e+03,9.827943e+01
3.765393e+03,9.827886e+01
3.765875e+03,9.828216e+01
3.766357e+03,9.828999e+01
3.766839e+03,9.830185e+01
3.767321e+03,9.831617e+01
3.767803e+03,9.833054e+01
3.768286e+03,9.834209e+01
3.768768e+03,9.834818e+01
3.769250e+03,9.834732e+01
3.769732e+03,9.834021e+01
3.770214e+03,9.832963e+01
3.770696e+03,9.831926e+01
3.771178e+03,9.831194e+01
3.771660e+03,9.830876e+01
3.772143e+03,9.830936e+01
3.772625e+03,9.831219e+01
3.773107e+03,9.831554e+01
3.773589e+03,9.831801e+01
3.774071e+03,9.831872e+01
3.774553e+03,9.831778e+01
3.775035e+03,9.831574e+01
3.775517e+03,9.831351e+01
3.776000e+03,9.831190e+01
3.776482e+03,9.831145e+01
3.776964e+03,9.831216e+01
3.777446e+03,9.831376e+01
3.777928e+03,9.831588e+01
3.778410e+03,9.831813e+01
3.778892e+03,9.832032e+01
3.779375e+03,9.832252e+01
3.779856e+03,9.832484e+01
3.780339e+03,9.832751e+01
3.780821e+03,9.833057e+01
3.781303e+03,9.833401e+01
3.781785e+03,9.833788e+01
3.782267e+03,9.834207e+01
3.782749e+03,9.834651e+01
3.783231e+03,9.835095e+01
3.783714e+03,9.835497e+01
3.784196e+03,9.835801e+01
3.784678e+03,9.835958e+01
3.785160e+03,9.835934e+01
3.785642e+03,9.835739e+01
3.786124e+03,9.835425e+01
3.786606e+03,9.835078e+01
3.787088e+03,9.834789e+01
3.787571e+03,9.834648e+01
3.788053e+03,9.834708e+01
3.788535e+03,9.834978e+01
3.789017e+03,9.835400e+01
3.789499e+03,9.835873e+01
3.789981e+03,9.836264e+01
3.790463e+03,9.836447e+01
3.790945e+03,9.836344e+01
3.791427e+03,9.835940e+01
3.791910e+03,9.835300e+01
3.792392e+03,9.834534e+01
3.792874e+03,9.833762e+01
3.793356e+03,9.833083e+01
3.793838e+03,9.832539e+01
3.794320e+03,9.832117e+01
3.794802e+03,9.831763e+01
3.795284e+03,9.831414e+01
3.795767e+03,9.831046e+01
3.796249e+03,9.830696e+01
3.796731e+03,9.830475e+01
3.797213e+03,9.830517e+01
3.797695e+03,9.830921e+01
3.798177e+03,9.831716e+01
3.798659e+03,9.832840e+01
3.799142e+03,9.834149e+01
3.799624e+03,9.835398e+01
3.800106e+03,9.836254e+01
3.800588e+03,9.836395e+01
3.801070e+03,9.835717e+01
3.801552e+03,9.834496e+01
3.802034e+03,9.833286e+01
3.802516e+03,9.832585e+01
3.802999e+03,9.832598e+01
3.803481e+03,9.833257e+01
3.803963e+03,9.834351e+01
3.804445e+03,9.835603e+01
3.804927e+03,9.836724e+01
3.805409e+03,9.837444e+01
3.805891e+03,9.837579e+01
3.806373e+03,9.837119e+01
3.806855e+03,9.836300e+01
3.807338e+03,9.835493e+01
3.807820e+03,9.834993e+01
3.808302e+03,9.834892e+01
3.808784e+03,9.835110e+01
3.809266e+03,9.835479e+01
3.809748e+03,9.835859e+01
3.810230e+03,9.836171e+01
3.810712e+03,9.836438e+01
3.811195e+03,9.836757e+01
3.811677e+03,9.837256e+01
3.812159e+03,9.838031e+01
3.812641e+03,9.839095e+01
3.813123e+03,9.840338e+01
3.813605e+03,9.841521e+01
3.814087e+03,9.842291e+01
3.814570e+03,9.842256e+01
3.815052e+03,9.841147e+01
3.815534e+03,9.839040e+01
3.816016e+03,9.836438e+01
3.816498e+03,9.834044e+01
3.816980e+03,9.832388e+01
3.817462e+03,9.831653e+01
3.817944e+03,9.831734e+01
3.818427e+03,9.832390e+01
3.818909e+03,9.833331e+01
3.819391e+03,9.834252e+01
3.819873e+03,9.834856e+01
3.820355e+03,9.834941e+01
3.820837e+03,9.834517e+01
3.821319e+03,9.833852e+01
3.821801e+03,9.833294e+01
3.822283e+03,9.833086e+01
3.822766e+03,9.833281e+01
3.823248e+03,9.833801e+01
3.823730e+03,9.834534e+01
3.824212e+03,9.835358e+01
3.824694e+03,9.836171e+01
3.825176e+03,9.836867e+01
3.825658e+03,9.837370e+01
3.826140e+03,9.837633e+01
3.826623e+03,9.837669e+01
3.827105e+03,9.837537e+01
3.827587e+03,9.837322e+01
3.828069e+03,9.837101e+01
3.828551e+03,9.836923e+01
3.829033e+03,9.836806e+01
3.829515e+03,9.836740e+01
3.829998e+03,9.836696e+01
3.830479e+03,9.836635e+01
3.830962e+03,9.836517e+01
3.831444e+03,9.836312e+01
3.831926e+03,9.836019e+01
3.832408e+03,9.835665e+01
3.832890e+03,9.835302e+01
3.833372e+03,9.834991e+01
3.833854e+03,9.834796e+01
3.834337e+03,9.834753e+01
3.834819e+03,9.834866e+01
3.835301e+03,9.835082e+01
3.835783e+03,9.835307e+01
3.836265e+03,9.835406e+01
3.836747e+03,9.835252e+01
3.837229e+03,9.834780e+01
3.837711e+03,9.834036e+01
3.838194e+03,9.833192e+01
3.838676e+03,9.832459e+01
3.839158e+03,9.832014e+01
3.839640e+03,9.831911e+01
3.840122e+03,9.832081e+01
3.840604e+03,9.832374e+01
3.841086e+03,9.832610e+01
3.841568e+03,9.832653e+01
3.842051e+03,9.832442e+01
3.842533e+03,9.832000e+01
3.843015e+03,9.831441e+01
3.843497e+03,9.830915e+01
3.843979e+03,9.830553e+01
3.844461e+03,9.830413e+01
3.844943e+03,9.830454e+01
3.845426e+03,9.830560e+01
3.845907e+03,9.830596e+01
3.846390e+03,9.830444e+01
3.846872e+03,9.830062e+01
3.847354e+03,9.829494e+01
3.847836e+03,9.828878e+01
3.848318e+03,9.828407e+01
3.848800e+03,9.828297e+01
3.849282e+03,9.828709e+01
3.849765e+03,9.829724e+01
3.850247e+03,9.831292e+01
3.850729e+03,9.833238e+01
3.851211e+03,9.835238e+01
3.851693e+03,9.836819e+01
3.852175e+03,9.837402e+01
3.852657e+03,9.836570e+01
3.853139e+03,9.834454e+01
3.853622e+03,9.831843e+01
3.854104e+03,9.829630e+01
3.854586e+03,9.828261e+01
3.855068e+03,9.827708e+01
3.855550e+03,9.827750e+01
3.856032e+03,9.828177e+01
3.856514e+03,9.828828e+01
3.856996e+03,9.829615e+01
3.857479e+03,9.830462e+01
3.857961e+03,9.831291e+01
3.858443e+03,9.832011e+01
3.858925e+03,9.832526e+01
3.859407e+03,9.832751e+01
3.859889e+03,9.832640e+01
3.860371e+03,9.832211e+01
3.860854e+03,9.831549e+01
3.861336e+03,9.830790e+01
3.861818e+03,9.830076e+01
3.862300e+03,9.829498e+01
3.862782e+03,9.829078e+01
3.863264e+03,9.828766e+01
3.863746e+03,9.828513e+01
3.864228e+03,9.828308e+01
3.864710e+03,9.828215e+01
3.865193e+03,9.828333e+01
3.865675e+03,9.828729e+01
3.866157e+03,9.829393e+01
3.866639e+03,9.830235e+01
3.867121e+03,9.831126e+01
3.867603e+03,9.831908e+01
3.868085e+03,9.832430e+01
3.868567e+03,9.832596e+01
3.869050e+03,9.832433e+01
3.869532e+03,9.832124e+01
3.870014e+03,9.831937e+01
3.870496e+03,9.832065e+01
3.870978e+03,9.832516e+01
3.871460e+03,9.833154e+01
3.871942e+03,9.833780e+01
3.872424e+03,9.834201e+01
3.872906e+03,9.834273e+01
3.873389e+03,9.833923e+01
3.873871e+03,9.833195e+01
3.874353e+03,9.832237e+01
3.874835e+03,9.831253e+01
3.875317e+03,9.830414e+01
3.875799e+03,9.829806e+01
3.876281e+03,9.829451e+01
3.876764e+03,9.829327e+01
3.877246e+03,9.829396e+01
3.877728e+03,9.829611e+01
3.878210e+03,9.829910e+01
3.878692e+03,9.830228e+01
3.879174e+03,9.830501e+01
3.879656e+03,9.830699e+01
3.880138e+03,9.830864e+01
3.880621e+03,9.831106e+01
3.881103e+03,9.831551e+01
3.881585e+03,9.832282e+01
3.882067e+03,9.833297e+01
3.882549e+03,9.834521e+01
3.883031e+03,9.835823e+01
3.883513e+03,9.837017e+01
3.883995e+03,9.837893e+01
3.884478e+03,9.838241e+01
3.884960e+03,9.837951e+01
3.885442e+03,9.837083e+01
3.885924e+03,9.835893e+01
3.886406e+03,9.834700e+01
3.886888e+03,9.833727e+01
3.887370e+03,9.833060e+01
3.887853e+03,9.832679e+01
3.888334e+03,9.832518e+01
3.888817e+03,9.832504e+01
3.889299e+03,9.832569e+01
3.889781e+03,9.832668e+01
3.890263e+03,9.832767e+01
3.890745e+03,9.832836e+01
3.891227e+03,9.832870e+01
3.891709e+03,9.832877e+01
3.892192e+03,9.832867e+01
3.892674e+03,9.832851e+01
3.893156e+03,9.832835e+01
3.893638e+03,9.832832e+01
3.894120e+03,9.832853e+01
3.894602e+03,9.832918e+01
3.895084e+03,9.833059e+01
3.895566e+03,9.833307e+01
3.896049e+03,9.833679e+01
3.896531e+03,9.834164e+01
3.897013e+03,9.834703e+01
3.897495e+03,9.835176e+01
3.897977e+03,9.835441e+01
3.898459e+03,9.835355e+01
3.898941e+03,9.834860e+01
3.899423e+03,9.834034e+01
3.899906e+03,9.833060e+01
3.900388e+03,9.832175e+01
3.900870e+03,9.831564e+01
3.901352e+03,9.831282e+01
3.901834e+03,9.831247e+01
3.902316e+03,9.831279e+01
3.902798e+03,9.831178e+01
3.903281e+03,9.830818e+01
3.903762e+03,9.830217e+01
3.904245e+03,9.829531e+01
3.904727e+03,9.828960e+01
3.905209e+03,9.828669e+01
3.905691e+03,9.828708e+01
3.906173e+03,9.829014e+01
3.906655e+03,9.829463e+01
3.907137e+03,9.829929e+01
3.907620e+03,9.830296e+01
3.908102e+03,9.830504e+01
3.908584e+03,9.830522e+01
3.909066e+03,9.830365e+01
3.909548e+03,9.830073e+01
3.910030e+03,9.829714e+01
3.910512e+03,9.829390e+01
3.910994e+03,9.829223e+01
3.911477e+03,9.829347e+01
3.911959e+03,9.829867e+01
3.912441e+03,9.830811e+01
3.912923e+03,9.832124e+01
3.913405e+03,9.833645e+01
3.913887e+03,9.835149e+01
3.914369e+03,9.836386e+01
3.914851e+03,9.837144e+01
3.915333e+03,9.837316e+01
3.915816e+03,9.836937e+01
3.916298e+03,9.836190e+01
3.916780e+03,9.835354e+01
3.917262e+03,9.834680e+01
3.917744e+03,9.834313e+01
3.918226e+03,9.834259e+01
3.918708e+03,9.834434e+01
3.919190e+03,9.834729e+01
3.919673e+03,9.835078e+01
3.920155e+03,9.835479e+01
3.920637e+03,9.835986e+01
3.921119e+03,9.836656e+01
3.921601e+03,9.837510e+01
3.922083e+03,9.838499e+01
3.922565e+03,9.839510e+01
3.923048e+03,9.840382e+01
3.923530e+03,9.840948e+01
3.924012e+03,9.841096e+01
3.924494e+03,9.840809e+01
3.924976e+03,9.840186e+01
3.925458e+03,9.839389e+01
3.925940e+03,9.838589e+01
3.926422e+03,9.837908e+01
3.926905e+03,9.837400e+01
3.927387e+03,9.837067e+01
3.927869e+03,9.836871e+01
3.928351e+03,9.836760e+01
3.928833e+03,9.836665e+01
3.929315e+03,9.836541e+01
3.929797e+03,9.836340e+01
3.930279e+03,9.836060e+01
3.930761e+03,9.835710e+01
3.931244e+03,9.835324e+01
3.931726e+03,9.834948e+01
3.932208e+03,9.834622e+01
3.932690e+03,9.834368e+01
3.933172e+03,9.834190e+01
3.933654e+03,9.834084e+01
3.934136e+03,9.834052e+01
3.934618e+03,9.834115e+01
3.935101e+03,9.834299e+01
3.935583e+03,9.834637e+01
3.936065e+03,9.835142e+01
3.936547e+03,9.835789e+01
3.937029e+03,9.836513e+01
3.937511e+03,9.837223e+01
3.937993e+03,9.837822e+01
3.938476e+03,9.838242e+01
3.938958e+03,9.838453e+01
3.939440e+03,9.838464e+01
3.939922e+03,9.838302e+01
3.940404e+03,9.838003e+01
3.940886e+03,9.837582e+01
3.941368e+03,9.837051e+01
3.941850e+03,9.836427e+01
3.942333e+03,9.835743e+01
3.942815e+03,9.835074e+01
3.943297e+03,9.834503e+01
3.943779e+03,9.834104e+01
3.944261e+03,9.833907e+01
3.944743e+03,9.833896e+01
3.945225e+03,9.834010e+01
3.945707e+03,9.834171e+01
3.946189e+03,9.834305e+01
3.946672e+03,9.834359e+01
3.947154e+03,9.834322e+01
3.947636e+03,9.834212e+01
3.948118e+03,9.834063e+01
3.948600e+03,9.833897e+01
3.949082e+03,9.833710e+01
3.949564e+03,9.833473e+01
3.950046e+03,9.833161e+01
3.950529e+03,9.832758e+01
3.951011e+03,9.832288e+01
3.951493e+03,9.831808e+01
3.951975e+03,9.831410e+01
3.952457e+03,9.831171e+01
3.952939e+03,9.831149e+01
3.953421e+03,9.831356e+01
3.953904e+03,9.831760e+01
3.954385e+03,9.832289e+01
3.954868e+03,9.832837e+01
3.955350e+03,9.833300e+01
3.955832e+03,9.833590e+01
3.956314e+03,9.833652e+01
3.956796e+03,9.833479e+01
3.957278e+03,9.833120e+01
3.957760e+03,9.832658e+01
3.958243e+03,9.832197e+01
3.958725e+03,9.831835e+01
3.959207e+03,9.831648e+01
3.959689e+03,9.831661e+01
3.960171e+03,9.831857e+01
3.960653e+03,9.832169e+01
3.961135e+03,9.832529e+01
3.961617e+03,9.832866e+01
3.962100e+03,9.833134e+01
3.962582e+03,9.833318e+01
3.963064e+03,9.833435e+01
3.963546e+03,9.833509e+01
3.964028e+03,9.833572e+01
3.964510e+03,9.833648e+01
3.964992e+03,9.833755e+01
3.965474e+03,9.833902e+01
3.965957e+03,9.834097e+01
3.966439e+03,9.834337e+01
3.966921e+03,9.834615e+01
3.967403e+03,9.834907e+01
3.967885e+03,9.835188e+01
3.968367e+03,9.835430e+01
3.968849e+03,9.835619e+01
3.969332e+03,9.835748e+01
3.969813e+03,9.835831e+01
3.970296e+03,9.835863e+01
3.970778e+03,9.835839e+01
3.971260e+03,9.835732e+01
3.971742e+03,9.835501e+01
3.972224e+03,9.835117e+01
3.972706e+03,9.834587e+01
3.973188e+03,9.833985e+01
3.973671e+03,9.833422e+01
3.974153e+03,9.833040e+01
3.974635e+03,9.832961e+01
3.975117e+03,9.833239e+01
3.975599e+03,9.833838e+01
3.976081e+03,9.834635e+01
3.976563e+03,9.835463e+01
3.977045e+03,9.836159e+01
3.977528e+03,9.836607e+01
3.978010e+03,9.836766e+01
3.978492e+03,9.836669e+01
3.978974e+03,9.836398e+01
3.979456e+03,9.836044e+01
3.979938e+03,9.835683e+01
3.980420e+03,9.835369e+01
3.980902e+03,9.835132e+01
3.981385e+03,9.834991e+01
3.981867e+03,9.834961e+01
3.982349e+03,9.835059e+01
3.982831e+03,9.835286e+01
3.983313e+03,9.835616e+01
3.983795e+03,9.835980e+01
3.984277e+03,9.836288e+01
3.984760e+03,9.836436e+01
3.985242e+03,9.836348e+01
3.985724e+03,9.835991e+01
3.986206e+03,9.835400e+01
3.986688e+03,9.834656e+01
3.987170e+03,9.833884e+01
3.987652e+03,9.833203e+01
3.988134e+03,9.832708e+01
3.988616e+03,9.832446e+01
3.989099e+03,9.832413e+01
3.989581e+03,9.832565e+01
3.990063e+03,9.832828e+01
3.990545e+03,9.833116e+01
3.991027e+03,9.833368e+01
3.991509e+03,9.833547e+01
3.991991e+03,9.833645e+01
3.992473e+03,9.833685e+01
3.992956e+03,9.833701e+01
3.993438e+03,9.833718e+01
3.993920e+03,9.833743e+01
3.994402e+03,9.833757e+01
3.994884e+03,9.833727e+01
3.995366e+03,9.833614e+01
3.995848e+03,9.833401e+01
3.996330e+03,9.833122e+01
3.996812e+03,9.832840e+01
3.997295e+03,9.832648e+01
3.997777e+03,9.832637e+01
3.998259e+03,9.832867e+01
3.998741e+03,9.833343e+01
3.999223e+03,9.834011e+01
3.999705e+03,9.834779e+01
4.000188e+03,9.835545e+01
